ticker,sector,group,rs_rating,last_close,six_month_change,history,shariah_status,shariah_reason,debt_to_market_cap
BA,AEROSPACE,AEROSPACE-DEFENSE,,,,,QUESTIONABLE,"Boeing — commercial + defense, debt ratio borderline",
LMT,AEROSPACE,AEROSPACE-DEFENSE,61,582.739990234375,-0.0019868043244953837,587.98;615.22;628.55;595.70;616.28;622.19;629.96;641.97;658.70;652.88;639.92;650.37;663.48;650.74;659.83;645.25;641.80;632.19;633.36;612.24;620.14;611.83;600.46;618.74;623.62;619.81;615.66;607.13;588.34;568.23;526.34;510.01;506.49;509.43;505.62;509.08;508.92;516.56;512.65;523.20;519.39;529.43;533.72;516.50;512.03;523.76;530.13;548.68;530.36;532.32;493.60;491.64;507.40;509.46;545.91;535.38;518.26;520.68;514.46;508.77;507.09;568.59;580.00;569.20;582.74,QUESTIONABLE,"Defense — scholar-disputed, financials typically pass AAOIFI",
RTX,AEROSPACE,AEROSPACE-DEFENSE,77,215.22000122070312,0.10669279377619478,199.78;198.39;199.59;195.28;197.18;193.74;199.64;201.98;203.88;201.08;195.17;201.78;205.66;203.01;207.37;206.40;203.67;202.49;199.90;194.01;194.19;188.92;192.10;195.40;197.10;202.35;200.57;197.57;195.61;186.39;178.56;172.66;172.07;173.27;172.15;176.05;177.87;177.37;170.47;173.77;175.25;178.97;178.96;174.41;172.55;180.99;181.56;184.21;183.64;192.58;181.83;185.06;187.99;189.73;199.25;200.85;195.20;196.39;195.89;193.51;193.67;209.16;218.42;215.25;215.22,QUESTIONABLE,Defense — scholar-disputed,
NOC,AEROSPACE,AEROSPACE-DEFENSE,23,542.47998046875,-0.18773664000122825,673.61;690.09;679.84;684.54;703.75;679.82;689.81;695.82;731.30;722.21;700.57;721.21;755.78;736.77;744.07;729.97;730.49;720.86;711.02;677.02;688.18;676.02;679.25;699.42;687.47;687.54;678.32;675.62;662.34;608.45;585.08;572.76;569.90;565.65;556.15;549.85;545.81;549.38;538.32;553.90;549.16;554.36;556.84;539.22;526.06;544.40;548.67;552.52;544.73;550.15;507.33;503.01;500.03;509.31;549.01;549.04;532.23;541.82;525.22;521.57;512.29;533.48;547.58;535.05;542.48,QUESTIONABLE,Defense — scholar-disputed,
GD,AEROSPACE,AEROSPACE-DEFENSE,67,383.4200134277344,0.06503780683322935,363.33;346.81;343.26;350.19;356.83;355.61;337.69;339.44;351.16;345.84;340.06;353.84;361.42;357.46;358.73;350.67;348.36;353.09;346.49;344.25;349.33;343.64;340.14;345.95;345.30;340.81;339.27;337.40;334.82;324.09;317.31;311.16;337.25;344.32;347.63;346.24;342.52;339.86;333.03;338.65;337.23;343.13;347.43;337.71;335.56;344.92;344.17;357.29;357.95;361.24;341.86;342.81;345.19;352.69;373.54;374.64;374.60;372.78;365.63;368.58;367.73;381.79;389.14;380.96;383.42,QUESTIONABLE,Defense — scholar-disputed,
TXT,AEROSPACE,AEROSPACE-DEFENSE,29,85.26000213623047,-0.10213864757090851,94.19;87.78;87.52;90.69;95.40;95.83;98.71;99.66;98.99;98.76;96.60;98.61;98.51;96.36;94.10;93.23;91.03;91.47;88.67;89.01;90.69;87.45;87.54;88.03;87.66;91.39;93.09;90.47;91.59;90.77;90.35;88.46;89.76;94.70;91.61;91.57;91.64;91.36;88.75;88.16;90.22;92.66;91.90;89.57;91.36;91.06;93.27;93.73;93.75;92.69;86.94;86.54;91.22;91.73;92.50;91.58;90.43;89.42;88.75;91.48;90.53;93.19;96.13;85.65;85.26,QUESTIONABLE,Group classification: AEROSPACE-DEFENSE,
TDG,AEROSPACE,AEROSPACE-DEFENSE,28,1254.3800048828125,-0.1161295833030851,1427.18;1422.00;1435.52;1264.79;1285.53;1311.95;1295.97;1302.11;1330.13;1296.15;1295.12;1302.79;1326.34;1294.96;1277.93;1258.34;1214.66;1232.51;1191.94;1152.97;1156.49;1140.03;1158.96;1167.00;1169.57;1225.52;1233.11;1274.69;1265.88;1205.67;1165.76;1158.36;1142.74;1154.45;1191.33;1241.98;1198.67;1201.40;1148.97;1179.08;1209.32;1226.00;1265.06;1238.41;1211.57;1238.74;1257.24;1257.59;1277.35;1316.75;1295.90;1322.67;1324.56;1332.04;1348.49;1329.63;1295.71;1235.00;1232.18;1214.43;1205.49;1213.83;1286.27;1264.60;1254.38,QUESTIONABLE,Group classification: AEROSPACE-DEFENSE,
HEI,AEROSPACE,AEROSPACE-DEFENSE,68,356.3599853515625,0.06602697036721361,338.44;331.84;332.14;324.36;326.55;323.24;328.33;337.09;345.86;346.14;344.59;319.34;326.59;307.25;310.18;306.73;288.34;292.10;277.06;279.54;278.99;273.29;274.10;271.67;275.28;293.11;293.68;292.25;291.46;275.92;268.64;266.02;260.89;268.24;277.23;289.49;289.66;291.69;288.73;292.26;301.09;308.75;344.94;333.13;328.99;331.31;326.30;339.10;336.06;337.21;331.03;335.18;345.08;356.06;362.09;358.02;352.13;344.11;351.59;342.66;340.40;340.54;357.15;355.23;356.36,QUESTIONABLE,Group classification: AEROSPACE-DEFENSE,
LHX,AEROSPACE,AEROSPACE-DEFENSE,20,277.05999755859375,-0.21305929319153893,357.84;353.35;337.69;336.53;347.04;342.49;337.35;343.99;356.01;352.48;338.49;361.81;365.24;357.40;369.76;362.79;357.51;367.37;362.23;344.09;350.60;341.62;343.76;354.56;352.57;356.53;356.51;354.48;348.94;338.93;328.89;319.17;320.10;312.11;301.43;299.96;301.13;303.70;302.17;306.91;305.09;312.21;313.51;308.34;302.23;307.83;308.17;312.17;304.17;313.17;285.83;287.27;291.25;290.59;302.07;295.40;289.87;288.69;286.82;282.01;277.71;299.67;303.48;297.53;277.06,QUESTIONABLE,L3Harris — defense,
HII,AEROSPACE,AEROSPACE-DEFENSE,36,326.45001220703125,-0.21428526833264028,419.66;424.66;417.19;410.08;394.83;396.41;403.75;414.74;439.86;434.77;432.36;442.61;438.44;419.36;427.73;411.92;413.92;421.12;416.62;394.86;400.83;380.15;378.27;394.91;400.55;401.64;392.76;396.42;393.11;376.58;368.55;356.86;360.61;359.05;324.73;313.37;316.38;332.78;324.77;323.20;316.18;319.57;319.52;296.41;287.54;293.04;297.52;300.95;299.66;296.89;278.19;279.62;281.99;279.89;291.50;289.46;286.21;284.86;277.79;269.13;268.76;287.09;288.25;280.40;326.45,QUESTIONABLE,Huntington Ingalls — naval defense,
KTOS,AEROSPACE,AEROSPACE-DEFENSE,4,46.599998474121094,-0.5778603249227765,118.06;108.16;96.16;91.33;94.41;93.48;87.05;91.97;105.67;94.31;88.23;86.18;88.95;85.54;92.47;88.92;87.53;95.31;92.78;83.69;79.98;71.94;70.51;67.31;71.96;68.33;73.55;74.66;70.99;68.55;65.52;63.16;59.56;62.05;59.31;57.00;56.99;52.49;52.09;53.47;54.67;56.80;65.19;63.49;58.43;58.52;56.19;58.78;57.02;56.16;51.09;47.95;47.21;49.86;55.35;50.34;48.85;46.96;49.68;46.03;48.21;49.44;49.45;43.88;46.60,QUESTIONABLE,Group classification: AEROSPACE-DEFENSE,
MRCY,AEROSPACE,AEROSPACE-DEFENSE,83,97.0999984741211,-0.019687072363014035,101.04;98.29;93.89;77.12;82.20;84.36;80.25;83.32;89.86;85.90;89.30;89.03;89.43;84.96;89.36;86.00;78.16;81.35;77.81;78.29;78.71;71.40;72.91;74.22;77.53;79.23;82.52;85.51;84.05;83.36;78.91;77.06;74.75;78.55;82.96;88.06;91.95;92.50;92.03;92.80;96.36;99.32;108.11;111.28;111.59;111.27;108.82;119.32;115.93;115.50;111.76;105.00;109.38;122.33;126.21;115.83;114.25;98.26;102.97;96.08;98.64;106.34;103.80;90.17;97.10,QUESTIONABLE,Group classification: AEROSPACE-DEFENSE,
AVAV,AEROSPACE,AEROSPACE-DEFENSE,3,149.3699951171875,-0.5146385211464257,309.57;293.22;269.99;257.30;257.20;263.26;235.12;262.99;281.67;261.33;255.22;252.25;228.30;220.56;227.29;207.73;207.07;222.51;211.35;206.27;199.02;184.43;183.05;184.36;186.85;177.70;194.39;198.42;191.42;210.07;201.91;195.74;183.50;184.97;166.69;168.18;166.45;160.99;158.00;160.23;163.09;182.26;214.39;204.09;191.47;185.92;176.51;183.69;171.95;167.11;151.33;142.18;137.95;165.07;190.89;162.53;148.40;141.80;141.22;142.20;148.84;158.73;154.24;142.12;149.37,QUESTIONABLE,Group classification: AEROSPACE-DEFENSE,
HWM,AEROSPACE,AEROSPACE-DEFENSE EQUIPMENT,82,282.260009765625,0.31484055609117845,215.31;208.72;207.00;208.40;223.06;224.37;244.68;252.44;251.19;256.93;259.53;262.41;258.73;252.28;254.03;251.54;236.65;240.13;232.84;235.94;241.51;227.80;230.36;232.58;235.92;253.95;256.03;253.93;255.58;247.61;246.05;241.59;236.42;239.40;242.58;272.42;273.58;273.10;260.35;253.12;259.89;261.89;259.89;255.52;248.63;251.90;257.16;264.60;270.44;283.23;280.36;276.06;268.87;268.86;270.41;275.43;273.77;271.28;279.24;272.43;279.00;287.09;287.94;272.79;282.26,QUESTIONABLE,Group classification: AEROSPACE-DEFENSE EQUIPMENT,
WWD,AEROSPACE,AEROSPACE-DEFENSE EQUIPMENT,66,360.75,0.10503617782126895,328.87;318.86;326.69;372.67;387.83;390.86;379.78;386.46;390.57;392.42;393.23;386.41;385.21;386.24;384.21;385.56;356.48;366.92;367.66;361.33;371.75;350.85;357.60;371.45;374.83;392.18;398.87;392.76;394.48;379.94;367.19;366.30;360.66;362.66;365.25;370.44;369.92;369.45;348.90;344.54;355.76;361.25;354.96;341.76;350.03;357.74;380.75;388.21;402.50;434.83;426.82;432.80;431.62;425.44;418.02;404.84;403.48;396.93;401.99;392.88;406.87;411.94;419.76;385.42;360.75,QUESTIONABLE,Group classification: AEROSPACE-DEFENSE EQUIPMENT,
CW,AEROSPACE,AEROSPACE-DEFENSE EQUIPMENT,67,724.0,0.11618908605296241,659.73;663.45;663.54;624.50;648.88;645.06;670.60;687.53;702.07;698.76;698.24;699.85;701.51;678.22;705.98;692.11;655.57;679.11;691.15;688.07;701.77;663.33;680.89;694.64;699.64;722.27;733.76;731.69;735.40;719.26;725.25;716.91;695.99;712.90;728.70;724.18;728.33;750.74;712.48;704.71;726.63;750.40;747.47;719.74;733.63;732.89;733.32;756.97;762.59;777.29;783.82;762.92;747.27;757.76;760.23;766.54;759.71;740.06;751.64;707.84;722.09;750.03;743.83;679.41;724.00,QUESTIONABLE,Group classification: AEROSPACE-DEFENSE EQUIPMENT,
MOG-A,AEROSPACE,AEROSPACE-DEFENSE EQUIPMENT,93,389.8500061035156,0.3395006795227058,287.10;287.46;315.32;321.42;323.59;322.46;322.50;324.88;338.47;344.42;345.75;337.11;339.97;319.35;315.78;314.27;301.30;306.74;304.08;296.37;305.66;288.11;292.36;289.74;297.77;318.04;314.17;313.49;322.44;307.56;305.71;307.53;301.73;300.23;310.38;315.99;312.67;307.89;303.61;304.15;314.95;342.61;356.94;369.05;373.94;368.25;385.23;405.44;398.03;411.37;403.30;404.90;425.36;423.84;417.42;412.01;408.46;392.00;396.19;393.31;405.38;409.65;417.42;389.87;389.85,QUESTIONABLE,Group classification: AEROSPACE-DEFENSE EQUIPMENT,
AIR,AEROSPACE,AEROSPACE-DEFENSE EQUIPMENT,90,140.0399932861328,0.3253831954612396,105.47;106.67;108.00;107.13;113.09;113.11;113.22;113.54;115.55;116.69;117.06;117.17;116.84;110.71;107.87;108.32;101.91;108.76;109.21;103.49;118.52;107.25;109.46;109.78;113.86;123.04;123.77;122.75;123.04;116.54;112.08;110.20;105.69;110.35;111.90;117.82;117.57;107.47;104.55;100.89;108.44;112.74;114.97;109.99;111.36;116.65;120.13;127.23;131.18;132.14;134.28;132.94;143.14;142.93;140.11;136.63;136.57;130.90;135.73;135.34;141.40;129.47;136.92;135.40;140.04,QUESTIONABLE,Group classification: AEROSPACE-DEFENSE EQUIPMENT,
TGI,AEROSPACE,AEROSPACE-DEFENSE EQUIPMENT,,,,,QUESTIONABLE,Group classification: AEROSPACE-DEFENSE EQUIPMENT,
ATRO,AEROSPACE,AEROSPACE-DEFENSE EQUIPMENT,93,69.48999786376953,0.14056809431051032,62.61;61.29;61.69;59.35;61.12;59.55;60.57;61.43;62.95;60.89;62.92;64.34;60.40;60.27;59.33;58.41;51.02;56.07;54.59;52.70;54.57;51.70;53.26;55.74;57.33;58.89;59.32;60.86;61.43;60.56;58.12;58.59;53.46;56.83;58.88;62.21;60.49;63.92;62.72;63.35;63.76;67.39;70.37;67.92;66.65;67.61;67.51;75.66;75.69;80.06;81.85;84.86;84.32;81.26;70.83;70.19;71.86;72.03;71.46;67.26;69.00;71.00;70.24;65.14;69.49,QUESTIONABLE,Group classification: AEROSPACE-DEFENSE EQUIPMENT,
ADM,AGRICULTURE,AGRICULTURAL OPERATIONS,73,79.2699966430664,0.19084659510942759,67.28;65.98;67.13;66.40;65.40;67.66;68.53;68.12;68.41;67.25;67.01;68.59;67.54;66.09;67.48;70.37;71.51;71.65;68.19;67.54;71.19;71.76;72.21;73.35;71.68;69.89;69.36;66.51;66.60;69.37;69.57;70.08;73.78;74.45;78.67;77.02;79.32;82.35;79.87;78.87;77.12;78.01;80.04;82.62;84.11;80.92;80.12;78.90;79.27;76.50;76.29;75.08;76.79;76.40;76.79;78.20;78.98;82.04;82.30;85.90;86.20;86.35;83.19;80.38;79.27,HALAL,"Business activity permissible — debt ratio not verified, cross-check Musaffa/Zoya",
BG,AGRICULTURE,AGRICULTURAL OPERATIONS,42,106.2300033569336,-0.05384858496678535,114.80;113.81;112.65;115.86;114.51;116.99;120.32;121.15;122.75;120.59;120.65;119.93;115.92;112.52;118.08;121.99;123.98;125.21;121.31;120.10;124.65;127.95;126.44;128.65;126.27;122.23;122.76;119.28;118.55;125.08;125.66;123.30;125.56;123.87;129.60;123.01;125.39;125.27;121.72;121.53;119.74;120.10;123.70;129.97;131.41;126.46;126.68;125.28;123.00;116.14;111.42;108.99;110.54;106.73;106.46;110.91;113.62;117.40;115.72;119.15;121.55;122.30;117.50;107.78;106.23,HALAL,"Business activity permissible — debt ratio not verified, cross-check Musaffa/Zoya",
CALM,AGRICULTURE,AGRICULTURAL OPERATIONS,43,87.77999877929688,0.1049829347340252,82.39;82.12;83.52;86.27;82.15;81.26;82.83;80.86;83.20;83.74;84.04;86.71;87.59;88.94;87.40;87.77;87.45;86.22;80.89;76.72;77.75;76.77;78.79;77.74;76.89;77.36;75.62;74.68;76.25;76.67;75.83;77.42;75.07;76.25;76.87;75.74;75.45;79.51;76.88;78.57;76.92;76.00;76.49;75.14;75.35;75.65;77.69;79.87;79.57;78.30;75.97;79.03;80.23;80.56;83.85;85.41;85.35;83.41;85.36;88.55;87.25;88.14;88.72;93.50;87.78,HALAL,"Business activity permissible — debt ratio not verified, cross-check Musaffa/Zoya",
FDP,AGRICULTURE,AGRICULTURAL OPERATIONS,,,,;;;;;;;;;;;;;;;;;;;;;;;;;;;;;;;;;;;;;;;;;;;;;;;;;;;;;;;;;;;29.33;;;;;,HALAL,"Business activity permissible — debt ratio not verified, cross-check Musaffa/Zoya",
ANDE,AGRICULTURE,AGRICULTURAL OPERATIONS,81,70.77999877929688,0.19902150245448302,60.28;62.08;62.82;64.30;66.48;67.14;68.25;66.63;64.49;64.12;64.02;64.92;65.22;63.21;65.34;67.40;70.34;69.54;68.17;67.25;72.77;72.77;71.37;73.20;72.82;74.00;73.83;70.42;71.90;75.48;76.48;75.75;77.37;78.89;79.06;70.60;71.37;71.41;71.25;69.73;70.06;71.14;71.21;72.45;72.70;72.60;71.93;70.43;69.67;68.57;70.65;70.45;70.87;68.20;66.30;68.00;70.99;74.79;75.20;79.24;77.85;78.25;74.60;70.17;70.78,HALAL,"Business activity permissible — debt ratio not verified, cross-check Musaffa/Zoya",
VITL,AGRICULTURE,AGRICULTURAL OPERATIONS,4,12.729999542236328,-0.551444682217092,27.80;28.13;27.44;26.82;26.85;26.15;27.71;28.24;27.55;25.57;24.79;21.09;20.30;19.89;19.10;17.62;17.21;15.70;15.33;13.69;13.54;13.14;14.12;12.59;13.55;12.99;12.75;12.26;12.29;13.13;12.73;13.17;12.10;14.18;12.80;9.52;8.74;8.33;8.48;9.17;9.24;9.87;10.45;10.07;9.87;10.04;10.48;11.00;10.61;10.85;10.08;11.11;11.19;11.63;12.76;13.15;12.96;12.78;13.59;13.55;13.11;12.75;13.29;13.68;12.73,HALAL,"Business activity permissible — debt ratio not verified, cross-check Musaffa/Zoya",
STZ,ALCOHOL_TOBACCO,BEVERAGES-ALCOHOLIC,,,,,HARAM,Group classification: BEVERAGES-ALCOHOLIC,
TAP,ALCOHOL_TOBACCO,BEVERAGES-ALCOHOLIC,21,41.560001373291016,-0.13899433870485278,47.40;46.53;47.37;50.19;50.63;50.89;53.19;49.79;47.29;48.39;46.47;47.92;47.01;46.07;45.47;44.44;43.09;42.10;41.78;41.44;40.78;42.89;42.55;43.52;44.52;44.15;44.12;43.79;44.06;43.07;42.36;42.09;41.91;41.64;41.69;42.62;40.95;40.93;40.36;41.45;42.03;40.74;40.09;39.03;38.62;39.06;40.52;40.93;40.89;39.05;39.64;40.53;41.48;38.96;39.78;39.27;38.74;39.88;39.61;40.93;40.86;40.04;41.13;42.76;41.56,HARAM,Group classification: BEVERAGES-ALCOHOLIC,
BUD,ALCOHOL_TOBACCO,BEVERAGES-ALCOHOLIC,76,86.4800033569336,0.25592342075076147,69.22;70.24;71.39;73.39;74.70;74.61;79.03;78.13;77.62;78.83;77.44;79.77;75.44;72.63;72.09;71.60;71.33;71.47;68.26;67.55;68.19;66.58;68.36;70.26;70.50;74.09;74.54;74.17;74.65;71.72;71.16;72.24;71.74;74.45;79.19;79.08;79.86;80.15;80.92;81.91;83.36;82.46;81.98;80.02;79.04;78.50;81.02;82.27;81.48;80.68;80.83;84.43;85.09;82.40;81.33;79.74;79.34;79.33;79.91;80.57;81.55;80.48;80.87;84.87;86.48,HARAM,Group classification: BEVERAGES-ALCOHOLIC,
DEO,ALCOHOL_TOBACCO,BEVERAGES-ALCOHOLIC,33,88.05999755859375,-0.027773016308483944,87.88;90.13;91.07;96.29;95.91;98.09;99.05;95.49;95.52;98.88;85.29;88.61;83.28;81.49;81.25;78.88;76.60;76.04;73.85;73.39;73.31;73.33;73.71;72.59;73.38;77.75;78.46;78.86;81.88;81.60;79.37;79.00;77.40;79.70;80.34;83.43;82.01;80.69;81.69;84.29;85.98;85.01;84.59;79.87;78.67;80.43;80.41;81.12;80.29;78.84;79.59;82.97;83.51;80.38;82.16;82.84;80.61;82.50;82.21;84.00;83.55;82.26;85.16;89.16;88.06,HARAM,Group classification: BEVERAGES-ALCOHOLIC,
SAM,ALCOHOL_TOBACCO,BEVERAGES-ALCOHOLIC,12,183.1999969482422,-0.16851996811257308,219.18;209.74;213.29;235.66;246.76;247.52;246.40;231.71;231.49;224.16;217.76;226.78;226.27;231.18;230.78;231.99;231.50;230.40;231.79;221.62;224.27;229.76;230.40;240.83;250.67;260.05;243.13;244.51;245.33;244.59;240.43;240.15;236.49;214.30;206.25;203.01;188.54;179.19;174.73;178.79;186.03;181.63;180.45;167.36;163.76;164.72;174.99;179.62;182.66;171.91;177.61;182.84;191.87;177.03;183.62;183.16;174.86;172.39;170.00;178.80;170.98;174.51;183.60;187.07;183.20,HARAM,Group classification: BEVERAGES-ALCOHOLIC,
MNST,ALCOHOL_TOBACCO,BEVERAGES-ALCOHOLIC,84,96.37999725341797,0.17536582016363367,81.41;80.04;81.10;81.44;82.54;80.17;81.17;82.90;81.99;84.69;85.41;85.30;78.99;76.70;75.73;77.52;77.11;77.59;73.74;73.96;73.21;71.83;72.46;72.37;72.44;76.19;75.17;74.93;76.72;75.27;77.56;76.86;76.89;77.12;75.80;75.97;86.41;85.93;87.09;86.35;86.32;87.42;87.99;89.10;89.04;89.55;90.15;92.03;93.23;91.66;93.02;94.70;96.38;96.12;97.60;96.92;96.55;97.07;97.57;97.50;94.46;93.56;95.33;97.23;96.38,HARAM,Group classification: BEVERAGES-ALCOHOLIC,
PM,ALCOHOL_TOBACCO,TOBACCO,63,190.82000732421875,0.1219486855866021,175.84;174.87;176.88;177.32;179.70;179.58;185.74;180.53;180.38;184.04;186.57;183.65;174.91;166.82;170.31;164.00;171.69;169.89;162.03;161.90;164.14;162.20;163.98;156.80;156.20;159.92;161.41;155.90;156.49;151.99;167.80;159.58;161.37;165.01;168.07;169.70;180.61;186.36;188.05;189.99;186.91;180.04;177.10;171.24;174.49;176.82;177.02;179.28;180.32;177.96;171.75;177.31;180.77;180.91;182.27;187.79;181.17;180.19;180.88;192.98;188.04;191.12;195.66;198.44;190.82,HARAM,Group classification: TOBACCO,
MO,ALCOHOL_TOBACCO,TOBACCO,54,68.33000183105469,0.1389750057927024,61.65;57.91;60.30;63.14;63.37;62.41;64.93;64.48;65.88;66.84;67.54;66.90;66.76;64.91;64.96;64.29;65.79;64.90;63.05;62.40;62.84;65.50;65.02;64.79;65.27;66.47;65.83;63.47;63.22;63.70;66.16;65.03;67.20;73.45;71.72;68.02;67.60;70.49;72.01;72.91;72.62;71.30;70.91;67.64;69.26;71.13;70.51;70.36;69.59;68.95;69.51;72.07;73.79;71.95;72.71;72.96;71.59;71.87;70.52;74.21;72.99;72.08;72.89;74.92;68.33,HARAM,Group classification: TOBACCO,
BTI,ALCOHOL_TOBACCO,TOBACCO,58,60.650001525878906,0.054559106157108905,58.66;58.54;59.29;59.91;61.05;58.51;58.92;57.27;59.29;60.37;61.27;60.90;58.73;56.96;56.71;57.51;58.26;58.86;57.08;56.31;56.82;57.01;57.67;57.48;57.99;58.04;57.88;55.90;55.90;54.08;56.49;56.53;56.66;57.90;58.59;57.28;59.61;64.45;64.20;65.15;64.83;64.05;62.06;60.16;57.82;58.90;59.13;60.55;60.22;58.67;58.09;60.55;61.90;60.91;60.92;60.95;60.03;58.95;58.73;62.84;61.42;59.84;60.82;63.07;60.65,HARAM,Group classification: TOBACCO,
TPB,ALCOHOL_TOBACCO,TOBACCO,16,74.61000061035156,-0.36475964293233143,121.63;121.10;124.83;126.88;129.72;127.21;128.88;132.36;132.03;135.47;142.70;136.72;107.36;92.22;92.70;90.67;90.44;92.49;85.28;87.16;88.30;85.28;86.70;72.09;71.52;81.75;83.16;80.91;81.35;70.52;75.12;79.80;77.10;82.52;80.87;90.13;92.62;89.71;89.47;89.15;91.43;89.22;88.26;81.99;86.15;86.46;81.03;80.85;81.97;79.48;75.45;84.74;87.02;84.81;85.94;87.61;88.05;80.92;79.92;82.84;79.56;73.10;78.65;76.43;74.61,HARAM,Group classification: TOBACCO,
RL,APPAREL,APPAREL-CLOTHING MFG,56,380.3399963378906,0.0406834970459089,355.94;353.25;354.70;352.87;341.12;354.34;361.18;368.59;374.89;363.15;375.12;360.73;359.01;351.59;342.34;337.20;329.02;347.41;338.45;337.36;344.14;327.02;343.15;347.17;348.68;384.20;376.06;368.46;385.94;385.83;370.24;369.48;358.57;361.33;359.14;352.69;342.26;330.81;326.01;319.91;373.99;380.85;369.87;365.42;358.55;365.66;390.21;392.34;411.35;402.87;409.92;413.24;411.16;401.41;398.22;395.31;387.58;374.49;374.08;380.45;382.93;371.69;379.94;375.68;380.34,HALAL,"Business activity permissible — debt ratio not verified, cross-check Musaffa/Zoya",
PVH,APPAREL,APPAREL-CLOTHING MFG,54,86.66000366210938,0.41391056365597456,62.30;62.10;62.74;65.59;66.06;68.47;68.08;69.26;69.60;69.05;68.61;68.53;66.50;65.62;64.53;61.01;60.85;63.45;63.97;66.28;67.05;66.37;69.73;77.08;82.60;91.05;88.98;87.16;94.13;98.77;95.31;93.35;90.96;91.60;88.29;88.59;83.27;80.26;79.42;79.39;86.68;94.38;96.75;93.35;98.00;77.80;79.92;81.81;83.26;76.42;77.97;72.71;74.38;74.26;75.23;77.05;77.29;77.78;78.67;78.15;78.65;77.80;83.93;88.34;86.66,HALAL,"Business activity permissible — debt ratio not verified, cross-check Musaffa/Zoya",
TPR,APPAREL,APPAREL-CLOTHING MFG,71,152.3699951171875,0.17821281130568534,126.84;126.63;128.96;129.20;151.26;152.34;151.82;153.00;151.46;152.13;156.05;154.61;153.57;148.78;145.09;145.01;141.70;142.75;142.39;144.01;145.76;138.44;140.71;140.80;139.80;152.19;149.54;150.94;155.41;150.07;146.03;146.05;141.20;142.33;140.99;130.15;132.96;132.32;128.95;131.26;138.71;140.22;144.98;138.41;139.21;140.10;145.62;145.39;150.99;145.87;149.20;149.75;146.00;146.38;144.21;146.30;139.93;136.13;140.26;141.46;142.16;139.13;147.43;150.11;152.37,HALAL,"Business activity permissible — debt ratio not verified, cross-check Musaffa/Zoya",
CPRI,APPAREL,APPAREL-CLOTHING MFG,8,15.930000305175781,-0.3542764387551284,23.89;22.96;23.14;20.75;20.18;20.18;19.97;20.38;21.35;20.47;20.26;20.51;18.97;18.69;18.32;17.86;18.58;18.53;18.54;18.29;18.32;17.27;17.62;17.96;18.42;19.82;20.07;19.77;20.90;21.18;20.74;20.36;19.30;19.63;18.60;18.69;17.64;17.18;17.26;17.10;18.38;18.50;19.74;18.40;18.44;18.87;19.94;20.85;21.06;19.73;19.46;19.13;19.38;18.57;18.96;19.42;18.08;17.47;16.51;16.38;15.93;15.54;15.88;15.83;15.93,HALAL,"Business activity permissible — debt ratio not verified, cross-check Musaffa/Zoya",
LEVI,APPAREL,APPAREL-CLOTHING MFG,64,24.520000457763672,0.1767251294228651,20.85;20.15;19.31;19.91;20.16;21.63;21.49;21.56;21.97;21.49;21.86;21.88;20.51;20.03;18.62;18.06;17.69;18.44;18.10;18.39;18.25;18.03;18.26;18.66;19.46;22.48;22.05;21.99;22.61;23.07;22.34;22.68;21.75;22.13;22.15;22.60;21.71;21.23;20.84;20.64;21.61;22.89;23.57;23.03;22.47;22.38;23.42;24.08;23.89;23.24;23.46;23.41;24.38;24.67;24.25;24.50;23.68;24.03;23.72;24.20;24.40;24.10;25.53;24.67;24.52,HALAL,"Business activity permissible — debt ratio not verified, cross-check Musaffa/Zoya",
VFC,APPAREL,APPAREL-CLOTHING MFG,19,14.319999694824219,-0.2668902573049975,20.07;19.90;20.30;20.96;20.13;20.69;19.97;19.88;20.59;19.47;19.34;19.22;18.59;18.07;17.09;16.27;15.88;16.50;16.40;16.85;17.12;16.31;16.90;16.78;16.86;18.27;18.34;19.54;20.89;21.38;19.91;19.26;18.15;18.91;18.22;18.96;17.85;17.04;16.59;16.65;16.09;16.62;17.84;16.61;16.32;16.50;16.92;17.49;17.97;16.70;17.03;17.22;17.37;16.68;16.30;16.45;16.53;16.88;17.24;16.98;16.91;16.53;17.12;15.08;14.32,HALAL,"Business activity permissible — debt ratio not verified, cross-check Musaffa/Zoya",
HBI,APPAREL,APPAREL-CLOTHING MFG,,,,,HALAL,"Business activity permissible — debt ratio not verified, cross-check Musaffa/Zoya",
GIL,APPAREL,APPAREL-CLOTHING MFG,25,55.380001068115234,-0.1649794700768591,66.58;65.41;65.99;68.37;70.60;71.35;71.59;71.80;70.46;70.08;70.65;67.49;66.24;65.21;61.08;61.19;58.14;58.23;56.24;56.86;57.65;54.18;55.40;54.20;53.85;57.13;58.74;57.01;59.61;60.23;59.57;57.60;56.00;61.23;59.45;59.13;57.42;56.43;56.23;54.45;58.15;59.87;61.14;59.16;58.18;57.61;59.19;59.70;61.97;53.13;52.09;54.08;52.82;51.60;51.50;52.01;50.89;51.68;52.45;54.08;53.73;49.60;50.68;51.25;55.38,HALAL,"Business activity permissible — debt ratio not verified, cross-check Musaffa/Zoya",
OXM,APPAREL,APPAREL-CLOTHING MFG,,,,,HALAL,"Business activity permissible — debt ratio not verified, cross-check Musaffa/Zoya",
GES,APPAREL,APPAREL-CLOTHING MFG,,,,,HALAL,"Business activity permissible — debt ratio not verified, cross-check Musaffa/Zoya",
NKE,APPAREL,APPAREL-SHOES & RELATED,7,41.709999084472656,-0.34866925474810884,62.12;61.64;61.22;63.23;62.94;62.07;60.16;63.82;64.60;62.12;62.42;61.22;58.86;57.51;56.03;55.21;53.50;54.63;52.97;52.24;52.51;50.91;52.35;43.80;42.31;43.61;42.53;45.04;45.62;45.98;44.38;44.74;44.00;44.01;42.68;44.02;42.01;41.96;41.51;42.04;44.00;44.54;46.95;45.93;43.81;42.98;44.65;45.96;45.20;44.19;43.19;41.82;40.75;41.05;44.09;43.21;42.78;43.76;42.77;43.76;42.96;40.99;42.14;43.22;41.71,HALAL,"Business activity permissible — debt ratio not verified, cross-check Musaffa/Zoya",
DECK,APPAREL,APPAREL-SHOES & RELATED,24,96.87999725341797,-0.03100626124654593,100.16;99.90;116.25;112.25;115.45;115.51;116.02;117.35;118.07;118.17;119.42;117.27;109.86;107.58;104.32;102.72;100.78;104.71;104.91;102.45;100.05;94.05;100.09;98.31;100.26;109.77;108.14;108.87;112.50;110.17;107.71;106.77;101.34;100.88;98.54;102.72;96.65;93.93;93.56;94.27;102.62;111.44;114.31;110.82;107.36;108.13;112.48;114.37;112.50;105.72;105.57;105.70;104.56;99.29;104.69;106.08;104.26;107.80;106.53;106.49;103.31;96.23;97.73;103.54;96.88,HALAL,"Business activity permissible — debt ratio not verified, cross-check Musaffa/Zoya",
CROX,APPAREL,APPAREL-SHOES & RELATED,85,128.00999450683594,0.491436464825052,84.15;82.51;86.88;86.75;85.81;83.48;98.46;99.92;96.48;96.65;93.97;90.71;85.38;83.29;87.16;80.40;77.95;79.43;77.29;79.69;80.09;79.54;83.02;83.66;90.47;101.95;100.22;102.52;105.87;107.35;104.22;103.39;100.14;103.88;102.94;104.08;100.42;96.93;94.94;99.11;108.93;116.03;118.62;119.28;118.48;119.35;127.77;125.87;126.27;124.53;123.80;121.40;127.76;120.64;125.28;124.55;127.13;130.46;133.37;137.13;135.28;132.47;134.54;133.52;128.01,HALAL,"Business activity permissible — debt ratio not verified, cross-check Musaffa/Zoya",
SKX,APPAREL,APPAREL-SHOES & RELATED,,,,,HALAL,"Business activity permissible — debt ratio not verified, cross-check Musaffa/Zoya",
ONON,APPAREL,APPAREL-SHOES & RELATED,17,36.2400016784668,-0.21148819842535005,45.52;45.02;45.94;43.87;43.47;45.30;44.27;46.66;48.02;47.44;46.65;46.48;43.91;43.37;41.18;39.44;37.99;39.79;38.87;39.86;35.16;32.39;34.02;33.03;32.21;34.44;34.19;35.43;36.95;36.73;36.22;35.93;35.33;34.54;34.59;35.65;34.04;35.39;37.26;37.34;39.19;40.32;39.75;39.63;37.52;37.08;38.25;39.21;38.69;37.72;36.21;36.92;37.07;35.42;36.83;36.62;36.77;37.92;37.46;37.20;37.24;34.84;37.06;37.91;36.24,HALAL,"Business activity permissible — debt ratio not verified, cross-check Musaffa/Zoya",
BIRK,APPAREL,APPAREL-SHOES & RELATED,23,38.720001220703125,-0.020986043801984877,38.39;37.72;37.16;38.42;38.45;40.17;39.42;41.22;40.42;38.74;39.66;41.65;41.34;40.19;37.86;36.70;37.43;37.24;35.05;35.33;36.37;34.19;35.83;34.62;34.67;38.72;38.91;37.81;39.54;41.73;40.66;39.41;37.50;38.71;37.42;39.04;39.15;33.07;31.19;32.50;39.67;43.54;44.07;44.90;42.21;42.34;45.20;46.21;47.93;46.95;43.30;45.09;44.42;43.03;45.99;45.56;45.32;44.63;42.86;44.36;42.22;40.61;41.55;41.53;38.72,HALAL,"Business activity permissible — debt ratio not verified, cross-check Musaffa/Zoya",
WWW,APPAREL,APPAREL-SHOES & RELATED,38,19.68000030517578,0.1055411591695039,16.91;17.25;17.97;17.96;18.36;17.97;17.51;17.89;17.70;17.09;17.82;17.46;17.58;16.39;16.51;16.03;15.79;16.40;16.30;16.45;16.66;15.59;16.12;15.85;16.11;17.08;16.91;17.54;17.94;18.39;17.57;17.36;16.81;17.23;16.74;16.91;16.10;15.44;15.26;14.61;16.07;17.06;17.64;17.45;15.90;15.80;16.96;18.11;17.66;16.60;17.22;17.43;17.04;16.43;16.53;17.16;17.36;18.04;18.14;18.37;18.67;18.45;19.07;20.53;19.68,HALAL,"Business activity permissible — debt ratio not verified, cross-check Musaffa/Zoya",
SHOO,APPAREL,APPAREL-SHOES & RELATED,82,46.08000183105469,0.024046917837832416,43.51;43.47;45.17;38.34;35.32;36.53;38.81;39.00;38.73;36.87;35.43;35.71;35.47;34.37;33.26;33.88;31.22;32.88;33.04;33.48;33.83;32.95;33.76;33.83;34.96;38.00;37.44;38.20;39.61;39.21;37.78;37.65;36.79;37.32;37.51;39.45;38.70;38.33;38.60;38.05;41.15;42.55;43.19;42.97;43.59;43.82;44.96;45.89;45.42;42.84;42.73;42.29;43.22;42.10;39.92;39.89;40.32;42.36;43.26;43.42;43.05;42.09;43.53;43.40;46.08,HALAL,"Business activity permissible — debt ratio not verified, cross-check Musaffa/Zoya",
TSLA,AUTO,AUTO MANUFACTURERS,10,311.2099914550781,-0.3069745843605872,430.90;416.56;421.81;406.01;411.11;425.21;417.07;410.63;411.71;399.83;417.40;402.51;392.43;405.55;398.68;407.82;391.20;399.27;380.30;380.85;385.95;361.83;371.75;360.59;346.65;345.62;352.42;391.95;400.62;386.42;373.72;378.67;372.80;390.82;389.37;411.79;445.00;445.27;422.24;404.11;417.85;433.59;442.10;415.88;423.70;391.00;396.68;399.15;411.15;396.38;405.05;375.53;379.71;420.60;393.45;402.90;406.55;394.76;394.46;380.84;378.93;319.69;309.22;298.32;311.21,HALAL,"Auto manufacturer — halal core; financing arm small — debt ratio not verified, cross-check Musaffa/Zoya",
F,AUTO,AUTO MANUFACTURERS,72,14.680000305175781,0.10811469207086355,13.61;13.68;13.49;13.50;13.48;13.26;13.68;13.95;13.61;13.47;14.25;13.91;12.54;12.19;12.04;11.96;11.52;11.79;11.50;11.61;11.52;11.23;11.40;11.46;11.38;12.09;12.01;12.55;12.71;12.62;12.32;12.33;12.09;11.73;11.54;12.03;11.90;13.57;13.40;13.06;13.67;15.32;16.65;16.63;15.71;14.90;14.95;14.71;14.77;13.96;14.11;13.84;14.13;13.90;13.36;13.56;13.61;13.85;14.18;14.23;14.27;14.15;14.68;15.28;14.68,QUESTIONABLE,Ford — high debt ratio plus Ford Credit lending arm,
GM,AUTO,AUTO MANUFACTURERS,82,88.86000061035156,0.120274481751794,85.99;85.87;83.89;85.90;83.86;79.91;79.57;80.85;81.10;79.30;82.06;78.35;76.92;75.86;74.53;74.63;72.23;73.88;73.63;75.56;76.44;72.82;74.34;72.38;72.60;76.56;76.66;77.61;81.14;78.88;78.35;77.79;76.45;75.61;75.99;78.24;75.13;75.65;74.70;72.47;77.04;79.62;84.17;82.50;81.52;82.11;83.76;80.85;84.07;79.58;80.43;78.95;78.10;77.08;76.00;76.03;76.65;76.72;77.64;76.07;79.52;80.67;87.04;89.40;88.86,QUESTIONABLE,GM — GM Financial lending arm,
STLA,AUTO,AUTO MANUFACTURERS,4,5.760000228881836,-0.4086241925834685,9.75;9.86;9.90;10.23;7.28;7.48;7.90;7.83;7.51;7.60;7.71;8.09;7.49;7.27;7.07;6.89;6.50;6.71;6.50;6.59;6.88;6.71;7.09;7.55;7.42;7.93;7.98;8.30;8.62;8.59;8.29;7.99;7.70;7.13;7.20;7.48;7.46;7.60;7.49;7.35;7.56;7.81;8.20;7.82;7.35;7.11;7.04;6.89;7.04;6.47;6.38;5.84;5.68;5.74;5.81;5.65;5.33;5.57;5.90;5.79;5.78;5.75;5.70;6.01;5.76,HALAL,"Business activity permissible — debt ratio not verified, cross-check Musaffa/Zoya",
TM,AUTO,AUTO MANUFACTURERS,28,188.99000549316406,-0.1647957993958793,224.12;227.07;231.58;241.39;244.22;238.24;241.64;245.51;241.65;238.03;241.73;242.38;232.17;221.48;219.53;220.77;210.84;213.07;208.93;210.64;210.93;206.73;206.09;207.01;203.66;211.14;211.06;213.18;217.20;203.97;196.08;192.17;191.26;188.71;189.99;189.00;183.80;186.89;190.68;185.47;189.66;190.09;191.84;182.92;180.22;177.16;175.78;174.95;180.22;172.77;169.73;167.76;171.48;168.42;174.59;179.43;174.32;174.75;176.92;177.61;180.34;176.80;182.15;192.84;188.99,HALAL,"Business activity permissible — debt ratio not verified, cross-check Musaffa/Zoya",
HMC,AUTO,AUTO MANUFACTURERS,50,30.110000610351562,-0.010190646455124908,29.93;30.29;30.73;31.62;32.82;31.21;31.43;31.13;30.34;30.07;30.12;30.16;28.30;27.47;27.87;27.54;25.78;25.48;24.61;24.74;24.77;24.34;24.31;24.15;23.49;24.37;24.20;24.26;25.00;24.94;24.48;24.37;24.00;24.09;24.16;24.06;23.98;24.37;26.18;25.32;26.26;26.42;27.29;26.24;27.71;26.70;26.71;27.07;26.97;26.19;25.99;25.76;26.83;27.11;28.02;28.50;27.59;27.84;27.89;28.16;28.56;27.99;29.13;30.68;30.11,HALAL,"Business activity permissible — debt ratio not verified, cross-check Musaffa/Zoya",
RIVN,AUTO,AUTO MANUFACTURERS,38,15.220000267028809,-0.0457679969257605,15.27;15.17;14.44;14.37;14.80;14.96;14.00;16.47;15.59;14.96;15.25;15.33;15.10;15.19;15.87;16.65;14.86;15.82;16.12;15.77;15.62;14.77;15.05;15.40;14.69;15.24;15.90;16.41;17.23;17.15;16.95;16.72;16.06;15.02;14.60;14.18;14.08;14.27;13.79;12.90;14.15;14.39;15.20;16.95;18.27;16.35;15.73;15.54;16.68;16.26;15.10;14.64;15.63;17.35;18.63;16.49;18.12;17.31;17.80;17.45;17.76;16.46;16.48;16.33;15.22,HALAL,"Rivian — pure EV manufacturer — debt ratio not verified, cross-check Musaffa/Zoya",
LCID,AUTO,AUTO MANUFACTURERS,8,7.380000114440918,-0.33273057554760177,11.00;11.33;10.29;10.38;10.86;10.92;9.92;9.92;9.75;9.44;10.28;10.00;10.11;9.84;10.40;10.68;9.90;10.32;10.30;10.31;10.68;9.40;9.53;9.96;8.83;8.77;9.24;8.21;7.30;7.11;6.27;5.93;5.76;6.54;6.25;6.05;6.03;6.39;6.04;5.61;5.84;5.97;6.46;6.65;5.72;5.11;5.15;5.17;5.25;5.14;5.16;5.15;5.92;6.69;6.08;5.99;5.83;5.51;5.95;7.36;7.32;6.45;6.50;7.96;7.38,HALAL,"Lucid — pure EV manufacturer — debt ratio not verified, cross-check Musaffa/Zoya",
FFIE,AUTO,AUTO MANUFACTURERS,,,,,HALAL,"Business activity permissible — debt ratio not verified, cross-check Musaffa/Zoya",
APTV,AUTO,AUTO/TRUCK-ORIGINAL EQUIPMENT,12,56.470001220703125,-0.2615404692132435,78.01;78.83;77.98;81.01;82.38;85.15;83.00;82.77;80.46;76.87;76.44;73.54;71.40;72.21;72.85;70.32;70.50;72.02;69.17;70.98;70.89;67.04;69.44;60.99;58.22;60.12;59.36;58.46;59.62;60.80;60.41;60.07;58.33;60.49;54.83;57.11;55.41;54.21;54.34;52.57;55.85;58.76;63.67;68.60;76.82;68.60;68.48;67.96;66.62;62.87;63.57;60.42;60.32;61.38;58.89;58.85;59.86;59.23;58.96;57.47;57.91;56.10;57.45;57.97;56.47,HALAL,"Business activity permissible — debt ratio not verified, cross-check Musaffa/Zoya",
BWA,AUTO,AUTO/TRUCK-ORIGINAL EQUIPMENT,88,63.7400016784668,0.3431243313641372,48.17;48.67;47.89;50.22;51.95;53.69;66.20;62.18;59.99;57.86;59.13;57.26;53.99;52.61;53.12;52.84;50.44;52.19;52.31;53.98;55.99;54.11;54.13;52.70;52.27;54.84;53.43;52.37;55.53;54.61;56.01;55.26;54.08;56.64;57.12;58.04;63.00;66.71;63.06;60.99;63.40;68.10;71.14;71.06;76.55;72.63;73.27;74.85;73.52;70.54;72.34;68.19;68.11;66.40;63.52;64.07;64.73;63.64;64.01;62.44;63.63;64.33;63.68;62.20;63.74,HALAL,"Business activity permissible — debt ratio not verified, cross-check Musaffa/Zoya",
MGA,AUTO,AUTO/TRUCK-ORIGINAL EQUIPMENT,85,68.5999984741211,0.30900004782346113,52.72;51.97;50.58;52.57;53.18;55.35;56.93;65.79;65.64;62.91;63.60;62.56;61.30;60.42;57.36;57.38;54.63;55.52;52.19;53.36;55.67;53.95;55.37;54.73;53.71;57.32;57.80;55.99;60.09;61.19;61.71;61.79;61.30;60.35;59.58;60.76;62.05;61.93;60.40;59.42;63.09;65.20;66.12;65.15;68.15;66.09;66.09;65.77;67.06;64.89;65.96;64.07;64.56;65.66;62.69;64.30;64.24;64.07;66.29;66.46;67.87;65.76;67.16;69.10;68.60,HALAL,"Business activity permissible — debt ratio not verified, cross-check Musaffa/Zoya",
DAN,AUTO,AUTO/TRUCK-ORIGINAL EQUIPMENT,49,26.93000030517578,-0.125536085486052,29.70;28.80;29.28;30.10;31.47;31.85;32.93;32.64;33.90;34.60;35.53;34.12;33.55;33.80;32.71;31.88;31.27;32.68;31.77;32.57;33.54;32.44;33.53;33.28;33.23;36.00;36.56;35.25;36.93;37.76;38.25;38.35;35.70;35.75;34.51;34.44;33.86;34.29;33.10;32.15;33.86;35.19;36.17;34.60;36.55;35.37;36.55;30.11;29.48;28.41;29.83;28.28;28.13;27.21;24.91;25.43;26.39;27.24;27.72;26.56;27.43;27.63;27.24;26.81;26.93,HALAL,"Business activity permissible — debt ratio not verified, cross-check Musaffa/Zoya",
LEA,AUTO,AUTO/TRUCK-ORIGINAL EQUIPMENT,64,130.63999938964844,0.10248721482816592,119.16;119.20;116.65;130.93;139.33;137.00;135.16;135.13;132.47;131.34;132.08;129.75;122.19;121.33;119.65;117.32;113.56;118.00;114.98;118.26;121.59;117.64;120.45;117.92;117.38;124.53;122.58;118.17;124.73;127.80;129.04;124.95;123.19;131.72;130.96;134.58;136.66;136.89;132.03;128.11;137.71;142.67;146.16;143.19;144.88;141.50;142.16;145.00;144.44;137.92;140.71;135.58;136.84;134.06;130.85;131.35;134.76;135.30;140.39;141.72;142.82;142.43;145.00;147.51;130.64,HALAL,"Business activity permissible — debt ratio not verified, cross-check Musaffa/Zoya",
ALV,AUTO,AUTO/TRUCK-ORIGINAL EQUIPMENT,47,123.16999816894531,-0.014757276813367581,126.20;124.51;118.66;124.69;123.88;123.91;123.27;123.53;121.28;119.90;118.94;116.72;111.36;109.60;108.63;106.82;102.14;103.42;100.97;103.57;104.32;101.76;104.37;104.50;103.35;109.15;109.55;108.34;118.02;116.80;115.43;115.11;112.46;115.30;116.56;120.10;119.62;120.47;113.99;114.68;120.24;127.26;128.94;127.71;130.42;127.56;126.14;129.20;125.79;116.32;118.34;118.90;119.17;116.17;116.24;118.96;118.95;121.88;122.78;120.26;117.51;115.21;119.62;124.77;123.17,HALAL,"Business activity permissible — debt ratio not verified, cross-check Musaffa/Zoya",
VC,AUTO,AUTO/TRUCK-ORIGINAL EQUIPMENT,31,104.54000091552734,0.15179025418831338,92.97;91.77;95.05;100.04;100.19;99.09;97.60;103.52;93.25;94.40;98.89;94.99;94.07;90.31;91.53;90.38;88.81;87.29;84.71;85.73;87.33;87.55;90.82;91.09;92.50;96.34;93.13;92.88;98.34;101.03;109.05;112.78;107.90;110.50;109.88;111.99;115.64;114.59;110.14;104.67;110.40;116.29;118.74;118.15;123.15;117.46;119.35;120.05;116.89;110.40;120.00;118.16;103.08;99.21;102.45;105.77;106.84;103.54;105.59;104.85;104.03;100.11;105.54;106.72;104.54,HALAL,"Business activity permissible — debt ratio not verified, cross-check Musaffa/Zoya",
GNTX,AUTO,AUTO/TRUCK-ORIGINAL EQUIPMENT,31,23.360000610351562,0.0008406416530215566,23.60;23.79;23.51;24.60;23.86;23.91;24.16;24.35;23.72;23.32;23.32;23.15;22.76;22.27;21.52;21.40;20.75;21.01;20.69;20.98;21.70;21.49;21.62;21.28;21.13;22.10;22.02;21.58;22.52;22.63;22.92;23.74;22.79;22.64;22.82;22.96;23.08;22.79;22.76;22.56;23.28;23.81;23.96;23.96;24.88;24.51;24.72;25.57;25.91;25.25;25.57;24.92;25.52;25.14;24.39;23.92;23.86;23.91;24.27;24.35;23.96;23.80;22.92;23.97;23.36,HALAL,"Business activity permissible — debt ratio not verified, cross-check Musaffa/Zoya",
MOD,AUTO,AUTO/TRUCK-ORIGINAL EQUIPMENT,78,201.05999755859375,0.37721754910138916,146.90;176.72;196.07;199.53;215.72;219.76;215.45;216.84;218.54;222.50;230.19;227.25;212.32;204.77;201.07;200.63;188.54;196.09;200.87;211.47;232.89;213.96;216.71;219.32;214.00;241.52;256.99;238.14;243.71;247.49;250.57;244.95;233.39;266.83;271.60;269.65;284.80;279.20;271.26;244.49;250.11;295.88;270.70;288.52;302.03;276.51;278.18;271.51;285.72;283.88;295.58;276.70;255.99;267.02;230.97;230.41;243.50;234.28;231.96;229.34;247.09;249.62;230.40;178.04;201.06,HALAL,"Business activity permissible — debt ratio not verified, cross-check Musaffa/Zoya",
AAP,AUTO,AUTO/TRUCK-REPLACEMENT PARTS,40,55.540000915527344,0.1982349103608323,48.90;47.69;48.27;54.03;54.81;56.09;57.70;56.23;55.48;54.87;49.99;52.69;51.45;50.80;50.63;52.85;51.27;51.46;47.91;50.29;52.26;51.11;52.28;51.37;52.20;56.02;56.10;56.62;57.23;58.46;57.90;57.61;55.51;58.66;56.64;56.97;51.59;49.04;46.96;49.30;58.35;54.88;59.59;59.03;56.86;56.55;59.77;60.34;60.76;57.84;55.17;57.68;61.90;61.94;61.25;55.61;54.75;55.31;52.09;53.16;55.64;53.42;57.73;58.43;55.54,HALAL,"Business activity permissible — debt ratio not verified, cross-check Musaffa/Zoya",
AZO,AUTO,AUTO/TRUCK-REPLACEMENT PARTS,11,3016.25,-0.18479729729729732,3799.99;3703.76;3722.41;3720.50;3681.26;3664.84;3788.71;3742.00;3745.49;3829.27;3671.82;3755.58;3637.17;3742.02;3672.68;3712.42;3562.85;3439.64;3341.58;3353.24;3386.14;3316.71;3377.78;3400.54;3387.00;3548.19;3514.47;3536.42;3572.38;3606.18;3597.20;3562.26;3523.56;3594.08;3540.92;3554.88;3427.80;3366.79;3321.15;3347.28;3438.18;3100.11;3007.08;3020.95;3061.65;3116.43;3137.75;3081.62;3105.48;3059.63;2949.06;3087.77;3128.70;3195.94;3159.28;3074.86;3010.39;3078.98;2970.57;3046.44;3013.03;2923.50;3075.26;3142.17;3016.25,HALAL,"Business activity permissible — debt ratio not verified, cross-check Musaffa/Zoya",
ORLY,AUTO,AUTO/TRUCK-REPLACEMENT PARTS,24,89.3499984741211,-0.09956670914616217,100.62;98.85;98.01;96.74;94.22;93.44;95.21;92.60;94.17;95.35;91.44;93.88;93.87;94.36;94.61;94.39;91.54;89.39;87.91;88.70;91.16;90.11;92.31;91.42;91.36;94.40;94.01;93.60;93.71;93.81;93.24;91.97;91.69;96.67;95.00;94.58;91.35;89.70;88.49;91.92;92.34;89.87;89.23;86.64;87.38;90.33;89.49;90.10;90.26;88.40;85.63;87.82;89.55;92.09;90.25;86.65;85.12;87.28;82.73;86.05;87.97;86.11;90.59;90.63;89.35,HALAL,"Business activity permissible — debt ratio not verified, cross-check Musaffa/Zoya",
GPC,AUTO,AUTO/TRUCK-REPLACEMENT PARTS,,,,,HALAL,"Business activity permissible — debt ratio not verified, cross-check Musaffa/Zoya",
DORM,AUTO,AUTO/TRUCK-REPLACEMENT PARTS,53,133.16000366210938,0.07343813289992873,124.29;123.45;126.59;128.11;130.10;131.31;131.68;129.26;127.73;127.50;114.50;117.86;116.22;112.12;107.75;105.66;102.81;101.30;102.40;103.86;106.95;104.56;104.36;100.90;101.24;109.92;109.71;106.72;110.66;110.26;109.35;110.25;110.07;112.88;119.52;124.52;121.01;116.32;116.16;112.83;118.70;120.28;125.05;122.71;124.75;127.03;127.98;128.21;126.14;122.77;124.72;131.87;134.69;136.45;137.65;139.64;136.48;138.91;137.55;141.97;137.47;132.35;136.44;141.29;133.16,HALAL,"Business activity permissible — debt ratio not verified, cross-check Musaffa/Zoya",
SMP,AUTO,AUTO/TRUCK-REPLACEMENT PARTS,44,38.22999954223633,-0.011529337662769312,39.24;39.69;41.63;42.90;43.43;43.25;44.00;43.84;43.80;43.30;42.73;39.34;38.63;37.42;36.56;36.00;36.10;35.21;34.62;35.40;36.35;35.50;34.44;35.25;35.13;37.40;37.42;36.38;37.55;37.75;37.75;37.56;36.58;38.18;38.78;39.00;38.67;37.98;37.00;36.11;37.64;38.13;40.59;38.71;38.86;39.23;39.31;39.16;39.02;38.19;38.90;39.43;40.63;38.97;37.93;37.44;37.12;37.64;38.06;38.59;38.32;38.09;38.94;40.51;38.23,HALAL,"Business activity permissible — debt ratio not verified, cross-check Musaffa/Zoya",
HSBC,BANKS,BANKS-FOREIGN,90,106.41999816894531,0.31073167820986947,85.59;85.64;86.67;86.48;86.37;86.56;83.95;83.74;84.00;84.54;91.12;90.11;82.69;82.94;82.69;83.15;77.76;80.45;79.02;79.39;80.77;78.75;82.04;83.94;84.68;89.77;90.48;90.43;91.65;90.14;89.15;89.46;88.79;91.44;86.92;88.48;90.05;90.13;88.38;88.47;92.05;93.74;92.95;93.18;93.64;90.80;89.34;90.72;92.92;95.23;96.51;93.85;93.75;95.09;96.78;97.40;98.02;98.09;100.46;100.61;101.12;101.75;103.97;102.60;106.42,HARAM,Group classification: BANKS-FOREIGN,
BCS,BANKS,BANKS-FOREIGN,77,27.5,0.0622040391973,26.87;26.56;27.18;26.21;26.10;25.85;25.24;25.65;25.60;25.11;25.63;24.28;23.07;22.43;21.96;22.20;20.47;21.14;20.80;20.68;21.14;20.24;21.16;21.80;21.91;23.40;23.83;23.91;24.30;23.41;22.77;23.09;23.00;23.43;22.83;23.29;23.17;22.84;22.53;22.63;23.97;24.53;24.34;24.52;24.69;24.27;24.32;24.75;25.64;26.33;27.29;26.60;26.72;26.86;27.77;27.41;27.24;27.29;28.35;27.82;27.93;27.66;28.56;26.05;27.50,HARAM,Group classification: BANKS-FOREIGN,
MUFG,BANKS,BANKS-FOREIGN,87,22.450000762939453,0.25559294276705735,18.15;18.20;18.24;18.55;19.14;19.39;19.60;19.25;19.26;19.04;18.63;18.64;17.51;17.23;17.28;16.97;16.43;16.84;16.90;16.66;16.96;16.33;16.97;17.48;17.64;18.15;18.23;18.45;18.51;17.53;17.22;17.44;17.44;17.69;17.76;18.00;18.19;18.61;18.84;19.45;19.38;19.33;18.82;18.89;19.45;19.91;19.83;20.08;20.18;20.75;20.86;19.81;20.16;19.89;20.61;21.29;21.25;21.94;22.77;21.32;22.12;22.62;23.10;21.94;22.45,HARAM,Group classification: BANKS-FOREIGN,
SMFG,BANKS,BANKS-FOREIGN,89,25.8799991607666,0.23709364562064272,21.35;21.29;21.10;21.62;23.04;23.42;23.74;22.91;23.40;23.10;22.48;22.44;20.69;20.30;20.33;20.09;19.10;19.59;19.54;19.53;19.93;19.05;19.75;20.43;20.47;21.27;21.41;21.52;21.66;20.38;20.10;20.35;20.77;21.15;21.20;21.48;21.78;22.33;21.84;22.39;22.92;22.93;22.29;22.13;22.97;23.16;23.07;23.82;24.30;24.54;25.03;23.62;23.83;23.58;24.53;25.31;25.48;25.96;26.50;24.95;25.92;25.91;26.34;24.96;25.88,HARAM,Group classification: BANKS-FOREIGN,
ITUB,BANKS,BANKS-FOREIGN,63,8.460000038146973,0.04127037301880554,8.60;8.75;8.53;8.32;8.81;9.12;9.10;8.99;9.09;8.99;9.08;8.87;8.24;8.10;8.13;8.29;7.83;7.98;7.96;8.05;8.12;7.79;8.29;8.25;8.30;8.92;9.08;9.29;9.28;9.00;8.72;8.71;8.44;8.53;8.48;8.10;8.10;7.77;7.76;7.60;7.92;7.86;7.80;7.71;7.52;7.47;7.46;7.83;7.87;7.89;7.93;7.88;8.23;8.17;8.12;8.23;8.28;8.47;8.45;8.20;8.40;8.35;8.37;8.15;8.46,HARAM,Group classification: BANKS-FOREIGN,
BSAC,BANKS,BANKS-FOREIGN,69,34.61000061035156,0.004154609283224309,35.18;35.24;34.48;34.19;35.00;34.93;34.09;33.72;33.88;33.78;34.17;32.30;29.49;29.48;30.69;30.81;29.11;30.02;30.65;30.58;30.92;30.05;31.82;31.63;31.55;33.20;33.65;33.86;34.36;32.54;31.86;31.84;30.58;31.33;30.36;30.53;29.79;29.97;30.18;30.23;31.51;32.09;31.80;30.98;30.25;30.02;31.40;32.42;33.18;32.82;32.88;31.46;32.12;32.93;32.66;33.70;33.43;33.56;33.72;32.83;34.03;33.74;34.46;34.20;34.61,HARAM,Group classification: BANKS-FOREIGN,
BBVA,BANKS,BANKS-FOREIGN,89,27.950000762939453,0.15428263010565968,25.32;24.67;25.15;24.89;23.36;23.81;22.62;22.41;22.50;22.97;23.05;22.43;20.25;20.88;20.92;21.22;19.83;20.25;20.31;20.79;20.84;19.80;21.00;21.26;21.55;22.70;23.42;23.31;23.85;22.47;21.62;22.01;21.29;22.00;21.39;21.87;21.94;21.80;21.89;21.63;22.71;23.25;23.13;23.17;22.65;22.22;22.53;23.15;23.83;24.47;24.85;24.16;24.37;25.06;25.60;26.07;25.36;25.39;25.54;25.14;25.66;25.31;26.59;25.66;27.95,HARAM,Group classification: BANKS-FOREIGN,
SAN,BANKS,BANKS-FOREIGN,83,14.100000381469727,0.15111623828333065,12.89;12.65;12.90;12.28;12.56;12.57;11.90;12.16;12.22;12.57;13.05;12.21;10.90;11.06;11.06;11.23;10.64;10.87;10.81;11.01;11.05;10.52;11.14;11.27;11.28;12.03;12.17;12.34;12.72;12.18;11.75;11.85;11.83;11.92;11.88;12.18;12.13;11.94;11.74;11.78;12.33;12.49;12.41;12.34;12.16;12.15;12.27;12.56;13.14;13.33;13.71;13.37;13.39;13.80;13.95;14.19;13.79;13.66;13.82;13.55;13.65;13.21;13.99;13.38;14.10,HARAM,Group classification: BANKS-FOREIGN,
DB,BANKS,BANKS-FOREIGN,61,36.70000076293945,-0.026652741305147498,38.91;37.74;38.21;36.57;35.91;36.29;35.38;34.68;34.54;34.73;34.87;34.17;31.89;31.32;30.49;30.42;27.94;28.92;28.37;28.24;28.68;27.37;28.73;28.72;29.08;31.39;31.60;32.33;32.50;31.42;30.29;30.80;29.59;30.02;29.56;30.37;30.65;30.74;29.81;29.88;31.74;32.31;31.94;32.19;31.26;31.51;31.90;32.21;34.50;35.05;36.09;34.00;33.53;33.76;35.86;36.64;35.40;35.24;36.56;35.20;35.37;34.14;35.50;35.47;36.70,HARAM,Group classification: BANKS-FOREIGN,
ING,BANKS,BANKS-FOREIGN,86,34.93000030517578,0.25790657175746845,29.13;28.96;29.44;29.72;29.16;29.98;27.95;28.16;28.16;28.49;28.68;27.90;26.04;26.04;25.87;26.36;24.75;25.29;25.16;24.92;24.98;24.04;25.27;25.76;26.08;27.78;28.30;28.63;28.86;28.49;27.72;28.07;27.65;28.55;28.41;29.78;30.10;29.68;29.42;29.24;30.66;31.32;30.84;30.84;30.43;29.67;29.27;29.68;30.43;31.24;32.20;31.05;30.78;31.38;32.10;32.24;32.50;32.30;33.31;32.33;33.11;32.44;33.49;32.51;34.93,HARAM,Group classification: BANKS-FOREIGN,
FITB,BANKS,BANKS-MIDWEST,71,56.5,0.13155023556366086,50.03;49.00;51.12;53.23;54.20;53.63;52.31;52.21;52.06;49.90;50.74;48.68;48.78;47.91;46.23;44.34;42.71;43.52;42.96;44.65;45.08;43.83;46.13;46.78;47.45;49.87;49.49;49.49;49.99;50.74;50.53;49.98;49.44;50.07;49.95;49.32;48.31;46.84;47.02;47.26;48.81;49.47;49.53;48.22;49.14;51.64;52.34;53.04;52.63;52.21;53.23;54.57;55.91;56.37;57.16;57.92;56.54;57.18;57.94;58.01;57.66;57.15;57.00;56.57;56.50,HARAM,Group classification: BANKS-MIDWEST,
HBAN,BANKS,BANKS-MIDWEST,43,17.040000915527344,0.0010836829352824928,17.10;16.96;17.54;18.66;18.91;18.22;17.00;17.14;17.51;16.76;16.95;16.48;16.43;16.36;15.81;15.34;14.92;15.10;15.03;15.15;15.40;14.95;15.51;15.65;15.74;16.44;16.47;16.52;16.70;16.82;16.68;16.38;16.16;16.48;16.26;16.05;15.82;15.21;15.27;15.32;15.71;15.92;15.98;15.69;15.79;16.37;16.67;17.06;17.06;16.85;17.05;17.58;17.79;17.73;17.86;18.01;17.76;17.93;18.12;18.25;18.17;17.40;17.16;16.84;17.04,HARAM,Group classification: BANKS-MIDWEST,
KEY,BANKS,BANKS-MIDWEST,62,22.59000015258789,0.09192650437769401,21.04;21.21;21.57;22.21;22.76;22.49;21.34;21.27;21.36;20.60;21.05;20.34;20.27;20.17;19.50;19.46;18.71;18.91;19.09;19.46;19.80;19.26;19.85;20.27;20.42;21.44;21.51;21.36;21.59;21.88;21.79;21.70;21.46;21.66;21.66;21.48;21.10;20.55;20.83;20.71;21.28;21.56;21.13;20.69;20.88;21.76;22.10;22.33;22.42;22.60;22.83;23.12;23.26;23.05;23.02;23.37;23.10;23.22;23.53;23.55;22.95;22.72;22.51;22.18;22.59,HARAM,Group classification: BANKS-MIDWEST,
CFG,BANKS,BANKS-MIDWEST,78,71.6500015258789,0.16768889444537938,62.12;62.19;63.54;65.70;67.20;66.63;63.90;63.52;63.71;61.64;62.21;59.37;58.87;58.73;57.52;57.72;54.89;56.32;56.28;57.19;58.62;57.00;59.16;60.16;60.77;64.09;63.88;64.31;63.58;64.42;64.29;63.90;63.53;64.00;63.94;63.81;61.76;60.04;60.47;60.93;62.38;63.24;62.01;60.39;61.13;63.57;65.25;66.08;66.22;66.35;67.55;69.01;69.95;69.62;70.52;71.32;69.41;69.91;70.66;71.92;71.54;71.34;70.64;70.85;71.65,HARAM,Group classification: BANKS-MIDWEST,
CMA,BANKS,BANKS-MIDWEST,,,,,HARAM,Group classification: BANKS-MIDWEST,
FCNCA,BANKS,BANKS-MIDWEST,56,2186.64990234375,0.08662150985794792,1996.63;2028.50;2092.96;2109.71;2156.47;2151.62;1999.56;1986.52;2041.02;1961.60;1991.52;1896.17;1971.12;1940.14;1905.54;1856.88;1766.19;1786.41;1801.35;1854.59;1872.93;1833.75;1882.69;1904.64;1918.95;1996.20;1998.72;1984.93;2028.04;2051.75;1974.30;1971.47;1970.35;1983.31;2000.05;1951.38;1917.93;1907.53;1926.37;1924.73;1987.40;1994.83;2006.93;1939.71;1955.08;2075.10;2100.68;2117.01;2068.75;2089.82;2084.99;2117.29;2078.93;2080.79;2082.99;2092.43;2083.00;2106.06;2070.62;2122.13;2071.16;2212.77;2137.36;2171.89;2186.65,HARAM,Group classification: BANKS-MIDWEST,
ONB,BANKS,BANKS-MIDWEST,66,26.639999389648438,0.14563499875323171,23.59;24.10;24.61;25.35;25.56;25.22;24.07;24.58;24.59;23.84;24.11;22.82;23.18;22.76;22.25;21.75;21.38;21.31;21.09;21.42;21.64;21.30;21.97;22.07;22.37;23.50;23.47;23.22;23.82;23.63;23.84;23.61;23.41;23.92;24.00;24.03;24.01;23.30;23.15;23.01;23.68;24.11;23.85;23.23;23.17;23.96;24.28;24.69;24.76;24.61;25.01;25.65;25.88;25.90;26.00;26.43;26.17;26.33;26.38;26.74;26.17;26.11;26.41;26.68;26.64,HARAM,Group classification: BANKS-MIDWEST,
JPM,BANKS,BANKS-NORTHEAST,65,351.7900085449219,0.19301105470971858,297.44;303.49;305.20;314.24;319.32;315.24;299.75;304.20;305.11;294.83;300.40;297.43;297.39;290.75;287.15;284.77;280.73;284.15;285.22;287.14;292.60;280.14;291.35;291.79;296.07;308.94;312.27;304.56;308.90;311.60;310.29;310.23;307.86;311.07;308.01;304.90;298.65;298.90;296.47;294.37;301.64;305.36;295.40;295.25;299.50;310.97;311.30;312.08;317.97;331.96;329.99;331.95;327.57;325.86;332.97;339.22;335.47;334.53;346.91;341.10;345.23;349.90;356.20;344.71;351.79,HARAM,Group classification: BANKS-NORTHEAST,
MTB,BANKS,BANKS-NORTHEAST,71,246.2899932861328,0.16798177003622294,214.49;218.38;222.43;229.05;234.72;232.95;228.21;225.21;225.95;219.05;219.45;213.98;217.46;214.49;207.21;201.80;194.90;198.73;194.88;199.27;203.33;199.54;205.29;208.70;210.64;221.44;219.75;215.59;217.27;217.38;218.18;216.41;214.04;214.94;213.98;211.54;206.54;202.66;203.48;205.13;210.86;213.74;212.82;211.62;214.03;222.44;225.43;227.82;225.94;225.85;227.73;233.26;237.26;238.01;238.88;239.75;237.94;242.55;248.53;249.24;248.66;245.97;248.28;250.33;246.29,HARAM,Group classification: BANKS-NORTHEAST,
BPOP,BANKS,BANKS-NORTHEAST,86,175.2100067138672,0.4520191396127238,129.20;131.83;135.23;139.91;144.41;145.11;140.45;143.35;142.31;139.78;139.80;133.91;134.74;132.75;128.31;127.47;129.00;130.04;130.20;131.10;132.76;129.37;133.50;136.12;140.93;146.08;145.67;144.22;146.16;147.86;148.52;149.87;146.91;148.60;147.63;148.08;146.21;142.34;143.32;145.16;148.71;151.36;148.95;147.78;148.13;153.07;156.00;158.81;159.31;158.73;162.73;165.65;165.79;164.18;167.26;167.96;169.39;168.71;171.01;171.75;172.27;170.88;171.41;172.22;175.21,HARAM,Group classification: BANKS-NORTHEAST,
STBA,BANKS,BANKS-NORTHEAST,80,52.150001525878906,0.29089532686753006,41.41;41.40;42.49;43.20;43.40;43.32;43.00;43.60;44.14;42.65;43.69;41.46;42.27;41.17;39.96;39.70;39.86;39.62;39.80;40.60;40.82;40.59;41.48;42.15;42.75;44.17;43.52;43.30;43.78;43.07;43.17;43.70;43.40;43.91;44.39;44.15;43.66;43.35;43.30;44.15;44.98;45.34;44.92;44.34;44.07;45.60;46.51;47.14;47.26;46.55;47.31;48.57;49.26;49.08;49.13;48.76;48.85;48.88;49.33;49.97;49.86;50.98;52.13;52.95;52.15,HARAM,Group classification: BANKS-NORTHEAST,
TFC,BANKS,BANKS-SOUTHEAST,55,51.84000015258789,0.06750318042546799,49.86;50.28;51.59;53.99;54.68;53.98;51.01;51.65;51.24;49.57;50.04;48.79;48.78;47.97;46.26;45.17;43.37;44.12;43.42;44.39;44.92;44.06;45.49;46.67;47.33;49.95;49.49;49.07;50.04;50.54;50.86;50.69;50.12;50.40;49.43;49.22;47.97;46.54;46.96;46.77;47.89;48.68;47.80;46.87;47.42;49.20;49.43;50.68;48.48;48.17;48.76;49.79;50.49;49.82;50.98;51.36;51.37;51.95;52.80;52.50;51.38;51.20;52.12;52.31;51.84,HARAM,Group classification: BANKS-SOUTHEAST,
RF,BANKS,BANKS-SOUTHEAST,66,30.950000762939453,0.1479659131523401,27.34;27.92;28.57;29.86;30.35;30.24;29.22;29.22;29.16;28.17;28.45;27.30;27.48;27.48;26.70;25.96;24.76;25.21;24.97;25.22;25.52;24.92;25.87;26.22;26.36;27.88;27.57;27.59;27.86;28.08;28.13;27.99;27.74;27.92;27.77;27.69;26.58;26.38;26.41;26.59;27.45;27.98;27.57;27.34;27.40;28.54;28.60;28.89;28.60;28.65;28.75;29.49;30.06;30.20;30.28;30.59;30.58;31.07;31.48;31.65;30.82;30.66;30.74;30.94;30.95,HARAM,Group classification: BANKS-SOUTHEAST,
SNV,BANKS,BANKS-SOUTHEAST,,,,,HARAM,Group classification: BANKS-SOUTHEAST,
FHN,BANKS,BANKS-SOUTHEAST,58,25.639999389648438,0.08758780033828084,23.93;24.07;24.46;25.40;25.85;25.27;24.18;24.42;24.66;23.75;24.14;23.45;23.06;23.08;22.50;22.27;21.59;21.69;21.58;22.26;22.58;21.98;22.61;23.02;23.02;24.26;24.14;24.01;24.12;24.50;24.54;24.45;24.24;24.72;24.61;24.30;23.88;23.27;23.41;23.43;23.94;24.22;24.06;23.46;23.47;24.00;24.57;24.82;24.73;24.73;24.81;25.28;25.58;25.64;25.68;25.76;25.69;25.82;24.94;25.80;25.51;25.52;25.48;25.77;25.64,HARAM,Group classification: BANKS-SOUTHEAST,
CADE,BANKS,BANKS-SOUTHEAST,,,,,HARAM,Group classification: BANKS-SOUTHEAST,
BAC,BANKS,BANKS-SUPER REGIONAL,71,61.95000076293945,0.21082581169095027,51.61;52.51;53.45;54.78;55.92;54.79;51.95;52.17;52.20;50.52;51.13;49.29;49.43;49.27;47.65;48.27;46.48;47.04;46.77;47.27;48.50;46.73;48.50;49.12;50.02;52.44;53.07;54.04;53.63;53.20;52.20;52.36;52.61;52.96;52.85;52.48;50.29;49.58;49.51;50.44;51.22;51.93;50.51;51.24;52.13;53.83;54.42;55.16;55.87;56.53;57.37;57.73;57.88;56.98;58.73;59.86;59.25;59.50;61.59;61.27;61.22;61.28;62.13;61.07;61.95,HARAM,Group classification: BANKS-SUPER REGIONAL,
WFC,BANKS,BANKS-SUPER REGIONAL,44,86.44999694824219,0.004732749714727147,87.77;89.68;91.30;92.16;93.44;91.39;85.80;86.90;87.07;84.67;86.27;80.99;82.06;81.64;78.38;76.44;73.68;75.80;75.96;77.83;79.80;76.75;79.16;80.14;81.29;85.53;86.15;79.83;80.95;81.09;80.05;80.10;81.05;80.35;79.44;78.71;73.58;73.53;73.42;74.55;75.92;77.52;76.65;77.17;78.68;81.94;82.00;82.40;83.14;83.81;83.84;84.30;83.86;82.64;85.51;87.18;86.91;87.67;87.51;87.51;87.74;86.19;87.27;83.87;86.45,HARAM,Group classification: BANKS-SUPER REGIONAL,
USB,BANKS,BANKS-SUPER REGIONAL,74,63.0099983215332,0.15748038227694883,55.48;55.28;56.29;58.31;59.56;59.42;56.75;57.09;56.81;54.77;55.01;53.64;52.98;52.91;51.16;51.26;50.05;50.62;50.34;50.56;50.92;49.90;51.57;52.50;53.24;55.85;56.03;55.89;56.45;56.36;56.15;55.50;55.69;55.82;55.13;54.84;54.03;52.29;52.67;52.85;54.10;54.75;53.99;53.10;52.69;55.22;55.54;57.14;57.30;57.42;58.18;59.60;60.39;60.40;61.73;62.89;61.90;62.34;63.01;63.14;63.71;63.33;63.49;62.82;63.01,HARAM,Group classification: BANKS-SUPER REGIONAL,
PNC,BANKS,BANKS-SUPER REGIONAL,72,249.8699951171875,0.15682980420514214,220.24;220.99;224.11;233.58;238.73;236.61;226.13;227.66;226.74;217.35;218.52;209.06;209.75;209.08;202.16;202.46;198.02;200.76;198.92;200.77;202.76;199.26;204.87;208.42;210.61;219.78;219.55;220.30;223.03;226.25;223.31;219.58;216.98;218.96;219.88;217.56;212.89;208.20;211.16;211.58;216.64;219.06;218.04;214.36;216.54;226.56;230.34;232.09;228.74;231.29;232.85;238.02;243.05;244.27;247.52;252.00;248.93;250.85;252.14;250.86;250.38;249.26;249.64;248.49;249.87,HARAM,Group classification: BANKS-SUPER REGIONAL,
C,BANKS,BANKS-SUPER REGIONAL,69,132.4499969482422,0.17765819726199417,113.66;114.06;115.68;116.88;122.11;121.57;110.63;113.24;115.01;110.23;113.80;109.67;110.24;108.44;106.09;108.68;105.19;107.20;109.33;111.11;113.94;106.87;112.88;114.71;116.58;124.33;125.69;131.07;131.56;131.06;127.90;128.53;127.01;126.84;128.01;129.09;125.85;124.10;123.42;119.97;125.22;126.86;124.68;129.09;129.93;132.47;134.73;138.07;141.21;143.78;145.67;143.59;141.76;139.96;139.97;140.77;139.57;140.71;134.89;129.36;132.84;131.88;133.10;127.13;132.45,HARAM,Group classification: BANKS-SUPER REGIONAL,
ZION,BANKS,BANKS-WEST/SOUTHWEST,69,69.69999694824219,0.19728971164033227,58.26;58.56;60.10;62.88;64.33;63.14;59.74;61.07;61.02;58.85;59.94;56.85;57.22;57.05;55.36;54.44;52.70;53.61;53.87;54.63;56.77;54.98;57.19;57.69;58.64;61.30;61.07;61.38;62.26;61.55;62.16;62.14;62.11;62.78;62.65;62.26;60.34;59.19;59.63;60.22;61.79;62.74;62.24;61.08;60.76;63.23;64.83;66.44;66.27;66.15;67.12;68.30;69.14;69.19;69.35;70.69;70.02;70.36;71.55;72.27;69.05;69.16;68.52;68.92;69.70,HARAM,Group classification: BANKS-WEST/SOUTHWEST,
CFR,BANKS,BANKS-WEST/SOUTHWEST,73,166.33999633789062,0.22819368429781228,133.60;136.77;137.05;140.30;144.57;144.15;142.03;142.13;142.77;140.08;140.75;137.18;139.41;136.49;133.44;132.39;131.13;129.37;129.99;132.59;134.31;132.69;136.04;137.52;139.18;143.86;142.01;140.94;142.25;141.69;143.79;142.47;141.72;139.30;139.43;137.51;134.62;133.63;133.68;137.19;137.96;138.49;135.23;132.79;134.28;140.16;143.69;146.11;145.04;145.55;149.39;150.90;155.31;154.52;154.86;157.29;155.15;157.90;158.57;161.65;162.43;161.46;163.88;166.93;166.34,HARAM,Group classification: BANKS-WEST/SOUTHWEST,
WAL,BANKS,BANKS-WEST/SOUTHWEST,35,80.48999786376953,-0.06530944680238804,88.54;89.29;88.74;91.22;93.43;93.95;93.30;93.67;90.24;87.13;88.39;79.87;79.10;80.29;72.98;69.21;67.59;67.78;66.97;68.75;70.34;67.42;70.45;71.67;71.56;76.32;76.69;78.07;78.95;77.39;79.48;80.53;79.22;80.35;81.40;81.85;76.52;74.55;74.42;76.11;78.53;79.58;78.64;78.40;77.75;80.15;81.90;82.32;81.81;78.43;78.76;80.29;82.05;82.20;81.54;81.82;80.01;80.49;81.79;82.30;80.50;82.97;82.76;80.70;80.49,HARAM,Group classification: BANKS-WEST/SOUTHWEST,
PB,BANKS,BANKS-WEST/SOUTHWEST,51,74.87000274658203,0.059704649916181296,71.63;67.24;68.50;71.69;73.22;74.26;73.20;71.51;71.60;69.20;70.39;69.15;68.82;68.25;66.42;64.69;63.75;64.03;63.73;65.44;65.65;64.82;66.63;66.47;66.76;69.03;68.61;68.55;69.47;69.03;69.06;68.91;68.26;68.76;68.98;68.85;67.88;65.74;65.95;67.35;68.55;69.27;68.74;66.85;66.99;68.79;69.90;70.95;71.16;70.78;71.57;72.60;74.36;73.03;70.90;72.01;71.50;72.68;72.49;73.49;73.16;72.68;72.54;74.23;74.87,HARAM,Group classification: BANKS-WEST/SOUTHWEST,
BOKF,BANKS,BANKS-WEST/SOUTHWEST,65,141.2899932861328,0.0797530495366705,128.54;129.29;129.05;133.32;135.26;134.33;132.68;132.28;132.86;128.76;129.69;125.11;127.83;127.69;124.71;124.80;124.33;124.24;125.08;125.41;125.14;123.99;127.43;127.95;130.34;135.06;134.54;134.32;137.45;133.48;133.30;132.41;131.61;132.86;134.10;132.80;129.26;126.93;126.36;126.98;129.72;132.43;129.04;124.82;125.39;129.22;130.86;132.20;132.05;130.84;132.88;137.02;139.10;138.88;139.29;140.43;137.89;138.06;139.33;141.24;139.98;141.22;141.13;141.13;141.29,HARAM,Group classification: BANKS-WEST/SOUTHWEST,
GBCI,BANKS,BANKS-WEST/SOUTHWEST,46,49.290000915527344,0.040773910329342744,48.10;49.26;50.03;52.48;52.48;51.14;50.39;50.17;49.21;47.06;47.85;44.88;44.54;43.74;43.55;44.27;42.90;42.97;42.34;43.72;44.03;42.89;44.07;44.89;45.85;47.91;48.34;47.45;48.63;48.74;49.06;49.09;47.84;48.77;48.36;48.48;46.93;45.83;45.27;46.51;47.50;48.30;47.45;46.06;45.72;46.85;47.49;48.50;49.02;47.85;48.62;50.01;51.71;51.26;51.45;51.97;51.33;51.76;52.71;53.57;52.26;50.65;49.00;48.81;49.29,HARAM,Group classification: BANKS-WEST/SOUTHWEST,
NYCB,BANKS,SAVINGS & LOAN,,,,,HARAM,Group classification: SAVINGS & LOAN,
TFSL,BANKS,SAVINGS & LOAN,86,18.40999984741211,0.3550624955821078,13.71;14.14;13.71;14.19;14.37;14.59;14.28;14.76;14.39;13.69;13.96;13.50;13.80;13.39;13.36;13.28;13.28;13.32;13.20;13.34;13.47;13.38;13.81;14.06;14.09;14.68;14.51;14.37;14.74;14.56;14.48;14.71;14.47;14.78;14.77;14.79;14.62;14.70;15.05;15.18;15.59;15.73;15.55;15.39;15.59;16.14;16.41;16.80;16.51;16.27;16.61;17.04;17.49;17.72;17.84;17.78;17.58;17.66;17.86;18.28;18.35;18.16;18.08;18.21;18.41,HARAM,Group classification: SAVINGS & LOAN,
CFFN,BANKS,SAVINGS & LOAN,81,8.84000015258789,0.3392253354163197,6.79;7.14;7.37;7.42;7.52;7.46;7.47;7.65;7.49;7.17;7.41;7.10;7.14;7.01;6.91;6.91;6.84;6.91;6.96;7.05;7.05;6.84;7.05;7.17;7.34;7.58;7.55;7.50;7.62;7.47;7.66;7.79;7.47;7.67;7.78;7.82;7.77;7.58;7.52;7.63;7.79;7.85;7.80;7.69;7.62;7.85;7.96;8.15;8.12;8.01;8.19;8.39;8.48;8.51;8.45;8.37;8.48;8.49;8.65;8.62;8.60;8.55;8.64;8.75;8.84,HARAM,Group classification: SAVINGS & LOAN,
WAFD,BANKS,SAVINGS & LOAN,,,,,HARAM,Group classification: SAVINGS & LOAN,
CARR,BUILDING,BUILDING-A/C & HEATING,34,61.810001373291016,0.08644367391833185,56.66;59.36;59.93;63.10;63.46;65.35;64.43;65.96;62.47;63.01;61.06;63.94;60.73;59.97;58.30;58.27;55.25;56.57;58.55;57.88;58.83;53.86;55.91;55.31;55.05;61.02;63.86;58.13;60.88;61.27;61.10;61.47;61.30;67.14;63.95;66.98;65.64;65.34;64.44;61.22;61.96;64.66;63.58;64.88;67.34;66.92;70.98;69.49;70.88;69.24;71.59;73.79;73.33;73.09;69.82;68.42;67.57;68.36;68.49;68.44;66.69;69.15;69.33;59.92;61.81,HALAL,"Business activity permissible — debt ratio not verified, cross-check Musaffa/Zoya",
TT,BUILDING,BUILDING-A/C & HEATING,41,454.95001220703125,0.18347636111909393,390.47;424.08;423.11;439.14;452.64;459.23;458.30;468.23;461.53;457.79;457.87;460.16;443.75;434.32;426.55;431.44;421.44;424.40;422.07;423.98;433.02;409.30;415.80;426.10;430.87;459.07;471.87;461.51;475.03;478.04;484.43;484.80;478.28;485.38;476.37;468.75;475.42;469.95;465.54;447.00;446.63;460.39;451.24;447.45;464.79;456.84;470.76;460.14;472.54;472.51;491.59;483.15;477.89;491.16;478.13;475.74;472.00;479.90;480.20;469.98;469.89;479.71;483.34;446.80;454.95,HALAL,"Business activity permissible — debt ratio not verified, cross-check Musaffa/Zoya",
LII,BUILDING,BUILDING-A/C & HEATING,10,415.8800048828125,-0.17980832721489814,496.15;493.47;492.66;531.69;527.16;545.65;555.58;562.50;547.40;551.89;537.08;566.91;549.37;525.91;514.21;505.96;478.41;484.39;474.68;474.43;479.12;435.54;463.02;453.55;449.57;487.51;516.64;483.13;485.95;491.51;492.49;501.04;516.38;525.07;520.95;525.35;520.23;506.29;498.79;481.54;479.36;501.36;495.83;495.58;514.07;507.21;527.78;515.79;522.92;514.88;534.76;550.43;562.52;572.95;570.03;556.93;537.50;551.18;548.67;543.93;529.88;537.89;547.35;430.02;415.88,HALAL,"Business activity permissible — debt ratio not verified, cross-check Musaffa/Zoya",
WSO,BUILDING,BUILDING-A/C & HEATING,8,309.29998779296875,-0.18098380124213964,379.52;377.14;380.27;403.20;413.04;418.58;408.27;415.90;402.85;404.96;401.14;410.49;400.45;394.30;387.46;367.96;362.35;375.63;376.85;378.96;361.13;341.51;357.83;364.24;375.44;397.26;409.45;409.15;426.59;436.65;433.76;452.97;424.86;424.92;417.10;425.58;421.13;414.42;399.71;383.52;375.14;378.84;362.31;356.41;365.22;368.22;382.82;381.05;381.53;381.10;393.78;397.56;407.24;413.18;401.26;386.12;374.51;390.35;383.94;371.91;372.96;359.85;364.37;320.02;309.30,HALAL,"Business activity permissible — debt ratio not verified, cross-check Musaffa/Zoya",
AAON,BUILDING,BUILDING-A/C & HEATING,33,89.05999755859375,-0.05532205540557167,91.68;93.13;89.90;95.05;96.24;98.84;101.41;102.58;100.82;100.90;98.86;101.00;95.14;92.22;90.15;91.33;83.74;79.34;79.99;80.23;87.77;81.42;82.69;81.30;80.82;90.71;93.47;92.54;93.91;95.67;98.64;91.58;86.41;93.52;93.59;129.16;141.60;135.28;135.40;130.18;132.30;141.02;142.16;138.56;148.15;132.62;129.66;128.64;131.26;133.36;136.16;131.60;126.78;126.86;107.62;109.94;110.25;112.19;113.11;111.42;105.61;107.68;101.02;84.87;89.06,HALAL,"Business activity permissible — debt ratio not verified, cross-check Musaffa/Zoya",
VMC,BUILDING,BUILDING-CEMENT/CONCRETE,23,268.57000732421875,-0.1014971572685397,297.51;298.31;304.74;310.28;322.47;329.09;320.67;301.05;301.68;309.59;304.35;308.80;298.84;286.12;273.79;266.07;264.89;264.93;256.51;263.23;269.00;260.94;271.76;279.32;277.30;292.44;296.56;290.67;291.13;290.14;292.13;290.74;295.49;296.73;290.93;288.36;282.14;274.00;267.30;258.95;261.56;268.94;276.75;281.56;285.30;281.38;279.00;280.19;292.99;294.82;304.39;307.29;311.35;295.01;303.19;299.90;288.73;292.78;289.11;288.33;276.75;274.93;284.49;283.92;268.57,HALAL,"Business activity permissible — debt ratio not verified, cross-check Musaffa/Zoya",
MLM,BUILDING,BUILDING-CEMENT/CONCRETE,15,525.1400146484375,-0.1892953632946598,647.53;651.60;652.59;669.39;688.17;706.23;658.32;664.76;673.61;681.79;671.50;674.78;655.84;632.03;611.65;596.74;582.92;581.67;566.66;576.77;588.58;570.13;587.84;596.33;593.58;624.61;634.38;616.06;621.13;613.61;618.01;608.88;611.98;613.61;605.24;599.63;585.14;575.97;557.86;531.89;537.20;560.13;574.32;570.96;583.15;575.83;572.25;565.54;588.89;591.08;609.88;616.62;616.06;576.70;599.42;594.17;571.90;569.35;569.32;562.59;547.33;546.87;572.03;569.66;525.14,HALAL,"Business activity permissible — debt ratio not verified, cross-check Musaffa/Zoya",
EXP,BUILDING,BUILDING-CEMENT/CONCRETE,24,204.94000244140625,-0.0817298468969514,218.96;211.44;208.95;228.76;225.29;229.68;232.09;229.15;233.81;224.64;221.71;223.24;213.35;205.07;196.00;190.75;186.00;188.28;176.78;182.25;186.47;182.11;189.23;187.74;184.92;197.06;201.60;196.87;201.05;205.51;208.16;209.65;204.32;210.58;209.49;211.46;204.69;199.13;194.43;199.65;198.90;206.32;218.71;220.75;218.24;212.47;217.13;216.81;217.96;213.24;223.50;233.65;233.83;225.00;220.15;213.02;205.62;205.14;206.53;205.93;205.01;207.11;216.69;209.91;204.94,HALAL,"Business activity permissible — debt ratio not verified, cross-check Musaffa/Zoya",
SUM,BUILDING,BUILDING-CEMENT/CONCRETE,,,,,HALAL,"Business activity permissible — debt ratio not verified, cross-check Musaffa/Zoya",
CX,BUILDING,BUILDING-CEMENT/CONCRETE,,,,,HALAL,"Business activity permissible — debt ratio not verified, cross-check Musaffa/Zoya",
MAS,BUILDING,BUILDING-CONSTRUCTION PRODUCTS,,,,,HALAL,"Business activity permissible — debt ratio not verified, cross-check Musaffa/Zoya",
FBHS,BUILDING,BUILDING-CONSTRUCTION PRODUCTS,,,,,HALAL,"Business activity permissible — debt ratio not verified, cross-check Musaffa/Zoya",
JELD,BUILDING,BUILDING-CONSTRUCTION PRODUCTS,3,1.4199999570846558,-0.5313531450518978,2.78;2.70;2.56;2.80;2.93;2.85;2.39;2.10;2.38;2.02;1.96;1.96;2.01;1.86;1.67;1.54;1.49;1.42;1.33;1.30;1.24;1.14;1.24;1.10;0.95;1.08;1.13;1.18;1.28;1.25;1.30;1.53;1.43;1.45;1.64;1.69;1.61;1.51;1.47;1.43;1.60;1.80;2.11;1.99;2.05;1.86;1.75;1.79;1.79;1.67;1.66;1.69;1.44;1.50;1.44;1.25;1.24;1.17;1.18;1.17;1.19;1.10;1.16;1.28;1.42,HALAL,"Business activity permissible — debt ratio not verified, cross-check Musaffa/Zoya",
AWI,BUILDING,BUILDING-CONSTRUCTION PRODUCTS,31,174.66000366210938,-0.0635589400222164,184.82;183.37;186.02;190.22;197.44;202.32;196.14;197.41;195.69;192.04;171.51;172.79;169.19;171.36;166.13;167.37;166.95;169.81;165.04;165.46;166.83;161.83;164.45;164.68;166.23;173.98;178.00;175.96;179.14;177.29;179.00;177.39;168.49;168.11;164.04;164.73;159.43;158.04;155.17;152.83;157.15;159.70;160.34;155.17;153.21;155.15;156.45;155.09;156.66;153.89;156.84;157.70;162.16;160.42;158.56;155.36;154.09;155.69;155.90;155.97;151.43;158.05;165.22;174.48;174.66,HALAL,"Business activity permissible — debt ratio not verified, cross-check Musaffa/Zoya",
USLM,BUILDING,BUILDING-CONSTRUCTION PRODUCTS,18,110.30000305175781,-0.13656895074607567,126.20;123.68;123.47;114.13;108.43;107.40;104.81;105.51;107.35;107.44;112.79;114.10;124.50;121.38;118.90;117.72;119.16;123.42;118.36;119.94;126.09;123.92;130.54;135.58;131.38;136.16;138.50;133.74;139.38;129.43;132.29;128.42;128.17;109.94;106.39;109.22;109.71;109.29;103.94;102.38;105.82;109.41;111.30;111.22;106.36;104.61;107.45;105.95;110.35;110.37;111.12;107.18;106.34;104.67;107.50;99.86;99.20;103.33;104.78;104.97;107.07;106.49;114.48;113.00;110.30,HALAL,"Business activity permissible — debt ratio not verified, cross-check Musaffa/Zoya",
ROCK,BUILDING,BUILDING-CONSTRUCTION PRODUCTS,12,42.2599983215332,-0.1838547833564268,50.66;52.26;51.96;53.08;53.91;54.61;53.24;53.35;53.15;50.40;49.21;45.48;43.83;41.23;39.18;42.32;41.27;41.76;40.03;40.85;41.99;40.39;39.87;38.89;38.47;41.03;41.55;38.07;39.40;38.74;39.88;39.91;37.53;39.20;38.31;37.59;39.24;38.22;35.38;33.82;35.54;37.48;39.23;37.74;37.63;36.97;39.31;39.41;40.48;40.52;40.01;43.20;44.20;45.10;43.92;43.15;42.09;41.29;44.21;43.18;43.59;44.38;45.91;43.10;42.26,HALAL,"Business activity permissible — debt ratio not verified, cross-check Musaffa/Zoya",
MTZ,BUILDING,BUILDING-HEAVY CONSTRUCTION,44,263.1000061035156,0.08808934153403847,248.59;245.08;245.40;235.44;259.16;261.39;265.29;267.93;275.61;278.49;285.26;298.02;300.74;295.30;297.81;303.73;290.00;304.67;312.72;310.63;323.55;316.01;321.74;336.25;338.19;357.37;365.55;365.07;370.89;371.41;382.88;385.89;370.55;417.41;437.51;412.27;421.37;423.79;414.90;385.00;388.77;390.75;383.33;362.09;369.66;363.89;353.08;358.50;371.85;374.91;406.32;393.14;396.25;416.06;373.43;358.85;384.72;360.21;357.71;329.59;351.40;358.86;336.79;287.42;263.10,HALAL,"Business activity permissible — debt ratio not verified, cross-check Musaffa/Zoya",
PWR,BUILDING,BUILDING-HEAVY CONSTRUCTION,84,667.3599853515625,0.4241681436590705,479.10;483.26;477.60;464.41;507.93;510.46;515.70;524.95;553.81;548.92;562.57;562.88;565.80;549.03;567.84;567.51;558.82;571.44;577.75;567.25;573.30;549.79;548.83;560.54;555.49;581.97;595.75;591.73;601.79;605.80;633.34;637.18;628.50;742.10;771.49;750.62;781.26;773.60;769.87;714.02;716.80;742.07;729.99;687.37;715.56;695.00;691.84;683.19;724.24;714.74;740.03;701.77;687.76;719.93;668.31;656.79;668.17;646.70;648.84;628.53;639.20;653.80;620.28;561.14;667.36,HALAL,"Business activity permissible — debt ratio not verified, cross-check Musaffa/Zoya",
EME,BUILDING,BUILDING-HEAVY CONSTRUCTION,54,797.4299926757812,0.1498525796514769,715.55;729.66;730.93;707.90;763.58;778.30;782.14;796.69;802.74;805.84;800.99;723.89;735.55;718.28;718.45;719.45;709.19;727.81;750.57;743.91;763.98;732.15;737.56;755.53;749.66;799.59;811.39;802.83;805.63;837.58;872.66;884.96;832.94;903.03;932.79;923.58;931.02;922.53;912.64;853.92;848.76;860.97;848.01;830.52;839.11;817.02;827.35;811.11;841.87;827.07;868.43;846.73;797.69;829.45;774.26;767.98;783.01;764.51;769.72;744.16;760.27;769.07;742.75;672.48;797.43,HALAL,"Business activity permissible — debt ratio not verified, cross-check Musaffa/Zoya",
FIX,BUILDING,BUILDING-HEAVY CONSTRUCTION,95,1729.68994140625,0.5437890567588124,1159.32;1170.39;1175.19;1118.79;1229.14;1268.47;1298.84;1336.53;1372.27;1412.28;1449.28;1428.07;1389.89;1346.99;1371.86;1406.77;1364.81;1423.90;1444.03;1407.70;1470.06;1366.23;1378.45;1416.63;1424.35;1573.83;1627.17;1648.31;1649.82;1673.50;1773.22;1793.34;1723.46;1866.29;1966.47;1941.26;2032.18;2033.83;1992.74;1825.50;1835.33;1883.56;1855.15;1787.88;1850.04;1843.94;1831.56;1843.42;1952.02;1931.77;2066.51;1954.47;1854.23;1981.95;1741.30;1683.44;1781.42;1732.03;1736.70;1674.06;1773.51;1831.15;1730.42;1519.96;1729.69,HALAL,"Business activity permissible — debt ratio not verified, cross-check Musaffa/Zoya",
DY,BUILDING,BUILDING-HEAVY CONSTRUCTION,68,401.07000732421875,0.08924259697376935,374.87;365.47;383.58;363.20;400.47;410.40;417.33;422.43;419.40;420.34;425.47;420.02;403.49;369.98;360.29;366.95;347.23;361.43;355.60;349.74;353.52;341.96;338.82;348.15;356.79;391.62;396.95;395.00;399.45;404.81;414.35;416.01;390.31;433.60;457.14;426.36;430.95;444.81;437.37;413.35;414.43;420.47;535.20;493.89;484.11;466.28;453.79;464.57;471.30;461.38;468.01;483.48;488.25;505.59;437.76;413.15;427.21;410.11;428.77;407.11;423.23;440.39;424.21;371.92;401.07,HALAL,"Business activity permissible — debt ratio not verified, cross-check Musaffa/Zoya",
PRIM,BUILDING,BUILDING-HEAVY CONSTRUCTION,4,84.41000366210938,-0.4291225914615866,151.72;152.25;152.62;145.10;160.31;161.13;163.22;162.15;165.53;165.41;152.98;150.51;146.87;137.71;137.54;133.44;133.31;140.30;142.88;142.39;149.19;143.30;142.92;147.70;148.83;163.58;163.77;162.39;164.67;164.53;172.39;172.86;165.93;180.20;202.75;107.89;114.30;112.85;113.24;104.61;109.91;129.25;126.51;121.34;126.22;121.74;103.81;94.42;101.26;101.58;108.25;92.61;93.03;99.12;88.20;86.97;89.43;85.22;90.67;85.96;87.80;90.63;85.53;74.76;84.41,HALAL,"Business activity permissible — debt ratio not verified, cross-check Musaffa/Zoya",
MYRG,BUILDING,BUILDING-HEAVY CONSTRUCTION,84,333.2200012207031,0.3623057763934936,253.08;254.66;257.41;248.72;268.76;269.32;267.81;270.32;271.01;274.47;274.01;269.96;269.72;268.50;267.31;268.97;261.13;265.37;273.66;274.39;285.18;273.47;282.32;285.68;288.85;315.03;319.54;320.43;329.33;334.35;338.05;346.37;337.76;433.49;468.54;427.38;458.42;467.97;467.46;440.68;438.96;464.35;478.93;449.85;441.35;445.66;423.44;425.08;449.94;444.40;483.08;470.08;477.95;500.40;433.01;419.08;430.91;411.89;414.98;391.51;400.10;407.40;369.00;322.06;333.22,HALAL,"Business activity permissible — debt ratio not verified, cross-check Musaffa/Zoya",
RBA,BUILDING,BUILDING-MAINT & SVCS,,,,,HALAL,"Business activity permissible — debt ratio not verified, cross-check Musaffa/Zoya",
FERG,BUILDING,BUILDING-MAINT & SVCS,26,234.3300018310547,-0.0705119956634932,249.67;254.50;253.02;259.08;260.78;261.89;261.67;257.71;255.90;249.42;258.70;258.80;246.09;238.03;229.70;230.74;221.20;225.05;216.87;221.65;227.96;223.90;232.37;234.17;235.01;252.71;257.46;256.17;259.49;262.00;262.36;263.21;255.18;263.26;251.84;245.58;243.04;232.72;223.82;221.57;223.74;227.30;226.49;224.38;226.09;229.58;235.44;228.03;235.56;229.62;237.28;236.68;238.61;237.33;230.24;223.18;224.62;233.19;230.52;232.02;226.50;228.67;234.10;226.20;234.33,HALAL,"Business activity permissible — debt ratio not verified, cross-check Musaffa/Zoya",
WMS,BUILDING,BUILDING-MAINT & SVCS,33,138.47999572753906,-0.09317951047376083,152.65;152.84;155.91;159.86;174.94;174.63;167.37;170.35;170.69;168.05;169.58;170.91;161.98;148.79;149.68;147.03;137.07;139.65;134.46;137.67;138.77;132.51;136.93;137.47;139.97;149.07;151.83;147.54;153.15;153.11;152.80;152.28;146.20;147.10;142.44;143.87;143.60;137.74;135.45;131.40;134.96;137.89;139.85;135.65;132.51;130.15;135.69;135.06;136.79;139.16;141.40;149.05;154.50;156.96;152.18;149.07;147.85;147.62;151.26;147.55;138.85;140.46;143.19;138.31;138.48,HALAL,"Business activity permissible — debt ratio not verified, cross-check Musaffa/Zoya",
BCC,BUILDING,BUILDING-MAINT & SVCS,,,,,HALAL,"Business activity permissible — debt ratio not verified, cross-check Musaffa/Zoya",
BLDR,BUILDING,BUILDING-MAINT & SVCS,4,66.44000244140625,-0.4570120782118934,117.29;115.23;113.27;123.80;124.42;128.42;120.57;114.63;111.42;107.28;102.63;104.29;97.45;95.51;94.95;91.11;88.09;90.68;84.49;84.66;85.41;80.43;82.33;79.12;78.93;85.21;87.53;85.13;88.50;89.76;90.14;89.88;83.38;75.72;74.56;79.41;74.88;72.32;70.41;66.39;73.86;74.41;76.72;75.62;74.26;73.64;77.54;78.57;77.81;76.14;77.33;85.41;89.14;89.48;84.69;78.42;74.54;73.51;76.05;74.26;69.74;70.55;72.72;67.76;66.44,HALAL,"Business activity permissible — debt ratio not verified, cross-check Musaffa/Zoya",
LCII,BUILDING,BUILDING-MOBILE/MFG & RV,25,102.36000061035156,-0.29075204907785024,145.18;146.48;145.28;151.29;151.65;151.86;151.78;151.12;143.07;139.14;133.53;130.61;132.78;129.13;126.27;123.34;122.09;122.48;119.82;120.13;121.67;120.11;121.73;121.45;120.14;125.48;121.94;119.41;122.17;119.94;119.32;117.37;116.49;115.60;110.89;115.24;111.99;109.83;109.90;106.29;108.07;110.63;111.71;106.79;106.78;94.26;93.43;91.59;92.46;89.73;91.33;94.14;95.87;105.88;103.36;105.82;101.88;102.04;104.12;108.17;104.78;104.60;103.52;106.55;102.36,HALAL,"Business activity permissible — debt ratio not verified, cross-check Musaffa/Zoya",
WGO,BUILDING,BUILDING-MOBILE/MFG & RV,22,30.280000686645508,-0.3349588930135885,45.76;45.60;45.04;48.73;47.69;46.15;45.40;45.60;44.93;43.04;41.27;38.99;38.10;37.19;34.46;33.58;33.11;32.77;32.34;33.57;31.93;30.76;30.29;29.68;30.82;32.21;31.95;31.27;33.33;33.22;32.24;31.78;31.46;31.63;30.57;31.50;30.12;28.86;28.47;27.86;28.99;29.39;29.96;28.69;28.61;27.36;28.45;28.12;29.50;28.01;28.32;27.27;31.35;31.24;31.16;30.88;29.07;29.56;30.50;30.70;30.38;30.07;31.09;31.82;30.28,HALAL,"Business activity permissible — debt ratio not verified, cross-check Musaffa/Zoya",
THO,BUILDING,BUILDING-MOBILE/MFG & RV,12,74.97000122070312,-0.3354623314490559,112.83;111.38;111.46;118.70;118.35;116.97;112.03;113.23;111.70;106.56;102.34;94.82;89.14;89.03;84.72;83.56;81.22;80.10;75.31;79.36;80.51;78.04;78.80;76.31;75.72;79.72;78.74;75.65;79.99;79.96;78.26;78.14;77.21;77.64;74.72;76.41;74.14;74.34;73.57;71.63;75.00;77.67;79.76;77.21;79.21;75.18;78.26;76.20;75.45;71.42;72.03;74.97;78.20;74.64;76.50;75.50;73.24;71.96;74.96;76.27;75.32;74.99;76.54;78.07;74.97,HALAL,"Business activity permissible — debt ratio not verified, cross-check Musaffa/Zoya",
PATK,BUILDING,BUILDING-MOBILE/MFG & RV,11,82.55000305175781,-0.3509108219963126,128.81;128.41;125.63;133.55;139.64;141.29;140.12;138.47;134.66;129.34;127.71;123.15;122.19;118.90;115.61;114.45;113.72;113.86;110.13;111.07;111.42;106.83;110.50;113.95;110.98;117.98;111.43;98.75;106.38;103.07;99.58;95.82;92.82;88.48;89.59;94.87;94.51;95.01;90.72;88.33;89.74;92.32;93.19;90.22;90.65;85.12;87.88;85.72;86.20;85.61;86.47;90.28;95.33;89.78;85.03;87.73;83.67;83.43;84.60;88.09;85.33;85.45;84.69;86.62;82.55,HALAL,"Business activity permissible — debt ratio not verified, cross-check Musaffa/Zoya",
CWH,BUILDING,BUILDING-MOBILE/MFG & RV,3,6.190000057220459,-0.5698401730690199,14.24;13.32;13.16;13.65;13.62;12.88;11.53;11.76;11.99;11.28;9.06;8.32;7.63;7.75;7.47;6.96;6.46;6.26;6.09;6.95;6.98;6.91;6.83;6.48;6.37;7.16;7.08;6.86;7.69;7.18;6.90;6.91;6.93;7.76;7.38;7.59;6.76;6.68;6.63;6.82;7.38;7.68;7.66;7.52;7.12;6.41;7.29;7.74;7.74;7.20;7.35;7.56;7.60;7.63;7.23;6.69;6.46;6.14;6.56;6.18;5.96;5.63;6.12;6.05;6.19,HALAL,"Business activity permissible — debt ratio not verified, cross-check Musaffa/Zoya",
DHI,BUILDING,BUILDING-RESIDENTIAL/COMMERCIAL,27,143.05999755859375,-0.04390299218945115,147.72;149.54;148.89;157.29;155.80;161.79;164.09;165.79;163.29;163.75;156.99;159.91;152.15;149.43;147.24;142.24;140.07;141.71;137.56;138.40;137.27;133.79;136.81;139.27;136.66;143.31;143.89;143.76;149.36;161.71;163.72;158.85;151.19;149.53;146.03;145.97;144.96;140.73;135.39;134.72;144.14;145.60;146.92;146.98;144.50;145.60;151.07;154.43;155.09;152.48;155.94;166.51;166.29;162.88;158.57;155.72;149.55;148.85;151.55;149.39;143.52;142.12;147.65;147.16;143.06,HALAL,"Business activity permissible — debt ratio not verified, cross-check Musaffa/Zoya",
LEN,BUILDING,BUILDING-RESIDENTIAL/COMMERCIAL,9,82.3499984741211,-0.25203914283898743,108.36;109.50;107.11;113.98;112.75;118.07;119.48;120.08;114.82;114.90;109.49;113.08;107.20;103.13;98.82;95.49;93.90;95.95;92.67;92.42;91.16;89.24;85.87;85.52;84.66;87.94;88.79;87.45;91.75;93.75;93.62;92.70;88.18;87.93;85.69;87.22;86.57;84.47;81.81;82.51;88.30;88.76;89.22;89.58;88.93;89.95;92.01;94.39;89.22;85.97;86.92;92.40;92.97;89.95;87.69;86.23;83.85;82.84;85.29;83.89;81.84;82.13;85.04;84.56;82.35,HALAL,"Business activity permissible — debt ratio not verified, cross-check Musaffa/Zoya",
PHM,BUILDING,BUILDING-RESIDENTIAL/COMMERCIAL,43,126.47000122070312,0.014769447796568969,123.35;126.72;126.53;134.00;134.52;136.75;138.30;140.98;139.02;139.62;134.04;136.62;131.47;129.10;126.12;122.86;118.68;121.70;117.60;118.39;117.93;114.39;117.36;117.04;114.85;121.97;121.49;120.56;126.26;128.37;130.36;128.01;120.45;118.96;117.72;116.57;115.21;112.73;109.88;110.81;116.05;117.59;117.76;117.45;116.96;118.15;122.52;123.74;122.58;121.88;125.62;135.71;137.61;137.21;133.67;129.92;123.72;123.75;125.39;126.08;124.26;124.67;130.59;132.31;126.47,HALAL,"Business activity permissible — debt ratio not verified, cross-check Musaffa/Zoya",
NVR,BUILDING,BUILDING-RESIDENTIAL/COMMERCIAL,15,6147.0498046875,-0.1959543130994701,7499.76;7623.76;7718.38;8025.84;8009.84;8094.28;8096.16;7421.00;7526.14;7456.83;7283.14;7517.79;7361.10;7074.84;6872.03;6610.91;6466.56;6596.75;6417.90;6530.69;6552.20;6450.76;6589.83;6663.14;6492.24;6798.75;6781.69;6767.21;7000.92;6933.50;6669.01;6482.53;6207.50;6154.14;6004.33;6008.85;5910.67;5720.10;5563.62;5773.52;6047.87;6032.82;6160.54;6121.31;6119.41;6182.55;6406.57;6479.70;6335.00;6275.94;6352.55;6764.83;6828.62;6813.40;6750.79;6693.69;6471.44;6437.99;6497.57;6490.04;6325.40;6155.02;6311.54;6381.79;6147.05,HALAL,"Business activity permissible — debt ratio not verified, cross-check Musaffa/Zoya",
TOL,BUILDING,BUILDING-RESIDENTIAL/COMMERCIAL,48,145.88999938964844,0.010335146207278045,142.55;146.54;144.96;149.94;152.73;160.69;162.02;163.24;159.62;157.87;156.54;156.67;153.11;149.10;146.60;142.72;136.20;141.01;136.08;137.48;136.42;130.65;135.98;135.34;132.61;139.72;141.06;139.88;146.42;148.06;148.99;147.10;139.33;139.59;137.04;136.85;134.91;132.65;126.00;123.92;134.27;137.61;137.90;138.14;137.18;137.67;143.89;146.95;148.45;149.40;151.65;160.75;163.85;164.46;156.86;151.37;148.00;148.15;153.19;150.76;147.20;146.55;151.01;150.20;145.89,HALAL,"Business activity permissible — debt ratio not verified, cross-check Musaffa/Zoya",
KBH,BUILDING,BUILDING-RESIDENTIAL/COMMERCIAL,30,54.970001220703125,-0.06039124348030778,57.04;57.25;57.04;60.69;60.63;63.19;63.64;65.42;64.48;64.04;62.74;63.26;60.22;58.19;57.07;54.39;52.68;54.56;52.24;52.92;51.86;50.65;51.49;50.59;48.17;51.96;51.74;51.31;54.01;55.46;55.86;55.14;52.04;51.18;48.18;49.18;47.87;46.65;45.07;45.04;48.02;49.22;49.15;51.11;51.16;52.04;53.48;54.31;53.23;52.42;52.52;61.51;62.23;62.59;61.16;58.68;56.71;54.81;56.42;56.10;55.16;55.62;57.62;57.04;54.97,HALAL,"Business activity permissible — debt ratio not verified, cross-check Musaffa/Zoya",
MTH,BUILDING,BUILDING-RESIDENTIAL/COMMERCIAL,36,70.19999694824219,-0.011136311757405482,68.59;68.98;69.21;74.36;74.85;77.41;75.73;79.03;76.72;75.72;73.53;74.36;71.07;67.97;67.08;64.32;62.20;63.76;59.80;60.94;61.18;59.60;61.43;61.75;60.68;66.25;65.96;64.60;67.62;69.03;69.44;69.27;66.58;65.90;63.70;64.02;63.37;61.12;58.78;60.47;63.46;64.36;65.19;68.17;66.67;67.88;71.62;73.11;72.42;72.45;75.08;82.39;85.18;83.85;81.86;78.31;74.91;73.83;75.17;74.17;71.66;71.58;73.35;71.61;70.20,HALAL,"Business activity permissible — debt ratio not verified, cross-check Musaffa/Zoya",
TPH,BUILDING,BUILDING-RESIDENTIAL/COMMERCIAL,,,,,HALAL,"Business activity permissible — debt ratio not verified, cross-check Musaffa/Zoya",
MHO,BUILDING,BUILDING-RESIDENTIAL/COMMERCIAL,56,146.1300048828125,0.0950169218773993,128.60;136.37;133.60;138.80;141.86;145.40;146.82;146.74;141.59;141.04;140.40;142.16;142.21;138.37;133.94;129.85;128.71;128.94;122.87;123.59;123.10;118.55;122.45;121.62;117.69;125.11;124.13;120.47;126.38;128.88;134.67;134.20;129.99;130.09;128.48;130.02;130.24;127.08;121.33;122.39;128.96;132.11;132.52;137.66;135.93;137.33;140.78;141.95;141.29;142.78;149.09;158.83;163.00;160.79;156.84;150.28;146.87;146.07;149.62;149.53;146.91;146.84;149.01;154.48;146.13,HALAL,"Business activity permissible — debt ratio not verified, cross-check Musaffa/Zoya",
TMHC,BUILDING,BUILDING-RESIDENTIAL/COMMERCIAL,,,,61.16;61.55;61.64;65.36;65.18;66.41;65.47;68.09;67.09;66.68;65.39;65.89;63.57;61.62;61.00;59.56;59.20;60.15;58.51;59.32;59.52;57.33;58.24;58.02;55.94;60.28;60.30;57.74;60.64;61.94;64.33;62.96;60.66;60.39;59.44;59.47;59.30;56.78;54.79;55.18;57.79;58.60;58.73;71.55;71.54;71.53;71.64;71.91;71.95;71.59;71.60;71.93;71.81;71.74;71.86;71.77;71.80;71.87;71.86;72.13;;72.45;;;,HALAL,"Business activity permissible — debt ratio not verified, cross-check Musaffa/Zoya",
GRBK,BUILDING,BUILDING-RESIDENTIAL/COMMERCIAL,41,70.7300033569336,0.011150914120390265,68.80;70.05;69.66;75.27;75.46;77.58;77.56;79.49;78.30;77.86;74.42;73.66;71.81;70.26;66.98;65.59;65.02;65.52;62.93;63.48;64.01;61.90;64.45;65.35;64.24;69.23;67.77;65.56;69.18;70.94;71.84;70.87;67.34;66.27;65.66;65.64;65.26;63.41;62.00;63.45;66.53;67.14;67.67;68.31;68.65;68.81;71.44;73.04;72.06;71.39;73.60;80.22;80.24;80.04;79.25;74.81;73.36;71.90;73.37;72.75;70.55;70.96;72.43;71.53;70.73,HALAL,"Business activity permissible — debt ratio not verified, cross-check Musaffa/Zoya",
WY,BUILDING,BUILDING-WOOD PRODUCTS,38,25.030000686645508,-0.045244300700417406,25.78;25.49;25.40;26.25;26.19;26.48;26.58;26.42;25.12;24.70;23.95;24.11;24.35;24.21;24.03;23.03;23.26;23.89;22.76;22.96;23.45;23.66;24.22;24.22;23.82;24.61;24.61;24.00;24.96;24.68;24.79;24.81;24.04;23.79;23.50;23.50;23.22;22.90;22.49;22.70;23.32;23.62;24.35;23.51;24.26;24.48;24.65;24.33;24.65;24.33;24.25;25.30;25.31;23.94;23.79;23.29;22.50;23.41;23.91;24.49;23.61;23.64;23.91;24.45;25.03,HALAL,"Business activity permissible — debt ratio not verified, cross-check Musaffa/Zoya",
PCH,BUILDING,BUILDING-WOOD PRODUCTS,,,,,HALAL,"Business activity permissible — debt ratio not verified, cross-check Musaffa/Zoya",
RYN,BUILDING,BUILDING-WOOD PRODUCTS,33,21.780000686645508,-0.06949428992323381,22.51;22.04;22.01;22.21;21.90;21.88;21.93;23.07;21.99;21.41;20.80;20.96;21.21;21.38;20.58;20.13;19.68;20.12;19.66;19.84;19.89;20.06;20.37;20.85;20.67;21.09;21.20;20.57;21.06;20.94;21.04;21.12;20.96;20.70;20.45;20.16;20.06;19.78;19.58;19.73;20.14;20.26;20.86;20.29;20.68;20.72;20.73;20.61;21.28;20.73;20.91;21.68;21.91;21.28;21.49;21.83;20.90;21.45;21.81;21.80;21.25;21.31;21.68;22.18;21.78,HALAL,"Business activity permissible — debt ratio not verified, cross-check Musaffa/Zoya",
LPX,BUILDING,BUILDING-WOOD PRODUCTS,16,72.43000030517578,-0.19996816236418968,87.32;85.76;84.09;93.45;96.21;95.83;93.15;88.16;84.54;80.76;81.68;84.38;82.31;80.12;77.33;76.70;75.49;76.76;71.94;72.33;74.09;70.99;72.44;70.51;69.59;75.68;75.18;73.49;76.64;70.41;74.38;76.19;71.78;70.96;69.45;75.17;72.67;69.94;69.86;67.02;70.14;73.50;76.09;74.53;73.79;70.60;72.49;74.76;77.23;75.29;75.74;79.69;82.38;78.66;79.31;74.78;72.72;72.20;73.44;73.98;70.25;72.14;74.23;73.61;72.43,HALAL,"Business activity permissible — debt ratio not verified, cross-check Musaffa/Zoya",
BCC,BUILDING,BUILDING-WOOD PRODUCTS,,,,,HALAL,"Business activity permissible — debt ratio not verified, cross-check Musaffa/Zoya",
IPG,BUSINESS_PRODUCTS,COMMERCIAL SVCS-ADVERTISING,,,,,HALAL,"Business activity permissible — debt ratio not verified, cross-check Musaffa/Zoya",
OMC,BUSINESS_PRODUCTS,COMMERCIAL SVCS-ADVERTISING,44,78.69999694824219,0.006830391749027331,76.44;74.23;74.96;67.73;68.45;71.57;65.90;66.60;79.29;79.11;81.03;83.55;82.90;83.04;82.28;79.21;76.98;77.56;75.04;74.84;74.94;73.04;74.51;74.02;74.85;74.09;75.20;76.67;77.84;77.24;76.01;75.21;75.38;76.11;76.82;76.11;74.36;73.45;70.08;71.07;72.99;73.62;73.31;75.17;72.96;74.51;74.83;75.59;76.51;76.31;72.55;73.66;73.09;72.83;78.62;80.84;80.83;82.55;80.93;81.73;79.21;77.90;82.41;82.58;78.70,HALAL,"Business activity permissible — debt ratio not verified, cross-check Musaffa/Zoya",
TTD,BUSINESS_PRODUCTS,COMMERCIAL SVCS-ADVERTISING,2,18.040000915527344,-0.5064295132122643,32.19;31.25;29.75;27.27;27.04;28.13;26.14;25.26;25.24;24.17;25.16;23.82;25.00;29.79;28.56;27.28;27.34;25.07;23.51;23.95;21.97;21.28;22.69;22.05;20.70;20.61;21.22;22.38;22.47;23.20;22.62;23.14;24.37;24.24;24.61;23.49;21.52;20.49;21.15;21.16;21.28;22.18;21.15;23.22;20.56;19.95;19.89;18.90;19.27;18.16;18.02;17.70;18.37;18.08;19.10;19.18;19.75;19.79;19.37;18.59;18.25;16.79;17.88;19.09;18.04,HALAL,"Business activity permissible — debt ratio not verified, cross-check Musaffa/Zoya",
CRTO,BUSINESS_PRODUCTS,COMMERCIAL SVCS-ADVERTISING,47,21.81999969482422,0.07540654067324426,20.09;19.76;19.01;18.52;19.19;19.49;18.21;17.05;17.53;16.65;17.80;17.87;18.85;19.29;18.86;18.56;17.72;18.02;17.46;17.41;17.72;17.18;17.93;18.50;18.47;18.12;18.33;19.37;19.48;19.35;18.51;19.31;19.42;19.58;20.12;16.45;16.11;16.15;16.06;17.14;17.17;17.03;18.29;19.11;17.15;17.73;17.05;17.41;17.70;17.49;16.57;18.12;17.66;18.28;19.08;23.16;23.14;23.28;22.60;22.48;21.57;20.83;20.85;22.63;21.82,HALAL,"Business activity permissible — debt ratio not verified, cross-check Musaffa/Zoya",
DV,BUSINESS_PRODUCTS,COMMERCIAL SVCS-ADVERTISING,27,11.25,0.023657892110709566,10.92;11.09;10.60;9.88;9.34;9.75;9.33;9.32;9.59;8.85;9.53;10.54;10.16;10.92;10.80;10.59;10.21;10.00;10.04;10.17;9.85;9.31;9.50;9.94;10.08;9.73;10.07;10.55;10.77;10.66;10.43;10.91;10.96;11.31;11.46;10.85;10.43;8.88;9.06;9.46;9.52;9.68;9.66;10.54;10.20;10.25;10.44;10.23;10.25;10.37;10.17;10.35;10.82;10.84;11.44;11.44;11.73;11.91;11.82;11.42;11.31;10.38;10.95;11.52;11.25,HALAL,"Business activity permissible — debt ratio not verified, cross-check Musaffa/Zoya",
NCMI,BUSINESS_PRODUCTS,COMMERCIAL SVCS-ADVERTISING,40,4.010000228881836,0.08934041418376504,3.66;3.54;3.61;3.43;3.51;3.46;3.19;3.17;3.26;3.23;3.34;3.49;3.47;3.44;3.49;3.37;3.26;3.41;3.23;3.28;3.18;3.01;3.02;2.97;3.22;3.37;3.35;3.46;3.59;3.48;3.47;3.51;3.53;3.38;3.43;3.67;3.45;2.95;2.77;2.95;2.97;3.03;3.09;3.62;3.57;3.55;3.55;3.58;3.57;3.63;3.36;3.58;3.75;3.80;3.97;3.82;3.88;3.99;3.99;3.78;3.90;3.74;3.86;4.03;4.01,HALAL,"Business activity permissible — debt ratio not verified, cross-check Musaffa/Zoya",
ACN,BUSINESS_PRODUCTS,COMMERCIAL SVCS-CONSULTING,8,165.9199981689453,-0.39752010882802646,270.23;255.95;261.40;236.77;235.76;236.00;217.57;215.45;210.61;197.12;187.63;204.51;205.65;209.68;205.13;197.41;192.68;194.65;199.44;195.98;188.41;188.71;194.29;197.27;193.32;183.82;189.67;191.70;195.30;192.11;176.16;174.87;178.12;177.69;176.88;178.05;170.30;157.74;166.81;174.70;175.76;174.90;176.28;194.25;175.32;176.13;171.41;165.53;163.40;154.16;123.35;127.62;127.45;122.96;135.72;140.45;139.06;138.52;137.02;143.57;140.86;138.74;154.06;173.17;165.92,HALAL,"Business activity permissible — debt ratio not verified, cross-check Musaffa/Zoya",
BAH,BUSINESS_PRODUCTS,COMMERCIAL SVCS-CONSULTING,8,69.72000122070312,-0.30763091448567403,88.22;87.40;86.19;83.77;87.68;88.60;76.76;75.85;79.34;73.70;74.55;78.24;78.61;79.20;80.82;75.37;77.69;76.54;80.23;79.30;79.52;77.90;77.45;82.51;83.45;78.94;81.20;81.68;81.16;80.39;78.42;75.62;75.88;77.72;75.69;76.28;74.39;71.05;72.13;76.42;75.78;79.31;80.44;83.42;77.91;78.89;78.35;77.20;74.55;71.10;63.33;62.68;62.22;60.67;62.45;63.31;63.16;64.80;63.94;65.21;63.85;65.87;71.64;70.17;69.72,HALAL,"Business activity permissible — debt ratio not verified, cross-check Musaffa/Zoya",
CACI,BUSINESS_PRODUCTS,COMMERCIAL SVCS-CONSULTING,23,497.75,-0.24832752206336228,643.21;623.13;612.37;605.08;618.50;625.80;561.39;564.53;591.20;570.99;590.03;610.17;629.75;612.52;633.21;604.38;606.72;612.93;612.93;589.28;578.94;563.67;543.87;575.63;569.11;563.21;539.84;531.68;527.16;518.38;526.49;501.90;503.03;513.29;494.04;489.88;482.57;503.87;486.96;493.32;490.07;501.13;522.85;524.92;528.07;531.41;525.04;525.42;507.56;494.94;449.72;462.04;453.92;463.26;502.83;497.36;483.29;477.97;471.83;461.56;440.76;480.61;495.89;487.79;497.75,HALAL,"Business activity permissible — debt ratio not verified, cross-check Musaffa/Zoya",
ICFI,BUSINESS_PRODUCTS,COMMERCIAL SVCS-CONSULTING,38,80.91999816894531,-0.16297958813246993,93.13;90.65;93.38;90.44;86.71;86.81;75.29;75.62;78.41;75.27;74.85;82.78;77.23;74.59;75.04;71.45;69.52;67.36;66.09;68.57;65.88;64.64;65.16;66.96;67.43;68.82;69.94;72.91;70.39;68.47;66.81;66.09;68.43;73.21;74.38;74.35;67.13;59.78;61.00;66.42;67.89;68.05;69.12;70.75;68.19;69.88;71.40;72.49;72.15;72.20;64.54;67.89;71.51;72.86;74.99;76.98;76.34;79.13;77.96;78.86;75.00;77.09;80.01;83.03;80.92,HALAL,"Business activity permissible — debt ratio not verified, cross-check Musaffa/Zoya",
FCN,BUSINESS_PRODUCTS,COMMERCIAL SVCS-CONSULTING,22,159.3800048828125,-0.12625403386295042,182.99;174.60;176.81;174.20;178.93;173.36;160.91;160.23;162.24;156.31;159.98;164.42;166.30;165.51;167.57;162.84;162.58;163.42;169.37;171.89;168.56;170.34;176.77;183.33;184.51;181.01;179.64;179.49;179.50;187.03;185.20;185.00;179.33;173.82;166.95;161.85;159.09;144.83;143.76;154.64;153.24;152.76;154.90;155.00;154.66;159.70;159.92;155.71;156.60;150.60;141.00;144.35;151.10;149.01;153.59;158.49;154.78;161.62;160.90;162.55;155.40;157.45;161.88;170.42;159.38,HALAL,"Business activity permissible — debt ratio not verified, cross-check Musaffa/Zoya",
HURN,BUSINESS_PRODUCTS,COMMERCIAL SVCS-CONSULTING,49,151.77000427246094,-0.11421730176086109,169.95;166.82;172.37;165.47;169.67;145.86;125.43;130.21;130.94;127.16;133.31;141.40;148.46;145.28;142.46;134.96;127.14;126.88;127.25;129.29;120.36;122.64;127.49;130.35;131.62;124.29;127.22;131.76;129.17;128.28;121.83;127.12;128.48;131.29;132.22;124.78;115.94;103.47;105.48;108.04;105.31;103.90;106.95;110.59;104.81;110.00;110.54;106.43;107.11;106.20;90.48;96.53;98.73;90.16;97.16;105.93;102.51;111.23;113.98;114.80;110.85;109.19;116.51;170.37;151.77,HALAL,"Business activity permissible — debt ratio not verified, cross-check Musaffa/Zoya",
EXPO,BUSINESS_PRODUCTS,COMMERCIAL SVCS-CONSULTING,27,66.8499984741211,-0.09127779811642256,73.97;70.82;72.97;69.43;79.04;75.44;66.50;68.08;69.41;68.76;69.83;72.10;73.16;73.62;71.51;69.67;67.02;64.98;64.81;65.98;65.00;64.13;64.91;66.21;65.46;66.31;66.26;67.93;67.70;67.93;65.92;65.84;65.84;64.94;65.60;63.11;59.85;54.26;53.51;56.69;56.76;57.22;58.12;60.08;58.01;59.66;57.23;56.62;57.24;57.01;55.87;57.94;60.83;58.76;60.98;62.07;62.17;63.59;62.06;62.88;60.66;59.98;62.76;65.85;66.85,HALAL,"Business activity permissible — debt ratio not verified, cross-check Musaffa/Zoya",
ICLR,BUSINESS_PRODUCTS,COMMERCIAL SVCS-CONSULTING,70,163.56500244140625,-0.12391534485803724,187.97;185.89;178.59;163.11;150.59;144.55;80.08;88.62;98.41;104.66;101.00;108.14;108.70;110.60;110.03;105.38;98.33;100.49;98.05;100.35;99.99;102.08;110.66;114.19;107.16;106.70;110.37;116.50;119.68;115.18;106.34;103.21;116.17;112.85;121.32;125.00;118.96;117.38;116.38;113.55;116.57;113.85;136.80;138.03;143.90;149.45;151.82;149.92;147.72;143.27;140.73;158.17;169.86;173.71;173.06;168.72;168.77;166.10;172.08;170.00;166.62;170.32;168.78;178.18;163.57,HALAL,"Business activity permissible — debt ratio not verified, cross-check Musaffa/Zoya",
IQV,BUSINESS_PRODUCTS,COMMERCIAL SVCS-HEALTHCARE,80,235.02000427246094,-0.0012323882926419394,241.04;235.62;231.23;202.54;187.49;182.45;168.85;164.44;169.36;162.31;161.91;178.81;173.96;178.50;178.55;171.58;164.72;168.43;166.47;166.96;165.64;163.85;170.54;173.26;170.62;168.98;171.99;178.10;176.46;175.69;160.68;163.84;156.66;157.77;176.42;178.64;173.55;172.38;169.12;173.18;168.02;162.00;181.09;186.82;182.05;183.45;186.25;181.06;178.39;170.67;167.81;185.62;191.14;193.22;207.04;208.23;208.97;207.55;206.81;206.26;201.62;207.32;213.22;247.56;235.02,HALAL,"Business activity permissible — debt ratio not verified, cross-check Musaffa/Zoya",
CRL,BUSINESS_PRODUCTS,COMMERCIAL SVCS-HEALTHCARE,82,232.50999450683594,0.058740466557224424,219.53;211.68;213.22;201.62;189.21;181.24;158.74;158.53;164.24;163.52;167.56;178.49;175.69;181.32;176.99;168.91;155.46;153.71;153.05;158.00;165.89;159.16;172.50;173.89;169.54;175.55;178.34;180.56;183.88;183.10;167.74;171.23;163.84;165.78;185.39;181.68;168.46;162.85;150.85;152.43;158.86;156.73;181.34;182.07;179.87;181.34;189.85;188.06;188.47;182.34;181.56;202.10;215.75;226.79;230.69;228.68;233.60;229.75;228.22;224.35;219.40;229.29;224.30;234.80;232.51,HALAL,"Business activity permissible — debt ratio not verified, cross-check Musaffa/Zoya",
MEDP,BUSINESS_PRODUCTS,COMMERCIAL SVCS-HEALTHCARE,84,577.1099853515625,-0.01860386475385467,602.25;593.07;588.17;561.52;542.04;446.05;416.04;428.18;446.44;444.96;438.08;451.76;465.38;469.38;478.54;477.72;450.41;455.15;460.92;456.93;466.80;451.20;480.19;498.34;508.52;501.50;501.23;518.54;520.60;514.90;393.42;421.37;413.59;417.54;430.32;428.71;417.29;423.76;415.27;419.91;430.10;429.11;448.12;451.47;450.82;454.25;466.79;475.07;467.50;457.09;455.66;512.79;527.07;529.59;557.60;546.29;535.50;530.19;529.23;537.73;531.67;605.82;589.37;584.93;577.11,HALAL,"Business activity permissible — debt ratio not verified, cross-check Musaffa/Zoya",
PRVA,BUSINESS_PRODUCTS,COMMERCIAL SVCS-HEALTHCARE,33,23.670000076293945,-0.011278214358415029,22.86;22.87;23.41;22.01;21.99;21.82;21.50;22.08;21.83;21.65;22.65;23.75;23.77;23.84;23.30;22.07;21.68;22.10;21.77;21.52;20.54;20.02;20.57;21.21;22.38;22.71;23.01;23.44;24.02;23.60;23.50;24.41;24.69;24.85;24.29;23.99;22.76;22.63;22.95;23.29;22.64;22.20;21.59;21.31;20.66;21.63;22.17;23.36;23.02;23.41;23.49;24.51;25.57;25.73;27.36;27.23;27.77;27.89;28.10;26.90;26.31;24.97;24.67;24.12;23.67,HALAL,"Business activity permissible — debt ratio not verified, cross-check Musaffa/Zoya",
LFST,BUSINESS_PRODUCTS,COMMERCIAL SVCS-HEALTHCARE,95,10.479999542236328,0.42779282348398273,7.10;7.07;7.18;6.93;6.83;6.95;6.92;7.04;7.19;7.09;7.41;7.24;7.27;6.95;6.91;6.64;6.33;6.58;6.46;6.53;6.65;6.32;6.37;6.31;6.41;6.49;6.46;6.55;6.89;6.79;6.99;7.27;7.43;7.53;7.34;8.85;7.67;8.10;7.65;7.73;7.46;7.57;7.81;7.94;7.50;7.41;7.66;8.61;8.59;8.61;9.20;9.65;10.28;10.71;11.27;10.90;10.80;10.88;10.97;11.58;11.45;10.81;10.88;10.86;10.48,HALAL,"Business activity permissible — debt ratio not verified, cross-check Musaffa/Zoya",
URI,BUSINESS_PRODUCTS,COMMERCIAL SVCS-LEASING,65,1079.260009765625,0.17942299731960776,903.54;783.65;775.63;844.48;895.68;872.81;867.67;861.50;887.15;880.88;852.70;838.27;831.75;841.19;818.99;778.96;735.70;743.48;718.47;730.54;746.05;732.79;727.06;730.58;731.23;765.78;777.92;763.71;794.51;804.56;984.75;957.87;950.17;947.27;932.02;942.17;936.22;935.26;961.15;927.62;932.18;962.92;988.42;997.82;1056.58;1067.77;1094.17;1068.49;1084.01;1048.97;1092.68;1083.72;1121.66;1132.89;1098.59;1056.02;1088.67;1085.34;1047.28;1045.21;1013.54;1139.71;1127.91;1055.11;1079.26,HALAL,"Business activity permissible — debt ratio not verified, cross-check Musaffa/Zoya",
WSC,BUSINESS_PRODUCTS,COMMERCIAL SVCS-LEASING,42,24.280000686645508,0.15664917449004978,20.30;20.07;19.88;21.27;22.12;21.72;21.09;21.45;21.98;22.39;21.74;21.48;20.80;20.01;19.75;19.27;17.94;17.62;16.94;18.05;18.60;17.06;17.31;17.34;18.20;18.62;19.13;19.01;20.17;21.57;22.43;22.72;22.00;22.63;22.78;23.24;26.64;25.82;24.41;22.80;24.07;25.70;25.77;25.11;25.92;26.21;27.53;27.41;28.30;27.84;29.03;28.85;28.86;28.86;26.66;25.67;25.78;26.31;27.25;27.23;26.52;26.88;26.78;24.12;24.28,HALAL,"Business activity permissible — debt ratio not verified, cross-check Musaffa/Zoya",
HEES,BUSINESS_PRODUCTS,COMMERCIAL SVCS-LEASING,,,,,HALAL,"Business activity permissible — debt ratio not verified, cross-check Musaffa/Zoya",
MGRC,BUSINESS_PRODUCTS,COMMERCIAL SVCS-LEASING,31,115.1500015258789,0.02040514021718165,113.38;109.80;114.47;119.85;118.43;114.82;114.28;116.00;112.92;112.12;114.72;110.02;107.34;108.88;104.46;103.87;102.72;104.64;104.95;107.78;108.52;109.08;109.36;106.63;110.60;112.90;113.37;114.19;116.39;108.73;114.53;117.63;118.31;108.93;112.60;113.86;113.43;113.72;111.29;109.47;109.23;111.25;110.91;107.07;106.50;108.43;112.32;114.37;113.71;113.29;117.94;121.29;122.81;120.53;117.43;113.12;114.11;116.69;117.13;118.27;116.63;118.96;120.00;117.00;115.15,HALAL,"Business activity permissible — debt ratio not verified, cross-check Musaffa/Zoya",
LRN,BUSINESS_PRODUCTS,COMMERCIAL SVCS-SCHOOLS,10,80.29000091552734,0.09595957649884124,72.43;84.04;86.56;86.45;87.83;88.11;84.45;83.78;82.94;80.89;84.22;84.38;86.65;86.32;85.31;85.24;84.36;87.08;87.41;87.33;88.60;85.61;88.17;89.64;88.95;90.38;91.88;94.01;98.44;98.11;98.36;97.79;95.16;93.08;93.76;91.66;87.34;88.13;88.29;90.19;87.65;89.48;91.97;96.50;99.63;100.01;97.13;99.47;83.54;84.28;82.32;84.81;87.12;86.24;90.44;91.07;91.09;92.02;83.39;87.32;84.69;86.07;90.08;97.71;80.29,HALAL,"Business activity permissible — debt ratio not verified, cross-check Musaffa/Zoya",
STRA,BUSINESS_PRODUCTS,COMMERCIAL SVCS-SCHOOLS,41,82.0,-0.027859033959300117,82.69;83.31;84.68;80.13;80.15;79.42;72.96;74.74;74.75;73.80;74.85;81.06;84.65;82.91;81.55;78.27;80.15;79.92;80.37;83.22;82.85;80.84;82.33;83.04;82.94;81.83;78.54;79.81;82.58;82.97;71.64;75.38;78.37;77.64;78.34;78.49;77.02;78.14;78.19;79.43;78.21;77.83;77.20;79.39;79.05;81.58;80.51;79.85;74.03;75.17;76.45;76.91;78.85;76.62;80.98;83.94;83.48;85.72;75.81;76.53;75.54;75.00;78.55;87.62;82.00,HALAL,"Business activity permissible — debt ratio not verified, cross-check Musaffa/Zoya",
LAUR,BUSINESS_PRODUCTS,COMMERCIAL SVCS-SCHOOLS,78,38.310001373291016,0.10562769657249738,34.23;34.32;34.94;33.86;35.01;35.23;33.92;34.75;33.99;33.44;33.86;32.34;32.57;31.92;34.25;33.31;34.26;34.24;33.64;34.35;35.38;34.78;34.84;33.56;34.30;33.39;33.35;33.01;33.84;33.27;31.25;31.18;31.59;31.24;32.30;32.17;32.70;32.67;32.12;32.90;32.97;33.54;32.50;33.10;33.46;33.82;35.22;37.95;35.40;36.04;37.19;36.85;37.12;36.32;38.20;39.86;40.38;40.11;37.26;36.45;36.11;36.60;37.48;38.41;38.31,HALAL,"Business activity permissible — debt ratio not verified, cross-check Musaffa/Zoya",
GHC,BUSINESS_PRODUCTS,COMMERCIAL SVCS-SCHOOLS,58,1203.5400390625,0.03183930793486667,1148.68;1150.82;1181.88;1156.40;1154.45;1126.76;1072.30;1070.02;1076.79;1066.15;1047.82;1049.78;1042.16;1061.38;1074.02;1045.62;1053.11;1074.49;1060.87;1059.36;1066.74;1047.13;1053.81;1057.47;1070.57;1096.42;1097.88;1121.61;1151.09;1141.10;1130.20;1159.79;1148.17;1132.61;1125.72;1129.30;1102.27;1110.30;1091.26;1100.49;1094.46;1115.50;1121.73;1108.36;1098.72;1130.73;1139.48;1154.37;1128.23;1123.64;1138.71;1170.99;1158.11;1139.60;1181.39;1153.40;1156.12;1182.42;1178.53;1177.86;1151.71;1143.13;1178.79;1233.96;1203.54,HALAL,"Business activity permissible — debt ratio not verified, cross-check Musaffa/Zoya",
ADT,BUSINESS_PRODUCTS,COMMERCIAL SVCS-SECURITY/SAFETY,31,7.639999866485596,-0.0325820288300952,7.84;7.95;7.87;7.62;7.94;8.08;7.51;7.62;7.76;7.62;7.82;7.89;6.74;6.63;6.42;6.45;6.36;6.64;6.54;6.52;6.56;6.41;6.52;6.57;6.55;6.77;6.81;6.92;7.21;7.12;7.18;7.16;7.11;7.49;6.95;6.84;6.73;6.78;6.77;6.81;6.94;6.87;6.75;6.68;6.61;6.73;6.70;6.72;6.70;6.48;6.59;6.55;6.39;6.50;6.83;6.91;6.65;6.78;6.77;7.00;6.89;6.82;7.15;7.41;7.64,HALAL,"Business activity permissible — debt ratio not verified, cross-check Musaffa/Zoya",
BCO,BUSINESS_PRODUCTS,COMMERCIAL SVCS-SECURITY/SAFETY,51,118.44999694824219,-0.04958288226895202,124.66;125.80;128.09;128.05;130.32;130.89;128.50;129.23;129.30;126.93;128.99;116.24;125.26;122.32;114.48;109.20;106.58;104.94;100.05;100.93;101.79;100.31;103.16;102.85;102.28;105.57;106.35;108.23;113.86;110.27;110.37;106.31;106.85;107.03;103.83;107.26;104.72;104.10;103.30;102.09;104.57;106.80;106.86;102.80;100.67;100.78;102.36;100.94;100.34;97.17;97.35;96.04;93.89;94.29;101.29;103.69;103.13;107.20;111.65;119.87;122.93;120.84;117.95;121.71;118.45,HALAL,"Business activity permissible — debt ratio not verified, cross-check Musaffa/Zoya",
CXW,BUSINESS_PRODUCTS,COMMERCIAL SVCS-SECURITY/SAFETY,91,29.899999618530273,0.4897857535215149,18.66;18.75;18.51;18.62;18.72;18.69;17.86;18.69;18.66;16.21;17.17;17.68;18.34;18.39;17.92;17.49;18.21;20.28;19.91;20.23;19.98;19.44;18.91;20.51;19.98;20.22;19.93;20.08;20.45;20.57;20.04;20.25;20.54;20.58;19.42;21.82;19.88;20.60;20.74;21.01;21.12;21.19;21.77;21.21;21.71;23.21;25.18;26.85;27.77;28.17;29.65;29.80;30.77;30.38;31.03;29.30;31.28;31.43;31.09;30.65;32.08;31.65;31.21;29.75;29.90,HALAL,"Business activity permissible — debt ratio not verified, cross-check Musaffa/Zoya",
GEO,BUSINESS_PRODUCTS,COMMERCIAL SVCS-SECURITY/SAFETY,94,30.889999389648438,0.6652291460979758,16.37;16.34;15.84;15.68;15.90;16.11;13.47;14.58;15.32;13.31;14.72;15.04;15.06;14.92;13.76;14.10;14.55;16.28;16.38;17.00;17.50;16.71;16.81;18.42;17.59;17.88;17.71;17.60;18.60;19.03;18.48;18.67;18.95;18.75;18.36;21.22;21.41;22.65;22.92;22.81;23.11;22.68;23.11;23.34;23.60;25.31;27.03;28.62;28.54;28.86;29.67;29.38;30.36;29.55;30.25;29.03;30.06;30.24;29.82;29.46;31.23;31.07;30.93;29.95;30.89,HALAL,"Business activity permissible — debt ratio not verified, cross-check Musaffa/Zoya",
RHI,BUSINESS_PRODUCTS,COMMERCIAL SVCS-STAFFING,79,37.79999923706055,0.3871008856395646,26.47;25.84;32.46;31.31;29.95;28.04;24.22;23.66;25.51;22.73;23.07;23.89;23.72;24.37;23.62;22.64;21.88;22.19;22.45;24.28;23.99;24.30;24.85;24.74;23.55;24.16;25.24;26.99;26.84;28.28;26.61;25.58;26.60;26.43;26.25;26.81;25.96;24.36;24.57;25.12;26.59;27.00;28.40;30.99;29.56;31.26;30.70;31.59;32.07;32.26;29.11;30.08;32.76;30.70;33.48;34.76;32.60;35.59;36.70;41.80;41.16;37.85;39.74;40.13;37.80,HALAL,"Business activity permissible — debt ratio not verified, cross-check Musaffa/Zoya",
MAN,BUSINESS_PRODUCTS,COMMERCIAL SVCS-STAFFING,94,52.41999816894531,0.7529751528541426,29.41;32.53;35.85;35.97;35.81;33.58;28.55;27.71;28.37;25.54;25.24;27.33;27.41;28.05;27.76;26.69;25.23;25.82;25.69;27.22;27.59;27.77;28.79;28.68;27.66;28.07;28.53;30.03;30.42;31.11;28.59;29.28;29.98;29.83;28.97;29.76;28.29;25.49;25.38;26.62;28.13;28.05;29.64;32.93;30.37;32.30;32.65;34.00;33.35;34.29;31.33;32.59;36.20;33.77;38.79;39.34;37.47;40.62;39.02;52.34;51.68;49.95;53.67;55.86;52.42,HALAL,"Business activity permissible — debt ratio not verified, cross-check Musaffa/Zoya",
ASGN,BUSINESS_PRODUCTS,COMMERCIAL SVCS-STAFFING,,,,,HALAL,"Business activity permissible — debt ratio not verified, cross-check Musaffa/Zoya",
KFY,BUSINESS_PRODUCTS,COMMERCIAL SVCS-STAFFING,70,82.2699966430664,0.2298584361114855,66.66;66.15;68.93;65.95;66.99;66.86;59.18;60.32;61.84;58.56;59.00;61.64;61.44;64.01;61.60;61.43;59.68;60.25;60.75;61.86;61.98;61.86;62.45;62.86;62.81;63.45;62.76;63.82;65.24;66.40;64.83;65.60;65.81;65.99;66.40;66.61;66.04;64.00;63.30;64.86;66.11;67.56;69.41;71.71;68.91;71.75;73.18;72.68;70.81;71.10;67.24;70.07;71.62;66.05;69.13;72.77;71.88;75.39;75.12;78.61;78.04;77.84;81.17;84.69;82.27,HALAL,"Business activity permissible — debt ratio not verified, cross-check Musaffa/Zoya",
KELYA,BUSINESS_PRODUCTS,COMMERCIAL SVCS-STAFFING,87,14.84000015258789,0.47532248361805496,9.94;10.14;11.01;10.62;10.93;10.47;9.63;9.20;9.50;9.20;9.27;9.63;9.24;9.29;8.92;8.78;8.46;8.44;8.45;8.66;8.84;8.71;8.78;8.71;8.62;8.65;8.97;9.25;9.44;9.44;9.39;9.52;9.69;9.57;9.73;9.62;9.67;9.69;9.53;9.70;10.67;10.81;11.66;12.01;11.36;11.77;11.71;12.04;11.62;11.40;11.01;11.63;12.73;12.28;13.08;13.51;13.44;14.31;14.33;15.32;15.35;15.06;15.72;15.81;14.84,HALAL,"Business activity permissible — debt ratio not verified, cross-check Musaffa/Zoya",
HSII,BUSINESS_PRODUCTS,COMMERCIAL SVCS-STAFFING,,,,,HALAL,"Business activity permissible — debt ratio not verified, cross-check Musaffa/Zoya",
WM,BUSINESS_PRODUCTS,COMMERCIAL SVCS-WASTE MGMT,36,226.5500030517578,-0.0034616315255872054,229.43;221.29;221.32;224.56;224.92;229.81;229.10;233.28;231.49;228.66;226.22;238.85;241.43;244.06;244.47;234.55;237.50;235.03;232.82;226.55;223.88;224.09;228.80;234.40;232.30;232.09;230.00;223.96;222.98;222.46;231.80;225.22;229.32;227.78;223.52;220.49;213.19;215.51;218.87;221.38;216.81;214.55;213.47;211.59;217.06;220.40;221.30;218.79;216.94;215.85;213.31;223.26;225.53;222.88;230.40;237.21;231.67;236.71;232.80;239.31;233.18;237.27;237.90;236.60;226.55,HALAL,"Business activity permissible — debt ratio not verified, cross-check Musaffa/Zoya",
RSG,BUSINESS_PRODUCTS,COMMERCIAL SVCS-WASTE MGMT,28,210.5500030517578,-0.026862234474027247,215.94;213.52;214.49;216.95;218.68;221.79;219.60;219.92;220.36;219.92;220.32;227.69;230.94;230.34;228.82;222.51;222.99;223.48;221.74;215.49;214.31;214.59;217.76;222.54;219.74;216.37;212.86;210.26;207.06;204.70;213.42;205.51;207.70;205.96;203.29;200.96;197.15;203.08;207.71;214.34;207.48;206.45;203.10;200.25;203.61;209.43;209.57;207.44;207.48;206.83;203.77;212.96;215.76;212.46;217.34;222.46;218.69;223.38;217.34;222.31;214.63;217.42;216.90;218.91;210.55,HALAL,"Business activity permissible — debt ratio not verified, cross-check Musaffa/Zoya",
WCN,BUSINESS_PRODUCTS,COMMERCIAL SVCS-WASTE MGMT,30,167.3800048828125,-0.012407593972574626,168.83;166.51;167.37;168.55;168.47;169.91;156.90;160.58;165.34;162.29;166.23;171.75;172.19;170.35;171.35;166.32;166.15;166.67;164.46;161.94;156.71;155.67;162.08;165.71;163.64;163.44;161.35;159.45;159.28;157.58;168.52;161.18;163.39;160.87;157.31;153.57;150.98;152.16;156.61;157.37;155.77;153.68;151.05;149.51;150.89;155.22;157.58;155.47;154.98;155.12;153.43;166.45;167.90;166.69;168.82;172.93;170.14;171.17;170.12;171.91;168.43;167.99;169.35;172.81;167.38,HALAL,"Business activity permissible — debt ratio not verified, cross-check Musaffa/Zoya",
CWST,BUSINESS_PRODUCTS,COMMERCIAL SVCS-WASTE MGMT,35,89.70999908447266,-0.15215952032515168,105.82;103.30;102.39;103.81;104.65;104.24;102.52;103.88;101.28;92.71;89.09;93.16;91.64;97.48;95.75;88.23;88.09;88.44;84.26;78.01;76.43;74.97;79.34;87.18;85.83;86.77;84.89;81.54;81.22;77.96;83.87;76.75;78.11;86.83;86.76;85.45;83.15;84.31;85.18;86.74;87.22;87.11;84.22;85.09;84.02;85.90;87.81;89.76;88.10;86.10;84.58;91.24;94.35;96.97;97.49;99.01;95.37;98.09;96.31;95.70;90.54;90.03;89.30;90.48;89.71,HALAL,"Business activity permissible — debt ratio not verified, cross-check Musaffa/Zoya",
SRCL,BUSINESS_PRODUCTS,COMMERCIAL SVCS-WASTE MGMT,,,,,HALAL,"Business activity permissible — debt ratio not verified, cross-check Musaffa/Zoya",
IP,BUSINESS_PRODUCTS,PAPER & PAPER PRODUCTS,39,40.83000183105469,-0.027590018882488132,41.17;38.05;39.70;43.60;45.44;46.83;47.97;47.85;45.72;43.76;43.02;42.91;41.43;40.70;37.83;38.09;36.70;36.84;33.50;35.04;35.93;34.93;35.18;34.28;34.03;36.24;36.11;35.97;36.58;34.92;33.05;32.17;33.09;31.29;31.39;32.59;31.99;31.51;29.82;28.95;31.04;31.96;33.32;33.69;33.40;33.61;34.12;34.95;36.39;36.16;36.89;38.30;38.76;38.10;38.79;37.92;37.18;37.00;36.74;37.56;36.35;37.91;42.41;42.64;40.83,HALAL,"Business activity permissible — debt ratio not verified, cross-check Musaffa/Zoya",
PKG,BUSINESS_PRODUCTS,PAPER & PAPER PRODUCTS,63,245.83999633789062,0.10439739680503268,220.85;217.49;220.95;229.57;235.90;238.79;242.05;237.40;235.99;222.76;228.06;229.27;228.56;223.42;220.04;219.83;213.09;214.55;203.05;207.69;211.96;210.86;210.83;203.12;202.17;206.75;209.10;205.71;211.99;209.15;213.61;211.14;214.63;216.63;221.25;221.96;220.06;216.79;210.69;201.83;212.36;217.03;216.71;220.21;222.92;221.36;225.84;222.93;229.96;229.26;234.03;237.85;241.55;238.28;238.20;232.40;224.49;225.86;227.86;233.07;228.21;233.90;252.37;249.43;245.84,HALAL,"Business activity permissible — debt ratio not verified, cross-check Musaffa/Zoya",
WRK,BUSINESS_PRODUCTS,PAPER & PAPER PRODUCTS,,,,,HALAL,"Business activity permissible — debt ratio not verified, cross-check Musaffa/Zoya",
SLVM,BUSINESS_PRODUCTS,PAPER & PAPER PRODUCTS,12,37.40999984741211,-0.2506340355316645,49.31;48.53;47.44;49.65;49.62;50.43;53.53;46.08;46.43;45.51;44.80;45.28;46.09;44.13;42.04;42.53;40.59;40.41;37.91;37.79;39.66;39.24;41.31;41.79;40.69;41.26;42.42;41.82;43.14;41.86;40.67;42.50;42.85;43.15;43.48;43.20;40.70;37.82;36.98;35.40;37.73;37.60;38.97;38.70;38.16;38.20;39.60;41.12;40.55;39.13;38.32;39.36;38.89;37.37;38.10;38.72;38.29;39.28;37.58;38.34;37.44;37.50;37.71;38.25;37.41,HALAL,"Business activity permissible — debt ratio not verified, cross-check Musaffa/Zoya",
GLT,BUSINESS_PRODUCTS,PAPER & PAPER PRODUCTS,,,,,HALAL,"Business activity permissible — debt ratio not verified, cross-check Musaffa/Zoya",
DCI,BUSINESS_PRODUCTS,POLLUTION CONTROL,56,94.23999786376953,-0.05933083482791557,100.40;102.66;100.52;106.60;108.33;108.87;109.53;108.28;107.38;106.36;104.03;92.42;92.65;91.35;88.62;88.17;85.48;84.84;83.79;85.33;86.80;83.56;84.56;84.91;85.21;88.77;88.59;88.19;88.87;88.07;87.64;89.46;86.68;85.90;85.96;85.59;85.27;83.62;81.64;81.25;82.31;84.45;83.04;81.49;84.92;83.34;85.84;85.07;86.43;85.35;85.95;86.07;88.52;89.77;89.09;89.54;88.52;89.28;89.27;90.40;90.18;91.14;93.19;92.50;94.24,HALAL,"Business activity permissible — debt ratio not verified, cross-check Musaffa/Zoya",
CECE,BUSINESS_PRODUCTS,POLLUTION CONTROL,,,,,HALAL,"Business activity permissible — debt ratio not verified, cross-check Musaffa/Zoya",
CLH,BUSINESS_PRODUCTS,POLLUTION CONTROL,66,312.8800048828125,0.2056567882117084,260.55;258.16;261.38;260.95;265.98;268.00;266.91;269.08;281.34;280.82;286.04;293.20;297.15;289.74;285.90;289.53;288.93;290.55;289.46;286.10;288.29;279.00;286.73;297.00;298.86;302.16;303.60;296.00;300.70;304.82;310.32;307.33;306.44;311.43;313.70;282.37;293.45;302.95;303.76;291.98;282.56;286.67;280.71;281.00;286.63;283.03;287.99;286.78;284.03;287.25;289.36;298.78;301.65;298.75;291.20;297.93;301.91;303.64;303.37;310.58;305.16;306.47;301.75;326.34;312.88,HALAL,"Business activity permissible — debt ratio not verified, cross-check Musaffa/Zoya",
ECOL,BUSINESS_PRODUCTS,POLLUTION CONTROL,,,,,HALAL,"Business activity permissible — debt ratio not verified, cross-check Musaffa/Zoya",
TISI,BUSINESS_PRODUCTS,POLLUTION CONTROL,55,17.399999618530273,0.25541125898567985,14.10;14.80;14.34;14.09;14.47;14.50;14.50;14.21;14.00;13.84;14.72;14.70;14.17;14.39;14.40;14.51;15.71;13.78;13.78;16.12;15.41;15.62;15.94;16.20;17.01;16.23;16.14;16.32;17.19;17.22;16.78;17.06;17.29;17.50;17.25;17.29;15.99;15.75;16.05;16.21;16.50;16.40;15.81;15.46;17.00;17.72;17.50;16.54;16.98;16.84;16.81;16.89;16.88;17.28;17.54;16.76;16.36;16.41;16.73;16.41;16.55;16.64;17.00;17.64;17.40,HALAL,"Business activity permissible — debt ratio not verified, cross-check Musaffa/Zoya",
CTVA,CHEMICAL,CHEMICALS-AGRICULTURAL,51,78.70999908447266,0.10277613905526417,72.67;73.50;72.87;74.78;72.27;73.88;73.77;75.21;76.67;76.11;77.32;79.76;78.75;76.41;78.12;78.45;79.03;79.87;77.89;77.58;81.84;81.80;83.52;85.26;85.13;83.37;83.32;81.13;80.16;80.17;79.45;79.24;79.19;80.66;83.71;78.89;82.64;83.16;82.02;78.81;78.86;78.91;80.41;77.68;77.80;77.03;75.01;74.86;75.71;77.37;78.86;80.09;82.62;84.69;85.80;86.75;83.86;86.07;84.45;87.30;86.94;88.78;87.58;90.51;78.71,HALAL,"Business activity permissible — debt ratio not verified, cross-check Musaffa/Zoya",
FMC,CHEMICAL,CHEMICALS-AGRICULTURAL,2,10.710000038146973,-0.33437738341549417,15.89;15.72;15.47;16.79;14.59;15.82;14.36;14.31;14.69;13.50;14.80;14.57;13.68;14.12;13.96;14.07;13.88;14.09;13.77;14.06;15.26;15.58;17.10;17.63;17.52;17.09;17.94;17.30;17.05;15.76;14.35;15.45;14.55;14.72;14.77;13.59;13.02;12.64;14.07;12.67;12.92;12.89;13.48;13.25;12.26;11.56;11.42;11.19;11.43;11.90;10.95;11.24;11.67;11.50;11.35;11.59;10.89;10.91;10.83;11.21;11.37;11.69;11.12;10.01;10.71,HALAL,"Business activity permissible — debt ratio not verified, cross-check Musaffa/Zoya",
AGRO,CHEMICAL,CHEMICALS-AGRICULTURAL,32,9.970000267028809,0.12626553068041968,9.06;8.72;8.62;8.63;8.50;8.77;8.59;8.67;8.82;8.84;8.89;8.80;9.05;9.62;9.90;10.25;10.73;12.34;14.48;13.08;14.57;13.93;14.89;15.09;14.90;13.94;14.14;13.19;12.36;13.38;13.15;12.94;14.29;13.78;14.24;13.37;13.49;13.65;13.11;13.32;13.62;12.51;12.63;12.58;12.19;11.42;11.29;11.69;10.90;9.64;9.15;9.11;9.41;9.55;9.64;9.62;10.00;10.38;10.25;10.07;10.78;10.77;10.24;9.71;9.97,HALAL,"Business activity permissible — debt ratio not verified, cross-check Musaffa/Zoya",
SQM,CHEMICAL,CHEMICALS-AGRICULTURAL,56,67.05999755859375,-0.20610290987611424,83.42;80.72;74.40;72.95;70.68;69.49;69.32;71.59;71.29;72.25;78.65;75.44;68.03;69.83;74.16;76.96;73.61;76.24;73.82;74.54;78.27;81.77;80.03;82.27;77.64;81.25;86.64;86.63;87.80;86.24;84.49;90.26;89.99;91.64;91.60;90.57;93.42;91.62;84.26;80.45;79.29;80.43;84.05;83.42;78.58;75.43;75.66;80.44;83.27;82.99;78.65;75.58;71.59;74.04;72.70;73.40;74.09;71.94;71.52;69.81;68.84;69.32;68.79;67.55;67.06,HALAL,"Business activity permissible — debt ratio not verified, cross-check Musaffa/Zoya",
DOW,CHEMICAL,CHEMICALS-BASIC,45,30.290000915527344,0.0959440430105003,27.21;26.57;28.25;31.70;31.09;32.87;31.94;30.74;30.71;29.64;29.37;30.42;30.43;33.38;33.96;34.02;36.25;36.54;37.11;35.68;39.22;40.41;41.23;40.98;40.99;37.66;39.71;38.45;35.24;37.92;38.14;37.72;39.15;39.88;40.39;36.94;38.37;38.45;38.36;37.36;35.55;34.92;34.42;34.69;35.40;33.97;33.22;33.63;33.23;32.50;30.79;29.38;29.04;27.36;27.71;28.64;28.50;30.37;29.70;29.92;30.47;30.90;28.75;30.45;30.29,HALAL,"Business activity permissible — debt ratio not verified, cross-check Musaffa/Zoya",
LYB,CHEMICAL,CHEMICALS-BASIC,52,62.08000183105469,0.2451664764296051,49.31;48.84;49.13;55.83;53.88;56.38;56.50;54.74;54.10;55.40;55.49;56.24;57.61;65.20;66.13;66.67;71.55;70.46;73.80;70.73;76.39;79.62;79.73;78.78;79.43;71.52;74.73;72.37;65.58;70.68;69.99;70.28;72.53;74.21;76.95;70.77;72.77;72.98;74.28;72.28;69.35;68.30;67.64;67.14;67.30;64.50;63.64;63.47;63.30;61.81;58.52;56.12;55.73;52.65;53.36;54.60;55.39;58.32;58.00;59.17;61.19;61.72;58.62;60.49;62.08,HALAL,"Business activity permissible — debt ratio not verified, cross-check Musaffa/Zoya",
CE,CHEMICAL,CHEMICALS-BASIC,,,,,HALAL,"Business activity permissible — debt ratio not verified, cross-check Musaffa/Zoya",
WLK,CHEMICAL,CHEMICALS-BASIC,9,70.5,-0.16360950601729152,80.79;80.67;82.86;94.95;94.88;98.04;97.65;96.75;94.02;92.01;101.97;104.23;102.31;104.88;105.71;106.39;111.37;110.77;110.57;107.85;113.54;112.61;116.12;118.69;122.65;116.51;119.43;114.56;111.94;114.96;111.58;110.53;110.74;114.30;104.15;96.80;96.98;91.72;88.06;88.13;87.57;88.24;87.67;86.38;86.39;84.64;86.11;87.27;87.45;83.48;77.95;75.87;76.62;73.00;74.77;76.27;74.48;76.07;77.05;77.63;76.22;75.23;72.33;72.25;70.50,HALAL,"Business activity permissible — debt ratio not verified, cross-check Musaffa/Zoya",
OLN,CHEMICAL,CHEMICALS-BASIC,9,18.510000228881836,-0.21711621751917243,22.53;22.01;21.84;25.06;24.46;25.59;25.30;23.52;23.92;23.15;23.65;24.99;24.18;24.45;23.63;23.60;24.56;25.60;25.42;25.08;27.84;28.81;29.52;28.37;29.93;28.20;29.22;27.56;25.91;26.98;26.04;26.64;27.19;28.41;28.51;26.57;28.22;28.19;26.78;25.96;26.02;26.13;26.75;25.74;25.76;24.54;24.51;24.20;25.30;23.00;21.54;20.99;21.73;19.82;20.04;20.74;20.19;21.15;21.86;21.99;23.15;23.64;21.88;22.19;18.51,HALAL,"Business activity permissible — debt ratio not verified, cross-check Musaffa/Zoya",
HUN,CHEMICAL,CHEMICALS-BASIC,17,9.760000228881836,-0.1660069652474312,11.23;11.04;11.34;13.56;13.29;13.43;13.11;12.20;12.53;12.33;12.26;12.49;12.23;12.39;11.96;11.60;11.96;12.14;11.45;10.77;12.30;12.59;13.24;12.84;13.19;13.44;13.96;13.51;13.28;13.66;13.47;13.64;13.18;14.55;14.91;14.66;14.76;14.31;13.62;13.25;14.30;14.66;15.38;14.92;14.65;14.13;14.46;15.00;15.89;12.73;11.50;11.32;11.41;10.62;10.82;10.97;10.81;11.61;11.95;11.79;12.61;12.81;11.74;11.96;9.76,HALAL,"Business activity permissible — debt ratio not verified, cross-check Musaffa/Zoya",
TROX,CHEMICAL,CHEMICALS-BASIC,29,5.840000152587891,-0.0593828978415456,6.41;6.56;6.28;7.35;7.36;7.76;7.76;7.50;6.86;6.86;7.16;7.44;6.91;7.24;6.82;6.72;6.94;7.80;7.33;7.31;8.88;9.07;9.71;9.13;9.28;8.85;9.46;9.23;9.07;9.55;9.39;10.08;9.61;10.27;10.42;8.37;9.33;8.79;7.99;7.69;7.70;7.65;8.30;8.04;8.07;7.34;7.08;7.74;8.03;7.57;7.34;6.85;6.69;6.30;6.21;6.12;6.11;6.12;6.07;5.84;6.49;6.38;6.10;6.06;5.84,HALAL,"Business activity permissible — debt ratio not verified, cross-check Musaffa/Zoya",
CF,CHEMICAL,CHEMICALS-FERTILIZERS,76,125.19000244140625,0.3679601826136236,90.88;93.15;89.00;93.81;91.77;95.41;93.28;93.41;99.06;95.06;95.75;99.14;105.87;110.33;110.59;119.64;129.04;122.79;125.05;119.69;127.59;135.90;129.31;129.44;133.24;118.89;121.19;120.32;112.22;120.82;125.08;123.13;126.26;122.19;127.52;118.20;123.97;124.99;125.24;127.86;121.69;119.16;116.50;113.30;116.60;113.49;108.58;106.56;106.90;105.85;103.60;103.09;105.70;108.26;110.54;114.94;114.02;120.92;117.82;121.42;122.96;126.71;119.78;127.35;125.19,HALAL,"Business activity permissible — debt ratio not verified, cross-check Musaffa/Zoya",
MOS,CHEMICAL,CHEMICALS-FERTILIZERS,11,22.1200008392334,-0.2173219763228319,27.92;27.53;26.77;28.29;28.08;29.57;29.22;28.55;29.61;28.20;26.49;27.33;26.29;25.80;26.65;28.86;29.02;28.54;25.94;23.84;25.93;24.75;25.24;25.91;26.10;25.02;24.29;23.49;24.32;23.96;24.04;22.99;22.80;22.92;23.03;22.68;21.57;22.55;21.54;21.18;21.94;22.62;24.06;23.33;23.30;22.24;21.28;21.09;22.52;22.51;22.00;20.86;22.38;21.19;21.13;21.12;20.75;22.31;23.04;22.13;21.97;22.28;22.34;22.62;22.12,HALAL,"Business activity permissible — debt ratio not verified, cross-check Musaffa/Zoya",
NTR,CHEMICAL,CHEMICALS-FERTILIZERS,46,69.06999969482422,-0.009580323812778735,69.19;69.98;67.58;70.35;67.50;69.99;69.30;68.73;70.62;70.75;71.36;73.86;73.22;73.19;74.59;78.03;81.52;78.27;74.82;71.69;75.39;74.43;74.78;74.79;76.19;72.13;73.71;72.69;69.99;72.02;71.54;71.72;73.46;74.54;76.55;67.77;70.65;70.65;70.92;70.95;69.61;69.31;69.02;68.94;68.19;66.60;65.75;64.97;65.54;63.70;61.69;59.83;60.43;62.95;65.06;65.32;64.57;67.60;68.33;67.28;66.84;68.54;67.40;70.59;69.07,HALAL,"Business activity permissible — debt ratio not verified, cross-check Musaffa/Zoya",
ICL,CHEMICAL,CHEMICALS-FERTILIZERS,17,5.059999942779541,-0.04684654048121917,5.40;5.38;5.27;5.45;5.40;5.60;5.63;5.68;5.30;5.19;5.01;4.72;4.86;4.83;5.25;5.18;5.33;5.34;5.15;5.03;5.11;5.16;5.14;5.20;5.30;5.28;5.40;5.29;5.20;5.16;5.17;5.49;5.29;5.40;5.55;5.95;6.45;6.76;6.36;6.45;6.42;6.52;6.69;6.43;6.12;5.60;5.59;5.67;5.75;5.24;5.07;5.07;5.02;4.98;5.03;4.95;4.85;4.93;5.10;5.05;5.25;5.30;5.15;5.10;5.06,HALAL,"Business activity permissible — debt ratio not verified, cross-check Musaffa/Zoya",
UAN,CHEMICAL,CHEMICALS-FERTILIZERS,75,128.99000549316406,0.1296733304138764,100.38;101.60;98.22;99.83;98.78;105.25;106.78;103.22;103.70;92.91;96.71;96.05;107.47;116.01;112.95;124.65;126.85;124.90;127.10;123.53;133.76;132.66;122.66;122.01;126.36;115.71;122.08;119.82;119.09;122.98;126.11;130.11;129.05;123.94;130.80;123.30;132.19;130.55;129.50;126.82;122.75;123.72;122.77;119.99;121.75;118.61;116.77;113.44;111.38;111.28;110.01;108.04;109.48;111.48;114.00;114.93;116.24;118.00;116.16;119.02;120.58;123.90;120.05;122.56;128.99,HALAL,"Business activity permissible — debt ratio not verified, cross-check Musaffa/Zoya",
SHW,CHEMICAL,CHEMICALS-PAINTS,39,340.8500061035156,-0.01730338563513867,344.42;352.88;354.65;367.14;360.25;362.90;370.82;366.18;355.90;362.53;355.54;360.85;347.93;334.58;332.54;321.91;318.95;319.87;309.58;313.14;321.12;314.55;319.72;317.18;313.15;334.86;333.52;327.99;344.66;333.74;336.79;335.23;317.03;317.18;311.65;319.38;311.89;305.55;299.32;298.28;308.54;311.25;305.14;294.86;296.49;305.30;310.55;316.89;320.24;313.80;316.90;333.13;344.07;344.32;352.48;342.26;332.03;328.97;332.29;331.32;318.46;310.54;327.27;343.88;340.85,HALAL,"Business activity permissible — debt ratio not verified, cross-check Musaffa/Zoya",
PPG,CHEMICAL,CHEMICALS-PAINTS,40,110.5199966430664,-0.003652406806986419,108.94;115.09;115.04;124.42;124.97;127.57;129.96;127.61;122.74;124.54;122.32;122.47;117.41;111.15;107.55;103.41;101.23;103.23;97.74;101.42;106.00;103.15;106.19;102.57;101.58;108.99;109.52;107.02;114.11;110.20;109.58;109.59;104.01;106.81;105.72;108.22;107.95;105.46;102.64;101.70;106.63;109.54;112.86;112.07;111.39;113.80;116.36;118.24;121.53;117.14;118.92;120.98;123.24;121.29;125.33;120.22;115.96;113.84;115.31;117.36;115.71;113.75;118.47;111.83;110.52,HALAL,"Business activity permissible — debt ratio not verified, cross-check Musaffa/Zoya",
RPM,CHEMICAL,CHEMICALS-PAINTS,34,107.06999969482422,-0.011784956806588753,106.18;106.64;106.40;114.87;115.73;117.92;118.93;116.38;113.28;114.81;113.04;112.94;107.79;103.82;101.58;100.48;98.73;100.17;95.57;95.37;97.82;96.54;98.37;96.96;95.71;109.82;108.31;104.60;109.23;106.72;105.14;104.44;100.16;100.81;98.89;100.86;99.02;96.64;94.74;94.50;98.69;102.36;106.35;104.07;103.26;104.41;106.84;106.96;108.28;106.46;106.99;109.12;111.87;110.56;111.03;107.71;102.82;101.97;103.04;105.08;101.53;104.77;107.77;108.37;107.07,HALAL,"Business activity permissible — debt ratio not verified, cross-check Musaffa/Zoya",
AXTA,CHEMICAL,CHEMICALS-PAINTS,69,35.810001373291016,0.06513987242662522,33.60;34.10;33.55;34.27;33.81;34.42;33.79;34.95;34.62;34.05;33.73;33.41;31.68;30.26;29.29;28.35;27.59;28.10;26.10;26.42;27.66;26.85;27.70;26.82;26.13;28.50;28.62;28.09;30.00;29.09;29.34;29.43;28.21;27.73;27.16;28.57;28.39;27.91;26.81;27.76;29.13;30.01;30.19;30.39;31.18;32.18;32.85;32.68;33.77;34.00;34.33;34.66;34.50;34.22;35.11;34.25;32.55;32.07;32.43;32.34;32.46;31.68;33.74;34.83;35.81,HALAL,"Business activity permissible — debt ratio not verified, cross-check Musaffa/Zoya",
EMN,CHEMICAL,CHEMICALS-PLASTICS,39,69.94999694824219,0.04194279300871617,67.34;67.41;69.84;76.69;75.65;78.74;77.98;77.30;76.23;74.81;73.74;73.78;72.46;70.52;68.00;66.17;68.48;70.47;67.99;67.25;70.60;70.40;75.47;74.23;73.72;71.90;73.18;71.94;72.96;71.65;71.12;71.30;69.63;76.66;76.43;72.87;73.81;73.01;70.78;67.39;72.37;73.56;75.51;74.65;73.99;71.04;72.12;72.50;75.28;72.12;71.96;70.40;70.71;66.98;68.86;69.62;67.21;67.21;67.85;68.60;68.99;67.92;67.68;67.28;69.95,HALAL,"Business activity permissible — debt ratio not verified, cross-check Musaffa/Zoya",
ASH,CHEMICAL,CHEMICALS-PLASTICS,83,72.61000061035156,0.16284378812528533,61.44;60.87;60.71;63.67;63.27;61.59;60.18;59.39;62.34;62.17;61.36;61.91;59.19;56.95;54.47;52.19;49.61;51.12;49.83;49.56;53.22;52.79;55.21;54.00;53.96;55.91;56.14;55.27;58.10;56.94;56.40;57.28;48.79;51.44;51.88;54.06;53.69;56.09;54.10;54.28;55.85;57.44;56.90;58.01;57.00;56.20;62.50;65.53;65.44;64.36;67.69;63.44;63.94;65.89;67.01;65.73;65.00;65.92;68.27;68.64;68.51;66.56;66.38;72.84;72.61,HALAL,"Business activity permissible — debt ratio not verified, cross-check Musaffa/Zoya",
BCPC,CHEMICAL,CHEMICALS-PLASTICS,38,167.55499267578125,8.952721887012238e-05,166.10;170.76;171.35;174.01;173.16;174.59;177.49;179.50;175.00;175.68;179.62;181.43;181.38;175.70;172.65;170.91;169.03;167.13;164.29;164.29;166.96;166.95;169.48;170.42;170.02;175.07;176.51;174.50;177.66;175.68;176.53;175.12;173.33;161.52;161.13;159.50;158.93;160.65;159.02;159.21;161.75;161.50;160.26;156.30;156.62;159.91;162.32;165.34;163.68;164.38;165.57;169.28;171.22;168.95;168.80;168.11;163.53;161.44;162.70;163.35;161.12;161.00;164.79;163.71;167.55,HALAL,"Business activity permissible — debt ratio not verified, cross-check Musaffa/Zoya",
GPRE,CHEMICAL,CHEMICALS-PLASTICS,88,16.850000381469727,0.4414029928405896,11.77;12.09;11.64;12.60;13.85;14.73;13.92;13.18;13.57;13.84;13.95;13.73;14.67;15.51;14.94;15.72;15.81;16.70;16.51;15.36;16.19;16.89;16.45;16.96;15.70;15.21;15.67;15.41;14.82;16.21;16.32;16.46;17.25;17.76;18.25;16.46;17.15;16.81;17.14;16.20;15.07;15.83;15.81;16.15;15.90;14.97;14.80;14.91;14.39;14.53;15.06;14.64;15.09;15.38;15.51;15.80;16.63;17.31;16.77;19.23;17.67;17.20;16.44;16.37;16.85,HALAL,"Business activity permissible — debt ratio not verified, cross-check Musaffa/Zoya",
LIN,CHEMICAL,CHEMICALS-SPECIALTY,36,478.3800048828125,0.06629022118326189,450.09;452.05;457.17;470.26;445.33;457.52;469.79;479.09;486.93;494.96;504.97;504.78;498.42;486.88;480.48;480.03;492.36;492.49;488.26;476.54;490.79;489.57;494.20;501.02;493.03;501.71;507.27;496.37;490.68;493.28;506.46;509.14;503.12;506.32;498.71;492.29;502.81;511.64;504.51;504.47;512.89;513.35;500.40;495.84;505.97;507.90;515.59;515.44;521.48;515.85;516.71;515.73;519.62;518.94;546.64;538.23;525.56;524.06;514.15;513.22;505.03;506.32;507.02;511.17;478.38,HALAL,"Business activity permissible — debt ratio not verified, cross-check Musaffa/Zoya",
APD,CHEMICAL,CHEMICALS-SPECIALTY,46,294.8900146484375,0.14246130534631285,255.92;252.85;267.64;283.05;279.62;287.17;287.90;274.26;277.25;279.75;276.83;272.26;269.66;272.93;271.01;274.26;284.42;282.61;280.64;275.21;286.50;288.58;286.90;291.74;290.58;295.90;296.81;293.39;290.01;292.96;301.78;300.51;300.63;299.21;302.05;293.17;302.62;304.31;293.56;289.97;288.40;287.81;281.90;277.17;280.53;280.61;281.23;276.40;281.21;280.01;281.36;277.01;276.08;291.37;314.19;305.05;295.85;301.96;293.69;295.62;296.39;294.29;292.58;294.27;294.89,HALAL,"Business activity permissible — debt ratio not verified, cross-check Musaffa/Zoya",
ECL,CHEMICAL,CHEMICALS-SPECIALTY,,,,,HALAL,"Business activity permissible — debt ratio not verified, cross-check Musaffa/Zoya",
ALB,CHEMICAL,CHEMICALS-SPECIALTY,23,117.63999938964844,-0.3761148602090829,193.21;179.79;164.10;167.81;162.55;167.72;158.13;168.07;167.57;176.63;194.89;177.77;163.90;163.11;168.72;167.16;157.82;165.90;162.84;167.13;180.93;178.99;179.07;177.64;173.09;171.91;184.96;184.91;197.25;197.91;192.65;199.02;190.39;193.39;194.32;197.84;209.46;200.43;179.92;168.57;169.47;174.25;175.87;170.69;167.91;155.04;152.40;158.65;168.90;166.56;156.69;147.84;133.70;135.03;135.56;129.02;128.42;125.79;124.74;120.78;118.62;116.91;116.18;113.88;117.64,HALAL,"Business activity permissible — debt ratio not verified, cross-check Musaffa/Zoya",
FUL,CHEMICAL,CHEMICALS-SPECIALTY,21,55.29999923706055,-0.06825853124786296,58.67;59.66;60.25;65.86;65.50;65.81;66.11;66.35;64.70;65.11;64.49;65.16;64.01;61.12;58.06;56.85;53.80;54.34;49.88;51.59;56.23;58.67;61.16;60.00;57.29;63.14;64.02;60.87;63.88;62.67;62.60;62.32;59.33;59.69;59.39;60.40;60.08;59.09;57.80;56.66;56.12;60.29;63.31;61.56;61.25;59.62;61.76;63.32;64.14;64.49;64.03;64.32;62.97;58.03;57.80;57.32;54.86;55.81;56.75;56.71;55.75;54.88;56.28;55.51;55.30,HALAL,"Business activity permissible — debt ratio not verified, cross-check Musaffa/Zoya",
CC,CHEMICAL,CHEMICALS-SPECIALTY,,,,,HALAL,"Business activity permissible — debt ratio not verified, cross-check Musaffa/Zoya",
AVNT,CHEMICAL,CHEMICALS-SPECIALTY,45,36.31999969482422,-0.0136811498356596,36.14;35.46;35.99;38.62;38.16;39.46;41.20;42.38;41.86;41.46;41.02;40.44;39.43;38.44;36.06;34.90;33.75;33.84;31.80;33.21;36.00;35.28;36.03;34.81;34.46;37.17;37.51;37.23;38.26;37.80;36.81;36.88;35.91;36.49;36.87;36.25;35.72;34.07;33.52;32.40;33.87;35.03;35.91;34.35;34.24;33.69;35.19;36.25;37.26;36.58;37.28;36.82;37.91;36.96;37.31;38.10;35.98;35.57;35.86;36.97;36.90;36.64;36.44;35.92;36.32,HALAL,"Business activity permissible — debt ratio not verified, cross-check Musaffa/Zoya",
VVV,CHEMICAL,CHEMICALS-SPECIALTY,60,38.40999984741211,0.16499843570806427,33.20;32.56;33.13;35.60;37.53;37.99;37.68;38.58;38.68;38.90;38.04;37.80;37.50;36.06;34.81;34.73;33.60;34.03;32.82;33.69;35.20;33.42;33.68;33.33;33.59;34.81;33.31;33.09;34.56;33.79;32.33;32.99;32.30;32.61;32.43;35.87;34.50;32.09;32.39;32.17;33.22;33.96;34.18;33.43;34.65;35.73;37.10;37.81;38.14;37.44;37.54;39.61;40.20;39.54;39.08;38.85;37.98;38.55;39.38;39.97;39.45;38.31;39.56;39.65;38.41,HALAL,"Business activity permissible — debt ratio not verified, cross-check Musaffa/Zoya",
KOP,CHEMICAL,CHEMICALS-SYNTHETIC FIBERS,91,49.02000045776367,0.69981535937262,28.99;29.49;29.56;31.08;32.15;33.05;34.06;34.91;34.45;33.57;34.36;37.63;36.56;37.85;38.45;37.20;37.69;37.64;37.37;36.02;37.79;37.84;38.60;37.21;36.59;36.96;38.34;37.46;37.61;37.44;38.57;41.26;39.71;41.82;41.26;41.07;42.99;42.60;40.59;38.23;39.54;41.45;41.20;41.19;43.09;40.81;41.86;41.52;44.40;43.65;44.42;43.88;45.12;44.90;46.21;46.76;46.59;47.77;48.47;49.14;51.47;49.96;49.61;49.21;49.02,HALAL,"Business activity permissible — debt ratio not verified, cross-check Musaffa/Zoya",
GEF,CHEMICAL,CHEMICALS-SYNTHETIC FIBERS,84,86.55000305175781,0.22236330484168398,71.86;68.91;70.48;74.16;74.01;73.87;74.99;74.81;73.13;72.18;71.88;71.43;70.77;68.92;68.51;66.58;66.27;65.58;62.81;64.34;66.15;65.79;66.48;66.37;66.82;69.58;68.84;66.86;69.27;68.09;66.76;65.79;64.87;66.24;67.05;67.40;66.03;64.80;62.14;60.78;63.54;63.78;63.25;61.85;62.56;63.03;64.87;66.49;68.75;69.90;69.22;72.68;74.86;74.49;75.18;73.46;72.09;71.36;73.26;76.32;75.69;76.79;80.33;87.21;86.55,HALAL,"Business activity permissible — debt ratio not verified, cross-check Musaffa/Zoya",
AMAT,CHIPS,ELEC-SEMICONDUCTOR EQUIPMENT,96,507.6700134277344,0.5786805966126658,331.88;340.49;327.58;296.86;321.71;328.25;327.57;358.24;369.37;373.09;394.46;371.84;350.88;346.10;338.52;350.63;341.11;352.02;356.77;361.34;368.88;336.75;341.37;348.04;353.87;397.32;395.24;393.77;396.45;393.84;403.41;404.36;382.11;388.60;410.31;410.13;443.07;436.07;436.08;406.40;427.36;454.89;449.68;458.17;500.77;453.01;499.21;552.64;585.78;592.92;640.18;588.97;626.84;723.00;603.04;554.50;588.66;575.39;579.43;529.66;564.55;562.80;516.89;436.45;507.67,HALAL,"Business activity permissible — debt ratio not verified, cross-check Musaffa/Zoya",
LRCX,CHIPS,ELEC-SEMICONDUCTOR EQUIPMENT,95,293.0199890136719,0.34705749568841604,238.01;247.70;237.05;209.38;230.57;226.18;230.85;235.13;236.94;241.81;249.01;233.45;216.86;214.53;211.00;218.72;212.05;226.31;233.83;233.15;233.29;211.26;213.51;218.29;224.19;258.58;267.13;264.97;267.41;258.19;258.38;259.29;248.57;256.54;275.61;286.32;295.84;295.23;284.52;273.19;302.03;322.45;317.78;316.90;343.47;303.07;326.93;362.26;388.65;374.18;409.54;374.80;379.09;433.33;351.41;326.13;353.17;329.92;335.43;313.30;322.00;319.78;291.61;252.35;293.02,HALAL,"Business activity permissible — debt ratio not verified, cross-check Musaffa/Zoya",
KLAC,CHIPS,ELEC-SEMICONDUCTOR EQUIPMENT,85,182.82000732421875,0.21161838985796666,161.22;168.04;140.68;130.39;143.92;142.72;144.71;146.83;146.80;148.58;154.47;152.26;143.95;142.75;142.73;146.31;141.68;147.95;150.96;150.95;154.19;144.14;147.05;151.49;154.69;172.51;176.65;174.59;178.92;178.31;181.31;189.76;181.39;172.41;173.07;176.10;184.28;184.74;180.20;174.06;184.22;201.14;192.76;194.00;212.51;192.92;213.94;241.16;256.42;238.73;269.16;240.48;248.64;301.71;235.55;216.47;229.52;222.25;224.50;212.75;217.56;218.73;203.36;170.19;182.82,HALAL,"Business activity permissible — debt ratio not verified, cross-check Musaffa/Zoya",
ASML,CHIPS,ELEC-SEMICONDUCTOR EQUIPMENT,91,1629.0,0.17838612424229217,1447.64;1448.20;1434.50;1332.73;1406.25;1408.72;1401.99;1414.86;1453.87;1480.84;1521.22;1445.53;1356.22;1363.61;1352.71;1381.87;1341.02;1384.34;1361.65;1364.87;1389.06;1297.95;1316.25;1312.66;1301.92;1443.62;1495.00;1476.63;1454.74;1453.91;1412.88;1430.59;1392.28;1425.18;1441.06;1514.64;1563.79;1579.54;1499.87;1457.55;1589.94;1629.92;1603.70;1626.47;1724.13;1639.62;1775.47;1897.03;1890.22;1865.42;1926.76;1760.49;1792.30;1986.87;1767.03;1745.02;1801.92;1723.81;1812.93;1745.32;1799.18;1800.67;1653.12;1550.69;1629.00,HALAL,"Business activity permissible — debt ratio not verified, cross-check Musaffa/Zoya",
ENTG,CHIPS,ELEC-SEMICONDUCTOR EQUIPMENT,46,119.05000305175781,0.04029588332990208,120.13;122.52;119.30;112.24;122.18;133.23;130.70;129.36;132.47;136.21;137.13;132.25;126.60;124.39;117.16;116.00;108.11;115.90;115.68;114.83;122.99;113.42;117.06;116.22;118.37;132.43;137.86;136.79;145.84;146.76;149.10;156.20;149.24;142.17;149.16;147.54;149.02;144.92;132.96;124.11;131.28;142.00;138.32;135.62;140.21;125.30;134.24;144.80;162.75;157.21;183.84;171.31;161.29;179.71;146.54;134.97;145.98;136.15;138.57;138.62;140.05;135.19;126.26;107.01;119.05,HALAL,"Business activity permissible — debt ratio not verified, cross-check Musaffa/Zoya",
ACLS,CHIPS,ELEC-SEMICONDUCTOR EQUIPMENT,85,130.3800048828125,0.43086041431998456,91.04;92.20;88.81;82.76;86.08;89.05;90.54;98.50;80.62;78.79;80.02;82.61;85.88;85.91;84.06;86.22;83.19;85.15;87.12;85.77;100.85;97.35;93.08;95.09;96.87;108.24;110.74;117.88;118.73;133.19;139.86;137.46;133.61;139.99;139.70;158.66;165.08;162.15;155.18;143.23;152.51;164.27;155.55;150.42;159.19;147.16;164.57;173.57;191.60;175.45;183.92;168.91;173.23;189.45;144.50;131.54;142.93;136.56;145.01;136.42;143.21;141.51;128.11;112.05;130.38,HALAL,"Business activity permissible — debt ratio not verified, cross-check Musaffa/Zoya",
ICHR,CHIPS,ELEC-SEMICONDUCTOR EQUIPMENT,98,75.2699966430664,1.3956077804040752,31.00;33.49;31.13;28.01;32.15;45.27;43.93;47.07;47.84;51.09;52.41;47.55;45.49;44.29;41.73;44.83;41.43;47.62;51.12;48.77;51.16;45.23;46.61;48.12;48.85;55.21;60.47;64.33;65.75;64.52;68.41;70.68;63.73;64.42;67.77;71.23;76.95;74.32;73.27;64.58;65.32;72.73;70.15;70.01;72.45;62.91;71.60;84.04;89.47;89.45;99.61;89.38;94.00;112.28;98.22;85.01;96.44;90.41;93.17;82.87;95.85;94.02;78.30;62.25;75.27,HALAL,"Business activity permissible — debt ratio not verified, cross-check Musaffa/Zoya",
ONTO,CHIPS,ELEC-SEMICONDUCTOR EQUIPMENT,92,258.5799865722656,0.22040768648878473,208.46;213.12;202.43;188.60;208.50;217.71;214.71;220.29;225.33;213.24;225.22;215.89;207.50;196.89;191.66;192.74;189.53;196.61;209.46;209.79;221.04;204.23;205.07;215.53;219.11;246.96;252.61;258.90;290.76;290.11;292.31;298.28;284.34;292.92;305.00;274.17;287.52;276.97;271.77;248.08;261.45;274.17;258.81;255.71;279.98;253.24;274.03;303.53;335.96;318.92;347.87;322.24;323.92;378.45;307.58;279.93;317.02;304.21;304.73;279.85;299.05;291.27;262.33;218.31;258.58,HALAL,"Business activity permissible — debt ratio not verified, cross-check Musaffa/Zoya",
UCTT,CHIPS,ELEC-SEMICONDUCTOR EQUIPMENT,97,83.30999755859375,0.9156126544792254,45.71;47.49;46.07;42.98;48.29;54.33;52.46;55.60;57.48;61.41;67.32;60.68;59.60;55.79;52.90;57.42;54.97;58.60;62.63;61.12;65.04;58.87;62.18;63.16;63.39;72.78;76.96;76.08;79.51;77.55;78.24;81.09;72.01;74.61;83.14;79.90;85.45;85.03;85.94;76.98;80.58;87.46;87.29;84.70;92.55;82.07;91.88;104.83;113.55;111.61;123.14;108.42;118.82;142.59;106.48;90.78;106.19;98.25;102.11;92.43;105.15;100.56;86.97;69.57;83.31,HALAL,"Business activity permissible — debt ratio not verified, cross-check Musaffa/Zoya",
AEHR,CHIPS,ELEC-SEMICONDUCTOR EQUIPMENT,98,79.9800033569336,1.852353806901772,27.75;26.88;26.06;23.83;26.39;26.83;27.89;28.49;30.27;34.32;41.48;37.43;41.64;40.49;40.88;42.45;35.67;37.09;37.76;37.15;39.03;32.52;37.08;44.32;50.25;68.86;71.66;73.22;83.86;93.72;95.51;88.48;81.81;93.07;91.19;91.26;104.56;103.25;99.50;81.14;91.30;109.92;99.99;93.62;114.59;98.45;94.31;103.03;115.88;112.62;113.33;95.20;91.81;96.06;69.96;66.94;76.21;68.02;87.79;81.05;98.91;88.51;77.48;65.40;79.98,HALAL,"Business activity permissible — debt ratio not verified, cross-check Musaffa/Zoya",
NVDA,CHIPS,ELEC-SEMICONDUCTOR FABLESS,42,200.75,0.0710015289611221,188.29;192.28;185.38;173.98;185.18;188.31;186.71;184.74;187.67;191.32;195.32;176.97;179.83;183.12;182.43;185.81;180.04;181.72;178.35;175.44;178.47;167.32;174.20;177.18;177.89;183.70;189.09;198.64;201.45;199.65;199.41;216.36;209.01;198.22;196.27;211.25;219.18;225.57;225.06;220.35;219.25;214.61;214.00;224.10;214.50;205.10;208.19;204.87;212.45;204.65;208.65;199.00;192.53;200.09;194.83;196.93;202.78;203.53;212.50;202.81;207.29;208.76;196.51;190.01;200.75,HALAL,"Semiconductors — halal core — debt ratio not verified, cross-check Musaffa/Zoya",
AVGO,CHIPS,ELEC-SEMICONDUCTOR FABLESS,59,389.2799987792969,0.22079044049387742,331.57;329.52;329.89;306.92;331.70;339.19;329.95;331.32;332.76;329.13;331.09;318.38;312.69;331.55;344.48;340.32;320.98;320.13;318.67;322.00;318.31;300.20;309.02;314.05;333.44;354.35;379.15;396.09;405.90;401.53;419.28;417.54;404.81;420.61;426.68;411.91;427.75;416.13;424.52;410.42;413.91;421.34;425.91;459.24;478.47;385.12;391.54;384.96;393.32;392.28;392.13;382.07;365.02;377.75;360.45;370.78;401.11;384.05;394.28;370.83;386.50;392.47;383.22;370.32;389.28,HALAL,"Business activity permissible — debt ratio not verified, cross-check Musaffa/Zoya",
QCOM,CHIPS,ELEC-SEMICONDUCTOR FABLESS,26,147.61000061035156,-0.043085619075278525,151.50;150.69;151.09;147.40;135.96;138.68;137.08;141.20;139.85;139.00;144.36;140.93;136.74;136.50;137.60;133.63;129.34;131.11;130.80;127.88;129.87;126.64;128.31;126.33;123.61;127.28;130.76;132.56;135.70;135.06;133.46;149.71;155.43;176.36;185.86;201.80;236.66;212.39;200.75;194.89;212.62;247.90;242.39;228.15;249.09;215.94;205.42;202.96;220.81;212.97;221.90;197.41;189.39;184.79;176.25;182.97;191.11;183.98;177.98;171.78;173.50;171.11;170.04;155.68;147.61,HALAL,"Business activity permissible — debt ratio not verified, cross-check Musaffa/Zoya",
AMD,CHIPS,ELEC-SEMICONDUCTOR FABLESS,97,476.1499938964844,0.8336029240842318,252.03;252.18;246.27;200.19;208.44;213.57;205.94;203.08;203.37;196.60;210.86;200.21;190.95;199.45;202.68;204.83;193.39;196.31;205.27;202.68;220.27;201.99;203.43;217.50;221.53;236.64;246.83;258.12;278.39;284.49;305.33;334.63;337.11;360.54;355.26;408.46;458.79;445.50;424.10;414.05;449.59;503.89;518.09;510.13;542.52;466.38;475.51;488.45;547.26;512.48;551.63;519.74;521.58;580.91;517.82;516.11;546.72;534.39;529.14;495.76;544.43;539.69;494.95;429.56;476.15,HALAL,"Business activity permissible — debt ratio not verified, cross-check Musaffa/Zoya",
MRVL,CHIPS,ELEC-SEMICONDUCTOR FABLESS,96,187.55999755859375,1.3395260758582013,82.87;81.28;78.60;73.67;80.22;81.95;78.17;78.95;79.55;77.73;80.86;81.63;77.45;75.62;92.58;90.37;87.79;90.72;89.46;90.09;98.38;94.81;98.98;107.03;109.30;119.84;131.27;134.57;139.66;151.27;165.52;158.17;156.53;164.91;168.71;159.97;170.80;177.91;176.85;176.23;190.64;208.21;204.78;219.38;301.58;263.41;266.81;280.64;308.80;289.47;307.78;276.63;266.70;297.82;245.23;230.64;243.21;217.53;206.26;188.68;207.96;209.32;189.17;163.40;187.56,HALAL,"Business activity permissible — debt ratio not verified, cross-check Musaffa/Zoya",
MPWR,CHIPS,ELEC-SEMICONDUCTOR FABLESS,82,1426.030029296875,0.3453111934663369,1091.64;1178.99;1169.10;1132.83;1225.50;1138.00;1151.87;1169.06;1171.09;1185.88;1227.62;1138.72;1070.59;1074.65;1058.27;1067.32;1048.89;1062.91;1088.85;1072.57;1114.73;1049.31;1091.68;1116.79;1189.41;1332.18;1370.14;1350.94;1466.11;1525.62;1589.74;1585.15;1524.51;1581.07;1585.70;1573.56;1658.57;1647.84;1547.66;1465.87;1558.87;1660.45;1630.68;1540.04;1687.32;1478.79;1529.65;1587.13;1649.77;1446.00;1535.54;1432.76;1311.32;1382.36;1288.16;1272.81;1374.13;1291.38;1352.66;1312.00;1383.26;1397.15;1339.08;1248.76;1426.03,HALAL,"Business activity permissible — debt ratio not verified, cross-check Musaffa/Zoya",
MCHP,CHIPS,ELEC-SEMICONDUCTOR FABLESS,30,74.29000091552734,0.005253523710593289,74.35;78.50;77.24;77.38;75.19;76.03;78.07;78.09;76.33;76.22;75.09;74.27;71.03;67.47;64.68;65.46;61.63;64.27;62.97;64.02;64.83;61.69;64.29;65.27;67.17;70.86;73.18;74.12;78.37;80.53;90.19;86.41;89.72;93.48;97.99;101.07;98.54;96.23;93.38;91.35;90.65;98.05;96.04;91.52;96.55;88.34;91.47;92.94;100.32;94.11;102.71;92.48;87.93;91.20;84.64;84.15;88.26;84.23;86.26;80.96;83.38;81.35;77.90;71.37;74.29,HALAL,"Business activity permissible — debt ratio not verified, cross-check Musaffa/Zoya",
RMBS,CHIPS,ELEC-SEMICONDUCTOR FABLESS,,,,,HALAL,"Business activity permissible — debt ratio not verified, cross-check Musaffa/Zoya",
SLAB,CHIPS,ELEC-SEMICONDUCTOR FABLESS,81,217.5,0.4963879660596675,140.51;146.54;143.42;203.41;206.50;206.42;207.00;205.69;204.79;204.20;204.16;204.53;203.64;203.25;203.42;201.70;203.00;206.36;205.78;206.96;207.07;205.93;208.15;209.13;210.00;210.38;211.32;211.88;212.89;214.53;214.52;215.00;217.19;218.24;218.27;217.64;217.21;216.95;216.59;216.46;217.31;219.05;218.41;217.88;219.13;218.11;218.80;218.90;220.34;218.61;219.78;218.00;218.42;218.56;218.22;217.80;218.68;218.75;218.19;217.47;217.40;216.76;217.29;216.44;217.50,HALAL,"Business activity permissible — debt ratio not verified, cross-check Musaffa/Zoya",
SMCI,CHIPS,ELEC-SEMICONDUCTOR FABLESS,10,28.399999618530273,-0.10410097996802636,31.20;30.12;29.71;33.76;34.38;33.33;30.43;30.11;32.16;30.71;33.60;32.39;30.68;32.24;31.98;31.79;30.75;31.51;30.79;21.58;24.05;21.97;22.77;23.22;22.67;23.22;25.97;27.29;28.56;28.43;26.75;27.85;26.32;27.09;27.83;33.62;33.52;32.00;31.04;30.56;33.46;37.10;41.30;46.88;47.42;41.64;40.64;31.97;30.85;27.78;35.46;32.45;30.63;29.33;27.22;26.25;28.24;27.66;26.89;24.18;25.50;31.20;29.81;25.70;28.40,HALAL,"Business activity permissible — debt ratio not verified, cross-check Musaffa/Zoya",
ALGM,CHIPS,ELEC-SEMICONDUCTOR FABLESS,62,41.5,0.2579568926511404,32.66;37.98;37.43;38.20;41.57;41.61;41.83;41.69;36.26;38.48;38.12;36.47;34.72;32.78;32.87;33.06;31.13;32.06;30.91;31.74;32.63;30.12;31.53;32.60;33.28;37.02;38.04;37.25;40.00;41.28;43.61;43.47;44.07;48.98;49.68;47.93;48.39;45.97;43.10;41.65;44.70;50.76;51.10;47.13;53.11;46.39;46.63;47.96;55.00;53.98;61.58;55.42;57.89;69.62;55.49;51.55;57.38;50.85;50.03;46.48;49.35;50.07;46.80;42.21;41.50,HALAL,"Business activity permissible — debt ratio not verified, cross-check Musaffa/Zoya",
POWI,CHIPS,ELEC-SEMICONDUCTOR FABLESS,60,60.709999084472656,0.37405032406142724,45.60;46.80;46.20;46.92;47.01;45.35;46.37;45.41;45.36;45.26;48.32;47.80;47.88;47.69;47.03;46.73;47.33;47.51;46.51;47.46;51.86;49.38;51.07;52.24;51.48;54.41;53.25;54.73;58.51;67.20;72.45;70.45;69.52;73.14;76.89;71.65;74.16;70.97;73.06;68.11;70.31;83.88;86.85;81.91;84.99;77.02;74.71;77.76;83.31;80.73;87.35;81.86;79.37;83.76;72.99;66.84;70.83;69.44;71.02;70.45;74.39;70.87;63.41;56.57;60.71,HALAL,"Business activity permissible — debt ratio not verified, cross-check Musaffa/Zoya",
LSCC,CHIPS,ELEC-SEMICONDUCTOR FABLESS,93,124.2699966430664,0.4736154861235131,84.96;83.31;82.91;81.79;86.41;90.95;99.80;97.50;95.10;97.66;101.07;95.62;93.48;91.11;90.63;90.80;85.77;92.16;94.92;92.31;100.72;90.39;92.76;95.02;96.84;106.29;107.76;108.40;117.06;117.05;118.01;119.23;115.67;120.96;122.27;119.92;128.96;125.65;120.11;124.24;139.35;150.35;147.31;144.74;154.60;135.57;137.56;142.86;148.97;139.86;155.27;143.93;138.76;152.96;136.53;130.60;139.53;130.74;132.46;125.23;135.83;138.13;122.91;112.96;124.27,HALAL,"Business activity permissible — debt ratio not verified, cross-check Musaffa/Zoya",
SITM,CHIPS,ELEC-SEMICONDUCTOR FABLESS,,,,,HALAL,"Business activity permissible — debt ratio not verified, cross-check Musaffa/Zoya",
TSM,CHIPS,ELEC-SEMICONDUCTOR MFG,77,404.25,0.21342151445749424,336.60;337.80;339.61;324.07;347.06;360.05;366.21;362.33;358.54;368.14;385.74;372.65;351.32;352.04;346.91;352.74;336.57;345.17;338.00;337.66;346.94;325.98;337.16;338.25;344.51;364.64;368.71;374.22;369.63;367.22;381.77;404.03;392.91;396.74;393.49;413.18;403.59;398.87;403.41;391.69;406.20;411.36;423.87;434.61;435.67;414.20;426.92;421.07;441.40;432.15;467.67;440.83;432.35;477.57;434.16;432.57;436.96;421.58;419.48;398.37;424.61;415.58;399.09;374.67;404.25,HALAL,"Business activity permissible — debt ratio not verified, cross-check Musaffa/Zoya",
INTC,CHIPS,ELEC-SEMICONDUCTOR MFG,97,90.19999694824219,1.0013312083203907,43.93;48.66;48.81;48.60;50.59;47.13;46.48;46.18;44.62;43.63;46.88;45.61;43.10;45.95;45.58;47.98;45.77;44.06;46.18;44.01;47.18;43.13;44.13;50.38;52.91;61.72;65.18;64.94;68.50;66.26;66.78;84.99;94.75;99.62;108.15;109.62;129.44;120.29;108.77;110.80;118.50;123.52;120.89;109.33;112.71;99.17;107.92;116.96;127.86;121.10;140.94;131.65;128.32;139.63;120.35;110.39;112.54;103.12;102.99;95.04;105.45;100.23;91.67;81.88;90.20,HALAL,"Business activity permissible — debt ratio not verified, cross-check Musaffa/Zoya",
TXN,CHIPS,ELEC-SEMICONDUCTOR MFG,78,275.739990234375,0.44301906463462615,194.37;216.45;223.87;221.79;220.32;219.80;221.87;224.55;216.95;218.75;212.82;211.04;201.65;196.98;195.21;197.67;189.82;193.47;187.34;187.68;195.78;189.37;193.16;193.88;198.73;213.89;215.61;215.20;228.66;231.97;280.80;268.14;267.86;279.60;281.00;285.24;297.76;306.34;302.73;302.31;298.39;324.89;315.95;293.20;308.59;285.06;288.63;297.10;313.34;301.88;332.28;303.11;285.43;298.07;293.08;293.30;308.53;298.57;301.19;284.02;291.30;284.99;279.41;271.30;275.74,HALAL,"Business activity permissible — debt ratio not verified, cross-check Musaffa/Zoya",
ADI,CHIPS,ELEC-SEMICONDUCTOR MFG,73,367.4100036621094,0.20932571600768424,302.05;316.84;315.01;318.57;318.58;323.26;329.42;335.54;343.28;353.07;358.69;353.71;338.06;328.82;318.84;318.35;305.23;312.80;309.59;311.34;321.15;306.60;317.27;317.47;326.52;350.40;349.05;346.99;370.44;374.24;402.78;391.52;388.25;396.60;403.66;407.40;421.58;431.21;416.35;413.18;383.16;418.79;417.87;401.59;437.67;401.39;404.62;412.13;427.58;414.45;445.48;413.16;386.91;397.17;377.16;379.03;393.64;386.01;390.96;375.36;382.81;380.20;371.89;353.37;367.41,HALAL,"Business activity permissible — debt ratio not verified, cross-check Musaffa/Zoya",
STM,CHIPS,ELEC-SEMICONDUCTOR MFG,90,52.38999938964844,0.8106228903904473,29.24;28.51;28.66;29.21;29.73;33.31;33.48;33.07;33.07;33.86;34.42;33.48;31.49;33.18;33.40;33.92;32.74;33.66;32.29;31.53;33.38;32.50;34.51;34.28;35.64;39.10;40.27;40.63;44.17;44.25;49.65;50.50;52.61;55.69;57.12;55.84;60.05;63.32;61.34;61.16;65.59;70.61;69.37;68.94;79.62;70.64;73.24;78.03;78.86;73.28;79.82;71.84;71.42;74.89;68.35;67.28;71.39;68.47;67.75;62.06;65.43;53.49;53.45;48.36;52.39,HALAL,"Business activity permissible — debt ratio not verified, cross-check Musaffa/Zoya",
ON,CHIPS,ELEC-SEMICONDUCTOR MFG,66,81.61000061035156,0.3167150889495949,62.63;62.20;61.53;62.06;65.20;67.38;70.63;71.96;68.09;69.47;69.68;66.48;63.42;60.85;59.23;59.24;58.55;60.98;59.29;59.89;63.10;58.35;61.92;62.19;63.79;68.49;71.02;72.43;83.01;86.91;97.78;98.04;98.86;103.03;102.67;100.61;107.24;115.71;113.11;106.02;109.61;127.00;123.77;120.92;133.93;117.26;117.00;115.96;125.90;112.92;131.55;115.74;90.65;94.54;91.22;91.10;97.87;90.37;92.54;87.37;91.06;90.13;89.04;78.86;81.61,HALAL,"Business activity permissible — debt ratio not verified, cross-check Musaffa/Zoya",
NXPI,CHIPS,ELEC-SEMICONDUCTOR MFG,37,229.16000366210938,-0.005804087487370824,227.46;231.51;229.11;224.93;222.41;234.60;240.13;243.00;230.13;229.19;233.07;225.07;213.41;208.78;203.50;198.17;189.23;192.37;190.71;191.74;196.94;191.01;196.19;193.89;194.46;204.97;207.30;208.68;215.30;223.74;240.34;236.07;288.27;294.24;291.36;289.24;304.96;297.40;290.51;293.29;298.37;331.55;329.16;310.33;320.79;294.96;296.40;301.53;314.81;297.19;322.15;294.06;277.02;281.03;273.36;273.15;290.54;278.39;279.01;266.53;273.15;277.29;267.67;240.98;229.16,HALAL,"Business activity permissible — debt ratio not verified, cross-check Musaffa/Zoya",
WOLF,CHIPS,ELEC-SEMICONDUCTOR MFG,,23.6200008392334,0.3151448799156178,18.00;17.33;16.62;17.20;15.74;15.80;16.00;19.12;19.06;18.47;20.47;19.72;20.85;18.94;17.76;18.20;16.70;17.89;17.06;16.60;18.50;15.44;16.32;17.47;18.93;24.43;24.15;23.90;25.56;24.70;27.55;29.67;25.63;36.76;36.63;45.16;50.31;62.60;62.13;58.83;69.50;73.50;65.05;52.95;61.67;55.06;48.78;45.54;49.09;48.69;52.97;45.87;45.97;48.25;40.00;36.00;37.25;33.65;35.10;29.89;31.73;25.96;23.80;20.06;23.62,HALAL,"Business activity permissible — debt ratio not verified, cross-check Musaffa/Zoya",
GFS,CHIPS,ELEC-SEMICONDUCTOR MFG,53,49.9900016784668,0.16830903832194588,47.34;44.40;42.12;41.04;42.85;41.84;48.63;48.15;45.37;46.09;48.79;47.48;47.15;48.26;47.31;44.03;41.80;43.19;43.30;43.90;46.67;42.88;44.42;43.69;43.87;48.63;48.96;48.24;54.67;59.16;61.45;60.26;62.65;64.82;73.93;70.83;74.88;74.88;70.93;66.58;81.23;89.83;80.51;79.81;85.87;75.42;75.15;80.62;83.86;80.52;89.54;83.70;79.78;82.41;69.84;65.84;69.71;63.94;61.41;57.48;59.39;56.91;53.18;47.07;49.99,HALAL,"Business activity permissible — debt ratio not verified, cross-check Musaffa/Zoya",
QRVO,CHIPS,ELEC-SEMICONDUCTOR MFG,43,90.56999969482422,0.11939186250758604,82.81;78.11;79.82;80.95;83.72;84.31;82.90;84.29;81.31;82.46;82.36;82.90;81.27;79.41;78.04;78.63;78.12;77.96;77.74;78.76;80.74;77.35;77.40;78.70;77.78;79.83;79.77;81.19;81.90;83.09;84.65;85.84;86.48;93.50;96.35;88.97;93.41;91.51;92.25;94.57;97.74;108.23;106.42;99.97;104.73;98.28;97.94;97.66;101.28;94.65;101.98;97.18;93.88;93.27;87.57;85.13;85.45;84.35;83.44;85.50;88.93;86.73;89.76;89.50;90.57,HALAL,"Business activity permissible — debt ratio not verified, cross-check Musaffa/Zoya",
SWKS,CHIPS,ELEC-SEMICONDUCTOR MFG,29,62.279998779296875,0.0782947381449568,58.83;54.65;55.67;57.80;60.83;61.04;59.49;60.89;58.01;58.56;59.30;59.07;57.65;55.99;54.80;54.87;54.27;53.25;53.65;54.02;55.71;53.19;53.09;54.71;54.59;56.07;56.01;57.43;58.48;59.42;61.02;61.58;62.12;68.80;71.93;64.48;69.53;67.55;67.94;69.74;72.91;83.42;81.41;75.49;80.66;73.57;73.56;72.73;76.26;69.38;76.18;71.40;68.00;67.80;62.56;59.76;59.95;58.24;57.51;59.35;62.95;60.47;63.44;61.19;62.28,HALAL,"Business activity permissible — debt ratio not verified, cross-check Musaffa/Zoya",
SIMO,CHIPS,ELEC-SEMICONDUCTOR MFG,,,,,HALAL,"Business activity permissible — debt ratio not verified, cross-check Musaffa/Zoya",
VSH,CHIPS,ELEC-SEMICONDUCTOR MFG,95,34.220001220703125,0.86849911012376,18.34;20.02;20.52;19.71;19.80;19.22;19.24;18.55;19.56;19.18;19.96;18.58;17.82;17.00;16.67;17.37;17.20;17.65;17.70;17.43;18.26;16.99;17.97;18.55;18.95;21.29;22.80;23.72;25.88;26.87;27.28;27.72;27.75;29.53;32.04;32.54;34.77;38.44;37.17;36.98;42.10;50.29;52.15;55.90;63.86;57.11;58.48;58.50;63.61;60.23;64.27;55.59;56.35;53.78;45.92;42.19;44.04;41.94;40.45;37.81;39.78;40.80;37.18;29.96;34.22,HALAL,"Business activity permissible — debt ratio not verified, cross-check Musaffa/Zoya",
HIMX,CHIPS,ELEC-SEMICONDUCTOR MFG,80,12.539999961853027,0.5155233708358569,8.28;8.23;7.83;7.42;7.77;7.93;7.62;7.42;7.25;7.48;7.58;7.15;7.18;7.55;7.59;8.99;9.67;8.90;8.83;8.53;9.08;7.95;7.73;7.79;8.58;8.91;9.10;10.00;10.91;11.44;10.74;11.30;11.25;12.10;11.97;15.75;20.29;20.23;18.73;18.96;19.55;21.06;20.46;21.53;23.77;19.73;17.95;17.37;17.54;16.66;18.22;15.46;14.14;15.34;13.15;14.05;15.72;14.27;13.92;12.80;13.68;13.27;12.73;11.64;12.54,HALAL,"Business activity permissible — debt ratio not verified, cross-check Musaffa/Zoya",
DIOD,CHIPS,ELEC-SEMICONDUCTOR MFG,70,82.31999969482422,0.4577651481375198,58.16;60.26;60.66;59.28;60.84;61.70;72.08;67.54;67.24;67.92;70.80;68.23;66.79;64.42;62.31;63.73;63.88;66.59;67.11;68.07;73.47;68.20;68.26;68.58;73.28;82.29;88.26;90.26;94.84;97.00;100.40;101.28;101.00;108.24;112.50;112.59;111.99;101.96;100.04;93.75;96.30;108.24;109.89;101.96;116.22;101.06;103.51;106.84;113.15;108.80;122.76;113.04;104.14;109.44;96.25;91.57;94.80;92.29;96.92;87.02;93.75;92.74;85.90;76.09;82.32,HALAL,"Business activity permissible — debt ratio not verified, cross-check Musaffa/Zoya",
MU,CHIPS,ELEC-SEMICONDUCTOR MEMORY,99,823.030029296875,1.0605590416847397,410.00;435.54;437.55;379.18;394.46;373.04;413.73;399.55;417.11;420.73;428.75;412.13;379.46;396.82;389.10;418.45;425.89;461.43;444.02;404.12;381.87;357.02;337.79;366.18;377.52;421.45;426.49;456.16;455.00;449.31;481.65;524.48;518.38;542.13;640.10;646.53;795.21;803.51;724.55;698.63;761.98;895.74;923.38;1035.34;1079.40;863.88;935.75;995.72;1087.82;1043.03;1211.19;1048.35;1132.16;1154.11;975.41;938.38;991.64;937.00;904.28;848.95;970.82;990.21;900.20;739.00;823.03,HALAL,"Business activity permissible — debt ratio not verified, cross-check Musaffa/Zoya",
WDC,CHIPS,ELEC-SEMICONDUCTOR MEMORY,99,544.8400268554688,1.3065396397867577,252.47;278.20;270.03;269.21;282.37;262.37;283.89;283.90;284.46;280.21;290.74;279.49;250.42;258.96;261.99;268.74;272.22;313.73;316.85;294.71;296.06;275.27;270.42;294.89;311.88;337.79;350.07;364.90;372.42;383.71;403.01;400.63;412.65;431.41;465.14;463.79;515.70;493.96;481.89;455.68;486.33;524.51;531.04;546.06;593.96;511.72;517.72;529.29;653.53;712.13;732.62;643.83;586.45;638.72;539.00;532.10;578.05;555.55;513.84;477.22;548.39;558.30;497.92;462.04;544.84,HALAL,"Business activity permissible — debt ratio not verified, cross-check Musaffa/Zoya",
STX,CHIPS,ELEC-SEMICONDUCTOR MEMORY,98,856.1300048828125,1.479731223441949,370.85;445.47;431.89;417.60;428.27;395.26;430.11;414.92;407.97;406.40;420.82;406.84;356.74;366.44;373.41;385.02;382.77;420.06;433.53;403.03;412.93;379.80;391.48;429.05;468.39;500.41;512.91;519.23;547.36;559.50;587.20;595.44;642.84;726.41;770.46;765.89;833.42;816.77;794.90;732.83;809.88;845.16;880.09;920.60;940.02;846.87;845.41;867.47;1018.07;1065.31;1093.26;993.25;899.90;965.00;820.16;827.64;890.09;860.66;828.30;787.66;891.83;913.36;816.99;764.43;856.13,HALAL,"Business activity permissible — debt ratio not verified, cross-check Musaffa/Zoya",
NTAP,CHIPS,ELEC-SEMICONDUCTOR MEMORY,94,178.5,0.8472512917971229,99.08;97.53;96.67;99.71;102.50;104.78;97.42;100.25;100.78;99.71;101.05;98.23;97.99;101.28;99.79;96.79;97.86;101.09;102.25;100.48;104.64;101.51;101.56;103.04;97.31;95.38;98.10;100.03;104.21;111.46;108.07;108.11;108.32;111.74;113.79;112.66;117.37;118.22;119.57;120.22;123.57;138.53;141.97;179.16;180.53;166.53;164.50;159.98;161.33;154.34;157.83;155.09;151.99;154.29;153.70;165.28;171.21;163.93;162.10;163.88;165.76;164.64;169.80;173.23;178.50,HALAL,"Business activity permissible — debt ratio not verified, cross-check Musaffa/Zoya",
PSTG,CHIPS,ELEC-SEMICONDUCTOR MEMORY,,,,,HALAL,"Business activity permissible — debt ratio not verified, cross-check Musaffa/Zoya",
NTAP,COMPUTER,COMPUTER-DATA STORAGE,94,178.5,0.8472512917971229,99.08;97.53;96.67;99.71;102.50;104.78;97.42;100.25;100.78;99.71;101.05;98.23;97.99;101.28;99.79;96.79;97.86;101.09;102.25;100.48;104.64;101.51;101.56;103.04;97.31;95.38;98.10;100.03;104.21;111.46;108.07;108.11;108.32;111.74;113.79;112.66;117.37;118.22;119.57;120.22;123.57;138.53;141.97;179.16;180.53;166.53;164.50;159.98;161.33;154.34;157.83;155.09;151.99;154.29;153.70;165.28;171.21;163.93;162.10;163.88;165.76;164.64;169.80;173.23;178.50,HALAL,"Business activity permissible — debt ratio not verified, cross-check Musaffa/Zoya",
PSTG,COMPUTER,COMPUTER-DATA STORAGE,,,,,HALAL,"Business activity permissible — debt ratio not verified, cross-check Musaffa/Zoya",
STX,COMPUTER,COMPUTER-DATA STORAGE,98,856.1300048828125,1.479731223441949,370.85;445.47;431.89;417.60;428.27;395.26;430.11;414.92;407.97;406.40;420.82;406.84;356.74;366.44;373.41;385.02;382.77;420.06;433.53;403.03;412.93;379.80;391.48;429.05;468.39;500.41;512.91;519.23;547.36;559.50;587.20;595.44;642.84;726.41;770.46;765.89;833.42;816.77;794.90;732.83;809.88;845.16;880.09;920.60;940.02;846.87;845.41;867.47;1018.07;1065.31;1093.26;993.25;899.90;965.00;820.16;827.64;890.09;860.66;828.30;787.66;891.83;913.36;816.99;764.43;856.13,HALAL,"Business activity permissible — debt ratio not verified, cross-check Musaffa/Zoya",
WDC,COMPUTER,COMPUTER-DATA STORAGE,99,544.8400268554688,1.3065396397867577,252.47;278.20;270.03;269.21;282.37;262.37;283.89;283.90;284.46;280.21;290.74;279.49;250.42;258.96;261.99;268.74;272.22;313.73;316.85;294.71;296.06;275.27;270.42;294.89;311.88;337.79;350.07;364.90;372.42;383.71;403.01;400.63;412.65;431.41;465.14;463.79;515.70;493.96;481.89;455.68;486.33;524.51;531.04;546.06;593.96;511.72;517.72;529.29;653.53;712.13;732.62;643.83;586.45;638.72;539.00;532.10;578.05;555.55;513.84;477.22;548.39;558.30;497.92;462.04;544.84,HALAL,"Business activity permissible — debt ratio not verified, cross-check Musaffa/Zoya",
AAPL,COMPUTER,COMPUTER-HARDWARE/PERIPHERAL,,,,,HALAL,"Core business halal; impure revenue (Apple Card) typically <5% — debt ratio not verified, cross-check Musaffa/Zoya",
DELL,COMPUTER,COMPUTER-HARDWARE/PERIPHERAL,98,405.3699951171875,2.5285125489695273,114.12;117.93;118.60;121.46;120.48;125.41;112.29;115.54;118.50;118.58;122.90;147.38;144.49;145.83;145.82;146.67;150.90;152.29;156.02;163.81;183.14;171.00;163.35;173.55;176.85;180.60;188.89;176.44;195.62;212.01;211.79;215.61;205.32;209.82;215.96;229.89;246.63;243.47;241.59;234.87;252.38;304.58;316.53;465.19;420.39;393.74;381.15;390.80;408.40;418.63;418.02;433.34;398.83;430.75;393.67;416.59;449.48;426.41;412.00;395.69;404.15;439.34;426.91;369.64;405.37,HALAL,"Business activity permissible — debt ratio not verified, cross-check Musaffa/Zoya",
HPQ,COMPUTER,COMPUTER-HARDWARE/PERIPHERAL,78,27.270000457763672,0.4436369228401815,18.83;18.85;19.26;19.27;19.10;19.26;18.35;17.98;17.83;17.84;17.70;18.46;18.48;18.80;18.40;18.24;18.70;18.52;18.26;18.31;19.23;19.21;18.98;19.28;18.39;18.16;19.00;19.00;19.64;20.84;19.90;19.52;19.90;20.58;20.90;20.74;21.41;21.00;20.56;20.72;21.64;24.14;24.71;28.99;25.73;25.27;24.64;24.68;24.60;23.18;23.54;23.29;22.88;21.94;21.93;22.96;24.13;24.77;23.75;24.84;24.81;24.51;26.55;28.41;27.27,HALAL,"Business activity permissible — debt ratio not verified, cross-check Musaffa/Zoya",
HPE,COMPUTER,COMPUTER-HARDWARE/PERIPHERAL,97,47.900001525878906,1.2969080718952992,21.40;21.81;21.81;23.02;23.39;23.75;21.99;21.77;21.19;19.81;20.44;21.27;21.44;21.27;21.61;21.23;21.38;21.47;21.91;22.11;25.70;23.87;23.74;24.54;24.56;24.76;24.74;24.55;26.36;28.68;27.85;28.54;28.22;28.49;29.95;29.61;30.78;31.98;33.00;32.52;33.87;37.95;38.10;46.86;54.99;49.06;48.13;46.66;48.88;48.20;48.40;48.75;43.71;45.11;41.23;43.47;49.11;47.24;47.39;45.82;46.72;47.64;48.19;44.44;47.90,HALAL,"Business activity permissible — debt ratio not verified, cross-check Musaffa/Zoya",
LOGI,COMPUTER,COMPUTER-HARDWARE/PERIPHERAL,42,102.4800033569336,0.09674658261268876,93.74;88.48;87.67;91.30;91.45;92.40;87.02;89.94;89.37;89.38;90.09;91.95;91.60;89.99;92.40;92.31;92.75;92.59;91.72;90.90;93.91;90.04;91.12;91.98;92.81;91.06;94.43;97.71;101.09;98.17;95.00;95.14;97.70;99.49;105.42;103.21;106.89;103.99;102.99;103.66;105.80;111.36;111.76;126.67;119.07;112.93;113.04;109.89;110.90;105.94;106.83;102.37;97.37;94.04;94.00;97.11;101.67;102.22;99.91;102.83;102.91;102.90;107.82;102.99;102.48,HALAL,"Business activity permissible — debt ratio not verified, cross-check Musaffa/Zoya",
ZBRA,COMPUTER,COMPUTER-HARDWARE/PERIPHERAL,61,293.82000732421875,0.22150168589514774,238.56;237.96;242.01;245.25;251.40;256.57;274.15;260.76;251.74;231.32;239.01;223.96;225.38;229.67;213.78;213.67;202.72;209.06;206.19;205.87;208.45;202.64;209.08;202.84;212.51;223.07;226.09;229.64;234.43;236.67;226.87;221.00;215.54;227.08;228.39;228.62;216.96;246.76;259.35;247.15;242.26;252.44;247.90;249.96;249.30;232.11;234.20;222.44;240.05;232.98;245.69;247.78;251.53;263.26;267.18;264.65;272.65;266.71;255.17;267.40;262.40;256.95;264.59;282.98;293.82,HALAL,"Business activity permissible — debt ratio not verified, cross-check Musaffa/Zoya",
JBL,COMPUTER,COMPUTER-HARDWARE/PERIPHERAL,72,315.04998779296875,0.29645552294673205,242.15;243.79;243.09;235.93;258.11;258.79;250.99;257.34;262.38;261.22;277.51;264.93;254.18;252.15;247.40;255.40;250.59;262.29;265.25;266.20;283.18;261.04;265.57;268.49;272.79;292.95;305.30;304.88;321.62;333.60;338.45;340.72;333.78;342.39;337.18;349.52;365.16;355.35;339.82;332.88;356.41;380.25;363.65;359.97;379.04;353.24;362.38;376.89;385.63;374.98;377.24;371.80;358.60;385.48;341.30;321.08;332.51;321.96;319.18;301.01;318.93;322.04;311.49;287.14;315.05,HALAL,"Business activity permissible — debt ratio not verified, cross-check Musaffa/Zoya",
SMCI,COMPUTER,COMPUTER-HARDWARE/PERIPHERAL,10,28.399999618530273,-0.10410097996802636,31.20;30.12;29.71;33.76;34.38;33.33;30.43;30.11;32.16;30.71;33.60;32.39;30.68;32.24;31.98;31.79;30.75;31.51;30.79;21.58;24.05;21.97;22.77;23.22;22.67;23.22;25.97;27.29;28.56;28.43;26.75;27.85;26.32;27.09;27.83;33.62;33.52;32.00;31.04;30.56;33.46;37.10;41.30;46.88;47.42;41.64;40.64;31.97;30.85;27.78;35.46;32.45;30.63;29.33;27.22;26.25;28.24;27.66;26.89;24.18;25.50;31.20;29.81;25.70;28.40,HALAL,"Business activity permissible — debt ratio not verified, cross-check Musaffa/Zoya",
PSTG,COMPUTER,COMPUTER-HARDWARE/PERIPHERAL,,,,,HALAL,"Business activity permissible — debt ratio not verified, cross-check Musaffa/Zoya",
ANET,COMPUTER,COMPUTER-HARDWARE/PERIPHERAL,77,180.35000610351562,0.32279603159556536,146.69;148.15;138.37;130.28;137.49;143.45;135.12;142.58;137.23;127.43;132.89;133.50;124.60;139.40;137.17;138.23;133.57;133.07;136.26;135.88;135.01;120.77;122.78;126.68;133.64;146.05;152.02;154.33;164.23;172.86;172.55;172.47;168.68;172.70;170.22;141.75;136.43;140.69;141.97;141.58;148.59;158.01;155.27;170.68;174.37;154.27;152.16;156.40;169.09;164.93;174.56;161.74;157.60;169.88;159.99;166.46;184.69;181.15;171.92;168.61;174.58;176.61;170.76;157.97;180.35,HALAL,"Business activity permissible — debt ratio not verified, cross-check Musaffa/Zoya",
CSCO,COMPUTER,COMPUTER-NETWORKING,92,115.98999786376953,0.5693092332897869,77.96;77.72;79.91;80.42;84.05;85.51;74.32;76.15;77.85;77.03;78.40;78.74;78.24;79.28;75.52;77.39;77.62;78.55;77.80;78.10;81.09;79.19;76.88;78.73;80.38;82.86;82.04;82.05;85.93;89.37;88.26;87.93;89.24;91.51;93.95;91.82;98.35;101.49;117.77;114.95;117.76;117.89;118.20;120.88;126.03;121.19;119.91;121.38;119.72;116.89;121.08;119.28;113.35;117.02;112.27;111.79;118.31;119.25;111.77;111.94;112.18;112.76;114.57;112.48;115.99,HALAL,"Business activity permissible — debt ratio not verified, cross-check Musaffa/Zoya",
ANET,COMPUTER,COMPUTER-NETWORKING,77,180.35000610351562,0.32279603159556536,146.69;148.15;138.37;130.28;137.49;143.45;135.12;142.58;137.23;127.43;132.89;133.50;124.60;139.40;137.17;138.23;133.57;133.07;136.26;135.88;135.01;120.77;122.78;126.68;133.64;146.05;152.02;154.33;164.23;172.86;172.55;172.47;168.68;172.70;170.22;141.75;136.43;140.69;141.97;141.58;148.59;158.01;155.27;170.68;174.37;154.27;152.16;156.40;169.09;164.93;174.56;161.74;157.60;169.88;159.99;166.46;184.69;181.15;171.92;168.61;174.58;176.61;170.76;157.97;180.35,HALAL,"Business activity permissible — debt ratio not verified, cross-check Musaffa/Zoya",
JNPR,COMPUTER,COMPUTER-NETWORKING,,,,,HALAL,"Business activity permissible — debt ratio not verified, cross-check Musaffa/Zoya",
NTGR,COMPUTER,COMPUTER-NETWORKING,,,,,HALAL,"Business activity permissible — debt ratio not verified, cross-check Musaffa/Zoya",
EXTR,COMPUTER,COMPUTER-NETWORKING,96,30.139999389648438,1.0433897891287076,14.70;14.37;14.79;15.00;15.24;15.45;14.14;14.20;14.04;13.78;14.00;13.98;14.19;14.44;14.03;14.57;14.49;15.05;15.03;15.17;15.46;15.26;15.08;15.36;15.82;17.66;17.64;17.35;17.99;18.67;16.90;17.46;21.85;22.29;23.71;23.52;24.31;22.77;24.66;23.54;23.90;27.02;26.21;28.13;28.79;28.02;28.73;31.07;31.67;30.83;31.85;30.93;31.74;32.37;29.80;30.02;32.87;32.91;30.50;30.34;30.44;29.73;29.95;29.07;30.14,HALAL,"Business activity permissible — debt ratio not verified, cross-check Musaffa/Zoya",
CIEN,COMPUTER,COMPUTER-NETWORKING,97,377.04998779296875,0.6455005184485578,247.52;253.53;268.49;253.50;271.32;298.70;292.96;302.33;318.41;344.84;353.33;348.70;333.07;299.30;318.54;339.95;337.38;370.05;412.58;407.90;437.70;401.61;388.23;447.76;447.88;487.38;479.90;475.76;507.43;505.93;515.85;506.34;475.39;535.29;544.75;538.76;581.47;577.90;554.46;541.92;587.23;602.39;570.18;569.61;620.37;488.21;439.34;445.22;463.41;436.72;460.33;463.51;479.50;490.56;422.46;418.91;462.34;445.44;418.46;374.41;408.73;407.53;377.27;330.37;377.05,HALAL,"Business activity permissible — debt ratio not verified, cross-check Musaffa/Zoya",
CALX,COMPUTER,COMPUTER-NETWORKING,7,35.900001525878906,-0.3375161019438625,55.98;46.66;47.32;50.30;53.18;54.52;52.02;52.31;54.87;54.13;51.07;51.77;52.58;52.08;50.95;50.99;50.57;51.45;50.63;52.54;52.76;50.28;48.99;46.34;48.78;49.44;48.71;49.12;50.15;49.58;42.69;42.62;41.68;43.53;45.82;43.52;42.73;40.40;39.81;39.86;38.42;40.34;40.03;40.15;38.50;37.27;38.69;38.56;38.33;37.54;37.47;36.54;35.57;37.32;38.48;38.41;39.73;39.73;39.47;39.14;37.47;35.77;36.85;35.55;35.90,HALAL,"Business activity permissible — debt ratio not verified, cross-check Musaffa/Zoya",
IBM,COMPUTER,COMPUTER-SERVICES,15,223.64999389648438,-0.22520661331772585,290.06;305.24;310.66;285.31;295.06;289.63;257.62;256.42;254.41;221.72;235.80;238.45;243.49;254.68;251.48;247.05;244.48;254.24;248.54;246.62;239.63;234.61;240.62;246.35;243.28;235.45;236.08;243.01;251.62;253.81;229.39;226.38;225.44;230.50;227.36;229.62;223.55;214.64;219.30;222.33;252.97;250.69;264.22;320.42;305.63;284.84;277.49;274.85;268.71;262.35;252.22;262.96;271.63;281.21;289.52;306.13;295.30;290.23;211.20;212.67;210.50;206.65;216.28;226.44;223.65,HALAL,"Business activity permissible — debt ratio not verified, cross-check Musaffa/Zoya",
ACN,COMPUTER,COMPUTER-SERVICES,8,165.9199981689453,-0.39752010882802646,270.23;255.95;261.40;236.77;235.76;236.00;217.57;215.45;210.61;197.12;187.63;204.51;205.65;209.68;205.13;197.41;192.68;194.65;199.44;195.98;188.41;188.71;194.29;197.27;193.32;183.82;189.67;191.70;195.30;192.11;176.16;174.87;178.12;177.69;176.88;178.05;170.30;157.74;166.81;174.70;175.76;174.90;176.28;194.25;175.32;176.13;171.41;165.53;163.40;154.16;123.35;127.62;127.45;122.96;135.72;140.45;139.06;138.52;137.02;143.57;140.86;138.74;154.06;173.17;165.92,HALAL,"Business activity permissible — debt ratio not verified, cross-check Musaffa/Zoya",
DXC,COMPUTER,COMPUTER-SERVICES,15,11.239999771118164,-0.2506666819254557,14.67;14.41;15.28;14.25;15.20;14.59;13.01;13.38;13.34;11.85;12.05;12.59;12.33;13.19;12.51;12.29;11.83;11.82;11.98;12.13;12.01;11.81;12.57;12.66;12.72;12.37;12.28;12.63;12.97;13.12;11.91;11.58;11.71;11.88;11.86;12.01;8.88;8.22;8.94;8.93;9.23;9.25;9.27;10.32;9.15;9.01;8.85;8.82;8.81;8.97;8.28;8.39;8.82;8.85;9.91;10.16;9.26;9.71;9.30;9.47;9.31;9.27;10.36;11.77;11.24,HALAL,"Business activity permissible — debt ratio not verified, cross-check Musaffa/Zoya",
CTSH,COMPUTER,COMPUTER-SERVICES,14,55.349998474121094,-0.3344745527278311,83.63;81.46;81.91;75.79;76.15;73.67;65.04;64.40;64.53;60.70;60.90;63.98;63.89;65.32;64.20;61.99;59.95;60.89;61.12;61.51;59.37;59.31;60.92;62.10;61.06;58.79;60.11;59.97;60.87;60.03;54.71;54.25;54.32;52.06;51.51;51.58;48.91;45.65;46.80;50.88;52.32;51.81;53.85;57.16;53.51;53.21;52.94;51.18;50.82;48.82;41.83;41.44;40.03;38.73;41.99;43.94;43.40;44.16;43.18;44.77;43.63;43.01;47.05;55.97;55.35,HALAL,"Business activity permissible — debt ratio not verified, cross-check Musaffa/Zoya",
EPAM,COMPUTER,COMPUTER-SERVICES,7,105.55999755859375,-0.5162458443209175,218.04;208.92;210.42;184.78;186.68;191.61;163.12;162.20;139.16;129.96;131.08;141.00;140.77;144.58;146.26;141.98;137.14;136.46;135.67;135.72;133.26;135.19;135.40;137.99;134.22;123.85;124.99;128.42;131.34;132.12;120.77;116.31;112.91;112.33;109.64;104.24;97.35;90.39;93.02;100.51;103.19;99.69;101.43;108.76;97.28;98.04;95.65;92.76;92.72;87.70;76.04;78.39;80.68;79.35;88.27;89.55;87.29;86.38;85.93;88.66;89.22;86.14;94.17;106.89;105.56,HALAL,"Business activity permissible — debt ratio not verified, cross-check Musaffa/Zoya",
GIB,COMPUTER,COMPUTER-SERVICES,17,73.1500015258789,-0.17836913774201923,87.90;85.38;86.30;82.40;82.42;80.64;74.92;73.11;73.58;71.16;70.79;73.21;73.11;74.98;75.60;72.89;71.46;71.74;71.76;73.77;72.30;70.91;72.95;73.83;72.54;70.16;73.26;73.92;76.08;76.65;72.86;73.32;65.46;66.45;66.83;67.95;65.33;61.90;63.11;64.69;66.01;66.94;67.63;71.16;66.25;67.28;67.15;66.92;65.78;66.07;61.33;63.09;64.46;64.57;66.48;67.48;66.89;67.75;65.90;68.12;66.64;63.79;69.47;74.50;73.15,HALAL,"Business activity permissible — debt ratio not verified, cross-check Musaffa/Zoya",
WIT,COMPUTER,COMPUTER-SERVICES,12,1.9800000190734863,-0.22384187115605447,2.58;2.50;2.66;2.53;2.48;2.47;2.25;2.26;2.21;2.17;2.18;2.20;2.18;2.20;2.28;2.34;2.23;2.20;2.17;2.14;2.07;2.06;2.10;2.14;2.22;2.23;2.21;2.24;2.17;2.11;2.01;2.03;2.00;2.01;1.97;1.96;1.88;1.80;1.87;1.91;1.96;2.04;2.40;2.38;2.11;2.08;2.14;2.13;2.27;2.45;2.21;2.17;2.24;2.22;1.87;1.83;1.83;1.88;1.82;1.84;1.80;1.76;1.91;1.97;1.98,HALAL,"Business activity permissible — debt ratio not verified, cross-check Musaffa/Zoya",
INFY,COMPUTER,COMPUTER-SERVICES,11,12.029999732971191,-0.32620286949913135,17.86;17.37;17.95;16.39;16.48;16.26;13.91;14.44;14.24;13.62;13.94;14.13;13.92;14.10;14.11;13.58;12.99;12.92;12.77;13.02;12.89;12.56;13.22;13.45;13.66;13.47;13.67;14.01;14.15;13.77;12.67;12.02;12.08;12.22;12.20;12.30;12.04;11.61;11.81;12.45;12.37;11.82;12.43;13.13;12.20;12.14;11.98;11.60;11.60;11.70;10.77;10.93;10.78;10.49;11.16;11.27;11.13;11.50;11.04;11.49;11.16;10.67;11.70;12.60;12.03,HALAL,"Business activity permissible — debt ratio not verified, cross-check Musaffa/Zoya",
CSCSC,COMPUTER,COMPUTER-SERVICES,,,,,HALAL,"Business activity permissible — debt ratio not verified, cross-check Musaffa/Zoya",
GLOB,COMPUTER,COMPUTER-SERVICES,5,36.599998474121094,-0.4698725667906296,69.15;66.22;65.79;60.40;60.03;60.24;49.28;48.46;45.84;41.56;44.53;49.76;49.84;53.20;50.43;47.80;44.95;44.63;45.04;44.85;43.62;44.52;46.11;47.85;46.10;45.30;46.63;48.74;49.97;50.34;43.32;42.40;40.66;40.62;40.09;40.97;37.21;32.75;38.91;40.25;40.63;38.42;39.93;44.44;39.67;38.30;37.47;36.42;36.87;34.61;29.97;29.12;30.03;28.94;32.51;31.65;31.29;32.12;31.98;32.23;32.10;30.61;32.64;38.15;36.60,HALAL,"Business activity permissible — debt ratio not verified, cross-check Musaffa/Zoya",
G,COMPUTER,COMPUTER-TECH SERVICES,20,35.16999816894531,-0.22383628741415007,44.79;44.14;43.66;37.93;39.96;38.72;35.92;37.33;38.45;37.14;37.41;39.30;39.93;41.24;40.43;38.34;37.89;38.12;38.09;38.54;37.44;36.37;37.04;37.52;37.27;35.34;35.34;36.03;36.72;36.82;34.30;33.64;33.68;34.13;33.88;34.28;31.12;29.27;28.88;31.49;31.82;31.01;32.23;34.25;32.11;32.43;32.44;31.89;31.00;30.31;28.11;28.53;28.53;27.50;29.10;29.74;29.64;30.48;30.07;30.89;30.18;30.37;32.18;36.71;35.17,HALAL,"Business activity permissible — debt ratio not verified, cross-check Musaffa/Zoya",
PRFT,COMPUTER,COMPUTER-TECH SERVICES,,,,,HALAL,"Business activity permissible — debt ratio not verified, cross-check Musaffa/Zoya",
DOCU,COMPUTER,COMPUTER-TECH SERVICES,27,54.83000183105469,-0.04577092403972327,55.42;53.78;52.00;46.75;47.13;47.62;43.74;45.21;44.12;41.75;43.26;45.07;46.74;48.23;48.69;48.00;47.05;47.54;47.75;48.79;46.30;45.71;47.41;48.37;47.36;45.55;45.42;46.84;45.74;47.60;45.02;45.66;46.92;47.96;48.38;48.19;45.49;45.07;47.71;49.42;48.97;49.32;49.58;57.02;52.40;47.26;45.07;44.55;44.19;42.58;42.71;44.24;45.21;44.42;45.77;47.23;48.76;49.87;51.16;52.74;50.74;47.04;52.91;58.17;54.83,HALAL,"Business activity permissible — debt ratio not verified, cross-check Musaffa/Zoya",
TYL,COMPUTER,COMPUTER-TECH SERVICES,7,309.6000061035156,-0.28788297187126743,426.16;380.00;362.88;343.24;348.35;360.51;287.04;312.48;319.55;317.43;335.11;354.69;367.22;365.87;367.35;348.32;349.79;348.45;350.07;349.09;331.47;334.03;342.38;338.03;333.70;323.68;320.85;337.61;342.61;341.46;335.74;337.58;356.01;335.50;327.82;331.08;312.27;298.59;311.89;322.74;308.74;307.39;306.04;329.83;303.77;312.07;308.92;295.48;289.84;287.71;275.27;286.03;294.40;292.46;318.10;321.45;311.01;314.22;303.52;319.51;299.74;288.16;315.88;333.50;309.60,HALAL,"Business activity permissible — debt ratio not verified, cross-check Musaffa/Zoya",
SAIC,COMPUTER,COMPUTER-TECH SERVICES,62,117.12999725341797,0.07109656482928317,102.96;100.98;100.16;97.17;97.66;97.22;82.86;84.57;90.37;85.82;86.17;91.60;93.75;92.74;93.64;90.95;91.26;93.91;96.47;96.18;95.77;96.57;94.24;99.40;100.19;94.35;94.70;95.89;95.07;95.83;94.96;93.49;94.82;95.60;95.28;93.81;92.35;90.12;92.63;95.01;95.86;101.03;103.36;114.71;114.36;113.98;113.71;114.56;109.04;106.38;100.27;108.12;109.93;110.05;110.60;113.30;113.67;113.31;115.28;115.51;111.82;116.50;118.48;117.01;117.13,HALAL,"Business activity permissible — debt ratio not verified, cross-check Musaffa/Zoya",
LDOS,COMPUTER,COMPUTER-TECH SERVICES,6,115.5999984741211,-0.3918528497971655,186.03;186.07;186.91;187.31;191.84;193.55;170.41;160.56;175.22;170.97;168.87;174.05;179.57;174.61;178.47;172.33;172.82;168.39;165.37;161.97;158.32;154.98;154.97;158.26;158.31;155.08;157.04;158.48;154.62;152.66;147.08;143.73;145.40;148.70;136.71;130.80;127.23;123.73;123.25;125.52;122.61;127.67;131.13;127.27;123.91;123.99;123.09;121.65;114.60;108.67;104.84;104.32;101.76;102.97;108.84;108.57;106.62;106.58;108.21;106.48;104.92;110.33;114.95;114.37;115.60,HALAL,"Business activity permissible — debt ratio not verified, cross-check Musaffa/Zoya",
EL,CONSUMER,CONSUMER PRODUCTS-COSMETICS,24,83.9000015258789,-0.28210837616965656,115.63;114.41;117.93;118.78;98.78;100.60;105.68;111.36;110.96;112.23;112.13;109.05;98.33;95.50;92.27;91.19;87.54;88.57;85.27;78.98;72.83;66.97;71.49;68.85;68.90;73.01;74.26;76.30;75.91;75.57;76.11;77.02;75.40;78.99;82.53;84.96;82.43;81.81;79.97;75.85;78.61;86.27;90.52;85.58;82.05;83.49;86.56;88.02;90.00;82.46;84.53;83.27;80.54;78.95;83.71;84.44;81.99;81.15;82.31;82.13;82.37;79.92;83.20;84.13;83.90,HALAL,"Business activity permissible — debt ratio not verified, cross-check Musaffa/Zoya",
COTY,CONSUMER,CONSUMER PRODUCTS-COSMETICS,14,2.75,-0.18154759349432315,3.16;3.11;3.24;3.43;2.66;2.54;2.50;2.56;2.63;2.59;2.65;2.51;2.45;2.40;2.30;2.34;2.22;2.17;2.15;2.14;2.05;2.00;2.01;2.05;2.11;2.09;2.26;2.30;2.36;2.35;2.34;2.40;2.37;2.47;2.56;2.50;2.33;2.20;2.06;1.93;1.98;2.03;2.23;2.06;1.90;1.96;2.01;2.03;2.05;1.90;1.91;1.95;1.92;2.16;2.30;2.23;2.13;2.24;2.37;2.61;2.75;2.60;2.72;2.73;2.75,HALAL,"Business activity permissible — debt ratio not verified, cross-check Musaffa/Zoya",
ELF,CONSUMER,CONSUMER PRODUCTS-COSMETICS,29,82.88999938964844,-0.11968993026915165,86.73;85.03;86.15;84.63;82.09;73.26;74.33;87.28;91.13;90.07;93.09;92.05;81.09;82.54;77.15;79.95;73.41;74.66;73.40;71.92;69.65;61.05;60.61;61.16;61.14;63.93;65.62;69.86;66.82;66.98;66.23;63.72;61.08;60.49;59.42;61.79;55.19;53.74;56.43;52.98;53.12;54.13;57.40;53.49;51.99;49.57;55.67;60.68;63.99;62.28;63.18;64.54;67.43;74.00;76.42;75.34;75.76;75.10;74.22;73.69;79.90;76.15;84.01;80.90;82.89,HALAL,"Business activity permissible — debt ratio not verified, cross-check Musaffa/Zoya",
REVG,CONSUMER,CONSUMER PRODUCTS-COSMETICS,,,,,HALAL,"Business activity permissible — debt ratio not verified, cross-check Musaffa/Zoya",
IPAR,CONSUMER,CONSUMER PRODUCTS-COSMETICS,75,124.55000305175781,0.28234222593156266,95.13;93.97;96.52;98.59;100.68;98.94;98.70;99.08;99.48;100.02;99.93;99.11;93.92;94.29;91.61;92.35;89.98;89.50;89.10;89.98;90.54;89.82;90.13;89.90;89.63;90.96;94.74;93.17;98.05;94.45;90.43;90.56;89.71;91.01;90.98;93.17;89.54;88.06;85.48;85.81;90.44;91.95;95.64;91.67;87.62;90.55;96.10;99.36;99.42;96.59;97.75;104.25;107.97;111.86;119.39;122.25;118.41;118.47;120.35;123.23;122.82;119.75;124.70;127.03;124.55,HALAL,"Business activity permissible — debt ratio not verified, cross-check Musaffa/Zoya",
EPC,CONSUMER,CONSUMER PRODUCTS-COSMETICS,76,27.190000534057617,0.41023899408151143,18.96;18.62;19.28;20.13;20.45;20.21;21.04;21.77;21.85;22.03;22.08;22.41;21.09;20.80;20.85;19.78;19.62;20.39;19.53;19.37;19.92;20.87;21.19;20.83;20.57;22.18;22.04;22.10;23.23;22.92;23.58;22.92;21.59;22.40;22.66;21.49;19.53;18.09;15.81;15.88;17.25;17.39;17.31;17.68;18.40;19.73;20.58;21.65;22.99;22.56;22.72;26.58;27.72;26.86;27.21;26.61;25.97;27.23;27.85;29.66;27.80;26.69;27.81;28.22;27.19,HALAL,"Business activity permissible — debt ratio not verified, cross-check Musaffa/Zoya",
GPRO,CONSUMER,CONSUMER PRODUCTS-ELECTRONICS,2,0.7490000128746033,-0.4238461228094146,1.29;1.21;1.09;1.06;1.00;1.04;0.86;0.81;0.81;0.80;0.84;0.97;0.90;1.00;0.80;0.76;0.72;0.70;0.68;0.67;0.68;0.64;0.77;0.77;0.74;0.74;0.94;1.12;1.28;1.40;1.29;1.38;1.49;1.73;1.46;1.39;1.32;1.10;1.11;1.00;0.99;1.20;1.22;1.10;1.04;0.90;0.86;0.78;0.75;0.80;0.74;0.71;0.75;0.78;0.72;0.70;0.76;0.71;0.70;0.66;0.72;0.69;0.69;0.69;0.75,HALAL,"Business activity permissible — debt ratio not verified, cross-check Musaffa/Zoya",
SONO,CONSUMER,CONSUMER PRODUCTS-ELECTRONICS,44,14.65999984741211,-0.016767270459992156,14.74;14.34;14.84;15.56;17.08;17.45;16.29;15.60;15.66;14.91;15.40;15.40;14.75;15.20;14.20;14.15;13.15;13.49;13.43;13.59;13.26;12.70;13.40;13.58;13.40;13.04;13.31;13.86;14.37;14.94;14.42;14.64;14.67;14.84;14.01;14.89;15.22;14.64;14.83;14.75;14.72;16.23;15.85;16.17;15.72;15.08;15.38;15.44;14.90;14.29;14.32;14.07;13.57;13.53;13.62;14.10;14.08;15.04;13.80;15.11;14.79;14.53;15.66;17.52;14.66,HALAL,"Business activity permissible — debt ratio not verified, cross-check Musaffa/Zoya",
VZIO,CONSUMER,CONSUMER PRODUCTS-ELECTRONICS,,,,,HALAL,"Business activity permissible — debt ratio not verified, cross-check Musaffa/Zoya",
GRMN,CONSUMER,CONSUMER PRODUCTS-ELECTRONICS,76,293.7799987792969,0.43673760023234753,203.12;202.97;205.22;203.57;200.67;206.70;201.55;215.20;237.83;245.07;249.92;250.75;248.63;238.20;240.64;234.15;232.49;234.06;234.07;237.66;243.70;229.15;230.99;236.60;240.21;255.40;260.42;264.67;266.24;264.32;259.65;256.20;251.96;241.35;233.61;240.83;241.31;231.00;224.75;227.68;238.72;237.48;235.31;235.76;236.89;235.53;236.80;237.53;238.17;231.89;236.34;240.02;232.51;237.54;240.02;248.68;244.51;243.61;241.76;249.56;236.65;240.10;242.47;294.83;293.78,HALAL,"Business activity permissible — debt ratio not verified, cross-check Musaffa/Zoya",
PG,CONSUMER,CONSUMER PRODUCTS-PERSONAL,28,144.49000549316406,-0.023211637992481826,146.14;147.68;150.92;154.54;156.81;156.72;158.82;157.18;156.21;162.72;160.97;164.72;157.35;151.71;152.92;151.05;148.42;149.23;142.69;141.85;141.79;140.59;142.30;141.00;139.20;144.49;141.45;141.25;144.75;140.21;143.55;147.30;145.37;146.17;143.83;144.98;142.30;141.19;140.52;140.25;142.34;141.90;144.83;139.24;139.15;145.45;147.57;147.24;149.35;149.44;146.59;150.91;147.92;145.55;150.29;151.62;145.76;147.27;146.95;148.87;147.00;145.88;148.63;146.10;144.49,HALAL,"Business activity permissible — debt ratio not verified, cross-check Musaffa/Zoya",
CL,CONSUMER,CONSUMER PRODUCTS-PERSONAL,51,91.30000305175781,0.06616749510009501,84.74;84.23;90.80;93.25;93.29;92.82;95.03;94.52;92.87;95.95;95.53;97.97;94.38;91.57;91.90;88.55;87.79;88.87;84.49;84.14;84.48;83.29;84.22;84.13;82.15;85.02;82.99;82.50;84.79;81.34;83.24;83.69;84.01;86.76;85.84;86.86;86.25;87.37;87.63;89.51;89.92;89.34;91.14;87.93;84.39;88.08;87.30;88.88;90.06;90.06;88.16;91.36;91.55;91.16;94.59;94.49;90.49;92.68;90.95;92.45;90.50;90.08;91.98;93.49;91.30,HALAL,"Business activity permissible — debt ratio not verified, cross-check Musaffa/Zoya",
KMB,CONSUMER,CONSUMER PRODUCTS-PERSONAL,41,109.30999755859375,0.09733066618997532,98.07;96.14;96.95;100.57;101.66;103.17;105.49;104.77;105.90;107.68;106.42;108.59;101.96;102.23;101.46;98.68;97.50;99.12;97.24;98.10;98.01;97.32;95.16;94.83;91.79;96.63;95.29;95.50;97.50;95.29;96.60;96.92;94.80;96.35;95.88;98.21;94.45;95.73;94.61;95.16;97.39;97.43;98.78;96.62;93.48;99.04;100.52;101.54;103.14;101.47;100.50;106.73;109.37;109.77;114.72;114.74;109.93;110.18;106.53;108.35;108.05;107.31;111.44;113.21;109.31,HALAL,"Business activity permissible — debt ratio not verified, cross-check Musaffa/Zoya",
EPC,CONSUMER,CONSUMER PRODUCTS-PERSONAL,76,27.190000534057617,0.41023899408151143,18.96;18.62;19.28;20.13;20.45;20.21;21.04;21.77;21.85;22.03;22.08;22.41;21.09;20.80;20.85;19.78;19.62;20.39;19.53;19.37;19.92;20.87;21.19;20.83;20.57;22.18;22.04;22.10;23.23;22.92;23.58;22.92;21.59;22.40;22.66;21.49;19.53;18.09;15.81;15.88;17.25;17.39;17.31;17.68;18.40;19.73;20.58;21.65;22.99;22.56;22.72;26.58;27.72;26.86;27.21;26.61;25.97;27.23;27.85;29.66;27.80;26.69;27.81;28.22;27.19,HALAL,"Business activity permissible — debt ratio not verified, cross-check Musaffa/Zoya",
ENR,CONSUMER,CONSUMER PRODUCTS-PERSONAL,39,20.969999313354492,0.09551586897476283,21.05;20.83;21.81;22.65;22.67;21.72;21.98;22.27;21.95;22.27;21.45;21.19;19.55;18.85;17.93;17.13;16.70;17.21;16.55;16.76;16.43;16.70;16.12;16.12;16.39;18.14;18.53;18.91;20.10;19.38;19.59;19.12;18.18;19.32;17.52;18.22;17.26;16.71;16.50;15.93;17.30;18.22;18.55;18.40;18.60;19.44;19.68;19.88;20.13;19.97;21.09;22.52;22.64;21.44;21.75;20.69;20.21;20.47;20.69;20.23;20.08;20.65;21.04;21.41;20.97,HALAL,"Business activity permissible — debt ratio not verified, cross-check Musaffa/Zoya",
CHD,CONSUMER,CONSUMER PRODUCTS-PERSONAL,45,98.80999755859375,0.07582879375104712,91.75;91.38;96.72;99.95;99.89;98.34;99.37;99.56;102.91;104.92;103.29;104.52;102.68;99.54;101.92;99.35;97.43;96.99;94.27;94.34;94.07;94.38;93.02;92.55;92.25;95.85;94.72;94.32;96.56;92.91;94.27;95.09;95.89;95.71;93.23;93.57;90.42;94.78;94.05;95.75;95.64;96.67;97.63;95.30;92.89;96.74;97.03;97.08;98.32;97.41;93.74;98.67;99.58;96.88;98.60;98.95;95.67;97.16;97.14;98.07;95.75;96.19;98.70;99.86;98.81,HALAL,"Business activity permissible — debt ratio not verified, cross-check Musaffa/Zoya",
CLX,CONSUMER,CONSUMER PRODUCTS-PERSONAL,18,95.52999877929688,-0.13812422421214576,110.56;108.33;111.88;116.30;117.87;119.94;123.09;121.43;120.70;125.18;124.67;125.58;119.64;112.28;112.00;110.75;109.30;110.01;105.29;104.56;103.46;100.77;102.34;99.88;101.76;106.28;102.10;101.64;103.28;98.37;97.66;96.66;94.77;87.11;86.12;92.11;88.90;92.00;90.45;92.57;95.17;96.23;96.20;89.09;88.53;94.14;98.48;98.30;95.98;94.97;90.60;95.38;97.54;95.44;97.26;97.41;93.07;95.05;96.95;96.32;95.69;93.80;97.41;99.63;95.53,HALAL,"Business activity permissible — debt ratio not verified, cross-check Musaffa/Zoya",
SPB,CONSUMER,CONSUMER PRODUCTS-PERSONAL,86,88.7699966430664,0.3893076221067735,64.47;63.04;64.83;67.61;74.80;73.60;74.91;76.90;77.74;78.44;77.06;77.91;77.33;75.72;75.77;76.42;73.28;74.91;71.51;72.14;74.89;73.16;73.26;73.28;75.60;79.74;78.44;78.69;84.20;82.21;83.82;83.20;81.00;82.46;81.89;78.16;78.61;79.00;76.62;72.54;75.08;78.68;78.46;77.76;79.64;81.55;82.72;83.83;84.55;80.55;83.29;86.21;87.49;85.75;84.99;83.37;84.08;84.69;87.67;88.69;88.97;87.43;88.81;88.28;88.77,HALAL,"Business activity permissible — debt ratio not verified, cross-check Musaffa/Zoya",
CHWY,CONSUMER,CONSUMER PRODUCTS-PET,7,22.600000381469727,-0.28684127483111777,31.30;30.14;28.39;27.56;28.02;27.20;24.29;23.80;25.86;24.71;26.46;27.42;26.84;26.07;26.15;25.70;25.47;25.22;24.28;23.59;26.57;26.12;27.00;26.87;26.22;26.00;25.36;27.17;27.52;27.74;25.65;25.22;25.96;25.54;24.54;23.67;22.49;21.65;21.28;19.66;19.93;21.25;21.38;22.28;21.04;20.64;20.40;18.77;19.34;17.77;17.51;19.01;18.55;19.65;20.85;20.73;20.67;20.32;21.21;20.93;21.51;20.46;21.80;23.30;22.60,HALAL,"Business activity permissible — debt ratio not verified, cross-check Musaffa/Zoya",
FRPT,CONSUMER,CONSUMER PRODUCTS-PET,,,,,HALAL,"Business activity permissible — debt ratio not verified, cross-check Musaffa/Zoya",
PETS,CONSUMER,CONSUMER PRODUCTS-PET,7,1.9500000476837158,-0.4126505762368916,3.24;3.23;3.07;3.09;2.88;2.82;2.93;3.05;3.01;2.88;2.78;2.74;2.73;2.61;2.59;2.49;2.46;2.55;2.48;2.30;2.33;2.23;2.28;2.29;2.32;2.31;2.30;2.35;2.33;2.30;2.23;2.30;2.26;2.30;2.37;2.30;2.26;2.26;2.23;2.21;2.17;2.23;2.20;2.17;1.78;1.68;1.71;1.84;1.83;1.80;1.81;1.79;1.76;1.92;1.98;1.92;1.96;1.91;2.00;1.97;1.99;2.05;1.97;1.98;1.95,HALAL,"Business activity permissible — debt ratio not verified, cross-check Musaffa/Zoya",
WOOF,CONSUMER,CONSUMER PRODUCTS-PET,19,2.7899999618530273,-0.05423731635405138,2.83;2.79;2.72;2.61;2.62;2.53;2.42;2.53;2.57;2.46;2.45;2.55;2.65;2.45;2.33;2.40;3.62;3.38;3.12;2.89;2.81;2.70;2.78;2.68;2.68;2.84;2.83;2.90;3.03;2.98;2.99;2.96;2.80;2.88;2.73;2.75;2.54;2.56;2.50;2.47;2.65;2.76;3.02;3.06;3.05;2.83;2.72;2.83;2.79;2.63;2.49;2.59;2.71;2.72;2.62;2.53;2.55;2.57;2.59;2.66;2.70;2.54;2.72;2.79;2.79,HALAL,"Business activity permissible — debt ratio not verified, cross-check Musaffa/Zoya",
PAHC,CONSUMER,CONSUMER PRODUCTS-PET,18,36.33000183105469,-0.06261314779743876,39.26;39.63;41.64;40.73;52.73;51.40;50.93;51.95;51.51;51.19;52.76;54.24;51.93;49.38;48.57;49.86;49.26;52.29;52.16;53.57;56.77;53.65;55.08;55.29;55.43;58.84;59.33;54.78;56.83;53.86;54.46;55.90;52.28;54.66;56.00;42.98;36.17;35.11;34.23;33.76;33.32;33.54;31.70;29.74;31.79;32.43;32.65;31.26;32.28;30.84;31.07;31.36;31.69;31.40;33.26;33.12;32.38;33.00;33.74;33.31;33.86;34.04;35.24;36.95;36.33,HALAL,"Business activity permissible — debt ratio not verified, cross-check Musaffa/Zoya",
ZTS,CONSUMER,CONSUMER PRODUCTS-PET,3,77.29000091552734,-0.36987260367997876,123.56;120.35;123.54;125.28;125.99;126.69;124.23;124.15;125.85;124.38;127.50;129.63;124.52;120.86;120.99;118.45;114.32;120.31;114.69;113.94;115.40;112.08;116.88;116.62;115.49;118.64;118.73;119.40;121.01;117.36;115.26;117.05;113.04;113.37;111.76;86.71;76.14;73.83;73.71;78.37;79.52;79.67;77.73;77.02;77.05;78.89;81.63;80.84;79.40;76.73;75.36;77.63;75.56;71.36;74.28;75.76;74.56;74.87;74.01;76.03;75.35;74.57;76.92;77.93;77.29,HALAL,"Business activity permissible — debt ratio not verified, cross-check Musaffa/Zoya",
ELAN,CONSUMER,CONSUMER PRODUCTS-PET,79,26.3700008392334,0.08073775620910384,24.62;24.20;24.75;24.40;25.20;25.61;24.79;24.86;25.20;24.75;26.84;26.40;24.88;23.92;23.94;23.45;22.94;25.18;25.12;24.44;25.50;23.13;23.93;23.08;22.80;23.46;23.86;23.23;23.68;22.61;22.39;22.09;21.80;22.51;22.99;24.01;21.72;21.80;19.86;19.80;21.32;22.82;23.98;23.67;24.57;23.63;24.50;24.05;24.29;23.39;23.90;23.96;24.57;24.61;25.00;24.64;24.62;25.14;25.54;25.83;25.48;24.78;25.41;26.39;26.37,HALAL,"Business activity permissible — debt ratio not verified, cross-check Musaffa/Zoya",
CLX,CONSUMER,CONSUMER PRODUCTS-SOAPS/CLEANERS,18,95.52999877929688,-0.13812422421214576,110.56;108.33;111.88;116.30;117.87;119.94;123.09;121.43;120.70;125.18;124.67;125.58;119.64;112.28;112.00;110.75;109.30;110.01;105.29;104.56;103.46;100.77;102.34;99.88;101.76;106.28;102.10;101.64;103.28;98.37;97.66;96.66;94.77;87.11;86.12;92.11;88.90;92.00;90.45;92.57;95.17;96.23;96.20;89.09;88.53;94.14;98.48;98.30;95.98;94.97;90.60;95.38;97.54;95.44;97.26;97.41;93.07;95.05;96.95;96.32;95.69;93.80;97.41;99.63;95.53,HALAL,"Business activity permissible — debt ratio not verified, cross-check Musaffa/Zoya",
CHD,CONSUMER,CONSUMER PRODUCTS-SOAPS/CLEANERS,45,98.80999755859375,0.07582879375104712,91.75;91.38;96.72;99.95;99.89;98.34;99.37;99.56;102.91;104.92;103.29;104.52;102.68;99.54;101.92;99.35;97.43;96.99;94.27;94.34;94.07;94.38;93.02;92.55;92.25;95.85;94.72;94.32;96.56;92.91;94.27;95.09;95.89;95.71;93.23;93.57;90.42;94.78;94.05;95.75;95.64;96.67;97.63;95.30;92.89;96.74;97.03;97.08;98.32;97.41;93.74;98.67;99.58;96.88;98.60;98.95;95.67;97.16;97.14;98.07;95.75;96.19;98.70;99.86;98.81,HALAL,"Business activity permissible — debt ratio not verified, cross-check Musaffa/Zoya",
ECL,CONSUMER,CONSUMER PRODUCTS-SOAPS/CLEANERS,,,,,HALAL,"Business activity permissible — debt ratio not verified, cross-check Musaffa/Zoya",
DECK,CONSUMER,CONSUMER PRODUCTS-SOAPS/CLEANERS,24,96.87999725341797,-0.03100626124654593,100.16;99.90;116.25;112.25;115.45;115.51;116.02;117.35;118.07;118.17;119.42;117.27;109.86;107.58;104.32;102.72;100.78;104.71;104.91;102.45;100.05;94.05;100.09;98.31;100.26;109.77;108.14;108.87;112.50;110.17;107.71;106.77;101.34;100.88;98.54;102.72;96.65;93.93;93.56;94.27;102.62;111.44;114.31;110.82;107.36;108.13;112.48;114.37;112.50;105.72;105.57;105.70;104.56;99.29;104.69;106.08;104.26;107.80;106.53;106.49;103.31;96.23;97.73;103.54;96.88,HALAL,"Business activity permissible — debt ratio not verified, cross-check Musaffa/Zoya",
DUOL,CONSUMER,CONSUMER SVCS-EDUCATION,12,134.80999755859375,-0.13569487236227662,146.08;139.47;131.93;116.90;119.40;120.70;112.05;112.08;111.11;106.14;111.65;101.00;101.61;101.54;100.42;98.81;98.39;104.36;99.61;99.75;99.12;95.35;98.57;96.54;96.29;90.53;93.53;98.78;100.51;102.63;100.29;103.30;106.82;111.25;104.03;113.61;105.15;104.98;112.06;114.10;105.64;106.48;108.67;117.97;107.40;109.03;117.86;123.85;127.06;123.39;127.25;132.15;121.49;115.02;125.76;131.95;129.95;132.34;131.22;133.85;124.71;120.67;132.82;140.17;134.81,HALAL,"Business activity permissible — debt ratio not verified, cross-check Musaffa/Zoya",
LRN,CONSUMER,CONSUMER SVCS-EDUCATION,10,80.29000091552734,0.09595957649884124,72.43;84.04;86.56;86.45;87.83;88.11;84.45;83.78;82.94;80.89;84.22;84.38;86.65;86.32;85.31;85.24;84.36;87.08;87.41;87.33;88.60;85.61;88.17;89.64;88.95;90.38;91.88;94.01;98.44;98.11;98.36;97.79;95.16;93.08;93.76;91.66;87.34;88.13;88.29;90.19;87.65;89.48;91.97;96.50;99.63;100.01;97.13;99.47;83.54;84.28;82.32;84.81;87.12;86.24;90.44;91.07;91.09;92.02;83.39;87.32;84.69;86.07;90.08;97.71;80.29,HALAL,"Business activity permissible — debt ratio not verified, cross-check Musaffa/Zoya",
CHGG,CONSUMER,CONSUMER SVCS-EDUCATION,20,0.9829999804496765,0.2602564314178233,0.80;0.79;0.73;0.72;0.79;0.67;0.55;0.54;0.59;0.63;0.66;0.66;0.64;0.63;0.62;0.59;0.57;0.58;0.57;0.57;0.59;0.68;0.74;0.75;0.73;0.86;0.93;1.09;1.05;0.99;0.97;1.05;1.14;1.12;1.24;1.28;1.00;1.14;1.02;1.05;1.43;1.42;1.50;1.34;1.23;1.17;1.11;1.15;1.10;1.03;1.05;1.06;1.13;1.01;1.01;0.94;0.89;0.85;0.84;0.82;0.93;0.97;0.99;1.04;0.98,HALAL,"Business activity permissible — debt ratio not verified, cross-check Musaffa/Zoya",
STRA,CONSUMER,CONSUMER SVCS-EDUCATION,41,82.0,-0.027859033959300117,82.69;83.31;84.68;80.13;80.15;79.42;72.96;74.74;74.75;73.80;74.85;81.06;84.65;82.91;81.55;78.27;80.15;79.92;80.37;83.22;82.85;80.84;82.33;83.04;82.94;81.83;78.54;79.81;82.58;82.97;71.64;75.38;78.37;77.64;78.34;78.49;77.02;78.14;78.19;79.43;78.21;77.83;77.20;79.39;79.05;81.58;80.51;79.85;74.03;75.17;76.45;76.91;78.85;76.62;80.98;83.94;83.48;85.72;75.81;76.53;75.54;75.00;78.55;87.62;82.00,HALAL,"Business activity permissible — debt ratio not verified, cross-check Musaffa/Zoya",
SCI,CONSUMER,CONSUMER SVCS-FUNERAL,,,,,HALAL,"Business activity permissible — debt ratio not verified, cross-check Musaffa/Zoya",
MATW,CONSUMER,CONSUMER SVCS-FUNERAL,50,27.75,0.06716419278912311,25.51;25.54;26.16;25.84;26.66;26.19;25.48;26.26;26.13;25.86;26.15;26.19;26.00;25.50;25.78;25.64;24.25;24.59;24.24;24.62;25.17;24.97;25.59;25.15;25.65;26.67;26.82;26.45;27.29;26.91;27.89;28.03;27.53;28.35;28.32;27.41;27.77;27.79;26.51;26.94;26.45;27.29;27.07;26.42;25.44;25.35;25.53;25.85;26.43;25.49;26.12;26.33;27.25;26.92;26.69;27.00;26.98;26.63;26.72;27.46;27.49;27.04;28.15;28.42;27.75,HALAL,"Business activity permissible — debt ratio not verified, cross-check Musaffa/Zoya",
CSV,CONSUMER,CONSUMER SVCS-FUNERAL,15,40.369998931884766,-0.05541815970848041,41.90;42.27;43.39;43.12;44.22;44.09;43.27;43.82;44.12;44.08;43.98;45.96;45.47;43.89;43.11;42.64;41.85;42.47;42.00;43.08;43.97;44.52;45.56;46.37;46.23;48.48;47.95;46.66;48.54;48.26;50.36;51.53;49.06;49.08;47.48;44.60;44.75;43.11;43.22;44.07;43.89;44.20;42.49;40.51;37.32;37.53;38.49;39.65;38.59;37.91;38.26;38.64;39.08;38.34;39.02;38.99;38.07;39.41;38.01;37.67;36.65;37.77;40.00;40.77;40.37,HALAL,"Business activity permissible — debt ratio not verified, cross-check Musaffa/Zoya",
HI,CONSUMER,CONSUMER SVCS-FUNERAL,,,,,HALAL,"Business activity permissible — debt ratio not verified, cross-check Musaffa/Zoya",
RGS,CONSUMER,CONSUMER SVCS-PERSONAL,41,27.3799991607666,0.09607684797881366,24.92;23.49;23.12;23.04;22.05;21.87;21.94;21.69;22.62;22.83;23.13;22.89;22.20;21.73;19.47;21.34;22.36;24.48;24.00;23.95;24.62;23.85;24.69;24.44;24.97;24.54;24.50;26.76;27.01;27.58;27.09;27.85;27.82;27.00;26.76;27.99;27.00;28.05;28.30;28.19;28.02;29.51;29.15;27.41;27.00;27.28;26.99;27.77;27.13;27.56;27.32;26.04;27.26;28.00;27.10;27.80;27.94;27.45;29.49;29.61;29.26;27.54;27.35;27.38;27.38,HALAL,"Business activity permissible — debt ratio not verified, cross-check Musaffa/Zoya",
RCM,CONSUMER,CONSUMER SVCS-PERSONAL,,,,,HALAL,"Business activity permissible — debt ratio not verified, cross-check Musaffa/Zoya",
ROL,CONSUMER,CONSUMER SVCS-PERSONAL,5,37.970001220703125,-0.3925433437149408,63.08;62.63;63.10;63.10;64.42;64.55;58.31;59.69;60.53;59.99;58.93;60.68;59.97;57.97;57.37;55.89;54.94;55.65;53.91;53.03;53.30;52.28;53.23;53.75;53.52;55.60;54.47;54.20;54.81;54.52;56.80;55.78;55.14;54.59;53.93;54.21;52.88;52.82;53.42;53.74;53.02;53.16;49.42;46.32;45.79;47.10;47.53;47.05;46.90;45.13;44.41;44.54;43.27;41.74;43.38;43.62;44.77;44.92;43.76;45.11;43.86;39.44;39.07;38.75;37.97,HALAL,"Business activity permissible — debt ratio not verified, cross-check Musaffa/Zoya",
SCI,CONSUMER,CONSUMER SVCS-PERSONAL,,,,,HALAL,"Business activity permissible — debt ratio not verified, cross-check Musaffa/Zoya",
TEL,ELECTRONICS,ELECTRONIC-COMPONENTS/CONNECTORS,35,205.69000244140625,-0.07470589353746582,229.19;224.71;225.56;214.30;214.42;224.22;223.89;234.27;230.80;230.39;241.47;229.26;203.52;209.75;205.45;204.35;198.64;203.55;197.63;200.02;209.21;201.36;208.22;208.26;210.17;227.75;233.43;233.25;245.19;242.24;216.89;208.71;204.46;206.63;206.14;209.25;205.33;206.86;204.32;195.32;201.79;208.60;210.33;211.09;218.39;212.65;210.91;207.74;216.14;212.20;212.69;198.55;197.74;201.61;197.44;197.84;198.91;198.18;201.34;203.31;209.01;198.79;207.58;206.95;205.69,HALAL,"Business activity permissible — debt ratio not verified, cross-check Musaffa/Zoya",
APH,ELECTRONICS,ELECTRONIC-COMPONENTS/CONNECTORS,72,160.6999969482422,0.06802127800902258,165.67;149.06;144.43;129.55;135.76;143.64;143.23;148.05;150.67;147.31;152.11;145.55;129.13;135.77;135.59;134.07;133.45;134.65;130.20;130.47;128.54;123.43;126.16;127.81;128.19;137.47;145.05;146.76;150.83;151.70;149.95;148.42;148.16;142.09;136.48;136.41;122.29;124.45;124.81;119.02;124.67;139.35;147.46;146.12;147.40;138.60;153.84;152.23;158.35;160.87;165.71;162.78;163.72;176.32;164.59;158.61;162.24;155.99;157.04;151.20;157.81;157.43;149.28;150.31;160.70,HALAL,"Business activity permissible — debt ratio not verified, cross-check Musaffa/Zoya",
GLW,ELECTRONICS,ELECTRONIC-COMPONENTS/CONNECTORS,92,138.25,0.48682004112883326,109.37;102.65;109.99;109.32;121.75;127.67;131.05;130.08;129.55;144.76;159.89;150.15;147.34;134.53;128.85;131.56;128.92;129.69;132.88;130.77;146.13;136.60;135.76;147.69;148.29;169.54;174.90;168.01;164.13;165.20;169.24;167.75;151.67;158.02;161.85;182.12;207.07;206.19;191.52;175.56;191.60;195.87;182.69;176.70;200.76;177.58;173.94;176.55;187.88;175.40;209.83;205.83;221.05;255.43;196.79;185.38;192.38;183.11;174.41;154.61;162.41;156.06;143.36;124.05;138.25,HALAL,"Business activity permissible — debt ratio not verified, cross-check Musaffa/Zoya",
JBL,ELECTRONICS,ELECTRONIC-COMPONENTS/CONNECTORS,72,315.04998779296875,0.29645552294673205,242.15;243.79;243.09;235.93;258.11;258.79;250.99;257.34;262.38;261.22;277.51;264.93;254.18;252.15;247.40;255.40;250.59;262.29;265.25;266.20;283.18;261.04;265.57;268.49;272.79;292.95;305.30;304.88;321.62;333.60;338.45;340.72;333.78;342.39;337.18;349.52;365.16;355.35;339.82;332.88;356.41;380.25;363.65;359.97;379.04;353.24;362.38;376.89;385.63;374.98;377.24;371.80;358.60;385.48;341.30;321.08;332.51;321.96;319.18;301.01;318.93;322.04;311.49;287.14;315.05,HALAL,"Business activity permissible — debt ratio not verified, cross-check Musaffa/Zoya",
VSH,ELECTRONICS,ELECTRONIC-COMPONENTS/CONNECTORS,95,34.220001220703125,0.86849911012376,18.34;20.02;20.52;19.71;19.80;19.22;19.24;18.55;19.56;19.18;19.96;18.58;17.82;17.00;16.67;17.37;17.20;17.65;17.70;17.43;18.26;16.99;17.97;18.55;18.95;21.29;22.80;23.72;25.88;26.87;27.28;27.72;27.75;29.53;32.04;32.54;34.77;38.44;37.17;36.98;42.10;50.29;52.15;55.90;63.86;57.11;58.48;58.50;63.61;60.23;64.27;55.59;56.35;53.78;45.92;42.19;44.04;41.94;40.45;37.81;39.78;40.80;37.18;29.96;34.22,HALAL,"Business activity permissible — debt ratio not verified, cross-check Musaffa/Zoya",
AVX,ELECTRONICS,ELECTRONIC-COMPONENTS/CONNECTORS,1,2.9000000953674316,-0.8707664872393365,12.48;9.25;8.94;8.72;7.93;8.30;7.52;8.06;7.21;6.67;8.76;8.99;8.46;9.28;8.94;9.12;9.19;9.72;8.92;8.50;8.02;6.74;7.18;6.98;5.92;6.84;7.44;6.88;7.68;6.77;6.31;6.29;6.12;6.84;6.25;6.26;6.30;5.90;6.47;6.26;6.98;6.96;6.67;6.31;5.71;4.81;4.99;4.44;5.32;5.73;5.66;5.70;6.38;5.19;5.46;5.58;5.43;4.73;3.96;3.60;3.45;3.56;3.38;3.00;2.90,HALAL,"Business activity permissible — debt ratio not verified, cross-check Musaffa/Zoya",
CTS,ELECTRONICS,ELECTRONIC-COMPONENTS/CONNECTORS,85,64.12000274658203,0.29119634976651776,51.00;51.91;53.04;53.75;55.70;57.21;56.84;55.92;53.32;52.14;53.14;52.59;51.14;51.12;47.41;48.17;45.72;46.24;47.13;48.57;50.27;47.81;47.73;48.31;49.43;53.36;55.54;54.51;55.10;55.09;55.50;55.95;54.40;56.97;58.04;59.81;61.45;59.44;58.29;57.04;59.87;65.21;64.75;63.85;67.00;62.81;66.23;67.84;66.59;64.68;68.27;66.97;65.00;65.19;60.50;59.15;60.96;59.07;59.39;59.40;61.31;60.92;60.41;61.53;64.12,HALAL,"Business activity permissible — debt ratio not verified, cross-check Musaffa/Zoya",
BHE,ELECTRONICS,ELECTRONIC-COMPONENTS/CONNECTORS,93,79.7699966430664,0.6280939757670356,48.76;51.56;53.61;55.70;58.01;57.98;58.11;57.77;57.05;57.51;60.06;57.52;55.82;54.76;53.67;54.53;52.96;54.11;55.77;56.76;58.74;55.33;55.96;56.47;56.93;62.08;64.76;62.19;64.93;66.05;67.48;69.14;72.27;84.35;84.41;83.63;86.36;85.92;84.79;81.16;82.29;88.85;84.40;84.88;88.08;83.77;86.57;88.83;91.15;90.89;93.49;91.72;91.89;98.67;86.13;81.01;85.26;81.77;81.69;78.45;84.65;83.85;79.63;74.11;79.77,HALAL,"Business activity permissible — debt ratio not verified, cross-check Musaffa/Zoya",
FLEX,ELECTRONICS,ELECTRONIC-CONTRACT MFG,94,113.75,0.7834744775335978,65.10;65.47;64.68;58.83;63.98;64.29;62.60;64.42;65.11;63.30;65.67;63.02;63.08;63.51;61.33;63.39;63.45;65.39;65.79;65.04;70.02;64.80;65.46;68.59;68.21;75.01;78.31;78.43;81.83;85.14;86.90;90.08;90.60;91.70;96.45;133.01;145.07;143.80;137.86;126.29;131.07;143.24;144.85;148.01;161.94;151.92;147.21;151.99;149.22;143.13;155.81;150.72;146.70;162.07;136.86;131.52;139.94;129.50;128.72;119.25;127.39;127.94;116.07;103.02;113.75,HALAL,"Business activity permissible — debt ratio not verified, cross-check Musaffa/Zoya",
SANM,ELECTRONICS,ELECTRONIC-CONTRACT MFG,68,185.55999755859375,0.04346845666055188,143.19;154.43;150.47;145.69;149.79;149.69;141.29;146.70;148.10;147.87;161.32;155.26;137.97;130.29;125.22;126.88;125.20;125.11;130.23;131.39;138.56;130.90;129.64;130.21;131.82;141.84;153.50;154.31;174.09;174.06;180.02;188.08;208.67;223.27;221.89;237.09;245.44;238.62;235.34;224.70;234.36;259.97;263.23;264.88;282.72;252.08;242.36;246.98;259.82;242.77;253.45;248.81;236.55;253.08;219.77;205.75;212.88;201.80;207.33;197.24;219.41;218.56;208.90;163.85;185.56,HALAL,"Business activity permissible — debt ratio not verified, cross-check Musaffa/Zoya",
BHE,ELECTRONICS,ELECTRONIC-CONTRACT MFG,93,79.7699966430664,0.6280939757670356,48.76;51.56;53.61;55.70;58.01;57.98;58.11;57.77;57.05;57.51;60.06;57.52;55.82;54.76;53.67;54.53;52.96;54.11;55.77;56.76;58.74;55.33;55.96;56.47;56.93;62.08;64.76;62.19;64.93;66.05;67.48;69.14;72.27;84.35;84.41;83.63;86.36;85.92;84.79;81.16;82.29;88.85;84.40;84.88;88.08;83.77;86.57;88.83;91.15;90.89;93.49;91.72;91.89;98.67;86.13;81.01;85.26;81.77;81.69;78.45;84.65;83.85;79.63;74.11;79.77,HALAL,"Business activity permissible — debt ratio not verified, cross-check Musaffa/Zoya",
CLS,ELECTRONICS,ELECTRONIC-CONTRACT MFG,74,331.44000244140625,0.09353659456285879,333.17;300.00;285.11;275.86;307.53;297.93;274.79;286.66;291.33;296.68;293.98;277.63;256.95;265.83;267.95;265.80;263.46;281.95;284.30;286.98;302.22;280.22;281.68;294.84;297.34;328.33;365.46;381.94;396.01;403.03;391.60;422.21;376.54;418.93;417.66;385.21;380.99;372.55;358.55;339.13;354.77;370.84;351.02;426.55;458.14;371.71;371.86;385.86;403.45;380.37;376.84;362.24;337.53;364.80;336.21;345.06;354.78;345.18;334.77;301.34;339.59;334.75;318.24;328.43;331.44,HALAL,"Business activity permissible — debt ratio not verified, cross-check Musaffa/Zoya",
PLXS,ELECTRONICS,ELECTRONIC-CONTRACT MFG,88,251.33999633789062,0.4443166886972991,173.51;197.60;204.96;196.28;206.22;206.00;199.08;195.95;196.57;197.55;204.09;194.13;193.91;191.35;191.58;195.13;190.74;195.54;201.48;202.79;217.26;199.17;202.54;207.35;207.87;223.37;230.45;220.49;228.64;238.58;249.87;249.14;250.60;264.60;265.11;260.71;271.78;261.91;258.43;250.03;256.38;272.91;267.89;271.40;287.55;273.01;281.48;287.93;295.02;294.03;303.82;286.59;287.44;300.67;275.11;255.94;270.56;259.03;254.11;250.63;260.66;261.71;253.38;240.49;251.34,HALAL,"Business activity permissible — debt ratio not verified, cross-check Musaffa/Zoya",
KEYS,ELECTRONICS,ELECTRONIC-MEASURING INSTR,90,319.0799865722656,0.49845018744219005,217.82;221.17;223.26;221.60;230.95;235.00;229.48;234.39;239.54;245.00;302.18;307.33;302.54;284.51;282.02;284.26;279.78;287.38;290.21;288.96;293.12;279.06;282.37;291.24;300.61;322.94;331.11;325.25;334.34;339.30;346.53;340.64;335.46;352.41;355.93;355.06;366.36;361.19;349.01;344.11;337.55;355.74;339.13;330.00;350.48;329.83;331.43;340.03;356.94;350.70;373.34;351.30;328.66;350.07;313.86;309.12;322.17;320.83;322.71;315.90;328.11;325.13;313.68;296.72;319.08,HALAL,"Business activity permissible — debt ratio not verified, cross-check Musaffa/Zoya",
TDY,ELECTRONICS,ELECTRONIC-MEASURING INSTR,50,655.5700073242188,0.07354343850052558,616.02;625.32;613.23;629.73;647.56;659.92;646.30;649.35;666.35;672.42;677.38;681.10;686.25;654.86;654.06;655.37;638.91;643.06;635.11;623.80;625.37;593.31;605.01;623.13;635.07;654.98;655.99;634.77;635.83;642.79;651.75;655.49;630.56;640.33;631.87;630.78;632.58;635.96;616.58;606.45;607.12;627.97;634.06;609.47;618.02;602.27;619.26;623.73;628.34;615.35;616.65;612.17;624.29;666.90;652.08;641.70;631.52;623.88;624.15;635.52;647.48;651.22;651.65;631.35;655.57,HALAL,"Business activity permissible — debt ratio not verified, cross-check Musaffa/Zoya",
FTV,ELECTRONICS,ELECTRONIC-MEASURING INSTR,48,59.209999084472656,0.08688629339715814,53.04;52.97;53.59;60.01;60.00;61.79;55.88;56.69;57.74;57.06;58.20;59.08;57.91;57.91;56.23;56.19;54.22;55.79;55.50;55.34;54.73;53.87;55.23;56.02;56.81;60.17;59.76;59.31;60.46;60.97;61.05;61.95;61.69;58.97;60.63;60.84;60.25;59.36;58.66;58.14;58.96;60.26;59.11;58.66;60.54;61.22;62.72;59.78;60.22;60.62;61.67;60.39;61.48;61.09;62.65;62.55;61.15;62.31;60.52;61.78;60.67;60.62;62.92;59.54;59.21,HALAL,"Business activity permissible — debt ratio not verified, cross-check Musaffa/Zoya",
ROP,ELECTRONICS,ELECTRONIC-MEASURING INSTR,23,391.9700012207031,-0.03350070391360005,367.41;363.16;370.73;357.90;360.59;347.08;318.21;313.94;330.33;334.01;342.51;347.97;354.21;364.18;361.23;350.48;349.23;351.11;351.48;351.70;344.97;342.68;352.08;356.08;357.93;349.00;355.46;357.19;361.53;362.02;362.85;351.57;355.08;357.32;355.67;351.56;327.98;315.46;320.10;328.09;323.27;319.50;318.95;343.39;330.87;331.35;334.53;331.88;331.62;329.14;324.28;330.77;337.46;337.54;363.29;362.85;355.94;360.59;348.51;363.14;350.69;355.12;375.02;408.07;391.97,HALAL,"Business activity permissible — debt ratio not verified, cross-check Musaffa/Zoya",
MKSI,ELECTRONICS,ELECTRONIC-MEASURING INSTR,95,297.45001220703125,0.37271682837698283,229.21;243.46;233.17;219.62;242.54;252.09;248.99;262.49;248.65;253.52;255.72;244.28;232.38;230.28;218.20;224.10;213.29;228.72;236.67;234.84;243.50;223.01;229.64;234.48;237.99;263.05;272.97;268.80;278.38;273.56;280.35;278.15;265.24;279.17;287.43;300.56;319.47;317.07;302.94;293.82;312.92;333.86;323.17;317.38;335.15;301.65;320.96;345.32;375.32;371.26;420.56;381.62;388.61;444.80;365.56;349.57;368.78;352.03;353.80;324.69;345.44;345.30;315.70;257.61;297.45,HALAL,"Business activity permissible — debt ratio not verified, cross-check Musaffa/Zoya",
OSIS,ELECTRONICS,ELECTRONIC-MEASURING INSTR,14,221.38999938964844,-0.19491615239901305,276.97;269.74;252.72;253.10;271.26;274.10;264.98;264.58;286.07;293.65;295.26;285.20;286.90;274.03;282.16;279.47;270.92;269.08;284.53;289.13;284.57;272.33;265.51;268.11;275.55;294.48;297.45;305.90;309.68;296.84;286.35;291.34;281.84;282.50;234.74;241.11;231.92;218.49;205.40;209.01;207.86;220.97;221.16;213.37;213.48;197.73;215.39;231.02;221.68;217.51;219.26;213.72;218.29;218.70;221.76;218.72;216.65;213.20;218.29;212.66;210.25;214.39;217.30;214.02;221.39,HALAL,"Business activity permissible — debt ratio not verified, cross-check Musaffa/Zoya",
TRMB,ELECTRONICS,ELECTRONIC-MEASURING INSTR,8,56.58000183105469,-0.20522545454857222,70.01;68.37;67.88;65.04;66.15;68.88;66.01;65.63;67.39;65.42;67.14;66.87;69.16;70.46;70.45;67.60;66.47;67.09;66.68;66.83;65.87;62.97;65.23;65.12;64.21;65.42;66.89;66.79;69.29;68.97;67.04;67.17;66.28;68.42;68.37;61.85;58.04;54.90;55.13;54.56;55.97;56.34;54.92;58.15;55.52;54.19;52.95;50.00;50.21;48.87;49.23;50.14;50.70;51.18;53.04;53.73;52.71;52.29;51.92;52.72;51.85;50.35;55.77;58.24;56.58,HALAL,"Business activity permissible — debt ratio not verified, cross-check Musaffa/Zoya",
RTX,ELECTRONICS,ELECTRONIC-MILITARY SYSTEMS,77,215.22000122070312,0.10669279377619478,199.78;198.39;199.59;195.28;197.18;193.74;199.64;201.98;203.88;201.08;195.17;201.78;205.66;203.01;207.37;206.40;203.67;202.49;199.90;194.01;194.19;188.92;192.10;195.40;197.10;202.35;200.57;197.57;195.61;186.39;178.56;172.66;172.07;173.27;172.15;176.05;177.87;177.37;170.47;173.77;175.25;178.97;178.96;174.41;172.55;180.99;181.56;184.21;183.64;192.58;181.83;185.06;187.99;189.73;199.25;200.85;195.20;196.39;195.89;193.51;193.67;209.16;218.42;215.25;215.22,QUESTIONABLE,Defense — scholar-disputed,
LHX,ELECTRONICS,ELECTRONIC-MILITARY SYSTEMS,20,277.05999755859375,-0.21305929319153893,357.84;353.35;337.69;336.53;347.04;342.49;337.35;343.99;356.01;352.48;338.49;361.81;365.24;357.40;369.76;362.79;357.51;367.37;362.23;344.09;350.60;341.62;343.76;354.56;352.57;356.53;356.51;354.48;348.94;338.93;328.89;319.17;320.10;312.11;301.43;299.96;301.13;303.70;302.17;306.91;305.09;312.21;313.51;308.34;302.23;307.83;308.17;312.17;304.17;313.17;285.83;287.27;291.25;290.59;302.07;295.40;289.87;288.69;286.82;282.01;277.71;299.67;303.48;297.53;277.06,QUESTIONABLE,L3Harris — defense,
CW,ELECTRONICS,ELECTRONIC-MILITARY SYSTEMS,67,724.0,0.11618908605296241,659.73;663.45;663.54;624.50;648.88;645.06;670.60;687.53;702.07;698.76;698.24;699.85;701.51;678.22;705.98;692.11;655.57;679.11;691.15;688.07;701.77;663.33;680.89;694.64;699.64;722.27;733.76;731.69;735.40;719.26;725.25;716.91;695.99;712.90;728.70;724.18;728.33;750.74;712.48;704.71;726.63;750.40;747.47;719.74;733.63;732.89;733.32;756.97;762.59;777.29;783.82;762.92;747.27;757.76;760.23;766.54;759.71;740.06;751.64;707.84;722.09;750.03;743.83;679.41;724.00,QUESTIONABLE,Group classification: ELECTRONIC-MILITARY SYSTEMS,
KTOS,ELECTRONICS,ELECTRONIC-MILITARY SYSTEMS,4,46.599998474121094,-0.5778603249227765,118.06;108.16;96.16;91.33;94.41;93.48;87.05;91.97;105.67;94.31;88.23;86.18;88.95;85.54;92.47;88.92;87.53;95.31;92.78;83.69;79.98;71.94;70.51;67.31;71.96;68.33;73.55;74.66;70.99;68.55;65.52;63.16;59.56;62.05;59.31;57.00;56.99;52.49;52.09;53.47;54.67;56.80;65.19;63.49;58.43;58.52;56.19;58.78;57.02;56.16;51.09;47.95;47.21;49.86;55.35;50.34;48.85;46.96;49.68;46.03;48.21;49.44;49.45;43.88;46.60,QUESTIONABLE,Group classification: ELECTRONIC-MILITARY SYSTEMS,
MRCY,ELECTRONICS,ELECTRONIC-MILITARY SYSTEMS,83,97.0999984741211,-0.019687072363014035,101.04;98.29;93.89;77.12;82.20;84.36;80.25;83.32;89.86;85.90;89.30;89.03;89.43;84.96;89.36;86.00;78.16;81.35;77.81;78.29;78.71;71.40;72.91;74.22;77.53;79.23;82.52;85.51;84.05;83.36;78.91;77.06;74.75;78.55;82.96;88.06;91.95;92.50;92.03;92.80;96.36;99.32;108.11;111.28;111.59;111.27;108.82;119.32;115.93;115.50;111.76;105.00;109.38;122.33;126.21;115.83;114.25;98.26;102.97;96.08;98.64;106.34;103.80;90.17;97.10,QUESTIONABLE,Group classification: ELECTRONIC-MILITARY SYSTEMS,
AVAV,ELECTRONICS,ELECTRONIC-MILITARY SYSTEMS,3,149.3699951171875,-0.5146385211464257,309.57;293.22;269.99;257.30;257.20;263.26;235.12;262.99;281.67;261.33;255.22;252.25;228.30;220.56;227.29;207.73;207.07;222.51;211.35;206.27;199.02;184.43;183.05;184.36;186.85;177.70;194.39;198.42;191.42;210.07;201.91;195.74;183.50;184.97;166.69;168.18;166.45;160.99;158.00;160.23;163.09;182.26;214.39;204.09;191.47;185.92;176.51;183.69;171.95;167.11;151.33;142.18;137.95;165.07;190.89;162.53;148.40;141.80;141.22;142.20;148.84;158.73;154.24;142.12;149.37,QUESTIONABLE,Group classification: ELECTRONIC-MILITARY SYSTEMS,
BWXT,ELECTRONICS,ELECTRONIC-MILITARY SYSTEMS,16,168.6999969482422,-0.18575696664666153,211.82;209.61;205.48;189.58;196.65;199.29;196.37;200.54;208.50;197.84;207.70;205.42;205.27;194.97;199.85;195.72;193.87;207.20;209.84;204.58;221.83;202.32;204.22;214.69;214.15;229.98;232.52;238.10;235.46;216.37;225.21;221.77;207.80;216.02;205.87;209.61;210.52;206.55;204.45;197.33;202.52;204.38;199.27;188.39;184.72;185.95;188.96;194.68;193.94;203.07;210.00;205.65;197.91;194.65;191.06;186.08;186.99;177.14;176.91;171.18;173.09;176.67;176.53;157.44;168.70,QUESTIONABLE,Group classification: ELECTRONIC-MILITARY SYSTEMS,
ARW,ELECTRONICS,ELECTRONIC-PARTS DISTRIBUTORS,92,216.57000732421875,0.856420371385259,121.10;132.91;133.62;137.99;158.60;156.02;155.64;152.79;153.88;159.66;154.30;152.16;145.85;143.13;139.84;142.10;140.44;140.89;140.57;139.90;146.13;139.63;143.41;145.85;147.76;157.43;174.90;168.98;174.97;178.11;187.50;186.51;185.98;184.52;186.41;189.83;202.56;211.82;208.37;206.27;212.84;223.03;216.01;217.51;229.35;219.09;219.40;222.86;229.27;225.99;234.83;224.77;215.15;213.41;197.48;193.88;205.29;201.78;206.10;206.61;216.23;215.11;213.23;204.95;216.57,HALAL,"Business activity permissible — debt ratio not verified, cross-check Musaffa/Zoya",
AVT,ELECTRONICS,ELECTRONIC-PARTS DISTRIBUTORS,91,88.83999633789062,0.7640762148135345,52.19;62.16;62.73;63.40;66.00;65.19;65.35;64.45;65.42;66.65;66.72;65.23;63.18;62.19;61.32;60.85;59.51;59.78;59.73;59.51;62.03;59.51;61.39;61.64;62.29;66.69;73.20;69.96;73.57;74.98;77.82;78.30;81.22;80.23;82.09;80.56;82.55;85.90;83.74;82.00;83.09;88.78;86.79;86.62;92.93;86.81;86.93;88.49;91.78;89.81;92.45;88.24;86.37;88.82;82.18;81.48;86.28;85.15;86.21;85.65;89.85;89.92;88.38;83.59;88.84,HALAL,"Business activity permissible — debt ratio not verified, cross-check Musaffa/Zoya",
WCC,ELECTRONICS,ELECTRONIC-PARTS DISTRIBUTORS,84,343.489990234375,0.20337430796900247,286.83;291.30;296.79;300.35;314.20;284.83;294.71;299.90;299.04;285.54;296.35;288.52;287.60;280.88;266.98;264.37;255.74;260.70;257.67;264.54;276.36;261.75;273.22;277.05;278.17;299.08;304.11;305.49;318.60;324.12;317.73;315.11;304.83;354.07;350.08;350.37;365.77;359.98;358.20;336.57;353.74;372.41;363.79;355.17;373.98;353.80;354.78;343.71;347.79;351.88;369.72;351.97;347.33;345.43;307.89;307.21;328.91;330.84;336.70;327.86;329.16;330.66;338.13;309.36;343.49,HALAL,"Business activity permissible — debt ratio not verified, cross-check Musaffa/Zoya",
FAST,ELECTRONICS,ELECTRONIC-PARTS DISTRIBUTORS,51,47.709999084472656,0.1049043803611347,43.24;42.86;44.32;47.76;47.22;46.16;45.05;45.20;45.71;44.57;44.15;45.55;45.73;46.79;46.30;46.09;44.97;45.44;44.01;43.97;44.88;44.47;45.90;45.80;45.15;48.57;45.31;43.92;45.29;45.21;44.96;44.79;43.47;44.66;44.09;44.12;43.06;43.53;43.02;43.33;43.29;44.21;44.52;43.75;46.21;46.53;46.33;46.14;45.85;44.64;45.87;46.01;46.84;47.77;48.33;46.85;46.10;46.79;45.11;45.24;44.76;45.90;47.38;47.78;47.71,HALAL,"Business activity permissible — debt ratio not verified, cross-check Musaffa/Zoya",
GWW,ELECTRONICS,ELECTRONIC-PARTS DISTRIBUTORS,79,1382.219970703125,0.31173685250698036,1053.43;1077.99;1091.90;1190.27;1192.98;1185.63;1114.35;1129.93;1125.45;1114.50;1114.93;1142.42;1149.09;1143.40;1113.03;1108.25;1071.77;1063.38;1040.94;1052.34;1073.70;1054.94;1088.61;1115.19;1105.91;1169.84;1159.32;1141.04;1160.59;1168.67;1162.56;1155.74;1142.50;1146.30;1132.49;1231.61;1226.09;1252.85;1272.47;1244.42;1239.26;1249.22;1247.41;1243.03;1284.22;1300.01;1329.80;1313.96;1313.92;1311.10;1341.42;1342.57;1353.61;1360.40;1342.98;1356.43;1364.86;1391.68;1371.44;1395.01;1361.61;1367.46;1398.95;1358.92;1382.22,HALAL,"Business activity permissible — debt ratio not verified, cross-check Musaffa/Zoya",
TMO,ELECTRONICS,ELECTRONIC-SCIENTIFIC INSTR,64,574.2999877929688,-0.08073094608597042,622.67;590.98;580.61;564.10;541.75;538.73;508.81;500.59;514.10;515.41;512.66;520.07;507.09;517.81;508.96;494.73;463.90;472.24;469.74;477.64;490.28;472.89;491.04;490.97;489.01;499.96;513.72;531.14;526.07;524.04;466.23;467.57;465.79;468.74;466.29;473.98;452.15;445.58;437.90;447.36;448.92;447.73;486.73;493.55;473.48;472.33;493.58;475.18;473.72;461.69;464.01;492.20;513.03;501.36;523.44;516.62;524.71;528.51;535.29;532.48;523.46;572.32;559.53;576.46;574.30,HALAL,"Business activity permissible — debt ratio not verified, cross-check Musaffa/Zoya",
DHR,ELECTRONICS,ELECTRONIC-SCIENTIFIC INSTR,33,194.97999572753906,-0.16683973357042392,234.76;218.70;222.48;218.61;215.70;218.83;214.04;205.49;210.36;210.04;208.64;209.76;203.15;201.15;197.97;194.24;186.53;194.39;189.31;189.20;186.37;181.14;189.21;190.72;190.61;192.59;195.46;197.73;194.35;194.14;178.20;180.25;178.43;174.79;174.27;175.30;166.18;165.65;161.57;166.69;172.97;172.45;180.26;179.50;177.71;183.92;188.02;180.42;180.73;177.39;177.82;188.48;196.19;190.48;197.93;194.19;195.98;200.16;200.79;203.83;179.01;192.50;196.50;196.49;194.98,HALAL,"Business activity permissible — debt ratio not verified, cross-check Musaffa/Zoya",
WAT,ELECTRONICS,ELECTRONIC-SCIENTIFIC INSTR,65,377.30999755859375,-0.038235069443418035,390.09;375.18;379.31;384.33;381.29;327.02;319.83;321.43;328.66;327.78;319.44;319.38;312.14;315.59;305.67;297.54;286.57;296.99;299.57;301.81;302.32;289.16;297.80;304.24;307.38;317.65;324.68;326.20;327.77;335.23;311.20;299.79;292.13;307.12;342.75;350.49;348.07;334.93;329.22;333.26;340.99;338.64;366.67;378.16;379.77;365.36;371.15;359.74;357.76;357.00;358.25;369.18;374.41;375.04;379.29;374.93;377.13;373.22;374.92;368.98;367.55;382.41;371.20;379.48;377.31,HALAL,"Business activity permissible — debt ratio not verified, cross-check Musaffa/Zoya",
A,ELECTRONICS,ELECTRONIC-SCIENTIFIC INSTR,,,,,HALAL,"Business activity permissible — debt ratio not verified, cross-check Musaffa/Zoya",
MTD,ELECTRONICS,ELECTRONIC-SCIENTIFIC INSTR,51,1416.300048828125,0.007067936787235718,1425.18;1392.80;1385.61;1389.73;1373.57;1400.33;1357.92;1353.24;1376.53;1393.24;1379.91;1366.69;1316.71;1261.21;1248.62;1228.93;1173.74;1206.72;1190.49;1239.07;1265.75;1232.04;1261.20;1259.94;1270.00;1335.00;1345.89;1315.85;1340.58;1324.27;1264.36;1274.70;1240.15;1267.07;1302.42;1319.29;1078.53;1025.53;1031.64;1050.77;1090.45;1101.33;1163.50;1183.57;1169.32;1154.33;1162.79;1141.25;1154.47;1129.53;1164.07;1203.18;1263.75;1277.51;1308.43;1295.59;1288.02;1299.53;1316.55;1310.02;1298.17;1331.87;1336.29;1388.33;1416.30,HALAL,"Business activity permissible — debt ratio not verified, cross-check Musaffa/Zoya",
BIO,ELECTRONICS,ELECTRONIC-SCIENTIFIC INSTR,61,325.4800109863281,0.09748121168066781,297.71;294.91;297.43;305.90;301.50;299.96;292.42;264.93;271.90;268.25;269.65;278.44;280.19;279.03;271.44;269.89;262.80;269.48;265.00;265.00;273.60;265.40;278.75;279.99;278.00;277.50;288.17;295.96;299.02;305.67;281.42;287.29;275.15;256.55;257.12;257.32;243.79;243.51;247.53;281.05;286.74;296.90;318.22;305.46;304.83;294.32;297.17;292.44;289.28;284.67;281.11;280.05;300.79;293.61;296.86;292.50;297.28;297.58;295.73;304.36;301.70;316.38;316.41;327.25;325.48,HALAL,"Business activity permissible — debt ratio not verified, cross-check Musaffa/Zoya",
RVTY,ELECTRONICS,ELECTRONIC-SCIENTIFIC INSTR,68,112.5199966430664,-0.03470702475087206,114.45;108.34;106.94;103.68;101.45;104.60;95.44;94.92;99.77;96.98;97.43;98.17;95.81;96.43;91.98;89.50;85.45;87.25;85.64;87.04;87.72;83.78;87.49;88.81;87.67;90.33;92.51;92.77;93.90;94.21;87.10;86.75;82.21;86.63;92.24;98.79;98.89;94.95;93.91;95.81;95.32;96.77;101.16;100.46;101.01;98.31;104.06;101.46;100.49;97.76;98.98;105.56;112.95;111.19;113.69;111.98;112.88;111.04;111.28;110.15;110.52;113.17;108.07;113.37;112.52,HALAL,"Business activity permissible — debt ratio not verified, cross-check Musaffa/Zoya",
BRKR,ELECTRONICS,ELECTRONIC-SCIENTIFIC INSTR,93,62.84000015258789,0.2515275688707044,47.56;44.13;43.65;42.46;41.83;41.48;37.42;38.03;38.67;39.47;39.80;40.01;39.18;38.41;37.11;36.72;33.67;33.66;33.55;34.83;35.77;33.69;36.09;36.73;36.64;37.95;39.02;39.45;40.66;40.05;36.19;36.50;34.26;36.76;37.98;43.69;43.23;43.81;42.84;42.55;44.94;46.88;54.34;58.39;62.65;56.34;57.19;55.13;56.58;54.68;56.53;58.44;60.91;60.18;61.64;58.25;60.58;58.97;58.66;58.23;60.43;62.15;60.05;61.74;62.84,HALAL,"Business activity permissible — debt ratio not verified, cross-check Musaffa/Zoya",
BTU,ENERGY,ENERGY-COAL,13,21.31999969482422,-0.4353191008688486,35.90;35.94;34.02;34.82;36.72;35.77;34.95;32.23;33.79;33.08;32.85;31.44;34.77;33.18;33.18;34.41;34.53;35.29;37.33;35.28;37.56;39.38;32.85;33.45;31.86;27.62;28.39;27.94;25.57;26.95;27.27;26.98;27.35;26.45;24.92;23.99;24.59;23.97;23.70;23.74;24.41;25.90;29.10;29.06;30.11;28.10;27.13;26.36;26.03;25.66;24.12;23.29;23.51;23.12;22.30;22.67;23.43;23.60;23.55;22.44;23.07;23.82;23.09;20.82;21.32,HALAL,"Business activity permissible — debt ratio not verified, cross-check Musaffa/Zoya",
CEIX,ENERGY,ENERGY-COAL,,,,,HALAL,"Business activity permissible — debt ratio not verified, cross-check Musaffa/Zoya",
ARCH,ENERGY,ENERGY-COAL,,,,,HALAL,"Business activity permissible — debt ratio not verified, cross-check Musaffa/Zoya",
ARLP,ENERGY,ENERGY-COAL,46,25.950000762939453,0.10731970382215783,23.27;23.12;23.52;23.43;23.80;23.98;24.75;25.01;25.29;26.41;25.86;25.87;26.49;26.26;26.60;26.85;26.64;26.66;27.76;27.29;27.93;28.31;27.00;27.51;27.08;25.89;25.78;25.12;24.39;24.21;24.64;24.85;26.03;25.54;25.57;24.95;24.62;24.83;25.13;25.22;24.83;25.01;25.32;25.31;25.41;25.62;25.37;25.13;24.60;24.30;24.41;24.24;24.48;23.98;23.81;23.85;24.45;24.69;24.57;24.42;24.66;24.77;25.63;25.95;25.95,HALAL,"Business activity permissible — debt ratio not verified, cross-check Musaffa/Zoya",
HCC,ENERGY,ENERGY-COAL,45,79.41000366210938,-0.1912611937109313,92.21;91.92;89.18;88.24;88.89;90.14;85.93;84.76;85.35;86.97;87.67;83.17;81.87;79.26;78.87;84.61;85.04;86.12;90.54;86.41;96.74;99.07;93.07;94.81;92.93;85.62;87.71;88.73;86.29;90.51;88.54;87.39;89.95;86.20;86.60;87.84;87.18;85.08;85.14;85.01;85.45;93.08;104.58;106.25;105.88;99.92;94.67;94.02;95.89;95.07;87.96;84.15;81.28;81.16;80.83;77.74;79.07;82.12;81.85;78.91;79.76;81.05;80.66;79.02;79.41,HALAL,"Business activity permissible — debt ratio not verified, cross-check Musaffa/Zoya",
NRP,ENERGY,ENERGY-COAL,,,,,HALAL,"Business activity permissible — debt ratio not verified, cross-check Musaffa/Zoya",
BE,ENERGY,ENERGY-OTHER/ALTERNATIVE,98,205.80999755859375,0.4204568874703005,152.31;156.51;156.13;147.35;143.03;148.70;139.03;145.32;159.00;160.28;174.77;155.67;153.02;159.99;151.32;159.21;154.51;160.05;166.69;141.33;150.22;133.24;135.49;135.63;135.91;160.13;176.67;213.84;207.86;220.91;237.57;234.68;287.97;290.52;295.25;258.64;283.92;289.76;275.95;261.34;307.88;302.40;290.01;273.51;287.32;263.61;259.61;248.88;274.50;284.99;345.85;326.19;252.02;302.70;270.89;269.57;257.02;233.49;239.38;214.96;226.26;217.30;188.18;163.75;205.81,HALAL,"Business activity permissible — debt ratio not verified, cross-check Musaffa/Zoya",
PLUG,ENERGY,ENERGY-OTHER/ALTERNATIVE,9,2.059999942779541,-0.17600002288818362,2.41;2.34;2.08;2.05;2.08;2.04;1.82;1.82;1.91;1.84;1.91;1.79;2.23;2.29;2.18;2.23;2.15;2.33;2.40;2.31;2.27;2.18;2.26;2.41;2.52;2.74;2.77;2.93;2.78;3.08;3.18;3.08;3.41;3.11;3.32;3.13;3.52;3.96;3.78;3.31;3.78;3.84;4.12;3.94;3.69;3.22;2.91;2.83;2.80;2.65;2.79;2.61;2.54;2.71;2.64;2.48;2.38;2.17;2.21;2.17;2.27;2.19;2.06;1.90;2.06,HALAL,"Business activity permissible — debt ratio not verified, cross-check Musaffa/Zoya",
FCEL,ENERGY,ENERGY-OTHER/ALTERNATIVE,98,21.610000610351562,1.133267558363126,9.59;8.99;7.35;7.09;7.19;7.42;7.01;7.28;7.75;7.69;8.60;8.14;7.93;8.08;7.38;7.11;6.63;7.03;6.75;6.71;7.10;6.53;6.53;6.60;6.27;6.55;6.83;7.53;7.25;9.49;12.17;10.68;13.64;13.31;13.55;12.28;15.94;19.92;21.36;17.36;26.38;24.40;24.39;21.31;21.81;17.33;17.49;17.69;17.50;20.04;24.39;21.56;24.00;36.01;28.11;25.96;23.00;19.08;20.25;18.50;21.64;23.30;21.49;18.08;21.61,HALAL,"Business activity permissible — debt ratio not verified, cross-check Musaffa/Zoya",
BLDP,ENERGY,ENERGY-OTHER/ALTERNATIVE,29,2.6700000762939453,0.011363625074878314,2.57;2.49;2.31;2.22;2.15;2.16;2.07;2.14;2.12;2.11;2.18;2.14;2.07;2.10;1.99;2.15;2.39;2.68;2.48;2.51;2.54;2.39;2.42;2.48;2.40;2.64;2.70;3.07;2.96;3.10;3.38;3.25;3.32;3.39;4.33;4.70;4.17;4.14;4.45;4.18;5.43;5.94;6.19;6.30;6.06;4.92;4.74;4.21;4.16;4.16;4.32;3.69;3.62;3.89;3.52;3.27;3.23;2.95;2.99;2.70;2.96;2.98;2.87;2.50;2.67,HALAL,"Business activity permissible — debt ratio not verified, cross-check Musaffa/Zoya",
CWEN,ENERGY,ENERGY-OTHER/ALTERNATIVE,20,31.729999542236328,-0.09436895609776708,35.96;35.43;34.80;36.47;37.74;38.28;39.13;39.72;38.25;39.01;37.86;37.42;37.14;36.96;37.51;37.42;37.78;39.53;39.24;37.67;38.72;38.67;38.84;39.91;39.22;40.31;39.12;39.81;38.69;37.33;39.25;40.58;37.76;39.84;38.49;37.71;38.07;37.62;35.94;35.65;37.73;39.72;40.17;40.35;40.31;39.74;38.94;37.69;38.61;36.77;37.07;36.78;36.86;34.18;32.76;33.48;33.37;33.19;34.45;33.41;33.61;33.57;32.11;30.78;31.73,HALAL,"Business activity permissible — debt ratio not verified, cross-check Musaffa/Zoya",
AMRC,ENERGY,ENERGY-OTHER/ALTERNATIVE,8,21.06999969482422,-0.351891701548678,33.02;32.37;30.57;30.03;30.92;32.75;33.29;32.49;33.95;32.88;32.86;30.46;27.90;27.14;26.24;25.82;24.71;26.12;26.83;27.72;28.77;26.75;25.50;24.59;24.01;26.00;24.82;25.62;25.87;26.75;27.76;27.91;27.29;31.36;30.77;29.69;30.58;28.98;33.03;28.93;30.22;35.51;36.56;34.60;33.33;28.46;26.93;27.88;28.14;27.29;28.94;27.68;26.82;27.60;25.40;25.49;25.65;23.75;24.68;23.11;23.12;23.57;21.09;18.51;21.07,HALAL,"Business activity permissible — debt ratio not verified, cross-check Musaffa/Zoya",
FSLR,ENERGY,ENERGY-SOLAR,40,211.02999877929688,-0.12851536610193293,235.05;224.01;230.55;238.06;218.73;226.24;220.45;226.05;233.30;242.15;210.12;197.20;197.53;191.80;195.38;200.25;196.07;200.42;199.65;189.92;193.51;190.29;197.26;195.32;192.31;197.25;200.35;195.20;190.44;186.61;196.19;197.48;190.61;211.71;219.38;214.57;233.27;234.60;233.37;221.71;248.88;269.95;303.38;303.00;318.25;279.01;262.19;271.17;273.51;254.80;263.11;248.36;239.07;235.96;224.57;227.72;228.50;221.03;223.82;211.99;206.05;205.92;205.83;199.24;211.03,HALAL,"Business activity permissible — debt ratio not verified, cross-check Musaffa/Zoya",
ENPH,ENERGY,ENERGY-SOLAR,37,37.540000915527344,-0.04865682244024239,39.93;38.25;36.47;51.67;49.80;50.25;44.14;45.64;44.25;47.40;48.49;42.27;43.20;41.15;40.86;43.34;44.07;44.70;44.64;40.76;42.53;37.84;37.81;34.92;32.04;31.26;31.37;32.18;32.48;33.62;36.16;35.24;31.19;33.85;36.02;35.47;37.65;42.00;52.89;46.76;62.34;66.90;69.50;63.74;69.02;56.07;53.51;54.93;52.40;47.78;52.41;47.82;47.58;49.24;43.07;42.99;44.89;43.06;44.05;41.57;39.94;38.89;38.01;35.07;37.54,HALAL,"Business activity permissible — debt ratio not verified, cross-check Musaffa/Zoya",
SEDG,ENERGY,ENERGY-SOLAR,58,41.20000076293945,0.1907515196497711,34.81;34.04;30.64;35.04;35.92;36.79;34.41;37.13;34.96;39.38;42.45;35.40;37.81;35.24;34.59;36.09;37.44;42.88;45.66;46.73;51.28;51.76;51.05;48.75;43.85;41.84;43.21;37.83;38.30;40.57;47.36;47.38;41.58;42.91;44.64;38.61;41.79;42.77;61.76;54.53;63.00;70.75;73.19;75.80;74.02;63.17;57.80;58.44;60.19;54.68;57.55;49.74;51.75;58.44;52.38;52.94;54.76;52.13;54.58;53.47;50.27;45.14;43.09;39.04;41.20,HALAL,"Business activity permissible — debt ratio not verified, cross-check Musaffa/Zoya",
RUN,ENERGY,ENERGY-SOLAR,6,9.8100004196167,-0.49692305540427184,20.72;19.76;18.19;20.73;19.93;20.66;18.20;19.34;20.04;19.99;19.55;13.25;11.54;11.79;11.33;12.63;12.14;13.29;13.08;12.35;13.04;12.60;13.56;13.50;13.22;13.33;12.76;12.10;12.40;11.78;12.96;13.03;11.93;13.06;13.46;13.80;14.47;14.46;13.99;13.17;14.44;14.65;15.89;15.58;14.85;13.35;12.60;12.55;12.47;12.44;13.62;14.42;13.49;13.38;12.74;12.20;12.46;12.41;12.77;11.85;11.44;10.38;9.98;9.47;9.81,HALAL,"Business activity permissible — debt ratio not verified, cross-check Musaffa/Zoya",
NOVA,ENERGY,ENERGY-SOLAR,,,,,HALAL,"Business activity permissible — debt ratio not verified, cross-check Musaffa/Zoya",
SHLS,ENERGY,ENERGY-SOLAR,59,8.739999771118164,-0.05206078980573903,9.57;10.02;9.32;10.18;10.29;10.26;9.66;10.70;10.19;9.90;6.85;5.93;5.91;5.85;5.75;6.27;6.13;6.17;6.04;6.24;6.91;6.62;6.58;6.82;6.41;6.97;6.67;7.23;7.16;6.87;7.78;7.80;7.34;8.16;8.13;7.84;9.32;9.11;10.33;9.28;9.55;10.82;12.20;12.18;12.39;10.81;9.63;9.89;10.30;9.44;10.94;10.20;9.00;9.90;9.95;10.04;10.08;9.40;11.50;10.30;10.38;9.89;9.39;7.94;8.74,HALAL,"Business activity permissible — debt ratio not verified, cross-check Musaffa/Zoya",
ARRY,ENERGY,ENERGY-SOLAR,4,5.21999979019165,-0.5042735116272645,11.42;11.71;11.14;11.96;11.86;11.61;10.69;11.29;10.93;10.69;11.00;7.58;7.50;7.14;6.73;7.04;6.93;6.99;6.97;6.75;7.73;7.33;7.23;7.34;6.83;7.21;7.00;7.63;7.83;7.57;8.11;7.97;7.48;7.84;8.18;8.20;8.73;8.79;8.97;8.06;8.20;8.42;9.26;8.82;8.75;8.09;7.41;7.45;8.08;7.66;8.54;7.69;7.12;7.41;6.97;6.62;6.46;6.12;6.37;6.11;6.05;5.62;5.51;4.81;5.22,HALAL,"Business activity permissible — debt ratio not verified, cross-check Musaffa/Zoya",
CSIQ,ENERGY,ENERGY-SOLAR,31,15.079999923706055,-0.32768614718982836,22.15;19.77;19.13;20.68;19.89;21.83;19.90;19.06;19.84;20.70;20.27;17.71;16.66;16.64;16.75;17.69;18.41;18.39;13.53;13.11;14.31;13.45;13.85;13.36;12.11;12.31;12.72;13.64;13.20;12.38;14.67;13.92;14.72;16.73;16.80;17.68;19.85;20.05;17.88;15.86;18.10;18.93;20.26;18.30;19.53;17.16;16.12;15.76;16.88;16.00;16.02;14.98;15.39;16.02;14.46;14.35;14.99;14.73;15.84;14.95;15.37;14.69;13.79;13.72;15.08,HALAL,"Business activity permissible — debt ratio not verified, cross-check Musaffa/Zoya",
JKS,ENERGY,ENERGY-SOLAR,6,15.140000343322754,-0.40895893586822285,25.71;23.82;23.44;25.43;25.56;27.15;25.20;24.43;24.13;24.20;25.08;23.34;21.85;21.96;22.15;23.88;23.60;22.99;21.90;22.06;24.44;23.34;23.45;22.94;22.00;21.14;21.96;22.35;19.71;18.89;21.19;20.55;19.87;22.25;22.71;21.53;23.82;24.03;22.70;20.48;20.70;21.31;20.98;20.16;20.46;18.51;16.85;17.13;18.43;17.73;17.97;17.27;16.28;16.80;15.84;15.72;15.66;15.25;15.99;16.49;16.41;15.75;15.25;14.58;15.14,HALAL,"Business activity permissible — debt ratio not verified, cross-check Musaffa/Zoya",
MAXN,ENERGY,ENERGY-SOLAR,,,,,HALAL,"Business activity permissible — debt ratio not verified, cross-check Musaffa/Zoya",
RIG,ENERGY,OIL&GAS-DRILLING,76,5.320000171661377,0.10144932830130271,4.96;4.92;4.82;5.34;5.39;5.44;6.03;6.14;6.36;6.39;6.41;6.48;6.11;6.13;6.17;6.31;6.36;6.58;6.46;6.46;6.77;6.93;6.63;6.59;6.68;6.56;6.64;6.15;5.94;6.05;6.06;6.52;6.96;6.84;6.25;6.17;6.55;6.62;7.04;7.45;6.82;6.48;6.22;6.25;6.18;5.95;5.87;6.03;5.83;5.58;5.41;5.04;5.11;4.89;5.06;5.02;5.14;5.37;5.20;5.14;5.24;5.32;5.28;4.95;5.32,HALAL,"Business activity permissible — debt ratio not verified, cross-check Musaffa/Zoya",
VAL,ENERGY,OIL&GAS-DRILLING,76,79.19000244140625,0.45945456857818434,58.29;58.79;57.93;62.11;62.41;79.81;88.89;88.96;92.49;93.50;94.18;95.85;90.63;90.59;90.81;93.38;93.74;97.28;95.68;95.41;100.26;102.24;98.04;98.04;99.70;98.09;99.07;91.67;88.56;90.27;90.33;97.35;103.98;102.23;92.81;91.78;97.32;98.95;105.43;111.05;101.48;96.33;92.64;93.48;92.06;88.54;87.49;89.78;86.67;83.05;79.92;75.52;76.36;72.60;75.35;74.59;76.33;79.57;76.94;76.54;78.08;79.15;78.47;74.18;79.19,HALAL,"Business activity permissible — debt ratio not verified, cross-check Musaffa/Zoya",
NE,ENERGY,OIL&GAS-DRILLING,73,42.400001525878906,0.28472571307503514,34.48;35.23;35.22;37.66;38.36;41.03;41.66;42.53;44.36;44.28;44.73;44.45;44.69;44.79;44.97;44.84;45.80;47.13;47.24;47.36;48.86;49.28;48.54;49.33;50.21;49.09;48.97;46.91;46.27;46.85;48.42;53.03;49.76;50.00;49.41;47.96;50.46;50.69;52.33;53.68;51.78;49.48;46.69;46.61;46.15;45.41;45.30;46.13;45.15;43.03;42.35;39.17;38.33;37.30;37.99;38.36;38.90;41.79;40.58;41.50;42.60;43.11;43.11;41.01;42.40,HALAL,"Business activity permissible — debt ratio not verified, cross-check Musaffa/Zoya",
HP,ENERGY,OIL&GAS-DRILLING,83,34.56999969482422,0.08535063398025922,32.86;33.23;33.77;35.90;35.47;33.75;32.41;33.10;35.73;34.91;34.04;35.00;33.75;33.91;34.15;34.52;35.42;35.38;35.72;36.90;36.13;35.92;35.80;34.59;35.65;35.00;35.51;34.29;33.43;35.40;37.34;38.42;40.79;40.17;41.27;36.67;38.39;38.00;39.25;40.95;39.61;40.25;38.07;39.23;38.44;37.46;37.91;39.19;37.00;35.78;35.45;32.76;33.80;32.74;31.30;31.83;32.75;33.97;33.39;34.14;34.59;35.07;33.63;33.46;34.57,HALAL,"Business activity permissible — debt ratio not verified, cross-check Musaffa/Zoya",
PTEN,ENERGY,OIL&GAS-DRILLING,88,10.479999542236328,0.4657622371093111,7.29;7.38;7.43;7.79;8.48;8.10;7.97;7.76;8.33;8.19;8.17;8.33;8.75;8.76;9.19;9.73;10.20;10.62;10.62;10.62;10.83;11.26;10.73;10.52;11.13;10.05;10.47;9.83;9.34;10.47;11.04;11.36;12.24;11.88;12.30;11.31;11.75;11.89;12.31;12.62;12.10;12.01;11.20;11.53;12.01;11.51;11.59;11.49;10.66;10.30;10.20;9.52;9.59;9.18;8.66;9.15;9.40;9.68;9.84;10.02;10.53;10.34;9.41;9.33;10.48,HALAL,"Business activity permissible — debt ratio not verified, cross-check Musaffa/Zoya",
NBR,ENERGY,OIL&GAS-DRILLING,94,85.66999816894531,0.3188115667542082,67.26;67.06;66.13;68.64;69.78;68.34;63.88;71.91;76.61;77.58;77.95;78.12;76.60;77.98;81.13;78.72;76.59;79.85;79.96;84.99;87.49;89.60;86.06;79.99;83.97;82.92;84.62;80.84;79.52;82.82;88.54;90.70;104.18;100.97;105.28;96.52;100.15;101.35;105.27;108.29;104.56;102.26;93.28;92.45;96.28;95.93;96.45;101.89;94.98;89.15;86.71;81.83;82.61;84.01;77.86;78.09;80.28;83.66;82.44;83.89;84.72;84.24;78.65;79.26;85.67,HALAL,"Business activity permissible — debt ratio not verified, cross-check Musaffa/Zoya",
DO,ENERGY,OIL&GAS-DRILLING,,,,,HALAL,"Business activity permissible — debt ratio not verified, cross-check Musaffa/Zoya",
SLB,ENERGY,OIL&GAS-FIELD SERVICES,64,49.59000015258789,0.020223140146273355,50.10;47.91;47.52;50.78;50.14;49.76;50.38;49.58;51.27;50.97;51.39;51.07;48.33;47.15;46.94;47.92;44.49;45.89;47.57;48.99;51.62;53.22;51.12;49.18;50.09;52.27;51.65;52.15;52.39;52.49;54.45;54.94;55.41;56.62;55.71;52.72;54.64;55.09;55.09;56.47;56.95;57.68;54.83;54.46;56.85;54.87;55.85;56.00;53.71;50.33;47.95;46.61;47.00;46.49;45.13;46.42;47.24;47.36;47.55;46.99;46.59;47.22;51.53;48.96;49.59,HALAL,"Business activity permissible — debt ratio not verified, cross-check Musaffa/Zoya",
HAL,ENERGY,OIL&GAS-FIELD SERVICES,54,32.25,-0.041410714609676935,33.95;33.09;32.53;34.03;34.66;33.71;33.98;33.41;35.05;34.92;34.95;35.67;34.94;34.02;34.50;35.78;33.55;35.49;36.77;37.35;38.47;40.25;38.82;38.01;38.56;37.53;38.45;37.38;36.99;37.99;39.48;39.96;41.63;41.48;41.54;38.95;40.09;40.85;41.58;42.80;41.78;40.91;39.16;39.18;41.03;39.18;39.62;39.76;38.18;36.23;35.17;33.90;34.21;33.95;32.96;33.79;34.12;35.21;35.25;35.22;33.19;32.71;32.13;31.19;32.25,HALAL,"Business activity permissible — debt ratio not verified, cross-check Musaffa/Zoya",
BKR,ENERGY,OIL&GAS-FIELD SERVICES,63,60.4900016784668,0.12984484014002096,56.10;56.33;56.05;58.75;58.50;58.73;60.96;59.66;62.35;63.46;64.59;65.04;62.33;59.99;59.90;58.77;54.08;56.81;60.51;62.32;62.41;63.01;60.85;60.18;61.05;63.21;62.35;59.87;59.58;60.05;64.28;68.15;68.58;68.89;67.78;63.53;64.60;65.41;64.12;65.47;65.80;66.73;64.71;62.97;64.27;62.59;63.55;63.48;62.46;60.07;59.15;56.38;56.56;55.50;52.78;54.47;57.20;57.66;57.25;55.95;56.38;56.09;60.59;58.72;60.49,HALAL,"Business activity permissible — debt ratio not verified, cross-check Musaffa/Zoya",
WFRD,ENERGY,OIL&GAS-FIELD SERVICES,57,87.79000091552734,-0.018645194710916413,92.77;93.55;91.91;99.45;105.24;101.58;100.45;101.97;105.27;104.69;104.69;105.19;97.58;94.03;90.72;92.46;86.31;86.18;87.29;91.32;96.78;95.65;94.34;95.05;96.11;103.04;103.38;99.54;102.10;99.38;102.67;109.41;106.87;109.21;108.33;102.30;102.28;109.08;108.83;109.27;110.02;108.84;103.88;102.71;104.09;97.17;101.26;101.03;100.10;94.15;91.78;84.49;82.75;81.50;83.01;83.37;82.78;81.10;81.81;80.70;83.32;85.60;85.92;82.31;87.79,HALAL,"Business activity permissible — debt ratio not verified, cross-check Musaffa/Zoya",
LBRT,ENERGY,OIL&GAS-FIELD SERVICES,30,18.709999084472656,-0.09667711580270899,22.04;25.18;25.93;23.96;25.08;24.05;24.62;26.52;26.73;26.48;28.20;27.92;27.66;27.75;27.68;29.84;30.13;31.05;31.64;29.03;28.72;28.96;28.72;28.02;28.36;27.12;27.80;27.70;26.22;28.25;32.23;32.75;33.72;32.59;33.60;31.59;33.29;33.38;32.85;33.01;32.78;31.86;28.98;29.28;30.97;28.45;28.13;28.03;28.07;27.17;27.85;26.21;26.86;26.19;23.79;23.66;24.20;25.23;25.13;23.84;24.88;19.62;16.86;17.09;18.71,HALAL,"Business activity permissible — debt ratio not verified, cross-check Musaffa/Zoya",
NEX,ENERGY,OIL&GAS-FIELD SERVICES,,,,,HALAL,"Business activity permissible — debt ratio not verified, cross-check Musaffa/Zoya",
PUMP,ENERGY,OIL&GAS-FIELD SERVICES,73,11.100000381469727,0.01462530230561665,10.75;11.44;11.83;11.18;11.24;11.14;11.27;12.01;11.50;10.90;11.65;12.13;12.32;12.60;12.22;13.09;14.35;14.65;14.70;14.51;14.55;14.69;14.41;13.94;14.24;13.65;13.92;14.49;13.96;15.08;16.83;17.21;18.20;16.62;16.61;15.55;16.65;16.55;17.45;17.89;17.44;16.87;15.16;15.34;16.34;14.74;14.67;14.78;15.19;14.86;15.04;13.98;14.80;14.34;12.09;12.30;12.80;13.18;13.43;13.00;13.22;12.30;10.79;10.21;11.10,HALAL,"Business activity permissible — debt ratio not verified, cross-check Musaffa/Zoya",
XOM,ENERGY,OIL&GAS-INTEGRATED,72,155.44000244140625,0.16720862625504318,135.01;138.64;136.56;145.62;147.06;149.57;148.92;145.20;149.95;149.74;148.06;151.47;150.81;149.74;149.43;150.56;155.07;157.74;157.09;160.04;162.16;169.84;168.52;159.61;162.80;153.99;151.61;148.01;145.45;147.36;149.52;147.19;153.63;151.72;153.84;145.59;148.67;150.55;157.92;162.55;155.29;149.81;146.96;149.38;152.53;149.92;148.91;146.60;140.92;140.74;138.47;136.90;136.54;136.72;137.09;141.69;137.46;144.51;144.51;147.36;151.71;156.89;154.77;156.75;155.44,HALAL,"Integrated oil — debt ratio not verified, cross-check Musaffa/Zoya",
CVX,ENERGY,OIL&GAS-INTEGRATED,68,196.8300018310547,0.20307042234605355,165.89;167.99;170.78;177.85;177.48;178.86;178.99;178.91;183.10;183.23;182.55;185.06;187.06;188.18;187.72;190.05;195.03;196.17;199.61;203.35;203.29;209.23;205.02;197.16;199.71;188.63;190.04;183.23;182.32;184.29;185.90;183.10;190.48;188.90;190.89;180.84;183.06;184.31;189.37;197.25;191.01;184.71;183.03;185.83;189.71;187.31;186.76;185.82;180.40;177.58;175.06;171.45;171.06;165.76;169.20;174.01;174.05;182.20;181.60;187.38;191.07;194.42;190.00;191.86;196.83,HALAL,"Integrated oil — debt ratio not verified, cross-check Musaffa/Zoya",
BP,ENERGY,OIL&GAS-INTEGRATED,72,45.220001220703125,0.26827069004531534,36.72;37.13;36.80;38.26;38.08;36.08;36.30;36.66;38.08;37.98;37.66;38.42;38.42;38.86;40.19;41.09;42.19;43.35;45.34;43.08;44.90;46.15;46.47;46.59;46.71;45.38;45.91;45.60;44.09;45.39;45.83;45.45;46.27;45.89;45.97;43.31;43.72;43.64;44.35;46.14;44.87;42.65;41.59;42.94;43.68;42.97;42.67;42.68;41.59;40.14;39.78;37.86;37.13;36.95;37.40;38.61;38.55;40.83;41.33;41.90;42.76;43.93;42.31;43.32;45.22,HALAL,"Business activity permissible — debt ratio not verified, cross-check Musaffa/Zoya",
SHEL,ENERGY,OIL&GAS-INTEGRATED,69,91.9800033569336,0.27025353752773285,74.08;76.06;74.35;77.36;73.92;76.49;76.80;76.52;78.92;79.25;81.54;82.76;81.59;82.19;84.82;86.61;88.63;91.14;90.37;89.89;91.05;91.34;92.16;92.26;93.30;90.27;91.77;89.03;87.02;87.86;88.47;86.13;88.11;88.18;88.90;83.48;84.59;84.17;84.59;87.67;86.15;85.03;83.83;85.41;86.77;85.40;85.43;85.85;82.61;80.38;79.66;77.70;76.53;77.54;78.02;81.99;81.40;83.98;84.64;87.32;87.20;87.95;86.37;88.34;91.98,HALAL,"Business activity permissible — debt ratio not verified, cross-check Musaffa/Zoya",
TTE,ENERGY,OIL&GAS-INTEGRATED,73,87.86000061035156,0.28312093362648905,71.03;71.86;71.12;74.06;73.04;73.84;75.31;75.71;77.00;77.00;78.64;79.49;77.51;76.21;79.44;80.44;81.87;85.12;89.10;88.19;88.31;88.91;90.98;92.39;91.37;89.93;93.44;87.06;87.07;88.37;90.47;88.74;92.24;92.78;93.60;88.73;90.69;91.37;92.28;92.90;92.35;90.04;87.17;88.71;89.58;88.71;88.48;87.72;84.07;82.12;80.67;78.69;76.77;77.76;76.69;77.96;78.23;81.21;80.34;81.39;83.53;86.23;84.16;86.75;87.86,HALAL,"Business activity permissible — debt ratio not verified, cross-check Musaffa/Zoya",
EQNR,ENERGY,OIL&GAS-INTEGRATED,91,41.099998474121094,0.6428931620314988,25.69;26.29;25.35;26.17;26.88;27.21;26.97;27.04;28.56;28.74;28.86;29.53;30.93;31.44;32.10;33.19;34.89;36.57;40.10;38.97;40.03;41.11;41.77;41.33;41.64;38.16;38.80;36.45;35.11;37.27;38.22;37.66;39.66;39.31;40.94;36.54;37.83;37.89;39.48;40.79;38.67;37.74;36.55;37.32;37.95;36.94;36.59;36.75;34.26;33.76;32.87;31.60;31.03;31.40;32.04;33.91;34.01;36.06;35.87;37.37;37.59;40.99;38.48;40.95;41.10,HALAL,"Business activity permissible — debt ratio not verified, cross-check Musaffa/Zoya",
E,ENERGY,OIL&GAS-INTEGRATED,86,55.560001373291016,0.42176594033681414,40.07;40.74;39.88;40.91;41.37;41.88;41.91;42.25;42.86;43.12;43.45;45.88;45.20;45.60;47.24;48.25;50.20;52.49;53.50;52.21;53.26;54.60;55.98;56.46;56.91;55.06;55.38;53.61;51.67;52.50;54.04;53.17;54.82;55.53;55.87;52.00;54.84;54.90;54.87;55.75;55.14;53.57;52.31;53.60;54.34;53.80;53.56;54.06;51.27;49.74;49.40;47.22;46.08;46.86;46.87;47.47;47.91;49.44;48.96;49.77;50.19;51.99;50.63;53.81;55.56,HALAL,"Business activity permissible — debt ratio not verified, cross-check Musaffa/Zoya",
PBR,ENERGY,OIL&GAS-INTEGRATED,81,19.399999618530273,0.3770288836347371,14.82;15.31;14.83;14.94;14.67;15.12;15.05;14.82;15.55;15.92;16.49;16.41;16.73;16.51;17.92;18.74;18.32;19.25;19.51;19.01;19.55;20.49;20.47;20.28;20.43;20.41;21.68;20.26;20.18;20.87;20.98;20.80;21.68;21.73;21.60;20.21;20.59;19.44;19.78;20.25;19.88;19.25;18.69;18.72;18.19;17.75;17.82;18.24;17.34;16.79;17.01;16.45;16.29;16.16;16.11;16.66;17.03;17.88;17.86;17.97;18.54;19.00;18.00;18.59;19.40,HALAL,"Business activity permissible — debt ratio not verified, cross-check Musaffa/Zoya",
EC,ENERGY,OIL&GAS-INTL E&P,93,16.770000457763672,0.4082314569107899,12.46;12.17;11.73;11.71;11.65;11.48;11.32;11.38;11.98;12.07;11.98;11.33;11.14;12.01;12.23;12.92;13.20;14.03;13.95;13.63;14.19;14.30;14.28;14.42;14.01;13.25;13.45;12.55;12.91;13.48;13.75;13.07;13.78;13.92;14.20;13.00;12.79;12.87;13.09;14.01;13.86;14.86;14.77;16.25;15.58;15.15;15.88;16.26;15.69;15.67;16.25;14.59;14.72;14.24;14.70;14.69;15.39;15.88;15.98;16.09;16.53;16.33;15.80;16.40;16.77,HALAL,"Business activity permissible — debt ratio not verified, cross-check Musaffa/Zoya",
VIST,ENERGY,OIL&GAS-INTL E&P,86,70.44999694824219,0.33175793792326735,57.47;60.59;60.23;56.84;55.94;55.87;53.83;53.95;59.02;56.65;56.81;57.74;59.57;60.86;60.25;59.67;64.74;69.11;72.96;67.85;71.33;74.21;75.47;71.62;70.13;65.08;66.92;64.18;64.98;67.88;70.30;71.96;74.37;71.64;72.11;65.80;66.83;68.40;72.29;79.25;75.54;74.31;73.12;76.02;76.56;74.42;71.50;73.02;68.59;68.52;68.16;64.42;64.64;63.80;60.36;62.03;63.75;65.47;65.53;64.02;65.05;69.06;66.61;66.01;70.45,HALAL,"Business activity permissible — debt ratio not verified, cross-check Musaffa/Zoya",
TLW,ENERGY,OIL&GAS-INTL E&P,,,,,HALAL,"Business activity permissible — debt ratio not verified, cross-check Musaffa/Zoya",
CNQ,ENERGY,OIL&GAS-INTL E&P,82,47.68000030517578,0.3455280688800426,35.96;37.13;35.79;37.78;38.34;38.33;39.21;39.80;41.67;41.52;41.74;42.92;43.27;44.44;45.34;46.34;47.50;48.03;49.57;47.87;48.66;49.56;48.21;47.03;48.64;45.22;46.35;45.29;42.55;43.81;44.95;44.54;46.71;46.46;47.34;44.27;44.71;46.70;47.47;48.90;48.18;46.33;45.33;45.47;47.19;45.22;44.34;44.96;43.54;41.97;41.35;39.38;39.49;39.50;39.64;40.69;41.88;43.05;42.73;43.89;44.90;47.01;44.79;46.45;47.68,HALAL,"Business activity permissible — debt ratio not verified, cross-check Musaffa/Zoya",
SU,ENERGY,OIL&GAS-INTL E&P,87,67.27999877929688,0.3416704264829822,51.29;52.93;51.91;52.38;53.03;53.83;54.31;54.31;55.99;55.47;54.96;55.72;56.33;57.23;57.02;57.89;59.20;60.92;62.90;62.77;64.27;66.22;65.67;65.47;66.35;62.97;64.41;62.55;60.76;62.14;64.13;64.05;66.63;67.10;69.19;63.32;64.69;65.63;67.84;69.19;67.28;65.13;62.89;63.34;65.11;62.22;61.20;61.80;59.65;56.28;56.23;54.46;53.90;53.68;55.05;56.66;58.49;61.27;60.64;62.43;63.70;66.41;64.00;65.80;67.28,HALAL,"Business activity permissible — debt ratio not verified, cross-check Musaffa/Zoya",
CVE,ENERGY,OIL&GAS-INTL E&P,93,30.190000534057617,0.6275377040674524,19.25;20.15;19.23;20.04;20.33;20.97;21.08;21.33;22.86;22.29;21.69;22.05;22.11;23.03;22.55;23.42;23.07;23.42;24.75;24.65;25.79;26.67;26.38;26.41;27.04;25.52;26.16;25.31;24.37;25.46;26.30;26.63;28.59;29.11;30.28;28.30;28.97;29.51;30.65;31.62;30.13;28.76;27.88;28.08;29.32;28.06;27.50;28.32;27.11;25.60;25.67;24.69;24.81;24.81;24.65;25.21;25.98;27.61;27.36;27.95;28.79;29.72;28.04;29.07;30.19,HALAL,"Business activity permissible — debt ratio not verified, cross-check Musaffa/Zoya",
MEG,ENERGY,OIL&GAS-INTL E&P,,,,,HALAL,"Business activity permissible — debt ratio not verified, cross-check Musaffa/Zoya",
NOV,ENERGY,OIL&GAS-MACHINERY/EQUIP,70,19.43000030517578,0.07102949103548184,18.66;18.35;18.13;19.12;18.65;18.32;18.74;18.81;19.97;20.01;19.89;19.99;19.18;18.69;18.70;18.86;18.27;18.50;18.43;19.11;19.45;19.71;18.65;18.62;19.39;19.42;19.46;18.85;18.93;19.42;20.04;20.64;20.58;19.69;19.94;19.13;19.60;20.31;20.19;20.78;20.68;20.94;20.08;19.91;20.73;20.05;20.73;21.03;20.52;19.30;18.68;18.35;18.66;18.55;18.02;18.28;18.43;19.13;19.39;19.52;20.19;20.13;20.47;19.06;19.43,HALAL,"Business activity permissible — debt ratio not verified, cross-check Musaffa/Zoya",
FTI,ENERGY,OIL&GAS-MACHINERY/EQUIP,91,71.66000366210938,0.32261567159502813,55.56;55.84;56.37;56.46;58.97;60.11;60.95;61.18;61.67;64.16;66.03;66.21;66.03;64.35;63.36;64.29;62.94;65.30;66.17;67.95;70.72;71.14;69.08;70.97;73.16;73.46;74.98;71.99;70.39;72.32;72.39;75.07;76.94;75.74;74.98;70.98;71.10;72.63;71.23;73.88;71.41;71.41;67.70;68.43;67.94;66.82;68.39;70.60;68.51;67.01;67.39;64.29;64.44;66.30;66.75;68.11;70.53;73.04;72.27;72.07;74.62;76.02;75.04;71.73;71.66,HALAL,"Business activity permissible — debt ratio not verified, cross-check Musaffa/Zoya",
CHX,ENERGY,OIL&GAS-MACHINERY/EQUIP,,,,,HALAL,"Business activity permissible — debt ratio not verified, cross-check Musaffa/Zoya",
OII,ENERGY,OIL&GAS-MACHINERY/EQUIP,95,48.779998779296875,0.6722659805181044,30.97;30.40;30.53;30.97;32.19;32.77;32.24;32.36;36.18;37.22;37.92;35.50;35.17;34.44;34.99;35.34;33.28;34.55;35.07;36.29;36.13;36.33;35.47;35.56;37.49;36.45;37.43;35.77;37.45;37.82;38.01;37.99;36.00;37.07;37.66;36.58;37.93;38.87;37.84;38.01;38.48;39.05;38.29;37.44;37.99;37.15;39.01;39.80;37.89;35.50;36.19;36.29;40.03;40.52;38.50;39.88;40.68;43.22;42.66;42.28;44.65;48.02;52.17;46.58;48.78,HALAL,"Business activity permissible — debt ratio not verified, cross-check Musaffa/Zoya",
DRQ,ENERGY,OIL&GAS-MACHINERY/EQUIP,,,,,HALAL,"Business activity permissible — debt ratio not verified, cross-check Musaffa/Zoya",
WHD,ENERGY,OIL&GAS-MACHINERY/EQUIP,85,65.01000213623047,0.22192976915024887,56.17;55.60;56.45;58.19;57.71;56.60;56.76;56.71;58.47;56.35;57.71;53.73;50.09;50.55;51.58;48.44;46.25;46.37;44.83;47.61;48.58;48.27;47.26;47.67;52.06;53.82;53.04;53.14;52.55;53.20;55.24;56.80;55.64;54.66;54.54;55.99;56.39;55.93;56.82;60.65;61.95;62.59;58.14;58.01;58.80;56.62;58.00;58.57;58.07;56.74;54.22;50.98;52.01;51.23;50.42;51.96;53.97;53.47;52.99;54.50;55.19;55.39;53.89;52.32;65.01,HALAL,"Business activity permissible — debt ratio not verified, cross-check Musaffa/Zoya",
MPC,ENERGY,OIL&GAS-REFINING/MARKETING,94,316.4700012207031,0.8204462091288538,170.28;174.20;175.36;194.20;201.22;202.36;196.28;198.78;195.72;192.09;195.03;197.46;211.17;216.53;214.88;225.88;225.32;232.37;234.88;231.65;240.33;250.95;243.25;240.81;244.49;222.67;224.43;222.18;212.88;219.51;220.26;226.35;240.89;245.21;259.52;241.34;251.52;248.14;254.06;262.02;248.43;248.05;251.33;258.66;267.21;262.01;258.15;260.81;250.86;244.61;247.29;246.51;254.06;255.67;266.35;266.33;283.30;296.88;299.18;312.60;319.76;312.27;312.35;308.72;316.47,HALAL,"Business activity permissible — debt ratio not verified, cross-check Musaffa/Zoya",
VLO,ENERGY,OIL&GAS-REFINING/MARKETING,,,,,HALAL,"Business activity permissible — debt ratio not verified, cross-check Musaffa/Zoya",
PSX,ENERGY,OIL&GAS-REFINING/MARKETING,91,211.67999267578125,0.518791024538497,137.87;141.88;140.06;152.32;155.39;154.90;153.87;155.74;153.03;153.73;150.82;153.22;158.63;165.24;161.83;168.28;171.49;171.47;177.05;175.49;179.98;186.92;180.87;174.94;173.44;159.91;159.24;160.28;155.24;158.23;158.38;162.92;172.24;174.92;178.96;167.10;174.10;170.58;174.93;182.38;174.05;173.88;176.71;180.24;184.68;183.08;179.00;178.10;173.26;167.17;168.41;168.64;171.65;169.05;176.42;178.84;189.82;198.29;196.16;206.86;212.27;206.98;207.82;206.81;211.68,HALAL,"Business activity permissible — debt ratio not verified, cross-check Musaffa/Zoya",
DK,ENERGY,OIL&GAS-REFINING/MARKETING,98,67.87000274658203,1.4345579229734375,27.87;28.59;28.57;32.31;35.10;33.16;32.62;34.59;33.80;32.85;33.12;37.65;40.71;44.54;39.91;41.65;41.49;42.11;44.36;42.16;44.15;47.17;44.82;44.77;44.41;40.88;40.87;40.70;37.03;38.82;39.60;40.23;46.41;46.73;49.04;44.70;46.82;43.88;44.81;45.54;42.10;42.75;44.39;45.96;47.18;48.28;46.55;47.07;44.73;42.34;42.88;44.41;47.82;50.81;52.61;52.32;56.09;58.01;59.62;63.25;67.19;64.78;64.44;64.92;67.87,HALAL,"Business activity permissible — debt ratio not verified, cross-check Musaffa/Zoya",
PBF,ENERGY,OIL&GAS-REFINING/MARKETING,98,72.27999877929688,1.195262332310572,32.56;32.78;32.00;34.78;34.99;33.98;33.18;33.47;33.41;33.82;34.75;35.36;39.49;45.35;37.86;41.71;43.21;44.25;46.52;46.28;49.02;50.89;47.30;45.09;45.87;40.28;40.36;40.26;36.91;40.42;40.69;40.50;42.84;42.71;45.88;40.32;42.23;40.65;42.30;42.76;39.07;38.26;39.82;41.83;42.55;42.50;40.36;41.13;39.66;37.77;39.29;40.34;43.11;45.52;47.81;48.46;53.31;57.44;58.76;62.75;66.05;61.95;62.76;63.35;72.28,HALAL,"Business activity permissible — debt ratio not verified, cross-check Musaffa/Zoya",
CVI,ENERGY,OIL&GAS-REFINING/MARKETING,,,,,HALAL,"Business activity permissible — debt ratio not verified, cross-check Musaffa/Zoya",
HFC,ENERGY,OIL&GAS-REFINING/MARKETING,,,,,HALAL,"Business activity permissible — debt ratio not verified, cross-check Musaffa/Zoya",
PARR,ENERGY,OIL&GAS-REFINING/MARKETING,97,86.02999877929688,1.4433399891008647,35.08;36.47;37.73;40.27;43.30;42.27;41.41;43.03;42.31;40.71;38.53;42.67;45.76;49.97;46.98;50.92;53.82;52.94;58.02;57.20;61.46;65.67;62.64;64.89;64.61;59.46;65.81;62.20;57.33;61.56;63.79;64.35;66.46;65.35;69.20;62.25;64.50;60.52;58.30;61.63;57.80;56.40;56.48;57.10;57.19;55.66;54.64;55.38;53.48;50.85;51.05;51.26;54.63;56.08;58.49;61.46;65.54;70.92;73.21;76.25;80.40;77.61;78.64;83.07;86.03,HALAL,"Business activity permissible — debt ratio not verified, cross-check Musaffa/Zoya",
ENB,ENERGY,OIL&GAS-TRANSPORT/PIPELINE,59,54.459999084472656,0.15958869272117449,46.79;47.98;47.04;48.87;49.03;49.78;50.51;50.79;50.94;51.69;51.75;52.47;53.65;53.20;53.26;52.97;53.40;53.37;53.39;53.48;53.79;53.89;53.46;53.47;53.70;53.81;52.80;51.95;52.01;51.20;51.84;51.79;52.75;54.14;54.22;53.31;53.78;54.50;55.31;56.79;57.79;57.01;55.56;54.93;55.81;56.31;55.54;56.46;55.94;54.47;54.80;55.29;56.24;54.21;54.08;55.05;54.59;55.07;56.15;56.71;55.46;56.40;55.35;55.14;54.46,HALAL,"Business activity permissible — debt ratio not verified, cross-check Musaffa/Zoya",
TRP,ENERGY,OIL&GAS-TRANSPORT/PIPELINE,72,67.43000030517578,0.22166686859179996,56.63;58.12;57.27;58.17;58.69;58.64;60.24;61.03;61.33;61.93;62.04;63.15;63.56;62.60;62.15;61.94;62.49;62.74;62.98;62.72;62.84;62.26;62.04;62.79;62.87;63.60;61.92;60.33;60.07;59.52;60.32;61.35;63.38;65.97;65.65;64.51;64.92;66.45;67.62;68.76;69.92;68.90;67.02;65.53;67.19;68.06;67.55;68.68;68.45;67.31;67.81;68.73;69.02;66.29;66.47;68.80;67.96;67.94;69.08;69.76;68.67;69.98;68.34;67.28;67.43,HALAL,"Business activity permissible — debt ratio not verified, cross-check Musaffa/Zoya",
KMI,ENERGY,OIL&GAS-TRANSPORT/PIPELINE,55,32.18000030517578,0.10898363755647189,29.04;29.68;29.34;29.78;30.22;30.73;31.40;31.84;32.24;32.40;32.47;32.97;33.65;33.08;32.99;32.78;33.08;32.97;33.13;33.40;33.67;33.72;33.22;32.67;32.99;32.67;31.78;31.41;31.73;31.28;31.44;30.67;31.55;32.23;32.29;31.52;32.25;32.81;33.63;34.31;33.50;32.87;31.91;30.85;31.37;31.68;31.34;31.36;31.46;31.33;32.25;32.59;33.19;31.97;32.06;32.49;32.40;32.24;32.20;32.30;32.38;32.77;31.75;31.85;32.18,HALAL,"Business activity permissible — debt ratio not verified, cross-check Musaffa/Zoya",
WMB,ENERGY,OIL&GAS-TRANSPORT/PIPELINE,52,71.54000091552734,0.117404906867145,64.54;66.27;65.38;65.50;65.96;67.85;70.10;70.92;71.13;71.93;72.90;73.64;74.79;73.69;72.12;73.33;72.80;73.15;73.52;73.06;73.27;73.04;72.25;71.47;73.50;72.29;71.02;70.24;70.63;69.91;71.12;71.09;72.78;74.99;75.56;72.42;73.64;75.16;77.15;78.82;76.95;75.78;72.59;69.53;71.13;71.43;71.07;71.10;71.49;71.25;74.95;75.87;77.92;74.34;73.14;75.08;75.45;74.46;74.38;73.38;73.36;75.25;70.79;70.13;71.54,HALAL,"Business activity permissible — debt ratio not verified, cross-check Musaffa/Zoya",
OKE,ENERGY,OIL&GAS-TRANSPORT/PIPELINE,62,90.80999755859375,0.19431975443024152,75.78;76.58;74.43;79.39;80.87;82.47;83.60;84.60;85.85;86.30;81.31;81.79;83.78;84.59;84.94;84.74;84.35;85.53;87.34;88.86;91.03;92.85;89.32;87.25;89.56;85.16;84.32;83.10;82.52;83.69;86.18;86.71;88.26;89.29;90.02;85.87;87.79;88.79;92.32;95.24;92.62;90.44;87.02;84.95;86.75;88.25;87.79;89.20;87.45;85.58;86.29;87.31;89.22;86.94;87.83;90.67;89.50;92.19;91.03;93.52;91.83;93.23;89.46;90.00;90.81,HALAL,"Business activity permissible — debt ratio not verified, cross-check Musaffa/Zoya",
ET,ENERGY,OIL&GAS-TRANSPORT/PIPELINE,64,20.360000610351562,0.17287509931444878,17.32;17.88;17.50;17.73;17.64;17.80;17.95;18.29;18.58;18.50;18.27;18.52;18.54;18.35;18.27;18.43;18.43;18.47;18.64;18.74;18.82;19.34;18.97;18.61;18.80;18.77;18.53;18.39;18.54;18.64;18.83;18.73;19.42;19.60;20.04;19.58;19.61;20.10;20.15;20.39;20.01;19.60;19.42;19.27;19.55;19.39;19.06;18.76;18.91;18.75;18.89;18.94;19.17;19.12;19.33;19.81;19.79;20.18;19.91;20.32;20.25;20.42;19.91;20.20;20.36,HALAL,"Business activity permissible — debt ratio not verified, cross-check Musaffa/Zoya",
EPD,ENERGY,OIL&GAS-TRANSPORT/PIPELINE,63,38.04999923706055,0.1873431614182297,32.17;33.08;32.63;34.70;34.42;34.69;34.92;36.23;35.67;35.84;35.41;35.63;36.85;36.76;36.56;36.67;36.47;37.01;36.92;37.57;38.45;38.72;37.30;37.04;37.87;36.99;36.89;36.57;36.15;36.68;37.30;37.68;38.24;38.03;38.50;37.73;37.90;38.29;39.23;39.80;39.47;38.40;37.50;37.21;37.99;37.81;37.35;37.28;36.50;36.52;36.42;36.09;36.57;36.76;36.75;37.64;37.29;38.31;37.52;38.20;38.56;38.80;38.12;38.67;38.05,HALAL,"Business activity permissible — debt ratio not verified, cross-check Musaffa/Zoya",
MPLX,ENERGY,OIL&GAS-TRANSPORT/PIPELINE,,,,,HALAL,"Business activity permissible — debt ratio not verified, cross-check Musaffa/Zoya",
PAA,ENERGY,OIL&GAS-TRANSPORT/PIPELINE,82,24.56999969482422,0.3323168562270289,18.79;18.92;18.85;19.44;19.05;19.12;19.42;20.06;20.32;20.44;20.08;20.53;21.00;21.60;21.27;21.16;20.93;21.20;21.36;21.38;21.75;22.03;21.92;21.74;21.85;21.49;21.35;21.17;20.64;20.68;21.08;21.48;22.23;22.36;22.58;22.09;21.99;21.89;22.90;23.62;23.68;23.56;22.80;22.93;22.91;22.60;22.47;22.48;21.94;21.58;21.48;21.47;21.85;22.26;22.51;22.68;22.83;23.54;23.35;23.87;24.29;24.69;24.29;24.89;24.57,HALAL,"Business activity permissible — debt ratio not verified, cross-check Musaffa/Zoya",
TRGP,ENERGY,OIL&GAS-TRANSPORT/PIPELINE,89,270.3699951171875,0.4260208594255892,193.10;199.52;197.68;203.42;210.38;215.98;217.17;223.17;223.04;230.71;228.99;234.62;242.82;237.82;233.57;235.34;238.85;239.64;238.33;238.72;244.23;248.98;249.48;243.17;249.73;243.53;239.31;237.56;234.32;231.49;238.71;240.08;248.89;254.28;259.72;252.44;253.18;263.29;271.99;276.20;270.24;269.89;262.13;259.08;262.69;264.09;264.17;269.37;262.33;260.74;264.51;266.32;272.61;268.14;258.88;273.81;273.02;279.40;278.16;282.91;280.22;285.58;267.64;264.67;270.37,HALAL,"Business activity permissible — debt ratio not verified, cross-check Musaffa/Zoya",
COP,ENERGY,OIL&GAS-US E&P,67,120.4800033569336,0.2437206757140864,98.37;101.25;100.26;105.97;106.00;105.88;109.16;107.14;110.77;109.07;109.20;112.62;117.65;115.96;116.17;116.17;120.99;121.96;125.09;126.25;127.98;132.81;131.03;129.56;130.80;122.56;122.71;118.04;115.18;119.37;123.45;120.78;127.30;122.28;122.41;114.03;115.55;117.40;122.41;125.11;120.55;116.57;114.99;115.58;119.05;117.14;116.79;115.36;112.26;111.21;109.70;106.92;105.96;103.96;104.73;108.44;108.02;112.85;111.46;114.71;117.50;120.20;115.58;118.06;120.48,HALAL,"Business activity permissible — debt ratio not verified, cross-check Musaffa/Zoya",
EOG,ENERGY,OIL&GAS-US E&P,77,148.69000244140625,0.3934877986225924,106.96;110.40;106.78;112.95;111.99;111.01;116.08;117.95;122.01;120.47;120.66;122.22;126.09;129.06;129.69;130.52;131.59;133.68;136.74;137.58;141.06;147.31;142.40;140.50;142.06;134.53;134.90;130.40;127.48;131.45;132.88;132.24;138.10;137.93;139.78;129.93;132.33;133.94;139.23;143.24;138.95;135.20;133.59;135.61;140.46;136.76;136.32;135.52;131.01;132.27;131.85;133.46;131.62;128.77;129.82;133.55;132.56;138.58;136.46;139.89;143.44;145.49;140.31;145.94;148.69,HALAL,"Business activity permissible — debt ratio not verified, cross-check Musaffa/Zoya",
PXD,ENERGY,OIL&GAS-US E&P,,,,,HALAL,"Business activity permissible — debt ratio not verified, cross-check Musaffa/Zoya",
OXY,ENERGY,OIL&GAS-US E&P,68,57.06999969482422,0.3062545342848031,44.14;45.00;43.39;46.26;45.88;45.84;45.07;45.51;51.05;51.94;50.47;52.59;53.18;52.74;54.51;55.32;57.61;57.46;59.31;60.03;61.57;65.02;64.70;62.68;62.65;58.26;57.79;55.57;53.54;56.07;57.56;57.01;60.48;58.44;59.07;53.69;54.89;55.92;59.35;60.42;58.56;57.20;57.06;58.65;59.37;56.67;56.29;55.47;54.46;53.04;52.00;51.09;49.99;48.57;48.91;51.68;52.30;54.81;53.77;54.86;56.50;57.60;54.93;56.03;57.07,HALAL,"Business activity permissible — debt ratio not verified, cross-check Musaffa/Zoya",
DVN,ENERGY,OIL&GAS-US E&P,65,45.130001068115234,0.1824117220938033,38.97;39.45;39.65;42.86;43.27;42.95;43.42;43.50;44.11;43.14;42.10;43.00;43.46;43.98;44.27;44.81;45.92;47.09;48.45;48.15;50.05;51.70;49.96;49.14;49.60;47.54;46.94;44.91;43.92;45.28;47.81;47.86;50.72;50.20;50.63;44.99;46.40;46.57;49.14;49.34;46.78;44.82;43.80;45.98;45.85;43.97;43.76;44.29;43.53;42.58;43.05;42.74;42.21;41.32;40.47;42.41;42.02;43.73;42.93;43.83;44.10;45.29;43.16;44.46;45.13,HALAL,"Business activity permissible — debt ratio not verified, cross-check Musaffa/Zoya",
FANG,ENERGY,OIL&GAS-US E&P,76,202.9499969482422,0.33285302434824837,157.31;161.21;156.83;167.07;165.03;163.01;165.51;166.67;172.73;171.84;165.86;172.10;175.51;178.06;181.86;175.67;181.37;186.20;189.27;190.73;194.95;200.74;196.71;192.82;194.43;185.29;188.07;184.85;179.28;188.76;194.52;195.35;204.20;206.51;205.05;189.41;195.08;200.00;203.56;207.77;200.97;195.13;194.14;199.03;210.59;192.62;194.24;191.59;189.96;185.48;187.80;183.48;179.91;175.78;172.04;180.56;182.00;191.60;189.76;195.54;199.80;205.49;195.80;199.13;202.95,HALAL,"Business activity permissible — debt ratio not verified, cross-check Musaffa/Zoya",
MRO,ENERGY,OIL&GAS-US E&P,,,,,HALAL,"Business activity permissible — debt ratio not verified, cross-check Musaffa/Zoya",
APA,ENERGY,OIL&GAS-US E&P,90,37.31999969482422,0.46644290523520504,25.48;25.90;25.54;27.01;27.09;27.08;26.55;26.97;28.68;28.33;27.46;29.96;31.42;31.94;32.15;32.52;34.00;35.38;37.54;38.50;40.76;43.79;41.86;41.47;42.38;38.44;38.95;36.10;35.25;37.09;38.39;38.16;40.04;39.85;41.19;35.99;36.44;36.71;38.71;40.62;38.07;37.24;36.27;37.49;38.06;36.31;36.35;36.52;34.53;33.69;33.96;33.10;32.78;32.34;32.13;33.76;33.06;34.43;34.03;34.97;35.52;36.42;34.74;36.70;37.32,HALAL,"Business activity permissible — debt ratio not verified, cross-check Musaffa/Zoya",
OVV,ENERGY,OIL&GAS-US E&P,89,62.459999084472656,0.5390705125584043,42.31;43.01;42.03;45.62;46.03;46.13;45.48;45.59;50.13;50.29;48.80;50.05;51.24;52.07;53.15;54.47;55.04;55.15;56.68;56.64;59.83;61.76;59.05;58.87;60.41;55.87;56.06;54.75;52.53;54.62;56.28;56.64;60.77;60.53;62.75;58.01;58.78;57.49;59.69;60.57;58.56;56.18;55.52;57.84;58.93;56.40;56.29;56.23;54.31;53.61;54.62;52.76;53.19;52.65;52.96;54.97;55.05;56.51;56.05;57.79;59.37;61.39;60.08;61.28;62.46,HALAL,"Business activity permissible — debt ratio not verified, cross-check Musaffa/Zoya",
MUR,ENERGY,OIL&GAS-US E&P,79,39.7400016784668,0.2822703672494338,31.21;30.49;29.05;31.10;31.50;31.79;32.28;31.66;33.77;32.70;31.24;32.86;34.57;33.97;33.37;33.71;36.49;36.47;37.77;37.29;39.63;41.76;40.89;40.73;42.37;37.48;38.68;37.89;36.55;37.73;39.22;39.02;41.47;40.38;41.31;37.94;37.30;38.13;40.29;40.34;37.77;36.48;36.19;37.31;39.17;38.67;38.63;38.49;36.45;35.27;34.42;35.18;34.62;32.56;31.88;32.88;33.61;34.90;34.64;36.83;37.30;39.40;37.50;38.69;39.74,HALAL,"Business activity permissible — debt ratio not verified, cross-check Musaffa/Zoya",
CIVI,ENERGY,OIL&GAS-US E&P,,,,,HALAL,"Business activity permissible — debt ratio not verified, cross-check Musaffa/Zoya",
AR,ENERGY,OIL&GAS-US E&P,36,36.13999938964844,0.053951543444939576,34.38;35.30;33.60;34.22;34.37;33.80;33.81;33.63;35.03;34.00;34.41;36.81;37.59;38.91;39.09;39.67;40.99;41.13;43.30;42.56;44.67;45.15;42.44;40.45;40.66;38.21;37.21;36.34;36.68;37.16;38.20;38.19;39.01;38.89;39.13;36.37;36.59;36.74;38.24;38.98;37.04;35.80;35.81;36.76;36.53;35.56;34.66;34.22;34.03;33.90;34.03;34.71;35.17;35.14;35.38;35.24;34.49;34.28;33.58;33.57;33.86;35.07;33.85;35.14;36.14,HALAL,"Business activity permissible — debt ratio not verified, cross-check Musaffa/Zoya",
CHRD,ENERGY,OIL&GAS-US E&P,80,140.3800048828125,0.497967107861371,96.18;97.33;94.77;99.23;100.93;98.52;97.55;97.54;102.99;103.25;101.73;106.31;110.20;117.02;120.88;122.43;122.38;125.97;129.35;129.61;137.06;144.09;140.94;140.77;144.12;131.63;133.59;128.77;122.51;130.00;135.97;136.49;144.85;143.80;147.86;136.55;138.85;140.80;147.10;148.35;142.85;137.86;133.89;138.00;140.62;134.79;134.07;133.74;127.60;126.97;124.45;119.93;116.59;114.30;113.32;116.84;118.48;122.36;123.44;128.10;134.19;138.89;131.80;136.47;140.38,HALAL,"Business activity permissible — debt ratio not verified, cross-check Musaffa/Zoya",
MTDR,ENERGY,OIL&GAS-US E&P,34,49.88999938964844,0.17865520067808194,42.72;44.14;43.05;46.29;46.68;46.25;46.17;46.71;51.33;50.43;49.04;51.05;53.14;54.64;55.77;55.86;56.74;57.23;56.68;58.45;60.64;65.01;62.75;62.48;64.05;59.36;59.90;56.68;55.22;58.57;60.66;60.78;62.48;61.94;62.51;55.19;56.33;57.31;60.34;61.71;56.09;53.78;53.83;56.07;56.54;53.57;53.73;53.62;51.38;50.40;50.66;50.09;49.90;49.78;50.18;52.14;51.38;53.11;52.64;53.80;54.08;51.71;47.17;48.66;49.89,HALAL,"Business activity permissible — debt ratio not verified, cross-check Musaffa/Zoya",
PR,ENERGY,OIL&GAS-US E&P,87,21.309999465942383,0.46632348349598507,15.04;15.78;15.48;16.33;16.65;16.58;16.58;16.71;17.58;17.45;17.32;17.98;18.08;18.53;18.84;19.03;19.03;19.33;19.80;19.75;20.74;21.47;21.14;21.00;21.21;20.21;20.39;19.92;19.26;19.74;20.68;20.46;21.47;21.91;22.22;19.91;19.98;20.07;20.66;21.04;20.26;19.46;19.16;19.50;20.01;19.01;19.04;19.10;18.74;18.56;19.00;18.70;18.72;18.41;18.20;19.09;19.06;19.62;19.59;20.21;20.98;21.37;20.25;20.75;21.31,HALAL,"Business activity permissible — debt ratio not verified, cross-check Musaffa/Zoya",
VTLE,ENERGY,OIL&GAS-US E&P,,,,,HALAL,"Business activity permissible — debt ratio not verified, cross-check Musaffa/Zoya",
SYF,FINANCE,FINANCE-CONSUMER LOANS,40,75.79000091552734,-0.002645803841249794,72.41;72.78;72.93;74.61;74.86;73.60;70.82;72.02;71.97;68.60;72.52;68.83;68.38;68.69;66.85;64.95;63.52;64.89;65.25;66.28;67.36;65.10;67.75;68.14;68.57;72.20;73.49;75.68;78.02;77.32;76.31;76.44;74.82;75.45;73.78;74.00;70.28;69.81;71.38;69.39;72.00;71.90;71.47;70.82;68.72;70.84;72.33;72.33;74.61;74.11;75.71;76.32;78.66;76.05;76.33;75.52;71.57;73.21;74.04;73.62;72.21;71.77;75.31;74.97;75.79,HARAM,Synchrony — consumer credit,
DFS,FINANCE,FINANCE-CONSUMER LOANS,,,,,HARAM,Discover — credit-card lender,
ALLY,FINANCE,FINANCE-CONSUMER LOANS,43,43.33000183105469,0.06875657581635153,42.30;42.37;41.88;43.05;42.02;42.10;40.55;41.01;41.62;39.70;41.21;39.17;39.61;39.63;38.18;36.60;35.90;37.11;37.83;38.95;38.96;37.53;38.96;39.57;40.02;41.52;41.66;41.95;45.05;45.39;44.72;44.10;43.51;43.41;43.21;43.79;42.74;41.71;41.99;40.85;42.75;42.74;42.80;42.05;40.93;42.77;43.35;43.49;45.44;45.50;45.57;45.56;47.17;45.95;45.32;45.40;45.11;45.12;46.34;45.64;44.43;43.97;43.68;42.95;43.33,HARAM,Ally — auto-loan bank,
OMF,FINANCE,FINANCE-CONSUMER LOANS,54,62.58000183105469,0.007952237544119,62.77;63.67;62.95;60.87;59.37;59.49;55.01;55.37;56.45;53.15;55.31;53.99;53.90;53.99;52.94;52.79;51.09;49.48;50.05;51.67;52.09;50.58;52.49;53.06;52.82;55.58;55.79;56.58;58.15;57.81;57.90;57.88;56.83;55.53;54.02;54.65;53.17;52.44;53.52;52.90;53.75;53.79;54.06;54.76;53.41;55.36;55.80;56.72;57.67;57.61;58.23;58.58;60.44;60.97;59.50;59.62;58.84;59.25;60.58;60.30;60.00;58.78;61.26;62.94;62.58,HARAM,Group classification: FINANCE-CONSUMER LOANS,
WRLD,FINANCE,FINANCE-CONSUMER LOANS,60,179.80999755859375,0.2928529996499081,117.51;119.53;123.20;118.36;123.09;121.28;127.88;134.65;133.92;127.20;133.91;134.88;140.49;145.71;137.66;135.15;133.81;138.70;133.29;136.31;127.52;130.50;135.04;139.86;145.61;154.37;140.95;134.55;141.38;147.76;152.08;153.59;153.25;152.02;141.15;149.53;148.23;149.88;153.17;156.50;158.11;166.42;161.51;167.71;166.21;167.30;169.50;176.97;173.15;173.40;181.73;194.76;213.77;223.83;207.98;199.11;203.43;196.29;194.54;192.06;188.82;181.08;195.83;185.56;179.81,HARAM,Group classification: FINANCE-CONSUMER LOANS,
CURO,FINANCE,FINANCE-CONSUMER LOANS,,,,,HARAM,Group classification: FINANCE-CONSUMER LOANS,
ENVA,FINANCE,FINANCE-CONSUMER LOANS,96,254.13999938964844,0.6130751790982778,157.70;165.10;172.37;155.72;161.10;157.79;148.44;148.36;145.03;136.24;144.43;139.05;141.43;142.01;138.91;139.45;134.11;137.21;136.97;137.34;136.66;129.71;135.83;136.88;139.78;145.05;150.71;156.22;162.81;163.49;169.42;173.60;168.58;170.93;169.28;172.50;168.90;163.24;164.02;160.71;160.91;159.05;158.90;164.33;158.90;168.82;179.41;189.59;189.16;197.30;204.74;216.58;231.04;240.73;235.19;237.00;236.40;232.01;235.66;232.52;228.46;217.80;251.96;244.71;254.14,HARAM,Group classification: FINANCE-CONSUMER LOANS,
V,FINANCE,FINANCE-CREDIT CARD/PAYMENT,57,366.1300048828125,0.12712495927361034,323.92;330.43;332.46;328.59;330.21;327.49;323.51;318.84;318.27;305.89;312.34;319.48;320.17;319.14;315.32;308.32;306.50;307.82;299.09;303.81;304.28;294.91;301.61;300.18;301.92;307.65;308.75;315.26;316.36;309.30;308.24;309.01;334.17;327.35;321.36;320.62;323.19;320.31;325.75;329.91;331.12;326.48;324.95;322.77;312.40;323.57;325.05;319.05;323.82;330.38;326.60;332.23;336.23;343.09;362.13;352.20;348.20;357.75;355.14;358.56;355.82;351.60;362.53;368.73;366.13,HALAL,"Payment network — fee-based revenue, no lending — debt ratio not verified, cross-check Musaffa/Zoya",
MA,FINANCE,FINANCE-CREDIT CARD/PAYMENT,50,573.0999755859375,0.09587069811867743,518.65;541.89;553.49;551.65;546.88;538.56;525.67;520.16;518.50;494.35;507.67;515.46;522.54;522.88;515.97;502.29;496.30;504.86;489.48;498.69;501.06;482.60;497.97;491.77;496.59;502.73;507.73;519.09;520.43;510.49;501.54;505.58;524.35;494.63;496.25;500.10;496.98;489.82;493.37;498.86;498.78;492.18;492.92;494.42;470.76;490.26;494.41;485.70;489.82;492.16;483.28;493.58;498.18;512.74;538.49;530.73;523.20;537.70;535.21;543.60;538.30;530.29;551.71;563.32;573.10,HALAL,"Payment network — fee-based revenue, no lending — debt ratio not verified, cross-check Musaffa/Zoya",
AXP,FINANCE,FINANCE-CREDIT CARD/PAYMENT,39,336.25,-0.06484462737866159,357.34;356.39;350.76;351.59;357.04;361.07;340.87;342.51;340.64;319.35;325.17;307.09;306.01;305.41;303.59;304.19;298.20;298.51;293.20;300.14;298.48;290.55;300.70;299.36;306.19;316.90;322.94;328.16;330.78;328.89;317.68;317.97;314.79;318.81;315.09;317.82;311.47;308.76;312.62;308.47;308.85;309.87;314.26;312.68;299.75;309.81;317.51;317.62;334.46;339.61;337.15;341.62;339.43;337.33;351.96;349.58;346.72;354.43;358.44;355.35;350.79;340.84;335.39;331.50;336.25,HARAM,Charge card with interest-based credit operations,
PYPL,FINANCE,FINANCE-CREDIT CARD/PAYMENT,31,57.209999084472656,0.01682040299078502,55.16;52.78;52.00;40.77;40.17;41.23;38.83;40.55;41.47;43.77;47.02;45.92;46.09;47.48;46.01;45.42;44.75;45.98;44.04;45.34;44.70;43.45;45.08;45.19;44.72;45.83;47.35;49.41;50.64;50.71;49.59;49.61;50.77;50.27;46.34;46.07;44.92;45.08;44.26;43.69;44.15;44.01;44.31;45.04;42.47;41.29;41.46;41.24;42.49;42.08;42.34;42.48;44.29;43.18;45.47;45.65;45.32;47.65;55.52;56.56;55.85;56.00;56.07;58.35;57.21,QUESTIONABLE,Mixed: fee revenue plus credit/BNPL exposure,
FIS,FINANCE,FINANCE-CREDIT CARD/PAYMENT,9,44.77000045776367,-0.24511496955101142,56.92;54.11;54.97;50.55;50.91;49.55;46.02;46.58;48.03;46.52;48.10;49.96;49.28;49.58;50.60;49.59;49.14;49.66;48.70;49.21;47.06;46.36;46.38;45.77;45.69;44.78;45.91;47.77;47.95;47.15;45.22;45.09;45.70;46.01;46.08;46.72;41.88;42.12;41.33;43.01;43.13;41.74;41.74;43.11;40.40;40.49;39.53;38.35;38.97;38.58;37.72;38.66;38.57;38.88;41.80;42.60;41.61;41.93;41.10;41.91;41.58;40.04;43.16;46.81;44.77,HALAL,"Fidelity National Information — bank tech, fee revenue — debt ratio not verified, cross-check Musaffa/Zoya",
FISV,FINANCE,FINANCE-CREDIT CARD/PAYMENT,5,53.939998626708984,-0.20159857051611574,66.29;63.43;62.94;59.72;60.00;62.59;58.82;63.45;61.53;58.40;61.61;62.29;62.89;63.86;61.29;58.50;56.74;58.21;57.02;57.71;56.64;53.90;55.80;56.16;55.32;56.41;58.79;61.29;63.97;63.26;61.55;61.27;62.02;62.14;57.28;56.81;54.39;52.37;55.33;56.03;55.82;55.61;55.83;59.05;55.08;54.43;54.03;53.06;47.91;48.77;47.18;48.19;49.45;49.05;52.33;52.71;51.65;51.18;50.36;50.63;50.61;49.97;52.31;55.63;53.94,HALAL,"Fiserv — payment/fintech infrastructure — debt ratio not verified, cross-check Musaffa/Zoya",
GPN,FINANCE,FINANCE-CREDIT CARD/PAYMENT,58,84.08000183105469,0.12590789804509162,73.24;70.84;71.48;70.30;72.34;72.76;68.48;69.28;79.68;78.93;77.39;75.92;77.15;77.74;74.51;72.57;68.41;72.14;67.92;70.79;70.50;65.65;67.04;63.81;62.46;65.63;67.88;69.90;72.09;71.32;67.60;68.07;70.70;72.08;69.20;69.86;68.51;66.75;67.32;67.68;72.31;73.00;73.67;75.17;67.59;66.07;63.57;65.19;67.48;66.36;65.09;67.08;69.80;72.56;78.63;77.59;74.38;76.85;78.22;77.82;80.07;77.86;84.06;88.27;84.08,HALAL,"Global Payments — pure payment processor — debt ratio not verified, cross-check Musaffa/Zoya",
SQ,FINANCE,FINANCE-CREDIT CARD/PAYMENT,,,,,QUESTIONABLE,"Square: fee-based core, some lending exposure",
AFRM,FINANCE,FINANCE-CREDIT CARD/PAYMENT,46,71.51000213623047,0.0011200032299159002,68.79;62.80;61.99;62.16;57.03;59.65;49.76;51.60;51.82;47.13;47.98;46.98;47.83;52.50;50.81;50.79;46.88;47.56;44.43;46.16;45.05;42.53;45.82;46.31;47.40;49.01;51.97;59.62;64.50;64.60;62.98;65.13;63.48;67.54;66.81;67.36;66.45;63.53;65.82;65.30;67.18;69.27;73.00;72.91;66.27;63.61;65.11;66.49;71.90;70.73;72.20;77.66;79.49;81.55;84.58;83.62;83.78;81.93;81.71;76.07;74.72;71.21;73.05;70.11;71.51,HARAM,Pure BNPL/lending business model,
TOST,FINANCE,FINANCE-CREDIT CARD/PAYMENT,25,32.27000045776367,-0.04526623709562938,32.48;31.09;31.52;28.32;27.73;29.47;26.14;27.66;27.64;25.07;26.81;27.31;29.11;30.51;29.49;28.70;27.60;28.39;27.40;27.56;26.81;25.64;26.51;26.47;25.97;25.96;27.15;28.16;29.08;28.67;27.92;28.65;28.62;29.11;28.54;29.38;24.19;22.33;23.05;23.22;23.04;23.32;24.96;27.74;25.07;24.64;25.00;24.69;25.05;24.41;24.26;26.02;27.08;27.82;28.82;29.61;28.85;29.96;30.39;30.08;30.37;28.40;30.84;32.60;32.27,HALAL,"Toast — restaurant tech/payments — debt ratio not verified, cross-check Musaffa/Zoya",
GS,FINANCE,FINANCE-INVESTMENT BANKS/BROKERS,72,1018.3800048828125,0.11902670363951295,920.79;931.09;937.25;904.53;919.83;939.88;895.87;907.25;907.85;883.74;912.53;851.32;858.80;831.79;828.38;820.15;778.78;803.50;805.95;827.62;838.15;799.37;842.28;859.25;860.36;899.75;886.88;895.54;921.89;922.48;927.21;933.70;901.63;919.66;914.86;921.81;940.71;951.23;944.31;924.66;983.83;990.16;1003.95;1048.58;1041.02;1038.68;1032.01;1035.64;1076.17;1099.14;1106.37;1076.91;1019.61;1011.37;1021.00;1042.98;1055.97;1045.91;1152.07;1065.22;1085.56;1074.72;1048.23;980.75;1018.38,HARAM,Group classification: FINANCE-INVESTMENT BANKS/BROKERS,
MS,FINANCE,FINANCE-INVESTMENT BANKS/BROKERS,75,210.4199981689453,0.1883630929272666,180.69;180.43;184.11;179.12;179.00;176.94;167.16;170.62;173.44;165.91;172.80;165.62;165.06;161.68;159.59;160.03;154.04;156.99;157.70;163.44;164.76;157.54;163.69;164.92;167.53;177.21;180.17;190.60;187.81;188.30;187.64;189.16;186.08;190.17;189.25;190.17;191.10;193.83;192.51;189.58;200.51;201.76;203.79;211.01;210.14;211.93;210.25;212.66;217.98;224.96;227.09;219.86;212.03;209.04;213.93;222.04;222.13;221.09;228.55;215.50;216.40;215.18;214.56;203.13;210.42,HARAM,Group classification: FINANCE-INVESTMENT BANKS/BROKERS,
SCHW,FINANCE,FINANCE-INVESTMENT BANKS/BROKERS,56,105.23999786376953,0.03713345208398988,103.00;102.75;104.44;103.16;104.35;98.56;94.42;92.75;93.53;92.42;95.01;94.86;94.90;95.07;94.04;92.34;92.73;93.59;93.65;94.96;94.65;92.03;93.64;93.43;93.01;96.92;96.44;99.91;91.95;91.64;88.60;90.44;90.83;91.21;92.07;89.18;87.83;91.17;90.88;91.81;90.41;89.40;85.35;88.74;86.59;88.84;88.77;88.70;90.95;94.51;92.03;91.39;90.67;92.27;97.00;101.93;101.91;102.38;102.79;101.56;99.96;101.61;104.18;104.47;105.24,HARAM,Group classification: FINANCE-INVESTMENT BANKS/BROKERS,
JEF,FINANCE,FINANCE-INVESTMENT BANKS/BROKERS,42,54.599998474121094,-0.11034927885335566,61.29;60.28;59.46;57.98;58.05;59.19;53.27;51.58;52.74;49.94;50.30;44.06;44.33;43.94;37.87;38.41;36.08;37.79;37.92;39.25;39.34;39.54;40.95;41.35;41.73;44.76;45.86;46.48;47.72;47.26;45.34;47.50;47.10;48.91;49.68;51.07;52.03;52.91;51.83;51.06;52.45;51.95;52.47;53.19;52.83;55.69;59.03;59.66;61.95;61.88;62.81;57.94;49.10;49.98;52.62;52.81;52.46;52.59;57.13;54.87;56.74;55.58;56.24;55.10;54.60,HARAM,Group classification: FINANCE-INVESTMENT BANKS/BROKERS,
EVR,FINANCE,FINANCE-INVESTMENT BANKS/BROKERS,29,320.55999755859375,-0.1099107233874016,361.65;354.08;352.86;354.53;355.90;360.32;317.53;318.37;325.19;303.70;317.30;308.05;306.98;301.99;285.05;287.59;267.55;277.98;274.18;278.40;286.13;278.33;297.74;304.17;306.12;334.10;349.64;356.13;361.98;352.53;347.09;346.90;323.31;315.98;325.49;330.43;334.52;335.49;332.70;322.43;345.37;343.00;346.03;346.97;340.09;339.43;357.11;355.10;365.53;367.04;374.04;353.19;342.02;341.44;342.64;346.87;339.75;334.15;353.65;341.54;340.52;334.80;340.11;304.71;320.56,HARAM,Group classification: FINANCE-INVESTMENT BANKS/BROKERS,
LAZ,FINANCE,FINANCE-INVESTMENT BANKS/BROKERS,14,42.380001068115234,-0.158931491112831,51.76;52.76;52.77;54.19;55.71;56.38;51.45;51.14;50.56;48.81;51.13;50.07;48.65;45.82;42.73;43.70;40.11;40.10;39.43;39.74;40.47;38.70;42.04;41.05;40.76;45.50;47.74;48.71;48.53;48.21;46.55;48.77;46.99;44.66;44.63;45.96;45.98;45.25;45.23;45.40;47.68;48.92;48.93;48.56;47.08;46.36;47.30;42.92;44.06;43.20;43.65;40.49;40.12;41.94;41.54;41.74;41.70;41.10;45.03;43.16;43.51;43.05;42.99;40.67;42.38,HARAM,Group classification: FINANCE-INVESTMENT BANKS/BROKERS,
PIPR,FINANCE,FINANCE-INVESTMENT BANKS/BROKERS,19,75.80000305175781,-0.1403668734116451,86.43;85.05;84.69;84.29;89.16;88.05;78.63;78.30;80.07;74.92;76.10;72.32;74.61;74.88;71.91;72.34;70.40;74.44;73.72;74.56;74.31;72.84;76.36;77.63;78.06;83.04;85.32;88.36;90.37;91.00;87.56;87.82;86.16;79.22;80.20;80.26;79.78;80.35;78.59;77.42;80.56;80.65;79.03;77.24;75.63;76.67;79.12;77.92;79.52;80.81;81.77;79.08;76.14;72.34;71.09;75.08;73.44;71.98;77.75;76.32;77.24;75.81;76.21;73.82;75.80,HARAM,Group classification: FINANCE-INVESTMENT BANKS/BROKERS,
HLI,FINANCE,FINANCE-INVESTMENT BANKS/BROKERS,6,125.48999786376953,-0.32035593722204414,178.11;167.36;166.91;166.18;171.47;171.09;164.39;164.11;164.69;161.68;164.56;162.36;161.30;156.52;146.06;145.65;138.73;139.59;138.26;139.73;141.18;138.31;142.91;140.62;142.16;149.38;155.27;159.08;161.70;160.08;157.49;158.92;155.23;152.32;149.43;152.74;148.11;149.81;149.61;146.08;150.80;150.05;145.05;140.36;138.43;139.25;141.04;135.62;139.83;141.38;140.93;138.00;138.55;134.13;140.15;139.12;136.44;132.52;142.90;140.01;139.87;137.81;141.25;139.08;125.49,HARAM,Group classification: FINANCE-INVESTMENT BANKS/BROKERS,
MC,FINANCE,FINANCE-INVESTMENT BANKS/BROKERS,29,67.08000183105469,-0.07073200737638596,71.94;70.31;70.24;69.49;71.80;71.40;63.54;62.38;62.10;60.15;62.09;58.77;58.04;57.64;53.98;54.45;51.23;52.70;53.42;53.92;54.75;53.74;56.43;55.71;56.93;62.14;63.95;65.87;66.91;68.05;66.57;69.58;66.38;64.11;62.86;63.27;63.85;64.07;63.73;62.25;65.65;66.13;66.85;69.21;67.12;67.86;70.78;68.93;69.09;66.33;66.94;65.15;64.48;65.42;68.55;69.84;65.40;63.61;70.04;67.51;67.85;65.57;67.78;65.25;67.08,HARAM,Group classification: FINANCE-INVESTMENT BANKS/BROKERS,
PJT,FINANCE,FINANCE-INVESTMENT BANKS/BROKERS,34,168.30999755859375,-0.07018011778566191,175.76;173.84;173.43;162.52;161.97;160.76;153.60;151.62;152.29;146.92;148.80;147.19;147.24;145.72;140.21;137.33;128.99;131.55;130.43;133.50;137.13;136.28;139.50;139.77;141.42;149.76;156.00;162.84;159.26;157.11;153.86;155.56;151.81;154.59;151.68;152.95;153.10;154.54;156.28;153.55;155.56;152.42;155.42;156.00;154.84;157.22;162.00;153.97;156.37;155.01;154.55;153.17;151.63;150.94;162.99;168.56;158.74;157.13;168.56;166.62;166.96;164.20;168.82;165.08;168.31,HARAM,Group classification: FINANCE-INVESTMENT BANKS/BROKERS,
BLK,FINANCE,FINANCE-INVESTMENT MGMT,35,1090.3900146484375,-0.024135520397509214,1094.40;1115.25;1107.22;1064.21;1044.64;1075.70;1043.90;1060.75;1069.27;1059.11;1081.63;1051.42;1040.90;1023.50;952.30;945.84;918.93;965.57;964.17;969.12;975.85;928.62;956.32;961.14;953.09;996.01;1017.91;1042.72;1046.24;1037.01;1047.57;1050.94;1033.56;1055.73;1043.03;1061.76;1075.26;1087.97;1075.84;1030.49;1057.79;1071.36;1040.63;1015.01;985.32;995.60;1011.96;1016.58;1042.87;1057.38;1051.74;982.60;964.71;961.56;995.73;1009.43;1019.68;1031.56;1093.40;1072.20;1038.24;1037.16;1062.14;1079.19;1090.39,QUESTIONABLE,BlackRock — large fixed-income/bond fund manager,
BX,FINANCE,FINANCE-INVESTMENT MGMT,21,127.75,-0.13322535175542538,145.36;140.00;138.37;131.77;127.02;132.59;128.58;130.18;124.61;112.67;117.13;112.33;109.90;114.49;109.63;106.27;105.80;110.97;112.43;108.35;107.38;107.08;113.93;112.01;111.70;115.83;120.70;128.99;127.89;127.32;121.21;119.26;118.73;125.19;122.72;122.33;121.40;119.62;117.89;114.26;118.57;118.12;116.14;116.94;110.28;115.35;120.29;120.88;124.63;125.01;123.26;112.99;115.40;117.67;122.78;120.89;122.15;122.04;127.05;126.91;124.15;124.50;132.60;129.40;127.75,QUESTIONABLE,"Blackstone — alt-asset manager, real-estate debt exposure",
KKR,FINANCE,FINANCE-INVESTMENT MGMT,17,101.43000030517578,-0.1602954098503131,115.56;114.55;113.93;104.37;102.81;106.81;100.74;102.35;101.44;92.01;96.44;87.51;90.37;95.40;90.76;86.96;85.76;88.80;90.42;90.66;88.74;88.33;92.32;91.05;90.57;92.65;97.95;103.65;103.40;104.25;101.44;100.50;99.13;103.48;101.80;100.14;99.27;97.24;96.97;92.92;94.76;94.99;94.03;95.01;90.53;93.40;95.84;95.30;98.08;97.17;96.90;91.51;90.13;91.78;93.84;95.14;96.27;96.91;100.95;100.94;97.11;95.97;101.63;99.28;101.43,QUESTIONABLE,KKR — private equity with credit business,
APO,FINANCE,FINANCE-INVESTMENT MGMT,27,125.58999633789062,-0.07097933655006572,130.63;133.38;132.09;131.70;131.93;131.34;124.34;124.12;117.84;113.25;116.72;104.16;106.63;110.77;107.69;105.65;104.00;108.43;110.90;109.99;109.34;107.96;110.95;106.59;104.92;106.53;109.49;120.03;124.10;126.73;124.25;122.81;121.77;129.91;129.75;127.25;129.91;131.05;134.81;131.15;130.90;129.91;127.51;128.22;124.35;128.03;132.70;133.91;136.11;138.91;135.21;122.60;118.29;118.31;118.61;119.33;119.84;118.83;121.83;120.47;118.40;119.00;124.24;119.77;125.59,QUESTIONABLE,Apollo — credit-heavy alt manager,
TROW,FINANCE,FINANCE-INVESTMENT MGMT,54,111.75,0.08657740893430921,102.53;102.06;103.84;94.46;92.09;94.09;90.70;91.34;91.87;90.61;92.76;92.14;90.96;89.61;88.16;86.98;86.25;87.34;86.06;86.94;88.52;87.40;89.07;89.10;88.16;91.07;93.25;94.97;95.83;97.96;98.31;100.16;99.28;102.19;102.88;102.36;103.51;101.79;100.80;100.51;100.74;102.59;102.32;102.69;102.78;104.73;104.65;106.99;108.61;108.12;107.99;105.20;110.27;113.69;118.55;120.16;117.05;113.65;118.58;117.35;117.61;114.95;119.21;118.87;111.75,HALAL,"T. Rowe Price — equity-fund-focused — debt ratio not verified, cross-check Musaffa/Zoya",
BEN,FINANCE,FINANCE-INVESTMENT MGMT,84,33.86000061035156,0.3709861197671105,24.88;25.25;26.41;27.16;26.54;27.48;26.43;26.82;26.58;26.41;26.60;25.90;25.86;26.27;25.16;24.37;23.55;24.02;23.29;23.32;23.31;22.20;23.39;23.17;23.54;24.79;25.41;26.37;27.00;26.97;26.55;27.30;29.16;29.54;30.16;30.22;31.24;31.72;31.51;30.48;30.55;31.36;30.90;30.63;30.07;31.02;31.48;31.49;32.19;32.96;33.59;32.15;32.88;33.27;34.11;34.36;33.68;32.83;33.63;32.63;32.63;32.29;33.22;32.39;33.86,HALAL,"Franklin Resources — debt ratio not verified, cross-check Musaffa/Zoya",
IVZ,FINANCE,FINANCE-INVESTMENT MGMT,74,29.600000381469727,0.058875076086331246,26.73;27.28;26.98;26.42;26.40;26.86;25.82;26.20;26.16;25.01;26.57;26.06;25.13;24.54;23.69;23.76;22.82;23.55;23.13;23.59;24.17;23.02;24.10;23.95;22.59;23.39;24.11;24.52;24.62;24.78;25.17;25.28;25.44;25.69;26.62;26.62;27.77;27.87;27.12;26.47;26.98;27.69;28.06;27.62;26.94;27.35;27.91;28.29;29.10;28.79;28.78;25.97;26.16;26.39;27.01;27.40;28.61;28.40;30.30;29.63;30.10;29.80;30.11;28.07;29.60,QUESTIONABLE,Group classification: FINANCE-INVESTMENT MGMT,
AB,FINANCE,FINANCE-INVESTMENT MGMT,30,36.7599983215332,-0.013181086822415478,40.46;39.48;40.04;40.59;37.70;38.16;38.74;39.61;39.05;37.61;38.99;38.44;38.30;37.74;37.12;38.43;37.30;37.27;36.68;36.61;35.95;34.92;36.66;37.82;36.77;37.46;37.86;37.96;38.08;38.10;37.98;37.28;38.51;38.69;39.50;38.98;38.42;38.51;38.06;38.07;38.17;37.64;36.99;37.25;36.87;37.26;36.98;36.40;36.03;36.16;35.96;35.16;35.86;35.22;36.31;36.79;36.74;37.35;38.10;37.90;37.60;37.15;37.90;37.11;36.76,QUESTIONABLE,Group classification: FINANCE-INVESTMENT MGMT,
VRTS,FINANCE,FINANCE-INVESTMENT MGMT,32,159.35000610351562,-0.013583303548286962,163.83;160.78;159.61;148.16;137.95;139.44;135.64;135.72;144.03;136.08;140.07;136.05;137.39;136.04;130.05;130.05;124.00;129.43;127.02;127.86;130.29;126.95;132.11;125.13;126.90;133.55;136.90;141.05;137.45;135.63;140.20;142.45;141.28;136.00;143.29;141.85;142.70;141.24;138.02;132.60;141.67;144.11;142.15;145.60;140.93;146.57;145.19;142.59;143.78;142.86;140.57;138.61;147.58;143.50;151.64;155.03;157.34;157.18;168.28;164.46;163.34;163.02;167.58;167.79;159.35,QUESTIONABLE,Group classification: FINANCE-INVESTMENT MGMT,
CG,FINANCE,FINANCE-INVESTMENT MGMT,14,46.02000045776367,-0.2386129121288142,59.50;58.69;59.53;57.59;57.91;56.89;53.71;53.84;52.59;49.16;51.17;51.61;51.28;51.29;48.46;46.74;45.31;47.52;47.37;47.33;46.67;45.34;48.04;46.21;46.66;47.82;48.84;51.68;52.30;51.71;48.67;47.37;47.46;49.08;50.92;48.65;49.10;48.80;47.67;45.52;45.13;45.65;45.09;45.10;42.24;43.48;45.14;44.55;46.24;45.69;44.57;41.06;41.40;42.11;42.83;44.01;44.18;44.14;46.11;46.07;44.61;44.41;46.28;44.70;46.02,QUESTIONABLE,Group classification: FINANCE-INVESTMENT MGMT,
OWL,FINANCE,FINANCE-INVESTMENT MGMT,14,10.300000190734863,-0.28986944520788427,13.92;13.40;12.86;11.55;11.99;12.43;11.97;11.57;11.09;10.20;11.09;10.31;10.03;10.18;9.58;8.81;8.55;8.94;8.91;8.88;8.82;8.64;8.92;8.37;8.28;8.09;8.26;9.69;9.62;9.64;9.20;8.71;8.68;9.75;10.50;10.11;9.85;9.77;9.46;9.43;10.20;10.10;9.93;10.47;9.69;9.80;9.59;9.72;9.61;9.49;9.23;8.47;8.57;8.75;9.04;9.39;9.30;9.29;9.69;9.52;9.39;9.21;9.68;9.55;10.30,QUESTIONABLE,Blue Owl — direct-lending business,
ARES,FINANCE,FINANCE-INVESTMENT MGMT,25,128.08999633789062,-0.15875435003209848,145.90;148.16;143.06;134.03;127.42;133.80;130.82;127.38;126.83;111.90;116.41;109.40;110.03;114.32;106.32;101.05;99.39;104.62;106.91;106.05;105.44;105.22;108.01;101.41;101.22;103.75;105.62;118.09;116.61;118.64;113.64;111.06;109.75;117.81;121.73;121.92;123.37;121.95;122.18;119.90;122.75;124.03;124.74;127.46;121.87;124.40;129.31;131.50;134.01;128.35;125.90;113.87;109.13;111.31;116.90;120.70;121.66;120.45;124.79;125.68;120.78;121.28;127.76;124.60;128.09,HARAM,Ares — credit-focused alt manager,
RKT,FINANCE,FINANCE-MORTGAGE & RELATED SVC,9,12.899999618530273,-0.3877551112779978,21.03;20.77;18.77;20.00;18.88;20.25;17.75;18.37;18.35;17.09;17.33;18.19;16.43;15.66;15.59;15.15;14.14;14.84;14.65;14.26;14.29;13.67;14.25;14.96;14.51;15.02;15.32;15.50;16.63;15.91;15.28;15.45;14.40;14.64;14.09;14.15;14.83;13.84;13.35;12.67;13.87;14.04;14.40;14.18;12.94;12.65;13.18;13.43;13.91;13.22;13.34;14.73;15.00;15.75;15.77;14.63;14.56;13.91;14.60;14.54;13.65;12.78;13.49;13.70;12.90,HARAM,Group classification: FINANCE-MORTGAGE & RELATED SVC,
UWMC,FINANCE,FINANCE-MORTGAGE & RELATED SVC,1,1.8200000524520874,-0.6620883878274799,5.45;5.30;4.77;4.78;4.42;4.50;4.37;4.50;4.47;4.21;3.87;4.10;3.95;3.75;3.62;3.64;3.40;3.40;3.53;3.58;3.38;3.27;3.46;3.56;3.46;3.75;3.57;3.64;3.75;3.58;3.51;3.58;3.32;3.50;3.28;3.23;3.18;2.96;2.87;2.79;2.94;2.97;3.00;2.88;2.61;2.48;2.37;2.29;2.25;2.18;2.05;2.02;2.18;2.29;2.17;2.06;2.08;2.00;2.03;2.02;1.90;1.74;1.84;1.98;1.82,HARAM,Group classification: FINANCE-MORTGAGE & RELATED SVC,
PFSI,FINANCE,FINANCE-MORTGAGE & RELATED SVC,6,75.41000366210938,-0.496826191139196,148.45;148.69;92.44;95.43;94.95;93.81;90.87;93.55;94.00;90.01;92.42;91.61;89.45;88.22;86.71;87.34;83.85;87.04;87.72;85.20;86.13;85.17;87.09;89.78;88.14;91.45;92.70;91.42;94.24;90.32;89.54;90.57;88.87;91.81;87.17;88.35;88.04;87.43;85.39;84.44;87.02;86.12;86.38;82.49;80.60;81.24;81.76;80.68;82.41;81.20;79.81;83.35;86.08;87.10;83.47;81.11;81.94;81.48;84.98;85.29;83.99;82.61;84.47;86.04;75.41,HARAM,Group classification: FINANCE-MORTGAGE & RELATED SVC,
COOP,FINANCE,FINANCE-MORTGAGE & RELATED SVC,,,,,HARAM,Group classification: FINANCE-MORTGAGE & RELATED SVC,
OCN,FINANCE,FINANCE-MORTGAGE & RELATED SVC,,,,,HARAM,Group classification: FINANCE-MORTGAGE & RELATED SVC,
RDN,FINANCE,FINANCE-MORTGAGE & RELATED SVC,62,38.9900016784668,0.20699580828253894,32.55;32.68;32.40;32.96;33.05;32.54;33.80;32.23;32.27;34.01;34.88;34.26;34.19;33.96;33.28;32.37;32.74;32.81;32.62;32.58;32.72;32.34;32.83;33.40;33.96;34.32;34.16;34.27;35.10;35.10;35.70;35.50;37.03;35.16;35.31;37.34;37.28;36.39;36.65;37.01;36.93;35.45;34.40;33.53;33.67;33.80;34.25;34.14;34.54;34.88;35.11;36.56;37.50;37.67;37.94;38.03;37.66;38.01;37.72;39.38;38.48;38.16;38.98;39.71;38.99,HARAM,Group classification: FINANCE-MORTGAGE & RELATED SVC,
MTG,FINANCE,FINANCE-MORTGAGE & RELATED SVC,56,30.040000915527344,0.1565915150062449,26.19;26.70;27.24;26.30;27.00;26.54;27.11;26.70;25.91;25.64;26.37;26.38;26.57;26.63;26.42;25.73;25.89;26.00;25.84;25.72;25.86;25.57;26.10;26.37;26.88;27.60;27.33;27.06;27.81;27.82;28.61;28.86;28.96;26.11;26.09;26.58;26.10;25.78;25.90;26.07;26.17;26.02;25.51;25.06;24.86;25.51;25.55;25.47;25.84;26.25;26.30;27.05;27.84;28.20;28.23;28.19;28.19;28.42;28.09;29.47;29.10;28.96;30.00;30.58;30.04,HARAM,Group classification: FINANCE-MORTGAGE & RELATED SVC,
MCO,FINANCE,FINANCE-SERVICES,33,478.3800048828125,-0.08297465800409243,516.52;513.11;514.71;459.12;450.44;417.06;413.21;421.30;447.25;435.13;461.27;475.43;463.19;468.93;461.59;444.87;428.99;439.98;434.76;440.02;427.03;423.83;435.21;439.74;436.96;437.18;438.56;445.75;454.27;458.50;451.27;459.64;459.01;454.69;453.47;456.01;447.32;437.28;428.90;434.49;445.37;451.10;450.45;464.20;448.39;451.35;449.94;441.82;454.06;456.22;447.33;449.79;450.01;452.92;490.51;500.49;487.02;495.72;504.46;510.86;490.77;472.24;485.96;483.24;478.38,HALAL,"Moody's — ratings/data, fee revenue — debt ratio not verified, cross-check Musaffa/Zoya",
MSCI,FINANCE,FINANCE-SERVICES,33,572.239990234375,-0.02236512940530211,577.38;603.67;620.06;566.73;553.59;511.79;518.30;519.45;539.17;536.45;554.87;569.77;563.55;564.17;562.38;545.09;545.93;558.39;554.27;549.62;529.08;521.52;537.07;542.82;545.31;543.92;550.76;558.04;566.50;595.24;595.86;588.89;595.98;586.73;578.79;586.25;582.53;568.86;561.72;577.69;582.34;588.52;626.52;643.83;613.58;615.46;607.54;594.31;611.17;596.89;580.85;577.29;554.85;560.04;603.11;608.09;603.35;620.23;621.77;628.66;561.74;552.51;571.03;582.92;572.24,HALAL,"MSCI — index/data, fee revenue — debt ratio not verified, cross-check Musaffa/Zoya",
SPGI,FINANCE,FINANCE-SERVICES,21,411.92999267578125,-0.18022901271933212,495.96;497.80;496.89;438.37;413.66;377.69;374.04;386.52;392.37;381.18;399.84;417.08;419.07;425.79;420.29;404.89;398.78;408.64;402.22;404.80;385.55;383.44;401.47;406.96;405.92;400.51;405.94;406.41;417.73;419.71;414.39;412.68;408.88;402.15;400.08;404.62;397.37;383.73;380.52;387.37;392.40;389.33;394.24;405.45;390.06;401.55;401.91;391.05;401.20;395.48;385.42;380.65;386.15;385.30;439.89;443.46;432.96;437.84;444.48;450.84;431.26;420.00;439.83;419.64;411.93,HALAL,"S&P Global — data/ratings — debt ratio not verified, cross-check Musaffa/Zoya",
ICE,FINANCE,FINANCE-SERVICES,24,152.47999572753906,-0.11212218166981747,172.08;173.89;171.98;163.71;167.83;163.67;148.79;152.38;153.05;153.04;159.22;163.00;163.64;162.87;164.65;155.94;158.10;160.22;157.91;156.59;156.25;152.11;156.70;162.38;165.68;161.37;163.70;164.46;160.64;158.04;156.90;156.37;155.61;154.18;154.71;155.53;157.24;154.23;153.79;153.54;150.93;150.08;147.75;144.42;137.94;140.98;141.04;138.47;140.10;134.59;131.34;130.02;123.86;123.11;132.99;136.45;135.11;137.67;139.84;139.65;138.67;143.21;148.73;154.28;152.48,QUESTIONABLE,ICE — exchange ops with mortgage-tech (BlackKnight) exposure,
CME,FINANCE,FINANCE-SERVICES,30,267.7900085449219,-0.025205516339494638,276.40;281.60;282.52;286.26;293.69;298.05;293.08;294.62;295.28;305.09;298.64;310.43;315.90;307.82;310.03;301.77;309.79;311.71;309.11;304.98;292.41;292.26;293.83;303.54;308.98;297.39;299.04;295.37;286.17;282.93;284.00;280.49;285.79;288.05;285.34;285.37;281.12;295.60;297.32;300.81;287.80;281.08;275.99;256.43;251.34;256.07;255.94;262.18;266.08;252.54;245.20;231.68;221.00;220.83;236.60;240.75;239.71;245.10;245.18;245.05;237.38;254.32;255.36;265.44;267.79,HALAL,"CME — derivatives exchange (futures themselves debated, but core is fee-based) — debt ratio not verified, cross-check Musaffa/Zoya",
NDAQ,FINANCE,FINANCE-SERVICES,41,94.19000244140625,-0.032869143624627895,97.84;97.43;96.16;87.90;84.26;81.96;78.48;79.70;80.86;79.38;83.43;86.99;86.83;87.68;87.46;84.93;84.96;86.16;85.96;86.09;83.44;81.19;84.59;86.34;86.09;83.91;85.84;88.23;88.29;87.29;86.73;90.11;90.94;90.99;88.68;88.68;88.16;89.89;90.73;91.65;90.09;90.56;90.67;92.48;86.50;86.97;87.21;86.43;91.04;83.29;82.61;81.61;78.56;78.82;84.66;86.43;87.52;89.21;91.36;91.64;90.24;90.42;93.94;95.55;94.19,HALAL,"Nasdaq — exchange operator — debt ratio not verified, cross-check Musaffa/Zoya",
CBOE,FINANCE,FINANCE-SERVICES,63,310.2300109863281,0.12756569404638185,266.82;264.31;262.72;269.97;272.12;272.82;269.37;282.91;284.87;288.79;289.94;299.09;303.79;296.87;298.57;283.41;289.29;292.28;283.82;280.03;276.46;272.43;280.48;289.34;295.02;294.20;299.67;304.35;299.31;298.62;299.49;297.82;304.96;326.28;343.26;337.94;349.75;365.93;362.26;362.21;351.20;353.75;343.52;300.99;285.10;281.91;290.60;295.90;292.91;254.69;255.98;249.59;242.21;242.67;248.99;258.64;267.85;277.13;277.11;273.41;274.40;284.86;288.87;307.81;310.23,QUESTIONABLE,Group classification: FINANCE-SERVICES,
MKTX,FINANCE,FINANCE-SERVICES,26,162.3000030517578,-0.044329776121535214,166.72;166.95;164.70;160.77;160.73;175.56;175.71;176.00;179.71;180.65;179.52;190.94;192.55;183.43;184.10;178.02;179.13;178.13;173.70;169.72;165.20;163.22;164.07;170.52;174.79;171.82;173.60;170.49;168.07;163.46;162.71;159.25;159.89;152.03;150.46;151.82;144.41;138.51;137.69;141.09;136.25;131.23;131.55;129.29;122.98;116.93;116.51;116.33;121.00;119.90;117.12;113.46;112.54;113.49;116.53;118.60;113.98;115.37;115.63;113.80;112.27;114.31;117.97;125.73;162.30,QUESTIONABLE,Group classification: FINANCE-SERVICES,
FDS,FINANCE,FINANCE-SERVICES,26,263.20001220703125,-0.0726628292384589,265.98;250.27;246.28;223.18;205.25;202.77;199.94;188.17;196.90;188.36;204.56;215.76;221.79;223.83;219.97;204.54;204.65;207.99;207.83;207.46;192.94;197.37;215.94;226.57;226.49;212.48;225.32;229.63;231.60;239.15;226.97;224.24;231.19;226.47;218.35;222.89;218.13;200.89;211.55;220.85;223.92;229.80;237.74;270.85;253.44;255.62;246.07;236.64;235.86;228.30;218.62;216.45;231.74;230.08;250.09;258.30;241.90;263.11;251.19;258.09;246.95;243.96;265.90;282.04;263.20,HALAL,"FactSet — financial data subscription — debt ratio not verified, cross-check Musaffa/Zoya",
TW,FINANCE,FINANCE-SERVICES,18,100.5,-0.01989307967254117,103.59;102.88;102.57;100.56;111.85;116.42;115.72;114.03;118.65;117.70;120.44;122.94;125.43;124.32;126.39;123.19;124.25;125.99;125.83;123.99;119.78;116.41;117.50;123.03;124.65;122.24;123.89;120.54;118.17;114.40;113.46;111.28;117.96;111.52;110.06;110.30;109.79;109.72;110.79;110.69;105.54;102.14;99.51;100.19;100.43;102.53;99.68;99.00;101.73;100.77;98.20;96.05;93.52;99.66;102.79;100.26;97.12;99.68;100.68;99.90;97.29;99.85;102.01;108.18;100.50,QUESTIONABLE,Group classification: FINANCE-SERVICES,
WELL,FINANCE,REIT-HEALTHCARE,76,234.44000244140625,0.2852517018798537,182.22;184.40;186.13;184.20;194.56;199.45;206.70;213.99;206.57;208.09;207.54;206.42;207.29;204.35;206.97;204.63;207.11;212.43;205.39;194.34;196.06;195.10;197.04;201.64;200.89;205.64;206.27;210.61;209.80;205.69;207.53;209.29;211.37;216.17;213.57;212.23;214.11;220.14;213.74;218.00;216.01;218.13;210.29;197.36;199.59;206.93;206.77;210.67;212.82;206.55;211.45;221.43;227.33;226.97;236.06;237.59;232.12;234.55;233.29;243.25;246.37;247.05;248.34;241.08;234.44,QUESTIONABLE,Sector classification: FINANCE,
VTR,FINANCE,REIT-HEALTHCARE,73,93.51000213623047,0.22952065063799632,75.03;75.94;76.47;76.79;81.55;82.88;84.16;85.83;84.44;85.57;85.36;85.11;85.45;83.93;85.16;84.77;85.51;86.93;84.51;80.85;81.69;80.91;81.30;82.79;83.15;84.46;83.92;84.38;84.60;81.63;82.45;84.21;86.86;87.51;86.27;86.05;87.18;89.82;86.94;87.84;87.49;87.86;85.29;81.23;78.58;81.54;81.99;83.40;82.97;81.67;82.56;86.07;88.53;88.80;92.52;94.07;91.74;92.06;92.29;96.10;97.62;97.92;100.11;97.72;93.51,QUESTIONABLE,Sector classification: FINANCE,
OHI,FINANCE,REIT-HEALTHCARE,70,50.630001068115234,0.19299575766035915,41.93;42.16;41.78;41.72;43.97;44.79;46.37;47.22;45.87;46.36;46.81;47.58;46.78;46.40;47.07;47.21;47.36;46.63;46.14;44.20;44.09;43.90;43.20;44.36;44.79;45.07;44.77;45.96;46.15;45.29;45.69;46.00;46.06;46.31;46.12;46.13;47.01;48.00;47.33;48.74;48.26;48.34;47.04;45.38;44.05;44.47;45.67;45.28;45.21;44.64;45.10;47.38;48.06;47.68;49.40;49.62;48.83;48.44;47.95;50.21;50.60;50.97;51.40;51.37;50.63,QUESTIONABLE,Sector classification: FINANCE,
DOC,FINANCE,REIT-HEALTHCARE,80,21.829999923706055,0.24779481194943886,17.14;16.59;16.37;16.24;16.30;16.45;15.75;16.77;16.61;16.85;17.05;17.22;17.03;16.95;16.96;16.62;16.53;17.29;17.37;16.82;16.47;16.25;16.09;16.18;16.53;16.35;16.16;16.85;17.12;16.23;16.17;15.96;15.76;16.18;16.27;19.37;19.47;19.26;19.08;19.12;19.45;19.84;19.33;18.82;18.89;19.60;20.31;20.31;20.34;19.31;19.89;20.73;21.45;21.30;21.79;21.83;21.47;21.63;21.64;22.41;22.60;22.08;22.52;22.48;21.83,QUESTIONABLE,Sector classification: FINANCE,
HR,FINANCE,REIT-HEALTHCARE,70,21.010000228881836,0.2605371657533402,16.33;16.30;16.11;16.15;16.50;16.93;17.06;18.07;17.64;18.05;18.35;18.23;18.37;18.17;18.21;18.08;17.77;17.82;17.74;17.36;17.02;16.65;16.79;17.19;17.47;17.37;17.27;17.61;18.33;18.06;18.37;18.16;18.24;19.02;19.68;19.75;20.03;20.37;20.29;20.20;20.36;20.56;20.11;19.48;19.39;19.65;20.38;20.50;20.51;20.02;20.16;20.42;20.50;20.17;20.61;20.65;20.69;20.81;20.65;21.32;21.47;21.14;21.53;21.81;21.01,QUESTIONABLE,Sector classification: FINANCE,
MPW,FINANCE,REIT-HEALTHCARE,,,,,QUESTIONABLE,Sector classification: FINANCE,
CTRE,FINANCE,REIT-HEALTHCARE,67,41.939998626708984,0.16156260608037254,35.41;36.33;35.68;35.82;38.06;37.96;39.33;40.29;39.13;39.68;40.10;39.80;39.20;38.58;39.09;38.98;39.22;38.91;38.46;36.69;36.83;36.38;36.30;37.95;38.20;39.04;38.48;39.35;39.12;37.99;37.61;38.39;38.57;38.81;38.96;39.12;40.16;42.03;40.74;40.85;40.61;41.56;40.84;38.96;37.66;37.60;37.34;36.40;36.68;36.03;37.13;39.02;40.44;40.35;41.76;41.80;40.86;40.33;40.10;42.88;43.40;42.35;42.96;42.34;41.94,QUESTIONABLE,Sector classification: FINANCE,
HST,FINANCE,REIT-HOTEL/RESORT,90,25.1299991607666,0.4102405414491914,17.71;17.78;17.79;18.40;18.44;18.99;18.62;19.07;19.13;18.83;18.78;18.67;18.68;19.02;18.26;18.29;17.64;17.91;18.20;18.24;18.56;17.95;18.45;18.43;18.39;19.17;19.52;19.93;20.34;20.34;20.29;20.11;20.28;20.35;20.52;20.87;20.98;20.76;20.59;20.99;21.58;22.26;22.42;22.32;22.97;23.71;23.57;23.44;23.89;23.71;24.20;23.67;24.13;23.71;23.35;23.35;23.16;23.07;23.80;23.94;24.44;23.96;24.97;25.54;25.13,QUESTIONABLE,Sector classification: FINANCE,
PK,FINANCE,REIT-HOTEL/RESORT,89,15.0600004196167,0.38037549334386234,10.42;10.46;10.50;11.08;11.06;11.29;10.96;11.01;10.96;10.65;10.80;10.85;10.70;10.84;10.28;10.39;9.78;10.07;10.09;10.02;10.17;10.01;10.35;10.22;10.09;10.99;11.00;11.14;11.21;11.02;10.88;11.04;11.14;11.15;11.17;11.00;10.84;10.62;10.57;10.81;11.26;11.79;11.96;12.68;13.29;13.81;13.91;14.11;14.15;14.25;14.32;14.09;14.53;14.25;14.42;14.16;14.14;14.18;14.55;14.88;15.06;14.59;15.03;15.32;15.06,QUESTIONABLE,Sector classification: FINANCE,
RHP,FINANCE,REIT-HOTEL/RESORT,88,133.64999389648438,0.4307153710797844,92.02;92.56;92.53;94.04;95.79;99.83;97.98;99.82;100.78;100.83;99.04;96.56;96.28;96.34;92.85;93.13;87.88;89.91;90.32;89.85;89.80;88.51;91.43;92.06;93.02;97.45;100.77;100.12;102.60;101.23;99.67;100.94;102.68;105.25;107.16;109.42;107.71;105.91;103.84;107.85;111.39;113.51;114.83;114.04;112.82;117.95;119.29;120.34;121.36;121.24;124.02;128.59;130.93;128.55;127.85;127.27;126.64;124.36;124.99;126.67;129.96;128.89;134.94;135.57;133.65,QUESTIONABLE,Sector classification: FINANCE,
APLE,FINANCE,REIT-HOTEL/RESORT,86,16.510000228881836,0.3896025848292586,11.46;11.28;11.43;11.79;11.81;12.11;11.88;11.93;11.89;11.86;11.89;11.98;11.90;12.12;11.76;11.83;11.42;11.57;11.56;11.62;11.70;11.23;11.33;11.35;11.44;12.20;12.31;12.31;12.79;12.79;12.93;13.13;13.27;13.26;13.47;13.75;13.65;13.65;13.62;13.84;14.36;14.66;14.83;14.58;15.12;15.57;15.84;16.08;16.07;16.17;16.53;16.56;16.96;16.81;16.64;16.34;16.41;16.37;16.69;16.84;17.07;16.61;16.88;16.81;16.51,QUESTIONABLE,Sector classification: FINANCE,
SHO,FINANCE,REIT-HOTEL/RESORT,78,11.770000457763672,0.3253875701972455,8.69;8.80;8.58;8.89;8.99;9.21;9.01;9.18;9.21;9.10;9.20;9.12;9.38;9.41;9.18;9.09;8.77;8.93;8.95;8.95;9.10;8.79;8.94;8.94;8.93;9.39;9.50;9.50;9.58;9.56;9.49;9.62;9.75;9.81;9.94;10.27;10.19;10.16;10.07;10.21;10.63;10.78;10.83;10.91;11.10;11.39;11.49;11.61;11.69;11.65;11.77;11.55;11.83;11.45;11.38;11.19;11.23;11.30;11.53;11.73;11.85;11.65;11.82;11.77;11.77,QUESTIONABLE,Sector classification: FINANCE,
DRH,FINANCE,REIT-HOTEL/RESORT,91,13.239999771118164,0.42206853431683755,9.09;9.04;9.07;9.47;9.40;9.84;9.64;9.82;9.71;9.76;9.88;9.87;9.71;9.74;9.32;9.42;9.10;9.35;9.34;9.30;9.40;9.16;9.30;9.34;9.34;10.01;10.14;10.22;10.48;10.23;10.07;10.15;10.17;10.39;10.56;10.58;10.52;10.39;10.22;10.43;10.70;10.98;11.09;10.91;11.18;11.52;11.61;11.75;11.85;11.78;12.16;12.10;12.38;12.18;12.08;11.75;11.85;11.88;12.31;12.55;12.97;12.67;12.91;13.14;13.24,QUESTIONABLE,Sector classification: FINANCE,
PLD,FINANCE,REIT-INDUSTRIAL/OFFICE,62,144.61000061035156,0.1547885716987294,126.75;128.44;127.72;132.80;134.88;138.35;134.32;139.63;136.94;138.61;137.91;140.41;138.87;135.76;133.11;132.37;129.76;132.25;130.15;129.37;129.42;127.97;131.23;132.81;132.26;137.03;136.16;138.76;144.05;140.90;141.31;139.01;137.82;140.39;139.26;141.26;143.03;140.98;139.52;141.41;143.59;145.88;144.59;138.02;140.80;143.50;146.46;146.13;147.43;140.94;143.83;140.87;139.97;135.47;139.43;143.61;141.36;142.16;143.42;149.79;149.94;145.12;147.26;145.47;144.61,QUESTIONABLE,Sector classification: FINANCE,
EXR,FINANCE,REIT-INDUSTRIAL/OFFICE,43,148.0399932861328,0.06970412635408918,136.70;135.80;132.21;138.58;136.92;138.32;141.15;144.57;142.86;147.09;143.63;147.69;146.45;144.24;143.06;138.39;138.25;136.87;134.53;130.41;128.59;127.57;129.72;132.42;131.52;137.71;138.25;139.54;143.80;142.09;141.13;138.04;139.02;140.49;138.29;141.73;143.02;140.88;135.43;138.80;142.36;142.44;144.24;138.81;141.50;143.75;146.64;148.64;146.65;143.92;146.08;145.86;149.21;145.30;149.34;147.73;142.68;145.32;144.64;148.16;145.55;145.42;148.29;152.85;148.04,QUESTIONABLE,Sector classification: FINANCE,
PSA,FINANCE,REIT-INDUSTRIAL/OFFICE,58,324.1700134277344,0.16941534533544056,272.37;272.13;266.59;282.96;281.49;286.72;286.76;296.21;292.77;299.40;293.61;301.17;300.27;301.05;300.60;294.16;292.01;283.50;274.78;268.82;265.17;263.56;268.39;277.77;276.67;290.57;293.50;297.07;306.37;305.49;307.96;302.67;291.38;298.77;296.07;306.48;308.68;300.90;289.78;294.73;302.18;301.67;306.40;293.08;299.19;306.83;319.89;321.72;320.98;312.58;320.22;317.92;324.39;318.31;329.64;328.69;319.35;321.86;314.68;318.04;309.75;315.01;324.02;329.44;324.17,QUESTIONABLE,Sector classification: FINANCE,
DRE,FINANCE,REIT-INDUSTRIAL/OFFICE,,,,,QUESTIONABLE,Sector classification: FINANCE,
FR,FINANCE,REIT-INDUSTRIAL/OFFICE,64,65.83999633789062,0.16593896079629578,56.48;57.22;56.56;57.47;58.80;59.14;57.06;59.06;59.72;60.97;61.47;62.09;61.63;60.38;59.52;60.04;59.11;59.83;57.86;57.10;57.33;56.23;57.39;58.21;58.59;59.99;59.95;60.85;63.25;62.71;62.35;61.58;60.90;61.65;61.24;61.93;61.89;61.37;60.35;61.15;61.95;63.53;62.07;59.22;59.92;61.09;62.42;62.29;62.87;60.22;62.62;62.91;63.08;61.31;62.40;64.43;64.89;65.10;65.89;68.86;68.46;66.33;66.46;65.33;65.84,QUESTIONABLE,Sector classification: FINANCE,
TRNO,FINANCE,REIT-INDUSTRIAL/OFFICE,64,71.6500015258789,0.16521803972628768,60.51;60.44;60.56;63.39;65.02;64.34;63.45;65.11;63.92;64.66;65.19;64.98;64.33;62.66;61.67;61.69;61.17;62.43;60.88;60.02;60.65;60.21;60.93;61.66;62.33;64.77;65.08;65.22;66.41;65.71;65.80;65.43;64.27;64.75;64.48;66.01;65.19;65.75;64.53;64.36;65.83;66.16;66.32;62.86;63.59;63.82;66.40;66.13;66.18;63.35;64.27;64.92;65.98;64.77;67.33;68.77;68.54;70.28;71.84;75.06;74.80;72.06;72.99;71.74;71.65,QUESTIONABLE,Sector classification: FINANCE,
REXR,FINANCE,REIT-INDUSTRIAL/OFFICE,37,37.77000045776367,-0.028959263415022085,38.40;39.13;39.25;40.32;37.96;37.24;35.94;36.60;36.16;36.31;36.38;36.50;36.19;35.95;34.74;34.37;33.58;33.98;33.64;33.70;32.58;31.65;32.31;32.70;32.69;33.84;34.22;35.24;36.54;36.21;35.87;35.53;35.06;35.06;35.10;35.63;35.43;35.15;34.30;34.56;35.60;36.12;35.55;34.25;33.57;33.64;34.54;34.27;34.36;32.06;32.95;33.23;33.91;33.50;34.21;34.34;34.03;34.75;35.09;37.46;37.14;35.98;38.71;38.69;37.77,QUESTIONABLE,Sector classification: FINANCE,
STAG,FINANCE,REIT-INDUSTRIAL/OFFICE,40,38.2599983215332,0.06641649432008534,36.37;36.51;36.71;38.30;38.50;38.62;36.51;37.59;37.75;38.44;37.77;38.41;38.56;38.17;37.57;37.52;37.25;37.83;36.73;36.22;35.24;35.35;35.70;36.19;36.82;37.52;37.69;38.07;39.36;38.88;38.89;39.09;37.71;38.20;37.67;38.29;38.18;37.99;37.40;37.34;37.71;38.14;37.61;36.37;36.16;36.89;37.63;37.62;38.14;36.90;38.20;38.72;39.03;38.06;39.16;39.12;38.92;39.08;39.92;41.68;41.77;40.50;40.64;38.91;38.26,QUESTIONABLE,Sector classification: FINANCE,
BXP,FINANCE,REIT-INDUSTRIAL/OFFICE,55,70.12000274658203,0.09680649560621957,63.67;63.46;61.56;62.21;63.18;64.53;57.66;59.22;60.74;58.20;58.86;56.21;53.93;54.15;51.23;50.91;50.77;52.22;52.14;51.78;51.58;50.21;51.36;51.24;51.16;51.93;53.01;55.35;57.44;57.89;56.41;57.42;57.00;58.75;57.92;58.84;58.32;57.79;57.89;58.06;59.50;59.98;60.00;58.51;60.26;61.68;65.91;65.54;65.29;62.40;64.23;63.47;66.70;66.31;69.32;68.59;66.93;67.04;68.94;69.85;68.31;67.84;69.21;72.97;70.12,QUESTIONABLE,Sector classification: FINANCE,
VNO,FINANCE,REIT-INDUSTRIAL/OFFICE,66,39.38999938964844,0.22557561100436918,32.09;31.79;30.80;30.57;31.27;31.84;29.35;29.02;29.38;28.05;28.62;27.58;27.52;28.31;26.99;26.37;25.95;26.04;26.48;26.02;25.98;24.71;25.99;25.35;26.03;26.79;27.54;28.57;29.28;29.06;28.92;29.86;29.35;30.20;30.26;32.04;31.04;30.69;30.58;30.32;31.63;32.70;33.85;33.38;34.00;35.21;38.45;38.97;38.33;36.46;37.58;37.98;39.11;39.30;40.58;39.44;38.09;38.31;39.85;40.34;39.97;39.00;39.50;40.65;39.39,QUESTIONABLE,Sector classification: FINANCE,
SLG,FINANCE,REIT-INDUSTRIAL/OFFICE,57,52.93000030517578,0.18723104415596858,43.62;43.26;41.88;41.26;42.47;41.30;37.45;38.41;38.18;35.91;36.72;35.79;37.93;38.61;38.02;36.73;36.14;37.06;38.51;37.66;36.11;34.32;36.51;35.64;37.12;37.30;38.61;41.14;42.77;43.07;41.57;41.97;41.91;42.35;43.23;44.75;43.70;42.73;41.95;40.10;42.03;43.58;44.82;44.22;43.99;47.27;50.93;50.71;50.85;48.33;48.99;49.04;51.55;51.77;53.42;50.27;48.33;48.36;50.79;51.54;50.82;53.61;53.84;53.82;52.93,QUESTIONABLE,Sector classification: FINANCE,
ARE,FINANCE,REIT-INDUSTRIAL/OFFICE,28,51.45000076293945,-0.11293860586634918,56.49;52.52;52.62;53.74;54.32;55.25;48.97;52.87;51.89;52.23;52.53;52.51;50.74;50.32;49.73;48.75;47.04;48.00;48.12;46.79;45.94;44.74;45.82;42.67;43.56;43.42;43.18;46.99;48.00;47.19;45.78;44.97;40.52;40.85;43.23;44.99;45.40;46.66;44.39;45.25;47.23;47.84;49.41;48.00;50.61;50.62;52.26;52.09;51.70;48.57;50.07;50.58;54.50;52.85;52.58;49.41;48.51;48.08;48.70;50.22;50.61;50.12;51.39;53.77;51.45,QUESTIONABLE,Sector classification: FINANCE,
AGNC,FINANCE,REIT-MORTGAGE,50,10.65999984741211,-0.03867912487946745,11.39;11.20;10.56;10.88;10.81;10.61;10.76;10.68;10.70;10.65;10.67;10.71;10.51;10.41;10.07;10.19;9.77;10.02;9.83;9.56;9.69;9.26;9.70;9.82;9.76;10.14;10.17;10.39;10.54;10.55;10.50;10.74;10.61;10.70;10.48;10.48;10.56;10.39;10.11;9.91;10.03;10.20;10.32;10.12;10.06;10.06;10.20;10.19;10.35;10.19;10.27;10.38;10.78;10.90;11.00;11.12;11.07;10.99;11.32;11.22;10.78;10.56;10.64;10.90;10.66,HARAM,Group classification: REIT-MORTGAGE,
NLY,FINANCE,REIT-MORTGAGE,55,22.719999313354492,0.01675684912681552,22.79;22.46;21.09;21.57;21.38;21.18;21.46;21.50;21.50;21.35;21.53;21.75;21.56;21.49;20.76;21.02;20.46;20.79;20.52;19.87;20.03;19.44;20.46;20.68;20.54;21.38;21.50;21.91;22.06;21.87;21.70;22.10;21.81;22.08;21.65;21.65;21.71;21.44;20.98;20.59;20.93;20.91;20.90;20.81;20.48;20.53;21.01;21.30;21.52;21.44;21.44;21.59;22.21;22.36;22.56;22.69;22.73;22.53;23.16;23.01;22.65;22.31;22.57;23.05;22.72,HARAM,Group classification: REIT-MORTGAGE,
STWD,FINANCE,REIT-MORTGAGE,20,15.979999542236328,-0.0697027655897191,17.25;17.18;16.85;17.46;17.12;17.19;17.07;17.08;17.02;16.82;16.74;16.83;16.95;17.05;16.90;16.87;16.61;16.81;16.70;16.43;16.52;16.10;16.73;16.73;16.77;17.24;17.32;17.64;17.63;17.72;17.63;17.81;17.54;17.78;17.74;17.54;16.74;16.63;16.56;16.35;16.85;16.88;16.61;16.32;16.45;16.57;16.67;16.46;16.34;16.19;16.17;16.14;16.34;16.38;16.48;16.62;16.45;16.46;16.66;17.00;16.60;16.33;16.58;16.52;15.98,HARAM,Group classification: REIT-MORTGAGE,
RITM,FINANCE,REIT-MORTGAGE,28,9.880000114440918,-0.11530700716529241,11.43;11.30;10.24;10.22;10.17;10.12;10.02;10.05;10.03;9.49;9.69;9.53;9.43;9.27;9.33;9.36;8.96;8.87;8.56;8.59;8.76;8.66;8.99;9.13;9.25;9.65;9.82;9.91;9.89;9.90;9.85;9.85;9.40;9.53;9.44;9.53;9.44;9.00;8.89;8.76;9.01;9.02;9.01;8.86;8.78;8.89;9.09;8.99;8.94;8.95;8.90;8.99;9.13;9.14;9.09;9.22;9.21;9.07;9.23;9.32;9.15;8.98;9.23;9.99;9.88,HARAM,Group classification: REIT-MORTGAGE,
BXMT,FINANCE,REIT-MORTGAGE,10,14.539999961853027,-0.19554873637218606,18.36;18.44;18.57;19.00;18.62;18.62;18.75;18.66;18.30;18.19;18.55;18.24;18.37;18.45;18.26;17.99;17.62;18.15;18.04;17.80;18.04;17.89;18.63;18.18;18.00;18.97;19.25;19.58;19.67;19.44;19.40;19.58;18.57;18.56;18.60;18.63;17.85;17.93;17.57;17.31;17.49;17.75;17.79;17.45;17.52;17.85;17.88;17.70;17.63;17.35;17.52;17.00;16.96;16.95;17.25;17.15;16.87;16.82;17.12;17.08;16.79;16.49;16.62;16.40;14.54,HARAM,Group classification: REIT-MORTGAGE,
ABR,FINANCE,REIT-MORTGAGE,3,5.010000228881836,-0.30916000142813627,7.28;7.38;7.00;7.31;7.31;7.36;6.95;6.87;7.00;6.95;6.72;7.43;7.85;8.05;7.96;7.75;7.45;7.56;7.60;7.36;7.38;7.14;7.49;7.28;7.14;7.31;7.48;7.69;7.78;7.93;7.57;7.84;7.56;7.70;7.77;7.93;6.47;5.71;5.62;5.64;5.74;5.43;5.64;5.49;5.30;5.25;5.31;5.16;5.16;5.10;5.06;5.09;5.40;5.42;5.27;4.94;4.96;4.91;5.05;5.18;5.10;5.02;5.08;5.08;5.01,HARAM,Group classification: REIT-MORTGAGE,
PMT,FINANCE,REIT-MORTGAGE,11,9.430000305175781,-0.24359145790871084,12.58;12.56;11.15;11.51;11.36;11.32;11.61;11.63;11.48;11.30;11.26;11.40;11.21;11.21;11.04;11.05;10.82;10.90;10.81;10.55;10.62;10.41;10.84;11.12;10.95;11.16;11.49;11.67;11.63;11.41;11.49;11.64;11.54;11.86;11.67;10.66;10.37;10.11;9.89;9.90;10.12;9.97;10.13;9.96;9.64;9.79;9.72;9.51;9.75;9.67;9.56;10.06;10.36;10.85;10.40;10.19;10.11;10.18;9.83;9.90;9.80;9.58;9.62;9.69;9.43,HARAM,Group classification: REIT-MORTGAGE,
AVB,FINANCE,REIT-RESIDENTIAL/COMMERCIAL,36,185.61000061035156,0.05961882898106752,172.48;171.28;171.79;174.23;170.33;173.85;171.73;174.07;173.99;172.81;174.68;173.66;173.75;175.68;173.15;168.36;165.55;167.13;161.91;159.98;160.35;157.57;161.84;164.49;166.18;166.95;167.98;169.71;172.28;170.55;171.75;172.67;182.67;181.75;183.54;184.07;185.54;184.74;179.17;183.40;182.41;183.38;183.12;181.18;181.50;187.97;185.12;182.66;182.78;177.97;178.23;181.90;188.36;188.69;193.96;195.39;189.46;194.53;190.29;192.53;190.65;190.80;187.56;192.45;185.61,QUESTIONABLE,Sector classification: FINANCE,
EQR,FINANCE,REIT-RESIDENTIAL/COMMERCIAL,45,66.44999694824219,0.09443352351005485,60.78;60.49;60.25;61.68;62.48;64.12;61.66;62.08;61.66;61.92;62.00;61.81;61.33;61.71;60.80;58.83;58.66;59.67;58.00;57.12;57.17;57.45;58.54;59.65;59.59;59.84;60.16;60.67;62.04;61.21;62.01;61.68;64.76;64.50;65.57;65.18;65.50;65.15;63.22;65.06;65.08;65.45;65.58;65.13;65.46;67.49;67.16;65.96;65.50;63.97;64.06;65.54;67.68;67.93;69.83;70.15;68.09;69.72;68.26;69.00;68.29;68.28;67.24;68.85;66.45,QUESTIONABLE,Sector classification: FINANCE,
ESS,FINANCE,REIT-RESIDENTIAL/COMMERCIAL,50,284.1400146484375,0.14035711928010297,246.86;245.05;243.66;247.69;253.07;257.43;246.50;248.45;249.51;250.39;254.90;250.18;250.56;253.25;250.40;245.38;245.12;246.21;241.52;237.89;237.46;234.98;239.88;245.18;246.13;247.84;246.77;249.51;252.74;250.94;252.83;254.58;262.60;261.05;264.36;265.03;266.42;269.56;264.72;270.24;271.40;274.82;274.02;274.51;275.36;282.93;282.29;278.13;278.93;272.00;273.86;279.18;292.76;291.59;298.33;298.32;291.12;297.48;292.79;292.93;294.01;293.20;290.68;296.80;284.14,QUESTIONABLE,Sector classification: FINANCE,
MAA,FINANCE,REIT-RESIDENTIAL/COMMERCIAL,34,132.33999633789062,-0.0020378002159539,131.58;130.55;129.21;131.89;129.04;133.25;130.32;131.26;131.91;130.21;130.91;130.73;130.44;131.26;129.05;124.92;123.36;125.07;121.59;119.52;118.79;117.75;119.26;121.96;121.39;122.68;122.94;122.77;126.48;124.30;124.56;123.95;128.23;127.09;128.67;128.87;128.24;127.86;124.27;127.00;128.52;129.05;129.32;126.66;131.02;135.97;137.32;136.52;135.76;131.59;130.62;132.88;139.11;137.35;140.56;140.09;134.44;134.33;131.77;132.96;132.24;132.75;133.46;137.38;132.34,QUESTIONABLE,Sector classification: FINANCE,
UDR,FINANCE,REIT-RESIDENTIAL/COMMERCIAL,42,38.15999984741211,0.028026775065912668,36.51;36.32;36.17;37.01;36.95;38.75;37.56;37.40;37.13;36.78;37.07;36.90;36.86;37.07;36.62;35.49;34.85;35.24;34.68;33.71;33.39;33.05;33.24;34.09;34.16;34.31;34.20;34.74;35.15;34.85;34.79;34.42;36.03;36.26;36.81;36.80;37.02;37.43;36.79;37.27;37.38;37.89;37.74;36.47;37.48;39.06;39.23;38.97;38.76;37.52;37.61;38.25;39.84;39.78;40.94;41.09;39.55;40.04;39.32;39.76;39.57;39.48;39.27;39.72;38.16,QUESTIONABLE,Sector classification: FINANCE,
INVH,FINANCE,REIT-RESIDENTIAL/COMMERCIAL,45,29.719999313354492,0.1176967977605663,26.18;25.77;25.67;25.89;25.76;26.78;26.25;26.54;25.11;25.09;25.06;25.76;25.70;25.84;25.40;24.65;24.44;24.84;24.45;24.21;24.34;24.22;24.60;25.29;25.36;25.74;25.70;26.01;26.76;26.67;27.02;26.95;27.79;28.24;28.36;28.68;28.63;28.17;27.65;28.37;28.74;29.10;29.08;28.81;28.69;29.74;29.50;29.15;28.87;28.20;28.15;29.34;30.46;30.21;30.53;30.20;29.37;30.11;29.82;30.12;29.85;29.44;29.63;30.11;29.72,QUESTIONABLE,Sector classification: FINANCE,
AMH,FINANCE,REIT-RESIDENTIAL/COMMERCIAL,42,33.41999816894531,0.06746951412867475,30.86;30.26;30.14;30.46;30.18;31.09;30.80;30.83;30.21;28.79;29.17;29.36;29.20;29.35;28.84;28.25;28.09;28.31;27.86;27.27;27.27;27.21;27.64;28.79;28.99;29.33;29.46;29.86;30.39;30.21;30.31;30.00;31.00;31.63;31.96;32.10;31.73;31.13;30.31;31.40;31.79;31.72;31.67;31.96;31.92;32.94;33.14;32.67;32.62;31.83;31.64;32.76;34.09;33.52;34.08;34.00;32.94;33.80;33.51;34.07;33.32;33.11;33.45;33.71;33.42,QUESTIONABLE,Sector classification: FINANCE,
SUI,FINANCE,REIT-RESIDENTIAL/COMMERCIAL,32,123.4800033569336,-0.0056348768625563705,124.75;124.31;123.58;125.61;123.42;125.95;126.57;129.10;126.95;128.79;130.20;134.00;133.95;134.23;133.00;133.85;132.02;132.83;128.76;126.71;125.34;123.31;124.80;128.06;125.77;127.49;128.32;127.47;129.26;128.03;128.40;126.46;125.39;125.38;124.11;124.91;124.63;123.13;119.30;120.81;125.12;123.72;123.85;119.24;119.42;122.55;123.58;124.69;123.26;120.77;117.20;118.82;120.13;119.91;123.63;122.29;118.74;120.80;118.39;121.46;119.04;120.00;121.44;127.94;123.48,QUESTIONABLE,Sector classification: FINANCE,
ELS,FINANCE,REIT-RESIDENTIAL/COMMERCIAL,44,65.06999969482422,0.03483625764378617,61.82;61.69;62.11;64.43;64.35;65.09;66.02;66.72;65.99;66.79;66.64;66.00;67.09;66.60;66.37;65.86;66.72;66.64;64.10;62.05;61.99;61.57;61.88;63.44;62.93;63.52;63.75;63.82;64.84;64.45;62.93;62.23;61.68;62.28;61.96;62.74;62.84;62.53;60.58;62.35;62.52;61.92;61.70;60.25;60.95;61.89;62.81;63.39;63.67;62.28;61.47;62.75;64.23;64.45;66.25;65.38;63.35;64.98;63.78;65.75;64.90;66.03;65.05;67.65;65.07,QUESTIONABLE,Sector classification: FINANCE,
O,FINANCE,REIT-RETAIL,49,63.869998931884766,0.07918391597916496,59.36;59.22;59.24;61.13;61.88;62.54;63.40;65.08;64.11;65.26;64.59;65.84;65.41;63.68;63.82;63.59;63.33;62.98;61.56;59.80;59.02;59.64;60.39;61.41;61.43;62.38;62.50;63.13;64.25;63.17;63.25;61.94;62.47;63.26;63.02;61.25;61.82;60.99;60.59;61.55;61.69;61.91;61.15;59.29;59.46;60.58;60.99;61.64;61.87;60.31;60.32;61.72;62.85;61.96;63.84;64.01;63.17;64.17;63.26;65.71;64.99;64.72;65.50;65.54;63.87,QUESTIONABLE,Sector classification: FINANCE,
SPG,FINANCE,REIT-RETAIL,77,229.3699951171875,0.2697585371076403,180.47;185.60;186.99;191.26;195.18;191.95;187.19;197.54;195.30;195.64;196.54;199.34;197.48;196.58;188.56;187.50;184.79;188.46;189.23;179.52;179.60;178.23;184.51;186.62;188.50;196.81;198.53;199.42;203.99;202.54;201.45;199.11;197.92;200.24;200.11;199.21;198.82;198.38;197.85;198.68;202.68;204.69;204.53;200.50;201.34;208.03;211.89;214.86;215.66;209.86;214.57;222.15;226.89;223.65;226.06;227.19;219.71;219.49;222.01;228.70;226.79;225.20;231.67;235.61;229.37,QUESTIONABLE,Sector classification: FINANCE,
REG,FINANCE,REIT-RETAIL,53,80.29000091552734,0.15039199334236053,69.94;70.62;70.62;72.84;73.80;75.61;74.20;75.73;74.38;76.31;76.46;77.50;78.25;77.81;76.75;76.94;75.86;76.65;75.97;73.95;73.73;73.60;74.95;76.26;76.61;77.62;77.60;78.78;80.17;79.26;79.98;79.20;78.64;77.91;78.15;77.13;76.99;75.95;75.35;76.62;77.61;78.25;77.79;75.43;75.60;76.99;78.81;79.94;79.26;77.37;77.36;79.87;81.81;79.74;80.96;80.74;79.44;79.94;79.99;82.68;82.09;81.18;82.34;81.11;80.29,QUESTIONABLE,Sector classification: FINANCE,
FRT,FINANCE,REIT-RETAIL,71,124.08999633789062,0.24381648680920365,99.48;98.61;98.35;101.56;103.68;105.53;102.69;104.12;103.78;106.98;105.86;106.63;108.39;106.53;104.44;104.89;102.43;104.72;104.20;101.72;101.24;100.84;104.12;105.81;106.10;106.41;107.99;109.14;111.50;110.11;110.48;110.15;109.60;114.26;114.23;114.61;114.36;113.09;112.12;113.79;117.52;119.06;119.91;117.67;118.33;121.44;123.30;123.58;123.57;119.38;120.61;123.48;123.93;122.31;121.69;122.11;120.73;121.84;122.24;126.02;125.59;124.83;127.13;125.78;124.09,QUESTIONABLE,Sector classification: FINANCE,
KIM,FINANCE,REIT-RETAIL,64,25.479999542236328,0.24270007111717207,20.48;20.26;20.38;21.04;21.35;21.71;21.83;22.65;22.08;22.90;22.81;23.04;23.02;23.00;22.95;22.92;22.66;22.98;22.84;22.45;22.17;21.98;22.23;22.36;22.40;22.82;22.95;23.23;23.93;23.43;23.58;23.62;23.38;23.13;23.29;23.28;23.22;22.83;22.75;23.10;23.79;24.27;23.91;23.38;23.51;24.23;25.19;25.75;25.35;24.49;24.69;25.42;25.89;25.35;25.32;25.29;24.93;25.11;25.09;26.12;26.10;25.74;26.38;26.01;25.48,QUESTIONABLE,Sector classification: FINANCE,
BRX,FINANCE,REIT-RETAIL,63,31.510000228881836,0.217991380294853,25.80;25.86;25.97;27.16;27.74;28.24;28.43;29.01;28.73;29.18;29.49;29.65;30.01;29.59;29.32;29.30;29.04;29.14;28.90;28.25;28.12;27.80;28.21;28.61;28.93;29.28;29.34;29.82;30.62;30.41;30.26;30.20;29.54;29.48;29.82;29.79;29.55;29.05;28.95;29.57;30.56;30.84;30.47;29.77;29.89;30.67;31.52;31.86;31.71;30.64;30.87;31.63;32.13;31.22;31.20;31.35;30.94;31.37;31.36;32.57;32.69;31.97;32.35;31.66;31.51,QUESTIONABLE,Sector classification: FINANCE,
ROIC,FINANCE,REIT-RETAIL,,,,,QUESTIONABLE,Sector classification: FINANCE,
SKT,FINANCE,REIT-RETAIL,71,40.65999984741211,0.2712032689660042,31.92;32.34;31.91;32.29;33.26;33.89;33.32;34.61;34.66;35.31;37.30;36.74;37.04;36.43;35.60;35.21;34.85;35.26;35.18;33.91;33.66;33.45;33.69;34.28;34.66;35.98;36.11;35.91;36.70;36.43;36.67;36.46;36.44;36.35;36.20;36.33;36.01;35.41;35.27;35.02;35.80;35.93;36.62;35.42;35.65;37.09;39.47;39.81;40.61;38.68;39.30;40.54;40.49;39.47;39.53;39.91;39.47;39.87;40.26;41.78;41.94;41.11;41.80;41.58;40.66,QUESTIONABLE,Sector classification: FINANCE,
ADC,FINANCE,REIT-RETAIL,47,77.80000305175781,0.09512769542538835,71.27;70.46;69.82;72.62;73.45;75.19;75.26;77.81;75.80;77.96;78.19;79.36;80.78;79.90;79.93;78.73;78.09;78.92;77.57;74.66;73.18;73.37;74.59;75.80;75.65;77.15;76.71;77.19;78.62;78.03;76.44;75.18;75.55;75.82;75.42;75.79;75.85;74.63;73.94;75.08;75.15;74.98;74.03;72.22;71.78;73.16;74.29;74.52;74.21;73.55;73.14;75.06;76.76;75.74;77.81;78.40;77.85;78.62;77.64;81.12;80.26;79.81;80.45;80.39;77.80,QUESTIONABLE,Sector classification: FINANCE,
KO,FOOD_BEVERAGE,BEVERAGES-NON-ALCOHOLIC,70,87.58999633789062,0.21791519655420033,72.58;72.46;74.34;76.33;77.99;75.80;77.96;78.51;77.87;79.50;79.41;80.48;78.29;76.01;76.77;76.61;76.84;77.08;75.07;74.63;74.77;75.22;75.56;76.23;75.42;77.68;75.92;74.83;75.25;74.22;75.79;74.96;78.36;78.08;77.98;77.93;78.16;79.75;80.30;81.39;80.65;79.94;79.89;78.14;78.25;78.97;80.82;82.00;80.91;79.93;79.53;80.60;82.63;81.27;84.14;84.05;82.63;84.25;82.45;81.56;81.97;81.17;84.07;89.08;87.59,HALAL,"Business activity permissible — debt ratio not verified, cross-check Musaffa/Zoya",
PEP,FOOD_BEVERAGE,BEVERAGES-NON-ALCOHOLIC,25,139.55999755859375,-0.015850839628584024,145.93;145.84;152.22;162.99;167.22;163.77;163.99;158.82;161.43;165.09;165.93;166.49;161.75;157.62;159.85;158.48;158.22;154.87;151.15;149.31;150.15;151.45;153.67;155.38;151.61;155.85;154.26;153.24;156.03;153.31;154.08;152.50;153.67;155.77;153.43;154.66;147.85;147.72;147.57;148.80;147.30;144.16;144.77;140.05;141.06;141.92;142.78;143.73;146.25;141.59;140.71;142.27;141.39;135.40;144.22;144.98;137.86;138.49;135.40;137.12;135.00;134.95;139.79;143.50;139.56,HALAL,"Business activity permissible — debt ratio not verified, cross-check Musaffa/Zoya",
KDP,FOOD_BEVERAGE,BEVERAGES-NON-ALCOHOLIC,50,31.1200008392334,0.13899471370405458,27.16;26.40;27.04;28.00;27.96;28.26;29.44;28.67;28.64;29.30;29.67;29.80;29.10;27.61;27.75;27.21;26.98;27.14;26.72;26.13;25.95;26.04;26.14;25.13;25.29;26.23;25.86;25.82;26.34;26.25;28.33;27.95;28.73;28.88;28.72;28.32;28.51;29.10;28.73;28.65;28.58;29.34;29.83;29.99;30.33;30.31;31.26;31.01;31.55;30.67;30.65;31.18;33.40;32.73;33.30;31.49;30.72;31.25;30.28;30.91;30.21;29.67;30.12;31.45;31.12,HALAL,"Business activity permissible — debt ratio not verified, cross-check Musaffa/Zoya",
MNST,FOOD_BEVERAGE,BEVERAGES-NON-ALCOHOLIC,84,96.37999725341797,0.17536582016363367,81.41;80.04;81.10;81.44;82.54;80.17;81.17;82.90;81.99;84.69;85.41;85.30;78.99;76.70;75.73;77.52;77.11;77.59;73.74;73.96;73.21;71.83;72.46;72.37;72.44;76.19;75.17;74.93;76.72;75.27;77.56;76.86;76.89;77.12;75.80;75.97;86.41;85.93;87.09;86.35;86.32;87.42;87.99;89.10;89.04;89.55;90.15;92.03;93.23;91.66;93.02;94.70;96.38;96.12;97.60;96.92;96.55;97.07;97.57;97.50;94.46;93.56;95.33;97.23;96.38,HALAL,"Business activity permissible — debt ratio not verified, cross-check Musaffa/Zoya",
CELH,FOOD_BEVERAGE,BEVERAGES-NON-ALCOHOLIC,,,,,HALAL,"Business activity permissible — debt ratio not verified, cross-check Musaffa/Zoya",
FIZZ,FOOD_BEVERAGE,BEVERAGES-NON-ALCOHOLIC,26,31.639999389648438,0.03745566172753101,30.19;30.73;31.21;32.05;31.91;31.98;32.40;33.15;33.05;33.75;33.68;32.86;33.83;32.29;32.03;31.14;32.30;31.28;31.24;30.74;30.16;30.06;30.42;30.51;30.55;32.03;31.28;30.62;31.01;29.77;30.61;30.98;30.51;30.83;31.56;31.78;31.23;31.46;31.09;31.37;31.99;32.22;33.66;33.43;32.48;33.00;33.62;33.41;33.04;33.27;30.62;30.36;29.58;28.20;30.13;29.36;29.41;31.13;30.85;31.07;30.78;30.53;31.25;32.69;31.64,HALAL,"Business activity permissible — debt ratio not verified, cross-check Musaffa/Zoya",
COCO,FOOD_BEVERAGE,BEVERAGES-NON-ALCOHOLIC,,,,,HALAL,"Business activity permissible — debt ratio not verified, cross-check Musaffa/Zoya",
CAG,FOOD_BEVERAGE,FOOD-CANNED,23,14.510000228881836,-0.12327996242078032,17.31;17.20;17.73;19.09;18.66;18.64;19.23;18.22;18.02;18.19;18.01;18.56;18.28;17.95;18.00;16.38;15.83;15.61;14.85;14.91;14.77;15.06;15.16;15.16;14.94;15.00;13.99;13.59;14.33;14.15;13.90;13.62;13.72;13.90;13.84;14.20;13.77;13.93;13.28;13.77;13.23;13.00;13.23;12.96;12.44;12.86;12.99;13.30;13.46;13.01;12.70;13.46;13.92;13.31;14.18;13.87;13.22;14.17;13.93;14.12;14.68;14.21;15.07;15.32;14.51,HALAL,"Business activity permissible — debt ratio not verified, cross-check Musaffa/Zoya",
CPB,FOOD_BEVERAGE,FOOD-CANNED,19,21.979999542236328,-0.15088393513977438,26.45;26.10;26.60;27.47;27.86;28.17;28.04;26.83;26.05;26.19;25.60;26.04;25.17;24.21;24.44;22.17;20.98;20.85;20.32;20.29;20.11;21.25;21.52;21.64;20.53;20.44;19.83;20.15;20.64;20.56;20.61;20.21;20.11;20.39;20.56;20.90;20.29;20.01;19.68;19.87;19.72;19.80;20.45;20.73;20.64;21.32;21.76;22.35;21.94;20.76;20.06;21.87;22.35;21.90;23.32;22.90;21.47;22.15;21.89;22.08;22.34;21.41;22.37;22.96;21.98,HALAL,"Business activity permissible — debt ratio not verified, cross-check Musaffa/Zoya",
BGS,FOOD_BEVERAGE,FOOD-CANNED,10,3.5299999713897705,-0.14889907350849607,4.20;4.03;4.19;4.36;4.83;4.76;4.91;4.77;4.84;5.00;4.98;4.99;4.75;5.25;5.25;5.05;4.93;4.75;4.66;4.61;4.81;4.90;4.70;4.86;5.00;5.36;5.29;5.40;5.30;5.21;5.15;5.28;5.18;5.41;5.34;5.29;4.97;4.29;4.07;3.95;4.15;3.99;4.04;3.90;3.93;3.81;3.77;3.95;3.88;3.81;3.69;3.88;4.04;3.98;4.08;3.95;3.87;3.89;3.76;3.71;3.65;3.51;3.58;3.73;3.53,HALAL,"Business activity permissible — debt ratio not verified, cross-check Musaffa/Zoya",
JJSF,FOOD_BEVERAGE,FOOD-CANNED,12,76.5,-0.16255107102257804,92.34;92.01;93.31;82.53;80.90;80.98;83.45;83.51;83.38;83.28;84.08;85.33;84.66;83.93;82.16;81.26;80.65;76.80;73.90;75.65;76.81;79.02;78.46;78.41;80.85;80.94;81.37;78.65;79.70;80.59;80.89;85.17;86.17;86.14;83.72;74.93;69.65;70.84;70.67;71.81;72.99;73.68;76.43;75.77;74.99;74.65;76.17;77.61;77.12;74.50;71.73;74.91;75.75;73.45;75.92;76.93;75.50;76.60;75.65;76.68;76.59;76.14;77.71;79.21;76.50,HALAL,"Business activity permissible — debt ratio not verified, cross-check Musaffa/Zoya",
HSY,FOOD_BEVERAGE,FOOD-CONFECTIONERY,27,175.0500030517578,-0.07137005832877197,188.93;187.85;195.22;202.89;228.26;225.77;223.07;217.73;218.23;224.35;227.89;234.48;232.37;224.85;221.08;216.19;215.43;216.05;208.97;213.53;215.34;212.10;206.30;204.62;205.40;209.23;196.10;190.43;191.16;187.27;190.63;185.07;187.72;180.95;183.50;185.63;187.79;194.18;186.98;192.80;190.39;191.12;197.04;186.40;183.20;184.58;175.84;180.84;181.11;175.31;170.89;183.04;179.11;175.45;182.14;175.95;171.65;175.24;170.27;171.42;170.63;172.14;180.19;183.91;175.05,HALAL,"Business activity permissible — debt ratio not verified, cross-check Musaffa/Zoya",
MDLZ,FOOD_BEVERAGE,FOOD-CONFECTIONERY,41,62.310001373291016,0.08521054357217661,58.03;56.35;57.70;58.40;59.01;59.63;60.82;58.85;57.65;59.36;59.11;60.54;57.78;57.20;57.19;54.43;53.97;56.97;55.54;55.90;56.46;57.29;57.16;57.06;57.03;58.60;57.20;56.11;56.77;55.66;57.23;56.94;60.53;60.86;60.85;60.80;60.90;61.01;59.94;60.78;60.99;60.73;61.87;60.54;60.80;61.52;62.41;62.83;60.99;60.35;59.02;61.23;60.28;57.84;60.91;60.22;58.30;59.86;58.72;61.00;59.86;60.05;60.67;64.99;62.31,HALAL,"Business activity permissible — debt ratio not verified, cross-check Musaffa/Zoya",
TR,FOOD_BEVERAGE,FOOD-CONFECTIONERY,30,39.02000045776367,0.0751496784754675,36.22;35.83;37.37;37.56;37.97;38.32;39.80;40.59;39.90;40.70;40.45;40.82;40.65;41.29;42.24;40.88;42.29;42.17;40.95;41.18;41.62;42.26;42.62;43.62;43.27;44.70;44.07;42.33;42.74;41.82;42.51;41.56;42.16;42.40;42.15;42.64;40.68;40.47;40.42;40.76;40.44;37.31;37.77;37.36;37.57;38.30;38.52;38.65;37.77;37.09;36.20;37.94;38.04;39.55;40.78;38.45;38.03;38.02;38.72;39.08;38.87;37.92;38.58;39.57;39.02,HALAL,"Business activity permissible — debt ratio not verified, cross-check Musaffa/Zoya",
DAR,FOOD_BEVERAGE,FOOD-DAIRY PRODUCTS,88,60.63999938964844,0.4188113478760107,44.00;45.90;47.35;47.96;48.20;48.68;50.31;50.97;51.75;51.64;53.09;53.16;53.37;53.20;51.92;55.56;54.80;56.91;56.80;56.46;58.84;59.28;61.85;64.65;63.51;61.34;61.41;58.44;57.95;60.27;60.94;60.35;62.80;63.77;64.84;62.27;63.82;62.26;62.37;59.95;57.86;59.35;59.62;60.44;61.55;59.45;58.36;57.00;56.12;53.79;53.22;52.65;52.50;54.62;56.53;58.23;60.19;62.03;60.62;63.10;63.91;63.40;60.53;58.62;60.64,HALAL,"Business activity permissible — debt ratio not verified, cross-check Musaffa/Zoya",
LANC,FOOD_BEVERAGE,FOOD-DAIRY PRODUCTS,,,,;;;;;;;;;;;;;;;;;;;;;;;;;;;;;;;;;;;;;;;;;;;;;;;;;;;;;;;;;;;;;;;;,HALAL,"Business activity permissible — debt ratio not verified, cross-check Musaffa/Zoya",
BRBR,FOOD_BEVERAGE,FOOD-DAIRY PRODUCTS,2,12.390000343322754,-0.5520607226437866,26.07;25.04;24.39;21.11;19.52;18.16;17.62;18.08;18.98;17.94;18.06;18.39;17.73;16.98;16.46;17.62;16.83;18.51;17.34;16.61;15.50;15.35;16.09;16.62;15.66;15.40;15.11;15.95;16.14;16.45;16.30;16.85;17.54;17.20;10.63;10.46;9.40;9.25;9.69;8.89;9.05;8.60;8.66;9.06;8.86;8.77;8.43;8.91;8.86;9.07;10.17;11.91;11.55;12.94;13.86;13.94;12.15;12.75;12.09;12.12;12.66;12.90;13.07;13.29;12.39,HALAL,"Business activity permissible — debt ratio not verified, cross-check Musaffa/Zoya",
TSN,FOOD_BEVERAGE,FOOD-MEAT PRODUCTS,,,,,QUESTIONABLE,Group classification: FOOD-MEAT PRODUCTS,
HRL,FOOD_BEVERAGE,FOOD-MEAT PRODUCTS,49,25.010000228881836,0.0435065953086764,24.55;23.81;23.83;24.65;24.29;23.67;22.84;22.84;23.92;24.51;24.66;24.94;23.97;23.57;23.27;22.44;22.06;22.33;21.79;21.84;22.46;22.48;22.07;21.52;20.90;20.59;20.24;20.42;20.94;21.00;21.50;21.22;20.61;21.08;20.68;20.50;19.92;19.67;19.51;20.16;20.83;20.64;23.31;23.07;22.86;23.34;23.70;24.15;24.29;24.04;23.82;25.25;26.20;24.53;24.70;24.41;24.04;24.46;25.15;25.39;25.11;25.02;26.05;25.80;25.01,QUESTIONABLE,Group classification: FOOD-MEAT PRODUCTS,
PPC,FOOD_BEVERAGE,FOOD-MEAT PRODUCTS,7,27.360000610351562,-0.349036369141449,43.27;43.43;43.69;43.52;43.37;42.78;41.65;43.48;42.45;40.99;40.92;43.16;41.91;40.75;39.73;37.38;36.23;37.33;35.67;34.97;35.42;36.72;37.76;37.33;35.60;35.99;35.63;33.64;33.91;33.09;33.71;33.13;31.15;31.88;31.32;30.40;28.66;27.86;27.56;28.40;29.00;28.21;28.54;28.79;27.58;29.88;29.74;29.66;29.04;28.35;26.63;27.56;28.61;28.11;28.76;28.77;27.41;28.51;28.42;29.11;28.55;27.92;29.19;29.95;27.36,QUESTIONABLE,Group classification: FOOD-MEAT PRODUCTS,
SAFM,FOOD_BEVERAGE,FOOD-MEAT PRODUCTS,,,,,QUESTIONABLE,Group classification: FOOD-MEAT PRODUCTS,
MKC,FOOD_BEVERAGE,FOOD-MISC PREPARATION,16,50.900001525878906,-0.14757263082537198,62.29;60.23;60.02;65.40;66.22;67.74;70.38;67.96;67.28;68.30;67.81;69.78;66.47;64.11;63.04;58.87;57.26;56.07;53.09;52.31;51.84;52.13;49.55;47.98;50.12;50.53;53.15;52.39;53.37;51.51;51.42;49.95;50.09;49.79;48.05;47.47;46.65;45.19;45.93;46.83;46.54;46.40;46.41;46.16;45.87;46.82;48.19;48.79;47.44;46.07;45.32;47.17;50.59;49.97;52.97;52.22;51.54;53.75;50.92;51.70;52.35;50.19;50.61;51.99;50.90,HALAL,"Business activity permissible — debt ratio not verified, cross-check Musaffa/Zoya",
SJM,FOOD_BEVERAGE,FOOD-MISC PREPARATION,67,119.26000213623047,0.1878533928448758,103.06;101.33;102.61;106.27;107.23;107.11;108.70;105.05;108.37;109.78;105.43;114.68;111.12;110.12;107.76;106.44;104.92;101.51;99.31;97.30;94.34;94.19;95.38;94.42;93.12;91.45;88.55;92.46;94.45;94.69;95.13;94.28;95.74;95.91;95.63;98.35;98.13;99.76;100.54;103.04;101.91;102.32;104.28;100.61;101.27;103.54;112.39;116.83;115.94;112.96;107.19;111.63;115.64;112.50;116.28;113.24;110.87;110.53;109.02;112.01;115.75;115.71;121.05;126.35;119.26,HALAL,"Business activity permissible — debt ratio not verified, cross-check Musaffa/Zoya",
POST,FOOD_BEVERAGE,FOOD-MISC PREPARATION,17,91.41000366210938,-0.06999691921186157,98.03;98.78;101.29;104.47;114.61;109.65;110.41;108.50;107.04;105.91;104.53;106.30;106.66;105.58;105.43;101.63;98.45;96.93;97.41;97.35;97.21;95.70;98.86;100.32;100.05;102.58;99.86;99.39;101.59;106.93;104.64;103.81;102.05;103.40;103.71;102.99;100.53;104.31;101.07;97.69;97.27;95.87;96.37;89.13;91.00;90.43;91.51;93.17;92.36;88.96;86.68;90.84;89.41;88.26;92.78;88.77;84.70;86.70;85.23;86.86;88.39;90.16;91.31;97.53;91.41,HALAL,"Business activity permissible — debt ratio not verified, cross-check Musaffa/Zoya",
TWNK,FOOD_BEVERAGE,FOOD-MISC PREPARATION,,,,,HALAL,"Business activity permissible — debt ratio not verified, cross-check Musaffa/Zoya",
FLO,FOOD_BEVERAGE,FOOD-MISC PREPARATION,,,,,HALAL,"Business activity permissible — debt ratio not verified, cross-check Musaffa/Zoya",
INGR,FOOD_BEVERAGE,FOOD-MISC PREPARATION,,,,,HALAL,"Business activity permissible — debt ratio not verified, cross-check Musaffa/Zoya",
USFD,FOOD_BEVERAGE,FOOD-MISC PREPARATION,68,100.58999633789062,0.2377261042556289,83.67;84.26;84.36;87.82;90.33;90.67;101.98;97.11;96.38;96.13;95.88;96.61;93.00;92.15;90.73;91.34;94.63;92.16;89.33;89.33;92.48;90.86;92.21;89.91;89.36;92.07;91.39;90.21;93.69;91.70;92.83;91.00;91.28;93.04;91.93;86.88;83.61;85.16;82.38;81.25;81.24;81.30;81.15;81.23;83.16;84.61;89.25;91.23;93.44;93.75;92.76;95.35;98.31;102.25;104.29;103.99;99.48;101.31;97.05;97.27;94.75;95.58;99.29;102.35;100.59,HALAL,"Business activity permissible — debt ratio not verified, cross-check Musaffa/Zoya",
GIS,FOOD_BEVERAGE,FOOD-PACKAGED,18,35.75,-0.17004739816647263,43.22;42.95;44.10;46.88;46.27;47.04;46.96;43.46;43.31;43.87;43.06;43.72;43.06;42.12;41.95;39.30;38.07;37.45;36.25;36.11;34.96;35.24;35.98;36.17;35.57;35.53;33.97;33.90;34.90;34.45;34.87;34.13;33.88;34.13;33.96;35.10;33.22;33.04;32.43;33.20;32.90;32.60;33.31;33.06;31.62;32.59;33.15;33.24;33.69;32.79;32.77;34.21;35.40;34.21;36.93;36.47;35.24;36.60;37.22;37.97;37.15;35.55;36.61;37.92;35.75,HALAL,"Business activity permissible — debt ratio not verified, cross-check Musaffa/Zoya",
K,FOOD_BEVERAGE,FOOD-PACKAGED,,,,,HALAL,"Business activity permissible — debt ratio not verified, cross-check Musaffa/Zoya",
KHC,FOOD_BEVERAGE,FOOD-PACKAGED,54,25.850000381469727,0.15346041656967868,22.89;22.35;22.70;23.65;23.80;24.05;23.49;22.97;23.17;23.71;23.72;23.77;23.40;23.41;24.00;22.73;22.18;22.48;21.37;20.83;21.13;21.65;22.09;22.38;22.77;22.86;22.02;21.62;22.07;21.59;21.58;21.53;22.02;22.09;22.14;23.22;22.85;22.77;22.51;22.87;23.12;23.43;24.03;23.21;22.35;22.58;23.43;24.22;23.99;23.20;22.03;22.94;23.70;23.62;25.37;25.30;24.68;25.23;25.45;25.88;25.79;25.36;26.22;27.62;25.85,HALAL,"Business activity permissible — debt ratio not verified, cross-check Musaffa/Zoya",
MKC,FOOD_BEVERAGE,FOOD-PACKAGED,16,50.900001525878906,-0.14757263082537198,62.29;60.23;60.02;65.40;66.22;67.74;70.38;67.96;67.28;68.30;67.81;69.78;66.47;64.11;63.04;58.87;57.26;56.07;53.09;52.31;51.84;52.13;49.55;47.98;50.12;50.53;53.15;52.39;53.37;51.51;51.42;49.95;50.09;49.79;48.05;47.47;46.65;45.19;45.93;46.83;46.54;46.40;46.41;46.16;45.87;46.82;48.19;48.79;47.44;46.07;45.32;47.17;50.59;49.97;52.97;52.22;51.54;53.75;50.92;51.70;52.35;50.19;50.61;51.99;50.90,HALAL,"Business activity permissible — debt ratio not verified, cross-check Musaffa/Zoya",
POST,FOOD_BEVERAGE,FOOD-PACKAGED,17,91.41000366210938,-0.06999691921186157,98.03;98.78;101.29;104.47;114.61;109.65;110.41;108.50;107.04;105.91;104.53;106.30;106.66;105.58;105.43;101.63;98.45;96.93;97.41;97.35;97.21;95.70;98.86;100.32;100.05;102.58;99.86;99.39;101.59;106.93;104.64;103.81;102.05;103.40;103.71;102.99;100.53;104.31;101.07;97.69;97.27;95.87;96.37;89.13;91.00;90.43;91.51;93.17;92.36;88.96;86.68;90.84;89.41;88.26;92.78;88.77;84.70;86.70;85.23;86.86;88.39;90.16;91.31;97.53;91.41,HALAL,"Business activity permissible — debt ratio not verified, cross-check Musaffa/Zoya",
BRBR,FOOD_BEVERAGE,FOOD-PACKAGED,2,12.390000343322754,-0.5520607226437866,26.07;25.04;24.39;21.11;19.52;18.16;17.62;18.08;18.98;17.94;18.06;18.39;17.73;16.98;16.46;17.62;16.83;18.51;17.34;16.61;15.50;15.35;16.09;16.62;15.66;15.40;15.11;15.95;16.14;16.45;16.30;16.85;17.54;17.20;10.63;10.46;9.40;9.25;9.69;8.89;9.05;8.60;8.66;9.06;8.86;8.77;8.43;8.91;8.86;9.07;10.17;11.91;11.55;12.94;13.86;13.94;12.15;12.75;12.09;12.12;12.66;12.90;13.07;13.29;12.39,HALAL,"Business activity permissible — debt ratio not verified, cross-check Musaffa/Zoya",
SMPL,FOOD_BEVERAGE,FOOD-PACKAGED,2,10.180000305175781,-0.4977799666858562,19.60;18.75;18.13;17.73;17.33;16.41;16.04;15.51;16.77;17.02;16.87;17.06;16.26;16.39;15.49;14.83;14.41;15.11;14.58;14.05;14.39;14.35;14.35;14.16;14.45;11.80;11.11;11.72;11.89;12.41;12.42;13.34;13.59;13.23;12.78;12.44;11.37;11.20;11.55;11.41;11.60;11.40;11.80;11.66;11.41;11.94;12.44;12.64;12.51;12.14;11.86;12.63;13.06;13.28;13.73;13.17;13.01;13.31;11.88;11.08;11.04;10.28;10.66;10.25;10.18,HALAL,"Business activity permissible — debt ratio not verified, cross-check Musaffa/Zoya",
WHR,HOUSEHOLD,HOUSEHOLD-APPLIANCES & WARES,2,37.5,-0.5552539830746417,82.38;75.96;78.90;86.55;85.39;89.96;89.23;86.08;84.44;82.13;69.84;68.43;60.35;61.23;58.74;58.23;57.49;56.86;54.24;54.43;55.22;51.92;53.92;55.47;54.53;56.88;56.03;55.75;56.83;56.91;54.20;55.77;54.64;56.57;54.19;48.21;41.08;41.77;39.99;40.76;43.21;42.66;44.07;42.44;40.71;39.47;41.44;42.41;41.86;38.64;36.57;37.86;38.98;39.42;38.10;37.12;37.86;38.85;38.58;38.24;36.44;35.69;37.63;38.45;37.50,HALAL,"Business activity permissible — debt ratio not verified, cross-check Musaffa/Zoya",
NWL,HOUSEHOLD,HOUSEHOLD-APPLIANCES & WARES,79,5.599999904632568,0.3425639155505358,4.21;4.04;4.19;4.42;4.47;4.39;4.34;4.51;4.55;4.48;4.40;4.46;4.28;4.22;4.19;4.21;3.96;3.77;3.47;3.51;3.49;3.33;3.36;3.32;3.49;3.88;3.78;4.02;4.25;4.16;4.06;4.10;3.86;4.46;4.40;4.36;4.00;3.96;3.76;3.48;3.51;3.53;3.50;3.33;3.46;3.72;4.41;4.62;4.76;4.97;5.03;5.51;5.82;6.14;5.83;5.54;5.13;5.14;5.16;5.23;5.21;5.03;5.18;5.19;5.60,HALAL,"Business activity permissible — debt ratio not verified, cross-check Musaffa/Zoya",
HELE,HOUSEHOLD,HOUSEHOLD-APPLIANCES & WARES,81,27.6299991607666,0.5098360826601156,17.64;16.70;17.84;18.50;18.76;18.41;16.90;17.62;18.65;17.39;16.92;17.64;16.93;16.96;16.26;16.38;16.47;16.07;14.98;15.11;14.99;13.88;14.42;14.60;16.12;16.98;16.87;17.45;18.86;20.27;23.82;23.39;23.82;23.93;23.90;25.81;24.32;22.40;22.61;24.36;24.79;26.66;27.12;26.66;25.57;24.34;26.97;29.04;28.79;26.47;26.00;27.92;28.38;29.07;28.14;28.04;27.43;27.74;28.05;28.10;27.28;26.84;28.27;28.15;27.63,HALAL,"Business activity permissible — debt ratio not verified, cross-check Musaffa/Zoya",
ENR,HOUSEHOLD,HOUSEHOLD-APPLIANCES & WARES,39,20.969999313354492,0.09551586897476283,21.05;20.83;21.81;22.65;22.67;21.72;21.98;22.27;21.95;22.27;21.45;21.19;19.55;18.85;17.93;17.13;16.70;17.21;16.55;16.76;16.43;16.70;16.12;16.12;16.39;18.14;18.53;18.91;20.10;19.38;19.59;19.12;18.18;19.32;17.52;18.22;17.26;16.71;16.50;15.93;17.30;18.22;18.55;18.40;18.60;19.44;19.68;19.88;20.13;19.97;21.09;22.52;22.64;21.44;21.75;20.69;20.21;20.47;20.69;20.23;20.08;20.65;21.04;21.41;20.97,HALAL,"Business activity permissible — debt ratio not verified, cross-check Musaffa/Zoya",
JCI,HOUSEHOLD,HOUSEHOLD-APPLIANCES & WARES,70,146.66000366210938,0.29869861386716545,116.28;119.58;122.26;128.74;136.85;137.94;137.76;141.38;141.87;142.00;143.65;143.46;138.77;136.38;132.31;134.20;129.40;132.19;132.88;132.90;137.10;130.93;130.59;132.60;132.78;141.46;142.43;136.83;140.48;139.33;141.34;142.98;140.96;144.68;144.42;138.87;141.39;143.40;142.69;135.05;135.10;139.83;135.77;133.54;146.55;143.25;147.34;143.61;146.06;143.62;148.21;142.81;138.40;146.11;140.76;140.62;140.53;143.93;142.76;140.46;141.71;143.29;143.39;139.42;146.66,HALAL,"Business activity permissible — debt ratio not verified, cross-check Musaffa/Zoya",
SONO,HOUSEHOLD,HOUSEHOLD-AUDIO/VIDEO,44,14.65999984741211,-0.016767270459992156,14.74;14.34;14.84;15.56;17.08;17.45;16.29;15.60;15.66;14.91;15.40;15.40;14.75;15.20;14.20;14.15;13.15;13.49;13.43;13.59;13.26;12.70;13.40;13.58;13.40;13.04;13.31;13.86;14.37;14.94;14.42;14.64;14.67;14.84;14.01;14.89;15.22;14.64;14.83;14.75;14.72;16.23;15.85;16.17;15.72;15.08;15.38;15.44;14.90;14.29;14.32;14.07;13.57;13.53;13.62;14.10;14.08;15.04;13.80;15.11;14.79;14.53;15.66;17.52;14.66,HALAL,"Business activity permissible — debt ratio not verified, cross-check Musaffa/Zoya",
GPRO,HOUSEHOLD,HOUSEHOLD-AUDIO/VIDEO,2,0.7490000128746033,-0.4238461228094146,1.29;1.21;1.09;1.06;1.00;1.04;0.86;0.81;0.81;0.80;0.84;0.97;0.90;1.00;0.80;0.76;0.72;0.70;0.68;0.67;0.68;0.64;0.77;0.77;0.74;0.74;0.94;1.12;1.28;1.40;1.29;1.38;1.49;1.73;1.46;1.39;1.32;1.10;1.11;1.00;0.99;1.20;1.22;1.10;1.04;0.90;0.86;0.78;0.75;0.80;0.74;0.71;0.75;0.78;0.72;0.70;0.76;0.71;0.70;0.66;0.72;0.69;0.69;0.69;0.75,HALAL,"Business activity permissible — debt ratio not verified, cross-check Musaffa/Zoya",
VZIO,HOUSEHOLD,HOUSEHOLD-AUDIO/VIDEO,,,,,HALAL,"Business activity permissible — debt ratio not verified, cross-check Musaffa/Zoya",
VOXX,HOUSEHOLD,HOUSEHOLD-AUDIO/VIDEO,,,,,HALAL,"Business activity permissible — debt ratio not verified, cross-check Musaffa/Zoya",
LZB,HOUSEHOLD,HOUSEHOLD-HOUSEWARES,54,39.380001068115234,0.047441238369887895,36.81;36.28;36.75;38.15;38.29;37.94;36.97;37.43;35.94;34.80;35.45;35.25;35.12;35.06;33.65;32.96;33.59;32.86;32.33;32.62;32.50;31.73;31.93;31.40;31.33;32.99;33.41;34.00;35.64;36.15;35.67;35.70;34.98;34.91;34.36;35.33;35.21;34.25;34.08;33.85;36.54;37.04;37.90;37.14;36.27;36.33;37.33;38.99;37.78;40.24;39.99;41.85;40.95;40.12;39.91;39.09;39.31;38.77;39.93;39.87;39.22;38.84;40.38;40.93;39.38,HALAL,"Business activity permissible — debt ratio not verified, cross-check Musaffa/Zoya",
MHK,HOUSEHOLD,HOUSEHOLD-HOUSEWARES,49,123.0999984741211,0.020645036490911206,120.07;119.99;120.71;130.41;131.89;136.90;133.48;131.91;128.16;124.15;123.48;125.27;113.80;108.70;107.85;106.38;102.55;104.42;98.23;101.83;101.95;96.26;98.46;96.80;97.59;103.18;105.00;103.88;108.83;108.75;108.27;107.59;102.89;99.93;97.39;102.74;100.97;97.92;96.56;94.33;102.33;103.80;107.65;105.64;104.88;102.86;106.89;109.35;111.43;108.04;109.95;119.09;119.76;121.33;119.35;112.88;109.59;107.66;111.51;111.50;108.28;110.01;115.61;113.38;123.10,HALAL,"Business activity permissible — debt ratio not verified, cross-check Musaffa/Zoya",
ETD,HOUSEHOLD,HOUSEHOLD-HOUSEWARES,24,22.399999618530273,-0.04037986215162337,23.43;21.73;22.28;23.36;23.66;23.85;23.01;23.23;22.89;22.44;22.56;22.32;22.01;21.85;21.70;21.48;21.70;21.88;21.73;22.09;22.00;21.71;21.81;21.81;20.80;21.75;21.79;21.83;22.24;22.34;22.02;22.15;21.76;20.40;19.85;20.02;19.23;18.68;18.84;19.07;19.72;20.00;21.04;20.64;20.55;20.67;21.57;22.13;21.46;21.07;21.33;22.68;22.53;22.34;21.69;21.40;21.36;22.13;22.89;22.78;22.85;22.50;23.27;23.59;22.40,HALAL,"Business activity permissible — debt ratio not verified, cross-check Musaffa/Zoya",
HVT,HOUSEHOLD,HOUSEHOLD-HOUSEWARES,61,24.639999389648438,-0.03456411974121132,25.06;24.73;25.16;26.29;26.52;26.24;25.34;25.48;25.19;24.57;23.61;23.12;22.30;22.59;21.63;21.54;21.16;21.62;20.82;20.76;20.94;21.00;20.88;20.53;20.67;22.18;21.95;22.23;22.95;22.88;22.46;22.35;21.49;21.43;19.96;21.44;20.96;20.24;20.51;20.92;21.93;22.67;23.48;22.78;22.53;22.63;23.33;23.99;23.69;23.78;24.16;25.43;25.81;25.53;24.97;25.12;25.09;25.02;25.66;25.63;25.55;24.71;25.22;25.95;24.64,HALAL,"Business activity permissible — debt ratio not verified, cross-check Musaffa/Zoya",
FLXS,HOUSEHOLD,HOUSEHOLD-HOUSEWARES,95,74.02999877929688,0.8128363421444011,39.12;38.88;41.32;43.63;57.08;55.84;55.06;56.79;52.77;52.27;52.30;51.05;49.59;47.64;45.96;45.65;45.00;45.27;44.48;44.96;44.80;45.46;44.77;46.39;45.94;48.35;50.08;44.95;46.47;49.85;48.10;54.31;56.68;56.18;56.01;54.95;55.42;53.91;53.30;53.16;56.00;56.25;59.65;57.84;57.53;56.73;57.75;62.97;63.43;63.05;64.60;67.84;72.91;74.48;72.49;69.55;71.79;71.50;72.24;72.98;74.95;75.19;75.84;75.35;74.03,HALAL,"Business activity permissible — debt ratio not verified, cross-check Musaffa/Zoya",
UNH,INSURANCE,INSURANCE-ACC & HEALTH,71,414.3999938964844,0.17893363532795292,278.93;288.39;281.78;272.24;272.96;269.57;280.57;285.23;286.06;278.57;280.41;289.35;285.35;284.92;283.55;283.63;280.49;285.94;278.85;268.01;269.01;257.55;269.05;275.69;305.98;305.17;311.22;312.27;322.79;344.05;352.55;352.68;368.63;366.69;361.80;367.64;382.26;398.88;391.61;387.03;380.31;374.72;380.36;377.70;374.86;397.20;410.65;403.25;411.04;399.53;406.68;405.80;427.89;415.63;425.36;428.19;431.68;429.09;418.52;426.09;436.35;423.56;417.64;420.57;414.40,HARAM,Group classification: INSURANCE-ACC & HEALTH,
ELV,INSURANCE,INSURANCE-ACC & HEALTH,55,375.8399963378906,0.023272622853742986,319.64;343.46;338.36;337.14;335.54;322.33;332.63;341.28;344.64;332.46;327.15;316.75;281.15;283.57;277.89;288.62;290.45;294.55;289.97;288.07;294.89;285.23;291.56;299.52;310.57;315.59;314.79;309.92;321.74;326.78;344.89;354.69;375.10;371.17;367.57;371.41;380.20;398.02;391.09;400.64;388.24;386.28;391.16;401.03;389.68;413.85;422.71;399.18;401.89;391.27;394.82;384.00;395.18;386.73;417.89;418.85;420.39;425.17;390.33;373.11;393.44;379.31;378.36;375.98;375.84,HARAM,Group classification: INSURANCE-ACC & HEALTH,
CI,INSURANCE,INSURANCE-ACC & HEALTH,29,279.04998779296875,0.010792951882730994,267.06;268.23;268.50;268.66;288.78;284.58;284.39;287.45;282.72;280.01;281.25;286.57;280.75;279.65;268.11;259.37;265.65;261.95;263.05;259.98;268.80;260.45;265.21;268.46;272.67;276.85;273.53;267.08;277.03;275.10;278.11;280.95;290.64;281.27;274.07;282.40;287.40;298.98;283.63;289.60;280.39;279.21;282.69;272.61;269.17;289.48;295.00;294.84;293.83;285.09;282.08;279.46;282.79;275.68;287.77;286.62;291.80;304.50;297.81;281.45;290.49;286.29;291.02;296.47;279.05,HARAM,Group classification: INSURANCE-ACC & HEALTH,
HUM,INSURANCE,INSURANCE-ACC & HEALTH,92,363.8599853515625,0.37549992241663244,206.39;195.22;185.82;190.65;192.51;179.96;177.51;183.62;189.09;179.82;174.76;189.13;180.24;179.41;177.21;169.69;164.21;169.51;165.22;168.88;172.95;168.69;172.98;177.41;196.69;196.86;197.76;197.90;204.66;216.85;214.44;223.09;242.55;233.08;238.97;246.54;273.61;304.13;304.40;309.82;302.97;300.98;307.97;327.54;326.77;349.26;362.33;367.82;379.36;361.15;359.87;360.79;383.84;397.22;396.75;394.62;397.76;406.00;407.78;400.00;404.34;394.50;381.15;365.41;363.86,HARAM,Group classification: INSURANCE-ACC & HEALTH,
CNC,INSURANCE,INSURANCE-ACC & HEALTH,93,62.220001220703125,0.34996747699532293,41.53;43.60;42.80;40.96;38.46;39.61;39.18;41.23;43.68;43.34;42.69;44.88;43.82;43.27;43.32;35.86;34.45;34.94;35.57;32.81;32.73;32.00;32.74;35.11;36.31;37.55;37.47;37.60;38.17;39.14;41.09;43.50;53.98;53.34;52.98;54.98;56.36;58.81;58.27;59.15;57.77;57.21;58.91;62.00;59.55;62.33;66.21;63.54;63.40;60.64;63.68;62.97;65.73;64.19;67.86;66.12;67.60;68.29;66.61;66.44;67.59;63.74;64.08;61.82;62.22,HARAM,Group classification: INSURANCE-ACC & HEALTH,
MOH,INSURANCE,INSURANCE-ACC & HEALTH,39,195.6199951171875,-0.031056537180723875,184.12;184.93;181.18;178.04;131.72;125.43;126.71;135.68;148.24;156.21;145.55;154.05;144.81;147.71;146.03;146.80;149.20;143.96;142.21;135.24;139.84;134.03;133.30;139.38;141.53;145.05;149.98;146.80;148.97;151.00;174.70;179.22;196.49;192.70;192.17;191.85;185.19;191.97;184.99;184.38;181.26;176.20;178.02;183.25;184.82;190.86;203.06;193.20;201.87;195.53;197.42;201.42;229.74;228.70;229.87;232.90;232.09;242.88;233.36;225.37;226.54;200.29;199.48;199.02;195.62,HARAM,Group classification: INSURANCE-ACC & HEALTH,
AET,INSURANCE,INSURANCE-ACC & HEALTH,,,,,HARAM,Group classification: INSURANCE-ACC & HEALTH,
MMC,INSURANCE,INSURANCE-BROKERS,,,,,HARAM,Group classification: INSURANCE-BROKERS,
AON,INSURANCE,INSURANCE-BROKERS,48,360.54998779296875,0.06735111315003994,329.88;342.05;348.69;349.29;341.14;317.08;313.66;325.10;323.45;314.48;323.81;334.59;338.18;337.88;331.96;316.07;320.56;320.33;316.16;325.11;320.60;312.83;321.93;322.29;321.62;324.54;324.54;327.22;330.93;334.44;322.71;322.93;321.64;311.51;314.55;313.59;312.07;310.90;317.22;323.66;324.22;319.29;318.30;320.41;315.60;328.53;331.59;335.17;329.51;326.69;313.63;325.48;328.69;331.69;357.46;359.82;355.56;367.35;355.15;367.21;359.40;355.78;367.17;377.16;360.55,HARAM,Group classification: INSURANCE-BROKERS,
WTW,INSURANCE,INSURANCE-BROKERS,52,335.9200134277344,0.0478721034462013,312.14;314.06;314.42;337.39;327.75;287.76;281.02;293.45;298.92;289.50;294.78;303.06;300.97;298.44;292.63;287.89;287.53;287.85;285.23;291.40;287.50;280.22;289.65;287.59;284.21;286.82;286.90;291.09;296.56;296.76;289.84;288.29;289.06;255.41;258.53;257.13;248.81;241.24;247.48;253.28;257.29;255.42;251.10;256.11;250.07;262.58;260.21;259.84;256.91;259.09;252.05;260.55;264.47;261.37;286.22;293.90;289.13;295.55;285.12;293.43;288.82;288.37;302.64;315.93;335.92,HARAM,Group classification: INSURANCE-BROKERS,
AJG,INSURANCE,INSURANCE-BROKERS,35,249.4199981689453,-0.00866740393009724,240.79;244.28;243.71;247.96;240.04;211.23;203.49;212.64;216.98;212.97;216.74;226.75;223.80;228.19;217.06;209.14;207.24;208.47;208.98;216.02;212.85;206.41;215.86;216.89;216.85;217.67;221.76;222.43;220.87;223.72;218.64;214.35;211.11;207.42;205.12;201.27;197.91;191.36;199.29;202.78;206.72;203.28;201.98;205.42;201.83;216.14;217.05;220.90;215.74;216.09;209.08;220.76;226.01;229.57;252.44;254.67;253.76;261.23;247.77;253.90;248.22;242.21;253.36;268.91;249.42,HARAM,Group classification: INSURANCE-BROKERS,
BRO,INSURANCE,INSURANCE-BROKERS,21,70.4000015258789,-0.10623070919269628,73.73;71.72;70.93;73.81;73.56;67.41;69.33;68.63;69.22;68.96;69.85;71.61;71.95;72.91;70.83;68.18;68.06;68.13;66.37;66.52;64.10;63.24;65.02;65.76;66.18;66.93;67.26;67.20;67.52;68.75;67.35;65.93;61.46;57.46;57.34;57.88;55.35;54.38;56.28;58.09;58.52;56.99;56.84;56.98;55.14;58.86;59.11;59.95;59.28;59.04;58.24;61.80;64.22;64.15;70.00;69.27;67.84;69.21;66.86;69.35;66.64;65.74;69.70;74.87;70.40,HARAM,Group classification: INSURANCE-BROKERS,
RYAN,INSURANCE,INSURANCE-BROKERS,32,44.15999984741211,-0.110150641193421,46.23;46.95;47.15;47.26;47.16;44.54;44.05;39.39;41.02;38.73;37.81;39.19;39.78;39.18;37.68;36.25;36.03;35.83;34.61;34.45;33.36;31.61;33.60;33.37;33.50;34.75;35.70;36.24;37.29;38.09;35.25;34.60;35.11;30.70;30.42;31.58;31.16;30.27;31.81;33.77;33.31;32.33;31.79;33.11;30.86;32.56;33.34;34.49;35.34;35.28;33.26;35.28;38.88;37.76;42.03;41.58;40.61;41.76;40.66;41.97;40.89;39.98;43.19;46.48;44.16,HARAM,Group classification: INSURANCE-BROKERS,
GSHD,INSURANCE,INSURANCE-BROKERS,33,62.0,-0.09647336755479474,63.58;62.72;60.17;64.99;66.17;50.02;52.35;50.63;43.75;45.82;51.14;54.20;52.26;50.80;47.89;44.14;44.17;45.03;42.21;44.39;41.19;41.10;42.66;42.44;44.66;42.25;41.89;41.20;43.85;44.67;50.77;48.25;47.22;43.52;42.46;42.12;40.16;36.39;37.65;41.31;42.49;40.00;35.23;36.65;34.37;38.35;35.92;36.90;36.05;35.13;39.01;43.40;46.87;48.50;52.69;55.60;52.96;54.87;51.65;54.28;53.75;53.90;62.00;70.72;62.00,HARAM,Group classification: INSURANCE-BROKERS,
ERIE,INSURANCE,INSURANCE-BROKERS,19,242.0399932861328,-0.11244014748112763,269.39;278.88;278.71;283.11;284.43;275.46;279.71;280.61;271.50;260.76;266.74;266.37;269.05;266.62;252.74;239.93;244.09;244.26;238.18;243.07;233.40;238.12;248.44;246.66;247.13;255.79;259.80;243.14;243.42;252.41;247.48;229.90;218.48;213.74;219.98;215.52;215.85;211.45;211.84;221.88;223.45;221.80;216.95;210.41;206.06;225.93;227.32;224.72;222.77;220.38;210.45;228.22;237.35;238.39;257.77;256.37;247.81;247.17;210.19;227.31;215.82;214.52;228.26;248.55;242.04,HARAM,Group classification: INSURANCE-BROKERS,
BRK-B,INSURANCE,INSURANCE-DIVERSIFIED,,,,,QUESTIONABLE,Berkshire — large insurance subsidiaries; scholar-disputed,
BRK-A,INSURANCE,INSURANCE-DIVERSIFIED,46,766600.0,0.06334578018453896,713000.00;714000.00;729425.00;757890.00;762570.00;750020.00;749540.00;754910.00;746100.00;740200.00;742000.00;757000.00;721045.00;750750.00;745200.00;740000.00;734839.00;738390.00;722778.00;720000.00;714977.00;703700.00;718140.00;716300.00;716880.00;727881.00;720750.00;711235.00;711559.00;703700.00;706165.00;708600.00;713000.00;710300.00;699965.00;716250.00;721000.00;727500.00;723821.00;720600.00;718387.00;724500.00;715660.00;705161.00;713692.00;733550.00;729862.00;726581.00;742046.00;737300.00;734400.00;742900.00;745140.00;748850.00;761580.00;756000.00;741030.00;744850.00;733180.00;736000.00;733526.00;736632.00;745840.00;763167.00;766600.00,QUESTIONABLE,Berkshire — large insurance subsidiaries; scholar-disputed,
AIG,INSURANCE,INSURANCE-DIVERSIFIED,,,,,HARAM,Group classification: INSURANCE-DIVERSIFIED,
HIG,INSURANCE,INSURANCE-DIVERSIFIED,53,141.91000366210938,0.11330289736996013,129.14;131.18;135.94;139.60;141.28;140.36;140.62;142.24;139.05;139.28;139.80;139.57;140.41;139.02;137.30;134.32;132.30;134.69;130.74;134.79;133.47;131.70;134.59;135.55;135.12;139.74;138.41;138.10;139.18;138.49;138.95;136.06;136.00;135.17;133.52;132.04;131.49;132.00;133.29;134.38;135.38;134.72;128.36;126.57;125.94;132.14;128.97;128.40;129.82;129.64;129.50;132.32;133.89;132.52;137.85;139.64;138.52;140.78;134.50;140.26;141.98;142.18;140.14;145.68;141.91,HARAM,Group classification: INSURANCE-DIVERSIFIED,
CB,INSURANCE,INSURANCE-DIVERSIFIED,66,350.67999267578125,0.1724854493869672,299.65;304.32;309.37;327.46;328.97;324.28;330.50;329.88;327.17;331.37;332.52;338.80;336.26;330.45;322.44;320.81;327.95;329.84;322.63;325.35;322.20;318.10;324.92;327.31;326.38;331.90;328.95;326.25;329.80;328.27;331.84;323.59;324.74;325.21;321.57;320.28;319.26;315.03;323.14;329.10;329.23;324.44;315.24;308.82;311.78;325.26;324.12;326.91;326.95;327.96;325.20;335.15;341.44;340.74;361.17;359.30;347.80;354.74;337.44;352.16;354.80;353.25;358.91;361.90;350.68,HARAM,Group classification: INSURANCE-DIVERSIFIED,
ACGL,INSURANCE,INSURANCE-DIVERSIFIED,50,100.52999877929688,0.08143287187369008,93.46;95.72;96.71;100.13;100.95;97.85;99.85;98.88;98.34;98.70;99.36;100.15;100.48;97.07;95.62;94.81;93.47;94.40;92.17;93.66;93.32;93.42;95.99;96.74;96.92;98.84;97.10;97.47;97.59;98.85;98.07;96.35;92.72;93.82;94.14;94.52;93.83;93.32;93.98;96.39;96.13;95.37;90.67;88.74;87.89;91.19;90.41;91.13;91.50;92.37;92.04;94.92;97.54;97.06;102.20;102.85;101.70;103.06;98.54;101.35;100.55;100.10;103.88;104.55;100.53,HARAM,Group classification: INSURANCE-DIVERSIFIED,
EG,INSURANCE,INSURANCE-DIVERSIFIED,,,,,HARAM,Group classification: INSURANCE-DIVERSIFIED,
RE,INSURANCE,INSURANCE-DIVERSIFIED,,,,,HARAM,Group classification: INSURANCE-DIVERSIFIED,
MET,INSURANCE,INSURANCE-LIFE,75,96.12999725341797,0.28691176030501153,75.57;77.08;78.66;77.42;75.80;77.33;76.77;77.98;77.51;74.67;74.74;71.52;72.12;72.39;70.23;69.43;67.45;68.77;68.09;68.65;69.85;67.19;70.18;70.18;70.66;74.08;74.79;76.93;77.49;76.89;75.48;77.08;78.36;79.62;79.29;78.22;77.39;78.08;79.78;81.07;84.30;83.27;81.96;81.84;80.96;84.49;85.57;87.58;87.66;85.85;87.56;84.60;85.95;84.61;90.06;91.67;91.15;93.03;92.20;94.00;93.37;92.54;95.19;97.02;96.13,HARAM,Group classification: INSURANCE-LIFE,
PRU,INSURANCE,INSURANCE-LIFE,74,122.08000183105469,0.16466147288286437,104.56;106.94;108.74;99.45;100.06;100.58;101.37;101.88;101.33;99.52;99.50;97.06;97.42;97.81;94.64;93.66;90.76;93.22;91.27;93.02;93.98;92.04;96.38;96.27;96.09;95.79;97.16;98.08;100.28;95.15;93.08;94.30;95.12;97.29;98.92;98.10;99.76;101.00;100.56;99.80;102.84;102.62;100.61;100.49;100.79;104.62;103.70;106.51;108.69;107.01;108.26;106.26;108.25;107.93;112.95;115.47;115.00;116.17;115.04;119.07;118.59;117.84;121.89;122.63;122.08,HARAM,Group classification: INSURANCE-LIFE,
AFL,INSURANCE,INSURANCE-LIFE,65,127.4800033569336,0.2029223227657626,107.25;109.36;110.78;112.44;115.93;114.67;114.67;114.22;112.18;111.77;111.86;112.35;111.85;110.47;109.61;108.77;108.15;108.96;106.62;106.10;106.66;105.86;109.14;109.91;109.95;112.49;111.56;112.40;113.93;115.37;114.53;114.09;115.61;112.30;113.87;113.01;114.89;114.89;116.21;117.80;117.81;116.82;112.63;112.11;114.50;118.24;115.61;116.45;116.96;116.24;116.55;117.75;120.15;117.25;120.88;121.49;121.99;123.30;121.01;124.72;123.59;124.34;126.56;128.67;127.48,HARAM,Group classification: INSURANCE-LIFE,
LNC,INSURANCE,INSURANCE-LIFE,74,45.61000061035156,0.15832498234861458,39.88;40.63;41.38;39.67;39.34;38.38;39.69;40.57;39.13;34.83;35.14;33.47;33.26;34.28;33.18;32.37;31.82;33.71;32.79;33.86;35.06;33.35;34.64;34.04;34.09;34.05;34.51;35.60;36.47;36.27;36.04;37.14;36.56;37.10;37.11;35.53;34.37;33.68;33.98;33.93;35.57;35.37;34.69;34.24;33.15;34.34;34.98;36.18;37.14;36.96;37.25;35.82;36.30;34.95;36.58;38.74;39.05;40.85;40.96;42.24;41.82;40.83;41.20;41.43;45.61,HARAM,Group classification: INSURANCE-LIFE,
PFG,INSURANCE,INSURANCE-LIFE,79,113.69999694824219,0.26782068184144125,90.68;93.17;94.39;94.78;95.71;92.07;88.99;90.44;90.61;91.14;93.09;93.82;92.10;91.93;89.09;87.50;85.15;87.04;85.22;85.87;88.02;86.32;89.40;89.39;90.34;91.59;92.81;93.93;95.41;94.97;96.23;98.95;98.84;100.29;100.07;99.24;99.40;99.63;99.73;100.34;103.10;103.88;102.50;102.90;101.19;105.22;106.66;109.69;110.59;110.22;111.23;106.70;107.75;107.78;110.87;112.88;111.67;113.61;112.96;113.95;109.57;107.32;111.29;113.18;113.70,HARAM,Group classification: INSURANCE-LIFE,
GL,INSURANCE,INSURANCE-LIFE,81,182.25,0.34076129247207443,136.82;139.40;142.84;144.22;145.90;141.36;143.50;145.30;143.41;142.05;143.55;144.65;144.09;142.77;141.42;140.40;137.88;139.12;137.14;136.81;136.94;134.55;138.59;142.34;143.48;147.12;147.28;148.81;151.58;150.64;153.69;151.79;152.26;152.44;153.86;152.17;153.58;152.71;154.76;149.60;156.31;156.46;153.51;151.84;150.92;158.89;159.04;164.80;167.08;170.94;171.74;175.32;178.98;178.35;180.16;176.67;178.86;178.62;181.51;184.76;184.34;171.08;174.37;179.68;182.25,HARAM,Group classification: INSURANCE-LIFE,
AEL,INSURANCE,INSURANCE-LIFE,,,,,HARAM,Group classification: INSURANCE-LIFE,
EQH,INSURANCE,INSURANCE-LIFE,45,47.650001525878906,0.05894745159051151,45.28;45.45;46.09;44.17;44.88;45.01;42.97;44.61;43.73;39.64;40.53;39.65;38.74;39.49;39.15;37.96;36.95;38.27;36.97;37.80;37.91;35.08;36.84;37.52;37.48;38.20;37.94;41.70;41.43;40.70;41.30;41.25;41.17;41.86;43.72;42.54;40.69;40.89;42.27;40.96;42.21;41.94;40.78;40.53;39.85;40.80;41.93;43.61;45.20;45.50;44.98;43.31;44.00;43.88;45.61;46.98;46.69;47.80;49.46;48.99;48.45;47.44;48.59;48.35;47.65,HARAM,Group classification: INSURANCE-LIFE,
TRV,INSURANCE,INSURANCE-PROP/CAS/TITLE,83,374.3599853515625,0.3585406071146522,279.08;282.08;283.41;292.92;299.15;296.29;295.12;296.90;297.57;303.02;302.39;306.24;308.55;304.26;300.83;298.15;301.23;305.05;295.60;294.29;289.38;284.08;290.47;292.77;293.82;301.97;300.06;298.08;299.56;300.17;306.05;302.48;300.99;303.45;300.10;297.70;295.89;293.79;298.51;304.25;305.95;303.57;293.08;287.73;288.74;301.99;299.00;303.90;306.47;306.07;310.61;320.74;327.37;330.12;342.31;343.73;337.48;341.51;329.19;368.98;369.63;376.37;390.35;389.01;374.36,HARAM,Group classification: INSURANCE-PROP/CAS/TITLE,
ALL,INSURANCE,INSURANCE-PROP/CAS/TITLE,81,264.0799865722656,0.3778180223344021,192.77;196.36;198.70;205.00;205.42;199.09;204.44;210.14;201.14;204.05;207.18;212.32;212.49;210.51;206.60;204.51;205.09;206.18;203.00;206.67;203.64;201.65;206.25;205.95;209.43;213.40;213.96;217.09;215.03;215.21;215.43;213.08;211.22;215.45;217.36;212.55;212.68;214.41;216.23;223.40;213.32;211.70;206.19;207.21;209.34;221.01;217.18;219.57;221.81;221.66;222.56;233.54;239.61;237.94;250.33;251.46;248.64;256.45;239.48;249.90;251.74;254.52;261.27;274.39;264.08,HARAM,Group classification: INSURANCE-PROP/CAS/TITLE,
PGR,INSURANCE,INSURANCE-PROP/CAS/TITLE,36,211.4199981689453,0.027148113012215758,207.88;208.06;202.84;205.34;202.10;202.41;205.25;207.70;201.58;203.49;204.34;213.45;213.15;210.38;206.60;201.03;204.97;203.59;202.49;204.90;202.65;198.65;198.05;195.16;196.76;199.79;199.48;201.14;202.49;207.41;205.24;201.89;200.57;199.22;197.65;195.66;196.82;195.87;199.64;202.78;198.88;198.69;194.42;192.58;193.37;203.93;200.04;202.17;203.41;204.33;207.29;220.40;224.24;218.35;232.22;234.40;229.52;234.48;205.22;207.95;205.90;207.07;215.76;219.99;211.42,HARAM,Group classification: INSURANCE-PROP/CAS/TITLE,
CINF,INSURANCE,INSURANCE-PROP/CAS/TITLE,60,177.67999267578125,0.14442002612883176,156.08;156.40;160.65;167.04;170.70;161.25;163.25;164.20;160.57;159.09;161.90;162.13;166.63;164.46;161.48;162.15;161.97;162.91;156.08;158.38;154.60;152.84;156.49;157.55;159.31;163.06;162.79;162.11;165.91;165.55;167.26;164.74;162.33;161.17;159.48;161.17;162.44;162.37;165.51;166.94;167.45;166.13;159.13;155.98;157.16;164.39;162.94;167.38;168.42;170.54;171.52;178.45;184.08;185.14;192.03;189.06;175.43;182.67;172.43;180.79;180.51;179.38;184.23;181.33;177.68,HARAM,Group classification: INSURANCE-PROP/CAS/TITLE,
WRB,INSURANCE,INSURANCE-PROP/CAS/TITLE,48,72.54000091552734,0.09187858740586408,66.54;67.56;67.08;69.47;69.69;69.21;70.92;70.32;69.62;70.37;70.94;71.06;71.99;68.95;67.63;67.25;68.15;68.23;65.63;64.96;63.91;64.16;65.69;65.40;66.08;66.61;66.36;65.51;66.23;64.82;67.84;65.61;66.35;65.79;65.90;65.94;65.82;64.85;65.86;67.91;66.87;66.73;63.73;63.77;64.71;67.96;66.62;66.94;67.42;67.48;66.54;70.05;71.27;70.53;72.08;71.54;71.82;73.84;69.88;71.61;72.16;73.43;75.70;75.65;72.54,HARAM,Group classification: INSURANCE-PROP/CAS/TITLE,
MKL,INSURANCE,INSURANCE-PROP/CAS/TITLE,27,1882.3399658203125,-0.07237791945853311,2012.36;2020.62;2033.99;2054.08;2102.15;2103.20;2081.53;2084.46;2067.69;2066.61;2076.64;2072.47;2038.03;2019.81;1961.70;1956.56;1942.78;1966.73;1881.52;1889.16;1892.82;1867.29;1914.07;1898.98;1905.57;1956.63;1949.37;1983.23;1988.36;1965.84;1929.91;1895.74;1759.21;1779.36;1764.81;1799.97;1838.77;1820.58;1844.00;1860.47;1853.45;1858.44;1846.37;1789.67;1777.63;1818.67;1815.35;1830.00;1854.05;1868.43;1858.91;1900.36;1920.06;1953.01;1979.65;1969.34;1949.44;1962.27;1922.77;1972.43;1962.93;1961.57;2014.95;2015.00;1882.34,HARAM,Group classification: INSURANCE-PROP/CAS/TITLE,
RLI,INSURANCE,INSURANCE-PROP/CAS/TITLE,58,61.2400016784668,0.1253550886435284,54.75;55.27;56.11;58.27;58.96;59.27;59.63;58.05;58.09;57.34;58.89;59.53;60.61;58.74;58.45;57.89;59.21;58.63;55.63;55.21;54.56;53.94;54.63;55.68;55.33;56.21;56.27;55.88;56.52;55.93;52.61;49.27;48.98;49.32;47.97;47.52;46.29;45.75;48.67;49.93;50.77;50.10;49.32;50.63;50.08;52.38;52.25;54.13;53.59;52.75;52.74;54.75;57.56;59.07;62.52;62.12;60.14;61.46;58.05;61.57;60.20;61.16;64.05;65.65;61.24,HARAM,Group classification: INSURANCE-PROP/CAS/TITLE,
FNF,INSURANCE,INSURANCE-PROP/CAS/TITLE,32,51.59000015258789,-0.012976028557991293,53.35;53.30;53.95;54.83;56.37;55.71;55.77;56.22;53.04;49.93;50.40;51.74;49.57;49.12;48.38;46.17;46.54;48.08;44.40;43.99;44.31;45.19;45.88;45.20;46.07;47.29;46.58;47.90;49.16;50.13;50.98;51.31;51.73;51.07;50.63;49.73;47.77;46.96;47.41;48.34;48.83;47.92;47.05;45.92;44.93;46.89;47.17;47.09;47.54;46.85;46.94;46.34;46.71;47.16;48.84;49.32;49.16;50.04;50.13;51.90;50.78;48.61;52.02;53.45;51.59,HARAM,Group classification: INSURANCE-PROP/CAS/TITLE,
FAF,INSURANCE,INSURANCE-PROP/CAS/TITLE,67,74.98999786376953,0.20029469172067316,63.68;63.02;62.91;64.33;66.24;65.47;65.06;66.89;65.46;65.26;66.53;68.97;68.79;67.91;65.78;62.99;65.12;66.02;57.76;57.58;57.88;57.99;59.80;57.75;60.34;63.46;62.38;63.27;65.46;66.35;68.28;68.85;70.54;67.96;67.82;69.25;67.89;66.31;66.56;66.88;67.28;67.59;66.00;64.27;64.05;66.47;66.42;64.84;66.32;67.78;68.28;67.25;67.06;68.59;69.48;71.05;70.26;70.06;69.57;73.03;71.65;68.96;76.28;78.17;74.99,HARAM,Group classification: INSURANCE-PROP/CAS/TITLE,
STC,INSURANCE,INSURANCE-PROP/CAS/TITLE,38,67.58999633789062,0.0472084213034778,66.32;66.82;67.23;67.75;70.29;70.73;68.37;68.09;66.41;65.30;67.73;69.85;67.48;67.98;64.82;61.95;63.55;64.52;59.82;58.69;58.15;58.58;61.08;60.06;61.67;64.72;64.33;64.76;66.98;66.71;70.37;71.27;69.44;68.54;68.06;69.26;67.55;65.96;66.25;66.43;67.51;67.47;65.58;63.41;62.12;65.30;65.58;64.28;65.59;65.50;66.18;68.06;68.68;66.02;67.96;68.35;67.96;69.42;68.63;72.00;70.13;64.25;66.34;70.24;67.59,HARAM,Group classification: INSURANCE-PROP/CAS/TITLE,
ORI,INSURANCE,INSURANCE-PROP/CAS/TITLE,60,43.209999084472656,0.15734994492308996,38.08;38.47;38.60;40.16;41.10;41.64;41.95;41.88;40.86;40.95;41.65;42.19;41.69;41.40;40.53;39.71;39.76;39.85;37.55;37.94;39.03;39.09;39.56;40.05;40.15;41.24;41.14;40.88;42.20;42.47;39.56;39.89;39.36;38.93;38.92;39.15;38.89;38.47;38.99;39.24;39.31;39.08;37.43;36.35;36.73;38.16;37.88;38.21;38.56;38.73;39.08;40.30;41.23;40.92;41.87;41.85;41.32;42.04;40.31;42.24;41.96;41.32;43.07;44.59;43.21,HARAM,Group classification: INSURANCE-PROP/CAS/TITLE,
AFG,INSURANCE,INSURANCE-PROP/CAS/TITLE,57,141.72000122070312,0.13675488431282745,124.73;125.67;126.96;123.10;127.84;126.27;125.85;129.40;128.68;127.93;130.08;131.26;130.20;129.87;127.58;125.65;126.43;126.92;122.86;125.67;125.21;124.15;126.06;128.03;128.95;130.74;130.47;129.78;130.64;129.86;131.41;128.74;128.61;130.82;130.81;130.88;131.15;131.54;133.46;135.46;136.38;134.88;131.18;127.47;128.07;131.63;130.46;131.57;132.97;132.52;133.48;137.37;138.31;139.07;141.86;141.91;141.40;142.46;137.88;141.89;141.45;141.16;143.88;143.51;141.72,HARAM,Group classification: INSURANCE-PROP/CAS/TITLE,
GOOGL,INTERNET,INTERNET-CONTENT,79,356.1300048828125,0.08740760150288285,334.12;337.81;343.24;332.61;322.44;318.17;308.60;301.63;302.46;311.09;312.49;311.35;303.19;300.49;306.18;308.52;302.10;310.73;306.95;301.88;290.76;274.18;287.39;295.59;305.28;318.30;321.12;336.92;341.48;332.09;338.69;350.13;349.73;385.46;388.20;397.75;388.41;402.38;396.54;387.43;387.43;388.65;389.90;376.15;358.78;368.31;364.26;357.77;369.35;363.79;349.68;345.29;337.39;357.37;359.91;367.03;358.89;352.51;370.92;346.77;347.15;317.69;326.56;336.71;356.13,QUESTIONABLE,Ad-revenue exposure to non-halal advertisers,
GOOG,INTERNET,INTERNET-CONTENT,79,356.6499938964844,0.08734288864388096,334.56;338.22;344.45;332.90;322.68;318.21;308.97;302.42;303.16;311.28;312.62;311.02;303.16;300.52;305.83;308.23;301.28;309.22;305.55;298.84;289.42;273.60;286.69;294.28;303.75;316.18;319.02;334.27;339.20;330.27;337.55;348.31;347.10;382.99;384.04;395.06;386.54;398.80;393.08;384.67;383.24;384.61;385.89;372.36;355.47;365.54;362.29;356.56;367.11;362.10;348.78;345.04;334.69;353.33;356.18;363.62;356.24;350.67;370.21;346.12;346.19;318.34;326.57;335.76;356.65,QUESTIONABLE,Same as GOOGL,
META,INTERNET,INTERNET-CONTENT,11,556.7100219726562,-0.15340480973195791,671.77;737.00;705.15;667.80;660.28;669.53;648.65;638.15;643.63;636.12;652.53;647.03;653.91;659.39;646.24;653.69;612.62;622.08;606.14;603.50;594.34;525.23;571.60;573.93;574.52;627.81;633.94;670.96;687.91;668.22;658.54;677.99;668.50;608.19;604.40;616.24;598.31;616.06;613.66;602.05;606.82;611.77;634.70;599.91;622.40;592.45;584.05;567.90;593.48;567.58;563.85;557.67;550.25;563.29;582.90;615.58;631.48;656.73;681.31;646.01;643.81;606.10;593.87;585.61;556.71,QUESTIONABLE,Ad-revenue exposure including non-halal content/ads,
PINS,INTERNET,INTERNET-CONTENT,24,24.010000228881836,-0.07333074603317857,23.41;22.35;22.00;19.87;19.60;20.33;18.54;15.51;16.77;16.69;17.57;17.13;19.10;19.75;19.65;19.38;18.18;18.56;18.66;18.92;18.68;17.76;18.34;18.18;18.20;17.94;18.02;20.27;20.12;20.62;19.79;20.33;19.73;20.22;22.28;21.55;20.76;19.35;19.47;18.84;18.85;19.33;20.65;21.35;20.67;21.42;21.92;21.50;21.33;20.36;19.50;19.86;20.82;21.03;22.07;22.42;22.70;22.60;23.68;23.20;22.83;21.89;23.50;24.44;24.01,QUESTIONABLE,Group classification: INTERNET-CONTENT,
SNAP,INTERNET,INTERNET-CONTENT,4,4.690000057220459,-0.3845144189426255,7.46;7.24;6.66;5.91;5.22;5.23;4.82;4.73;5.00;4.93;5.07;5.21;5.25;5.34;5.13;4.86;4.56;4.65;4.56;4.51;4.49;3.93;4.60;4.63;4.80;4.95;5.15;6.04;6.03;5.64;5.57;6.06;5.98;6.29;6.11;5.98;5.75;5.61;5.53;5.55;5.69;5.75;5.91;5.86;5.73;5.76;5.59;5.33;5.71;4.74;4.63;4.53;4.41;4.44;4.84;4.65;4.70;4.66;4.76;4.53;4.56;4.41;4.52;4.73;4.69,QUESTIONABLE,Group classification: INTERNET-CONTENT,
RDDT,INTERNET,INTERNET-CONTENT,12,140.6699981689453,-0.35731910164996805,196.30;190.05;177.15;152.69;139.83;149.98;131.07;139.23;146.13;142.46;149.67;145.81;145.69;144.34;138.86;137.12;132.36;144.33;138.12;140.96;139.63;121.84;134.65;136.00;141.14;138.38;149.35;158.48;163.80;156.82;152.96;160.21;147.75;166.48;171.63;163.95;159.51;154.12;158.17;154.88;150.04;144.64;167.69;177.85;169.49;173.45;178.11;173.26;181.88;165.95;170.44;160.72;166.94;173.58;194.67;199.44;200.31;200.93;198.03;181.18;185.84;168.78;179.23;177.99;140.67,QUESTIONABLE,Group classification: INTERNET-CONTENT,
BIDU,INTERNET,INTERNET-CONTENT,22,111.11000061035156,-0.3117566964192885,157.64;157.51;148.57;137.95;145.93;147.66;138.38;137.33;137.11;133.94;132.65;124.44;118.71;117.93;122.48;125.15;124.07;120.69;119.01;114.53;115.60;108.12;111.42;110.96;110.61;108.23;112.01;120.94;126.13;123.49;121.53;128.01;121.01;125.88;126.24;139.87;145.78;150.50;135.33;137.68;131.18;126.83;132.05;132.40;132.68;121.66;121.11;116.11;116.75;111.61;111.74;107.82;104.22;114.29;113.30;112.09;117.51;113.39;111.48;107.24;108.22;107.39;105.29;105.27;111.11,QUESTIONABLE,Group classification: INTERNET-CONTENT,
YELP,INTERNET,INTERNET-CONTENT,17,26.43000030517578,-0.0654172679119962,27.31;27.50;27.40;24.25;24.42;24.34;22.83;20.68;21.48;20.20;21.24;22.29;23.18;24.27;24.22;24.70;23.83;24.33;24.41;24.83;24.21;24.36;24.74;25.15;25.59;25.57;25.78;26.93;27.94;29.03;28.32;29.11;28.01;28.90;29.22;28.50;25.28;22.86;21.65;22.59;21.84;22.93;23.30;23.46;22.02;23.25;23.74;23.02;22.57;22.53;22.47;23.36;24.00;24.52;26.52;26.55;25.55;26.36;26.81;26.22;25.79;24.50;26.41;27.92;26.43,QUESTIONABLE,Group classification: INTERNET-CONTENT,
Z,INTERNET,INTERNET-CONTENT,2,34.060001373291016,-0.49911762686336747,66.62;66.16;62.52;56.54;54.97;54.71;43.82;43.97;45.55;42.83;45.31;44.62;45.23;46.66;45.25;44.90;42.90;45.23;45.54;44.82;43.60;40.44;41.38;40.60;40.79;40.63;40.49;43.50;46.86;46.17;44.50;45.59;43.41;45.28;43.54;43.68;40.44;38.53;37.66;36.00;36.75;35.74;35.44;36.25;35.51;35.06;35.45;32.70;32.36;32.01;30.31;30.54;31.15;31.52;33.43;32.78;33.44;32.19;33.85;33.90;31.85;29.58;32.00;34.00;34.06,QUESTIONABLE,Group classification: INTERNET-CONTENT,
MTCH,INTERNET,INTERNET-CONTENT,65,39.40999984741211,0.2827685941998681,31.36;30.66;31.18;30.26;31.27;32.12;29.58;29.83;30.34;30.52;31.02;31.24;30.45;30.95;30.75;30.25;30.44;30.71;31.11;30.84;29.99;29.40;30.36;31.08;31.75;32.32;33.02;34.34;35.32;35.74;35.47;36.72;36.77;38.46;37.45;35.64;35.58;35.88;35.21;35.16;35.47;35.76;36.17;36.56;34.14;34.24;34.54;34.39;35.75;35.12;35.05;35.15;36.97;37.85;37.70;39.18;39.32;38.54;40.11;39.15;38.75;37.40;38.80;39.40;39.41,QUESTIONABLE,Group classification: INTERNET-CONTENT,
AMZN,INTERNET,INTERNET-E-COMMERCE,,,,,HALAL,"E-commerce + AWS halal core; AWS dominant — debt ratio not verified, cross-check Musaffa/Zoya",
EBAY,INTERNET,INTERNET-E-COMMERCE,73,114.01000213623047,0.22538473062767483,94.62;93.84;93.21;85.32;86.02;86.95;78.93;79.46;84.23;83.80;84.81;90.31;89.08;92.47;92.65;91.43;91.09;93.35;90.49;89.60;89.30;87.74;90.77;93.88;95.74;95.32;97.88;99.73;104.36;105.11;103.11;100.01;103.50;103.78;104.97;106.13;107.83;112.70;115.81;113.92;116.81;114.99;111.82;110.35;108.82;109.35;108.66;109.61;109.18;107.89;104.94;109.45;107.87;111.75;114.84;114.71;117.33;115.09;112.76;112.06;113.05;109.32;113.21;115.30;114.01,HALAL,"Business activity permissible — debt ratio not verified, cross-check Musaffa/Zoya",
ETSY,INTERNET,INTERNET-E-COMMERCE,79,81.68000030517578,0.35748716620922427,58.63;54.95;53.61;53.09;57.82;54.08;46.24;44.36;48.14;52.37;53.44;54.88;54.46;56.63;55.78;52.69;52.02;54.92;54.76;52.49;48.23;47.31;49.98;51.64;53.94;53.42;55.34;57.92;61.90;65.19;63.48;65.11;69.60;63.17;62.95;64.02;59.86;57.40;58.07;57.61;60.74;64.33;66.78;69.00;67.05;66.86;68.76;69.44;72.19;72.83;72.54;78.02;78.04;75.33;76.97;77.59;77.72;80.53;85.74;84.10;81.69;80.91;83.84;85.58;81.68,HALAL,"Business activity permissible — debt ratio not verified, cross-check Musaffa/Zoya",
MELI,INTERNET,INTERNET-E-COMMERCE,22,1877.949951171875,-0.12134061505493277,2295.00;2218.14;2147.22;2052.78;1970.15;2025.32;2007.00;1975.51;1996.55;1864.46;1767.71;1757.58;1714.01;1780.36;1769.52;1766.10;1670.00;1728.14;1666.93;1666.08;1639.47;1599.52;1729.02;1715.52;1742.30;1793.21;1831.93;1872.12;1855.83;1854.18;1809.20;1839.28;1767.02;1850.05;1817.31;1870.01;1557.30;1562.00;1546.81;1594.86;1677.90;1648.04;1695.53;1730.98;1638.54;1607.80;1641.16;1610.00;1646.36;1631.82;1589.45;1659.57;1675.10;1697.39;1763.36;1813.61;1807.83;1867.30;1843.19;1813.91;1822.65;1798.70;1819.74;1863.31;1877.95,HALAL,"Business activity permissible — debt ratio not verified, cross-check Musaffa/Zoya",
JD,INTERNET,INTERNET-E-COMMERCE,48,33.0099983215332,0.1456711042241705,28.48;28.07;27.55;26.60;27.10;27.37;26.57;26.39;26.33;26.29;26.59;25.62;24.76;24.59;26.52;27.14;27.35;27.56;27.06;26.59;28.73;27.71;28.55;27.48;27.48;28.34;28.94;31.47;31.60;30.52;29.98;29.75;29.70;29.96;29.68;30.21;30.53;33.77;32.01;32.38;31.47;29.99;29.14;29.09;29.41;28.88;28.73;28.06;28.68;27.91;27.02;25.48;25.39;25.48;26.62;26.49;27.74;28.88;29.28;29.62;30.43;30.09;30.95;32.20;33.01,HALAL,"Business activity permissible — debt ratio not verified, cross-check Musaffa/Zoya",
BABA,INTERNET,INTERNET-E-COMMERCE,15,122.25,-0.2878095941450125,171.15;172.66;166.86;157.69;161.03;164.99;157.29;154.02;152.87;151.39;150.89;142.80;134.36;129.16;131.43;135.05;133.98;135.33;123.76;124.91;128.69;121.57;124.32;120.94;118.63;126.52;126.85;132.07;139.73;134.15;130.50;131.31;129.24;130.30;131.06;139.72;136.05;144.48;131.38;134.41;130.27;128.29;125.01;124.26;126.05;119.96;118.61;112.69;112.55;107.44;104.97;99.80;94.81;95.98;96.14;98.14;111.14;112.35;117.69;114.97;117.97;114.06;115.00;115.03;122.25,HALAL,"Business activity permissible — debt ratio not verified, cross-check Musaffa/Zoya",
PDD,INTERNET,INTERNET-E-COMMERCE,11,88.55999755859375,-0.1675126918115395,106.91;102.70;103.45;102.13;105.23;105.43;100.22;101.83;101.95;105.76;106.90;103.73;100.71;100.74;102.64;102.94;102.65;104.37;97.43;96.25;102.61;99.81;102.18;100.87;99.54;100.57;100.80;101.97;104.79;98.99;97.77;98.47;97.67;99.72;96.75;101.51;98.80;99.60;95.83;97.34;97.79;96.64;83.03;87.24;85.40;85.07;81.93;81.30;83.55;79.86;78.11;75.74;76.55;76.28;82.39;82.53;85.88;84.56;85.74;84.14;84.83;83.30;84.85;88.32;88.56,HALAL,"Business activity permissible — debt ratio not verified, cross-check Musaffa/Zoya",
SHOP,INTERNET,INTERNET-E-COMMERCE,17,117.1500015258789,-0.1504097320731913,137.50;143.64;132.20;114.02;112.05;127.24;110.66;113.54;123.80;117.28;120.31;120.73;121.87;134.79;133.50;129.52;122.96;127.80;122.37;121.10;118.42;111.85;118.62;118.25;117.06;112.38;114.97;127.41;131.15;131.13;124.23;124.23;121.26;127.67;107.63;111.74;102.54;95.40;100.28;101.01;104.86;104.90;115.03;124.12;112.94;109.54;110.42;110.47;112.49;108.09;107.98;114.17;116.86;114.18;119.46;121.88;123.17;124.74;123.55;123.56;123.03;112.00;126.88;129.17;117.15,HALAL,"Business activity permissible — debt ratio not verified, cross-check Musaffa/Zoya",
W,INTERNET,INTERNET-E-COMMERCE,57,84.9000015258789,-0.22663506585964754,111.15;107.54;104.72;90.90;92.60;90.01;82.52;85.23;79.57;73.47;75.75;76.33;75.48;78.55;75.72;75.11;75.75;79.89;76.27;76.56;79.75;71.50;75.21;72.61;69.78;73.06;72.81;76.92;81.33;80.07;76.94;75.77;73.27;65.50;63.20;66.20;61.38;60.06;58.22;57.40;66.34;71.92;72.75;72.60;69.38;68.35;71.34;77.68;82.99;81.59;85.04;92.79;94.47;92.42;94.50;93.25;90.29;86.37;91.67;89.31;84.81;82.68;94.53;89.03;84.90,HALAL,"Business activity permissible — debt ratio not verified, cross-check Musaffa/Zoya",
REAL,INTERNET,INTERNET-E-COMMERCE,67,12.09000015258789,-0.20565046383221552,16.09;15.44;14.71;13.64;13.09;12.44;10.75;10.90;11.16;10.97;12.02;12.26;11.63;11.37;10.87;10.04;9.56;9.94;9.22;9.33;9.15;8.57;9.08;9.12;9.22;9.69;10.36;10.50;12.08;11.61;12.54;11.66;11.77;11.77;12.72;12.40;9.97;9.41;9.06;8.97;9.27;9.50;9.81;9.70;9.12;8.87;9.54;9.84;11.07;11.39;12.35;12.86;12.16;11.79;11.58;10.93;10.55;10.68;11.26;11.21;11.92;11.37;11.66;11.69;12.09,HALAL,"Business activity permissible — debt ratio not verified, cross-check Musaffa/Zoya",
WIX,INTERNET,INTERNET-E-COMMERCE,2,55.029998779296875,-0.378051574463638,87.96;89.97;83.10;79.28;75.42;75.35;70.95;68.07;66.72;62.80;65.61;70.46;74.36;92.94;92.00;89.91;88.09;89.52;89.70;89.46;89.12;87.14;90.07;81.95;80.99;67.67;64.94;70.16;68.24;77.11;71.97;76.53;75.71;80.60;77.03;80.34;79.31;55.32;54.67;53.42;55.24;55.33;52.65;62.54;55.08;52.39;48.22;44.07;45.59;42.05;41.86;42.60;44.10;45.37;49.35;50.36;49.24;52.41;53.23;51.45;51.12;48.83;56.34;61.22;55.03,HALAL,"Business activity permissible — debt ratio not verified, cross-check Musaffa/Zoya",
GLBE,INTERNET,INTERNET-E-COMMERCE,65,39.310001373291016,0.046870896724104494,38.14;36.82;36.55;33.58;32.61;32.91;32.69;29.70;36.24;34.68;35.09;34.97;34.64;36.67;35.09;34.17;34.78;33.89;33.99;32.24;32.14;28.93;30.85;31.18;30.74;30.44;30.54;33.30;33.91;32.50;30.84;32.16;31.41;31.46;31.61;32.63;29.91;27.54;27.89;28.63;30.14;29.68;30.09;33.75;31.79;32.13;32.38;33.22;31.61;31.98;31.51;34.05;36.41;34.73;36.85;36.92;37.84;38.68;38.98;38.12;35.76;34.50;37.76;40.26;39.31,HALAL,"Business activity permissible — debt ratio not verified, cross-check Musaffa/Zoya",
NET,INTERNET,INTERNET-NETWORK SOLUTIONS,88,278.9800109863281,0.6085101883031672,205.95;180.39;182.42;166.88;173.21;179.98;185.17;193.68;192.64;160.19;171.80;172.19;178.91;192.31;201.48;213.00;212.45;211.52;221.36;220.65;218.00;203.02;206.34;211.69;216.29;193.05;184.02;190.13;200.99;207.67;205.00;212.36;211.97;217.50;244.43;256.79;193.52;192.62;197.56;206.73;212.65;217.54;228.11;270.82;265.33;250.11;236.13;227.44;235.71;226.87;218.38;223.48;237.24;245.28;242.41;268.83;275.80;269.53;273.04;277.66;272.31;262.32;265.61;270.38;278.98,HALAL,"Business activity permissible — debt ratio not verified, cross-check Musaffa/Zoya",
AKAM,INTERNET,INTERNET-NETWORK SOLUTIONS,83,115.18000030517578,0.21140090541685397,103.26;99.35;96.63;91.92;95.08;94.40;104.61;108.42;109.59;98.76;100.04;98.39;102.08;101.00;102.11;106.47;107.67;105.84;110.00;114.43;119.15;114.50;114.85;118.00;113.89;109.61;94.94;90.38;95.89;98.08;96.18;95.93;99.80;103.87;117.94;116.69;153.01;161.14;150.88;141.34;146.24;148.21;143.13;154.01;160.36;149.32;137.81;132.46;134.20;127.86;120.74;119.48;113.29;118.21;113.17;114.37;129.52;125.13;120.01;120.19;124.91;117.37;112.85;107.41;115.18,HALAL,"Business activity permissible — debt ratio not verified, cross-check Musaffa/Zoya",
FFIV,INTERNET,INTERNET-NETWORK SOLUTIONS,87,402.57000732421875,0.5527655332889487,270.43;282.53;280.72;276.49;276.57;282.38;262.02;270.58;279.19;269.52;278.55;271.36;281.54;283.64;285.33;289.52;289.31;286.03;290.30;289.75;297.86;281.98;289.33;303.35;309.10;294.59;298.07;299.09;310.87;315.56;299.89;297.72;328.15;323.20;339.90;345.02;358.30;357.40;362.58;383.50;383.70;397.00;383.43;395.62;405.66;393.35;395.23;393.84;396.81;384.88;391.27;384.78;394.53;415.96;408.14;417.11;430.32;420.95;421.47;409.10;408.74;388.08;407.96;386.95;402.57,HALAL,"Business activity permissible — debt ratio not verified, cross-check Musaffa/Zoya",
FSLY,INTERNET,INTERNET-NETWORK SOLUTIONS,97,22.65999984741211,1.439181909629657,10.28;9.62;9.23;8.31;8.57;9.09;16.04;17.66;18.07;17.00;18.15;19.12;21.14;20.44;21.83;24.05;24.58;24.18;26.45;28.75;29.79;27.43;29.06;33.50;31.60;29.46;24.37;23.38;24.56;26.56;24.96;25.80;26.39;28.07;32.36;19.50;19.58;18.31;17.00;16.36;16.40;17.60;16.94;19.08;20.83;18.07;18.63;18.88;18.55;17.41;17.17;16.38;17.11;18.36;18.13;18.59;20.33;20.03;20.00;20.72;20.73;19.43;20.04;20.69;22.66,HALAL,"Business activity permissible — debt ratio not verified, cross-check Musaffa/Zoya",
OKTA,INTERNET,INTERNET-NETWORK SOLUTIONS,95,141.92999267578125,0.5637945056760223,91.46;85.69;88.13;83.42;86.74;88.45;84.91;82.46;81.80;69.51;73.00;72.50;72.52;79.65;79.71;80.85;79.16;78.53;80.76;81.10;78.12;73.23;78.71;80.19;79.34;67.76;65.46;67.35;72.25;77.64;76.04;76.14;76.16;75.78;77.75;80.88;81.69;78.20;82.77;85.70;89.44;93.81;94.72;139.79;124.65;118.72;119.96;117.50;118.12;113.03;115.94;118.58;124.28;136.45;141.42;148.47;148.84;139.53;150.86;149.35;141.71;136.10;137.43;136.91;141.93,HALAL,"Business activity permissible — debt ratio not verified, cross-check Musaffa/Zoya",
ZS,INTERNET,INTERNET-NETWORK SOLUTIONS,9,151.1999969482422,-0.27869477878904525,219.67;200.63;200.61;185.79;167.33;174.34;170.90;172.59;168.99;143.28;155.70;146.99;154.67;161.96;162.62;153.81;153.76;156.00;155.40;151.80;139.44;133.16;140.29;138.56;142.09;122.23;122.62;131.01;134.68;139.61;132.97;134.11;134.73;139.81;141.36;152.79;148.87;152.43;161.05;175.25;171.01;184.60;130.04;155.71;134.37;130.78;125.84;126.11;130.42;124.38;124.06;127.27;132.26;141.15;147.33;149.50;147.12;141.82;148.19;149.94;148.72;139.70;147.30;153.77;151.20,HALAL,"Business activity permissible — debt ratio not verified, cross-check Musaffa/Zoya",
DDOG,INTERNET,INTERNET-NETWORK SOLUTIONS,96,267.9700012207031,1.059248375976173,138.21;128.18;129.05;115.71;111.69;129.67;126.13;122.56;120.60;102.61;110.33;111.96;111.77;122.36;128.56;127.49;124.52;128.87;129.94;129.23;123.29;114.48;118.05;120.36;116.54;108.98;110.08;121.06;126.61;129.29;127.86;132.66;133.98;140.53;145.73;188.73;202.32;205.31;207.98;215.15;218.04;223.65;225.24;277.49;250.33;234.11;227.34;234.24;233.09;226.63;221.37;222.65;239.77;260.36;260.36;256.81;269.00;260.24;264.46;258.69;254.79;244.39;251.86;264.20;267.97,HALAL,"Business activity permissible — debt ratio not verified, cross-check Musaffa/Zoya",
EQIX,INTERNET,INTERNET-NETWORK SOLUTIONS,63,1019.280029296875,0.3015838202810459,801.20;817.53;802.02;793.86;839.37;847.90;947.99;942.15;908.56;935.89;955.79;969.47;967.23;948.31;940.26;968.64;965.13;972.07;969.96;962.20;961.20;958.26;975.42;995.45;1002.33;1026.49;1051.64;1047.80;1083.26;1088.95;1109.80;1084.49;1083.71;1079.69;1073.15;1061.51;1080.87;1071.98;1054.23;1043.27;1078.42;1077.63;1069.44;1050.77;1077.00;1080.95;1059.84;1043.18;1064.38;1088.52;1115.94;1095.00;1091.30;1042.39;1002.02;1022.93;1034.87;1039.53;1022.60;1020.00;1027.88;1033.55;1046.79;1008.02;1019.28,HALAL,"Business activity permissible — debt ratio not verified, cross-check Musaffa/Zoya",
DLR,INTERNET,INTERNET-NETWORK SOLUTIONS,48,188.52000427246094,0.20048433899959894,160.98;165.21;162.91;164.56;169.33;170.23;177.90;177.49;174.54;173.74;177.19;174.84;175.75;177.35;177.25;178.18;178.42;179.20;178.66;175.30;175.26;174.26;179.02;180.49;181.21;186.90;190.58;194.39;202.27;199.94;198.68;195.04;193.27;199.37;195.39;193.49;194.94;192.03;187.26;185.05;192.98;192.39;190.16;183.77;182.28;185.55;183.71;181.63;184.90;187.08;195.54;193.02;193.00;179.58;173.30;174.90;179.33;177.92;176.07;173.88;179.31;179.34;195.76;188.18;188.52,HALAL,"Business activity permissible — debt ratio not verified, cross-check Musaffa/Zoya",
VRSN,INTERNET,INTERNET-NETWORK SOLUTIONS,50,290.0199890136719,0.16469758673961454,248.04;242.66;249.41;239.44;222.75;218.68;216.76;214.88;216.05;210.93;213.93;227.34;234.80;238.07;241.74;235.10;237.97;241.51;239.01;240.28;251.03;246.82;247.70;259.16;274.02;269.16;270.72;274.53;273.32;269.06;276.22;267.19;271.88;271.72;275.04;277.73;285.71;294.36;296.78;302.63;305.93;306.86;296.14;296.59;297.08;294.92;283.89;279.57;272.96;264.92;247.69;252.08;255.62;251.56;256.43;266.78;269.98;270.31;270.52;277.66;266.15;261.58;274.82;290.92;290.02,HALAL,"Business activity permissible — debt ratio not verified, cross-check Musaffa/Zoya",
UBER,INTERNET,INTERNET-SERVICES,14,70.36000061035156,-0.1451828125706769,81.24;81.70;80.84;73.92;74.77;73.50;71.22;70.53;72.94;70.72;72.83;75.42;76.36;75.44;73.84;74.97;73.33;77.79;75.34;75.12;73.08;69.18;71.93;71.84;71.73;71.81;72.34;77.28;77.12;77.26;74.70;76.27;74.47;75.12;72.95;76.73;76.15;74.70;75.09;74.09;73.61;70.12;70.92;73.77;71.69;70.71;70.38;69.55;72.85;70.91;71.43;73.85;76.20;72.16;74.43;74.33;74.35;74.26;72.67;72.46;71.55;68.91;68.18;71.20;70.36,HALAL,"Business activity permissible — debt ratio not verified, cross-check Musaffa/Zoya",
LYFT,INTERNET,INTERNET-SERVICES,32,15.859999656677246,-0.11396648074456928,17.54;17.75;17.26;16.16;16.46;16.85;13.05;13.30;13.90;13.29;13.40;13.84;13.21;13.18;13.76;13.31;13.07;14.04;13.38;13.34;13.26;12.86;13.30;13.34;13.77;13.22;13.60;14.66;14.95;14.75;14.03;14.49;14.34;14.42;14.09;14.16;13.87;13.68;12.97;13.18;13.48;13.58;13.82;14.86;14.09;13.65;13.87;13.71;14.24;14.15;14.22;14.40;14.27;14.61;15.37;15.44;15.74;15.67;16.23;15.52;15.19;14.02;15.09;15.44;15.86,HALAL,"Business activity permissible — debt ratio not verified, cross-check Musaffa/Zoya",
DASH,INTERNET,INTERNET-SERVICES,26,196.16000366210938,-0.053418869341599784,207.36;207.68;207.67;195.83;182.47;185.64;161.14;162.34;176.19;164.66;173.06;176.47;175.46;183.48;176.59;169.48;161.36;169.81;159.26;159.98;152.92;146.60;150.15;156.45;155.90;154.55;159.61;179.93;183.89;182.45;177.00;174.06;169.33;175.84;166.14;171.35;157.33;149.07;159.20;154.65;159.27;154.00;156.70;164.78;154.58;156.80;155.67;154.59;168.09;165.66;172.08;177.93;183.09;184.53;192.01;195.72;192.35;189.57;190.16;184.14;188.04;169.77;184.37;193.53;196.16,HALAL,"Business activity permissible — debt ratio not verified, cross-check Musaffa/Zoya",
ABNB,INTERNET,INTERNET-SERVICES,57,151.52000427246094,0.14657594605073876,132.22;131.77;131.31;124.61;122.18;120.32;115.96;124.23;125.81;122.96;132.02;135.11;133.04;135.85;134.03;133.39;126.30;131.95;130.79;132.59;131.81;122.87;126.28;124.95;124.97;129.16;130.32;137.51;141.55;142.65;141.87;141.06;140.28;141.66;139.73;140.46;137.05;132.97;132.85;131.16;134.25;132.68;134.50;137.87;133.59;133.54;131.35;130.87;138.96;140.54;139.19;144.40;145.56;143.10;148.93;148.80;146.89;146.33;148.38;145.98;144.10;137.57;146.86;153.01;151.52,HALAL,"Business activity permissible — debt ratio not verified, cross-check Musaffa/Zoya",
BKNG,INTERNET,INTERNET-SERVICES,32,192.89999389648438,-0.04959263027407401,205.15;203.56;203.91;183.40;177.43;170.43;165.57;164.81;159.53;154.09;165.72;168.76;165.36;183.65;177.18;172.46;169.22;177.25;171.34;175.43;169.08;162.08;167.99;167.35;172.98;176.16;176.81;185.22;191.53;190.38;176.31;177.07;173.54;169.20;167.21;170.85;157.40;154.64;153.74;154.15;159.28;162.89;169.39;168.83;164.37;165.84;163.99;163.59;174.64;171.63;167.77;181.25;181.46;178.24;184.56;181.95;175.52;175.80;182.80;181.68;179.40;172.83;186.79;201.30;192.90,HALAL,"Business activity permissible — debt ratio not verified, cross-check Musaffa/Zoya",
EXPE,INTERNET,INTERNET-SERVICES,80,294.739990234375,0.0917110334927147,265.60;271.60;275.49;235.47;235.84;240.51;226.27;199.56;198.91;187.70;202.87;214.77;214.22;251.01;241.03;229.86;227.89;240.74;238.90;236.15;235.76;225.33;230.40;224.82;223.82;229.77;239.70;256.89;265.28;273.22;249.84;244.70;250.04;251.31;248.12;252.25;220.99;217.09;217.27;214.54;217.66;222.50;227.55;228.37;225.41;228.88;231.06;224.66;236.98;239.47;238.02;262.15;262.80;255.88;268.69;269.87;267.78;265.63;267.11;268.77;264.94;257.61;278.37;304.27;294.74,HALAL,"Business activity permissible — debt ratio not verified, cross-check Musaffa/Zoya",
TRIP,INTERNET,INTERNET-SERVICES,47,14.164999961853027,0.07067274769222331,13.06;13.42;13.31;12.60;12.77;12.83;10.32;10.54;10.57;10.06;10.08;10.11;9.92;10.50;10.61;9.83;9.24;9.51;9.29;10.04;9.51;10.11;10.66;10.85;10.75;11.49;11.13;11.48;11.39;11.23;10.86;11.19;11.18;11.56;11.28;11.23;9.66;9.63;9.46;9.30;9.90;10.04;10.90;12.10;11.94;11.86;11.95;11.91;12.56;12.61;12.36;12.98;13.76;13.71;14.29;13.72;13.33;14.40;14.60;14.58;13.80;13.49;14.28;14.58;14.16,HALAL,"Business activity permissible — debt ratio not verified, cross-check Musaffa/Zoya",
TRVG,INTERNET,INTERNET-SERVICES,95,5.28000020980835,0.8657245060607184,2.80;2.85;2.87;2.95;2.98;3.00;2.89;3.03;2.99;2.90;2.94;2.92;2.98;3.00;2.92;2.86;2.81;2.81;2.81;2.67;2.83;2.74;2.71;2.92;2.89;2.68;2.69;2.77;2.79;2.81;2.77;2.78;2.80;2.85;2.88;3.58;3.26;2.97;3.07;3.14;3.23;3.49;3.73;3.94;4.11;4.29;4.64;4.31;4.30;4.49;4.71;5.14;5.31;5.47;5.41;5.26;5.34;5.31;5.52;5.64;5.54;5.24;5.40;5.45;5.28,HALAL,"Business activity permissible — debt ratio not verified, cross-check Musaffa/Zoya",
CARG,INTERNET,INTERNET-SERVICES,39,36.2400016784668,0.06588240230784703,33.93;33.01;32.38;28.95;28.61;28.24;26.96;27.73;29.20;27.86;30.26;30.70;32.45;34.20;33.85;31.39;30.86;33.42;33.99;34.35;35.45;35.01;34.05;33.33;35.24;34.40;34.84;35.86;36.86;37.86;37.48;37.73;36.67;37.04;37.67;38.16;32.39;31.22;28.67;28.39;27.60;27.79;30.35;29.73;27.25;27.42;28.26;27.68;27.94;29.36;30.08;31.20;33.03;34.09;36.24;34.92;34.50;33.75;35.66;35.00;35.06;32.96;34.96;37.07;36.24,HALAL,"Business activity permissible — debt ratio not verified, cross-check Musaffa/Zoya",
CARS,INTERNET,INTERNET-SERVICES,,,,,HALAL,"Business activity permissible — debt ratio not verified, cross-check Musaffa/Zoya",
LVS,LEISURE,LEISURE-GAMING/EQUIPMENT,23,48.88999938964844,-0.17546239835959976,59.69;52.13;55.03;56.87;57.17;56.69;56.50;57.19;57.75;55.40;54.75;56.39;55.38;54.82;53.60;54.46;53.37;53.84;53.74;53.69;53.86;51.39;53.57;54.03;53.71;54.16;54.52;55.93;57.31;57.21;51.65;54.15;53.41;53.48;52.26;53.78;52.07;51.32;51.16;49.92;49.45;49.75;51.11;53.27;50.86;50.25;51.65;50.61;49.74;48.13;47.80;47.76;47.12;46.19;46.99;46.06;46.45;45.90;44.79;45.36;45.47;46.03;47.76;48.55;48.89,HARAM,Group classification: LEISURE-GAMING/EQUIPMENT,
WYNN,LEISURE,LEISURE-GAMING/EQUIPMENT,19,99.30999755859375,-0.12119733787489895,113.22;108.39;108.66;113.66;117.39;116.30;107.33;113.85;114.80;106.97;107.17;107.91;102.01;105.09;101.29;99.81;100.17;103.06;102.89;100.87;101.62;96.34;101.28;101.76;100.17;104.62;102.79;106.56;108.90;107.38;105.33;105.23;103.97;105.70;105.96;106.57;99.11;95.96;95.17;94.78;98.54;97.87;101.54;106.53;104.95;104.48;107.44;107.75;105.96;102.31;103.62;103.75;100.44;97.09;95.91;96.35;98.83;97.13;97.05;96.64;94.63;96.77;99.70;99.01;99.31,HARAM,Group classification: LEISURE-GAMING/EQUIPMENT,
MGM,LEISURE,LEISURE-GAMING/EQUIPMENT,72,44.56999969482422,0.3097267497388114,33.48;33.34;33.49;36.93;37.49;37.36;34.19;34.27;36.46;34.25;35.56;36.86;35.85;37.13;35.64;36.29;36.68;36.86;37.14;36.95;37.49;36.32;37.01;36.68;37.89;36.93;36.75;38.36;38.59;39.11;38.94;40.55;39.27;38.50;37.91;38.11;37.30;37.41;36.97;36.02;37.66;38.45;42.93;50.69;48.30;47.51;47.15;47.22;48.62;46.94;46.57;47.09;49.19;47.81;47.10;46.64;46.44;47.24;46.84;46.13;45.67;44.99;46.30;45.83;44.57,HARAM,Group classification: LEISURE-GAMING/EQUIPMENT,
PENN,LEISURE,LEISURE-GAMING/EQUIPMENT,69,20.530000686645508,0.43868255277287305,13.74;13.15;12.60;13.04;13.41;13.88;12.41;12.05;13.33;12.17;12.54;15.64;14.93;15.47;14.70;14.87;14.31;13.97;14.16;14.44;14.66;13.77;15.03;14.77;15.05;15.66;15.29;16.01;15.85;15.47;17.26;17.83;17.82;17.27;17.10;16.77;15.94;15.83;16.20;16.12;16.70;17.06;19.44;20.24;19.65;19.23;20.32;21.21;21.84;21.23;20.83;20.38;21.88;21.36;22.02;20.78;20.69;20.48;21.12;20.57;21.23;20.27;21.18;21.20;20.53,HARAM,Group classification: LEISURE-GAMING/EQUIPMENT,
BYD,LEISURE,LEISURE-GAMING/EQUIPMENT,36,85.05999755859375,0.018766474795202326,81.84;83.78;84.17;84.38;82.85;84.03;81.78;82.83;84.66;83.22;84.53;82.84;80.99;81.64;80.12;82.32;81.25;81.64;82.87;81.75;84.68;79.98;81.99;83.55;83.20;86.63;85.96;85.78;87.32;87.20;88.95;87.33;86.09;84.31;83.88;85.05;82.56;80.39;78.91;77.91;79.47;80.50;83.02;86.64;86.74;87.67;87.57;86.35;87.67;83.88;86.35;86.90;89.70;88.33;87.90;88.67;87.37;85.75;87.64;87.72;87.17;86.56;89.29;90.79;85.06,HARAM,Group classification: LEISURE-GAMING/EQUIPMENT,
CZR,LEISURE,LEISURE-GAMING/EQUIPMENT,63,29.75,0.274089914945322,21.58;21.28;20.59;21.95;20.52;20.75;19.00;18.95;21.89;20.22;20.77;25.05;25.02;26.59;25.76;29.07;28.06;27.33;27.44;26.44;26.82;25.85;26.43;26.53;26.58;26.44;26.75;27.29;27.22;27.64;27.93;28.03;27.38;28.38;28.10;27.78;27.77;26.79;27.80;27.50;27.90;28.38;29.08;29.15;29.18;29.20;29.45;29.51;29.50;29.21;29.29;29.60;30.19;30.18;30.39;30.35;29.77;29.66;30.13;29.86;30.03;29.90;29.97;29.77;29.75,HARAM,Group classification: LEISURE-GAMING/EQUIPMENT,
DKNG,LEISURE,LEISURE-GAMING/EQUIPMENT,10,23.479999542236328,-0.21654988054091318,30.11;29.94;27.42;27.24;26.62;27.12;25.16;22.59;22.49;21.81;22.94;23.84;24.45;25.46;25.16;25.57;25.87;25.22;24.91;23.96;21.42;20.72;21.62;23.16;22.95;22.25;22.51;23.64;22.82;22.99;22.17;23.53;23.14;23.00;24.17;25.22;24.51;25.03;25.00;25.54;25.40;23.81;24.53;26.33;25.11;24.93;27.59;30.02;28.79;26.32;25.65;24.53;25.70;25.26;25.89;26.91;26.29;26.45;25.25;24.94;23.85;22.81;24.11;24.55;23.48,HARAM,Group classification: LEISURE-GAMING/EQUIPMENT,
FLUT,LEISURE,LEISURE-GAMING/EQUIPMENT,4,104.47000122070312,-0.40272140510317544,168.12;168.72;162.51;153.90;152.53;151.63;141.37;123.91;122.16;115.42;119.84;106.14;111.40;114.57;109.41;109.59;108.37;109.25;106.41;109.38;103.40;100.50;101.95;106.38;103.63;105.25;105.33;111.79;110.08;109.50;106.05;110.93;107.60;106.13;103.33;101.20;93.96;95.01;92.38;97.50;97.12;93.81;95.58;104.31;100.70;100.49;111.31;110.80;108.98;101.65;97.44;98.51;104.19;102.17;106.03;108.35;110.79;112.40;110.00;106.56;100.95;100.82;105.84;107.78;104.47,HARAM,Group classification: LEISURE-GAMING/EQUIPMENT,
RSI,LEISURE,LEISURE-GAMING/EQUIPMENT,89,26.90999984741211,0.5672684757040778,17.09;17.78;17.89;17.44;17.67;17.37;15.89;16.94;18.66;18.34;19.10;19.75;19.99;20.88;20.73;21.07;20.25;20.53;21.24;21.75;21.92;20.98;21.75;22.68;22.06;21.41;21.43;22.80;22.89;23.24;23.32;24.28;27.98;28.33;29.17;27.90;28.13;27.01;26.77;28.00;27.40;26.14;26.37;25.39;25.42;26.14;27.59;29.31;30.12;28.28;30.52;29.83;31.56;29.74;31.68;32.31;32.63;34.18;32.93;32.50;33.65;31.32;31.62;30.77;26.91,HARAM,Group classification: LEISURE-GAMING/EQUIPMENT,
INSE,LEISURE,LEISURE-GAMING/EQUIPMENT,,,,,HARAM,Group classification: LEISURE-GAMING/EQUIPMENT,
GAN,LEISURE,LEISURE-GAMING/EQUIPMENT,,,,,HARAM,Group classification: LEISURE-GAMING/EQUIPMENT,
GENI,LEISURE,LEISURE-GAMING/EQUIPMENT,38,6.929999828338623,-0.28335059217553127,9.51;9.25;8.39;8.54;6.09;6.26;6.04;5.79;6.41;5.73;5.92;6.21;6.47;5.86;5.39;5.21;5.33;4.99;4.70;4.70;4.60;4.33;4.43;4.56;4.23;4.07;4.14;4.81;4.89;4.65;4.35;4.42;4.25;4.35;4.33;4.78;4.41;4.21;4.24;5.01;4.89;5.31;5.60;6.05;5.89;5.93;6.76;7.03;6.87;6.20;5.94;5.66;6.20;6.06;6.43;6.47;6.17;6.61;6.41;6.30;6.65;6.43;7.27;7.31;6.93,HARAM,Group classification: LEISURE-GAMING/EQUIPMENT,
MAR,LEISURE,LEISURE-HOTELS & MOTELS,,,,,QUESTIONABLE,Marriott — alcohol/pork revenue at properties,
HLT,LEISURE,LEISURE-HOTELS & MOTELS,51,320.489990234375,0.07608071054130816,295.89;299.00;302.65;308.52;314.09;323.40;321.87;317.52;312.44;311.51;313.06;311.64;305.80;307.22;303.32;296.71;291.41;301.17;297.69;300.53;303.02;293.90;303.94;304.81;302.02;322.36;327.11;328.76;340.87;340.05;334.12;332.30;314.35;318.46;312.62;320.15;315.38;311.27;316.02;315.24;322.61;323.81;337.55;332.65;331.37;343.10;342.57;341.86;347.11;349.30;342.93;343.42;332.86;330.46;338.12;341.12;337.65;322.45;328.48;321.32;323.94;320.18;330.85;321.72;320.49,QUESTIONABLE,Hilton — alcohol/pork revenue at properties,
H,LEISURE,LEISURE-HOTELS & MOTELS,55,174.05999755859375,0.06461615306765078,156.59;158.98;154.63;160.87;162.59;168.76;168.78;169.30;167.67;159.37;167.81;161.22;163.49;158.13;155.59;151.34;139.19;147.37;144.22;145.42;147.45;142.19;143.67;143.35;144.78;155.56;159.07;163.33;172.34;170.60;164.33;163.83;158.78;163.60;161.85;170.33;165.02;167.12;168.64;164.27;175.38;179.37;185.31;183.65;185.92;193.06;194.08;197.86;198.95;201.88;196.33;197.32;197.68;193.84;191.28;193.16;189.95;184.72;191.00;190.65;189.51;183.62;191.18;186.02;174.06,QUESTIONABLE,Hyatt — alcohol/pork revenue at properties,
IHG,LEISURE,LEISURE-HOTELS & MOTELS,74,162.27999877929688,0.18209392322978757,135.21;136.11;140.92;141.71;143.56;146.54;144.59;146.93;141.85;141.59;139.34;137.82;134.20;133.01;131.43;133.14;127.77;132.28;129.77;130.90;132.96;128.46;132.29;132.72;130.86;141.88;141.74;142.45;146.85;144.32;143.62;144.17;142.36;142.94;141.85;146.95;148.23;150.16;148.58;150.00;154.10;154.31;158.04;155.01;160.50;162.15;162.97;164.43;168.55;170.66;170.05;172.70;172.85;173.12;169.93;166.63;164.22;162.41;159.87;158.08;155.99;154.12;159.51;161.52;162.28,QUESTIONABLE,Group classification: LEISURE-HOTELS & MOTELS,
CHH,LEISURE,LEISURE-HOTELS & MOTELS,30,111.48999786376953,0.06969994897168541,103.73;101.03;101.23;107.11;108.69;109.24;108.42;109.42;110.45;106.18;106.85;104.78;105.32;105.78;97.59;97.66;94.95;98.39;98.99;99.34;98.84;100.08;102.94;103.60;103.23;112.77;115.17;116.20;118.88;119.93;119.69;118.65;117.05;100.44;102.45;106.25;103.96;106.70;106.66;105.88;111.20;113.41;113.06;111.22;106.28;109.52;108.30;107.13;111.71;113.49;109.59;111.75;112.43;109.98;112.37;110.95;109.61;108.74;109.10;111.84;108.13;108.00;113.12;115.65;111.49,QUESTIONABLE,Group classification: LEISURE-HOTELS & MOTELS,
WH,LEISURE,LEISURE-HOTELS & MOTELS,21,74.86000061035156,-0.0218530785352673,75.52;72.02;71.66;74.48;76.45;79.39;76.84;79.46;83.79;82.20;83.05;80.91;80.04;78.73;75.41;73.85;72.62;77.23;78.21;76.73;78.76;79.00;80.79;81.72;80.77;85.65;85.44;87.07;88.80;87.51;85.97;84.88;83.63;80.40;79.94;83.39;81.62;80.77;79.31;76.85;80.30;80.26;82.16;78.69;79.68;81.52;80.04;77.00;81.35;83.57;82.02;85.81;87.37;84.21;82.41;81.60;79.88;77.19;79.04;76.56;75.72;73.48;75.18;75.58;74.86,QUESTIONABLE,Group classification: LEISURE-HOTELS & MOTELS,
PLYA,LEISURE,LEISURE-HOTELS & MOTELS,,,,,QUESTIONABLE,Group classification: LEISURE-HOTELS & MOTELS,
DIS,LEISURE,LEISURE-MOVIES & RELATED,18,96.19000244140625,-0.12662597973726075,109.77;110.73;103.66;106.24;107.87;109.12;101.60;104.64;105.19;103.62;104.25;105.23;102.51;101.63;100.89;100.12;98.53;99.54;98.45;97.21;95.22;91.72;95.65;95.88;95.05;99.03;100.41;102.26;105.48;103.50;102.86;101.57;100.53;102.30;99.72;107.83;103.92;104.10;101.94;101.51;102.79;102.49;102.94;102.07;98.63;98.95;98.57;99.58;100.92;100.09;101.67;100.35;98.04;96.25;99.50;97.48;96.17;96.00;97.15;97.67;96.14;92.83;96.65;98.48;96.19,QUESTIONABLE,Mixed content; scholar-disputed,
NFLX,LEISURE,LEISURE-MOVIES & RELATED,6,71.70999908447266,-0.16732470044749603,85.58;83.16;82.76;80.16;82.20;82.21;75.86;77.00;77.00;76.02;82.70;96.24;97.70;99.17;98.32;94.89;95.31;94.36;91.74;93.38;92.28;93.43;96.15;98.66;98.82;102.05;103.16;107.71;97.31;92.58;92.82;91.37;92.12;92.06;87.89;88.25;85.45;87.56;87.02;89.33;89.30;87.68;86.36;85.85;81.52;82.18;81.41;81.27;81.67;76.96;72.88;71.84;73.81;71.40;77.65;76.18;75.47;73.83;73.68;68.95;68.67;68.89;70.40;73.63;71.71,HARAM,Streaming content includes substantial haram material,
WBD,LEISURE,LEISURE-MOVIES & RELATED,77,26.299999237060547,-0.07977609141819242,28.07;27.60;27.52;27.03;27.36;27.80;28.11;28.75;28.53;28.92;28.90;28.17;28.20;28.00;27.75;27.81;27.14;27.64;27.63;27.40;27.22;27.07;27.46;27.32;27.37;27.53;27.39;27.20;27.47;27.31;26.90;26.82;27.05;26.97;27.22;27.12;27.24;27.25;26.98;27.09;27.10;27.00;27.04;27.25;27.00;26.24;26.56;26.86;26.83;26.24;26.95;27.20;26.74;26.66;26.48;26.12;26.63;27.09;27.27;26.87;25.83;25.95;25.28;25.64;26.30,QUESTIONABLE,Group classification: LEISURE-MOVIES & RELATED,
PARA,LEISURE,LEISURE-MOVIES & RELATED,,,,,QUESTIONABLE,Group classification: LEISURE-MOVIES & RELATED,
AMC,LEISURE,LEISURE-MOVIES & RELATED,89,2.819999933242798,0.8076923312049888,1.45;1.37;1.40;1.47;1.48;1.33;1.22;1.25;1.22;1.15;1.16;1.16;1.13;1.21;1.13;1.12;1.09;1.08;1.03;1.02;0.99;0.95;0.98;1.12;1.28;1.35;1.45;1.67;1.86;1.67;1.67;1.65;1.56;1.45;1.59;1.52;1.41;1.33;1.28;1.36;1.56;1.59;1.58;2.12;1.83;1.79;1.94;2.28;2.28;2.66;2.76;2.00;2.16;1.90;1.89;1.72;1.90;1.87;2.07;1.94;2.20;2.28;2.51;2.75;2.82,QUESTIONABLE,Group classification: LEISURE-MOVIES & RELATED,
CNK,LEISURE,LEISURE-MOVIES & RELATED,83,36.59000015258789,0.5338465798256822,22.97;23.08;24.51;25.04;25.60;25.58;24.70;25.20;26.19;25.73;25.83;28.06;28.59;28.16;26.98;25.92;25.69;26.67;26.28;27.72;27.58;27.97;28.43;29.14;29.78;30.77;30.27;29.80;29.91;28.77;28.51;29.34;28.91;27.53;26.91;27.38;26.67;26.20;25.87;26.21;26.51;27.21;27.24;31.03;29.74;31.23;32.02;34.01;32.17;33.11;33.61;33.16;33.44;31.73;31.53;29.42;29.61;29.15;29.83;30.42;31.48;32.69;33.66;34.89;36.59,QUESTIONABLE,Group classification: LEISURE-MOVIES & RELATED,
IMAX,LEISURE,LEISURE-MOVIES & RELATED,89,47.84000015258789,0.38225944261553546,34.75;34.37;35.13;35.45;37.28;36.49;35.33;37.86;37.68;36.79;36.52;42.83;41.19;40.46;39.49;39.80;38.10;39.05;36.62;38.04;38.19;36.55;38.01;40.13;38.80;37.85;36.94;37.06;35.09;35.75;36.61;37.12;37.24;36.51;35.74;35.64;33.84;33.79;33.59;33.09;33.88;40.61;39.23;40.49;38.98;38.97;40.11;42.12;42.32;44.29;44.00;43.92;41.08;39.86;39.88;37.48;38.27;38.35;39.24;39.25;37.85;43.96;45.11;48.66;47.84,QUESTIONABLE,Group classification: LEISURE-MOVIES & RELATED,
POOL,LEISURE,LEISURE-PRODUCTS,7,185.7100067138672,-0.2898174473485261,260.94;251.98;250.23;256.96;262.62;263.78;265.98;252.06;215.46;215.59;211.89;224.16;218.28;215.02;211.67;208.08;205.11;209.18;202.85;203.74;200.67;197.27;200.83;201.43;199.99;211.93;215.72;224.91;225.93;231.40;226.98;223.61;208.06;206.55;185.65;189.03;183.40;174.07;175.35;178.54;181.69;182.35;184.70;182.07;180.69;185.52;192.42;192.34;191.03;194.34;195.61;205.36;211.61;214.90;219.47;209.62;207.97;210.82;202.37;201.17;196.36;183.33;184.61;193.45;185.71,HALAL,"Business activity permissible — debt ratio not verified, cross-check Musaffa/Zoya",
BC,LEISURE,LEISURE-PRODUCTS,53,79.0,-0.07864079985108319,84.86;79.77;81.28;87.29;86.95;85.77;85.26;86.71;85.89;82.86;80.50;79.17;78.37;73.46;71.86;70.67;68.52;71.18;70.78;73.63;72.94;70.55;72.35;72.88;73.13;77.55;77.36;76.79;80.77;83.49;79.53;79.74;78.90;78.97;77.98;80.31;79.08;77.74;77.11;73.49;78.74;83.37;83.63;82.47;82.12;80.40;83.14;81.62;82.13;80.73;81.52;84.85;87.08;84.24;79.09;77.33;77.99;76.95;79.00;80.45;80.59;79.56;80.65;80.46;79.00,HALAL,"Business activity permissible — debt ratio not verified, cross-check Musaffa/Zoya",
PII,LEISURE,LEISURE-PRODUCTS,54,67.08000183105469,-0.008546362806012509,64.81;63.34;63.02;68.44;67.89;66.30;64.72;64.62;64.00;60.93;60.94;59.48;56.88;54.01;52.22;52.97;49.94;52.93;51.92;55.29;56.26;53.61;53.97;53.52;53.22;55.92;54.69;47.42;57.35;60.82;58.84;60.46;66.57;65.78;65.47;66.41;65.64;62.98;64.03;59.57;65.63;68.06;69.37;67.75;68.32;66.06;69.47;69.39;70.11;68.63;68.76;70.92;72.56;68.44;63.12;64.18;65.83;66.93;71.49;73.20;73.40;72.55;74.70;67.28;67.08,HALAL,"Business activity permissible — debt ratio not verified, cross-check Musaffa/Zoya",
LCII,LEISURE,LEISURE-PRODUCTS,25,102.36000061035156,-0.29075204907785024,145.18;146.48;145.28;151.29;151.65;151.86;151.78;151.12;143.07;139.14;133.53;130.61;132.78;129.13;126.27;123.34;122.09;122.48;119.82;120.13;121.67;120.11;121.73;121.45;120.14;125.48;121.94;119.41;122.17;119.94;119.32;117.37;116.49;115.60;110.89;115.24;111.99;109.83;109.90;106.29;108.07;110.63;111.71;106.79;106.78;94.26;93.43;91.59;92.46;89.73;91.33;94.14;95.87;105.88;103.36;105.82;101.88;102.04;104.12;108.17;104.78;104.60;103.52;106.55;102.36,HALAL,"Business activity permissible — debt ratio not verified, cross-check Musaffa/Zoya",
MBUU,LEISURE,LEISURE-PRODUCTS,25,27.56999969482422,-0.1591949092697723,32.41;32.23;32.83;34.61;31.24;31.08;30.54;31.52;31.40;30.55;29.70;29.06;26.98;27.49;25.67;26.00;25.75;26.05;25.41;26.25;26.87;26.08;25.92;24.48;24.15;25.35;25.83;24.76;26.54;26.10;26.34;25.50;25.22;25.71;25.00;25.40;29.66;28.14;26.22;24.86;26.86;28.68;27.84;28.01;27.28;26.39;28.02;27.14;27.69;26.95;26.37;27.39;28.75;27.43;25.07;25.64;26.23;26.77;27.97;28.17;28.08;27.23;28.34;27.91;27.57,HALAL,"Business activity permissible — debt ratio not verified, cross-check Musaffa/Zoya",
RGR,LEISURE,LEISURE-PRODUCTS,22,37.16999816894531,-0.0023366100754675934,37.77;36.87;36.59;37.67;38.14;37.79;36.98;36.73;38.18;37.24;36.26;37.26;38.02;36.93;38.27;38.77;38.12;38.66;39.34;39.58;43.41;40.72;39.98;40.90;40.52;41.02;41.45;42.23;42.09;41.96;42.21;42.88;42.74;43.04;41.65;39.03;37.47;39.12;39.47;39.39;39.34;40.21;39.37;38.94;38.75;38.77;38.88;39.30;38.41;38.03;40.49;38.55;38.33;37.85;37.65;38.28;38.56;38.43;37.98;37.85;38.78;38.06;38.91;37.80;37.17,HALAL,"Business activity permissible — debt ratio not verified, cross-check Musaffa/Zoya",
VSTO,LEISURE,LEISURE-PRODUCTS,,,,,HALAL,"Business activity permissible — debt ratio not verified, cross-check Musaffa/Zoya",
AOUT,LEISURE,LEISURE-PRODUCTS,88,12.359999656677246,0.46099286063177214,8.65;8.78;9.21;9.57;9.21;8.92;8.48;8.68;9.03;8.95;9.39;9.10;8.83;9.02;8.85;8.65;7.99;8.20;8.12;8.50;9.03;9.10;9.34;9.03;8.81;9.63;9.24;9.31;9.63;9.27;9.66;9.47;9.33;9.60;9.71;9.60;9.28;8.72;8.71;8.67;9.66;9.85;10.31;10.34;9.60;9.81;10.16;10.29;10.21;9.80;9.97;10.29;11.60;11.74;13.37;13.92;14.27;14.21;14.49;13.89;13.81;12.80;12.60;12.67;12.36,HALAL,"Business activity permissible — debt ratio not verified, cross-check Musaffa/Zoya",
MCD,LEISURE,LEISURE-RESTAURANTS,21,270.6400146484375,-0.11399300152607694,310.28;311.64;314.63;319.72;323.15;321.98;328.01;323.61;323.10;330.46;328.93;336.88;329.93;325.24;328.57;323.02;324.26;324.10;307.49;306.39;309.60;303.84;308.70;305.07;302.80;307.46;302.46;304.20;309.26;299.81;300.49;288.26;288.13;284.71;283.25;281.79;272.75;273.84;274.53;278.91;282.27;277.38;276.10;274.25;273.29;279.84;282.25;284.77;286.12;283.82;270.10;273.88;269.76;270.31;280.63;282.21;276.49;272.61;264.95;267.71;263.91;262.80;270.67;271.52;270.64,QUESTIONABLE,Some alcohol revenue in international markets,
SBUX,LEISURE,LEISURE-RESTAURANTS,60,105.25,0.09147325289510455,94.55;92.73;90.57;95.79;98.24;96.34;95.58;94.83;95.24;94.23;97.36;97.45;96.12;98.11;99.19;100.85;98.57;97.00;95.27;93.28;92.16;86.30;89.07;89.84;94.66;96.36;96.91;97.77;99.42;97.23;98.96;97.32;104.89;105.28;104.33;103.65;105.12;105.33;106.82;106.38;104.13;101.42;100.75;96.51;95.89;95.29;97.41;102.28;101.59;99.82;100.15;103.53;104.60;102.19;104.27;103.61;106.41;107.34;105.11;105.49;104.45;103.21;103.65;104.14;105.25,HALAL,"No alcohol/pork in core menu — debt ratio not verified, cross-check Musaffa/Zoya",
CMG,LEISURE,LEISURE-RESTAURANTS,,,,,QUESTIONABLE,"Some alcohol revenue (margaritas, beer)",
YUM,LEISURE,LEISURE-RESTAURANTS,37,153.27999877929688,0.011570870777912079,152.56;154.01;154.70;158.06;161.39;157.35;161.74;159.67;161.94;165.64;164.43;167.34;159.70;157.85;159.07;155.84;159.62;162.89;155.49;157.77;158.38;153.21;154.72;155.33;156.17;160.01;160.64;161.15;162.00;159.56;159.95;154.41;159.06;157.59;153.14;156.48;149.56;149.04;149.24;151.45;153.57;153.26;150.03;147.51;148.44;150.87;151.63;153.27;154.67;154.07;150.74;153.02;156.41;159.86;164.73;167.49;162.39;161.68;152.57;147.92;147.17;147.37;147.80;151.92;153.28,QUESTIONABLE,KFC/Pizza Hut/Taco Bell — pork in some menus,
QSR,LEISURE,LEISURE-RESTAURANTS,43,74.0199966430664,0.10168609275809626,66.30;66.27;65.79;68.06;69.64;69.01;65.17;66.92;67.36;66.33;66.42;70.44;70.86;72.03;72.06;70.73;71.36;73.72;73.46;74.33;72.26;70.77;73.23;75.89;75.82;76.17;76.81;78.01;77.61;77.98;80.50;78.16;77.99;79.31;80.93;78.42;77.52;75.75;75.15;75.08;75.56;74.74;73.64;72.20;72.10;72.00;72.01;73.23;74.97;73.50;71.20;72.76;74.34;72.51;74.79;73.94;74.94;75.57;74.18;75.01;73.82;72.38;74.41;75.52;74.02,QUESTIONABLE,Restaurant Brands — pork in some menus,
DPZ,LEISURE,LEISURE-RESTAURANTS,19,347.44000244140625,-0.14616357559546822,409.26;402.55;404.66;397.26;390.48;385.39;377.53;369.34;380.84;395.90;399.44;398.03;403.83;398.21;411.15;388.91;399.16;393.75;372.99;364.55;360.30;346.00;356.59;368.54;365.89;371.01;366.56;365.81;369.77;366.93;370.10;333.24;330.27;335.69;329.69;330.49;311.30;306.58;300.43;310.83;314.53;308.51;308.44;311.78;304.89;312.06;315.74;310.34;316.52;314.36;295.11;287.62;298.18;296.04;311.66;313.14;300.88;309.85;310.87;322.18;326.34;323.25;343.53;360.00;347.44,HALAL,"Domino's — pizza, no alcohol — debt ratio not verified, cross-check Musaffa/Zoya",
WEN,LEISURE,LEISURE-RESTAURANTS,25,7.360000133514404,-0.09312887784103763,7.69;7.44;7.41;7.77;7.73;7.54;7.01;6.75;8.02;7.49;7.22;7.38;7.37;7.12;7.14;6.94;7.04;6.88;6.93;7.03;7.01;6.68;6.82;6.75;6.76;6.97;6.58;6.77;6.82;6.98;6.80;6.77;6.64;6.58;6.49;6.82;6.64;8.04;7.87;7.97;7.48;7.23;7.36;7.85;6.85;6.71;6.71;6.79;6.91;6.95;6.17;7.86;7.80;8.29;8.60;7.78;7.59;7.50;7.45;7.76;7.63;7.17;7.31;7.65;7.36,HALAL,"Wendy's — quick service, no alcohol — debt ratio not verified, cross-check Musaffa/Zoya",
TXRH,LEISURE,LEISURE-RESTAURANTS,68,205.44000244140625,0.08696509697920818,183.36;182.43;181.02;183.88;189.32;181.10;180.35;185.29;180.95;176.39;180.21;181.29;179.66;173.53;171.01;170.63;168.77;170.21;170.90;166.49;168.36;159.50;164.43;162.28;159.26;163.88;161.79;162.33;164.37;160.36;159.75;157.19;159.14;157.61;157.35;157.25;182.76;178.53;177.21;173.08;177.29;181.42;179.58;174.65;166.19;170.46;164.00;167.70;167.54;173.54;179.77;187.02;196.59;193.23;194.28;187.03;187.04;192.03;189.86;197.03;194.31;190.86;201.04;209.16;205.44,HARAM,Texas Roadhouse — significant alcohol revenue,
DRI,LEISURE,LEISURE-RESTAURANTS,,,,,HARAM,"Darden — Olive Garden etc., heavy alcohol revenue",
BLMN,LEISURE,LEISURE-RESTAURANTS,70,8.65999984741211,0.12321657646754836,6.69;6.16;5.97;6.43;7.07;6.96;6.47;6.44;6.64;6.14;5.71;6.12;6.35;6.38;5.81;5.70;5.51;5.69;6.03;5.59;5.62;5.26;5.40;5.49;5.66;6.08;5.83;6.55;6.73;6.49;6.39;6.08;6.01;5.92;5.76;7.95;8.37;8.28;8.04;7.61;7.75;7.92;8.32;8.14;7.49;7.27;7.43;8.06;7.65;7.68;8.33;8.55;8.97;9.14;8.70;7.98;8.06;8.44;8.42;8.54;8.44;8.19;8.54;8.81;8.66,HARAM,"Bloomin' Brands — Outback steakhouse, alcohol",
EAT,LEISURE,LEISURE-RESTAURANTS,92,213.6999969482422,0.3128954435027811,157.29;160.64;162.12;162.06;168.93;163.17;162.54;163.33;150.61;140.78;144.90;148.20;140.96;140.38;137.57;144.35;144.02;142.77;144.76;146.96;147.11;133.67;142.77;144.69;148.41;154.87;154.15;157.23;158.14;147.71;143.85;134.13;147.80;148.14;144.94;146.30;139.61;126.36;137.22;126.33;136.57;139.68;140.02;141.76;140.26;140.46;150.83;158.73;156.24;158.80;164.46;169.87;171.46;168.00;177.71;175.30;180.63;189.27;178.64;189.35;192.83;185.00;195.44;205.73;213.70,HARAM,"Brinker — Chili's, alcohol revenue",
CAVA,LEISURE,LEISURE-RESTAURANTS,13,65.2300033569336,-0.016435409271808088,62.33;63.03;59.60;65.41;69.96;68.93;63.61;63.31;68.44;68.35;85.67;82.47;77.07;79.37;81.81;80.50;82.00;90.52;87.64;87.07;80.29;75.42;80.90;79.63;83.42;86.15;84.21;88.44;94.78;96.27;93.11;94.23;91.11;90.98;90.34;84.47;79.99;72.30;76.87;78.12;81.27;80.32;78.20;74.67;71.33;72.60;76.28;88.25;89.52;88.05;80.88;82.24;83.40;78.48;76.88;69.74;68.20;72.54;69.65;68.85;63.69;63.21;64.54;65.36;65.23,QUESTIONABLE,Group classification: LEISURE-RESTAURANTS,
WING,LEISURE,LEISURE-RESTAURANTS,2,129.49000549316406,-0.5210495345979591,273.92;271.29;265.65;281.79;263.01;258.66;223.15;250.83;259.01;247.40;253.24;258.53;246.27;235.44;223.71;208.13;202.93;197.58;186.82;182.78;165.89;154.07;154.58;152.13;165.62;178.60;185.84;190.92;195.84;188.71;186.27;177.28;170.78;160.32;146.37;134.54;127.01;120.31;129.21;126.80;132.65;140.63;157.61;158.16;144.05;142.23;143.86;153.88;166.22;150.05;156.74;155.79;166.76;173.41;177.99;170.21;157.72;154.06;145.70;142.33;134.95;134.86;137.24;139.45;129.49,QUESTIONABLE,Group classification: LEISURE-RESTAURANTS,
DNUT,LEISURE,LEISURE-RESTAURANTS,21,3.180000066757202,-0.0619469119907029,3.36;3.13;3.12;3.26;3.16;3.06;2.99;2.92;2.98;2.97;2.99;3.75;3.53;3.62;3.42;3.26;3.27;3.59;3.76;3.35;3.35;3.23;3.39;3.40;3.32;3.37;3.31;3.46;3.61;3.98;3.82;4.02;3.65;3.82;3.67;3.64;3.38;3.31;3.23;3.21;3.33;3.37;3.42;3.53;3.30;3.51;3.73;4.20;3.99;3.78;3.50;3.73;3.54;3.53;3.51;3.32;3.42;3.47;3.32;3.30;3.19;3.11;3.26;3.26;3.18,QUESTIONABLE,Group classification: LEISURE-RESTAURANTS,
SHAK,LEISURE,LEISURE-RESTAURANTS,4,62.75,-0.3197831978319783,87.32;88.03;92.72;94.48;98.30;95.75;88.93;91.45;93.18;89.56;92.13;96.01;96.07;96.79;95.67;92.58;86.92;90.50;88.16;90.87;89.50;81.32;88.47;89.33;92.80;97.55;100.65;101.17;103.73;101.78;97.59;101.45;100.61;98.36;96.61;69.24;64.50;63.91;60.41;64.12;62.83;61.82;62.13;62.22;55.53;52.34;53.78;58.33;58.40;58.79;55.71;54.75;56.87;56.02;56.47;54.92;56.32;62.18;60.00;58.00;56.44;55.99;61.57;63.05;62.75,QUESTIONABLE,Beer/wine on menu,
JACK,LEISURE,LEISURE-RESTAURANTS,34,16.3700008392334,-0.22637046515690462,21.79;20.59;21.00;22.23;22.77;20.41;20.50;21.34;18.02;17.07;16.87;16.92;15.18;15.09;13.95;13.37;12.66;12.50;11.19;11.16;11.00;9.70;9.67;9.99;10.96;12.02;11.38;11.72;12.98;12.70;12.71;13.20;12.30;12.28;12.84;13.87;13.40;12.79;10.87;11.44;11.35;10.89;11.56;13.48;11.95;11.32;11.96;12.44;12.92;12.40;11.41;13.35;13.81;15.81;17.20;15.68;15.17;15.12;15.27;14.98;14.81;13.77;15.67;16.47;16.37,QUESTIONABLE,Group classification: LEISURE-RESTAURANTS,
MAT,LEISURE,LEISURE-TOYS/GAMES/HOBBY,16,15.09000015258789,-0.26995645394823475,20.23;20.77;21.24;21.29;21.49;21.06;15.85;16.84;17.42;17.23;16.85;16.95;16.14;16.03;16.01;16.11;16.06;15.70;15.00;15.08;14.87;14.30;14.53;14.36;14.42;14.64;14.53;14.84;15.19;14.88;14.76;14.72;14.89;14.93;14.72;15.00;14.99;14.82;15.15;15.00;14.97;15.07;14.89;14.86;14.34;14.08;14.49;14.66;14.35;13.67;13.89;13.88;13.98;13.88;13.34;13.42;13.18;13.84;13.86;14.30;14.20;14.24;14.80;15.37;15.09,HALAL,"Business activity permissible — debt ratio not verified, cross-check Musaffa/Zoya",
HAS,LEISURE,LEISURE-TOYS/GAMES/HOBBY,56,93.94000244140625,0.07535349694356364,88.35;89.11;92.44;95.15;92.44;102.45;100.06;100.71;100.18;97.47;98.94;98.78;96.84;94.60;95.00;93.50;92.64;92.52;90.62;92.23;91.44;87.87;92.84;89.43;88.67;92.30;91.74;93.17;96.36;90.33;95.80;93.92;93.26;94.50;93.99;96.60;94.42;93.25;94.48;96.39;89.35;87.28;85.68;85.07;84.13;84.18;84.26;83.77;84.99;83.47;84.39;83.28;85.33;82.59;80.15;76.73;77.39;79.53;80.51;81.55;88.78;87.35;90.61;95.17;93.94,HALAL,"Business activity permissible — debt ratio not verified, cross-check Musaffa/Zoya",
FNKO,LEISURE,LEISURE-TOYS/GAMES/HOBBY,90,5.829999923706055,0.3685445095002522,4.24;4.15;4.15;4.23;3.97;3.87;3.60;3.69;4.42;4.85;5.10;5.00;4.57;4.47;4.51;4.49;4.13;3.83;3.51;3.42;3.30;2.93;3.15;3.25;3.64;3.75;3.57;3.97;4.37;4.39;4.37;4.31;4.27;4.44;4.32;4.46;5.44;5.24;5.06;4.69;5.16;5.27;5.50;5.59;5.22;5.10;5.18;5.42;5.48;5.09;5.30;5.65;5.80;5.88;5.51;5.40;5.37;5.69;5.65;5.82;5.81;5.72;6.12;6.20;5.83,HALAL,"Business activity permissible — debt ratio not verified, cross-check Musaffa/Zoya",
BBW,LEISURE,LEISURE-TOYS/GAMES/HOBBY,6,33.91999816894531,-0.4576080665081159,60.13;59.22;59.19;58.57;54.72;51.47;48.54;50.58;52.35;48.51;49.28;48.04;45.90;44.66;43.48;42.93;40.39;39.45;40.30;41.08;39.13;37.02;37.19;37.80;36.93;37.58;36.96;36.76;38.77;38.77;37.54;38.27;36.45;35.77;36.38;37.16;36.82;35.49;35.07;37.22;36.90;37.40;38.63;36.12;35.02;33.73;32.80;33.65;32.28;31.38;31.59;32.35;31.34;30.61;31.50;29.84;31.15;33.62;34.40;34.13;33.97;33.84;34.12;35.52;33.92,HALAL,"Business activity permissible — debt ratio not verified, cross-check Musaffa/Zoya",
JAKK,LEISURE,LEISURE-TOYS/GAMES/HOBBY,83,26.329999923706055,0.4170782295379831,18.55;18.38;18.24;17.61;17.70;17.96;17.21;17.13;17.76;22.02;21.89;21.62;20.45;20.50;20.37;20.20;19.49;19.66;19.73;19.76;20.16;19.46;19.70;19.95;20.84;21.93;21.41;21.46;22.29;22.30;22.35;21.70;21.27;23.80;22.69;23.03;22.27;21.27;21.09;21.06;21.92;22.03;22.63;21.83;21.57;21.66;21.89;22.35;22.19;21.59;22.01;22.80;23.90;23.28;23.44;22.76;22.08;22.64;22.92;24.23;24.41;23.81;25.92;26.51;26.33,HALAL,"Business activity permissible — debt ratio not verified, cross-check Musaffa/Zoya",
BKNG,LEISURE,LEISURE-TRAVEL BOOKING,32,192.89999389648438,-0.04959263027407401,205.15;203.56;203.91;183.40;177.43;170.43;165.57;164.81;159.53;154.09;165.72;168.76;165.36;183.65;177.18;172.46;169.22;177.25;171.34;175.43;169.08;162.08;167.99;167.35;172.98;176.16;176.81;185.22;191.53;190.38;176.31;177.07;173.54;169.20;167.21;170.85;157.40;154.64;153.74;154.15;159.28;162.89;169.39;168.83;164.37;165.84;163.99;163.59;174.64;171.63;167.77;181.25;181.46;178.24;184.56;181.95;175.52;175.80;182.80;181.68;179.40;172.83;186.79;201.30;192.90,HALAL,"Business activity permissible — debt ratio not verified, cross-check Musaffa/Zoya",
EXPE,LEISURE,LEISURE-TRAVEL BOOKING,80,294.739990234375,0.0917110334927147,265.60;271.60;275.49;235.47;235.84;240.51;226.27;199.56;198.91;187.70;202.87;214.77;214.22;251.01;241.03;229.86;227.89;240.74;238.90;236.15;235.76;225.33;230.40;224.82;223.82;229.77;239.70;256.89;265.28;273.22;249.84;244.70;250.04;251.31;248.12;252.25;220.99;217.09;217.27;214.54;217.66;222.50;227.55;228.37;225.41;228.88;231.06;224.66;236.98;239.47;238.02;262.15;262.80;255.88;268.69;269.87;267.78;265.63;267.11;268.77;264.94;257.61;278.37;304.27;294.74,HALAL,"Business activity permissible — debt ratio not verified, cross-check Musaffa/Zoya",
TRIP,LEISURE,LEISURE-TRAVEL BOOKING,47,14.164999961853027,0.07067274769222331,13.06;13.42;13.31;12.60;12.77;12.83;10.32;10.54;10.57;10.06;10.08;10.11;9.92;10.50;10.61;9.83;9.24;9.51;9.29;10.04;9.51;10.11;10.66;10.85;10.75;11.49;11.13;11.48;11.39;11.23;10.86;11.19;11.18;11.56;11.28;11.23;9.66;9.63;9.46;9.30;9.90;10.04;10.90;12.10;11.94;11.86;11.95;11.91;12.56;12.61;12.36;12.98;13.76;13.71;14.29;13.72;13.33;14.40;14.60;14.58;13.80;13.49;14.28;14.58;14.16,HALAL,"Business activity permissible — debt ratio not verified, cross-check Musaffa/Zoya",
TCOM,LEISURE,LEISURE-TRAVEL BOOKING,9,47.0099983215332,-0.25238553557578236,62.44;62.02;62.01;57.39;59.40;57.50;54.46;56.12;55.34;52.93;53.66;52.62;51.70;51.96;53.74;52.10;51.72;52.41;51.73;51.32;51.34;48.49;49.79;50.48;50.22;51.34;51.77;54.12;55.19;54.65;52.95;53.20;52.78;54.22;52.40;53.37;52.20;52.28;49.61;48.95;48.06;47.35;47.08;48.29;47.94;47.69;47.04;47.39;47.40;46.73;46.42;46.30;40.89;39.84;41.00;40.81;41.43;42.36;42.87;42.45;43.65;43.02;44.77;46.00;47.01,HALAL,"Business activity permissible — debt ratio not verified, cross-check Musaffa/Zoya",
DESP,LEISURE,LEISURE-TRAVEL BOOKING,,,,,HALAL,"Business activity permissible — debt ratio not verified, cross-check Musaffa/Zoya",
CAT,MACHINERY,MACHINERY-CONSTRUCTION/MINING,86,814.8099975585938,0.30521790055983256,636.52;662.75;688.32;689.23;723.48;739.59;755.45;761.89;757.68;753.63;763.74;740.05;719.47;703.43;702.18;704.94;691.39;699.37;686.07;699.07;716.34;692.79;705.80;714.53;721.72;784.12;788.76;767.28;791.67;798.97;833.69;827.26;808.55;888.02;902.92;894.03;925.07;900.63;886.67;858.56;864.35;906.87;886.03;863.76;924.47;902.61;913.01;895.97;932.20;954.15;1020.39;992.61;995.62;1062.93;961.75;938.38;936.65;929.75;912.61;878.65;889.97;894.54;873.28;782.71;814.81,HALAL,"Business activity permissible — debt ratio not verified, cross-check Musaffa/Zoya",
DE,MACHINERY,MACHINERY-CONSTRUCTION/MINING,61,592.6699829101562,0.15845509654125522,516.34;527.16;529.33;564.14;579.91;590.15;594.82;597.54;658.36;643.29;620.18;626.25;615.82;587.44;596.19;590.78;574.33;571.11;564.46;565.90;574.81;563.53;561.84;574.22;574.51;616.40;601.48;575.15;588.93;585.78;590.42;566.22;558.57;575.77;574.30;579.04;587.22;579.15;560.38;556.63;529.98;527.75;537.61;541.03;586.77;581.93;575.84;567.17;573.98;586.95;597.04;599.20;611.65;634.33;621.27;603.61;592.90;585.64;589.48;597.24;586.88;610.02;625.02;610.95;592.67,HALAL,"Business activity permissible — debt ratio not verified, cross-check Musaffa/Zoya",
AGCO,MACHINERY,MACHINERY-CONSTRUCTION/MINING,21,102.16000366210938,-0.09802177064049988,113.16;113.80;114.14;121.12;131.96;135.14;138.29;138.15;138.17;134.80;133.58;136.15;132.73;127.19;123.60;121.41;118.27;116.22;110.65;113.82;117.06;113.24;115.57;114.30;114.08;121.86;121.03;114.98;118.30;119.03;119.23;117.21;114.14;118.21;114.26;117.41;118.53;115.66;113.28;111.52;112.09;114.36;113.87;112.03;119.62;116.41;113.14;111.03;112.54;111.97;113.92;114.58;117.35;119.70;116.49;113.75;113.26;114.08;114.89;115.33;111.79;117.27;120.24;116.17;102.16,HALAL,"Business activity permissible — debt ratio not verified, cross-check Musaffa/Zoya",
CNHI,MACHINERY,MACHINERY-CONSTRUCTION/MINING,,,,,HALAL,"Business activity permissible — debt ratio not verified, cross-check Musaffa/Zoya",
OSK,MACHINERY,MACHINERY-CONSTRUCTION/MINING,,,,,HALAL,"Business activity permissible — debt ratio not verified, cross-check Musaffa/Zoya",
TEX,MACHINERY,MACHINERY-CONSTRUCTION/MINING,53,62.84000015258789,0.06025991836970079,60.14;57.37;58.67;63.90;62.40;58.94;65.26;69.13;68.59;67.28;67.82;68.42;66.18;65.31;61.36;62.37;59.24;59.39;57.74;59.35;60.73;56.28;58.93;58.36;59.45;64.21;63.14;58.49;60.65;60.73;62.63;62.49;60.53;61.70;60.74;62.64;63.95;62.46;59.96;55.23;57.14;59.10;59.00;58.06;62.49;60.25;63.67;62.78;65.29;64.18;68.94;70.10;71.81;72.39;68.16;66.61;64.63;65.61;65.52;65.39;64.77;68.52;69.06;64.56;62.84,HALAL,"Business activity permissible — debt ratio not verified, cross-check Musaffa/Zoya",
MTW,MACHINERY,MACHINERY-CONSTRUCTION/MINING,51,13.850000381469727,0.024408277554203606,13.10;12.93;13.40;14.60;15.03;15.15;13.78;14.53;14.15;14.35;14.69;14.75;14.37;13.94;13.24;13.14;12.19;12.18;11.64;11.76;12.10;11.61;11.65;11.75;11.67;13.02;13.21;13.00;13.01;12.52;13.36;13.41;13.01;13.51;13.67;13.62;13.02;12.67;12.20;11.35;11.69;11.80;12.06;11.60;12.22;11.85;12.04;12.21;12.58;12.71;13.25;13.47;14.34;13.89;12.52;12.27;12.38;12.72;12.95;13.03;13.20;14.02;14.56;13.66;13.85,HALAL,"Business activity permissible — debt ratio not verified, cross-check Musaffa/Zoya",
ETN,MACHINERY,MACHINERY-ELECTRIC UTILITY,52,415.20001220703125,0.26093135027411374,339.19;352.29;357.34;362.86;371.63;375.26;388.04;389.20;375.11;359.93;371.34;373.72;353.48;352.71;351.80;354.81;354.42;362.95;359.24;358.75;373.97;356.38;356.68;360.10;367.83;399.34;402.25;393.97;405.09;408.57;423.33;415.62;409.64;424.38;409.73;398.05;419.00;406.94;399.44;371.88;381.51;403.13;401.94;400.08;421.21;395.94;401.72;393.64;407.06;409.64;435.78;404.59;402.68;426.12;398.52;395.68;405.83;402.85;412.86;399.99;402.95;415.13;398.64;361.88;415.20,HALAL,"Business activity permissible — debt ratio not verified, cross-check Musaffa/Zoya",
EMR,MACHINERY,MACHINERY-ELECTRIC UTILITY,50,149.82000732421875,0.02250518562982262,146.51;149.54;147.47;156.09;156.15;160.42;143.84;148.25;150.69;144.92;147.84;150.14;145.98;141.65;140.55;139.01;131.71;131.96;129.38;129.31;130.33;124.90;130.49;131.17;134.10;144.09;143.88;139.83;145.76;144.25;141.87;140.90;136.01;136.90;137.82;140.52;138.87;137.21;133.05;130.65;134.90;140.97;141.79;141.65;140.88;138.12;142.42;142.09;146.52;149.00;150.21;141.44;143.49;143.15;139.05;137.91;137.80;135.38;136.25;139.54;139.26;144.90;149.30;145.73;149.82,HALAL,"Business activity permissible — debt ratio not verified, cross-check Musaffa/Zoya",
ROK,MACHINERY,MACHINERY-ELECTRIC UTILITY,76,480.0799865722656,0.15650287742493263,417.01;423.95;426.35;427.04;412.31;409.91;379.51;385.94;392.80;386.44;401.14;406.20;397.27;377.34;374.40;372.10;359.82;356.29;354.64;356.73;359.54;350.42;357.78;363.90;368.23;393.69;406.53;396.18;414.45;408.78;407.65;405.67;398.97;406.18;434.59;447.17;455.26;453.59;447.36;422.29;440.25;456.30;454.80;456.71;461.73;446.71;460.47;457.59;463.57;458.69;478.08;460.37;476.82;495.08;471.70;468.90;467.48;460.45;461.92;461.85;464.82;460.65;466.00;459.39;480.08,HALAL,"Business activity permissible — debt ratio not verified, cross-check Musaffa/Zoya",
PWR,MACHINERY,MACHINERY-ELECTRIC UTILITY,84,667.3599853515625,0.4241681436590705,479.10;483.26;477.60;464.41;507.93;510.46;515.70;524.95;553.81;548.92;562.57;562.88;565.80;549.03;567.84;567.51;558.82;571.44;577.75;567.25;573.30;549.79;548.83;560.54;555.49;581.97;595.75;591.73;601.79;605.80;633.34;637.18;628.50;742.10;771.49;750.62;781.26;773.60;769.87;714.02;716.80;742.07;729.99;687.37;715.56;695.00;691.84;683.19;724.24;714.74;740.03;701.77;687.76;719.93;668.31;656.79;668.17;646.70;648.84;628.53;639.20;653.80;620.28;561.14;667.36,HALAL,"Business activity permissible — debt ratio not verified, cross-check Musaffa/Zoya",
DE,MACHINERY,MACHINERY-FARM,61,592.6699829101562,0.15845509654125522,516.34;527.16;529.33;564.14;579.91;590.15;594.82;597.54;658.36;643.29;620.18;626.25;615.82;587.44;596.19;590.78;574.33;571.11;564.46;565.90;574.81;563.53;561.84;574.22;574.51;616.40;601.48;575.15;588.93;585.78;590.42;566.22;558.57;575.77;574.30;579.04;587.22;579.15;560.38;556.63;529.98;527.75;537.61;541.03;586.77;581.93;575.84;567.17;573.98;586.95;597.04;599.20;611.65;634.33;621.27;603.61;592.90;585.64;589.48;597.24;586.88;610.02;625.02;610.95;592.67,HALAL,"Business activity permissible — debt ratio not verified, cross-check Musaffa/Zoya",
AGCO,MACHINERY,MACHINERY-FARM,21,102.16000366210938,-0.09802177064049988,113.16;113.80;114.14;121.12;131.96;135.14;138.29;138.15;138.17;134.80;133.58;136.15;132.73;127.19;123.60;121.41;118.27;116.22;110.65;113.82;117.06;113.24;115.57;114.30;114.08;121.86;121.03;114.98;118.30;119.03;119.23;117.21;114.14;118.21;114.26;117.41;118.53;115.66;113.28;111.52;112.09;114.36;113.87;112.03;119.62;116.41;113.14;111.03;112.54;111.97;113.92;114.58;117.35;119.70;116.49;113.75;113.26;114.08;114.89;115.33;111.79;117.27;120.24;116.17;102.16,HALAL,"Business activity permissible — debt ratio not verified, cross-check Musaffa/Zoya",
LNN,MACHINERY,MACHINERY-FARM,,,,,HALAL,"Business activity permissible — debt ratio not verified, cross-check Musaffa/Zoya",
ALG,MACHINERY,MACHINERY-FARM,15,159.0800018310547,-0.1643732779747079,192.55;192.24;194.22;202.41;207.54;206.49;208.36;208.06;209.44;210.33;212.23;212.67;184.04;172.43;167.23;175.21;170.09;166.12;162.51;166.59;168.47;166.33;164.31;167.52;167.52;178.32;175.85;168.40;171.75;168.83;173.99;171.67;168.02;170.99;166.62;165.85;154.48;151.31;146.96;149.65;149.52;152.26;152.16;149.55;149.81;149.06;152.64;154.09;151.74;155.84;160.71;163.18;168.45;164.15;169.89;165.81;161.81;161.90;162.39;162.43;161.18;165.04;164.43;156.95;159.08,HALAL,"Business activity permissible — debt ratio not verified, cross-check Musaffa/Zoya",
TWI,MACHINERY,MACHINERY-FARM,16,7.21999979019165,-0.18693697104234563,8.75;9.35;9.71;10.65;11.06;11.10;11.04;10.79;10.77;10.51;10.51;9.73;9.17;8.89;8.44;8.26;7.30;7.18;7.16;7.20;7.10;6.80;6.91;7.49;7.54;8.45;8.53;8.12;8.14;8.02;8.19;8.24;7.99;7.88;7.63;8.01;7.67;7.57;7.57;7.13;7.37;7.26;7.27;7.30;7.68;7.29;7.46;7.39;7.59;7.36;7.56;7.51;8.02;7.71;7.21;7.32;7.17;7.35;7.64;7.66;7.76;7.89;8.06;7.65;7.22,HALAL,"Business activity permissible — debt ratio not verified, cross-check Musaffa/Zoya",
GE,MACHINERY,MACHINERY-GENERAL INDUSTRIAL,75,360.07000732421875,0.22858412625159397,296.67;298.05;307.88;307.51;320.13;315.48;312.05;326.20;333.84;338.08;341.96;341.34;333.24;326.11;321.53;324.75;299.32;301.71;291.25;291.18;296.19;282.46;283.42;280.81;288.24;312.63;311.51;313.54;303.75;286.37;281.99;284.21;283.22;286.15;286.32;302.25;300.40;294.34;281.18;284.92;301.38;314.10;320.42;324.20;314.25;327.59;330.03;332.35;341.83;356.59;354.68;365.42;368.54;373.26;377.05;366.98;359.04;353.42;360.35;348.83;340.70;349.00;361.61;350.63;360.07,HALAL,"Business activity permissible — debt ratio not verified, cross-check Musaffa/Zoya",
HON,MACHINERY,MACHINERY-GENERAL INDUSTRIAL,53,243.0500030517578,0.05743112983137433,229.28;235.85;236.18;244.27;247.41;252.56;248.92;251.84;249.89;252.27;251.38;254.07;254.34;248.64;247.81;249.74;244.59;241.38;238.89;232.61;235.51;232.72;235.76;239.32;233.47;246.22;243.69;242.18;243.60;231.78;223.56;221.18;219.35;221.65;218.06;225.37;228.54;227.34;223.64;227.74;234.71;243.02;244.36;248.08;234.15;224.40;226.22;229.81;238.50;239.76;239.23;238.51;243.53;223.90;229.86;225.05;223.42;222.25;222.84;225.02;229.86;246.27;245.75;241.12;243.05,HALAL,"Business activity permissible — debt ratio not verified, cross-check Musaffa/Zoya",
ITW,MACHINERY,MACHINERY-GENERAL INDUSTRIAL,56,286.95001220703125,0.12488746971626874,255.52;259.64;260.97;285.26;289.97;290.64;294.85;293.77;290.22;289.62;286.19;287.07;282.47;279.04;273.19;268.19;263.72;264.46;257.42;259.53;263.18;255.86;258.72;256.66;257.48;271.54;272.86;262.80;270.62;269.42;271.49;268.12;264.07;253.93;253.02;253.99;250.57;248.59;246.19;245.88;248.43;248.90;248.14;244.33;248.75;251.20;255.01;252.92;260.93;260.53;263.71;262.09;266.10;270.47;272.76;271.09;265.48;271.50;271.41;276.05;271.99;276.91;284.82;292.45;286.95,HALAL,"Business activity permissible — debt ratio not verified, cross-check Musaffa/Zoya",
PH,MACHINERY,MACHINERY-GENERAL INDUSTRIAL,62,976.530029296875,0.05665085093931799,922.16;944.50;948.09;964.01;974.29;989.33;979.99;1007.65;1010.16;1006.69;1009.52;1006.90;986.44;963.24;930.07;938.36;887.85;891.30;897.98;904.02;919.48;886.44;893.22;906.01;910.91;980.77;987.26;961.59;986.57;970.50;971.68;972.14;945.36;880.24;870.72;884.85;874.36;882.37;862.72;852.56;864.73;868.03;852.81;823.30;850.76;882.34;905.53;902.37;918.86;945.97;962.14;961.09;968.92;978.12;962.89;957.51;949.17;951.26;952.95;953.21;959.58;985.48;987.31;951.07;976.53,HALAL,"Business activity permissible — debt ratio not verified, cross-check Musaffa/Zoya",
DOV,MACHINERY,MACHINERY-GENERAL INDUSTRIAL,39,204.6199951171875,-0.005405678023802096,206.28;201.57;206.34;218.98;222.60;228.39;229.48;232.15;231.42;229.64;225.66;224.95;220.22;215.05;210.48;209.83;203.43;213.30;210.97;211.77;214.63;206.09;207.94;204.88;207.03;217.79;218.70;214.93;218.53;219.74;227.59;225.68;221.71;225.24;222.92;220.36;219.43;214.09;210.25;207.04;207.26;214.87;211.99;207.54;213.51;214.76;220.97;218.53;220.67;220.79;229.40;224.31;225.96;224.28;213.71;214.05;211.57;214.27;212.26;214.18;211.42;197.80;205.85;197.99;204.62,HALAL,"Business activity permissible — debt ratio not verified, cross-check Musaffa/Zoya",
IR,MACHINERY,MACHINERY-GENERAL INDUSTRIAL,36,83.37999725341797,-0.04344009543907312,86.23;88.83;88.90;97.36;98.45;97.75;94.16;98.71;96.15;93.89;92.97;94.09;91.49;90.48;86.64;85.15;82.11;84.04;82.14;82.27;83.63;79.43;80.10;77.89;79.53;87.01;87.67;83.37;85.78;84.79;84.93;83.99;77.44;77.97;75.80;77.48;74.68;71.37;70.35;68.54;70.28;72.43;70.99;70.96;70.07;72.25;73.91;73.20;76.77;77.07;77.87;78.32;81.37;81.99;80.59;78.71;77.05;78.56;79.14;82.24;80.90;84.31;84.66;84.61;83.38,HALAL,"Business activity permissible — debt ratio not verified, cross-check Musaffa/Zoya",
FLS,MACHINERY,MACHINERY-GENERAL INDUSTRIAL,59,75.98999786376953,-0.01843373332497633,77.14;78.17;78.73;79.29;84.95;86.08;86.50;89.23;87.69;87.81;91.49;87.99;82.96;80.89;76.66;78.30;73.85;74.68;73.46;73.82;76.13;71.94;73.29;75.02;77.16;84.20;84.23;78.59;83.57;81.80;81.67;87.66;84.00;71.44;70.01;71.33;70.56;66.27;64.88;64.20;68.53;73.13;74.99;74.86;75.20;73.28;75.75;77.87;79.76;78.70;81.34;72.72;72.56;74.16;72.34;71.37;69.69;68.36;68.89;68.46;67.52;71.66;72.68;69.94;75.99,HALAL,"Business activity permissible — debt ratio not verified, cross-check Musaffa/Zoya",
WAB,MACHINERY,MACHINERY-GENERAL INDUSTRIAL,77,290.8599853515625,0.2670755712618502,231.16;232.07;233.12;240.21;245.72;245.85;253.17;259.37;261.56;262.61;262.49;263.63;260.51;251.27;246.70;245.67;236.47;237.69;236.85;241.39;248.02;240.82;249.61;253.60;255.74;270.61;268.71;257.07;263.05;257.32;269.12;266.90;261.05;264.63;263.12;265.26;267.80;264.46;263.58;254.98;254.85;261.47;261.20;256.01;262.78;260.40;265.77;262.09;268.89;271.86;276.75;272.48;269.53;269.60;262.19;259.19;259.77;260.86;259.71;262.08;263.53;297.99;300.90;291.76;290.86,HALAL,"Business activity permissible — debt ratio not verified, cross-check Musaffa/Zoya",
SPXC,MACHINERY,MACHINERY-GENERAL INDUSTRIAL,52,219.6199951171875,0.040705095899064014,215.68;211.84;212.73;212.76;222.32;231.20;230.92;241.60;241.01;237.18;226.66;226.94;219.58;211.90;209.80;210.15;199.45;204.62;202.36;194.52;201.27;200.00;199.94;197.29;195.43;215.54;221.27;219.99;223.52;216.49;223.96;222.45;211.36;208.13;207.81;205.27;203.24;203.79;200.99;195.79;205.39;219.08;213.82;220.92;234.08;227.80;228.01;233.49;237.06;235.29;246.41;237.22;231.87;245.17;227.74;218.83;216.63;215.14;217.59;211.73;217.02;219.80;219.16;187.65;219.62,HALAL,"Business activity permissible — debt ratio not verified, cross-check Musaffa/Zoya",
GTLS,MACHINERY,MACHINERY-GENERAL INDUSTRIAL,,,,;;;;;;;;;;;;;;;;;;;;;;;;;;;;;;;;;;;;;;;;;;;;;;;;;;;;;;;;;;209.90;;;;;;,HALAL,"Business activity permissible — debt ratio not verified, cross-check Musaffa/Zoya",
ATKR,MACHINERY,MACHINERY-GENERAL INDUSTRIAL,35,72.95999908447266,0.020071693992988138,70.11;69.67;69.40;68.40;67.09;66.33;65.14;66.19;66.41;64.86;64.73;64.42;62.14;62.60;61.32;59.55;55.88;55.89;56.54;57.86;60.62;58.87;58.65;61.24;63.49;67.55;68.40;67.38;68.81;69.14;71.75;76.87;75.02;74.21;76.05;73.64;74.30;75.12;73.94;71.74;76.18;85.41;82.06;81.91;85.02;80.61;80.78;78.99;79.25;76.84;81.95;77.89;77.83;76.04;69.21;69.26;70.60;71.68;73.83;73.42;74.54;73.05;75.29;71.43;72.96,HALAL,"Business activity permissible — debt ratio not verified, cross-check Musaffa/Zoya",
KMT,MACHINERY,MACHINERY-MATERIAL HANDLING,59,33.970001220703125,-0.004845118472734944,34.18;34.45;35.19;37.96;39.91;40.88;39.09;38.85;38.41;38.83;39.81;40.06;40.35;39.80;38.01;40.08;37.98;37.32;34.99;35.44;36.17;35.89;35.94;35.80;36.16;38.89;39.36;37.88;38.74;38.67;39.27;39.44;38.34;38.26;37.31;41.48;36.87;35.08;34.65;34.58;35.22;36.94;33.66;31.74;32.67;32.63;34.01;34.60;35.55;36.36;35.44;34.45;35.78;35.05;33.49;33.35;33.14;33.68;34.76;33.74;34.39;34.86;35.32;33.55;33.97,HALAL,"Business activity permissible — debt ratio not verified, cross-check Musaffa/Zoya",
HOLI,MACHINERY,MACHINERY-MATERIAL HANDLING,,,,,HALAL,"Business activity permissible — debt ratio not verified, cross-check Musaffa/Zoya",
SSYS,MACHINERY,MACHINERY-MATERIAL HANDLING,8,7.820000171661377,-0.2929475700750117,11.20;11.24;11.12;10.58;11.25;11.24;10.95;10.67;10.76;10.13;9.85;9.63;9.44;9.10;8.59;8.30;7.87;8.07;7.77;7.81;8.08;7.64;7.81;7.97;8.03;8.33;8.54;8.52;8.79;8.67;8.48;8.61;8.47;8.91;8.96;8.20;8.54;8.56;8.56;8.09;8.53;9.66;10.02;10.69;9.85;8.85;8.66;9.00;8.90;8.82;8.63;8.34;8.17;8.56;8.14;8.21;8.69;8.29;8.29;8.14;8.37;8.00;8.06;7.67;7.82,HALAL,"Business activity permissible — debt ratio not verified, cross-check Musaffa/Zoya",
DDD,MACHINERY,MACHINERY-MATERIAL HANDLING,56,2.640000104904175,0.0,2.40;2.31;2.20;2.14;2.20;2.24;2.05;2.05;2.12;2.05;2.07;1.93;2.03;2.04;2.51;2.47;2.42;2.30;2.04;2.04;2.11;1.95;1.88;1.85;1.82;1.89;1.97;2.03;2.24;2.35;2.21;2.21;2.16;2.37;2.60;2.40;2.51;3.20;3.02;2.67;2.99;3.49;3.50;3.72;3.61;2.91;2.95;3.02;3.02;3.45;3.26;3.01;3.04;3.02;2.80;2.87;3.11;3.00;2.96;2.69;2.78;2.59;2.63;2.48;2.64,HALAL,"Business activity permissible — debt ratio not verified, cross-check Musaffa/Zoya",
MTRX,MACHINERY,MACHINERY-MATERIAL HANDLING,14,11.600000381469727,-0.174964435613725,13.91;14.29;14.20;13.50;11.06;11.41;11.34;11.31;11.11;10.76;11.34;10.99;11.27;11.24;11.05;10.61;10.27;10.43;10.16;10.92;11.41;11.39;11.48;11.68;11.74;12.26;12.18;12.13;12.19;12.01;12.56;12.80;12.90;13.52;13.93;12.16;12.31;11.80;11.85;12.16;12.53;13.10;13.23;13.39;13.81;13.56;13.29;13.47;13.90;13.59;13.95;13.38;13.87;13.70;12.53;12.45;12.75;12.29;12.47;12.15;12.51;12.83;12.32;11.10;11.60,HALAL,"Business activity permissible — debt ratio not verified, cross-check Musaffa/Zoya",
AIMC,MACHINERY,MACHINERY-MATERIAL HANDLING,,,,,HALAL,"Business activity permissible — debt ratio not verified, cross-check Musaffa/Zoya",
RXN,MACHINERY,MACHINERY-MATERIAL HANDLING,,,,,HALAL,"Business activity permissible — debt ratio not verified, cross-check Musaffa/Zoya",
WTS,MACHINERY,MACHINERY-THERMAL PROCESSING,70,345.7900085449219,0.15854867299345776,296.56;296.54;304.38;305.80;318.07;313.88;334.97;328.29;328.12;322.84;328.94;328.07;320.22;312.53;308.13;307.46;297.19;300.64;292.80;293.95;297.18;286.42;289.70;288.33;289.51;303.57;308.86;303.04;301.83;296.19;302.77;303.24;296.67;293.00;291.10;293.54;297.55;299.39;296.20;295.48;299.90;311.08;310.46;306.98;314.65;314.21;319.83;320.89;333.28;336.32;350.00;355.03;359.26;391.45;368.55;357.29;348.00;346.82;349.21;346.43;341.40;343.67;345.70;336.15;345.79,HALAL,"Business activity permissible — debt ratio not verified, cross-check Musaffa/Zoya",
CIR,MACHINERY,MACHINERY-THERMAL PROCESSING,,,,;;;;;;;;;;;;;;;;;;;;;;;;;;;;;;;;;;;;;;;;;;;;;;;;;;;;;;;22.50;20.93;20.87;22.54;19.02;25.85;19.58;21.67;18.93;,HALAL,"Business activity permissible — debt ratio not verified, cross-check Musaffa/Zoya",
CSWI,MACHINERY,MACHINERY-THERMAL PROCESSING,,,,,HALAL,"Business activity permissible — debt ratio not verified, cross-check Musaffa/Zoya",
SXI,MACHINERY,MACHINERY-THERMAL PROCESSING,81,296.5,0.22813948670186113,244.44;245.55;246.10;241.31;253.58;259.88;255.03;257.70;255.29;248.20;255.35;261.67;258.63;255.09;260.11;261.82;253.64;255.03;258.25;253.87;259.74;250.32;254.54;257.37;253.45;272.30;272.09;266.67;278.05;276.14;274.44;269.26;252.74;248.32;259.31;268.20;260.00;252.90;248.69;245.15;252.36;269.50;275.48;282.39;292.39;290.45;294.87;304.01;309.28;295.78;320.61;317.84;340.50;357.67;327.87;310.54;309.63;307.54;307.47;302.72;307.27;308.58;309.72;274.46;296.50,HALAL,"Business activity permissible — debt ratio not verified, cross-check Musaffa/Zoya",
EVI,MACHINERY,MACHINERY-THERMAL PROCESSING,4,14.069999694824219,-0.4644080909916368,25.50;26.05;25.01;25.38;23.50;22.95;21.06;20.33;18.63;18.16;20.34;19.43;19.74;19.96;18.69;18.99;19.03;20.54;20.57;21.07;20.76;20.38;20.58;21.21;21.49;22.63;22.52;21.28;21.49;20.64;19.99;18.81;18.20;18.25;19.49;20.10;19.26;15.96;16.89;17.36;18.60;17.23;17.68;17.29;17.23;17.63;17.16;17.14;16.22;15.76;15.91;15.06;14.50;14.78;16.09;16.03;15.34;15.97;16.41;16.52;15.00;14.27;14.21;15.19;14.07,HALAL,"Business activity permissible — debt ratio not verified, cross-check Musaffa/Zoya",
SNA,MACHINERY,MACHINERY-TOOLS & RELATED,63,410.4100036621094,0.1266430943958694,363.01;361.84;366.67;377.91;364.51;372.48;373.60;376.70;378.85;380.33;383.84;382.61;381.24;379.68;371.04;367.26;365.02;364.91;358.32;360.09;365.13;356.61;360.76;363.10;364.21;381.18;379.12;365.52;377.69;380.98;388.10;381.86;375.89;377.81;376.23;368.16;367.95;364.11;357.21;357.51;362.31;372.10;374.46;366.45;377.39;379.77;387.26;384.67;386.63;381.26;390.70;392.14;397.10;402.40;412.09;408.74;400.03;401.11;403.70;410.99;404.00;395.41;407.42;414.83;410.41,HALAL,"Business activity permissible — debt ratio not verified, cross-check Musaffa/Zoya",
MIDD,MACHINERY,MACHINERY-TOOLS & RELATED,64,133.5800018310547,0.1343850505752071,118.77;120.67;120.56;127.22;129.61;130.47;131.97;131.58;130.70;127.23;126.93;135.85;130.43;125.69;120.58;121.04;115.11;115.28;112.70;110.75;110.21;103.48;106.66;106.27;108.80;116.97;114.67;112.13;115.93;114.68;116.96;114.84;111.70;111.72;112.20;127.30;125.70;118.62;115.51;113.85;116.81;121.27;123.98;125.87;125.68;124.64;129.85;127.06;131.55;132.56;134.07;135.89;139.47;138.38;140.88;139.26;133.29;134.92;133.94;133.22;131.11;131.14;136.00;133.02;133.58,HALAL,"Business activity permissible — debt ratio not verified, cross-check Musaffa/Zoya",
GGG,MACHINERY,MACHINERY-TOOLS & RELATED,27,79.37999725341797,-0.0760896832347826,87.01;86.94;87.83;90.91;92.08;93.53;93.59;93.61;92.34;92.19;91.68;93.23;91.77;90.59;87.82;87.37;86.98;86.02;83.66;84.57;85.41;83.15;84.03;84.00;84.35;87.96;87.86;84.87;86.40;86.93;81.85;80.22;79.26;78.88;78.37;78.36;77.08;76.32;75.42;75.02;75.01;76.03;75.52;73.67;73.50;74.05;75.56;73.83;74.85;74.97;75.21;74.70;76.12;75.31;74.94;74.90;72.90;73.63;73.21;74.29;73.13;77.75;80.44;81.21;79.38,HALAL,"Business activity permissible — debt ratio not verified, cross-check Musaffa/Zoya",
LECO,MACHINERY,MACHINERY-TOOLS & RELATED,47,261.30999755859375,0.016641850028987992,255.17;266.11;265.96;284.04;297.02;292.25;294.30;285.48;286.33;279.42;285.63;285.27;278.34;273.24;265.14;265.05;256.84;259.16;255.17;251.13;254.97;246.46;248.34;242.94;241.33;255.34;259.37;254.59;260.62;259.46;262.38;260.42;256.74;265.45;265.88;270.31;270.42;264.47;260.14;253.06;259.30;264.52;258.17;251.42;262.03;261.35;264.66;256.98;267.06;268.76;273.93;268.11;265.76;265.51;258.43;255.81;246.35;251.20;253.21;252.74;249.02;250.38;256.85;257.99;261.31,HALAL,"Business activity permissible — debt ratio not verified, cross-check Musaffa/Zoya",
RBC,MACHINERY,MACHINERY-TOOLS & RELATED,61,551.3099975585938,0.09371712172509827,504.54;511.98;507.13;516.78;544.02;547.51;550.40;552.93;551.42;562.54;565.44;575.92;568.58;566.06;565.64;559.52;536.37;544.55;540.83;537.20;561.66;532.25;543.12;548.11;553.31;595.11;595.74;586.98;589.77;591.32;601.39;591.00;584.49;595.76;607.50;611.54;613.59;618.91;569.06;565.22;566.96;584.40;577.83;566.14;584.18;590.09;592.41;607.46;616.95;625.73;645.73;638.94;630.36;644.06;604.56;600.26;595.61;584.59;590.14;575.22;585.35;595.31;584.97;550.27;551.31,HALAL,"Business activity permissible — debt ratio not verified, cross-check Musaffa/Zoya",
KAI,MACHINERY,MACHINERY-TOOLS & RELATED,,,,,HALAL,"Business activity permissible — debt ratio not verified, cross-check Musaffa/Zoya",
CMCSA,MEDIA,MEDIA-CABLE/SATELLITE TV,14,23.959999084472656,-0.16147240328550594,27.99;28.52;28.86;29.74;30.59;31.51;31.03;30.77;30.60;30.85;30.03;30.19;30.24;30.82;30.27;29.81;29.41;29.33;28.26;28.29;28.02;27.63;28.00;27.55;27.42;27.93;27.67;27.92;29.23;28.66;31.21;27.14;26.40;26.82;26.10;25.89;24.69;24.60;24.43;24.47;24.74;24.81;24.82;24.71;23.20;23.50;23.53;23.65;23.65;22.39;22.02;22.34;22.86;24.22;23.79;23.41;23.35;23.97;23.49;23.79;23.81;21.92;22.80;24.61;23.96,QUESTIONABLE,Group classification: MEDIA-CABLE/SATELLITE TV,
CHTR,MEDIA,MEDIA-CABLE/SATELLITE TV,5,144.97999572753906,-0.24367471500317295,182.99;191.52;213.61;224.18;231.14;248.19;238.08;237.01;231.54;227.52;225.75;234.63;229.41;229.94;222.81;224.36;218.19;222.52;211.63;216.61;218.91;219.14;215.88;219.79;223.80;223.23;226.30;220.29;236.62;241.95;241.78;174.61;158.65;171.74;158.23;160.24;147.79;143.06;140.33;142.50;148.90;144.00;147.26;142.60;129.01;132.12;135.37;139.14;143.71;132.00;125.54;131.42;133.64;142.21;137.20;138.02;134.35;131.37;131.24;131.37;127.79;126.50;131.61;145.20;144.98,QUESTIONABLE,Group classification: MEDIA-CABLE/SATELLITE TV,
DISH,MEDIA,MEDIA-CABLE/SATELLITE TV,,,,,QUESTIONABLE,Group classification: MEDIA-CABLE/SATELLITE TV,
ATUS,MEDIA,MEDIA-CABLE/SATELLITE TV,,,,,QUESTIONABLE,Group classification: MEDIA-CABLE/SATELLITE TV,
CABO,MEDIA,MEDIA-CABLE/SATELLITE TV,1,39.9900016784668,-0.5041537393445078,75.30;75.65;87.70;100.29;100.75;109.26;112.35;103.29;105.18;99.91;90.92;95.95;109.09;109.96;108.79;114.41;113.04;107.00;97.32;93.73;96.24;95.21;91.21;96.76;92.61;93.08;97.19;95.88;107.52;116.96;114.78;99.79;90.04;75.01;63.30;60.77;56.04;52.27;48.77;47.49;47.68;52.10;56.52;51.34;48.06;43.82;41.96;41.57;46.46;43.07;40.93;45.28;52.87;53.11;48.91;42.63;35.27;37.93;40.10;39.30;37.63;37.19;39.54;41.85;39.99,QUESTIONABLE,Group classification: MEDIA-CABLE/SATELLITE TV,
WOW,MEDIA,MEDIA-CABLE/SATELLITE TV,,,,,QUESTIONABLE,Group classification: MEDIA-CABLE/SATELLITE TV,
LBRDA,MEDIA,MEDIA-CABLE/SATELLITE TV,5,34.060001373291016,-0.23460671071256145,42.40;44.55;49.63;52.24;53.64;57.48;55.18;55.02;53.85;52.87;52.45;54.58;53.43;53.52;51.92;52.08;50.56;51.71;49.06;50.22;50.92;50.96;50.22;51.06;52.02;52.08;52.71;51.42;55.13;56.41;56.41;40.55;37.04;39.99;36.86;37.30;34.41;33.31;32.73;33.28;34.80;33.68;34.46;33.34;30.09;30.88;31.69;32.48;33.55;30.83;29.36;30.72;31.31;33.28;32.13;32.27;31.55;30.73;30.82;30.86;30.04;29.70;30.80;34.06;34.06,QUESTIONABLE,Group classification: MEDIA-CABLE/SATELLITE TV,
LBRDK,MEDIA,MEDIA-CABLE/SATELLITE TV,5,34.040000915527344,-0.23711336328152888,42.56;44.58;49.70;52.32;53.76;57.65;55.46;55.09;53.96;52.97;52.54;54.61;53.43;53.67;51.94;52.21;50.74;51.85;49.18;50.37;50.94;51.04;50.30;51.19;52.13;52.09;52.80;51.44;55.23;56.40;56.47;40.61;36.96;40.10;36.96;37.37;34.47;33.40;32.76;33.31;34.84;33.68;34.50;33.44;30.16;30.91;31.68;32.62;33.64;30.87;29.40;30.75;31.33;33.26;32.14;32.32;31.59;30.80;30.83;30.87;30.02;29.71;30.92;34.10;34.04,QUESTIONABLE,Group classification: MEDIA-CABLE/SATELLITE TV,
NFLX,MEDIA,MEDIA-DIVERSIFIED,6,71.70999908447266,-0.16732470044749603,85.58;83.16;82.76;80.16;82.20;82.21;75.86;77.00;77.00;76.02;82.70;96.24;97.70;99.17;98.32;94.89;95.31;94.36;91.74;93.38;92.28;93.43;96.15;98.66;98.82;102.05;103.16;107.71;97.31;92.58;92.82;91.37;92.12;92.06;87.89;88.25;85.45;87.56;87.02;89.33;89.30;87.68;86.36;85.85;81.52;82.18;81.41;81.27;81.67;76.96;72.88;71.84;73.81;71.40;77.65;76.18;75.47;73.83;73.68;68.95;68.67;68.89;70.40;73.63;71.71,HARAM,Streaming content includes substantial haram material,
DIS,MEDIA,MEDIA-DIVERSIFIED,18,96.19000244140625,-0.12662597973726075,109.77;110.73;103.66;106.24;107.87;109.12;101.60;104.64;105.19;103.62;104.25;105.23;102.51;101.63;100.89;100.12;98.53;99.54;98.45;97.21;95.22;91.72;95.65;95.88;95.05;99.03;100.41;102.26;105.48;103.50;102.86;101.57;100.53;102.30;99.72;107.83;103.92;104.10;101.94;101.51;102.79;102.49;102.94;102.07;98.63;98.95;98.57;99.58;100.92;100.09;101.67;100.35;98.04;96.25;99.50;97.48;96.17;96.00;97.15;97.67;96.14;92.83;96.65;98.48;96.19,QUESTIONABLE,Mixed content; scholar-disputed,
WBD,MEDIA,MEDIA-DIVERSIFIED,77,26.299999237060547,-0.07977609141819242,28.07;27.60;27.52;27.03;27.36;27.80;28.11;28.75;28.53;28.92;28.90;28.17;28.20;28.00;27.75;27.81;27.14;27.64;27.63;27.40;27.22;27.07;27.46;27.32;27.37;27.53;27.39;27.20;27.47;27.31;26.90;26.82;27.05;26.97;27.22;27.12;27.24;27.25;26.98;27.09;27.10;27.00;27.04;27.25;27.00;26.24;26.56;26.86;26.83;26.24;26.95;27.20;26.74;26.66;26.48;26.12;26.63;27.09;27.27;26.87;25.83;25.95;25.28;25.64;26.30,QUESTIONABLE,Group classification: MEDIA-DIVERSIFIED,
PARA,MEDIA,MEDIA-DIVERSIFIED,,,,,QUESTIONABLE,Group classification: MEDIA-DIVERSIFIED,
FOX,MEDIA,MEDIA-DIVERSIFIED,23,51.939998626708984,-0.20312627476594058,64.55;64.35;64.93;60.47;58.04;57.17;51.12;51.32;51.19;50.58;49.35;51.45;52.10;53.50;54.04;52.77;52.03;52.71;52.02;51.63;52.35;53.38;53.10;52.87;53.75;55.97;56.25;57.05;58.53;57.63;57.74;57.12;56.62;56.93;55.91;56.50;61.18;59.47;57.87;58.09;57.63;58.08;59.23;59.84;57.44;59.88;60.90;61.36;49.96;46.73;44.93;45.37;45.91;46.84;50.56;49.20;48.44;50.22;50.39;51.63;51.47;49.18;50.81;52.73;51.94,QUESTIONABLE,Group classification: MEDIA-DIVERSIFIED,
FOXA,MEDIA,MEDIA-DIVERSIFIED,24,58.22999954223633,-0.19709602365773582,71.62;71.49;72.03;67.40;64.46;63.06;56.15;56.15;55.89;55.07;53.86;56.06;57.08;58.69;59.26;57.71;57.39;58.30;57.68;57.28;58.49;59.11;58.40;58.62;59.65;62.76;62.45;63.66;65.07;64.31;64.53;63.86;62.94;63.35;62.23;62.69;67.72;66.47;64.85;64.55;64.26;64.96;65.83;66.81;64.28;66.89;68.32;68.30;54.76;51.32;49.39;49.80;50.10;52.16;56.48;54.92;53.74;55.90;55.99;57.62;57.57;55.09;56.64;58.95;58.23,QUESTIONABLE,Group classification: MEDIA-DIVERSIFIED,
NWSA,MEDIA,MEDIA-DIVERSIFIED,38,27.559999465942383,0.031500897087537005,26.54;26.66;26.66;24.59;22.41;23.48;22.31;23.09;23.26;22.90;23.48;24.19;23.71;24.18;24.44;24.24;23.70;24.34;23.93;24.26;24.27;24.24;24.93;24.40;24.43;24.59;24.94;25.33;26.01;26.42;26.31;26.41;26.24;26.24;25.44;27.04;27.01;26.66;25.92;26.24;26.26;26.20;26.52;26.80;26.05;27.26;27.20;26.30;25.70;25.98;24.61;25.23;25.41;24.83;26.64;26.92;27.49;27.73;27.98;28.43;27.53;26.33;27.29;28.82;27.56,QUESTIONABLE,Group classification: MEDIA-DIVERSIFIED,
NWS,MEDIA,MEDIA-DIVERSIFIED,36,31.270000457763672,0.00917370427605757,30.73;30.50;30.77;27.99;25.56;27.10;25.57;26.22;26.09;25.75;26.16;26.68;26.12;26.84;27.61;27.43;26.76;27.37;27.24;27.46;27.59;27.79;28.51;28.11;28.10;28.40;28.83;29.15;29.96;30.42;30.40;30.55;30.25;30.41;29.38;30.85;31.17;30.68;29.74;30.11;30.08;29.95;30.34;30.68;29.82;31.19;31.06;30.13;29.25;29.60;27.92;28.53;28.73;28.06;30.17;30.47;31.13;31.41;31.66;32.42;31.21;29.75;30.92;32.64;31.27,QUESTIONABLE,Group classification: MEDIA-DIVERSIFIED,
SIRI,MEDIA,MEDIA-DIVERSIFIED,,,,,QUESTIONABLE,Group classification: MEDIA-DIVERSIFIED,
NYT,MEDIA,MEDIA-NEWSPAPERS,60,74.88999938964844,0.042503550954578584,72.39;72.86;73.27;67.23;67.71;70.31;71.88;73.60;75.05;74.85;76.93;79.32;80.93;81.47;80.34;77.77;78.85;79.76;80.80;82.21;84.67;82.31;83.24;85.42;85.59;82.22;79.09;80.85;79.23;81.37;80.18;79.36;78.78;78.47;77.02;79.93;77.09;76.76;74.25;75.03;74.03;74.76;74.77;75.97;74.94;76.64;73.36;73.97;73.57;74.23;71.86;71.00;70.66;69.76;73.62;73.49;74.30;75.04;75.22;75.93;74.69;70.17;72.37;77.69;74.89,HALAL,"Business activity permissible — debt ratio not verified, cross-check Musaffa/Zoya",
GCI,MEDIA,MEDIA-NEWSPAPERS,,,,,HALAL,"Business activity permissible — debt ratio not verified, cross-check Musaffa/Zoya",
LEE,MEDIA,MEDIA-NEWSPAPERS,75,7.730000019073486,0.4080146341243098,5.60;5.16;5.49;5.61;5.28;5.59;6.63;7.08;8.85;8.35;8.77;8.69;8.94;9.02;8.61;9.25;9.42;8.92;8.52;8.43;8.40;8.50;8.61;8.23;8.78;8.85;8.35;8.30;8.30;8.76;8.37;8.34;8.41;8.32;8.17;8.00;7.91;7.82;8.71;8.85;9.45;9.72;11.76;10.71;10.67;10.36;10.39;10.29;9.57;9.06;8.97;8.74;9.01;8.96;8.73;9.34;8.33;7.87;8.15;7.86;7.84;7.60;7.79;7.89;7.73,HALAL,"Business activity permissible — debt ratio not verified, cross-check Musaffa/Zoya",
TPCO,MEDIA,MEDIA-NEWSPAPERS,,,,,HALAL,"Business activity permissible — debt ratio not verified, cross-check Musaffa/Zoya",
MDP,MEDIA,MEDIA-PERIODICALS,,,,,HALAL,"Business activity permissible — debt ratio not verified, cross-check Musaffa/Zoya",
NWSA,MEDIA,MEDIA-PERIODICALS,38,27.559999465942383,0.031500897087537005,26.54;26.66;26.66;24.59;22.41;23.48;22.31;23.09;23.26;22.90;23.48;24.19;23.71;24.18;24.44;24.24;23.70;24.34;23.93;24.26;24.27;24.24;24.93;24.40;24.43;24.59;24.94;25.33;26.01;26.42;26.31;26.41;26.24;26.24;25.44;27.04;27.01;26.66;25.92;26.24;26.26;26.20;26.52;26.80;26.05;27.26;27.20;26.30;25.70;25.98;24.61;25.23;25.41;24.83;26.64;26.92;27.49;27.73;27.98;28.43;27.53;26.33;27.29;28.82;27.56,HALAL,"Business activity permissible — debt ratio not verified, cross-check Musaffa/Zoya",
SIRI,MEDIA,MEDIA-RADIO/TV,,,,,QUESTIONABLE,Group classification: MEDIA-RADIO/TV,
IHRT,MEDIA,MEDIA-RADIO/TV,51,3.5899999141693115,-0.013736315740073168,3.39;3.11;3.31;3.23;3.24;3.59;3.45;3.42;3.51;3.45;3.17;3.27;2.94;3.23;3.03;2.95;2.67;2.91;2.58;2.86;2.80;2.80;2.92;3.15;3.28;3.51;3.73;3.93;4.10;4.18;4.01;5.25;5.10;6.33;6.28;5.67;5.49;5.21;4.78;4.70;4.88;4.91;4.85;4.34;3.94;3.89;3.83;3.95;3.99;3.74;3.86;3.99;4.32;4.29;4.38;4.03;4.07;4.02;3.95;3.83;3.74;3.65;3.62;3.51;3.59,QUESTIONABLE,Group classification: MEDIA-RADIO/TV,
TGNA,MEDIA,MEDIA-RADIO/TV,,,,,QUESTIONABLE,Group classification: MEDIA-RADIO/TV,
SBGI,MEDIA,MEDIA-RADIO/TV,28,13.739999771118164,-0.05434233614055306,14.29;13.80;13.98;13.27;13.22;14.71;14.10;14.43;14.05;13.63;13.38;15.77;14.76;14.97;14.33;13.73;13.84;13.82;13.01;13.15;13.00;12.90;12.71;12.78;13.28;13.57;14.25;15.95;16.49;16.16;15.48;15.46;14.97;14.90;14.51;13.92;14.01;13.79;13.76;13.31;13.37;13.72;14.30;14.14;13.53;13.85;14.08;14.45;13.43;13.66;13.61;14.03;13.80;14.25;15.42;14.78;14.54;14.25;14.36;13.82;13.82;13.37;13.49;14.20;13.74,QUESTIONABLE,Group classification: MEDIA-RADIO/TV,
SSP,MEDIA,MEDIA-RADIO/TV,27,2.809999942779541,-0.1855072742198547,3.43;3.46;3.51;3.42;3.39;3.79;3.54;3.43;3.67;3.45;3.63;4.15;3.91;4.41;4.60;4.17;3.97;3.62;3.27;3.77;3.54;3.73;3.72;3.65;3.81;4.01;4.29;4.81;4.94;4.93;4.86;4.63;4.46;4.97;4.92;4.68;3.79;3.48;3.38;3.23;3.49;3.42;3.50;3.44;3.56;3.41;3.38;3.02;2.89;2.65;2.82;2.81;2.90;2.77;3.12;3.15;2.89;2.97;3.09;3.10;3.26;2.94;2.96;2.95;2.81,QUESTIONABLE,Group classification: MEDIA-RADIO/TV,
GTN,MEDIA,MEDIA-RADIO/TV,11,4.039999961853027,-0.03376041780354566,4.18;4.13;4.37;4.26;4.19;4.68;4.47;4.60;4.70;4.52;4.58;5.00;5.04;5.27;4.99;4.84;4.54;4.57;4.30;4.72;4.57;4.49;4.25;4.40;4.75;4.86;5.14;5.57;5.79;6.07;5.58;5.54;5.42;5.54;5.37;4.33;4.29;4.08;4.07;3.82;4.05;3.99;4.08;3.99;3.77;3.93;3.99;3.98;3.80;3.73;3.84;3.95;3.80;3.97;4.11;3.90;3.77;3.90;4.06;3.96;4.09;3.89;3.98;4.25;4.04,QUESTIONABLE,Group classification: MEDIA-RADIO/TV,
EVC,MEDIA,MEDIA-RADIO/TV,99,11.220000267028809,2.6186422920647696,3.07;2.97;2.98;2.92;2.88;3.02;2.86;2.80;2.87;2.90;2.96;3.03;2.97;2.95;3.09;2.87;2.92;3.17;3.02;3.09;3.06;2.99;2.95;3.00;3.15;3.19;3.25;3.43;3.51;3.48;3.62;3.83;3.72;3.81;3.96;6.91;8.82;8.87;7.79;8.04;9.45;8.70;9.33;9.23;8.55;8.72;9.13;9.93;9.17;9.40;9.87;11.21;12.03;13.04;13.05;11.90;12.08;11.14;11.07;10.69;10.85;10.53;11.08;11.04;11.22,QUESTIONABLE,Group classification: MEDIA-RADIO/TV,
AMGN,MEDICAL,MEDICAL-BIOMED/BIOTECH,69,385.1600036621094,0.13345175930370567,346.29;338.03;339.74;360.95;378.81;359.43;360.95;370.56;372.69;376.58;381.45;385.25;374.17;364.84;374.14;374.81;363.47;358.42;347.30;347.15;351.28;346.16;349.21;345.33;337.45;352.93;347.20;345.61;352.64;342.28;346.01;337.63;335.49;327.35;327.12;326.62;327.12;333.93;326.31;330.75;337.42;335.94;336.48;329.13;338.22;349.58;344.57;354.06;350.53;341.66;344.72;351.43;358.33;362.12;374.15;368.10;363.62;360.45;358.32;366.29;366.24;371.50;376.26;387.64;385.16,HALAL,"Business activity permissible — debt ratio not verified, cross-check Musaffa/Zoya",
GILD,MEDICAL,MEDICAL-BIOMED/BIOTECH,46,130.2100067138672,-0.03030897027295054,139.26;137.86;141.16;144.45;150.65;145.44;149.97;153.39;149.29;148.01;145.33;147.14;146.04;143.38;144.85;144.23;144.04;143.46;140.19;136.44;137.36;133.37;138.46;138.80;137.89;141.16;138.12;138.86;136.74;132.42;132.77;126.92;128.00;130.79;132.61;133.18;132.65;132.18;128.73;129.65;129.65;132.86;135.33;130.24;128.15;128.32;124.68;125.05;124.30;125.45;124.87;125.16;127.88;126.34;131.27;136.36;134.84;131.40;131.70;134.28;130.28;130.86;130.52;132.73;130.21,HALAL,"Business activity permissible — debt ratio not verified, cross-check Musaffa/Zoya",
REGN,MEDICAL,MEDICAL-BIOMED/BIOTECH,64,762.6300048828125,0.014780467928899865,769.17;747.42;752.99;772.97;783.40;752.88;781.54;791.39;780.27;785.87;783.11;780.50;765.52;763.79;780.43;773.50;744.66;757.92;736.35;735.43;748.35;736.61;771.49;760.71;759.14;766.70;745.35;752.81;749.45;746.25;764.88;743.33;685.34;700.37;701.22;708.04;711.71;718.81;697.21;629.36;642.59;634.62;621.52;600.66;618.95;635.45;616.18;611.48;614.98;607.93;612.50;623.43;632.90;623.54;654.27;676.23;667.95;663.09;664.45;676.69;675.19;651.91;667.17;695.42;762.63,HALAL,"Business activity permissible — debt ratio not verified, cross-check Musaffa/Zoya",
VRTX,MEDICAL,MEDICAL-BIOMED/BIOTECH,,,,,HALAL,"Business activity permissible — debt ratio not verified, cross-check Musaffa/Zoya",
BIIB,MEDICAL,MEDICAL-BIOMED/BIOTECH,78,202.9499969482422,0.18276124062965926,174.12;176.18;179.09;185.45;201.18;188.99;195.50;195.62;192.08;196.34;190.73;191.82;184.02;188.08;188.24;190.48;181.55;185.29;183.41;183.64;189.18;183.84;183.33;177.34;175.61;177.11;176.37;180.54;177.35;185.95;187.88;180.67;194.38;187.06;189.13;191.38;197.95;204.53;192.95;190.56;189.47;193.08;196.39;192.23;195.96;195.34;199.10;199.96;198.64;198.67;199.71;199.59;216.03;216.06;216.12;205.70;198.91;209.03;197.24;205.99;203.16;200.62;200.14;209.23;202.95,HALAL,"Business activity permissible — debt ratio not verified, cross-check Musaffa/Zoya",
MRNA,MEDICAL,MEDICAL-BIOMED/BIOTECH,90,54.81999969482422,0.12543627027698423,45.45;46.86;42.55;42.77;41.01;41.99;40.11;43.93;49.70;50.29;51.37;53.57;49.83;53.83;55.74;55.97;52.56;53.93;52.37;51.28;53.54;49.56;50.80;49.20;50.11;51.28;50.68;54.26;53.72;54.23;52.85;48.70;45.72;45.37;46.71;48.54;52.88;50.42;49.04;45.72;47.26;47.03;47.57;46.06;49.06;47.44;47.73;49.64;52.13;61.80;59.35;60.42;67.27;70.03;79.76;79.77;76.56;67.01;68.28;61.82;59.66;57.02;55.63;54.49;54.82,HALAL,"Business activity permissible — debt ratio not verified, cross-check Musaffa/Zoya",
BNTX,MEDICAL,MEDICAL-BIOMED/BIOTECH,13,90.58000183105469,-0.21900328324452,119.34;116.77;108.88;108.77;106.62;108.93;105.76;106.99;110.42;109.93;109.84;110.23;100.76;101.95;102.16;90.84;91.19;94.86;89.31;88.41;88.77;85.68;88.88;91.18;89.62;91.98;96.70;99.47;102.92;111.60;105.56;102.06;101.57;97.54;95.50;93.02;93.34;92.23;89.55;87.79;90.93;92.25;93.44;91.70;88.45;88.08;86.50;89.54;90.80;92.22;90.19;90.21;91.22;93.05;97.54;94.29;92.98;90.07;91.99;91.48;92.33;92.06;91.09;92.95;90.58,HALAL,"Business activity permissible — debt ratio not verified, cross-check Musaffa/Zoya",
ALNY,MEDICAL,MEDICAL-BIOMED/BIOTECH,3,205.52000427246094,-0.4258897201935945,354.75;346.79;339.11;351.96;328.16;322.98;308.48;332.61;339.37;329.35;327.36;332.92;318.65;320.51;323.59;320.43;313.41;320.42;311.10;306.66;328.70;317.36;330.87;318.85;319.52;321.28;333.00;333.39;309.66;308.43;313.79;308.51;301.19;296.11;301.11;295.91;284.84;291.48;286.98;294.30;300.51;295.50;305.06;295.63;292.58;303.05;297.69;289.39;287.80;282.72;286.41;294.06;291.37;301.03;312.78;321.59;312.79;288.06;279.14;267.47;271.37;268.74;278.40;286.62;205.52,HALAL,"Business activity permissible — debt ratio not verified, cross-check Musaffa/Zoya",
BMRN,MEDICAL,MEDICAL-BIOMED/BIOTECH,52,60.02000045776367,0.06778155907039474,56.85;56.99;57.95;57.62;58.13;59.66;59.94;59.95;63.42;62.92;61.44;61.73;58.53;60.57;60.88;60.32;58.51;56.05;55.03;54.78;55.59;54.14;56.49;55.50;56.22;56.30;54.88;55.27;54.64;54.62;53.98;53.81;54.21;54.06;53.24;54.12;52.58;53.55;51.81;49.81;54.10;52.88;52.74;55.03;54.66;56.77;57.91;55.54;55.65;55.02;55.90;57.33;59.00;57.22;58.99;60.35;59.97;59.20;58.95;59.59;59.21;58.87;60.27;61.37;60.02,HALAL,"Business activity permissible — debt ratio not verified, cross-check Musaffa/Zoya",
INCY,MEDICAL,MEDICAL-BIOMED/BIOTECH,85,119.5199966430664,0.17187958767007827,103.47;101.08;102.67;102.60;108.39;100.05;100.75;101.16;101.73;100.85;99.98;101.27;98.07;97.33;97.10;94.66;92.54;94.22;92.95;90.45;92.23;90.30;94.12;95.93;93.69;96.96;95.55;97.10;97.82;96.22;95.47;95.72;99.10;96.91;97.47;97.77;100.32;98.82;95.31;95.60;97.41;97.10;97.50;95.59;97.98;102.38;103.23;107.83;101.98;98.99;103.66;108.46;113.75;113.36;116.86;118.05;118.52;114.23;115.09;117.25;117.39;116.69;118.87;127.10;119.52,HALAL,"Business activity permissible — debt ratio not verified, cross-check Musaffa/Zoya",
EXAS,MEDICAL,MEDICAL-BIOMED/BIOTECH,,,,,HALAL,"Business activity permissible — debt ratio not verified, cross-check Musaffa/Zoya",
ARGX,MEDICAL,MEDICAL-BIOMED/BIOTECH,62,853.8200073242188,0.04796624390390081,864.42;847.72;835.68;850.87;811.45;833.16;833.54;843.55;847.26;826.25;816.95;766.92;748.72;728.11;740.40;728.09;700.45;706.03;684.50;681.85;697.05;691.40;730.25;746.42;765.43;800.50;809.27;840.87;849.04;805.38;787.95;783.74;776.02;783.50;794.70;787.31;813.28;802.70;799.32;797.77;816.22;808.43;838.49;836.09;813.14;891.32;884.00;898.94;884.20;892.26;903.75;852.50;887.18;927.77;939.68;919.94;909.49;876.25;862.93;860.55;874.74;924.60;888.82;882.56;853.82,HALAL,"Business activity permissible — debt ratio not verified, cross-check Musaffa/Zoya",
TECH,MEDICAL,MEDICAL-BIOMED/BIOTECH,76,72.08999633789062,0.061041633142927765,68.01;63.78;65.04;68.45;66.57;64.59;59.35;58.39;58.14;54.66;57.76;58.89;56.88;55.79;54.77;53.52;50.76;50.97;51.49;51.90;52.59;50.86;52.16;53.03;53.73;55.47;57.42;58.38;59.12;59.56;52.10;55.01;51.85;54.92;56.58;50.82;47.33;44.81;43.22;45.47;47.37;47.97;50.84;50.79;50.85;51.99;54.41;54.02;56.17;55.00;55.61;58.88;71.00;70.65;70.83;70.61;71.15;71.36;71.48;72.12;71.63;71.77;71.62;72.03;72.09,HALAL,"Business activity permissible — debt ratio not verified, cross-check Musaffa/Zoya",
CRSP,MEDICAL,MEDICAL-BIOMED/BIOTECH,11,47.9900016784668,-0.13562677804776413,54.26;53.35;51.31;50.17;48.74;48.83;48.93;53.17;54.64;53.98;55.20;60.14;58.06;57.33;58.78;49.93;48.75;50.09;46.95;46.88;47.09;45.75;47.57;49.51;49.70;51.72;54.83;56.76;57.99;55.54;55.18;50.99;50.71;51.63;52.38;52.42;54.01;52.75;48.41;47.59;49.90;51.59;56.38;54.19;52.08;51.84;51.48;50.23;52.61;53.09;54.36;53.55;54.92;54.54;60.08;60.77;56.34;50.63;51.37;47.78;48.15;47.53;46.73;47.64;47.99,HALAL,"Business activity permissible — debt ratio not verified, cross-check Musaffa/Zoya",
BEAM,MEDICAL,MEDICAL-BIOMED/BIOTECH,20,25.520000457763672,-0.1913814673760279,30.70;29.29;27.92;26.95;26.52;26.95;26.93;27.49;27.88;28.33;29.61;28.46;27.22;25.52;27.62;26.08;25.16;25.83;25.17;25.17;23.12;22.19;23.83;24.66;24.49;26.33;30.18;30.68;31.39;30.69;30.16;29.17;29.38;30.70;28.90;31.47;31.75;31.85;27.93;26.33;27.67;29.79;32.80;31.14;29.55;29.40;30.47;29.41;31.12;32.48;35.53;33.90;34.81;34.32;34.79;37.92;35.82;31.00;30.84;27.53;27.29;25.91;25.07;26.02;25.52,HALAL,"Business activity permissible — debt ratio not verified, cross-check Musaffa/Zoya",
NTLA,MEDICAL,MEDICAL-BIOMED/BIOTECH,6,10.680000305175781,-0.26999314958078424,14.83;13.90;13.06;12.36;12.28;11.91;11.62;12.22;13.04;13.16;13.42;13.78;13.60;13.15;13.89;13.01;12.76;13.48;13.15;13.11;13.26;12.37;12.82;13.13;13.55;13.83;14.26;14.94;14.95;15.31;15.87;13.04;12.44;13.26;13.31;13.71;14.42;14.28;13.67;11.94;12.37;12.61;13.68;13.73;13.02;13.54;12.89;12.35;14.92;15.20;15.75;15.50;16.68;16.92;17.56;17.43;15.44;13.02;13.04;11.38;11.47;11.10;10.67;10.80;10.68,HALAL,"Business activity permissible — debt ratio not verified, cross-check Musaffa/Zoya",
EDIT,MEDICAL,MEDICAL-BIOMED/BIOTECH,18,2.5799999237060547,0.19444436166021895,2.11;2.06;2.01;1.95;1.82;1.78;1.68;1.74;1.81;1.89;2.13;2.20;2.04;1.89;2.32;2.66;2.44;2.46;2.35;2.40;2.32;2.23;2.47;2.67;2.74;2.89;3.20;3.37;3.49;3.30;3.21;2.89;2.82;2.90;3.04;3.03;3.06;2.90;2.62;2.46;2.67;3.08;3.43;3.34;2.78;2.71;2.65;2.44;2.46;2.55;2.80;2.80;2.85;3.24;3.65;3.75;3.30;3.16;3.04;2.98;2.89;2.73;2.68;2.60;2.58,HALAL,"Business activity permissible — debt ratio not verified, cross-check Musaffa/Zoya",
ARWR,MEDICAL,MEDICAL-BIOMED/BIOTECH,98,84.6500015258789,0.26249064389356036,66.91;69.12;73.00;68.06;64.52;62.92;62.38;63.69;63.86;63.14;61.62;63.27;64.10;63.60;60.67;58.10;55.05;57.57;56.96;56.67;60.77;57.78;62.70;61.03;61.18;66.23;63.79;70.95;69.51;71.05;74.40;73.60;70.53;74.81;74.93;77.95;77.74;77.88;76.67;73.18;75.54;78.68;79.05;75.20;72.55;73.09;73.33;74.41;77.15;81.04;82.00;79.81;78.89;81.51;83.99;86.97;84.00;74.11;71.82;74.30;74.52;86.78;85.53;86.22;84.65,HALAL,"Business activity permissible — debt ratio not verified, cross-check Musaffa/Zoya",
IONS,MEDICAL,MEDICAL-BIOMED/BIOTECH,10,51.77000045776367,-0.3552123568633335,82.14;83.88;83.07;84.99;86.50;84.29;81.78;81.36;83.15;84.60;80.93;81.15;78.66;75.16;75.36;74.79;71.19;72.33;71.32;70.79;72.70;72.15;75.09;74.79;73.89;76.43;74.95;76.82;75.71;74.78;74.09;72.23;74.83;75.28;75.25;76.02;75.38;77.60;74.23;73.84;75.78;76.07;77.33;75.38;73.82;74.48;74.58;73.82;73.96;74.31;75.89;76.52;81.18;79.29;81.80;86.33;64.27;56.75;54.73;54.39;53.39;55.87;55.96;54.04;51.77,HALAL,"Business activity permissible — debt ratio not verified, cross-check Musaffa/Zoya",
SRPT,MEDICAL,MEDICAL-BIOMED/BIOTECH,8,14.859999656677246,-0.2967344890259749,22.17;21.24;20.72;19.73;18.50;18.33;17.40;17.88;18.59;18.12;18.97;16.76;15.87;16.23;17.64;17.58;16.40;16.84;16.65;17.71;23.77;19.97;21.76;23.23;23.08;22.23;21.79;21.73;21.55;20.68;20.42;20.98;20.67;21.49;21.79;20.80;19.40;18.84;17.55;16.64;16.96;16.67;17.30;17.61;16.24;15.75;15.89;15.00;15.77;16.96;17.65;16.70;16.85;17.97;19.28;19.79;20.52;18.82;17.61;17.22;16.21;15.88;15.89;15.54;14.86,HALAL,"Business activity permissible — debt ratio not verified, cross-check Musaffa/Zoya",
BLUE,MEDICAL,MEDICAL-BIOMED/BIOTECH,,,,,HALAL,"Business activity permissible — debt ratio not verified, cross-check Musaffa/Zoya",
RXRX,MEDICAL,MEDICAL-BIOMED/BIOTECH,5,3.0,-0.3657505310988052,4.60;4.32;4.18;3.90;3.98;3.85;3.58;3.46;3.72;3.41;3.77;3.67;3.54;3.54;3.51;3.45;3.42;3.42;3.37;3.23;3.17;2.94;3.07;3.11;3.19;3.31;3.42;3.75;3.78;3.56;3.50;3.48;3.30;3.39;3.37;3.27;3.26;3.05;2.93;2.85;3.11;2.97;3.44;3.79;3.47;3.32;3.22;3.15;3.29;3.11;3.18;3.23;3.52;3.67;3.80;3.84;3.76;3.30;3.31;2.94;3.08;3.01;3.01;2.97;3.00,HALAL,"Business activity permissible — debt ratio not verified, cross-check Musaffa/Zoya",
MRUS,MEDICAL,MEDICAL-BIOMED/BIOTECH,,,,,HALAL,"Business activity permissible — debt ratio not verified, cross-check Musaffa/Zoya",
JNJ,MEDICAL,MEDICAL-ETHICAL DRUGS,78,256.3500061035156,0.17740944823174343,221.98;224.80;228.22;231.90;237.36;235.73;241.87;240.66;244.20;243.14;243.77;247.01;245.34;238.26;241.20;241.60;240.14;236.75;236.24;234.07;238.56;239.08;243.04;241.65;237.05;239.93;236.60;237.31;232.84;224.87;229.33;224.05;226.05;225.89;224.26;221.24;220.16;229.10;225.41;228.68;230.40;230.18;230.80;223.51;223.24;232.77;237.00;238.33;235.66;234.20;231.29;241.00;254.66;253.97;263.04;267.24;259.10;257.77;247.02;253.04;250.61;259.27;265.95;265.53;256.35,HALAL,"Business activity permissible — debt ratio not verified, cross-check Musaffa/Zoya",
PFE,MEDICAL,MEDICAL-ETHICAL DRUGS,40,25.010000228881836,0.008482674019296699,25.62;25.23;25.78;25.89;26.32;26.69;26.56;26.46;25.97;26.16;26.19;26.73;25.70;25.73;25.92;26.39;25.70;26.54;26.50;25.88;26.38;26.14;27.15;27.38;26.20;26.32;26.43;26.29;26.65;26.40;25.79;25.90;25.39;25.46;25.57;25.60;25.37;25.51;24.89;25.22;25.50;25.41;25.69;25.19;24.90;25.59;25.26;25.72;25.55;25.47;24.65;23.63;23.87;23.67;23.90;23.66;23.83;24.06;24.39;24.62;24.51;24.58;24.67;25.15;25.01,HALAL,"Business activity permissible — debt ratio not verified, cross-check Musaffa/Zoya",
LLY,MEDICAL,MEDICAL-ETHICAL DRUGS,,,,,HALAL,"Business activity permissible — debt ratio not verified, cross-check Musaffa/Zoya",
MRK,MEDICAL,MEDICAL-ETHICAL DRUGS,86,130.1999969482422,0.2211831403251452,106.36;106.78;111.73;116.62;120.17;115.46;117.52;119.81;120.10;122.03;120.69;122.03;118.10;114.39;115.42;114.53;113.94;115.04;113.38;114.85;118.52;118.78;119.43;120.01;118.43;121.80;119.29;117.06;118.22;111.76;113.80;109.44;110.16;111.36;112.34;111.50;110.49;112.64;110.58;113.42;115.05;118.87;119.03;114.35;113.88;119.93;118.75;119.90;114.90;115.44;115.48;120.60;128.66;128.50;129.56;128.86;125.07;124.03;123.61;127.50;126.26;130.48;130.76;130.36;130.20,HALAL,"Business activity permissible — debt ratio not verified, cross-check Musaffa/Zoya",
ABBV,MEDICAL,MEDICAL-ETHICAL DRUGS,74,250.94000244140625,0.16219473103088,220.52;217.07;222.20;213.80;220.03;219.05;224.03;229.31;220.93;225.98;223.46;228.54;230.30;228.81;223.98;224.21;216.33;216.41;203.09;201.81;204.02;206.21;214.18;205.66;203.23;209.16;203.32;206.95;206.91;203.67;199.53;195.99;202.45;205.14;204.65;201.28;201.35;207.03;208.90;212.25;212.98;211.61;217.08;211.43;215.60;225.62;223.83;223.18;220.02;219.67;228.38;233.23;251.56;249.86;259.22;252.85;248.14;246.25;244.11;254.49;256.10;256.92;256.91;263.30;250.94,HALAL,"Business activity permissible — debt ratio not verified, cross-check Musaffa/Zoya",
BMY,MEDICAL,MEDICAL-ETHICAL DRUGS,79,65.30999755859375,0.22101089170484567,54.38;53.13;54.70;56.40;60.67;59.57;58.59;59.07;59.02;59.95;60.00;61.04;59.92;59.45;59.34;58.71;57.82;58.44;56.87;55.79;57.69;57.30;59.36;58.93;57.03;58.81;57.41;57.24;59.50;58.73;58.36;57.14;56.95;57.57;56.31;55.62;55.05;55.76;56.36;57.66;58.89;57.38;56.27;54.34;54.11;56.63;55.85;56.26;55.61;54.66;54.09;54.39;56.88;56.98;58.13;57.97;57.94;59.34;58.72;60.74;60.93;61.51;62.56;63.10;65.31,HALAL,"Business activity permissible — debt ratio not verified, cross-check Musaffa/Zoya",
AZN,MEDICAL,MEDICAL-ETHICAL DRUGS,34,169.63999938964844,-0.0779528720817082,189.23;183.27;186.47;185.52;191.04;191.40;202.41;207.32;208.62;204.94;205.79;208.45;201.76;197.52;194.95;193.31;189.90;191.29;188.93;184.07;187.14;188.42;197.22;203.49;200.81;204.99;202.24;201.21;204.80;195.78;192.30;187.51;185.20;184.74;181.24;182.52;181.86;187.72;181.58;184.64;189.75;187.19;185.33;179.71;176.28;185.95;183.43;182.28;177.27;177.89;176.43;183.02;188.41;189.62;195.15;193.12;178.49;169.47;168.37;168.90;169.34;168.27;169.64;173.30;169.64,HALAL,"Business activity permissible — debt ratio not verified, cross-check Musaffa/Zoya",
NVS,MEDICAL,MEDICAL-ETHICAL DRUGS,65,156.14999389648438,0.09353465262740368,147.72;144.51;146.58;148.39;151.80;153.53;156.42;161.26;159.08;159.84;161.92;163.64;159.33;156.25;157.98;155.80;153.44;154.85;148.19;148.09;150.75;148.18;152.75;154.03;151.22;155.06;154.47;152.08;151.97;147.97;147.48;144.19;142.94;146.57;145.50;145.39;145.23;149.75;148.08;150.44;151.76;150.80;151.40;145.68;143.66;149.16;149.12;153.92;151.56;150.88;148.93;153.12;155.41;156.72;159.90;157.03;154.62;153.37;150.80;153.76;153.87;156.14;156.11;158.83;156.15,HALAL,"Business activity permissible — debt ratio not verified, cross-check Musaffa/Zoya",
SNY,MEDICAL,MEDICAL-ETHICAL DRUGS,26,43.08000183105469,-0.036653961283998004,44.99;43.77;44.79;45.55;45.32;46.07;44.56;43.99;44.89;44.74;45.09;46.10;44.03;42.63;42.02;41.63;41.31;41.74;42.96;42.42;43.61;44.32;45.65;45.37;44.37;44.61;44.49;45.50;45.53;44.65;45.03;43.49;43.61;43.66;43.36;43.18;42.50;42.42;42.69;43.55;44.92;44.15;44.29;42.96;42.37;45.02;44.73;44.11;43.80;42.50;41.78;41.33;42.95;42.66;43.16;42.98;43.90;44.00;43.68;44.66;43.75;43.36;44.00;44.85;43.08,HALAL,"Business activity permissible — debt ratio not verified, cross-check Musaffa/Zoya",
GSK,MEDICAL,MEDICAL-ETHICAL DRUGS,59,51.689998626708984,0.06982367622157448,49.94;49.80;51.58;56.26;59.21;57.82;57.55;59.84;59.82;58.72;59.00;58.60;56.55;54.77;55.01;54.65;52.91;52.93;51.90;51.52;54.21;53.35;54.69;56.18;55.33;57.83;58.41;57.29;57.82;55.61;55.13;53.73;50.94;51.14;49.92;50.04;49.36;50.53;49.67;51.05;51.53;51.50;51.24;49.31;49.72;51.52;51.25;52.86;52.23;52.15;50.74;51.09;52.50;52.42;53.66;53.32;52.47;52.29;51.45;51.76;50.78;50.74;51.98;53.22;51.69,HALAL,"Business activity permissible — debt ratio not verified, cross-check Musaffa/Zoya",
TAK,MEDICAL,MEDICAL-ETHICAL DRUGS,53,17.09000015258789,0.04910983376913136,16.91;17.17;17.49;17.74;17.89;18.10;18.37;18.26;18.66;18.80;18.61;18.75;18.08;17.76;18.07;18.12;17.77;18.39;18.11;17.86;18.29;17.91;18.52;18.74;18.29;18.46;17.82;17.85;17.82;17.06;16.65;16.36;16.30;16.62;16.55;16.64;16.36;16.64;16.61;16.58;16.48;15.87;16.15;15.19;15.03;15.60;15.72;15.87;15.77;15.42;15.47;15.72;15.91;16.03;16.77;16.96;16.61;16.49;16.45;17.15;17.23;16.82;17.44;17.75;17.09,HALAL,"Business activity permissible — debt ratio not verified, cross-check Musaffa/Zoya",
VTRS,MEDICAL,MEDICAL-ETHICAL DRUGS,92,17.559999465942383,0.3505032795537566,12.91;12.86;13.47;14.13;14.35;15.70;15.54;15.49;15.73;15.70;15.83;14.70;14.66;14.30;14.12;13.87;13.41;13.70;13.40;13.19;13.40;12.95;13.41;13.34;13.06;13.51;13.73;13.76;14.57;14.62;14.64;14.70;14.86;14.93;15.41;17.26;16.80;17.24;16.36;16.05;16.34;16.26;16.11;15.81;15.56;15.88;16.20;16.31;16.32;15.73;15.38;15.93;16.33;15.88;16.70;16.96;16.34;16.39;16.68;17.29;17.59;17.28;17.64;17.82;17.56,HALAL,"Business activity permissible — debt ratio not verified, cross-check Musaffa/Zoya",
ZTS,MEDICAL,MEDICAL-ETHICAL DRUGS,3,77.29000091552734,-0.36987260367997876,123.56;120.35;123.54;125.28;125.99;126.69;124.23;124.15;125.85;124.38;127.50;129.63;124.52;120.86;120.99;118.45;114.32;120.31;114.69;113.94;115.40;112.08;116.88;116.62;115.49;118.64;118.73;119.40;121.01;117.36;115.26;117.05;113.04;113.37;111.76;86.71;76.14;73.83;73.71;78.37;79.52;79.67;77.73;77.02;77.05;78.89;81.63;80.84;79.40;76.73;75.36;77.63;75.56;71.36;74.28;75.76;74.56;74.87;74.01;76.03;75.35;74.57;76.92;77.93;77.29,HALAL,"Business activity permissible — debt ratio not verified, cross-check Musaffa/Zoya",
TEVA,MEDICAL,MEDICAL-GENERIC DRUGS,90,35.0099983215332,0.10059726216018716,32.53;33.07;35.52;34.96;34.69;34.37;33.92;34.41;34.33;33.91;33.62;33.86;32.28;31.75;31.50;30.47;28.57;30.09;29.44;28.77;29.46;28.74;30.12;30.08;29.33;30.96;31.15;31.61;32.40;31.29;31.21;31.26;35.38;34.95;35.86;36.01;35.84;36.25;34.29;34.07;34.16;34.61;34.52;34.64;32.83;34.19;34.45;34.56;33.69;32.56;32.20;34.22;33.21;33.88;34.64;34.65;33.10;32.18;31.56;32.03;31.35;31.18;31.08;34.71;35.01,HALAL,"Business activity permissible — debt ratio not verified, cross-check Musaffa/Zoya",
VTRS,MEDICAL,MEDICAL-GENERIC DRUGS,92,17.559999465942383,0.3505032795537566,12.91;12.86;13.47;14.13;14.35;15.70;15.54;15.49;15.73;15.70;15.83;14.70;14.66;14.30;14.12;13.87;13.41;13.70;13.40;13.19;13.40;12.95;13.41;13.34;13.06;13.51;13.73;13.76;14.57;14.62;14.64;14.70;14.86;14.93;15.41;17.26;16.80;17.24;16.36;16.05;16.34;16.26;16.11;15.81;15.56;15.88;16.20;16.31;16.32;15.73;15.38;15.93;16.33;15.88;16.70;16.96;16.34;16.39;16.68;17.29;17.59;17.28;17.64;17.82;17.56,HALAL,"Business activity permissible — debt ratio not verified, cross-check Musaffa/Zoya",
PRGO,MEDICAL,MEDICAL-GENERIC DRUGS,5,10.109999656677246,-0.2795108986085745,13.35;13.10;13.65;14.02;13.96;13.72;13.71;13.77;14.19;13.87;13.74;12.60;11.10;10.92;10.03;9.56;9.06;10.04;9.41;9.33;9.44;9.29;10.47;10.57;10.29;10.33;11.02;11.12;11.50;11.43;11.39;11.20;11.00;11.62;11.34;11.42;10.79;10.63;10.34;10.34;11.06;10.53;11.15;10.76;10.46;10.83;11.18;10.90;10.70;10.16;9.60;9.76;9.95;10.39;11.02;11.19;10.41;10.17;10.15;10.72;10.47;10.10;10.14;10.43;10.11,HALAL,"Business activity permissible — debt ratio not verified, cross-check Musaffa/Zoya",
AMRX,MEDICAL,MEDICAL-GENERIC DRUGS,94,18.31999969482422,0.3681851549734969,13.83;14.11;14.19;14.43;14.52;14.76;14.63;15.19;14.60;14.42;14.58;13.81;13.31;13.26;13.25;12.71;11.83;12.43;12.34;11.92;12.26;11.85;12.43;12.48;12.32;12.80;12.83;13.05;13.91;13.02;12.65;12.57;12.80;12.83;13.41;13.72;12.78;12.39;11.93;11.81;12.42;12.79;12.95;12.90;12.88;13.75;14.69;16.34;16.24;16.28;16.11;17.27;17.23;17.31;17.15;17.05;17.02;17.18;17.20;17.85;18.10;17.97;18.09;19.10;18.32,HALAL,"Business activity permissible — debt ratio not verified, cross-check Musaffa/Zoya",
HCA,MEDICAL,MEDICAL-HOSPITALS,26,402.5899963378906,-0.1420386257497367,504.08;480.85;495.12;491.92;499.94;500.30;533.36;532.92;526.82;534.10;538.69;527.86;539.91;532.61;543.23;535.41;531.11;508.85;498.65;493.59;483.05;470.91;472.29;470.90;488.60;506.18;496.43;487.60;487.02;470.24;473.08;444.88;433.91;432.22;427.93;428.16;425.52;426.68;422.15;403.88;391.77;391.64;383.62;370.22;362.50;371.39;374.15;377.75;389.19;388.16;376.99;387.76;391.68;389.89;410.50;423.11;409.01;390.74;378.85;371.18;373.09;376.50;389.62;408.18;402.59,HALAL,"Business activity permissible — debt ratio not verified, cross-check Musaffa/Zoya",
UHS,MEDICAL,MEDICAL-HOSPITALS,24,168.44000244140625,-0.1767701008469088,202.16;199.66;201.39;205.98;218.05;212.28;233.50;234.57;229.46;232.05;230.19;205.62;204.57;196.69;190.27;185.98;192.15;193.19;186.96;187.83;186.46;183.79;178.72;176.46;180.36;187.62;182.95;179.90;182.16;178.30;180.93;179.26;167.74;166.77;165.17;170.33;168.00;170.77;168.41;166.22;162.23;156.41;149.91;144.49;145.78;144.97;146.59;146.05;145.97;141.26;142.64;145.41;145.69;148.69;158.33;161.26;155.20;152.77;148.02;151.16;149.91;151.27;159.31;168.16;168.44,HALAL,"Business activity permissible — debt ratio not verified, cross-check Musaffa/Zoya",
THC,MEDICAL,MEDICAL-HOSPITALS,87,254.77999877929688,0.3496133087550273,189.15;189.49;188.03;190.66;201.37;193.04;232.26;234.25;228.08;233.77;237.04;239.39;242.88;241.40;240.59;234.58;227.63;211.64;205.11;203.41;200.04;191.86;188.71;188.17;194.60;201.87;192.99;193.56;196.64;185.47;188.33;185.53;180.10;183.27;186.91;194.13;191.68;195.86;196.66;191.40;178.00;176.38;173.20;170.09;164.84;162.06;166.36;173.17;179.11;178.50;178.75;182.96;189.00;187.08;203.72;208.82;206.77;194.81;192.34;194.91;196.49;199.02;243.36;257.62;254.78,HALAL,"Business activity permissible — debt ratio not verified, cross-check Musaffa/Zoya",
CYH,MEDICAL,MEDICAL-HOSPITALS,18,2.7899999618530273,-0.14153847327599156,3.13;3.17;3.19;3.10;3.15;3.15;3.44;3.44;3.52;3.33;3.64;3.46;3.45;3.41;3.51;3.22;3.20;3.11;3.00;2.98;2.94;2.86;2.94;2.96;3.03;3.15;3.06;3.15;3.16;3.10;2.49;2.81;2.87;2.98;2.82;2.90;2.81;2.91;2.82;2.80;2.77;2.85;2.80;2.75;2.80;2.74;2.87;3.05;3.07;3.00;3.03;3.16;3.28;3.34;3.90;3.82;3.70;3.48;3.22;3.30;3.21;2.78;2.72;2.71;2.79,HALAL,"Business activity permissible — debt ratio not verified, cross-check Musaffa/Zoya",
AMED,MEDICAL,MEDICAL-HOSPITALS,,,,,HALAL,"Business activity permissible — debt ratio not verified, cross-check Musaffa/Zoya",
EHC,MEDICAL,MEDICAL-HOSPITALS,42,111.06999969482422,0.1331115237318683,94.36;94.22;93.47;95.29;104.99;108.58;111.63;109.12;106.74;105.74;105.72;107.47;107.60;107.22;108.20;100.24;99.98;101.18;97.51;97.15;98.44;97.20;96.36;97.21;105.47;108.13;107.36;105.04;106.19;102.58;101.67;100.73;102.42;107.28;104.96;106.95;104.62;107.29;106.44;104.56;104.25;104.71;105.16;102.54;102.98;103.81;103.99;102.19;99.17;97.71;98.49;102.06;101.14;100.89;106.46;110.72;111.02;110.04;109.88;112.21;112.10;111.06;113.88;113.80;111.07,HALAL,"Business activity permissible — debt ratio not verified, cross-check Musaffa/Zoya",
ENSG,MEDICAL,MEDICAL-LONG-TERM CARE,41,178.16000366210938,0.016135076524995462,171.86;169.93;172.43;173.05;197.65;203.78;214.25;212.31;204.63;214.01;213.68;214.01;212.97;207.15;209.82;210.28;209.56;210.23;202.34;202.28;203.74;200.51;201.42;196.54;200.31;201.48;200.22;197.84;200.03;191.66;189.26;189.86;186.32;183.64;175.88;174.23;169.34;177.93;177.60;175.82;171.61;172.35;170.87;164.93;166.61;170.23;155.19;147.07;150.65;155.78;156.72;164.00;162.98;160.30;168.22;170.87;168.92;168.39;167.38;171.28;170.87;167.52;178.07;181.89;178.16,HALAL,"Business activity permissible — debt ratio not verified, cross-check Musaffa/Zoya",
BKD,MEDICAL,MEDICAL-LONG-TERM CARE,85,14.600000381469727,0.1274131734754227,12.92;14.50;15.65;14.90;16.12;16.29;16.31;16.64;14.95;15.44;15.12;15.30;14.99;14.73;14.45;14.49;13.94;14.55;14.14;13.89;13.82;13.82;13.68;13.95;13.75;13.77;13.60;14.07;13.74;13.12;13.64;13.95;14.09;14.32;14.03;13.56;12.81;12.86;13.04;13.25;13.38;13.48;13.03;12.19;12.25;12.34;12.86;12.94;13.61;13.62;13.99;14.69;15.71;16.09;15.87;15.42;15.28;14.40;14.32;15.01;15.19;14.50;15.47;14.86;14.60,HALAL,"Business activity permissible — debt ratio not verified, cross-check Musaffa/Zoya",
CSU,MEDICAL,MEDICAL-LONG-TERM CARE,,,,,HALAL,"Business activity permissible — debt ratio not verified, cross-check Musaffa/Zoya",
PNTG,MEDICAL,MEDICAL-LONG-TERM CARE,91,40.31999969482422,0.3206681555189441,27.63;27.34;28.22;28.92;30.35;30.97;31.16;31.85;32.35;32.56;33.09;33.71;33.02;33.30;34.44;34.03;32.89;33.03;32.06;31.37;31.11;29.84;30.48;29.66;30.55;31.67;31.32;30.54;30.74;28.90;30.11;30.89;30.71;31.30;31.46;35.73;34.13;35.59;35.55;34.98;34.59;33.92;34.36;32.00;30.35;31.71;32.77;32.78;33.04;34.58;33.63;34.58;35.91;36.95;38.52;39.70;40.46;39.86;40.07;41.95;41.47;39.81;41.34;41.08;40.32,HALAL,"Business activity permissible — debt ratio not verified, cross-check Musaffa/Zoya",
UNH,MEDICAL,MEDICAL-MANAGED CARE,71,414.3999938964844,0.17893363532795292,278.93;288.39;281.78;272.24;272.96;269.57;280.57;285.23;286.06;278.57;280.41;289.35;285.35;284.92;283.55;283.63;280.49;285.94;278.85;268.01;269.01;257.55;269.05;275.69;305.98;305.17;311.22;312.27;322.79;344.05;352.55;352.68;368.63;366.69;361.80;367.64;382.26;398.88;391.61;387.03;380.31;374.72;380.36;377.70;374.86;397.20;410.65;403.25;411.04;399.53;406.68;405.80;427.89;415.63;425.36;428.19;431.68;429.09;418.52;426.09;436.35;423.56;417.64;420.57;414.40,HALAL,"Business activity permissible — debt ratio not verified, cross-check Musaffa/Zoya",
ELV,MEDICAL,MEDICAL-MANAGED CARE,55,375.8399963378906,0.023272622853742986,319.64;343.46;338.36;337.14;335.54;322.33;332.63;341.28;344.64;332.46;327.15;316.75;281.15;283.57;277.89;288.62;290.45;294.55;289.97;288.07;294.89;285.23;291.56;299.52;310.57;315.59;314.79;309.92;321.74;326.78;344.89;354.69;375.10;371.17;367.57;371.41;380.20;398.02;391.09;400.64;388.24;386.28;391.16;401.03;389.68;413.85;422.71;399.18;401.89;391.27;394.82;384.00;395.18;386.73;417.89;418.85;420.39;425.17;390.33;373.11;393.44;379.31;378.36;375.98;375.84,HALAL,"Business activity permissible — debt ratio not verified, cross-check Musaffa/Zoya",
CI,MEDICAL,MEDICAL-MANAGED CARE,29,279.04998779296875,0.010792951882730994,267.06;268.23;268.50;268.66;288.78;284.58;284.39;287.45;282.72;280.01;281.25;286.57;280.75;279.65;268.11;259.37;265.65;261.95;263.05;259.98;268.80;260.45;265.21;268.46;272.67;276.85;273.53;267.08;277.03;275.10;278.11;280.95;290.64;281.27;274.07;282.40;287.40;298.98;283.63;289.60;280.39;279.21;282.69;272.61;269.17;289.48;295.00;294.84;293.83;285.09;282.08;279.46;282.79;275.68;287.77;286.62;291.80;304.50;297.81;281.45;290.49;286.29;291.02;296.47;279.05,HALAL,"Business activity permissible — debt ratio not verified, cross-check Musaffa/Zoya",
HUM,MEDICAL,MEDICAL-MANAGED CARE,92,363.8599853515625,0.37549992241663244,206.39;195.22;185.82;190.65;192.51;179.96;177.51;183.62;189.09;179.82;174.76;189.13;180.24;179.41;177.21;169.69;164.21;169.51;165.22;168.88;172.95;168.69;172.98;177.41;196.69;196.86;197.76;197.90;204.66;216.85;214.44;223.09;242.55;233.08;238.97;246.54;273.61;304.13;304.40;309.82;302.97;300.98;307.97;327.54;326.77;349.26;362.33;367.82;379.36;361.15;359.87;360.79;383.84;397.22;396.75;394.62;397.76;406.00;407.78;400.00;404.34;394.50;381.15;365.41;363.86,HALAL,"Business activity permissible — debt ratio not verified, cross-check Musaffa/Zoya",
CNC,MEDICAL,MEDICAL-MANAGED CARE,93,62.220001220703125,0.34996747699532293,41.53;43.60;42.80;40.96;38.46;39.61;39.18;41.23;43.68;43.34;42.69;44.88;43.82;43.27;43.32;35.86;34.45;34.94;35.57;32.81;32.73;32.00;32.74;35.11;36.31;37.55;37.47;37.60;38.17;39.14;41.09;43.50;53.98;53.34;52.98;54.98;56.36;58.81;58.27;59.15;57.77;57.21;58.91;62.00;59.55;62.33;66.21;63.54;63.40;60.64;63.68;62.97;65.73;64.19;67.86;66.12;67.60;68.29;66.61;66.44;67.59;63.74;64.08;61.82;62.22,HALAL,"Business activity permissible — debt ratio not verified, cross-check Musaffa/Zoya",
MOH,MEDICAL,MEDICAL-MANAGED CARE,39,195.6199951171875,-0.031056537180723875,184.12;184.93;181.18;178.04;131.72;125.43;126.71;135.68;148.24;156.21;145.55;154.05;144.81;147.71;146.03;146.80;149.20;143.96;142.21;135.24;139.84;134.03;133.30;139.38;141.53;145.05;149.98;146.80;148.97;151.00;174.70;179.22;196.49;192.70;192.17;191.85;185.19;191.97;184.99;184.38;181.26;176.20;178.02;183.25;184.82;190.86;203.06;193.20;201.87;195.53;197.42;201.42;229.74;228.70;229.87;232.90;232.09;242.88;233.36;225.37;226.54;200.29;199.48;199.02;195.62,HALAL,"Business activity permissible — debt ratio not verified, cross-check Musaffa/Zoya",
BKD,MEDICAL,MEDICAL-NURSING HOMES,85,14.600000381469727,0.1274131734754227,12.92;14.50;15.65;14.90;16.12;16.29;16.31;16.64;14.95;15.44;15.12;15.30;14.99;14.73;14.45;14.49;13.94;14.55;14.14;13.89;13.82;13.82;13.68;13.95;13.75;13.77;13.60;14.07;13.74;13.12;13.64;13.95;14.09;14.32;14.03;13.56;12.81;12.86;13.04;13.25;13.38;13.48;13.03;12.19;12.25;12.34;12.86;12.94;13.61;13.62;13.99;14.69;15.71;16.09;15.87;15.42;15.28;14.40;14.32;15.01;15.19;14.50;15.47;14.86;14.60,HALAL,"Business activity permissible — debt ratio not verified, cross-check Musaffa/Zoya",
ENSG,MEDICAL,MEDICAL-NURSING HOMES,41,178.16000366210938,0.016135076524995462,171.86;169.93;172.43;173.05;197.65;203.78;214.25;212.31;204.63;214.01;213.68;214.01;212.97;207.15;209.82;210.28;209.56;210.23;202.34;202.28;203.74;200.51;201.42;196.54;200.31;201.48;200.22;197.84;200.03;191.66;189.26;189.86;186.32;183.64;175.88;174.23;169.34;177.93;177.60;175.82;171.61;172.35;170.87;164.93;166.61;170.23;155.19;147.07;150.65;155.78;156.72;164.00;162.98;160.30;168.22;170.87;168.92;168.39;167.38;171.28;170.87;167.52;178.07;181.89;178.16,HALAL,"Business activity permissible — debt ratio not verified, cross-check Musaffa/Zoya",
PNTG,MEDICAL,MEDICAL-NURSING HOMES,91,40.31999969482422,0.3206681555189441,27.63;27.34;28.22;28.92;30.35;30.97;31.16;31.85;32.35;32.56;33.09;33.71;33.02;33.30;34.44;34.03;32.89;33.03;32.06;31.37;31.11;29.84;30.48;29.66;30.55;31.67;31.32;30.54;30.74;28.90;30.11;30.89;30.71;31.30;31.46;35.73;34.13;35.59;35.55;34.98;34.59;33.92;34.36;32.00;30.35;31.71;32.77;32.78;33.04;34.58;33.63;34.58;35.91;36.95;38.52;39.70;40.46;39.86;40.07;41.95;41.47;39.81;41.34;41.08;40.32,HALAL,"Business activity permissible — debt ratio not verified, cross-check Musaffa/Zoya",
NHC,MEDICAL,MEDICAL-NURSING HOMES,95,226.02999877929688,0.5894967533199147,138.93;139.17;148.22;150.36;160.41;161.46;167.12;163.78;157.28;156.00;159.18;162.33;169.29;166.88;159.37;155.22;160.28;161.50;156.60;160.59;160.26;159.87;159.18;162.22;165.88;176.24;169.05;158.68;167.44;160.09;170.03;175.81;174.50;174.29;166.51;170.86;189.13;194.08;193.02;195.36;195.36;189.38;184.24;178.82;185.83;191.51;191.50;195.31;194.95;190.48;200.75;202.15;205.87;211.36;218.44;216.40;214.18;207.87;216.17;228.16;222.85;221.51;226.09;228.66;226.03,HALAL,"Business activity permissible — debt ratio not verified, cross-check Musaffa/Zoya",
AMED,MEDICAL,MEDICAL-OUTPATIENT/HOME CARE,,,,,HALAL,"Business activity permissible — debt ratio not verified, cross-check Musaffa/Zoya",
EHC,MEDICAL,MEDICAL-OUTPATIENT/HOME CARE,42,111.06999969482422,0.1331115237318683,94.36;94.22;93.47;95.29;104.99;108.58;111.63;109.12;106.74;105.74;105.72;107.47;107.60;107.22;108.20;100.24;99.98;101.18;97.51;97.15;98.44;97.20;96.36;97.21;105.47;108.13;107.36;105.04;106.19;102.58;101.67;100.73;102.42;107.28;104.96;106.95;104.62;107.29;106.44;104.56;104.25;104.71;105.16;102.54;102.98;103.81;103.99;102.19;99.17;97.71;98.49;102.06;101.14;100.89;106.46;110.72;111.02;110.04;109.88;112.21;112.10;111.06;113.88;113.80;111.07,HALAL,"Business activity permissible — debt ratio not verified, cross-check Musaffa/Zoya",
DVA,MEDICAL,MEDICAL-OUTPATIENT/HOME CARE,96,240.08999633789062,1.2205881450135325,105.61;107.24;111.19;142.06;140.83;139.28;149.97;150.41;147.34;151.28;149.51;156.30;152.27;149.94;152.56;154.81;150.72;149.98;149.76;152.21;155.11;154.43;153.69;145.58;149.70;150.68;151.56;144.57;147.91;149.90;155.03;150.05;151.99;151.65;157.04;196.26;198.93;198.10;199.74;194.61;198.66;195.57;197.10;189.81;195.03;192.16;198.19;203.83;209.75;210.58;209.68;213.04;217.04;222.48;234.91;234.31;229.48;235.58;231.61;236.97;237.28;234.27;236.31;240.96;240.09,HALAL,"Business activity permissible — debt ratio not verified, cross-check Musaffa/Zoya",
FMS,MEDICAL,MEDICAL-OUTPATIENT/HOME CARE,55,25.65999984741211,0.21228709870315532,21.55;21.65;21.72;22.89;23.15;23.09;23.51;23.64;23.18;23.64;21.77;22.55;22.46;22.16;22.50;21.87;21.91;22.26;21.25;21.05;21.40;21.21;21.69;21.54;21.87;22.69;22.80;21.95;22.50;22.06;21.86;21.74;21.30;21.62;19.41;20.81;20.92;20.56;20.76;21.24;21.63;21.58;21.63;21.04;20.90;22.03;22.35;22.37;23.45;23.57;23.39;23.85;23.24;22.61;23.53;24.20;23.91;24.45;24.06;24.11;24.68;24.44;24.87;24.86;25.66,HALAL,"Business activity permissible — debt ratio not verified, cross-check Musaffa/Zoya",
ADUS,MEDICAL,MEDICAL-OUTPATIENT/HOME CARE,49,115.4800033569336,0.04629881746115849,107.01;101.80;105.32;105.60;105.88;108.14;112.30;113.26;114.96;117.63;107.60;103.53;103.36;104.62;102.86;103.05;101.35;101.52;100.02;99.78;99.32;95.19;93.65;91.59;93.15;92.77;95.09;93.32;94.32;91.65;94.46;98.14;96.96;99.56;98.44;97.29;97.79;94.51;90.98;92.59;93.26;93.18;93.53;89.45;88.49;92.10;92.70;93.04;94.83;93.87;95.03;97.20;96.95;100.47;105.17;105.97;109.72;108.86;110.17;114.52;113.31;111.92;115.65;119.13;115.48,HALAL,"Business activity permissible — debt ratio not verified, cross-check Musaffa/Zoya",
MDT,MEDICAL,MEDICAL-PRODUCTS,28,85.38999938964844,-0.13893826544833232,98.98;99.29;100.97;100.11;101.15;99.70;99.17;94.77;95.92;96.94;95.01;96.00;95.07;91.43;89.79;87.46;85.66;86.94;85.40;85.69;86.40;86.36;85.88;85.86;85.65;87.12;87.21;86.32;85.42;81.27;83.04;82.18;78.66;79.28;77.09;77.26;73.87;75.53;75.47;77.88;77.45;76.91;74.89;73.32;77.25;80.94;81.25;79.61;79.66;77.44;78.56;79.41;80.98;78.23;83.19;83.83;82.39;83.57;80.47;83.20;82.35;82.01;84.22;87.54;85.39,HALAL,"Business activity permissible — debt ratio not verified, cross-check Musaffa/Zoya",
ABT,MEDICAL,MEDICAL-PRODUCTS,32,105.69999694824219,-0.0027766011163268267,106.83;104.68;107.96;106.76;109.36;110.79;109.99;110.77;110.70;113.76;113.24;114.81;112.10;109.57;111.15;108.79;106.60;109.24;105.77;103.46;103.44;102.61;101.31;101.50;100.48;101.36;99.35;100.84;96.12;92.06;91.83;92.14;90.68;88.83;86.55;86.39;81.98;83.24;83.87;88.19;87.15;86.06;85.69;87.16;86.37;90.43;90.60;89.02;88.04;87.87;87.21;89.85;93.45;90.10;94.72;95.16;93.73;91.46;89.27;100.68;99.67;100.75;104.49;108.00;105.70,HALAL,"Business activity permissible — debt ratio not verified, cross-check Musaffa/Zoya",
BSX,MEDICAL,MEDICAL-PRODUCTS,3,46.72999954223633,-0.49486543656737125,93.61;92.33;91.87;75.50;76.27;74.25;74.12;76.29;75.72;74.37;73.48;76.85;73.85;72.99;71.90;69.63;69.13;71.20;69.89;69.54;69.78;69.17;62.75;62.82;61.86;61.28;63.18;64.61;64.23;59.52;65.69;59.95;57.15;56.50;55.98;56.57;53.37;53.06;52.68;56.81;57.15;57.64;49.11;47.98;47.69;48.55;48.96;47.17;46.76;44.95;44.33;44.46;44.23;42.68;45.14;45.30;44.99;44.65;43.04;44.03;43.19;43.58;45.51;46.04;46.73,HALAL,"Business activity permissible — debt ratio not verified, cross-check Musaffa/Zoya",
EW,MEDICAL,MEDICAL-PRODUCTS,49,86.06999969482422,0.02880702757853637,83.60;81.49;82.65;79.77;78.71;77.05;76.44;78.45;78.92;82.44;83.40;86.47;85.28;83.89;84.26;85.09;81.81;84.27;82.46;82.02;82.67;79.34;80.08;81.05;80.84;79.15;78.12;78.20;80.99;79.71;79.72;83.46;81.22;83.98;82.91;82.76;77.17;81.39;81.38;82.16;83.20;87.54;85.96;88.16;86.00;85.96;87.54;85.76;86.28;86.68;85.88;89.66;90.78;90.46;94.37;94.82;91.33;91.79;87.27;85.73;84.55;83.82;83.04;85.76;86.07,HALAL,"Business activity permissible — debt ratio not verified, cross-check Musaffa/Zoya",
BDX,MEDICAL,MEDICAL-PRODUCTS,57,165.6199951171875,0.05807376871795533,157.78;155.99;156.62;161.25;162.91;169.40;175.44;175.02;180.04;181.89;178.55;174.13;171.89;167.68;163.26;162.03;158.24;160.51;155.43;155.14;157.16;153.43;156.13;153.43;153.88;154.37;154.34;154.43;157.43;155.59;153.77;149.17;144.29;148.26;143.16;152.19;142.15;143.17;142.47;145.92;145.23;146.72;147.37;144.31;144.59;150.10;152.04;147.35;145.52;141.61;140.71;147.77;155.92;151.33;158.08;156.30;150.85;153.83;154.88;158.17;153.84;152.97;158.92;168.40;165.62,HALAL,"Business activity permissible — debt ratio not verified, cross-check Musaffa/Zoya",
SYK,MEDICAL,MEDICAL-PRODUCTS,23,325.70001220703125,-0.07770074574402219,352.67;352.40;366.17;358.73;356.37;359.13;363.89;367.20;370.66;382.67;381.97;385.39;382.53;368.52;363.96;343.93;334.97;347.24;337.94;330.81;325.90;325.69;327.72;330.66;331.19;338.24;346.32;340.33;342.41;326.43;328.77;328.13;314.29;293.95;294.46;293.45;281.83;301.29;305.94;316.90;312.67;312.17;306.81;298.66;294.21;304.85;313.17;304.83;307.12;300.34;303.88;312.84;331.82;314.84;326.54;329.74;327.11;331.45;316.44;319.87;314.58;318.97;336.74;352.25;325.70,HALAL,"Business activity permissible — debt ratio not verified, cross-check Musaffa/Zoya",
ZBH,MEDICAL,MEDICAL-PRODUCTS,46,93.93000030517578,0.09047745749503955,85.53;85.56;85.76;87.62;89.43;90.91;94.67;96.63;98.72;98.93;99.32;97.91;97.45;92.95;92.78;93.23;92.70;92.02;89.36;87.33;87.17;88.10;90.18;90.65;91.16;92.78;95.09;93.95;94.53;92.44;92.20;92.34;79.86;82.68;82.79;83.15;79.37;82.50;83.48;85.85;85.08;84.19;82.60;82.72;84.75;87.10;89.39;86.91;88.03;86.93;86.86;90.32;93.10;86.09;87.47;89.41;89.23;94.08;90.14;91.12;88.92;89.65;92.07;97.15;93.93,HALAL,"Business activity permissible — debt ratio not verified, cross-check Musaffa/Zoya",
BAX,MEDICAL,MEDICAL-PRODUCTS,76,26.15999984741211,0.3198819712214873,19.55;19.71;19.85;21.01;21.71;21.92;18.69;20.72;21.32;21.24;20.71;20.36;19.02;18.59;17.90;18.04;17.39;17.61;16.65;16.60;17.11;15.96;16.79;16.67;16.61;17.29;17.62;17.59;18.70;18.48;18.40;18.48;16.89;17.20;16.74;17.48;17.52;17.30;17.29;18.32;19.02;19.37;19.24;18.40;18.54;19.38;20.03;20.49;20.81;19.39;19.66;21.04;22.04;21.32;22.65;22.86;22.46;22.57;22.15;22.61;22.21;21.67;23.34;24.77;26.16,HALAL,"Business activity permissible — debt ratio not verified, cross-check Musaffa/Zoya",
RMD,MEDICAL,MEDICAL-PRODUCTS,17,210.97999572753906,-0.15961033077235487,254.15;256.25;253.40;261.64;270.20;262.15;245.00;255.06;255.53;260.02;251.78;255.50;257.51;254.56;252.18;239.44;230.16;232.81;226.74;227.29;225.64;219.82;223.81;223.43;225.38;227.30;229.58;228.12;227.44;220.56;218.86;221.36;211.30;204.41;207.26;206.28;198.17;201.77;201.88;207.78;208.98;207.98;203.42;186.44;186.46;196.04;196.94;192.39;192.74;186.29;188.45;196.50;200.29;194.88;209.63;219.75;208.45;198.50;198.57;198.99;195.80;191.89;203.08;214.29;210.98,HALAL,"Business activity permissible — debt ratio not verified, cross-check Musaffa/Zoya",
STE,MEDICAL,MEDICAL-PRODUCTS,31,228.39999389648438,-0.11504995794713935,261.62;260.20;262.79;262.82;250.77;243.33;242.88;244.68;250.43;246.38;250.87;251.60;242.63;237.80;227.04;220.89;213.93;219.48;217.27;220.34;222.72;218.75;220.47;218.06;218.57;223.09;224.18;220.84;225.12;218.80;222.86;221.53;212.02;213.76;212.34;213.07;201.25;210.47;211.48;213.78;219.02;215.63;214.76;210.44;209.57;211.72;212.88;207.22;205.93;199.40;200.40;207.17;215.67;210.57;218.20;215.39;216.00;217.05;211.46;217.84;211.75;210.64;218.40;234.83;228.40,HALAL,"Business activity permissible — debt ratio not verified, cross-check Musaffa/Zoya",
TFX,MEDICAL,MEDICAL-PRODUCTS,59,136.7100067138672,0.3294084095504517,103.95;104.90;102.80;105.42;107.83;105.28;103.97;105.28;111.19;112.42;111.28;121.39;121.52;116.93;113.32;111.46;107.04;108.72;106.77;105.58;107.90;115.92;119.30;117.51;115.21;119.96;122.86;126.01;131.24;124.43;136.30;134.72;132.96;121.46;120.38;131.34;129.39;129.70;129.38;132.40;131.56;131.89;129.66;127.57;128.56;129.84;135.75;129.31;130.09;124.96;121.67;126.51;129.86;126.76;133.99;133.54;134.04;136.40;131.75;134.61;135.01;131.16;131.05;134.65;136.71,HALAL,"Business activity permissible — debt ratio not verified, cross-check Musaffa/Zoya",
PEN,MEDICAL,MEDICAL-PRODUCTS,54,321.19000244140625,-0.10596784025323325,359.40;357.00;356.99;339.92;341.02;338.97;338.72;341.03;340.68;339.20;338.67;344.39;340.16;340.62;339.61;336.11;336.18;338.00;337.35;335.56;336.27;335.10;328.37;330.36;329.96;329.52;331.48;332.42;332.13;327.00;333.00;327.98;324.82;325.33;323.86;324.65;321.71;322.59;322.32;326.55;327.89;328.20;318.95;318.95;319.37;320.53;321.06;318.32;318.21;316.16;316.20;316.36;316.63;315.75;318.57;318.31;317.95;318.94;316.73;318.32;317.39;317.90;319.49;320.13;321.19,HALAL,"Business activity permissible — debt ratio not verified, cross-check Musaffa/Zoya",
ICUI,MEDICAL,MEDICAL-PRODUCTS,84,168.50999450683594,0.10375317041899756,149.27;150.03;151.45;149.98;154.16;153.22;142.02;148.29;149.74;151.57;155.12;150.58;142.66;136.74;133.34;133.76;125.85;130.55;126.63;129.93;131.38;124.19;129.15;123.31;119.83;125.83;129.32;126.21;129.96;128.15;124.55;122.85;115.45;118.85;117.01;123.07;124.68;122.04;118.72;123.66;131.31;134.97;138.87;131.64;130.52;136.61;142.00;142.86;143.72;137.94;136.14;142.95;148.27;146.60;154.97;155.37;156.52;157.60;157.96;157.51;158.77;153.46;161.46;166.53;168.51,HALAL,"Business activity permissible — debt ratio not verified, cross-check Musaffa/Zoya",
GMED,MEDICAL,MEDICAL-PRODUCTS,44,78.79000091552734,-0.14840030507683777,91.96;90.22;89.70;87.06;87.81;88.72;87.22;89.00;90.92;93.40;96.22;95.46;91.70;89.29;87.81;87.17;84.77;88.16;86.30;87.21;87.35;83.78;86.16;87.92;90.00;91.40;92.98;94.55;95.25;93.83;94.38;93.70;87.79;91.34;90.03;85.07;76.68;75.57;76.64;79.93;84.61;85.10;82.45;79.78;77.95;80.00;82.52;80.52;77.32;75.42;79.19;82.12;86.25;79.01;80.12;78.83;76.64;79.75;78.56;77.00;76.09;75.42;78.25;81.42;78.79,HALAL,"Business activity permissible — debt ratio not verified, cross-check Musaffa/Zoya",
IQV,MEDICAL,MEDICAL-RESEARCH EQUIP/SVCS,80,235.02000427246094,-0.0012323882926419394,241.04;235.62;231.23;202.54;187.49;182.45;168.85;164.44;169.36;162.31;161.91;178.81;173.96;178.50;178.55;171.58;164.72;168.43;166.47;166.96;165.64;163.85;170.54;173.26;170.62;168.98;171.99;178.10;176.46;175.69;160.68;163.84;156.66;157.77;176.42;178.64;173.55;172.38;169.12;173.18;168.02;162.00;181.09;186.82;182.05;183.45;186.25;181.06;178.39;170.67;167.81;185.62;191.14;193.22;207.04;208.23;208.97;207.55;206.81;206.26;201.62;207.32;213.22;247.56;235.02,HALAL,"Business activity permissible — debt ratio not verified, cross-check Musaffa/Zoya",
CRL,MEDICAL,MEDICAL-RESEARCH EQUIP/SVCS,82,232.50999450683594,0.058740466557224424,219.53;211.68;213.22;201.62;189.21;181.24;158.74;158.53;164.24;163.52;167.56;178.49;175.69;181.32;176.99;168.91;155.46;153.71;153.05;158.00;165.89;159.16;172.50;173.89;169.54;175.55;178.34;180.56;183.88;183.10;167.74;171.23;163.84;165.78;185.39;181.68;168.46;162.85;150.85;152.43;158.86;156.73;181.34;182.07;179.87;181.34;189.85;188.06;188.47;182.34;181.56;202.10;215.75;226.79;230.69;228.68;233.60;229.75;228.22;224.35;219.40;229.29;224.30;234.80;232.51,HALAL,"Business activity permissible — debt ratio not verified, cross-check Musaffa/Zoya",
ICLR,MEDICAL,MEDICAL-RESEARCH EQUIP/SVCS,70,163.56500244140625,-0.12391534485803724,187.97;185.89;178.59;163.11;150.59;144.55;80.08;88.62;98.41;104.66;101.00;108.14;108.70;110.60;110.03;105.38;98.33;100.49;98.05;100.35;99.99;102.08;110.66;114.19;107.16;106.70;110.37;116.50;119.68;115.18;106.34;103.21;116.17;112.85;121.32;125.00;118.96;117.38;116.38;113.55;116.57;113.85;136.80;138.03;143.90;149.45;151.82;149.92;147.72;143.27;140.73;158.17;169.86;173.71;173.06;168.72;168.77;166.10;172.08;170.00;166.62;170.32;168.78;178.18;163.57,HALAL,"Business activity permissible — debt ratio not verified, cross-check Musaffa/Zoya",
MEDP,MEDICAL,MEDICAL-RESEARCH EQUIP/SVCS,84,577.1099853515625,-0.01860386475385467,602.25;593.07;588.17;561.52;542.04;446.05;416.04;428.18;446.44;444.96;438.08;451.76;465.38;469.38;478.54;477.72;450.41;455.15;460.92;456.93;466.80;451.20;480.19;498.34;508.52;501.50;501.23;518.54;520.60;514.90;393.42;421.37;413.59;417.54;430.32;428.71;417.29;423.76;415.27;419.91;430.10;429.11;448.12;451.47;450.82;454.25;466.79;475.07;467.50;457.09;455.66;512.79;527.07;529.59;557.60;546.29;535.50;530.19;529.23;537.73;531.67;605.82;589.37;584.93;577.11,HALAL,"Business activity permissible — debt ratio not verified, cross-check Musaffa/Zoya",
WST,MEDICAL,MEDICAL-RESEARCH EQUIP/SVCS,83,340.9599914550781,0.44406498551388873,239.97;232.32;237.17;236.72;248.60;243.22;243.27;242.85;243.49;243.88;247.53;253.98;251.03;244.01;247.71;237.92;235.13;239.08;239.99;241.06;246.67;243.01;250.29;254.44;258.99;258.18;259.59;266.13;273.35;274.33;309.26;301.78;295.17;300.48;309.77;321.80;322.09;302.20;302.69;303.73;315.92;315.96;321.59;316.09;316.10;314.29;334.44;330.12;331.21;323.38;329.49;340.19;350.62;358.77;365.50;355.85;357.43;359.47;358.77;358.01;359.01;355.25;331.03;337.46;340.96,HALAL,"Business activity permissible — debt ratio not verified, cross-check Musaffa/Zoya",
LH,MEDICAL,MEDICAL-SERVICES,66,309.20001220703125,0.1656329762988662,269.70;268.40;268.87;274.71;275.75;283.01;276.65;275.22;281.00;283.81;281.30;288.33;282.21;275.16;272.86;269.68;263.08;269.88;263.37;263.70;265.29;263.48;266.08;272.97;268.43;272.51;263.46;266.00;269.94;272.67;264.19;262.71;256.44;255.14;256.44;257.34;254.38;253.72;249.71;252.99;255.05;257.74;262.03;256.87;258.92;265.15;271.24;265.27;265.03;259.56;254.43;265.18;271.47;280.00;286.98;283.86;277.63;276.68;271.99;283.36;279.40;291.02;301.17;307.15;309.20,HALAL,"Business activity permissible — debt ratio not verified, cross-check Musaffa/Zoya",
DGX,MEDICAL,MEDICAL-SERVICES,77,233.00999450683594,0.298076798021077,182.70;180.82;183.45;187.65;189.11;203.63;205.13;203.77;200.74;205.69;206.06;210.14;206.62;202.27;199.89;198.88;198.03;196.95;192.53;193.96;194.81;193.87;194.34;196.36;196.01;197.02;192.13;190.64;194.23;204.21;198.72;195.83;188.55;191.89;190.07;190.07;189.04;190.08;185.85;189.62;193.04;192.10;195.41;191.42;192.89;199.48;203.70;203.00;201.36;196.96;192.80;202.29;209.03;211.09;214.85;211.52;208.05;207.35;201.77;210.68;206.84;227.90;231.84;235.22;233.01,HALAL,"Business activity permissible — debt ratio not verified, cross-check Musaffa/Zoya",
EXAS,MEDICAL,MEDICAL-SERVICES,,,,,HALAL,"Business activity permissible — debt ratio not verified, cross-check Musaffa/Zoya",
DVA,MEDICAL,MEDICAL-SERVICES,96,240.08999633789062,1.2205881450135325,105.61;107.24;111.19;142.06;140.83;139.28;149.97;150.41;147.34;151.28;149.51;156.30;152.27;149.94;152.56;154.81;150.72;149.98;149.76;152.21;155.11;154.43;153.69;145.58;149.70;150.68;151.56;144.57;147.91;149.90;155.03;150.05;151.99;151.65;157.04;196.26;198.93;198.10;199.74;194.61;198.66;195.57;197.10;189.81;195.03;192.16;198.19;203.83;209.75;210.58;209.68;213.04;217.04;222.48;234.91;234.31;229.48;235.58;231.61;236.97;237.28;234.27;236.31;240.96;240.09,HALAL,"Business activity permissible — debt ratio not verified, cross-check Musaffa/Zoya",
FMS,MEDICAL,MEDICAL-SERVICES,55,25.65999984741211,0.21228709870315532,21.55;21.65;21.72;22.89;23.15;23.09;23.51;23.64;23.18;23.64;21.77;22.55;22.46;22.16;22.50;21.87;21.91;22.26;21.25;21.05;21.40;21.21;21.69;21.54;21.87;22.69;22.80;21.95;22.50;22.06;21.86;21.74;21.30;21.62;19.41;20.81;20.92;20.56;20.76;21.24;21.63;21.58;21.63;21.04;20.90;22.03;22.35;22.37;23.45;23.57;23.39;23.85;23.24;22.61;23.53;24.20;23.91;24.45;24.06;24.11;24.68;24.44;24.87;24.86;25.66,HALAL,"Business activity permissible — debt ratio not verified, cross-check Musaffa/Zoya",
AGL,MEDICAL,MEDICAL-SERVICES,99,91.61000061035156,2.6976791935783746,21.35;21.55;20.70;17.23;16.20;11.27;9.07;8.85;10.10;10.85;12.50;14.73;14.18;16.62;15.00;15.93;15.00;15.35;11.80;11.00;10.68;9.90;7.91;10.74;16.59;19.84;21.63;26.88;30.05;24.48;26.32;25.32;27.89;29.58;26.74;60.66;59.61;72.01;81.73;88.20;80.57;85.27;90.37;92.54;82.70;96.85;102.16;116.16;114.34;104.67;113.11;106.96;119.25;107.18;111.01;107.47;115.67;115.85;124.29;129.84;125.78;100.27;98.43;92.66;91.61,HALAL,"Business activity permissible — debt ratio not verified, cross-check Musaffa/Zoya",
OSCR,MEDICAL,MEDICAL-SERVICES,96,31.219999313354492,0.9910713460285547,14.88;14.93;14.00;13.22;12.24;12.88;13.71;13.39;13.73;12.45;12.95;13.64;13.67;14.39;13.96;13.40;13.23;13.51;13.30;12.21;12.21;11.14;11.47;11.92;12.97;14.54;15.48;15.59;15.79;16.17;16.43;17.18;17.93;18.49;17.94;20.87;22.00;23.62;23.32;24.52;22.14;21.89;22.33;22.97;20.50;24.51;27.22;28.91;29.14;28.27;28.54;29.16;29.79;28.52;32.18;31.12;31.20;31.60;30.61;29.10;30.77;28.92;28.34;30.57;31.22,HALAL,"Business activity permissible — debt ratio not verified, cross-check Musaffa/Zoya",
BDX,MEDICAL,MEDICAL-SUPPLIES,57,165.6199951171875,0.05807376871795533,157.78;155.99;156.62;161.25;162.91;169.40;175.44;175.02;180.04;181.89;178.55;174.13;171.89;167.68;163.26;162.03;158.24;160.51;155.43;155.14;157.16;153.43;156.13;153.43;153.88;154.37;154.34;154.43;157.43;155.59;153.77;149.17;144.29;148.26;143.16;152.19;142.15;143.17;142.47;145.92;145.23;146.72;147.37;144.31;144.59;150.10;152.04;147.35;145.52;141.61;140.71;147.77;155.92;151.33;158.08;156.30;150.85;153.83;154.88;158.17;153.84;152.97;158.92;168.40;165.62,HALAL,"Business activity permissible — debt ratio not verified, cross-check Musaffa/Zoya",
DHR,MEDICAL,MEDICAL-SUPPLIES,33,194.97999572753906,-0.16683973357042392,234.76;218.70;222.48;218.61;215.70;218.83;214.04;205.49;210.36;210.04;208.64;209.76;203.15;201.15;197.97;194.24;186.53;194.39;189.31;189.20;186.37;181.14;189.21;190.72;190.61;192.59;195.46;197.73;194.35;194.14;178.20;180.25;178.43;174.79;174.27;175.30;166.18;165.65;161.57;166.69;172.97;172.45;180.26;179.50;177.71;183.92;188.02;180.42;180.73;177.39;177.82;188.48;196.19;190.48;197.93;194.19;195.98;200.16;200.79;203.83;179.01;192.50;196.50;196.49;194.98,HALAL,"Business activity permissible — debt ratio not verified, cross-check Musaffa/Zoya",
WAT,MEDICAL,MEDICAL-SUPPLIES,65,377.30999755859375,-0.038235069443418035,390.09;375.18;379.31;384.33;381.29;327.02;319.83;321.43;328.66;327.78;319.44;319.38;312.14;315.59;305.67;297.54;286.57;296.99;299.57;301.81;302.32;289.16;297.80;304.24;307.38;317.65;324.68;326.20;327.77;335.23;311.20;299.79;292.13;307.12;342.75;350.49;348.07;334.93;329.22;333.26;340.99;338.64;366.67;378.16;379.77;365.36;371.15;359.74;357.76;357.00;358.25;369.18;374.41;375.04;379.29;374.93;377.13;373.22;374.92;368.98;367.55;382.41;371.20;379.48;377.31,HALAL,"Business activity permissible — debt ratio not verified, cross-check Musaffa/Zoya",
WST,MEDICAL,MEDICAL-SUPPLIES,83,340.9599914550781,0.44406498551388873,239.97;232.32;237.17;236.72;248.60;243.22;243.27;242.85;243.49;243.88;247.53;253.98;251.03;244.01;247.71;237.92;235.13;239.08;239.99;241.06;246.67;243.01;250.29;254.44;258.99;258.18;259.59;266.13;273.35;274.33;309.26;301.78;295.17;300.48;309.77;321.80;322.09;302.20;302.69;303.73;315.92;315.96;321.59;316.09;316.10;314.29;334.44;330.12;331.21;323.38;329.49;340.19;350.62;358.77;365.50;355.85;357.43;359.47;358.77;358.01;359.01;355.25;331.03;337.46;340.96,HALAL,"Business activity permissible — debt ratio not verified, cross-check Musaffa/Zoya",
AVTR,MEDICAL,MEDICAL-SUPPLIES,82,13.779999732971191,0.16779656866370107,11.65;10.81;11.07;11.14;11.26;11.16;9.14;9.05;9.21;8.89;9.06;9.05;8.78;8.52;8.15;8.29;7.93;7.80;7.61;7.59;7.69;7.41;7.84;7.90;8.00;7.92;8.18;8.37;8.52;8.53;7.76;7.97;7.85;7.96;8.05;8.31;7.97;7.87;7.62;7.64;7.87;8.14;9.15;9.19;9.07;9.16;9.91;9.66;9.71;9.46;9.35;9.69;10.28;9.90;10.32;10.20;10.51;10.56;11.20;11.07;10.99;11.35;11.76;14.38;13.78,HALAL,"Business activity permissible — debt ratio not verified, cross-check Musaffa/Zoya",
PKI,MEDICAL,MEDICAL-SUPPLIES,,,,,HALAL,"Business activity permissible — debt ratio not verified, cross-check Musaffa/Zoya",
ALC,MEDICAL,MEDICAL-SUPPLIES,17,68.94000244140625,-0.1371586798106813,80.48;80.75;78.99;78.67;78.45;80.09;78.17;80.33;82.81;82.45;85.85;86.76;82.68;82.12;81.45;80.38;76.94;77.40;74.64;73.78;74.89;72.98;74.98;74.20;74.31;77.02;79.35;80.34;80.92;77.44;75.49;75.64;72.46;73.73;74.45;63.88;62.02;63.44;63.64;66.28;67.93;67.70;65.66;65.70;64.22;66.81;67.90;66.51;66.29;64.14;65.18;67.93;67.80;67.10;69.66;66.87;67.14;69.00;68.50;70.26;67.35;67.21;67.28;69.65;68.94,HALAL,"Business activity permissible — debt ratio not verified, cross-check Musaffa/Zoya",
COO,MEDICAL,MEDICAL-SUPPLIES,39,72.31999969482422,-0.11034568974878367,80.70;80.37;80.65;80.92;82.10;81.57;81.70;81.94;83.68;82.94;83.47;83.67;83.37;80.20;75.82;73.75;69.92;72.05;70.71;70.24;71.45;69.77;71.50;70.17;69.66;71.46;71.70;70.29;70.06;67.30;64.95;64.34;61.34;62.36;61.25;61.11;58.98;59.47;59.61;61.45;62.85;62.03;61.04;60.19;60.34;67.34;68.62;67.51;67.76;65.05;65.42;68.83;71.02;71.71;74.20;71.89;71.02;71.32;70.60;71.71;71.01;70.23;70.29;73.06;72.32,HALAL,"Business activity permissible — debt ratio not verified, cross-check Musaffa/Zoya",
HOLX,MEDICAL,MEDICAL-SUPPLIES,,,,,HALAL,"Business activity permissible — debt ratio not verified, cross-check Musaffa/Zoya",
VAR,MEDICAL,MEDICAL-SUPPLIES,,,,,HALAL,"Business activity permissible — debt ratio not verified, cross-check Musaffa/Zoya",
ISRG,MEDICAL,MEDICAL-SYSTEMS/EQUIPMENT,7,353.3299865722656,-0.32569325147943196,525.04;507.55;496.73;478.49;488.15;495.15;478.60;493.35;499.53;492.10;506.17;503.51;497.42;496.70;493.56;492.87;472.16;482.76;479.93;478.04;469.98;452.66;460.99;452.07;452.95;454.94;458.96;468.36;469.21;451.29;478.82;470.99;453.83;457.78;451.38;453.49;420.06;432.27;421.12;441.58;439.80;436.64;423.63;412.26;407.29;422.06;426.61;412.90;416.55;402.18;402.95;401.83;404.70;397.68;426.01;427.30;411.55;407.12;388.97;345.42;350.06;332.02;356.83;353.10;353.33,HALAL,"Business activity permissible — debt ratio not verified, cross-check Musaffa/Zoya",
MDT,MEDICAL,MEDICAL-SYSTEMS/EQUIPMENT,28,85.38999938964844,-0.13893826544833232,98.98;99.29;100.97;100.11;101.15;99.70;99.17;94.77;95.92;96.94;95.01;96.00;95.07;91.43;89.79;87.46;85.66;86.94;85.40;85.69;86.40;86.36;85.88;85.86;85.65;87.12;87.21;86.32;85.42;81.27;83.04;82.18;78.66;79.28;77.09;77.26;73.87;75.53;75.47;77.88;77.45;76.91;74.89;73.32;77.25;80.94;81.25;79.61;79.66;77.44;78.56;79.41;80.98;78.23;83.19;83.83;82.39;83.57;80.47;83.20;82.35;82.01;84.22;87.54;85.39,HALAL,"Business activity permissible — debt ratio not verified, cross-check Musaffa/Zoya",
BSX,MEDICAL,MEDICAL-SYSTEMS/EQUIPMENT,3,46.72999954223633,-0.49486543656737125,93.61;92.33;91.87;75.50;76.27;74.25;74.12;76.29;75.72;74.37;73.48;76.85;73.85;72.99;71.90;69.63;69.13;71.20;69.89;69.54;69.78;69.17;62.75;62.82;61.86;61.28;63.18;64.61;64.23;59.52;65.69;59.95;57.15;56.50;55.98;56.57;53.37;53.06;52.68;56.81;57.15;57.64;49.11;47.98;47.69;48.55;48.96;47.17;46.76;44.95;44.33;44.46;44.23;42.68;45.14;45.30;44.99;44.65;43.04;44.03;43.19;43.58;45.51;46.04;46.73,HALAL,"Business activity permissible — debt ratio not verified, cross-check Musaffa/Zoya",
PHG,MEDICAL,MEDICAL-SYSTEMS/EQUIPMENT,34,26.299999237060547,-0.07058481118320015,28.41;28.15;27.82;28.37;28.36;31.68;30.23;30.05;29.80;30.05;30.31;30.80;29.20;28.55;28.32;27.73;26.75;27.24;25.85;25.80;26.41;25.78;26.37;26.09;26.00;27.07;27.48;28.00;28.59;27.41;26.59;26.51;24.62;25.18;25.46;26.14;25.73;25.63;25.23;26.05;27.15;26.94;26.45;26.08;25.35;26.11;26.50;26.11;26.69;26.24;26.98;26.73;27.10;27.19;27.74;28.23;27.26;27.34;27.02;26.95;26.58;26.03;25.02;26.10;26.30,HALAL,"Business activity permissible — debt ratio not verified, cross-check Musaffa/Zoya",
GEHC,MEDICAL,MEDICAL-SYSTEMS/EQUIPMENT,22,68.0199966430664,-0.14640167174934327,80.24;78.70;80.03;82.54;80.57;79.14;78.57;81.52;82.92;83.77;83.94;84.18;78.05;77.03;75.55;72.57;70.70;72.26;70.31;71.57;72.12;69.16;71.11;70.31;69.69;72.87;73.79;73.47;74.62;72.22;69.85;70.44;59.45;61.00;61.01;61.31;61.67;61.86;60.73;61.55;64.29;64.14;62.82;62.65;61.99;64.63;65.97;64.47;64.72;61.12;60.61;64.84;65.72;63.97;65.53;64.85;64.66;65.27;63.16;63.03;62.00;61.96;61.12;71.90;68.02,HALAL,"Business activity permissible — debt ratio not verified, cross-check Musaffa/Zoya",
HOLX,MEDICAL,MEDICAL-SYSTEMS/EQUIPMENT,,,,,HALAL,"Business activity permissible — debt ratio not verified, cross-check Musaffa/Zoya",
PEN,MEDICAL,MEDICAL-SYSTEMS/EQUIPMENT,54,321.19000244140625,-0.10596784025323325,359.40;357.00;356.99;339.92;341.02;338.97;338.72;341.03;340.68;339.20;338.67;344.39;340.16;340.62;339.61;336.11;336.18;338.00;337.35;335.56;336.27;335.10;328.37;330.36;329.96;329.52;331.48;332.42;332.13;327.00;333.00;327.98;324.82;325.33;323.86;324.65;321.71;322.59;322.32;326.55;327.89;328.20;318.95;318.95;319.37;320.53;321.06;318.32;318.21;316.16;316.20;316.36;316.63;315.75;318.57;318.31;317.95;318.94;316.73;318.32;317.39;317.90;319.49;320.13;321.19,HALAL,"Business activity permissible — debt ratio not verified, cross-check Musaffa/Zoya",
NVCR,MEDICAL,MEDICAL-SYSTEMS/EQUIPMENT,53,14.84000015258789,0.10334575189846773,13.05;12.38;12.19;11.56;10.14;10.47;12.53;11.13;11.39;10.98;14.99;13.67;13.30;14.23;12.91;12.62;12.06;12.35;12.15;11.82;11.61;10.97;10.90;10.55;10.35;11.00;10.72;12.17;12.83;12.23;12.59;12.48;11.93;16.62;15.88;16.83;18.10;18.10;17.58;17.01;17.90;18.26;17.25;16.56;16.15;17.16;17.24;17.71;17.60;17.85;13.61;14.72;15.43;15.15;17.20;17.72;17.29;16.09;16.03;15.92;16.00;19.99;17.03;15.20;14.84,HALAL,"Business activity permissible — debt ratio not verified, cross-check Musaffa/Zoya",
SILK,MEDICAL,MEDICAL-SYSTEMS/EQUIPMENT,,,,,HALAL,"Business activity permissible — debt ratio not verified, cross-check Musaffa/Zoya",
SHC,MEDICAL,MEDICAL-SYSTEMS/EQUIPMENT,67,17.860000610351562,-0.03511613238751099,18.58;18.32;18.30;17.85;17.75;17.46;16.97;17.09;17.40;17.49;16.16;16.25;15.70;15.06;14.57;13.92;13.41;13.85;13.56;13.88;13.70;13.13;14.34;14.96;14.64;15.28;15.70;16.03;16.30;15.97;15.33;15.81;15.45;15.50;15.33;15.67;15.43;15.48;15.27;15.23;15.71;15.96;15.75;15.54;15.27;15.62;16.53;16.39;16.23;15.46;15.74;16.69;17.38;17.75;17.93;18.02;18.39;18.17;18.15;17.75;17.40;17.49;17.24;17.53;17.86,HALAL,"Business activity permissible — debt ratio not verified, cross-check Musaffa/Zoya",
FCX,METALS,METAL ORES-DIVERSIFIED,71,62.630001068115234,0.04155372067551588,62.58;64.83;60.48;61.57;60.39;62.97;61.75;60.81;62.28;65.25;68.50;67.77;65.27;62.37;60.21;61.26;56.12;57.82;53.37;54.69;56.83;55.98;58.51;61.10;60.48;66.14;67.72;68.53;70.04;67.41;61.33;60.42;56.79;56.41;57.54;60.46;64.21;67.00;62.86;58.56;62.16;64.20;65.71;66.88;70.47;63.22;64.09;66.18;69.96;68.89;69.04;61.69;62.30;62.74;60.82;59.19;60.38;59.82;60.97;58.38;62.56;63.50;62.72;59.99;62.63,HALAL,"Business activity permissible — debt ratio not verified, cross-check Musaffa/Zoya",
BHP,METALS,METAL ORES-DIVERSIFIED,82,84.48999786376953,0.2759747618091295,69.13;70.78;68.05;70.83;68.30;70.95;71.35;72.86;73.62;76.50;80.10;79.99;76.82;74.14;72.89;73.35;68.74;70.48;67.37;68.21;70.01;69.50;72.74;73.24;73.31;77.23;78.10;79.47;80.45;77.69;79.84;79.84;77.06;79.06;79.24;82.55;87.65;90.81;84.40;81.87;84.94;86.49;87.80;91.22;90.85;82.72;84.73;88.00;92.13;90.36;85.78;80.72;81.02;83.31;83.33;80.23;79.91;81.37;85.48;80.64;83.45;83.65;83.93;83.11;84.49,HALAL,"Business activity permissible — debt ratio not verified, cross-check Musaffa/Zoya",
RIO,METALS,METAL ORES-DIVERSIFIED,,,,,HALAL,"Business activity permissible — debt ratio not verified, cross-check Musaffa/Zoya",
VALE,METALS,METAL ORES-DIVERSIFIED,62,15.0600004196167,-0.0692212524372331,16.44;16.94;16.14;17.03;16.30;16.74;17.04;15.90;16.10;16.92;17.53;17.18;15.97;15.42;15.33;15.34;14.68;15.10;14.63;14.79;15.14;15.03;15.91;16.19;16.18;16.65;17.45;17.62;17.78;17.45;17.14;17.07;15.85;16.18;15.93;16.19;17.07;16.84;16.32;16.01;16.47;16.50;16.55;16.30;16.06;15.23;15.14;15.36;16.00;15.53;15.71;14.84;15.07;15.04;14.99;14.69;14.22;14.18;14.67;14.19;14.25;14.83;14.78;14.65;15.06,HALAL,"Business activity permissible — debt ratio not verified, cross-check Musaffa/Zoya",
TECK,METALS,METAL ORES-DIVERSIFIED,74,60.2400016784668,0.1399732728218006,56.26;58.13;54.39;55.72;54.84;58.16;58.39;57.70;59.10;58.93;61.24;58.70;55.29;53.30;50.79;53.10;49.46;49.89;47.29;48.15;50.29;48.47;51.68;52.76;52.47;54.58;57.32;58.20;59.30;56.63;60.67;60.14;56.16;57.87;57.72;60.68;65.20;66.75;61.27;59.30;62.91;65.12;66.00;67.76;67.14;61.59;61.82;63.51;66.16;65.76;63.54;57.70;58.22;59.46;60.01;58.37;59.23;58.47;57.95;55.05;56.83;59.85;59.75;57.48;60.24,HALAL,"Business activity permissible — debt ratio not verified, cross-check Musaffa/Zoya",
SCCO,METALS,METAL ORES-DIVERSIFIED,82,182.7100067138672,0.01948189665910416,189.47;202.20;187.48;190.57;194.52;195.90;194.87;185.17;191.15;203.93;211.96;215.01;203.12;188.98;187.77;189.13;168.26;174.35;157.40;157.19;163.00;159.63;169.47;175.15;171.35;185.22;193.42;186.45;191.39;180.77;179.50;175.44;165.89;168.60;168.45;176.84;182.44;191.89;176.78;169.00;179.12;189.88;194.88;194.62;196.59;172.97;175.17;182.16;193.22;191.68;189.91;171.84;171.26;174.26;172.01;169.75;174.43;174.53;181.54;172.48;188.01;182.22;179.32;175.47;182.71,HALAL,"Business activity permissible — debt ratio not verified, cross-check Musaffa/Zoya",
FNV,METALS,METAL ORES-DIVERSIFIED,37,212.9199981689453,-0.16432348796027063,260.94;260.78;232.11;237.66;231.21;254.05;238.52;248.79;254.00;269.86;274.68;279.55;261.42;254.39;262.03;264.72;251.34;254.33;230.56;226.37;233.18;233.46;246.53;257.20;260.68;259.62;259.48;256.29;261.95;246.98;243.52;240.50;228.03;225.96;224.59;227.57;237.10;240.28;224.90;222.27;225.36;228.71;225.08;227.70;228.64;218.28;211.71;207.91;222.35;226.93;220.73;209.76;215.14;208.44;217.58;209.60;208.09;200.49;202.55;200.77;207.40;214.22;214.43;214.37;212.92,HALAL,"Business activity permissible — debt ratio not verified, cross-check Musaffa/Zoya",
WPM,METALS,METAL ORES-DIVERSIFIED,24,109.02999877929688,-0.25173873546035974,148.92;152.23;131.80;139.80;135.56;144.16;138.74;141.89;144.89;155.38;156.95;163.15;150.88;147.38;147.50;148.21;139.44;136.77;120.88;119.51;122.26;124.32;130.81;135.36;135.77;140.68;144.61;147.39;152.15;141.60;141.34;136.31;124.70;125.65;125.05;131.36;143.58;142.01;130.21;123.95;127.05;130.07;130.07;128.82;124.95;116.23;112.58;112.66;123.94;125.85;121.72;112.79;113.32;112.32;115.73;111.89;110.65;107.83;108.53;104.18;109.96;110.03;112.01;109.46;109.03,HALAL,"Business activity permissible — debt ratio not verified, cross-check Musaffa/Zoya",
NEM,METALS,METAL ORES-GOLD,37,93.70999908447266,-0.2428694527131705,126.45;126.38;112.36;116.34;114.82;121.00;117.61;121.78;124.86;123.71;124.31;129.44;118.24;115.82;116.69;115.94;109.32;110.78;98.97;97.91;101.28;101.86;108.00;113.78;114.38;118.73;116.23;112.78;116.23;109.05;110.80;115.81;107.36;108.37;108.76;113.23;120.39;118.68;108.81;104.85;108.08;111.35;108.23;108.19;107.47;99.71;98.54;97.59;105.80;105.67;101.80;94.04;96.13;93.40;97.04;95.06;94.81;93.10;95.21;89.70;92.49;94.72;93.47;91.34;93.71,HALAL,"Business activity permissible — debt ratio not verified, cross-check Musaffa/Zoya",
GOLD,METALS,METAL ORES-GOLD,73,41.36000061035156,-0.03243526061695001,50.72;53.08;50.86;51.05;54.85;62.06;57.21;58.20;58.18;56.69;55.90;57.18;56.10;54.32;49.85;50.22;47.23;47.65;43.75;43.68;42.91;39.22;39.88;41.06;43.25;43.90;43.74;44.76;47.94;45.57;46.66;46.97;44.94;42.42;42.71;43.29;43.16;41.09;38.53;39.48;41.78;43.13;42.83;39.58;39.23;39.62;41.89;43.29;43.66;42.71;41.81;41.32;41.92;41.61;43.99;43.35;41.71;38.04;39.56;38.31;39.94;39.53;41.11;40.15;41.36,HALAL,"Business activity permissible — debt ratio not verified, cross-check Musaffa/Zoya",
AEM,METALS,METAL ORES-GOLD,14,145.27000427246094,-0.31999279738054354,215.24;214.60;190.01;197.70;195.77;210.99;204.34;212.06;223.52;239.47;239.53;250.53;233.94;220.95;224.20;222.26;207.03;208.94;184.33;183.59;191.60;192.92;202.48;208.03;209.10;215.91;216.85;213.87;219.56;202.59;198.47;197.64;183.11;183.11;177.70;187.31;196.36;195.49;179.89;172.97;177.31;180.13;177.53;176.57;171.65;163.66;159.93;157.76;171.80;172.99;166.85;153.46;157.23;155.13;153.86;150.33;149.03;143.51;142.23;136.97;141.62;144.51;145.96;144.43;145.27,HALAL,"Business activity permissible — debt ratio not verified, cross-check Musaffa/Zoya",
KGC,METALS,METAL ORES-GOLD,20,23.100000381469727,-0.3767334925929853,37.77;36.50;31.50;32.89;32.01;34.22;32.28;33.47;33.36;35.44;35.95;36.89;33.71;32.65;32.43;32.51;30.53;30.96;27.38;27.77;28.98;28.70;30.48;31.47;31.58;32.79;33.53;33.34;34.89;32.02;32.08;32.10;29.82;29.51;28.77;30.38;31.77;31.23;28.34;27.40;28.68;29.49;29.29;29.14;28.17;26.22;25.27;24.86;27.34;27.28;26.30;23.70;24.26;23.62;24.71;23.88;24.20;23.48;23.66;22.57;23.41;23.67;23.92;23.21;23.10,HALAL,"Business activity permissible — debt ratio not verified, cross-check Musaffa/Zoya",
AU,METALS,METAL ORES-GOLD,47,79.31999969482422,-0.23173429078437124,106.34;103.98;92.16;98.01;101.00;105.53;101.76;103.16;104.58;117.68;120.97;124.15;111.66;104.83;105.81;103.26;93.75;95.04;84.66;84.57;88.47;88.10;96.19;100.00;99.86;107.24;107.81;103.21;107.84;99.24;95.59;97.05;89.38;91.64;89.81;99.02;107.04;101.14;91.13;88.26;90.74;96.32;95.15;92.08;89.85;84.12;84.43;83.18;92.29;90.92;86.23;78.59;81.62;80.89;84.65;82.08;81.91;79.76;79.14;76.76;78.50;78.42;80.48;77.87;79.32,HALAL,"Business activity permissible — debt ratio not verified, cross-check Musaffa/Zoya",
GFI,METALS,METAL ORES-GOLD,13,32.41999816894531,-0.37308754334006744,54.85;56.95;48.54;51.05;52.00;54.26;50.67;50.01;51.34;55.37;56.53;57.17;49.76;48.68;50.65;49.16;45.54;46.41;40.75;40.89;42.27;42.34;45.40;47.58;46.12;48.83;48.96;47.39;49.96;45.57;43.96;44.99;41.49;42.08;41.75;44.92;46.14;44.78;40.27;39.20;40.07;41.15;40.23;38.01;37.94;36.62;35.49;35.90;39.59;38.89;34.63;31.88;33.53;33.59;35.46;33.59;34.04;33.53;32.99;31.99;32.29;32.28;32.91;32.24;32.42,HALAL,"Business activity permissible — debt ratio not verified, cross-check Musaffa/Zoya",
EGO,METALS,METAL ORES-GOLD,,,,,HALAL,"Business activity permissible — debt ratio not verified, cross-check Musaffa/Zoya",
HMY,METALS,METAL ORES-GOLD,22,15.75,-0.31543725979786774,23.70;24.04;20.53;20.82;19.99;20.88;19.34;19.42;19.89;21.41;21.13;22.32;20.22;19.18;18.64;16.55;14.84;15.57;13.39;13.81;14.28;14.07;15.08;15.80;15.54;16.40;16.24;16.54;18.32;16.92;16.22;16.46;15.06;15.61;15.58;17.59;18.13;17.55;15.71;16.37;17.19;18.03;18.26;17.61;17.12;15.71;15.02;15.21;17.52;17.10;16.14;14.59;15.53;15.21;16.09;15.40;15.02;14.99;15.15;14.65;15.33;15.49;15.87;15.53;15.75,HALAL,"Business activity permissible — debt ratio not verified, cross-check Musaffa/Zoya",
BTG,METALS,METAL ORES-GOLD,13,3.75,-0.2848254855127126,5.48;5.50;4.85;5.01;5.02;5.57;4.98;5.20;5.07;5.69;6.15;6.11;5.44;5.16;5.24;5.22;4.83;4.82;4.19;4.06;4.17;4.23;4.51;4.71;4.72;4.86;4.84;4.90;4.98;4.70;4.93;4.52;4.29;4.34;4.22;4.93;5.36;5.33;4.88;4.60;4.61;4.68;4.58;4.64;4.53;4.16;4.00;4.09;4.47;4.41;4.20;3.89;3.94;3.74;4.08;3.94;3.86;3.78;3.80;3.67;3.82;3.84;3.87;3.74;3.75,HALAL,"Business activity permissible — debt ratio not verified, cross-check Musaffa/Zoya",
OR,METALS,METAL ORES-GOLD,11,29.760000228881836,-0.33922098533876954,45.85;45.55;38.58;40.92;39.89;42.79;40.20;42.16;41.78;44.57;45.66;47.22;43.93;42.89;43.26;42.83;40.19;39.61;34.48;34.24;34.65;35.10;37.94;40.19;40.04;39.57;39.39;40.05;42.53;39.46;39.96;38.81;36.43;36.65;36.02;37.40;39.72;39.12;36.35;35.42;35.50;36.83;35.80;35.88;35.24;33.80;32.97;32.67;36.09;35.99;33.82;31.35;32.18;31.63;31.44;30.11;29.75;28.73;28.80;28.30;29.22;29.05;29.54;29.49;29.76,HALAL,"Business activity permissible — debt ratio not verified, cross-check Musaffa/Zoya",
FCX,METALS,METAL ORES-NON-FERROUS,71,62.630001068115234,0.04155372067551588,62.58;64.83;60.48;61.57;60.39;62.97;61.75;60.81;62.28;65.25;68.50;67.77;65.27;62.37;60.21;61.26;56.12;57.82;53.37;54.69;56.83;55.98;58.51;61.10;60.48;66.14;67.72;68.53;70.04;67.41;61.33;60.42;56.79;56.41;57.54;60.46;64.21;67.00;62.86;58.56;62.16;64.20;65.71;66.88;70.47;63.22;64.09;66.18;69.96;68.89;69.04;61.69;62.30;62.74;60.82;59.19;60.38;59.82;60.97;58.38;62.56;63.50;62.72;59.99;62.63,HALAL,"Business activity permissible — debt ratio not verified, cross-check Musaffa/Zoya",
SCCO,METALS,METAL ORES-NON-FERROUS,82,182.7100067138672,0.01948189665910416,189.47;202.20;187.48;190.57;194.52;195.90;194.87;185.17;191.15;203.93;211.96;215.01;203.12;188.98;187.77;189.13;168.26;174.35;157.40;157.19;163.00;159.63;169.47;175.15;171.35;185.22;193.42;186.45;191.39;180.77;179.50;175.44;165.89;168.60;168.45;176.84;182.44;191.89;176.78;169.00;179.12;189.88;194.88;194.62;196.59;172.97;175.17;182.16;193.22;191.68;189.91;171.84;171.26;174.26;172.01;169.75;174.43;174.53;181.54;172.48;188.01;182.22;179.32;175.47;182.71,HALAL,"Business activity permissible — debt ratio not verified, cross-check Musaffa/Zoya",
TECK,METALS,METAL ORES-NON-FERROUS,74,60.2400016784668,0.1399732728218006,56.26;58.13;54.39;55.72;54.84;58.16;58.39;57.70;59.10;58.93;61.24;58.70;55.29;53.30;50.79;53.10;49.46;49.89;47.29;48.15;50.29;48.47;51.68;52.76;52.47;54.58;57.32;58.20;59.30;56.63;60.67;60.14;56.16;57.87;57.72;60.68;65.20;66.75;61.27;59.30;62.91;65.12;66.00;67.76;67.14;61.59;61.82;63.51;66.16;65.76;63.54;57.70;58.22;59.46;60.01;58.37;59.23;58.47;57.95;55.05;56.83;59.85;59.75;57.48;60.24,HALAL,"Business activity permissible — debt ratio not verified, cross-check Musaffa/Zoya",
AA,METALS,METAL ORES-NON-FERROUS,28,45.2599983215332,-0.2701065498637367,59.47;60.44;58.02;57.97;58.97;61.56;60.31;57.28;59.50;59.62;64.69;61.88;63.63;60.18;60.96;66.25;63.49;65.32;58.56;55.99;58.61;58.32;66.22;71.42;72.84;73.15;73.19;70.27;65.52;67.04;65.27;67.25;62.36;62.53;62.96;62.54;65.24;68.33;62.43;63.93;66.27;74.57;75.58;77.76;80.86;71.89;72.41;68.98;64.16;61.73;58.35;52.30;54.10;52.14;48.68;49.01;48.72;48.72;48.58;43.98;44.35;45.27;44.08;42.88;45.26,HALAL,"Business activity permissible — debt ratio not verified, cross-check Musaffa/Zoya",
CENX,METALS,METAL ORES-NON-FERROUS,67,44.77000045776367,-0.08088685487093228,47.82;48.93;47.32;47.53;52.40;51.96;49.70;48.89;52.50;51.84;53.02;51.56;52.92;53.90;54.45;58.07;54.73;56.49;49.65;46.48;50.19;49.65;58.69;62.57;66.03;66.31;67.94;64.09;62.24;61.40;59.87;61.63;58.98;58.98;62.28;60.58;60.18;64.34;56.82;58.44;60.46;66.88;67.53;63.91;67.04;60.12;60.91;60.94;54.55;54.31;49.53;44.50;46.33;46.01;43.76;45.28;45.11;45.41;43.94;41.50;44.80;46.36;44.87;42.66;44.77,HALAL,"Business activity permissible — debt ratio not verified, cross-check Musaffa/Zoya",
WPM,METALS,METAL ORES-SILVER,24,109.02999877929688,-0.25173873546035974,148.92;152.23;131.80;139.80;135.56;144.16;138.74;141.89;144.89;155.38;156.95;163.15;150.88;147.38;147.50;148.21;139.44;136.77;120.88;119.51;122.26;124.32;130.81;135.36;135.77;140.68;144.61;147.39;152.15;141.60;141.34;136.31;124.70;125.65;125.05;131.36;143.58;142.01;130.21;123.95;127.05;130.07;130.07;128.82;124.95;116.23;112.58;112.66;123.94;125.85;121.72;112.79;113.32;112.32;115.73;111.89;110.65;107.83;108.53;104.18;109.96;110.03;112.01;109.46;109.03,HALAL,"Business activity permissible — debt ratio not verified, cross-check Musaffa/Zoya",
PAAS,METALS,METAL ORES-SILVER,32,43.11000061035156,-0.32767937340182207,63.93;62.92;53.32;57.17;54.89;58.94;54.27;55.76;60.85;64.80;63.92;68.30;61.39;59.75;60.36;60.63;55.94;55.63;48.18;48.98;51.29;51.53;54.45;55.59;56.02;56.66;57.08;57.15;58.87;55.43;54.94;55.05;51.11;51.64;50.36;57.62;62.09;63.45;56.22;52.87;54.80;55.35;55.16;55.50;52.59;47.58;46.13;46.53;50.97;50.46;48.91;44.39;45.45;44.79;46.29;44.16;44.12;42.70;43.57;41.77;44.43;44.19;44.13;42.55;43.11,HALAL,"Business activity permissible — debt ratio not verified, cross-check Musaffa/Zoya",
AG,METALS,METAL ORES-SILVER,34,15.029999732971191,-0.40851125300415136,25.69;25.14;20.38;22.40;21.96;23.76;21.56;21.52;24.75;28.57;29.38;31.98;28.34;26.25;26.12;25.69;22.54;21.72;18.93;19.18;20.76;20.66;21.46;21.82;21.24;20.57;20.76;21.14;21.47;20.06;20.23;20.46;18.93;19.83;19.08;21.35;23.56;23.96;20.40;18.78;19.90;20.28;20.58;20.83;19.77;16.99;16.54;16.92;18.90;18.55;17.72;16.06;16.89;16.96;17.82;16.45;17.16;16.40;16.84;15.81;16.87;16.45;16.22;15.22;15.03,HALAL,"Business activity permissible — debt ratio not verified, cross-check Musaffa/Zoya",
HL,METALS,METAL ORES-SILVER,50,14.119999885559082,-0.5559246812103434,28.30;26.31;21.54;23.10;22.76;22.97;20.88;21.23;22.78;23.98;23.30;24.90;21.69;20.79;21.08;21.15;19.61;19.62;17.61;17.81;18.36;17.93;18.63;19.18;19.35;19.30;19.27;19.12;19.54;18.09;18.43;18.62;17.47;18.06;17.05;18.07;20.67;21.05;17.64;16.36;17.30;17.58;17.59;17.54;16.67;14.78;14.51;14.99;16.66;16.06;15.98;14.52;15.54;15.43;16.33;15.56;15.79;15.25;15.46;14.33;15.29;15.32;15.19;14.15;14.12,HALAL,"Business activity permissible — debt ratio not verified, cross-check Musaffa/Zoya",
CDE,METALS,METAL ORES-SILVER,21,14.90999984741211,-0.42831318714871247,25.68;24.54;20.30;20.73;21.42;22.81;20.92;21.79;24.03;24.40;24.56;27.12;24.09;22.60;22.67;22.34;20.17;21.02;18.25;17.87;17.82;17.11;18.75;19.07;18.98;19.70;20.29;19.65;20.36;18.42;18.84;18.86;17.31;17.63;17.11;18.10;19.78;19.72;17.59;16.74;17.81;18.37;18.59;19.32;18.15;16.37;16.09;16.40;18.66;17.53;17.47;15.47;16.02;16.32;17.30;16.04;16.02;15.59;15.91;14.35;15.30;15.24;15.36;14.63;14.91,HALAL,"Business activity permissible — debt ratio not verified, cross-check Musaffa/Zoya",
ASM,METALS,METAL ORES-SILVER,20,5.329999923706055,-0.4299465554815055,10.36;11.02;9.47;10.38;10.15;10.36;9.28;8.99;8.99;8.81;8.89;9.62;8.39;7.99;7.78;7.68;6.84;6.93;5.66;5.76;6.07;5.94;6.32;6.53;6.73;7.01;6.91;7.16;7.75;6.99;6.99;6.78;6.23;6.58;6.22;6.86;7.52;7.83;7.14;6.48;6.65;6.90;7.16;7.29;6.82;5.84;5.77;5.98;6.83;6.83;6.42;5.64;6.15;6.34;6.57;6.07;6.15;5.74;5.93;5.50;6.05;5.69;5.69;5.27;5.33,HALAL,"Business activity permissible — debt ratio not verified, cross-check Musaffa/Zoya",
MAG,METALS,METAL ORES-SILVER,,,,,HALAL,"Business activity permissible — debt ratio not verified, cross-check Musaffa/Zoya",
SVM,METALS,METAL ORES-SILVER,61,9.359999656677246,-0.2758992909256036,12.67;12.09;10.00;10.61;10.40;10.87;10.17;10.39;11.08;12.38;13.12;13.92;12.32;11.83;11.56;11.84;10.79;10.83;9.47;9.35;10.36;10.22;10.73;10.98;11.17;11.18;11.78;12.34;12.83;11.91;12.13;12.49;11.47;12.25;12.03;13.44;14.73;15.69;13.56;12.31;12.22;12.48;12.41;12.86;12.25;10.64;10.07;10.51;12.18;11.88;11.17;10.40;10.87;10.10;10.27;9.37;9.59;9.22;9.33;8.92;9.53;9.62;9.76;9.13;9.36,HALAL,"Business activity permissible — debt ratio not verified, cross-check Musaffa/Zoya",
RS,METALS,METAL PROC & FABRICATION,74,406.1000061035156,0.2404608776314181,324.80;329.82;329.59;344.15;350.64;350.65;353.60;337.77;324.85;320.30;314.39;313.29;311.58;308.84;301.54;307.03;296.42;298.01;293.79;290.76;297.96;298.56;302.88;304.33;305.59;321.08;323.26;318.81;324.42;334.84;343.37;359.62;358.22;364.60;370.76;367.83;367.21;367.59;360.49;356.26;363.23;376.30;377.87;382.82;393.95;394.41;401.80;410.43;405.92;404.11;403.49;396.86;385.78;373.60;372.01;379.35;376.50;385.40;391.91;395.93;383.42;395.37;404.35;403.62;406.10,HALAL,"Business activity permissible — debt ratio not verified, cross-check Musaffa/Zoya",
STLD,METALS,METAL PROC & FABRICATION,90,251.25999450683594,0.39316794532840116,174.71;181.00;185.55;197.82;201.31;200.05;198.44;190.89;189.56;194.96;190.51;192.10;196.40;188.97;181.39;183.28;169.69;171.71;166.67;165.75;172.54;170.06;179.59;179.79;176.79;189.57;195.03;193.67;199.87;219.71;224.54;224.53;223.86;228.75;236.92;232.39;235.44;236.54;228.82;222.86;231.32;249.92;260.16;261.00;274.51;267.89;269.19;278.92;271.57;269.52;250.41;240.88;244.93;229.46;220.39;229.62;222.06;234.14;235.56;235.51;233.52;240.57;250.27;252.34;251.26,HALAL,"Business activity permissible — debt ratio not verified, cross-check Musaffa/Zoya",
WOR,METALS,METAL PROC & FABRICATION,34,56.209999084472656,0.06807123773458157,52.91;54.46;55.63;57.18;58.67;57.47;57.73;57.92;56.17;55.32;56.71;55.61;53.39;51.75;49.88;48.97;47.19;48.24;47.84;49.00;49.35;50.54;51.97;51.87;51.93;55.14;55.29;53.63;54.97;54.43;54.67;55.60;53.67;54.21;54.47;55.49;54.23;54.49;53.21;53.33;54.37;55.49;56.11;56.80;56.77;57.13;58.13;58.53;59.85;59.04;61.49;57.30;56.35;53.76;54.57;53.09;52.76;53.85;55.80;55.77;54.68;55.19;56.63;55.55;56.21,HALAL,"Business activity permissible — debt ratio not verified, cross-check Musaffa/Zoya",
HAYN,METALS,METAL PROC & FABRICATION,,,,,HALAL,"Business activity permissible — debt ratio not verified, cross-check Musaffa/Zoya",
CMC,METALS,METAL PROC & FABRICATION,49,68.72000122070312,-0.10774957899950466,76.01;77.46;79.86;82.17;82.45;82.46;79.24;78.71;77.16;75.15;74.10;72.83;71.15;67.83;65.42;66.10;60.67;61.55;60.75;61.48;62.01;57.90;61.03;61.39;60.97;65.36;66.04;64.70;65.96;67.30;67.81;69.30;66.44;68.44;69.56;70.29;70.93;70.10;71.02;69.11;70.47;73.49;76.73;75.50;76.33;73.91;75.51;77.50;76.78;72.98;73.05;71.05;68.98;62.55;61.53;61.58;60.12;63.67;67.41;66.41;67.70;68.04;68.04;68.09;68.72,HALAL,"Business activity permissible — debt ratio not verified, cross-check Musaffa/Zoya",
ROCK,METALS,METAL PROC & FABRICATION,12,42.2599983215332,-0.1838547833564268,50.66;52.26;51.96;53.08;53.91;54.61;53.24;53.35;53.15;50.40;49.21;45.48;43.83;41.23;39.18;42.32;41.27;41.76;40.03;40.85;41.99;40.39;39.87;38.89;38.47;41.03;41.55;38.07;39.40;38.74;39.88;39.91;37.53;39.20;38.31;37.59;39.24;38.22;35.38;33.82;35.54;37.48;39.23;37.74;37.63;36.97;39.31;39.41;40.48;40.52;40.01;43.20;44.20;45.10;43.92;43.15;42.09;41.29;44.21;43.18;43.59;44.38;45.91;43.10;42.26,HALAL,"Business activity permissible — debt ratio not verified, cross-check Musaffa/Zoya",
TKR,METALS,METAL PROC & FABRICATION,92,137.5500030517578,0.4737068657226384,93.29;93.54;94.38;98.35;105.36;108.71;106.66;104.86;106.42;107.14;107.35;108.03;106.24;102.72;100.26;103.00;97.23;98.28;97.13;98.67;101.57;97.25;100.25;98.60;98.85;106.58;106.56;103.40;107.32;108.40;108.35;108.35;106.19;108.65;109.28;115.97;117.02;115.37;114.12;109.36;118.93;127.42;126.78;126.54;131.82;131.83;137.09;137.40;139.12;139.40;141.97;137.99;141.22;145.32;139.16;138.06;137.93;138.34;139.47;137.78;139.11;140.89;141.10;132.22;137.55,HALAL,"Business activity permissible — debt ratio not verified, cross-check Musaffa/Zoya",
VMI,METALS,METAL PROC & FABRICATION,59,481.70001220703125,0.09816239242206648,445.31;446.51;452.22;455.07;472.14;472.65;465.80;442.52;462.26;455.87;462.31;458.44;444.95;436.12;428.64;428.82;408.29;407.75;395.17;397.26;405.07;391.52;399.04;402.37;411.20;425.75;431.51;411.35;412.08;458.16;493.79;497.33;491.03;509.69;517.50;508.49;515.32;512.95;506.08;490.50;505.43;528.55;524.11;528.04;546.42;533.10;532.75;527.86;539.91;564.56;582.23;562.67;568.75;577.60;555.35;539.51;546.73;539.79;544.38;531.66;505.35;488.60;494.81;456.29;481.70,HALAL,"Business activity permissible — debt ratio not verified, cross-check Musaffa/Zoya",
NWPX,METALS,STEEL-PIPE & TUBE,97,123.08000183105469,0.8271971602705173,66.94;66.96;68.75;68.89;74.32;75.38;74.15;74.02;73.64;72.13;74.01;77.60;80.96;78.52;74.64;74.89;70.94;73.36;71.56;76.04;79.22;76.52;77.86;79.68;78.76;83.81;87.85;83.84;81.65;81.08;83.96;84.18;86.01;107.00;111.41;109.48;111.18;113.48;110.80;107.20;109.02;117.49;120.30;118.33;119.70;117.76;123.26;129.22;131.10;138.89;140.92;143.53;148.01;149.94;136.92;135.41;132.65;133.19;135.11;138.20;135.41;132.76;128.26;123.21;123.08,HALAL,"Business activity permissible — debt ratio not verified, cross-check Musaffa/Zoya",
FFG,METALS,STEEL-PIPE & TUBE,,,,,HALAL,"Business activity permissible — debt ratio not verified, cross-check Musaffa/Zoya",
NCS,METALS,STEEL-PIPE & TUBE,,,,,HALAL,"Business activity permissible — debt ratio not verified, cross-check Musaffa/Zoya",
NUE,METALS,STEEL-PRODUCERS,91,257.2900085449219,0.4247266368981104,172.57;178.86;179.90;188.84;191.71;190.87;187.71;182.57;178.99;177.81;174.46;175.85;176.36;171.09;168.48;170.81;162.53;161.13;161.00;159.68;164.21;162.42;168.69;172.04;172.84;183.55;189.21;189.14;195.39;207.55;212.43;214.47;221.85;225.49;231.50;226.14;231.43;231.77;226.46;221.19;225.89;239.70;248.69;250.87;257.10;253.77;253.70;260.26;258.68;251.98;244.33;239.93;239.19;222.75;220.75;227.42;222.28;233.00;236.87;236.61;233.20;241.15;247.86;256.02;257.29,HALAL,"Business activity permissible — debt ratio not verified, cross-check Musaffa/Zoya",
STLD,METALS,STEEL-PRODUCERS,90,251.25999450683594,0.39316794532840116,174.71;181.00;185.55;197.82;201.31;200.05;198.44;190.89;189.56;194.96;190.51;192.10;196.40;188.97;181.39;183.28;169.69;171.71;166.67;165.75;172.54;170.06;179.59;179.79;176.79;189.57;195.03;193.67;199.87;219.71;224.54;224.53;223.86;228.75;236.92;232.39;235.44;236.54;228.82;222.86;231.32;249.92;260.16;261.00;274.51;267.89;269.19;278.92;271.57;269.52;250.41;240.88;244.93;229.46;220.39;229.62;222.06;234.14;235.56;235.51;233.52;240.57;250.27;252.34;251.26,HALAL,"Business activity permissible — debt ratio not verified, cross-check Musaffa/Zoya",
X,METALS,STEEL-PRODUCERS,,,,,HALAL,"Business activity permissible — debt ratio not verified, cross-check Musaffa/Zoya",
CLF,METALS,STEEL-PRODUCERS,31,11.520000457763672,-0.23658049428263084,14.27;14.21;13.85;14.53;14.73;12.27;10.76;10.52;10.27;10.78;10.79;10.66;11.08;10.68;9.55;9.28;8.46;8.35;8.18;8.03;8.54;8.11;8.45;8.40;8.71;9.23;9.34;9.66;9.94;9.13;9.09;10.61;10.25;10.51;10.65;10.65;11.24;10.99;10.31;10.15;10.70;11.98;13.29;13.58;14.15;13.53;12.72;13.71;13.63;12.68;11.89;10.57;9.95;9.39;9.86;9.54;9.40;9.71;9.85;9.28;9.25;10.96;12.25;11.38;11.52,HALAL,"Business activity permissible — debt ratio not verified, cross-check Musaffa/Zoya",
TX,METALS,STEEL-PRODUCERS,81,49.2400016784668,0.15695665221095023,42.14;42.32;41.75;42.18;42.22;42.96;43.43;42.02;42.27;42.09;42.28;42.23;40.41;38.97;38.42;38.79;36.65;36.98;36.81;37.23;38.44;37.65;39.00;38.68;38.65;40.06;41.81;41.46;41.09;41.55;41.20;41.76;41.54;42.15;42.85;44.90;44.71;44.26;42.78;42.19;44.82;49.41;49.04;49.08;49.82;48.02;48.01;48.61;49.92;47.49;46.63;44.96;44.44;42.70;41.75;42.75;43.42;44.83;44.94;44.70;44.84;47.14;47.74;48.06;49.24,HALAL,"Business activity permissible — debt ratio not verified, cross-check Musaffa/Zoya",
GGB,METALS,STEEL-PRODUCERS,82,4.960000038146973,0.1368149669699994,4.47;4.34;4.26;4.22;4.17;4.19;4.19;4.00;4.07;4.11;4.10;3.99;3.65;3.59;3.53;3.55;3.27;3.31;3.27;3.38;3.47;3.39;3.58;3.75;3.76;4.15;4.18;4.28;4.27;4.27;4.28;4.29;4.40;4.48;4.76;4.71;4.77;4.64;4.60;4.56;4.70;4.68;4.65;4.56;4.75;4.59;4.56;4.66;4.67;4.49;4.25;4.09;4.15;4.04;4.07;4.28;4.41;4.49;4.80;4.72;4.64;4.77;4.83;4.86;4.96,HALAL,"Business activity permissible — debt ratio not verified, cross-check Musaffa/Zoya",
SID,METALS,STEEL-PRODUCERS,5,0.9855999946594238,-0.49456411766237807,2.06;2.06;1.90;1.96;1.83;1.83;1.70;1.68;1.66;1.67;1.70;1.68;1.50;1.47;1.42;1.38;1.11;1.20;1.19;1.25;1.29;1.21;1.24;1.26;1.24;1.35;1.32;1.37;1.36;1.30;1.29;1.29;1.27;1.29;1.30;1.34;1.37;1.28;1.26;1.18;1.28;1.34;1.36;1.31;1.31;1.18;1.17;1.21;1.22;1.12;1.05;0.98;0.94;0.92;0.91;0.93;0.95;1.03;1.03;0.99;1.00;1.06;1.12;1.03;0.99,HALAL,"Business activity permissible — debt ratio not verified, cross-check Musaffa/Zoya",
PKX,METALS,STEEL-PRODUCERS,13,53.16999816894531,-0.16148875103466365,63.29;61.73;60.17;61.45;63.27;63.73;65.41;64.82;67.13;67.37;70.55;69.59;63.57;59.50;60.18;59.50;56.89;58.61;57.41;57.83;57.81;56.44;58.49;58.21;58.31;63.53;62.57;62.49;66.62;69.12;68.23;71.02;76.41;78.71;85.32;88.94;88.61;82.24;79.38;74.28;74.36;75.48;71.88;70.11;68.53;61.59;60.38;61.15;65.21;62.57;57.84;53.52;49.96;51.38;52.12;51.25;50.03;51.22;51.89;50.80;51.76;53.34;53.10;48.68;53.17,HALAL,"Business activity permissible — debt ratio not verified, cross-check Musaffa/Zoya",
ATI,METALS,STEEL-SPECIALTY ALLOYS,94,187.44000244140625,0.517118557762265,124.15;121.72;121.77;127.50;133.57;137.04;139.81;146.75;152.84;159.27;160.02;163.59;156.96;154.18;156.70;157.47;141.97;148.83;147.54;146.38;149.00;140.43;145.46;146.63;147.28;159.63;163.78;156.83;164.66;158.95;154.05;153.45;146.23;155.26;155.35;162.66;161.16;164.83;154.22;150.44;160.41;168.76;170.53;178.98;179.94;177.47;187.13;199.50;195.81;196.86;204.09;197.59;197.40;197.10;188.10;183.26;188.36;183.75;193.59;186.17;197.21;199.84;192.64;177.92;187.44,HALAL,"Business activity permissible — debt ratio not verified, cross-check Musaffa/Zoya",
CRS,METALS,STEEL-SPECIALTY ALLOYS,93,519.6599731445312,0.5492785365710304,348.83;310.25;311.18;334.03;364.94;359.83;367.81;374.71;383.80;384.86;395.43;397.88;400.89;394.82;395.62;407.95;361.11;381.28;377.98;373.02;406.45;376.74;393.97;391.33;393.82;431.01;443.46;428.47;445.48;438.68;426.46;428.24;406.53;429.41;444.99;445.14;429.06;436.34;408.93;406.37;438.32;453.69;462.01;486.93;487.05;483.60;523.77;562.45;563.60;575.47;587.77;580.95;591.78;616.84;597.24;590.35;590.94;566.85;577.10;557.77;588.99;601.54;580.25;530.62;519.66,HALAL,"Business activity permissible — debt ratio not verified, cross-check Musaffa/Zoya",
HAYN,METALS,STEEL-SPECIALTY ALLOYS,,,,,HALAL,"Business activity permissible — debt ratio not verified, cross-check Musaffa/Zoya",
CMP,METALS,STEEL-SPECIALTY ALLOYS,78,29.34000015258789,0.1474384240421709,25.62;25.83;25.14;25.52;21.75;22.20;23.54;22.84;22.63;23.69;24.86;25.20;24.68;23.85;23.89;22.98;21.98;23.03;21.99;22.80;24.51;23.05;23.35;22.73;22.94;25.14;24.95;24.81;25.32;25.55;25.39;26.53;25.36;26.26;26.46;28.24;29.26;30.21;29.35;28.22;29.84;31.52;32.48;33.51;32.64;29.63;29.32;30.21;31.08;31.09;28.87;28.66;31.10;31.13;29.95;28.86;29.03;29.53;30.02;29.46;29.91;29.84;29.77;29.32;29.34,HALAL,"Business activity permissible — debt ratio not verified, cross-check Musaffa/Zoya",
RYI,METALS,STEEL-SPECIALTY ALLOYS,,,,,HALAL,"Business activity permissible — debt ratio not verified, cross-check Musaffa/Zoya",
VALE,MINING,MINING-IRON/MANGANESE/MISC,62,15.0600004196167,-0.0692212524372331,16.44;16.94;16.14;17.03;16.30;16.74;17.04;15.90;16.10;16.92;17.53;17.18;15.97;15.42;15.33;15.34;14.68;15.10;14.63;14.79;15.14;15.03;15.91;16.19;16.18;16.65;17.45;17.62;17.78;17.45;17.14;17.07;15.85;16.18;15.93;16.19;17.07;16.84;16.32;16.01;16.47;16.50;16.55;16.30;16.06;15.23;15.14;15.36;16.00;15.53;15.71;14.84;15.07;15.04;14.99;14.69;14.22;14.18;14.67;14.19;14.25;14.83;14.78;14.65;15.06,HALAL,"Business activity permissible — debt ratio not verified, cross-check Musaffa/Zoya",
RIO,MINING,MINING-IRON/MANGANESE/MISC,,,,,HALAL,"Business activity permissible — debt ratio not verified, cross-check Musaffa/Zoya",
BHP,MINING,MINING-IRON/MANGANESE/MISC,82,84.48999786376953,0.2759747618091295,69.13;70.78;68.05;70.83;68.30;70.95;71.35;72.86;73.62;76.50;80.10;79.99;76.82;74.14;72.89;73.35;68.74;70.48;67.37;68.21;70.01;69.50;72.74;73.24;73.31;77.23;78.10;79.47;80.45;77.69;79.84;79.84;77.06;79.06;79.24;82.55;87.65;90.81;84.40;81.87;84.94;86.49;87.80;91.22;90.85;82.72;84.73;88.00;92.13;90.36;85.78;80.72;81.02;83.31;83.33;80.23;79.91;81.37;85.48;80.64;83.45;83.65;83.93;83.11;84.49,HALAL,"Business activity permissible — debt ratio not verified, cross-check Musaffa/Zoya",
CLF,MINING,MINING-IRON/MANGANESE/MISC,31,11.520000457763672,-0.23658049428263084,14.27;14.21;13.85;14.53;14.73;12.27;10.76;10.52;10.27;10.78;10.79;10.66;11.08;10.68;9.55;9.28;8.46;8.35;8.18;8.03;8.54;8.11;8.45;8.40;8.71;9.23;9.34;9.66;9.94;9.13;9.09;10.61;10.25;10.51;10.65;10.65;11.24;10.99;10.31;10.15;10.70;11.98;13.29;13.58;14.15;13.53;12.72;13.71;13.63;12.68;11.89;10.57;9.95;9.39;9.86;9.54;9.40;9.71;9.85;9.28;9.25;10.96;12.25;11.38;11.52,HALAL,"Business activity permissible — debt ratio not verified, cross-check Musaffa/Zoya",
MTRN,MINING,MINING-IRON/MANGANESE/MISC,93,210.83999633789062,0.5629549981132707,134.43;141.70;140.09;151.39;151.13;150.36;158.75;153.07;150.75;146.09;161.42;162.95;161.15;150.30;145.14;143.28;135.90;144.38;135.33;137.89;148.01;141.30;144.56;149.02;150.76;162.86;167.22;162.81;181.83;178.24;183.13;181.43;172.43;188.10;196.79;190.94;202.90;210.91;204.89;193.87;209.98;222.78;222.23;223.07;228.52;220.75;231.27;246.00;252.14;263.91;277.68;269.62;287.02;297.39;265.43;247.20;256.73;246.75;251.00;245.12;254.83;248.61;241.82;189.34;210.84,HALAL,"Business activity permissible — debt ratio not verified, cross-check Musaffa/Zoya",
XRX,OFFICE,OFFICE EQUIPMENT/SUPPLIES,83,2.950000047683716,0.3128493682921527,2.07;1.98;2.24;2.23;2.28;2.05;1.89;1.98;1.81;1.71;1.74;1.75;1.65;1.83;1.67;1.70;1.61;1.41;1.43;1.31;1.37;1.36;1.28;1.25;1.26;1.27;1.26;1.46;1.72;1.80;1.66;1.61;1.56;2.68;2.62;2.35;2.64;2.52;2.56;2.55;2.48;2.99;3.02;3.07;3.22;3.29;3.36;3.44;3.39;3.12;3.04;3.12;3.28;3.13;2.80;2.67;2.78;2.77;2.70;2.77;2.74;2.61;2.73;2.64;2.95,HALAL,"Business activity permissible — debt ratio not verified, cross-check Musaffa/Zoya",
PBI,OFFICE,OFFICE EQUIPMENT/SUPPLIES,,,,,HALAL,"Business activity permissible — debt ratio not verified, cross-check Musaffa/Zoya",
ESND,OFFICE,OFFICE EQUIPMENT/SUPPLIES,,,,,HALAL,"Business activity permissible — debt ratio not verified, cross-check Musaffa/Zoya",
ACCO,OFFICE,OFFICE EQUIPMENT/SUPPLIES,69,4.21999979019165,0.12301436991969728,3.75;3.74;3.80;3.89;3.88;4.00;3.88;3.94;3.96;3.83;3.96;3.89;3.82;3.84;3.51;3.36;3.23;3.07;2.89;2.85;2.94;2.88;2.94;2.82;2.78;2.84;2.91;3.14;3.28;3.23;3.19;3.22;3.18;3.87;3.94;3.98;3.84;3.79;3.69;3.69;3.77;3.98;4.05;3.91;3.84;3.82;3.98;3.96;3.93;3.85;3.82;3.98;4.21;4.16;4.20;4.06;3.83;3.94;3.97;4.08;4.02;3.92;4.13;4.33;4.22,HALAL,"Business activity permissible — debt ratio not verified, cross-check Musaffa/Zoya",
HNI,OFFICE,OFFICE EQUIPMENT/SUPPLIES,46,45.0099983215332,-0.036184709506401624,46.54;46.44;47.80;49.37;51.58;50.90;48.77;49.09;49.21;48.13;45.24;44.13;43.19;42.08;40.91;40.38;40.05;36.74;34.13;36.25;36.42;34.00;33.02;32.11;31.96;34.51;34.83;35.51;37.52;36.89;36.80;37.24;36.01;37.03;35.83;34.32;32.08;30.72;29.57;28.93;30.53;31.01;31.41;31.09;30.17;31.14;32.68;33.12;32.64;32.41;34.16;37.33;39.61;40.41;41.43;40.28;39.02;39.71;40.45;41.73;40.89;40.57;42.95;42.78;45.01,HALAL,"Business activity permissible — debt ratio not verified, cross-check Musaffa/Zoya",
MLHR,OFFICE,OFFICE EQUIPMENT/SUPPLIES,,,,,HALAL,"Business activity permissible — debt ratio not verified, cross-check Musaffa/Zoya",
SCS,OFFICE,OFFICE EQUIPMENT/SUPPLIES,,,,,HALAL,"Business activity permissible — debt ratio not verified, cross-check Musaffa/Zoya",
ZBRA,OFFICE,OFFICE-AUTOMATION,61,293.82000732421875,0.22150168589514774,238.56;237.96;242.01;245.25;251.40;256.57;274.15;260.76;251.74;231.32;239.01;223.96;225.38;229.67;213.78;213.67;202.72;209.06;206.19;205.87;208.45;202.64;209.08;202.84;212.51;223.07;226.09;229.64;234.43;236.67;226.87;221.00;215.54;227.08;228.39;228.62;216.96;246.76;259.35;247.15;242.26;252.44;247.90;249.96;249.30;232.11;234.20;222.44;240.05;232.98;245.69;247.78;251.53;263.26;267.18;264.65;272.65;266.71;255.17;267.40;262.40;256.95;264.59;282.98;293.82,HALAL,"Business activity permissible — debt ratio not verified, cross-check Musaffa/Zoya",
ABM,OFFICE,OFFICE-AUTOMATION,55,47.90999984741211,0.07092974959435061,44.76;45.13;45.72;45.97;46.90;46.54;42.83;43.67;44.95;43.51;43.17;43.88;43.62;43.62;42.68;40.30;38.23;37.63;36.98;37.70;37.98;36.97;37.98;38.47;38.05;39.19;39.26;39.47;40.09;40.00;40.25;39.85;39.52;40.72;40.44;40.49;39.13;38.52;39.12;38.63;39.86;39.77;39.57;38.85;38.93;42.26;43.93;45.86;43.71;43.20;43.57;44.28;45.17;43.95;44.27;45.17;44.43;45.36;46.47;47.58;46.95;47.34;48.46;49.36;47.91,HALAL,"Business activity permissible — debt ratio not verified, cross-check Musaffa/Zoya",
VRRM,OFFICE,OFFICE-AUTOMATION,1,5.289999961853027,-0.751876170845478,20.03;19.59;18.25;18.79;18.87;18.67;18.40;18.28;18.44;18.57;16.18;16.71;16.79;16.50;16.25;15.73;14.95;14.85;14.51;14.64;14.28;13.88;14.29;14.52;14.56;14.91;14.90;14.98;15.22;15.35;15.11;15.08;14.87;14.89;14.50;14.63;13.79;13.43;13.10;13.28;13.37;13.08;4.13;4.89;4.13;4.31;4.61;4.50;4.98;4.71;4.47;4.39;4.50;4.25;4.30;4.22;4.22;4.52;4.29;4.12;4.12;3.90;4.19;5.10;5.29,HALAL,"Business activity permissible — debt ratio not verified, cross-check Musaffa/Zoya",
G,OFFICE,OFFICE-OUTSOURCING SVCS,20,35.16999816894531,-0.22383628741415007,44.79;44.14;43.66;37.93;39.96;38.72;35.92;37.33;38.45;37.14;37.41;39.30;39.93;41.24;40.43;38.34;37.89;38.12;38.09;38.54;37.44;36.37;37.04;37.52;37.27;35.34;35.34;36.03;36.72;36.82;34.30;33.64;33.68;34.13;33.88;34.28;31.12;29.27;28.88;31.49;31.82;31.01;32.23;34.25;32.11;32.43;32.44;31.89;31.00;30.31;28.11;28.53;28.53;27.50;29.10;29.74;29.64;30.48;30.07;30.89;30.18;30.37;32.18;36.71;35.17,HALAL,"Business activity permissible — debt ratio not verified, cross-check Musaffa/Zoya",
EXLS,OFFICE,OFFICE-OUTSOURCING SVCS,22,33.93000030517578,-0.20426827413574378,40.49;38.60;39.77;32.46;31.70;31.31;29.69;30.21;30.41;28.51;28.67;31.25;31.93;32.55;32.23;30.56;29.64;30.83;30.75;30.88;30.28;29.84;30.45;30.94;30.76;29.77;30.08;31.26;31.86;31.87;30.56;30.38;31.19;31.74;31.26;31.34;30.19;27.16;27.48;28.97;29.23;28.95;29.11;30.59;29.45;29.67;29.71;28.59;28.41;27.86;25.61;26.34;26.00;25.86;27.02;27.84;27.60;28.49;27.58;28.16;27.35;26.88;28.56;35.99;33.93,HALAL,"Business activity permissible — debt ratio not verified, cross-check Musaffa/Zoya",
WNS,OFFICE,OFFICE-OUTSOURCING SVCS,,,,,HALAL,"Business activity permissible — debt ratio not verified, cross-check Musaffa/Zoya",
GENI,OFFICE,OFFICE-OUTSOURCING SVCS,38,6.929999828338623,-0.28335059217553127,9.51;9.25;8.39;8.54;6.09;6.26;6.04;5.79;6.41;5.73;5.92;6.21;6.47;5.86;5.39;5.21;5.33;4.99;4.70;4.70;4.60;4.33;4.43;4.56;4.23;4.07;4.14;4.81;4.89;4.65;4.35;4.42;4.25;4.35;4.33;4.78;4.41;4.21;4.24;5.01;4.89;5.31;5.60;6.05;5.89;5.93;6.76;7.03;6.87;6.20;5.94;5.66;6.20;6.06;6.43;6.47;6.17;6.61;6.41;6.30;6.65;6.43;7.27;7.31;6.93,HALAL,"Business activity permissible — debt ratio not verified, cross-check Musaffa/Zoya",
GPS,RETAIL,RETAIL-APPAREL/SHOES/ACC,,,,,HALAL,"Business activity permissible — debt ratio not verified, cross-check Musaffa/Zoya",
URBN,RETAIL,RETAIL-APPAREL/SHOES/ACC,48,74.18000030517578,0.10075680333913661,69.98;69.97;72.60;73.82;72.47;70.44;68.26;71.62;68.97;65.90;65.46;66.20;65.85;65.62;64.48;64.93;63.41;65.39;65.19;61.75;61.47;61.21;63.35;64.57;64.74;68.72;67.42;68.20;74.18;74.71;73.85;72.34;68.69;69.01;70.05;70.44;68.40;66.41;68.95;68.88;73.76;75.42;74.85;71.52;72.57;71.30;73.78;77.38;77.01;72.47;72.75;72.32;73.54;70.86;70.72;68.21;69.27;69.85;72.95;72.98;73.74;69.61;72.61;75.40;74.18,HALAL,"Business activity permissible — debt ratio not verified, cross-check Musaffa/Zoya",
ANF,RETAIL,RETAIL-APPAREL/SHOES/ACC,66,99.54000091552734,0.03364483656379691,97.67;93.88;101.45;105.56;97.66;92.03;91.92;94.11;95.90;92.61;95.91;97.80;99.22;88.40;86.27;87.28;81.86;86.42;88.74;87.51;88.55;89.13;91.37;92.25;97.96;103.49;93.30;91.45;94.36;95.24;89.23;86.59;84.09;84.54;78.51;78.51;72.33;71.90;70.57;72.14;76.49;74.78;82.18;75.65;76.42;75.34;83.67;90.62;91.10;84.71;86.07;88.83;91.51;90.01;92.42;89.02;89.23;91.59;97.19;95.24;92.06;90.89;99.35;102.49;99.54,HALAL,"Business activity permissible — debt ratio not verified, cross-check Musaffa/Zoya",
AEO,RETAIL,RETAIL-APPAREL/SHOES/ACC,57,17.18000030517578,-0.2780771696273412,23.11;22.98;24.30;23.84;23.42;23.29;24.19;24.58;24.60;23.31;23.70;24.22;21.92;19.06;18.21;17.91;17.33;17.28;17.25;16.63;16.29;15.90;16.46;16.60;17.11;18.28;17.94;19.27;19.27;19.17;18.05;17.76;16.99;16.81;16.54;16.52;15.40;15.30;15.18;15.24;16.43;17.00;17.79;16.02;16.22;16.32;17.44;18.15;18.32;16.97;17.66;18.36;17.75;17.07;16.34;16.40;16.56;16.03;17.41;17.03;17.36;17.08;17.77;17.54;17.18,HALAL,"Business activity permissible — debt ratio not verified, cross-check Musaffa/Zoya",
BURL,RETAIL,RETAIL-APPAREL/SHOES/ACC,75,368.4800109863281,0.2366761362385188,289.90;292.51;298.68;300.34;311.63;304.62;293.75;312.90;312.80;311.38;307.46;306.87;300.38;321.47;301.52;303.88;296.70;308.55;311.99;318.59;329.27;312.75;325.38;328.73;327.69;338.40;332.39;339.20;347.26;341.69;329.62;326.32;316.53;318.00;312.71;306.60;292.21;286.26;293.60;286.10;316.04;326.57;300.52;314.01;328.70;317.05;324.42;342.37;336.60;330.76;340.27;337.79;320.77;316.80;313.18;316.12;321.44;327.59;345.24;345.31;354.70;339.48;358.01;371.13;368.48,HALAL,"Business activity permissible — debt ratio not verified, cross-check Musaffa/Zoya",
ROST,RETAIL,RETAIL-APPAREL/SHOES/ACC,89,251.07000732421875,0.3370292723833297,185.24;185.74;189.34;188.50;189.96;191.55;194.06;197.40;199.56;201.07;200.71;204.80;196.83;213.95;211.29;212.00;205.88;208.78;210.25;212.67;215.61;211.28;216.21;219.55;215.92;224.47;220.52;223.71;227.37;225.15;226.48;225.73;224.64;228.39;226.97;224.04;214.13;211.35;212.33;212.26;216.77;234.22;226.76;223.63;232.16;229.92;229.45;239.11;236.77;233.25;236.97;228.59;213.26;212.85;213.43;214.67;220.60;219.46;225.81;233.46;235.81;232.39;243.35;251.96;251.07,HALAL,"Business activity permissible — debt ratio not verified, cross-check Musaffa/Zoya",
TJX,RETAIL,RETAIL-APPAREL/SHOES/ACC,51,157.33999633789062,0.033030747175088804,147.11;146.57;149.26;153.00;154.91;152.36;153.68;156.46;156.00;157.18;155.31;161.13;159.19;160.40;157.62;157.36;154.92;154.87;154.18;155.99;159.22;154.61;159.18;160.76;157.07;164.46;158.81;159.71;160.16;158.73;157.83;156.97;155.56;156.32;154.45;153.98;148.42;146.55;147.43;150.68;157.46;158.97;154.89;152.75;157.90;160.71;164.87;168.34;167.33;164.13;164.17;165.17;155.43;151.50;154.26;154.11;150.90;150.53;150.97;154.46;155.05;153.48;156.38;161.63;157.34,HALAL,"Business activity permissible — debt ratio not verified, cross-check Musaffa/Zoya",
DKS,RETAIL,RETAIL-APPAREL/SHOES/ACC,20,195.91000366210938,-0.03813368316398058,203.33;203.11;200.56;207.99;205.78;197.40;196.92;203.67;200.30;208.79;212.17;201.18;199.03;199.78;193.54;193.17;189.85;188.34;190.71;190.19;191.67;188.30;197.18;190.68;199.23;211.43;209.39;215.77;223.11;227.53;223.21;228.06;218.77;223.37;214.29;220.96;219.02;213.42;215.27;210.37;220.49;231.83;225.05;215.75;222.92;213.63;218.35;222.70;220.04;224.83;238.57;236.93;239.17;226.81;236.18;223.13;217.32;216.10;208.89;217.36;208.41;204.36;205.60;205.99;195.91,HALAL,"Business activity permissible — debt ratio not verified, cross-check Musaffa/Zoya",
FL,RETAIL,RETAIL-APPAREL/SHOES/ACC,,,,,HALAL,"Business activity permissible — debt ratio not verified, cross-check Musaffa/Zoya",
BOOT,RETAIL,RETAIL-APPAREL/SHOES/ACC,13,148.99000549316406,-0.19018366695796984,178.69;174.82;183.34;183.20;203.38;194.11;186.00;197.53;196.89;194.60;197.57;189.22;186.80;184.76;173.87;169.31;164.11;160.49;162.40;161.19;157.10;149.23;146.36;135.16;149.87;157.82;156.40;157.95;163.09;165.89;163.19;170.28;166.74;171.47;165.90;163.37;153.10;145.24;143.85;141.54;154.49;164.09;170.77;169.84;170.69;167.60;170.81;174.98;165.88;165.72;178.46;177.48;177.58;164.27;157.72;158.03;157.37;164.32;154.19;152.47;149.05;147.76;155.12;150.89;148.99,HALAL,"Business activity permissible — debt ratio not verified, cross-check Musaffa/Zoya",
ZUMZ,RETAIL,RETAIL-APPAREL/SHOES/ACC,27,19.670000076293945,-0.20940511496030634,24.61;24.78;25.02;25.16;24.91;24.55;24.03;26.09;26.04;25.14;26.24;26.22;25.13;24.39;23.28;23.18;21.43;21.51;21.05;21.57;22.33;21.34;22.16;21.61;22.65;24.51;24.54;24.42;24.97;25.02;24.64;24.58;23.96;24.37;24.02;25.03;23.17;23.28;22.65;22.96;23.48;24.08;25.32;23.32;23.11;17.39;19.10;18.51;18.36;17.46;18.20;19.11;18.25;17.80;17.55;17.55;17.89;18.17;18.71;18.69;18.83;18.79;19.46;19.55;19.67,HALAL,"Business activity permissible — debt ratio not verified, cross-check Musaffa/Zoya",
BKE,RETAIL,RETAIL-APPAREL/SHOES/ACC,14,43.77000045776367,-0.1284031857754474,48.25;46.48;47.44;49.71;51.32;51.33;51.87;53.08;52.76;52.18;53.08;52.76;51.80;51.83;49.42;49.74;49.54;49.76;48.76;49.28;50.05;48.55;49.62;49.40;50.54;54.89;53.69;52.27;54.17;55.25;55.94;56.03;54.85;54.81;53.17;51.93;49.77;48.06;47.83;47.50;48.62;48.55;50.06;43.32;43.16;44.45;43.99;44.73;43.65;43.81;44.45;44.20;42.88;41.85;41.84;42.34;41.24;42.20;43.23;42.47;42.64;41.99;43.61;45.00;43.77,HALAL,"Business activity permissible — debt ratio not verified, cross-check Musaffa/Zoya",
EXPR,RETAIL,RETAIL-APPAREL/SHOES/ACC,,,,,HALAL,"Business activity permissible — debt ratio not verified, cross-check Musaffa/Zoya",
CHS,RETAIL,RETAIL-APPAREL/SHOES/ACC,,,,,HALAL,"Business activity permissible — debt ratio not verified, cross-check Musaffa/Zoya",
TLYS,RETAIL,RETAIL-APPAREL/SHOES/ACC,96,3.809999942779541,1.2951807345719657,1.52;1.52;1.45;1.49;1.44;1.42;1.38;1.35;1.38;1.40;1.42;1.44;1.42;1.48;1.57;1.63;2.69;2.89;3.67;4.01;4.15;4.09;4.05;4.20;4.60;5.03;5.10;5.18;5.15;5.06;4.27;3.68;3.93;4.40;4.40;4.16;3.91;3.62;4.04;4.34;4.26;4.48;4.57;4.33;4.44;5.13;5.31;5.31;5.10;4.56;4.70;4.30;4.10;4.20;3.94;4.25;4.18;4.12;4.15;3.96;3.84;3.80;3.83;3.74;3.81,HALAL,"Business activity permissible — debt ratio not verified, cross-check Musaffa/Zoya",
BBY,RETAIL,RETAIL-CONSUMER ELECTRONICS,85,86.26000213623047,0.32347160310756706,63.90;63.33;64.06;66.59;68.44;66.14;63.06;64.25;64.45;60.96;60.59;60.24;64.11;63.77;64.12;61.39;60.84;60.87;62.40;62.22;59.61;62.15;63.36;63.65;63.18;63.68;60.05;62.56;64.87;65.72;60.69;58.49;57.96;59.26;56.52;57.77;56.86;54.79;55.54;58.51;60.35;62.39;73.76;74.00;70.79;70.60;74.13;76.09;76.39;72.14;76.01;77.63;77.71;75.88;77.99;78.72;79.99;81.65;85.37;85.41;85.22;84.43;88.45;90.17;86.26,HALAL,"Business activity permissible — debt ratio not verified, cross-check Musaffa/Zoya",
GME,RETAIL,RETAIL-CONSUMER ELECTRONICS,20,21.719999313354492,-0.0552414297697883,24.21;22.81;25.85;24.98;24.98;24.82;23.52;23.26;23.90;23.64;24.22;24.03;23.82;23.88;24.80;24.46;23.53;23.59;23.23;23.03;23.08;22.10;23.04;23.36;23.43;22.87;23.40;24.79;24.55;24.46;25.01;25.41;24.52;26.53;24.23;23.97;23.17;22.08;21.59;22.10;22.49;21.91;21.68;21.36;22.18;21.80;22.28;22.18;21.74;21.51;21.14;21.44;21.76;22.08;22.82;22.20;21.95;22.03;22.26;21.89;21.79;21.35;21.52;21.84;21.72,HALAL,"Business activity permissible — debt ratio not verified, cross-check Musaffa/Zoya",
HSII,RETAIL,RETAIL-CONSUMER ELECTRONICS,,,,,HALAL,"Business activity permissible — debt ratio not verified, cross-check Musaffa/Zoya",
CASY,RETAIL,RETAIL-CONVENIENCE STORES,86,871.0,0.39960820090776394,616.04;610.33;625.43;647.31;660.44;653.27;663.42;661.07;662.65;671.28;675.27;685.11;677.75;670.44;664.08;684.53;660.41;691.30;664.70;676.55;713.73;713.74;727.36;742.90;741.31;758.23;734.49;736.32;754.20;781.28;789.27;803.94;780.96;835.92;862.35;850.95;877.07;888.36;852.75;852.15;824.80;809.41;780.97;745.58;774.19;761.91;761.18;916.28;872.39;850.85;831.67;801.35;778.63;794.79;797.42;801.99;822.00;859.10;808.49;859.12;858.26;875.25;853.38;867.16;871.00,HALAL,"Business activity permissible — debt ratio not verified, cross-check Musaffa/Zoya",
MUSA,RETAIL,RETAIL-CONVENIENCE STORES,86,607.760009765625,0.41089895404030163,425.41;417.98;426.40;443.63;376.85;362.36;383.77;383.48;395.08;391.08;383.67;390.29;409.54;417.71;436.29;444.40;456.20;457.98;479.72;458.25;476.82;505.66;493.41;501.84;525.25;495.66;494.87;499.98;490.57;511.87;532.15;517.05;513.86;596.24;603.83;580.14;577.28;587.96;561.04;569.58;544.51;531.16;511.57;515.68;542.16;546.51;556.33;622.07;586.83;571.87;551.32;531.09;526.33;538.87;560.75;575.64;584.74;610.80;593.66;618.57;611.10;622.75;610.44;616.23;607.76,HALAL,"Business activity permissible — debt ratio not verified, cross-check Musaffa/Zoya",
SVH,RETAIL,RETAIL-CONVENIENCE STORES,,,,,HALAL,"Business activity permissible — debt ratio not verified, cross-check Musaffa/Zoya",
M,RETAIL,RETAIL-DEPARTMENT STORES,,,,,HALAL,"Business activity permissible — debt ratio not verified, cross-check Musaffa/Zoya",
JWN,RETAIL,RETAIL-DEPARTMENT STORES,,,,,HALAL,"Business activity permissible — debt ratio not verified, cross-check Musaffa/Zoya",
KSS,RETAIL,RETAIL-DEPARTMENT STORES,87,19.139999389648438,0.10317894384357285,17.48;16.60;17.65;17.84;18.18;17.00;18.59;19.22;18.92;17.82;16.86;16.08;15.11;15.39;14.54;13.55;12.95;12.47;12.75;13.05;12.60;12.36;12.80;12.72;12.80;13.59;13.36;14.19;14.41;15.75;14.94;15.14;13.87;14.55;14.14;14.24;12.99;11.99;11.68;11.65;12.60;13.19;15.47;14.78;15.40;15.34;15.92;17.32;17.20;16.59;17.60;18.91;19.26;17.72;18.19;16.76;16.31;16.55;17.10;17.30;18.13;18.20;18.49;19.06;19.14,HALAL,"Business activity permissible — debt ratio not verified, cross-check Musaffa/Zoya",
DDS,RETAIL,RETAIL-DEPARTMENT STORES,47,588.3400268554688,-0.062033278417136906,610.89;607.87;632.12;652.32;665.78;633.81;648.60;659.95;662.56;645.47;599.59;602.13;611.13;619.89;588.72;601.93;582.02;580.05;601.48;568.34;566.66;554.40;571.79;572.04;574.63;606.37;593.36;606.15;605.43;622.53;603.19;594.82;561.77;565.20;558.81;553.15;556.48;532.62;538.39;530.70;551.54;576.43;608.34;587.86;610.80;605.93;608.85;613.94;565.46;558.48;569.04;581.21;577.64;528.42;547.21;521.45;510.39;525.51;536.56;550.93;568.27;560.97;573.95;589.15;588.34,HALAL,"Business activity permissible — debt ratio not verified, cross-check Musaffa/Zoya",
WMT,RETAIL,RETAIL-DISCOUNT & VARIETY,30,111.19999694824219,-0.05172122364293952,116.48;116.95;123.57;127.49;130.66;126.20;133.11;128.34;124.38;125.31;125.25;127.44;127.40;122.82;123.85;123.00;126.02;124.59;120.61;120.49;122.83;122.66;124.04;125.55;122.26;128.88;124.33;124.52;127.26;129.35;131.78;127.35;127.77;131.35;130.54;129.95;127.59;131.47;131.45;134.20;121.34;118.57;118.90;114.60;116.89;118.88;118.88;120.50;120.82;118.13;117.18;119.00;115.69;113.26;111.84;111.54;112.21;114.78;112.53;114.24;110.39;108.40;111.74;114.22;111.20,HALAL,"Business activity permissible — debt ratio not verified, cross-check Musaffa/Zoya",
TGT,RETAIL,RETAIL-DISCOUNT & VARIETY,85,144.49000549316406,0.36298386370704017,102.09;100.85;107.41;111.92;113.32;111.04;111.64;115.45;114.58;112.28;115.35;112.72;119.67;119.23;119.02;117.67;116.24;115.67;113.40;113.85;115.28;118.72;120.07;119.32;118.40;122.87;116.78;121.72;126.64;130.86;128.95;128.51;126.67;127.68;127.61;124.70;117.33;121.48;121.54;127.24;126.15;125.43;128.65;123.71;124.80;122.57;126.61;132.64;133.17;127.81;129.73;141.20;140.39;130.61;130.21;127.55;132.27;134.77;138.29;139.60;138.48;134.48;140.34;145.90;144.49,HALAL,"Business activity permissible — debt ratio not verified, cross-check Musaffa/Zoya",
DG,RETAIL,RETAIL-DISCOUNT & VARIETY,51,127.05000305175781,-0.12671160392839542,146.22;140.39;142.11;147.79;145.22;144.82;147.11;148.22;150.31;151.41;153.28;154.71;151.54;145.12;144.10;143.42;130.55;129.65;122.24;123.89;118.38;116.02;117.57;118.57;120.59;119.14;118.65;120.94;126.04;123.48;121.44;116.75;113.55;113.85;116.42;115.88;104.10;101.23;101.86;102.95;104.58;103.08;109.34;109.37;104.56;103.17;108.82;113.76;115.80;108.14;111.89;118.57;118.90;114.53;117.57;115.43;115.73;123.44;121.28;125.75;123.20;115.16;123.22;128.68;127.05,HALAL,"Business activity permissible — debt ratio not verified, cross-check Musaffa/Zoya",
DLTR,RETAIL,RETAIL-DISCOUNT & VARIETY,68,127.20999908447266,-0.013264032801425851,121.84;117.31;117.22;121.83;123.83;121.92;128.43;128.52;133.57;130.41;127.70;126.48;118.41;115.91;115.85;113.25;107.46;111.84;105.56;108.27;106.64;107.00;109.51;108.44;106.42;102.60;102.13;101.33;105.93;103.83;102.25;98.00;95.70;94.67;93.69;96.76;90.02;86.80;89.58;90.61;95.71;93.70;113.00;111.35;112.50;108.80;112.15;114.89;112.88;106.41;113.93;119.35;123.87;120.95;124.05;122.65;120.92;126.38;127.03;125.94;125.74;117.65;125.54;128.95;127.21,HALAL,"Business activity permissible — debt ratio not verified, cross-check Musaffa/Zoya",
FIVE,RETAIL,RETAIL-DISCOUNT & VARIETY,67,217.1300048828125,0.14056842176810558,187.24;188.39;197.80;192.93;202.61;206.68;201.23;212.48;215.97;219.29;223.10;223.53;221.55;221.65;219.82;218.54;210.36;214.00;235.17;230.50;233.65;221.72;228.48;235.39;226.53;225.19;221.19;223.32;236.26;237.10;238.20;234.25;228.14;230.52;226.72;221.25;208.15;209.99;213.64;214.39;219.79;221.07;224.90;226.22;222.89;190.47;190.83;201.97;193.92;191.26;193.45;187.75;188.37;179.79;182.43;176.25;184.24;191.53;193.03;202.63;203.71;201.31;207.14;209.49;217.13,HALAL,"Business activity permissible — debt ratio not verified, cross-check Musaffa/Zoya",
OLLI,RETAIL,RETAIL-DISCOUNT & VARIETY,6,73.47000122070312,-0.3505701139890782,111.00;107.26;110.05;108.58;112.50;112.97;115.09;111.74;109.50;107.22;106.40;107.10;103.56;109.23;106.28;103.37;109.25;104.09;101.74;94.45;91.01;89.24;92.04;95.22;96.08;92.39;91.69;95.23;94.82;88.14;88.25;92.05;85.40;85.61;81.78;81.77;75.73;74.22;78.49;79.69;83.07;80.62;82.54;80.86;79.74;76.70;77.88;83.65;85.00;77.47;73.42;74.09;71.91;76.88;74.21;68.03;63.72;65.33;65.46;66.51;66.00;65.24;66.77;71.37;73.47,HALAL,"Business activity permissible — debt ratio not verified, cross-check Musaffa/Zoya",
BIG,RETAIL,RETAIL-DISCOUNT & VARIETY,,,,,HALAL,"Business activity permissible — debt ratio not verified, cross-check Musaffa/Zoya",
PSMT,RETAIL,RETAIL-DISCOUNT & VARIETY,90,193.91000366210938,0.38440543413584294,141.36;144.41;142.81;147.42;156.12;153.80;154.29;152.58;152.93;151.30;155.37;154.62;151.75;146.64;148.84;145.97;148.77;149.78;142.67;145.74;147.18;147.52;150.50;152.48;150.76;161.26;158.02;155.39;161.78;158.78;162.15;154.99;153.89;158.21;156.56;156.54;156.98;158.11;159.26;161.57;164.57;167.15;171.53;171.20;171.07;173.97;176.26;180.29;179.73;178.43;182.98;188.32;196.25;195.34;197.90;191.95;188.26;191.13;188.58;186.00;186.49;186.67;188.37;192.57;193.91,HALAL,"Business activity permissible — debt ratio not verified, cross-check Musaffa/Zoya",
RH,RETAIL,RETAIL-HOME FURNISHINGS,32,165.52000427246094,-0.27527472868865477,209.81;204.15;195.73;206.70;211.16;210.40;195.26;208.72;204.63;189.38;184.01;165.71;155.85;151.61;141.36;140.13;128.37;136.25;134.51;130.17;136.94;130.85;139.82;113.46;114.33;123.80;126.22;129.52;141.04;138.61;138.09;136.05;131.97;129.97;123.48;133.65;129.20;128.88;123.17;122.14;139.08;138.46;149.15;149.33;152.45;146.63;150.09;159.32;148.12;135.67;146.71;156.54;159.04;164.73;169.08;163.70;168.33;161.82;190.26;187.88;180.51;166.08;179.57;176.14;165.52,HALAL,"Business activity permissible — debt ratio not verified, cross-check Musaffa/Zoya",
WSM,RETAIL,RETAIL-HOME FURNISHINGS,72,228.66000366210938,0.12634520254873127,206.73;204.16;212.47;214.26;219.06;215.20;205.28;210.28;209.28;200.41;207.70;204.15;198.13;192.18;186.93;184.42;178.68;180.84;181.25;182.38;180.60;174.01;181.00;178.86;178.62;189.92;192.11;191.47;198.03;201.61;191.75;191.41;180.58;179.39;179.67;182.81;175.51;171.49;168.08;171.19;191.30;197.72;204.92;201.47;206.42;204.30;212.46;218.01;222.55;220.41;225.31;234.88;238.39;232.32;226.77;221.75;219.04;215.93;222.10;228.41;221.13;218.60;234.39;233.81;228.66,HALAL,"Business activity permissible — debt ratio not verified, cross-check Musaffa/Zoya",
BBY,RETAIL,RETAIL-HOME FURNISHINGS,85,86.26000213623047,0.32347160310756706,63.90;63.33;64.06;66.59;68.44;66.14;63.06;64.25;64.45;60.96;60.59;60.24;64.11;63.77;64.12;61.39;60.84;60.87;62.40;62.22;59.61;62.15;63.36;63.65;63.18;63.68;60.05;62.56;64.87;65.72;60.69;58.49;57.96;59.26;56.52;57.77;56.86;54.79;55.54;58.51;60.35;62.39;73.76;74.00;70.79;70.60;74.13;76.09;76.39;72.14;76.01;77.63;77.71;75.88;77.99;78.72;79.99;81.65;85.37;85.41;85.22;84.43;88.45;90.17;86.26,HALAL,"Business activity permissible — debt ratio not verified, cross-check Musaffa/Zoya",
BBBY,RETAIL,RETAIL-HOME FURNISHINGS,10,5.050000190734863,-0.26491990176737923,6.64;6.29;6.13;5.62;5.47;5.39;4.87;4.99;5.16;5.07;5.72;5.33;5.06;5.21;5.09;4.87;4.90;4.95;4.78;4.80;4.80;4.37;4.64;4.62;4.35;4.78;4.63;5.28;5.74;5.90;5.52;5.34;4.82;5.44;4.98;5.36;4.90;4.73;4.57;4.58;5.73;5.98;6.42;6.31;6.19;5.84;5.82;5.96;6.10;5.66;5.83;6.70;6.29;5.79;5.83;5.57;5.49;5.02;5.35;5.03;5.20;4.94;5.37;5.03;5.05,HALAL,"Business activity permissible — debt ratio not verified, cross-check Musaffa/Zoya",
ARHS,RETAIL,RETAIL-HOME FURNISHINGS,16,7.409999847412109,-0.24949016666162782,9.95;9.45;10.11;10.47;10.58;10.17;8.70;8.57;8.45;8.01;7.99;7.86;7.62;7.49;7.02;6.87;6.77;7.10;7.09;6.84;6.85;6.50;6.78;6.38;6.27;6.61;6.85;7.12;7.79;7.97;7.52;7.53;7.34;7.58;7.26;7.07;6.12;5.87;5.75;5.78;6.39;6.44;6.86;6.61;6.51;6.33;6.68;7.07;7.45;6.88;6.95;7.83;8.41;8.42;8.62;8.14;7.90;7.73;8.03;7.69;7.54;7.18;7.88;7.59;7.41,HALAL,"Business activity permissible — debt ratio not verified, cross-check Musaffa/Zoya",
LZB,RETAIL,RETAIL-HOME FURNISHINGS,54,39.380001068115234,0.047441238369887895,36.81;36.28;36.75;38.15;38.29;37.94;36.97;37.43;35.94;34.80;35.45;35.25;35.12;35.06;33.65;32.96;33.59;32.86;32.33;32.62;32.50;31.73;31.93;31.40;31.33;32.99;33.41;34.00;35.64;36.15;35.67;35.70;34.98;34.91;34.36;35.33;35.21;34.25;34.08;33.85;36.54;37.04;37.90;37.14;36.27;36.33;37.33;38.99;37.78;40.24;39.99;41.85;40.95;40.12;39.91;39.09;39.31;38.77;39.93;39.87;39.22;38.84;40.38;40.93;39.38,HALAL,"Business activity permissible — debt ratio not verified, cross-check Musaffa/Zoya",
FND,RETAIL,RETAIL-HOME FURNISHINGS,22,57.56999969482422,-0.23484846718016694,71.84;68.26;65.64;70.10;69.38;70.69;69.32;69.25;66.12;68.34;68.51;69.09;66.38;62.65;59.81;58.09;57.00;56.40;53.26;52.37;52.77;50.27;50.80;47.47;47.65;52.56;50.20;53.19;54.07;52.84;50.95;49.81;47.67;50.57;48.30;51.52;48.76;45.61;43.49;44.22;48.42;48.30;51.42;50.62;49.56;47.41;49.74;53.77;53.13;50.08;50.78;56.94;59.61;59.36;59.04;56.58;55.58;54.95;56.40;56.79;53.37;53.04;55.41;55.76;57.57,HALAL,"Business activity permissible — debt ratio not verified, cross-check Musaffa/Zoya",
HVT,RETAIL,RETAIL-HOME FURNISHINGS,61,24.639999389648438,-0.03456411974121132,25.06;24.73;25.16;26.29;26.52;26.24;25.34;25.48;25.19;24.57;23.61;23.12;22.30;22.59;21.63;21.54;21.16;21.62;20.82;20.76;20.94;21.00;20.88;20.53;20.67;22.18;21.95;22.23;22.95;22.88;22.46;22.35;21.49;21.43;19.96;21.44;20.96;20.24;20.51;20.92;21.93;22.67;23.48;22.78;22.53;22.63;23.33;23.99;23.69;23.78;24.16;25.43;25.81;25.53;24.97;25.12;25.09;25.02;25.66;25.63;25.55;24.71;25.22;25.95;24.64,HALAL,"Business activity permissible — debt ratio not verified, cross-check Musaffa/Zoya",
ETD,RETAIL,RETAIL-HOME FURNISHINGS,24,22.399999618530273,-0.04037986215162337,23.43;21.73;22.28;23.36;23.66;23.85;23.01;23.23;22.89;22.44;22.56;22.32;22.01;21.85;21.70;21.48;21.70;21.88;21.73;22.09;22.00;21.71;21.81;21.81;20.80;21.75;21.79;21.83;22.24;22.34;22.02;22.15;21.76;20.40;19.85;20.02;19.23;18.68;18.84;19.07;19.72;20.00;21.04;20.64;20.55;20.67;21.57;22.13;21.46;21.07;21.33;22.68;22.53;22.34;21.69;21.40;21.36;22.13;22.89;22.78;22.85;22.50;23.27;23.59;22.40,HALAL,"Business activity permissible — debt ratio not verified, cross-check Musaffa/Zoya",
AMZN,RETAIL,RETAIL-INTERNET,,,,,HALAL,"E-commerce + AWS halal core; AWS dominant — debt ratio not verified, cross-check Musaffa/Zoya",
CHWY,RETAIL,RETAIL-INTERNET,7,22.600000381469727,-0.28684127483111777,31.30;30.14;28.39;27.56;28.02;27.20;24.29;23.80;25.86;24.71;26.46;27.42;26.84;26.07;26.15;25.70;25.47;25.22;24.28;23.59;26.57;26.12;27.00;26.87;26.22;26.00;25.36;27.17;27.52;27.74;25.65;25.22;25.96;25.54;24.54;23.67;22.49;21.65;21.28;19.66;19.93;21.25;21.38;22.28;21.04;20.64;20.40;18.77;19.34;17.77;17.51;19.01;18.55;19.65;20.85;20.73;20.67;20.32;21.21;20.93;21.51;20.46;21.80;23.30;22.60,HALAL,"Business activity permissible — debt ratio not verified, cross-check Musaffa/Zoya",
ETSY,RETAIL,RETAIL-INTERNET,79,81.68000030517578,0.35748716620922427,58.63;54.95;53.61;53.09;57.82;54.08;46.24;44.36;48.14;52.37;53.44;54.88;54.46;56.63;55.78;52.69;52.02;54.92;54.76;52.49;48.23;47.31;49.98;51.64;53.94;53.42;55.34;57.92;61.90;65.19;63.48;65.11;69.60;63.17;62.95;64.02;59.86;57.40;58.07;57.61;60.74;64.33;66.78;69.00;67.05;66.86;68.76;69.44;72.19;72.83;72.54;78.02;78.04;75.33;76.97;77.59;77.72;80.53;85.74;84.10;81.69;80.91;83.84;85.58;81.68,HALAL,"Business activity permissible — debt ratio not verified, cross-check Musaffa/Zoya",
W,RETAIL,RETAIL-INTERNET,57,84.9000015258789,-0.22663506585964754,111.15;107.54;104.72;90.90;92.60;90.01;82.52;85.23;79.57;73.47;75.75;76.33;75.48;78.55;75.72;75.11;75.75;79.89;76.27;76.56;79.75;71.50;75.21;72.61;69.78;73.06;72.81;76.92;81.33;80.07;76.94;75.77;73.27;65.50;63.20;66.20;61.38;60.06;58.22;57.40;66.34;71.92;72.75;72.60;69.38;68.35;71.34;77.68;82.99;81.59;85.04;92.79;94.47;92.42;94.50;93.25;90.29;86.37;91.67;89.31;84.81;82.68;94.53;89.03;84.90,HALAL,"Business activity permissible — debt ratio not verified, cross-check Musaffa/Zoya",
CVNA,RETAIL,RETAIL-INTERNET,10,62.36000061035156,-0.34123514270115474,95.54;85.49;81.58;78.61;80.73;78.34;68.83;70.19;66.56;65.02;66.98;66.83;63.80;66.23;65.65;61.90;60.03;62.95;58.84;59.92;61.71;60.41;62.88;62.78;64.04;65.39;71.85;74.22;77.51;80.18;80.60;81.35;79.32;76.52;75.82;80.00;76.23;69.90;67.17;63.35;64.39;70.15;73.49;71.00;63.65;66.51;69.61;67.82;68.90;62.86;66.67;67.91;62.35;65.82;68.60;67.49;67.12;64.99;70.59;67.34;65.58;60.19;64.04;66.32;62.36,HALAL,"Business activity permissible — debt ratio not verified, cross-check Musaffa/Zoya",
CARG,RETAIL,RETAIL-INTERNET,39,36.2400016784668,0.06588240230784703,33.93;33.01;32.38;28.95;28.61;28.24;26.96;27.73;29.20;27.86;30.26;30.70;32.45;34.20;33.85;31.39;30.86;33.42;33.99;34.35;35.45;35.01;34.05;33.33;35.24;34.40;34.84;35.86;36.86;37.86;37.48;37.73;36.67;37.04;37.67;38.16;32.39;31.22;28.67;28.39;27.60;27.79;30.35;29.73;27.25;27.42;28.26;27.68;27.94;29.36;30.08;31.20;33.03;34.09;36.24;34.92;34.50;33.75;35.66;35.00;35.06;32.96;34.96;37.07;36.24,HALAL,"Business activity permissible — debt ratio not verified, cross-check Musaffa/Zoya",
CARS,RETAIL,RETAIL-INTERNET,,,,,HALAL,"Business activity permissible — debt ratio not verified, cross-check Musaffa/Zoya",
VRT,RETAIL,RETAIL-INTERNET,73,241.57000732421875,0.32433430826582366,189.13;195.01;189.93;182.48;195.49;199.53;236.40;243.42;242.95;245.31;262.07;254.78;244.33;249.64;264.23;268.14;258.76;268.35;269.11;255.95;276.10;251.02;250.53;261.24;262.25;287.58;299.90;301.10;307.28;312.38;321.68;322.36;306.12;328.24;340.95;339.94;367.84;369.91;370.86;322.56;323.33;323.84;314.11;323.32;331.37;300.45;289.46;297.82;311.93;317.58;357.96;316.43;303.95;334.82;300.53;305.58;323.92;305.87;304.57;289.56;304.50;304.04;287.60;223.04;241.57,HALAL,"Business activity permissible — debt ratio not verified, cross-check Musaffa/Zoya",
REAL,RETAIL,RETAIL-INTERNET,67,12.09000015258789,-0.20565046383221552,16.09;15.44;14.71;13.64;13.09;12.44;10.75;10.90;11.16;10.97;12.02;12.26;11.63;11.37;10.87;10.04;9.56;9.94;9.22;9.33;9.15;8.57;9.08;9.12;9.22;9.69;10.36;10.50;12.08;11.61;12.54;11.66;11.77;11.77;12.72;12.40;9.97;9.41;9.06;8.97;9.27;9.50;9.81;9.70;9.12;8.87;9.54;9.84;11.07;11.39;12.35;12.86;12.16;11.79;11.58;10.93;10.55;10.68;11.26;11.21;11.92;11.37;11.66;11.69;12.09,HALAL,"Business activity permissible — debt ratio not verified, cross-check Musaffa/Zoya",
SIG,RETAIL,RETAIL-JEWELRY,42,92.9000015258789,0.04274481759228199,89.86;90.94;94.02;93.76;96.25;90.87;88.66;94.87;94.33;93.76;97.51;95.44;96.37;92.99;90.90;84.82;81.57;84.30;88.86;89.05;89.16;83.39;83.98;84.19;87.04;92.34;92.20;91.97;93.84;95.16;89.32;87.43;84.67;85.37;81.67;87.65;82.81;77.72;75.69;73.84;81.08;83.72;86.65;84.49;85.02;82.96;86.41;91.39;88.37;86.14;86.39;84.76;87.20;85.86;83.79;83.13;83.20;84.27;86.69;91.29;89.92;89.32;95.74;98.86;92.90,HALAL,"Business activity permissible — debt ratio not verified, cross-check Musaffa/Zoya",
BIRD,RETAIL,RETAIL-JEWELRY,1,2.2200000286102295,-0.46376809173794364,3.92;3.98;3.85;3.55;3.51;3.34;3.05;3.06;3.11;2.91;2.82;2.84;2.76;2.61;3.11;3.22;3.09;3.26;3.19;3.21;3.57;3.18;3.01;2.66;2.52;2.55;2.53;16.99;10.80;8.50;8.01;6.70;6.74;6.46;5.62;6.22;5.34;4.63;4.41;4.01;4.16;3.83;4.27;4.18;4.10;3.83;3.93;3.88;3.84;5.48;5.51;4.87;4.41;4.00;3.85;3.47;3.46;3.00;2.96;2.70;2.74;2.56;2.51;2.21;2.22,HALAL,"Business activity permissible — debt ratio not verified, cross-check Musaffa/Zoya",
PNDORA,RETAIL,RETAIL-JEWELRY,,,,,HALAL,"Business activity permissible — debt ratio not verified, cross-check Musaffa/Zoya",
DKS,RETAIL,RETAIL-LEISURE PRODUCTS,20,195.91000366210938,-0.03813368316398058,203.33;203.11;200.56;207.99;205.78;197.40;196.92;203.67;200.30;208.79;212.17;201.18;199.03;199.78;193.54;193.17;189.85;188.34;190.71;190.19;191.67;188.30;197.18;190.68;199.23;211.43;209.39;215.77;223.11;227.53;223.21;228.06;218.77;223.37;214.29;220.96;219.02;213.42;215.27;210.37;220.49;231.83;225.05;215.75;222.92;213.63;218.35;222.70;220.04;224.83;238.57;236.93;239.17;226.81;236.18;223.13;217.32;216.10;208.89;217.36;208.41;204.36;205.60;205.99;195.91,HALAL,"Business activity permissible — debt ratio not verified, cross-check Musaffa/Zoya",
BOOT,RETAIL,RETAIL-LEISURE PRODUCTS,13,148.99000549316406,-0.19018366695796984,178.69;174.82;183.34;183.20;203.38;194.11;186.00;197.53;196.89;194.60;197.57;189.22;186.80;184.76;173.87;169.31;164.11;160.49;162.40;161.19;157.10;149.23;146.36;135.16;149.87;157.82;156.40;157.95;163.09;165.89;163.19;170.28;166.74;171.47;165.90;163.37;153.10;145.24;143.85;141.54;154.49;164.09;170.77;169.84;170.69;167.60;170.81;174.98;165.88;165.72;178.46;177.48;177.58;164.27;157.72;158.03;157.37;164.32;154.19;152.47;149.05;147.76;155.12;150.89;148.99,HALAL,"Business activity permissible — debt ratio not verified, cross-check Musaffa/Zoya",
ASO,RETAIL,RETAIL-LEISURE PRODUCTS,18,47.45000076293945,-0.16000037006968248,53.85;55.04;55.81;59.18;58.78;57.10;57.39;59.42;58.72;58.55;60.83;59.78;59.43;60.04;58.91;57.47;56.01;49.61;52.76;52.50;53.17;53.35;56.28;57.18;57.01;55.51;56.97;58.91;58.45;57.89;56.60;56.35;53.22;53.67;51.85;53.39;51.38;49.82;50.40;49.10;50.88;54.37;54.95;52.43;51.63;51.59;50.22;52.17;49.10;49.47;51.88;51.21;48.50;47.13;47.84;45.40;45.48;46.49;47.22;48.39;48.25;47.06;49.90;49.07;47.45,HALAL,"Business activity permissible — debt ratio not verified, cross-check Musaffa/Zoya",
HIBB,RETAIL,RETAIL-LEISURE PRODUCTS,,,,,HALAL,"Business activity permissible — debt ratio not verified, cross-check Musaffa/Zoya",
BGFV,RETAIL,RETAIL-LEISURE PRODUCTS,,,,,HALAL,"Business activity permissible — debt ratio not verified, cross-check Musaffa/Zoya",
VSTO,RETAIL,RETAIL-LEISURE PRODUCTS,,,,,HALAL,"Business activity permissible — debt ratio not verified, cross-check Musaffa/Zoya",
MCD,RETAIL,RETAIL-RESTAURANTS,21,270.6400146484375,-0.11399300152607694,310.28;311.64;314.63;319.72;323.15;321.98;328.01;323.61;323.10;330.46;328.93;336.88;329.93;325.24;328.57;323.02;324.26;324.10;307.49;306.39;309.60;303.84;308.70;305.07;302.80;307.46;302.46;304.20;309.26;299.81;300.49;288.26;288.13;284.71;283.25;281.79;272.75;273.84;274.53;278.91;282.27;277.38;276.10;274.25;273.29;279.84;282.25;284.77;286.12;283.82;270.10;273.88;269.76;270.31;280.63;282.21;276.49;272.61;264.95;267.71;263.91;262.80;270.67;271.52;270.64,QUESTIONABLE,Some alcohol revenue in international markets,
SBUX,RETAIL,RETAIL-RESTAURANTS,60,105.25,0.09147325289510455,94.55;92.73;90.57;95.79;98.24;96.34;95.58;94.83;95.24;94.23;97.36;97.45;96.12;98.11;99.19;100.85;98.57;97.00;95.27;93.28;92.16;86.30;89.07;89.84;94.66;96.36;96.91;97.77;99.42;97.23;98.96;97.32;104.89;105.28;104.33;103.65;105.12;105.33;106.82;106.38;104.13;101.42;100.75;96.51;95.89;95.29;97.41;102.28;101.59;99.82;100.15;103.53;104.60;102.19;104.27;103.61;106.41;107.34;105.11;105.49;104.45;103.21;103.65;104.14;105.25,HALAL,"No alcohol/pork in core menu — debt ratio not verified, cross-check Musaffa/Zoya",
CMG,RETAIL,RETAIL-RESTAURANTS,,,,,QUESTIONABLE,"Some alcohol revenue (margaritas, beer)",
YUM,RETAIL,RETAIL-RESTAURANTS,37,153.27999877929688,0.011570870777912079,152.56;154.01;154.70;158.06;161.39;157.35;161.74;159.67;161.94;165.64;164.43;167.34;159.70;157.85;159.07;155.84;159.62;162.89;155.49;157.77;158.38;153.21;154.72;155.33;156.17;160.01;160.64;161.15;162.00;159.56;159.95;154.41;159.06;157.59;153.14;156.48;149.56;149.04;149.24;151.45;153.57;153.26;150.03;147.51;148.44;150.87;151.63;153.27;154.67;154.07;150.74;153.02;156.41;159.86;164.73;167.49;162.39;161.68;152.57;147.92;147.17;147.37;147.80;151.92;153.28,QUESTIONABLE,KFC/Pizza Hut/Taco Bell — pork in some menus,
QSR,RETAIL,RETAIL-RESTAURANTS,43,74.0199966430664,0.10168609275809626,66.30;66.27;65.79;68.06;69.64;69.01;65.17;66.92;67.36;66.33;66.42;70.44;70.86;72.03;72.06;70.73;71.36;73.72;73.46;74.33;72.26;70.77;73.23;75.89;75.82;76.17;76.81;78.01;77.61;77.98;80.50;78.16;77.99;79.31;80.93;78.42;77.52;75.75;75.15;75.08;75.56;74.74;73.64;72.20;72.10;72.00;72.01;73.23;74.97;73.50;71.20;72.76;74.34;72.51;74.79;73.94;74.94;75.57;74.18;75.01;73.82;72.38;74.41;75.52;74.02,QUESTIONABLE,Restaurant Brands — pork in some menus,
DPZ,RETAIL,RETAIL-RESTAURANTS,19,347.44000244140625,-0.14616357559546822,409.26;402.55;404.66;397.26;390.48;385.39;377.53;369.34;380.84;395.90;399.44;398.03;403.83;398.21;411.15;388.91;399.16;393.75;372.99;364.55;360.30;346.00;356.59;368.54;365.89;371.01;366.56;365.81;369.77;366.93;370.10;333.24;330.27;335.69;329.69;330.49;311.30;306.58;300.43;310.83;314.53;308.51;308.44;311.78;304.89;312.06;315.74;310.34;316.52;314.36;295.11;287.62;298.18;296.04;311.66;313.14;300.88;309.85;310.87;322.18;326.34;323.25;343.53;360.00;347.44,HALAL,"Domino's — pizza, no alcohol — debt ratio not verified, cross-check Musaffa/Zoya",
WEN,RETAIL,RETAIL-RESTAURANTS,25,7.360000133514404,-0.09312887784103763,7.69;7.44;7.41;7.77;7.73;7.54;7.01;6.75;8.02;7.49;7.22;7.38;7.37;7.12;7.14;6.94;7.04;6.88;6.93;7.03;7.01;6.68;6.82;6.75;6.76;6.97;6.58;6.77;6.82;6.98;6.80;6.77;6.64;6.58;6.49;6.82;6.64;8.04;7.87;7.97;7.48;7.23;7.36;7.85;6.85;6.71;6.71;6.79;6.91;6.95;6.17;7.86;7.80;8.29;8.60;7.78;7.59;7.50;7.45;7.76;7.63;7.17;7.31;7.65;7.36,HALAL,"Wendy's — quick service, no alcohol — debt ratio not verified, cross-check Musaffa/Zoya",
TXRH,RETAIL,RETAIL-RESTAURANTS,68,205.44000244140625,0.08696509697920818,183.36;182.43;181.02;183.88;189.32;181.10;180.35;185.29;180.95;176.39;180.21;181.29;179.66;173.53;171.01;170.63;168.77;170.21;170.90;166.49;168.36;159.50;164.43;162.28;159.26;163.88;161.79;162.33;164.37;160.36;159.75;157.19;159.14;157.61;157.35;157.25;182.76;178.53;177.21;173.08;177.29;181.42;179.58;174.65;166.19;170.46;164.00;167.70;167.54;173.54;179.77;187.02;196.59;193.23;194.28;187.03;187.04;192.03;189.86;197.03;194.31;190.86;201.04;209.16;205.44,HARAM,Texas Roadhouse — significant alcohol revenue,
DRI,RETAIL,RETAIL-RESTAURANTS,,,,,HARAM,"Darden — Olive Garden etc., heavy alcohol revenue",
BLMN,RETAIL,RETAIL-RESTAURANTS,70,8.65999984741211,0.12321657646754836,6.69;6.16;5.97;6.43;7.07;6.96;6.47;6.44;6.64;6.14;5.71;6.12;6.35;6.38;5.81;5.70;5.51;5.69;6.03;5.59;5.62;5.26;5.40;5.49;5.66;6.08;5.83;6.55;6.73;6.49;6.39;6.08;6.01;5.92;5.76;7.95;8.37;8.28;8.04;7.61;7.75;7.92;8.32;8.14;7.49;7.27;7.43;8.06;7.65;7.68;8.33;8.55;8.97;9.14;8.70;7.98;8.06;8.44;8.42;8.54;8.44;8.19;8.54;8.81;8.66,HARAM,"Bloomin' Brands — Outback steakhouse, alcohol",
EAT,RETAIL,RETAIL-RESTAURANTS,92,213.6999969482422,0.3128954435027811,157.29;160.64;162.12;162.06;168.93;163.17;162.54;163.33;150.61;140.78;144.90;148.20;140.96;140.38;137.57;144.35;144.02;142.77;144.76;146.96;147.11;133.67;142.77;144.69;148.41;154.87;154.15;157.23;158.14;147.71;143.85;134.13;147.80;148.14;144.94;146.30;139.61;126.36;137.22;126.33;136.57;139.68;140.02;141.76;140.26;140.46;150.83;158.73;156.24;158.80;164.46;169.87;171.46;168.00;177.71;175.30;180.63;189.27;178.64;189.35;192.83;185.00;195.44;205.73;213.70,HARAM,"Brinker — Chili's, alcohol revenue",
CAVA,RETAIL,RETAIL-RESTAURANTS,13,65.2300033569336,-0.016435409271808088,62.33;63.03;59.60;65.41;69.96;68.93;63.61;63.31;68.44;68.35;85.67;82.47;77.07;79.37;81.81;80.50;82.00;90.52;87.64;87.07;80.29;75.42;80.90;79.63;83.42;86.15;84.21;88.44;94.78;96.27;93.11;94.23;91.11;90.98;90.34;84.47;79.99;72.30;76.87;78.12;81.27;80.32;78.20;74.67;71.33;72.60;76.28;88.25;89.52;88.05;80.88;82.24;83.40;78.48;76.88;69.74;68.20;72.54;69.65;68.85;63.69;63.21;64.54;65.36;65.23,HALAL,"Business activity permissible — debt ratio not verified, cross-check Musaffa/Zoya",
WING,RETAIL,RETAIL-RESTAURANTS,2,129.49000549316406,-0.5210495345979591,273.92;271.29;265.65;281.79;263.01;258.66;223.15;250.83;259.01;247.40;253.24;258.53;246.27;235.44;223.71;208.13;202.93;197.58;186.82;182.78;165.89;154.07;154.58;152.13;165.62;178.60;185.84;190.92;195.84;188.71;186.27;177.28;170.78;160.32;146.37;134.54;127.01;120.31;129.21;126.80;132.65;140.63;157.61;158.16;144.05;142.23;143.86;153.88;166.22;150.05;156.74;155.79;166.76;173.41;177.99;170.21;157.72;154.06;145.70;142.33;134.95;134.86;137.24;139.45;129.49,HALAL,"Business activity permissible — debt ratio not verified, cross-check Musaffa/Zoya",
DNUT,RETAIL,RETAIL-RESTAURANTS,21,3.180000066757202,-0.0619469119907029,3.36;3.13;3.12;3.26;3.16;3.06;2.99;2.92;2.98;2.97;2.99;3.75;3.53;3.62;3.42;3.26;3.27;3.59;3.76;3.35;3.35;3.23;3.39;3.40;3.32;3.37;3.31;3.46;3.61;3.98;3.82;4.02;3.65;3.82;3.67;3.64;3.38;3.31;3.23;3.21;3.33;3.37;3.42;3.53;3.30;3.51;3.73;4.20;3.99;3.78;3.50;3.73;3.54;3.53;3.51;3.32;3.42;3.47;3.32;3.30;3.19;3.11;3.26;3.26;3.18,HALAL,"Business activity permissible — debt ratio not verified, cross-check Musaffa/Zoya",
SHAK,RETAIL,RETAIL-RESTAURANTS,4,62.75,-0.3197831978319783,87.32;88.03;92.72;94.48;98.30;95.75;88.93;91.45;93.18;89.56;92.13;96.01;96.07;96.79;95.67;92.58;86.92;90.50;88.16;90.87;89.50;81.32;88.47;89.33;92.80;97.55;100.65;101.17;103.73;101.78;97.59;101.45;100.61;98.36;96.61;69.24;64.50;63.91;60.41;64.12;62.83;61.82;62.13;62.22;55.53;52.34;53.78;58.33;58.40;58.79;55.71;54.75;56.87;56.02;56.47;54.92;56.32;62.18;60.00;58.00;56.44;55.99;61.57;63.05;62.75,QUESTIONABLE,Beer/wine on menu,
JACK,RETAIL,RETAIL-RESTAURANTS,34,16.3700008392334,-0.22637046515690462,21.79;20.59;21.00;22.23;22.77;20.41;20.50;21.34;18.02;17.07;16.87;16.92;15.18;15.09;13.95;13.37;12.66;12.50;11.19;11.16;11.00;9.70;9.67;9.99;10.96;12.02;11.38;11.72;12.98;12.70;12.71;13.20;12.30;12.28;12.84;13.87;13.40;12.79;10.87;11.44;11.35;10.89;11.56;13.48;11.95;11.32;11.96;12.44;12.92;12.40;11.41;13.35;13.81;15.81;17.20;15.68;15.17;15.12;15.27;14.98;14.81;13.77;15.67;16.47;16.37,HALAL,"Business activity permissible — debt ratio not verified, cross-check Musaffa/Zoya",
BROS,RETAIL,RETAIL-RESTAURANTS,59,65.83000183105469,0.0797113418574329,57.82;57.47;55.77;54.48;57.04;55.05;50.82;53.61;49.73;47.28;50.85;53.61;53.03;54.51;52.45;51.59;47.30;51.29;50.93;52.43;51.33;46.69;50.66;50.35;53.03;55.85;52.86;51.72;53.44;53.63;54.54;57.38;55.34;56.95;57.17;53.54;51.13;48.40;51.01;52.77;53.46;53.57;56.56;58.89;56.60;55.52;57.79;65.03;66.51;65.72;67.03;67.15;71.85;71.81;72.16;66.28;65.64;66.46;63.86;68.36;66.13;63.99;65.70;64.61;65.83,HALAL,"Business activity permissible — debt ratio not verified, cross-check Musaffa/Zoya",
PTLO,RETAIL,RETAIL-RESTAURANTS,6,4.570000171661377,-0.2396006659534473,5.89;5.69;5.65;5.82;5.96;5.96;5.46;5.49;5.66;5.79;5.28;5.34;5.21;5.13;5.01;5.29;5.33;5.82;5.57;5.40;5.42;5.18;5.29;5.56;5.61;5.85;5.38;5.52;5.91;6.24;6.39;6.39;5.92;6.49;4.78;4.36;4.12;4.04;3.98;3.98;4.10;3.98;4.26;4.17;3.96;3.99;3.96;4.47;4.44;4.22;4.04;4.34;4.74;4.74;4.98;4.80;4.60;4.75;4.59;4.67;4.48;4.34;4.67;4.76;4.57,HALAL,"Business activity permissible — debt ratio not verified, cross-check Musaffa/Zoya",
ARKR,RETAIL,RETAIL-RESTAURANTS,,,,,HALAL,"Business activity permissible — debt ratio not verified, cross-check Musaffa/Zoya",
KR,RETAIL,RETAIL-SUPER/MINI MARKETS,15,57.7400016784668,-0.09205810009486604,61.48;61.12;62.42;66.12;66.81;67.33;69.42;69.29;67.28;67.90;67.24;67.88;68.28;71.19;72.99;71.81;75.20;73.73;73.37;72.32;69.99;72.84;71.98;71.97;72.30;69.98;67.67;66.28;67.83;68.45;68.74;65.55;66.75;67.41;66.57;66.06;64.46;65.89;66.02;70.60;67.07;64.55;63.66;61.52;61.23;63.57;62.99;64.12;64.06;61.82;55.76;58.48;57.73;55.53;58.22;58.54;59.86;59.31;56.56;58.82;57.78;55.76;57.98;59.87;57.74,HALAL,"Business activity permissible — debt ratio not verified, cross-check Musaffa/Zoya",
SFM,RETAIL,RETAIL-SUPER/MINI MARKETS,34,87.16000366210938,0.22004480240039714,70.89;70.66;69.59;69.48;67.32;65.56;67.63;67.56;67.85;71.50;73.73;73.87;77.99;76.91;77.79;75.35;82.06;81.07;84.52;78.90;75.26;77.40;77.13;77.54;77.12;76.02;76.05;74.93;74.15;75.29;72.55;71.62;71.13;81.19;78.75;81.01;81.58;88.27;85.51;90.02;85.39;85.63;86.69;79.74;78.98;82.87;84.74;88.12;85.39;79.66;80.84;85.39;82.14;84.58;89.94;84.09;80.38;79.67;73.30;75.78;74.69;73.49;76.84;79.16;87.16,HALAL,"Business activity permissible — debt ratio not verified, cross-check Musaffa/Zoya",
ACI,RETAIL,RETAIL-SUPER/MINI MARKETS,5,11.579999923706055,-0.3039621360299627,16.25;16.18;16.44;17.32;17.64;17.13;17.49;18.01;17.49;18.05;17.26;17.46;17.09;16.87;16.80;16.03;16.84;17.19;16.91;16.71;16.16;16.65;16.62;17.02;17.60;17.04;16.43;16.19;16.29;16.68;16.44;16.32;16.24;16.37;15.89;15.94;15.68;16.29;16.16;16.94;16.03;15.50;15.68;15.24;15.48;16.12;15.43;15.16;14.64;14.20;13.42;13.92;13.39;13.33;13.92;13.93;14.13;14.57;14.34;14.89;14.50;11.27;11.37;12.06;11.58,HALAL,"Business activity permissible — debt ratio not verified, cross-check Musaffa/Zoya",
WMK,RETAIL,RETAIL-SUPER/MINI MARKETS,53,77.05000305175781,0.13672807159820355,68.90;69.04;70.75;72.95;72.65;70.51;71.17;72.23;73.16;72.79;70.84;67.12;65.89;63.34;62.22;61.83;65.31;67.04;65.74;66.44;65.15;67.62;67.75;69.62;70.77;72.35;70.48;68.09;70.40;69.45;70.20;67.22;68.66;70.28;68.90;70.03;68.95;69.60;69.97;72.51;71.91;71.58;73.95;73.96;73.51;77.86;78.89;82.16;78.87;76.10;77.77;79.99;79.72;77.95;79.73;80.12;78.80;78.33;77.19;77.69;77.13;74.39;74.73;77.79;77.05,HALAL,"Business activity permissible — debt ratio not verified, cross-check Musaffa/Zoya",
GO,RETAIL,RETAIL-SUPER/MINI MARKETS,19,9.1899995803833,-0.062244959028497804,10.00;9.44;9.29;9.79;10.07;9.94;10.08;10.04;10.20;9.98;9.99;9.88;8.87;6.34;6.08;6.20;6.40;5.85;5.83;6.45;6.54;7.07;7.05;7.22;6.99;7.02;7.04;7.23;7.58;7.90;7.84;8.01;7.69;8.35;7.84;8.04;7.85;7.74;7.40;8.12;8.01;7.92;8.62;8.19;8.27;8.56;8.87;9.42;9.62;9.48;9.36;9.80;9.92;9.98;10.39;10.21;10.20;9.91;9.69;9.44;9.29;8.94;9.42;9.14;9.19,HALAL,"Business activity permissible — debt ratio not verified, cross-check Musaffa/Zoya",
IMKTA,RETAIL,RETAIL-SUPER/MINI MARKETS,64,90.01000213623047,0.2445826518055365,71.99;72.60;77.16;82.98;84.60;84.75;88.23;86.01;86.62;87.13;87.64;84.80;85.92;83.52;83.61;84.88;88.21;86.86;83.46;84.82;86.26;88.68;89.57;90.80;92.21;95.06;92.20;90.01;91.22;87.81;90.69;89.87;88.88;91.14;89.29;85.62;85.26;85.09;86.00;87.61;87.20;87.28;89.10;88.65;87.20;90.98;92.68;92.88;88.16;86.91;89.59;90.02;89.23;88.42;90.01;91.97;91.21;90.71;90.81;90.15;89.69;84.88;87.88;90.76;90.01,HALAL,"Business activity permissible — debt ratio not verified, cross-check Musaffa/Zoya",
AAP,RETAIL,RETAIL/WHLSL-AUTO,40,55.540000915527344,0.1982349103608323,48.90;47.69;48.27;54.03;54.81;56.09;57.70;56.23;55.48;54.87;49.99;52.69;51.45;50.80;50.63;52.85;51.27;51.46;47.91;50.29;52.26;51.11;52.28;51.37;52.20;56.02;56.10;56.62;57.23;58.46;57.90;57.61;55.51;58.66;56.64;56.97;51.59;49.04;46.96;49.30;58.35;54.88;59.59;59.03;56.86;56.55;59.77;60.34;60.76;57.84;55.17;57.68;61.90;61.94;61.25;55.61;54.75;55.31;52.09;53.16;55.64;53.42;57.73;58.43;55.54,HALAL,"Business activity permissible — debt ratio not verified, cross-check Musaffa/Zoya",
AZO,RETAIL,RETAIL/WHLSL-AUTO,11,3016.25,-0.18479729729729732,3799.99;3703.76;3722.41;3720.50;3681.26;3664.84;3788.71;3742.00;3745.49;3829.27;3671.82;3755.58;3637.17;3742.02;3672.68;3712.42;3562.85;3439.64;3341.58;3353.24;3386.14;3316.71;3377.78;3400.54;3387.00;3548.19;3514.47;3536.42;3572.38;3606.18;3597.20;3562.26;3523.56;3594.08;3540.92;3554.88;3427.80;3366.79;3321.15;3347.28;3438.18;3100.11;3007.08;3020.95;3061.65;3116.43;3137.75;3081.62;3105.48;3059.63;2949.06;3087.77;3128.70;3195.94;3159.28;3074.86;3010.39;3078.98;2970.57;3046.44;3013.03;2923.50;3075.26;3142.17;3016.25,HALAL,"Business activity permissible — debt ratio not verified, cross-check Musaffa/Zoya",
ORLY,RETAIL,RETAIL/WHLSL-AUTO,24,89.3499984741211,-0.09956670914616217,100.62;98.85;98.01;96.74;94.22;93.44;95.21;92.60;94.17;95.35;91.44;93.88;93.87;94.36;94.61;94.39;91.54;89.39;87.91;88.70;91.16;90.11;92.31;91.42;91.36;94.40;94.01;93.60;93.71;93.81;93.24;91.97;91.69;96.67;95.00;94.58;91.35;89.70;88.49;91.92;92.34;89.87;89.23;86.64;87.38;90.33;89.49;90.10;90.26;88.40;85.63;87.82;89.55;92.09;90.25;86.65;85.12;87.28;82.73;86.05;87.97;86.11;90.59;90.63;89.35,HALAL,"Business activity permissible — debt ratio not verified, cross-check Musaffa/Zoya",
MNRO,RETAIL,RETAIL/WHLSL-AUTO,7,12.25,-0.39286802412182253,19.43;18.42;18.07;19.13;20.37;20.68;22.87;21.79;21.91;22.00;21.81;21.15;19.71;18.42;17.31;16.89;15.04;15.35;15.06;14.95;16.06;15.19;15.75;15.68;15.46;16.39;16.44;16.27;17.55;17.07;16.96;17.19;16.45;17.27;16.81;17.12;16.48;15.60;15.48;15.01;16.09;16.26;16.32;15.42;15.57;14.53;14.66;16.08;16.25;15.19;15.35;15.71;17.22;17.11;17.21;17.32;16.83;16.51;17.21;16.96;17.07;16.71;16.94;13.26;12.25,HALAL,"Business activity permissible — debt ratio not verified, cross-check Musaffa/Zoya",
PAG,RETAIL,RETAIL/WHLSL-AUTO,85,217.30999755859375,0.3875038385816032,157.64;153.98;154.82;162.57;163.81;161.57;174.19;162.76;162.82;160.35;158.12;156.16;155.57;156.30;154.60;149.06;144.67;143.99;143.07;144.29;146.83;147.13;148.23;148.05;146.89;153.81;155.45;153.79;159.93;159.31;158.62;158.76;170.18;168.38;167.35;170.13;171.77;165.14;160.78;155.11;160.34;166.59;168.17;170.44;171.88;171.02;180.20;181.02;180.07;171.33;175.00;183.44;182.21;178.95;179.42;184.97;191.49;193.22;200.40;202.66;195.19;215.54;215.70;223.44;217.31,HALAL,"Business activity permissible — debt ratio not verified, cross-check Musaffa/Zoya",
GPI,RETAIL,RETAIL/WHLSL-AUTO,8,286.7699890136719,-0.2657617899609428,395.60;361.92;350.69;356.61;345.09;333.46;334.86;329.19;330.83;331.78;334.15;324.62;321.92;323.63;317.52;312.29;299.38;296.90;315.75;321.66;326.29;324.61;330.06;328.88;323.40;337.52;337.43;332.15;349.33;344.09;339.19;338.93;348.60;353.06;340.76;349.55;347.99;327.21;313.07;304.94;319.55;329.06;325.87;311.51;305.75;311.00;328.29;324.91;325.74;305.07;315.25;317.51;301.74;291.17;288.39;296.47;302.96;295.66;319.40;326.06;311.62;326.68;337.43;357.97;286.77,HALAL,"Business activity permissible — debt ratio not verified, cross-check Musaffa/Zoya",
AN,RETAIL,RETAIL/WHLSL-AUTO,40,212.39999389648438,-0.00868104479621934,214.19;207.07;205.27;214.92;216.65;206.58;206.60;200.15;201.11;196.77;196.48;195.16;195.00;193.30;193.58;190.34;183.47;184.47;184.73;189.39;193.55;192.48;195.26;197.68;193.51;200.42;202.25;195.81;207.99;205.31;202.97;204.00;205.69;210.00;202.29;205.29;200.48;191.11;184.15;178.59;186.43;191.76;193.74;189.02;190.25;187.72;195.00;194.07;193.39;186.36;188.30;194.85;191.64;185.79;186.41;191.68;192.31;193.43;203.54;205.72;198.48;205.10;212.20;229.98;212.40,HALAL,"Business activity permissible — debt ratio not verified, cross-check Musaffa/Zoya",
LAD,RETAIL,RETAIL/WHLSL-AUTO,80,385.4200134277344,0.1999164106874609,325.86;325.76;326.35;338.48;342.86;325.24;303.29;299.83;296.11;283.83;278.40;278.46;270.87;266.03;264.95;263.30;254.20;250.48;247.82;252.09;253.70;249.96;249.23;251.33;261.03;266.02;278.51;273.94;282.49;279.34;275.85;276.32;290.43;290.33;285.96;290.53;286.67;273.22;261.92;257.09;274.53;283.05;295.62;293.52;290.67;288.84;303.87;312.66;308.52;293.02;295.15;305.30;292.10;290.49;306.23;311.69;311.98;317.96;331.37;335.28;330.79;334.02;345.48;427.48;385.42,HALAL,"Business activity permissible — debt ratio not verified, cross-check Musaffa/Zoya",
SAH,RETAIL,RETAIL/WHLSL-AUTO,80,91.58000183105469,0.5124247761206817,60.61;59.60;59.77;61.89;61.77;59.33;60.02;57.63;63.82;62.05;61.89;62.03;61.93;61.75;60.54;60.75;59.60;60.21;60.67;62.53;64.99;65.61;68.24;64.56;63.19;67.50;67.74;65.57;70.36;69.73;70.87;71.23;72.95;76.06;78.41;79.74;80.43;75.75;73.60;72.52;75.53;78.31;83.33;83.46;82.89;81.76;84.41;83.84;83.71;78.13;80.58;83.62;84.51;84.79;83.73;87.26;95.31;90.51;99.73;100.37;97.53;99.11;102.98;112.66;91.58,HALAL,"Business activity permissible — debt ratio not verified, cross-check Musaffa/Zoya",
ABG,RETAIL,RETAIL/WHLSL-AUTO,,,,,HALAL,"Business activity permissible — debt ratio not verified, cross-check Musaffa/Zoya",
CVNA,RETAIL,RETAIL/WHLSL-AUTO,10,62.36000061035156,-0.34123514270115474,95.54;85.49;81.58;78.61;80.73;78.34;68.83;70.19;66.56;65.02;66.98;66.83;63.80;66.23;65.65;61.90;60.03;62.95;58.84;59.92;61.71;60.41;62.88;62.78;64.04;65.39;71.85;74.22;77.51;80.18;80.60;81.35;79.32;76.52;75.82;80.00;76.23;69.90;67.17;63.35;64.39;70.15;73.49;71.00;63.65;66.51;69.61;67.82;68.90;62.86;66.67;67.91;62.35;65.82;68.60;67.49;67.12;64.99;70.59;67.34;65.58;60.19;64.04;66.32;62.36,HALAL,"Business activity permissible — debt ratio not verified, cross-check Musaffa/Zoya",
KMX,RETAIL,RETAIL/WHLSL-AUTO,79,57.2599983215332,0.23698416913027387,46.34;45.53;44.78;47.26;47.17;45.83;40.96;42.25;44.58;42.32;42.06;43.17;41.84;42.05;42.50;42.50;41.84;42.33;42.38;42.89;41.88;40.86;41.58;41.23;43.31;45.32;49.08;40.51;40.88;39.04;38.55;38.17;38.35;38.53;37.25;39.91;39.08;37.07;36.93;36.27;38.92;40.64;43.90;45.02;46.03;47.15;48.01;51.57;52.21;47.43;52.40;50.79;52.76;52.89;50.98;51.05;51.01;54.87;58.94;57.33;57.61;58.39;58.40;59.11;57.26,HALAL,"Business activity permissible — debt ratio not verified, cross-check Musaffa/Zoya",
AAP,RETAIL,RETAIL/WHLSL-AUTOMOTIVE PARTS,40,55.540000915527344,0.1982349103608323,48.90;47.69;48.27;54.03;54.81;56.09;57.70;56.23;55.48;54.87;49.99;52.69;51.45;50.80;50.63;52.85;51.27;51.46;47.91;50.29;52.26;51.11;52.28;51.37;52.20;56.02;56.10;56.62;57.23;58.46;57.90;57.61;55.51;58.66;56.64;56.97;51.59;49.04;46.96;49.30;58.35;54.88;59.59;59.03;56.86;56.55;59.77;60.34;60.76;57.84;55.17;57.68;61.90;61.94;61.25;55.61;54.75;55.31;52.09;53.16;55.64;53.42;57.73;58.43;55.54,HALAL,"Business activity permissible — debt ratio not verified, cross-check Musaffa/Zoya",
AZO,RETAIL,RETAIL/WHLSL-AUTOMOTIVE PARTS,11,3016.25,-0.18479729729729732,3799.99;3703.76;3722.41;3720.50;3681.26;3664.84;3788.71;3742.00;3745.49;3829.27;3671.82;3755.58;3637.17;3742.02;3672.68;3712.42;3562.85;3439.64;3341.58;3353.24;3386.14;3316.71;3377.78;3400.54;3387.00;3548.19;3514.47;3536.42;3572.38;3606.18;3597.20;3562.26;3523.56;3594.08;3540.92;3554.88;3427.80;3366.79;3321.15;3347.28;3438.18;3100.11;3007.08;3020.95;3061.65;3116.43;3137.75;3081.62;3105.48;3059.63;2949.06;3087.77;3128.70;3195.94;3159.28;3074.86;3010.39;3078.98;2970.57;3046.44;3013.03;2923.50;3075.26;3142.17;3016.25,HALAL,"Business activity permissible — debt ratio not verified, cross-check Musaffa/Zoya",
ORLY,RETAIL,RETAIL/WHLSL-AUTOMOTIVE PARTS,24,89.3499984741211,-0.09956670914616217,100.62;98.85;98.01;96.74;94.22;93.44;95.21;92.60;94.17;95.35;91.44;93.88;93.87;94.36;94.61;94.39;91.54;89.39;87.91;88.70;91.16;90.11;92.31;91.42;91.36;94.40;94.01;93.60;93.71;93.81;93.24;91.97;91.69;96.67;95.00;94.58;91.35;89.70;88.49;91.92;92.34;89.87;89.23;86.64;87.38;90.33;89.49;90.10;90.26;88.40;85.63;87.82;89.55;92.09;90.25;86.65;85.12;87.28;82.73;86.05;87.97;86.11;90.59;90.63;89.35,HALAL,"Business activity permissible — debt ratio not verified, cross-check Musaffa/Zoya",
GPC,RETAIL,RETAIL/WHLSL-AUTOMOTIVE PARTS,,,,,HALAL,"Business activity permissible — debt ratio not verified, cross-check Musaffa/Zoya",
DORM,RETAIL,RETAIL/WHLSL-AUTOMOTIVE PARTS,53,133.16000366210938,0.07343813289992873,124.29;123.45;126.59;128.11;130.10;131.31;131.68;129.26;127.73;127.50;114.50;117.86;116.22;112.12;107.75;105.66;102.81;101.30;102.40;103.86;106.95;104.56;104.36;100.90;101.24;109.92;109.71;106.72;110.66;110.26;109.35;110.25;110.07;112.88;119.52;124.52;121.01;116.32;116.16;112.83;118.70;120.28;125.05;122.71;124.75;127.03;127.98;128.21;126.14;122.77;124.72;131.87;134.69;136.45;137.65;139.64;136.48;138.91;137.55;141.97;137.47;132.35;136.44;141.29;133.16,HALAL,"Business activity permissible — debt ratio not verified, cross-check Musaffa/Zoya",
HD,RETAIL,RETAIL/WHLSL-BUILDING PRODUCTS,25,331.9599914550781,-0.12268829553684779,375.02;366.59;372.81;381.77;379.74;384.21;384.74;377.66;373.27;371.70;370.30;375.38;361.77;356.60;348.60;345.92;336.51;338.89;325.77;328.44;330.03;319.26;326.44;319.24;316.40;337.05;338.62;336.39;346.80;341.36;337.63;329.83;320.41;321.47;313.07;320.24;309.08;300.30;295.30;300.19;311.44;308.23;318.82;308.38;310.64;310.78;321.33;326.01;329.82;327.48;326.62;342.86;348.86;352.68;357.90;345.21;338.73;337.11;341.44;338.87;331.60;324.71;336.09;338.27;331.96,HALAL,"Business activity permissible — debt ratio not verified, cross-check Musaffa/Zoya",
LOW,RETAIL,RETAIL/WHLSL-BUILDING PRODUCTS,16,207.80999755859375,-0.24078345098492182,270.96;263.74;266.13;272.85;275.35;281.57;282.42;278.10;275.15;271.37;260.16;261.69;254.89;251.94;247.50;244.19;235.00;237.10;227.21;231.70;233.61;227.80;233.71;228.51;229.09;245.11;244.39;241.33;248.98;248.45;245.03;241.06;232.07;231.90;223.85;229.46;224.67;219.10;217.08;217.03;216.07;210.78;216.58;206.42;206.37;209.45;216.03;219.69;218.84;215.94;213.08;220.09;221.11;219.14;226.10;219.54;211.69;206.42;208.37;207.45;202.26;201.92;211.55;215.68;207.81,HALAL,"Business activity permissible — debt ratio not verified, cross-check Musaffa/Zoya",
BLDR,RETAIL,RETAIL/WHLSL-BUILDING PRODUCTS,4,66.44000244140625,-0.4570120782118934,117.29;115.23;113.27;123.80;124.42;128.42;120.57;114.63;111.42;107.28;102.63;104.29;97.45;95.51;94.95;91.11;88.09;90.68;84.49;84.66;85.41;80.43;82.33;79.12;78.93;85.21;87.53;85.13;88.50;89.76;90.14;89.88;83.38;75.72;74.56;79.41;74.88;72.32;70.41;66.39;73.86;74.41;76.72;75.62;74.26;73.64;77.54;78.57;77.81;76.14;77.33;85.41;89.14;89.48;84.69;78.42;74.54;73.51;76.05;74.26;69.74;70.55;72.72;67.76;66.44,HALAL,"Business activity permissible — debt ratio not verified, cross-check Musaffa/Zoya",
FERG,RETAIL,RETAIL/WHLSL-BUILDING PRODUCTS,26,234.3300018310547,-0.0705119956634932,249.67;254.50;253.02;259.08;260.78;261.89;261.67;257.71;255.90;249.42;258.70;258.80;246.09;238.03;229.70;230.74;221.20;225.05;216.87;221.65;227.96;223.90;232.37;234.17;235.01;252.71;257.46;256.17;259.49;262.00;262.36;263.21;255.18;263.26;251.84;245.58;243.04;232.72;223.82;221.57;223.74;227.30;226.49;224.38;226.09;229.58;235.44;228.03;235.56;229.62;237.28;236.68;238.61;237.33;230.24;223.18;224.62;233.19;230.52;232.02;226.50;228.67;234.10;226.20;234.33,HALAL,"Business activity permissible — debt ratio not verified, cross-check Musaffa/Zoya",
POOL,RETAIL,RETAIL/WHLSL-BUILDING PRODUCTS,7,185.7100067138672,-0.2898174473485261,260.94;251.98;250.23;256.96;262.62;263.78;265.98;252.06;215.46;215.59;211.89;224.16;218.28;215.02;211.67;208.08;205.11;209.18;202.85;203.74;200.67;197.27;200.83;201.43;199.99;211.93;215.72;224.91;225.93;231.40;226.98;223.61;208.06;206.55;185.65;189.03;183.40;174.07;175.35;178.54;181.69;182.35;184.70;182.07;180.69;185.52;192.42;192.34;191.03;194.34;195.61;205.36;211.61;214.90;219.47;209.62;207.97;210.82;202.37;201.17;196.36;183.33;184.61;193.45;185.71,HALAL,"Business activity permissible — debt ratio not verified, cross-check Musaffa/Zoya",
FND,RETAIL,RETAIL/WHLSL-BUILDING PRODUCTS,22,57.56999969482422,-0.23484846718016694,71.84;68.26;65.64;70.10;69.38;70.69;69.32;69.25;66.12;68.34;68.51;69.09;66.38;62.65;59.81;58.09;57.00;56.40;53.26;52.37;52.77;50.27;50.80;47.47;47.65;52.56;50.20;53.19;54.07;52.84;50.95;49.81;47.67;50.57;48.30;51.52;48.76;45.61;43.49;44.22;48.42;48.30;51.42;50.62;49.56;47.41;49.74;53.77;53.13;50.08;50.78;56.94;59.61;59.36;59.04;56.58;55.58;54.95;56.40;56.79;53.37;53.04;55.41;55.76;57.57,HALAL,"Business activity permissible — debt ratio not verified, cross-check Musaffa/Zoya",
BBY,RETAIL,RETAIL/WHLSL-COMPUTER/CELL,85,86.26000213623047,0.32347160310756706,63.90;63.33;64.06;66.59;68.44;66.14;63.06;64.25;64.45;60.96;60.59;60.24;64.11;63.77;64.12;61.39;60.84;60.87;62.40;62.22;59.61;62.15;63.36;63.65;63.18;63.68;60.05;62.56;64.87;65.72;60.69;58.49;57.96;59.26;56.52;57.77;56.86;54.79;55.54;58.51;60.35;62.39;73.76;74.00;70.79;70.60;74.13;76.09;76.39;72.14;76.01;77.63;77.71;75.88;77.99;78.72;79.99;81.65;85.37;85.41;85.22;84.43;88.45;90.17;86.26,HALAL,"Business activity permissible — debt ratio not verified, cross-check Musaffa/Zoya",
INSG,RETAIL,RETAIL/WHLSL-COMPUTER/CELL,3,7.03000020980835,-0.38224954840839886,10.91;11.01;11.14;9.75;10.48;10.70;9.88;9.85;10.56;12.76;13.66;12.35;11.51;11.30;11.22;11.70;11.94;12.03;12.08;11.31;12.01;11.42;11.12;12.09;12.21;13.11;13.91;14.14;15.18;14.55;14.82;14.83;14.79;20.29;18.05;18.80;15.76;15.06;13.67;12.66;12.10;12.55;13.15;13.75;13.82;11.42;10.45;10.66;11.38;10.12;10.32;9.93;9.79;10.33;8.87;8.18;8.60;8.32;7.86;7.49;7.60;7.08;7.02;6.36;7.03,HALAL,"Business activity permissible — debt ratio not verified, cross-check Musaffa/Zoya",
COST,RETAIL,RETAIL/WHLSL-FOOD,,,,,HALAL,"Business activity permissible — debt ratio not verified, cross-check Musaffa/Zoya",
BJ,RETAIL,RETAIL/WHLSL-FOOD,37,97.77999877929688,0.0033863708711039386,95.46;90.27;92.30;98.58;100.40;97.79;100.56;99.44;99.19;98.97;97.05;98.79;100.25;98.47;95.49;93.51;97.72;96.53;96.70;96.04;97.81;99.61;98.42;98.06;95.15;93.66;93.17;90.70;92.07;96.00;96.96;92.89;91.43;93.51;94.32;94.33;91.11;95.00;96.36;97.66;94.43;84.91;86.00;88.04;89.18;89.21;89.57;90.93;90.21;86.79;83.82;87.51;88.87;87.22;89.18;87.52;85.63;90.12;90.24;93.40;92.34;91.29;94.72;99.99;97.78,HALAL,"Business activity permissible — debt ratio not verified, cross-check Musaffa/Zoya",
USFD,RETAIL,RETAIL/WHLSL-FOOD,68,100.58999633789062,0.2377261042556289,83.67;84.26;84.36;87.82;90.33;90.67;101.98;97.11;96.38;96.13;95.88;96.61;93.00;92.15;90.73;91.34;94.63;92.16;89.33;89.33;92.48;90.86;92.21;89.91;89.36;92.07;91.39;90.21;93.69;91.70;92.83;91.00;91.28;93.04;91.93;86.88;83.61;85.16;82.38;81.25;81.24;81.30;81.15;81.23;83.16;84.61;89.25;91.23;93.44;93.75;92.76;95.35;98.31;102.25;104.29;103.99;99.48;101.31;97.05;97.27;94.75;95.58;99.29;102.35;100.59,HALAL,"Business activity permissible — debt ratio not verified, cross-check Musaffa/Zoya",
SYY,RETAIL,RETAIL/WHLSL-FOOD,60,85.23999786376953,0.13438970711269893,82.74;82.93;81.70;83.46;85.32;86.39;88.65;88.44;88.41;88.18;87.88;89.88;86.78;84.58;83.51;83.37;84.29;83.11;80.53;80.46;81.64;80.65;70.33;70.69;72.76;74.50;72.88;73.60;75.77;74.30;75.31;74.86;73.48;73.56;72.36;72.40;72.09;72.71;72.09;74.69;76.49;74.82;75.42;73.23;74.74;75.79;77.04;79.12;79.17;78.48;77.47;80.06;82.27;83.03;84.83;84.62;82.03;83.46;80.73;81.69;81.22;81.73;84.09;85.32;85.24,HALAL,"Business activity permissible — debt ratio not verified, cross-check Musaffa/Zoya",
PFGC,RETAIL,RETAIL/WHLSL-FOOD,71,114.38999938964844,0.21834061277308048,97.43;98.16;94.75;89.86;94.40;90.01;98.00;98.50;97.82;95.79;94.25;97.06;92.05;90.04;87.97;87.78;88.18;86.83;83.69;83.18;85.66;83.01;85.66;84.01;84.17;88.81;88.25;88.86;93.50;90.75;90.22;88.67;88.15;88.69;87.12;92.71;94.07;95.83;95.97;93.89;95.18;93.91;97.21;97.59;96.54;97.12;99.76;104.06;104.10;103.41;102.61;106.43;110.44;111.79;113.09;115.50;112.04;113.31;110.41;111.76;110.34;110.31;114.30;116.65;114.39,HALAL,"Business activity permissible — debt ratio not verified, cross-check Musaffa/Zoya",
CHEF,RETAIL,RETAIL/WHLSL-FOOD,96,115.3499984741211,0.8054468551585288,64.28;62.96;63.37;63.60;66.67;65.36;67.80;68.47;69.46;71.13;72.12;71.39;62.43;63.22;63.50;64.59;64.60;62.78;60.01;58.16;60.84;59.52;59.45;57.59;59.24;64.59;64.65;64.49;65.82;65.33;64.95;66.85;75.70;78.83;79.03;80.34;80.69;80.50;80.34;77.07;78.08;76.88;77.91;76.97;77.69;80.74;82.69;89.76;94.06;92.37;93.79;95.63;95.92;96.10;95.62;98.21;97.06;97.44;97.71;97.09;95.16;94.48;95.68;105.63;115.35,HALAL,"Business activity permissible — debt ratio not verified, cross-check Musaffa/Zoya",
HFFG,RETAIL,RETAIL/WHLSL-FOOD,4,1.5,-0.30875578467177345,2.15;1.94;1.92;1.74;1.70;1.60;1.50;1.43;1.47;1.53;1.87;2.09;2.09;2.13;2.07;1.89;2.13;1.78;1.85;1.77;1.81;1.73;1.85;2.03;2.00;2.12;2.17;2.08;2.16;2.01;1.97;1.97;1.93;1.90;1.88;1.83;1.90;2.01;2.02;2.00;1.93;2.10;2.03;1.93;1.84;1.87;1.84;1.88;1.80;1.83;1.84;1.77;1.65;1.41;1.82;1.87;1.72;1.69;1.69;1.65;1.63;1.52;1.53;1.51;1.50,HALAL,"Business activity permissible — debt ratio not verified, cross-check Musaffa/Zoya",
ODP,RETAIL,RETAIL/WHLSL-OFFICE SUPPLIES,,,,,HALAL,"Business activity permissible — debt ratio not verified, cross-check Musaffa/Zoya",
SCSC,RETAIL,RETAIL/WHLSL-OFFICE SUPPLIES,87,56.619998931884766,0.39081307308307944,41.13;42.56;44.19;44.33;38.39;36.71;34.66;36.58;37.25;35.80;36.87;36.78;37.07;37.67;36.08;36.17;35.84;35.56;35.00;35.96;36.76;36.05;36.30;36.49;37.17;38.21;39.16;38.19;39.55;40.40;39.94;40.66;40.30;41.15;42.23;43.29;43.73;42.01;42.11;42.48;42.69;44.95;45.82;48.13;45.87;46.71;48.87;49.54;49.35;48.64;49.33;49.71;50.87;52.09;50.87;51.53;53.46;53.86;53.34;54.79;55.51;53.88;55.62;57.38;56.62,HALAL,"Business activity permissible — debt ratio not verified, cross-check Musaffa/Zoya",
ESND,RETAIL,RETAIL/WHLSL-OFFICE SUPPLIES,,,,,HALAL,"Business activity permissible — debt ratio not verified, cross-check Musaffa/Zoya",
ORCL,SOFTWARE,COMPUTER SFTWR-DATABASE,5,129.8699951171875,-0.2618143691016621,173.69;167.84;158.95;145.65;141.83;158.78;155.39;152.90;155.45;140.33;146.86;144.39;147.98;153.72;150.51;161.99;154.03;153.62;154.44;153.27;145.01;138.69;146.09;145.36;142.18;137.38;155.08;169.22;174.45;180.54;175.67;172.36;163.26;171.23;184.71;193.92;193.17;189.10;192.28;180.83;189.11;192.39;202.99;247.29;229.53;212.94;205.10;183.46;191.97;182.89;174.46;156.98;148.02;146.04;139.78;141.11;143.72;131.54;132.49;126.41;127.05;120.04;119.90;117.74;129.87,HALAL,"Business activity permissible — debt ratio not verified, cross-check Musaffa/Zoya",
MDB,SOFTWARE,COMPUTER SFTWR-DATABASE,69,337.4800109863281,-0.15352778118401378,411.89;374.02;372.68;337.60;344.35;377.26;356.74;354.36;355.89;305.37;314.99;328.47;252.73;263.93;271.74;270.57;260.50;272.27;270.16;273.25;246.54;235.51;244.77;253.12;254.08;229.49;236.14;244.06;263.38;261.43;258.11;264.38;258.29;263.46;266.68;293.42;294.65;303.00;312.16;334.68;317.50;307.35;325.68;403.88;368.32;350.74;340.28;354.41;354.18;334.69;319.16;302.44;314.01;335.90;354.88;361.32;362.87;337.97;333.04;312.33;307.65;299.14;309.71;321.10;337.48,HALAL,"Business activity permissible — debt ratio not verified, cross-check Musaffa/Zoya",
TDC,SOFTWARE,COMPUTER SFTWR-DATABASE,77,30.989999771118164,0.055517681433286725,29.58;28.83;28.02;27.14;27.47;29.23;33.54;32.60;32.12;28.13;30.41;31.49;30.36;28.96;28.54;27.29;26.58;27.24;27.02;26.94;26.01;25.31;25.63;25.48;25.87;25.12;26.02;26.67;27.10;27.51;25.91;26.47;26.27;27.96;30.08;29.63;32.31;32.70;33.81;32.65;32.77;33.34;31.63;36.83;34.97;33.70;33.47;32.80;33.62;31.74;29.67;31.69;32.85;34.65;34.56;36.46;34.83;33.96;31.31;30.52;29.33;27.68;29.79;30.63;30.99,HALAL,"Business activity permissible — debt ratio not verified, cross-check Musaffa/Zoya",
CLDR,SOFTWARE,COMPUTER SFTWR-DATABASE,,,,,HALAL,"Business activity permissible — debt ratio not verified, cross-check Musaffa/Zoya",
SNOW,SOFTWARE,COMPUTER SFTWR-DATABASE,94,293.2799987792969,0.39863605972940075,212.75;199.37;190.68;165.29;168.43;182.58;172.91;177.10;179.20;157.60;169.21;168.41;165.79;177.45;182.84;179.43;178.66;174.60;175.40;174.20;160.61;152.80;150.82;151.85;149.24;132.24;134.24;144.48;143.98;150.84;146.40;144.25;141.22;141.00;141.71;153.72;151.50;152.37;157.47;169.55;165.54;177.60;239.20;280.16;241.28;238.26;239.66;240.39;240.78;234.52;226.59;225.95;248.96;254.50;260.15;262.74;267.49;268.65;271.87;268.90;271.73;265.13;272.92;282.90;293.28,HALAL,"Business activity permissible — debt ratio not verified, cross-check Musaffa/Zoya",
ADBE,SOFTWARE,COMPUTER SFTWR-DESIGN,15,250.41000366210938,-0.1682665241627812,297.42;291.65;293.38;279.71;268.38;264.67;262.50;260.45;259.21;246.68;257.81;262.41;270.99;281.74;282.44;273.71;249.32;254.20;245.99;247.64;237.25;234.84;243.08;242.92;240.14;229.94;240.11;244.66;244.45;247.18;238.98;239.31;243.57;250.71;255.62;256.51;246.15;236.07;247.60;254.99;244.10;240.49;241.44;274.03;256.24;251.44;237.88;218.80;206.36;196.28;194.90;196.57;202.73;205.02;219.72;221.54;222.65;230.61;224.56;237.25;227.16;212.17;237.75;263.43;250.41,HALAL,"Business activity permissible — debt ratio not verified, cross-check Musaffa/Zoya",
ANSS,SOFTWARE,COMPUTER SFTWR-DESIGN,,,,,HALAL,"Business activity permissible — debt ratio not verified, cross-check Musaffa/Zoya",
ADSK,SOFTWARE,COMPUTER SFTWR-DESIGN,17,234.1999969482422,-0.13259260389539929,268.09;255.68;255.57;243.41;240.40;243.58;223.49;225.32;229.10;218.64;224.81;245.87;253.40;264.12;260.75;251.83;251.17;252.92;247.65;247.44;235.42;229.84;239.40;238.08;234.96;225.13;227.14;239.32;242.02;245.48;231.98;235.03;235.87;244.35;249.43;251.04;236.07;231.03;236.62;244.16;240.19;238.23;240.95;248.16;229.60;229.96;224.08;205.57;198.60;193.07;187.72;192.61;196.26;194.42;207.48;212.38;208.58;212.22;208.98;218.35;211.15;205.26;225.91;245.25;234.20,HALAL,"Business activity permissible — debt ratio not verified, cross-check Musaffa/Zoya",
PTC,SOFTWARE,COMPUTER SFTWR-DESIGN,13,137.1999969482422,-0.153817704053837,164.63;153.48;156.92;151.34;155.72;162.72;150.79;153.07;154.40;150.88;154.11;156.59;163.10;164.25;163.42;159.13;155.89;154.12;150.67;149.23;143.56;137.61;142.49;142.65;143.92;139.19;134.21;136.58;139.74;140.93;135.83;136.41;137.50;136.53;137.55;147.65;145.92;140.81;141.91;145.19;145.84;144.88;138.79;145.08;139.72;137.00;136.97;118.39;114.85;116.94;115.00;112.93;115.72;113.61;124.55;125.04;123.79;125.42;123.61;124.37;120.77;113.05;125.21;132.46;137.20,HALAL,"Business activity permissible — debt ratio not verified, cross-check Musaffa/Zoya",
CDNS,SOFTWARE,COMPUTER SFTWR-DESIGN,,,,,HALAL,"Business activity permissible — debt ratio not verified, cross-check Musaffa/Zoya",
SNPS,SOFTWARE,COMPUTER SFTWR-DESIGN,9,388.760009765625,-0.22463551644877877,502.70;480.00;457.89;418.98;426.88;437.45;423.35;421.95;442.44;420.82;449.17;414.00;424.32;442.30;437.22;432.98;412.63;429.29;428.25;432.48;410.13;380.47;396.48;395.95;397.90;404.92;417.77;438.45;449.58;467.58;456.85;498.54;481.22;489.02;502.51;505.19;516.19;509.28;502.42;493.87;503.98;534.56;480.64;492.29;498.02;464.85;465.27;456.29;454.38;461.74;464.58;463.93;454.34;446.07;437.16;436.63;443.37;433.82;425.28;384.28;389.07;373.52;388.99;373.69;388.76,HALAL,"Business activity permissible — debt ratio not verified, cross-check Musaffa/Zoya",
U,SOFTWARE,COMPUTER SFTWR-DESIGN,30,31.709999084472656,-0.2510628490743052,41.25;38.40;28.81;24.94;25.11;29.06;19.65;18.36;18.49;17.13;18.58;18.23;20.02;20.73;21.25;20.04;19.43;20.09;19.15;18.65;17.80;19.45;21.94;22.75;22.01;21.57;22.80;25.26;25.92;25.41;24.31;26.64;26.11;27.13;27.34;26.73;26.87;26.89;27.16;26.20;25.54;26.77;29.94;32.17;29.22;29.17;28.44;26.71;28.49;26.47;27.14;27.15;28.23;28.58;29.32;29.66;30.73;30.68;31.27;28.99;29.87;28.94;30.44;32.04;31.71,HALAL,"Business activity permissible — debt ratio not verified, cross-check Musaffa/Zoya",
PLAN,SOFTWARE,COMPUTER SFTWR-DESIGN,,,,,HALAL,"Business activity permissible — debt ratio not verified, cross-check Musaffa/Zoya",
BSY,SOFTWARE,COMPUTER SFTWR-DESIGN,18,35.439998626708984,-0.08412845254058599,37.02;34.94;34.11;32.63;33.05;34.65;33.97;33.16;34.04;32.08;32.36;36.41;38.62;39.36;40.07;38.58;38.11;37.80;37.81;38.15;35.02;34.69;35.05;34.53;34.28;33.38;32.75;33.98;35.01;34.93;32.59;32.76;32.77;33.49;33.08;33.55;32.58;31.19;32.01;32.94;33.27;32.67;32.14;35.17;32.62;32.93;33.11;30.57;30.53;29.34;28.87;28.66;30.00;29.89;32.26;32.44;31.61;31.75;31.54;32.34;31.26;30.12;33.71;36.96;35.44,HALAL,"Business activity permissible — debt ratio not verified, cross-check Musaffa/Zoya",
MSFT,SOFTWARE,COMPUTER SFTWR-ENTERPRISE,33,464.7200012207031,0.001801776079652928,478.45;431.58;421.49;412.35;399.36;411.44;400.06;395.10;397.60;383.64;399.73;391.89;403.06;409.79;408.53;404.00;394.70;398.55;388.18;382.17;370.24;356.00;369.37;372.65;371.49;372.26;383.54;410.33;421.88;423.24;414.85;423.90;423.54;413.54;410.49;419.86;411.77;404.33;421.01;416.52;419.09;416.03;426.99;460.52;427.34;416.67;403.41;390.34;399.76;378.91;367.34;365.46;372.97;373.02;390.49;388.84;384.36;390.99;395.63;393.82;397.75;381.58;389.10;390.54;464.72,HALAL,"Software/cloud — halal core; financials typically pass — debt ratio not verified, cross-check Musaffa/Zoya",
CRM,SOFTWARE,COMPUTER SFTWR-ENTERPRISE,,,,,HALAL,"Business activity permissible — debt ratio not verified, cross-check Musaffa/Zoya",
NOW,SOFTWARE,COMPUTER SFTWR-ENTERPRISE,,,,,HALAL,"Business activity permissible — debt ratio not verified, cross-check Musaffa/Zoya",
WDAY,SOFTWARE,COMPUTER SFTWR-ENTERPRISE,28,160.33999633789062,-0.15280565892598474,188.58;174.66;173.38;170.15;162.92;153.23;144.04;143.12;140.02;129.21;133.15;133.76;143.61;147.18;148.14;137.84;133.09;135.17;133.38;137.06;127.07;124.18;129.92;132.26;127.51;113.06;119.92;124.12;123.83;129.16;114.67;117.83;122.43;126.96;128.88;130.88;121.42;116.50;125.01;129.34;121.85;124.02;130.01;157.23;146.90;144.28;140.23;130.53;129.60;121.83;113.04;118.09;124.21;122.42;135.40;143.65;138.34;144.87;141.82;144.78;141.17;127.87;147.54;168.01;160.34,HALAL,"Business activity permissible — debt ratio not verified, cross-check Musaffa/Zoya",
SAP,SOFTWARE,COMPUTER SFTWR-ENTERPRISE,13,183.6199951171875,-0.19153506635324313,229.94;196.79;203.69;196.27;199.87;208.58;200.26;198.03;196.84;193.35;194.86;198.09;192.98;196.07;196.68;187.95;186.69;186.87;181.85;175.12;166.06;161.22;168.28;168.84;166.58;161.69;166.67;169.95;178.12;173.43;160.46;170.48;167.19;167.84;172.39;174.71;170.10;160.82;169.48;178.80;176.28;175.15;175.46;196.11;180.67;184.77;178.92;163.64;164.33;158.79;149.51;152.75;155.09;154.11;162.59;162.77;158.46;159.97;155.91;159.04;154.34;146.38;171.01;185.99;183.62,HALAL,"Business activity permissible — debt ratio not verified, cross-check Musaffa/Zoya",
INTU,SOFTWARE,COMPUTER SFTWR-ENTERPRISE,3,316.07000732421875,-0.43534020797965933,541.32;499.22;483.48;442.31;440.45;418.24;394.98;376.33;378.69;356.86;378.38;405.97;430.11;463.30;470.13;437.16;436.67;455.85;451.84;453.60;423.67;413.33;429.15;419.32;407.17;360.09;367.81;388.00;391.52;403.06;381.61;388.20;393.34;397.28;396.56;404.99;391.56;370.07;391.27;397.95;305.72;303.01;311.62;352.20;310.07;295.45;292.48;275.69;280.53;267.89;256.63;261.08;266.54;259.85;274.14;279.93;273.38;289.76;279.70;291.09;289.92;281.53;303.91;333.13;316.07,HALAL,"Business activity permissible — debt ratio not verified, cross-check Musaffa/Zoya",
TEAM,SOFTWARE,COMPUTER SFTWR-ENTERPRISE,27,101.01499938964844,-0.23328273708046732,133.86;120.38;113.70;105.04;94.72;92.92;86.48;82.15;80.26;68.81;73.19;75.13;78.38;82.51;82.04;75.45;75.21;74.91;74.60;74.41;66.46;65.12;68.25;68.29;64.83;58.96;61.30;66.00;66.94;71.22;67.62;69.22;70.49;88.88;92.35;92.37;87.31;80.62;87.46;86.62;82.18;84.92;93.29;115.95;101.53;99.47;95.61;89.20;91.55;84.39;79.96;81.55;78.74;77.79;83.84;88.39;90.71;96.16;91.77;93.29;90.60;80.15;95.87;104.28;101.01,HALAL,"Business activity permissible — debt ratio not verified, cross-check Musaffa/Zoya",
PANW,SOFTWARE,COMPUTER SFTWR-ENTERPRISE,96,331.8299865722656,0.8416583419967487,183.50;176.20;175.42;166.72;159.32;165.51;162.81;163.50;150.99;144.14;144.84;148.92;156.09;163.16;165.10;164.93;167.02;169.19;169.74;164.05;153.22;147.02;160.32;163.21;169.87;166.99;162.51;164.11;167.85;174.96;173.21;182.90;181.54;181.08;183.98;196.53;213.66;227.79;242.83;240.13;252.92;256.75;257.77;300.48;280.43;272.05;260.52;279.53;284.54;282.13;286.40;285.26;304.20;341.02;348.06;337.04;338.31;330.30;354.02;358.68;342.15;325.63;317.32;314.15;331.83,HALAL,"Business activity permissible — debt ratio not verified, cross-check Musaffa/Zoya",
PLTR,SOFTWARE,COMPUTER SFTWR-ENTERPRISE,9,123.05999755859375,-0.27441041786588205,165.70;151.86;147.76;139.54;135.90;139.51;129.13;133.02;134.89;130.60;134.19;137.19;147.22;152.67;156.43;151.60;150.95;155.08;155.68;160.84;154.96;143.06;146.28;148.46;150.07;130.49;132.37;142.15;146.39;145.97;141.57;143.10;137.97;144.07;135.91;137.05;136.89;130.05;133.99;135.26;137.41;136.60;143.34;160.65;142.20;135.53;132.07;131.08;134.71;130.63;119.50;113.50;112.93;116.67;129.30;134.37;129.04;130.04;133.76;132.38;132.66;123.37;131.53;123.00;123.06,HALAL,"Business activity permissible — debt ratio not verified, cross-check Musaffa/Zoya",
DDOG,SOFTWARE,COMPUTER SFTWR-ENTERPRISE,96,267.9700012207031,1.059248375976173,138.21;128.18;129.05;115.71;111.69;129.67;126.13;122.56;120.60;102.61;110.33;111.96;111.77;122.36;128.56;127.49;124.52;128.87;129.94;129.23;123.29;114.48;118.05;120.36;116.54;108.98;110.08;121.06;126.61;129.29;127.86;132.66;133.98;140.53;145.73;188.73;202.32;205.31;207.98;215.15;218.04;223.65;225.24;277.49;250.33;234.11;227.34;234.24;233.09;226.63;221.37;222.65;239.77;260.36;260.36;256.81;269.00;260.24;264.46;258.69;254.79;244.39;251.86;264.20;267.97,HALAL,"Business activity permissible — debt ratio not verified, cross-check Musaffa/Zoya",
MDB,SOFTWARE,COMPUTER SFTWR-ENTERPRISE,69,337.4800109863281,-0.15352778118401378,411.89;374.02;372.68;337.60;344.35;377.26;356.74;354.36;355.89;305.37;314.99;328.47;252.73;263.93;271.74;270.57;260.50;272.27;270.16;273.25;246.54;235.51;244.77;253.12;254.08;229.49;236.14;244.06;263.38;261.43;258.11;264.38;258.29;263.46;266.68;293.42;294.65;303.00;312.16;334.68;317.50;307.35;325.68;403.88;368.32;350.74;340.28;354.41;354.18;334.69;319.16;302.44;314.01;335.90;354.88;361.32;362.87;337.97;333.04;312.33;307.65;299.14;309.71;321.10;337.48,HALAL,"Business activity permissible — debt ratio not verified, cross-check Musaffa/Zoya",
ZS,SOFTWARE,COMPUTER SFTWR-ENTERPRISE,9,151.1999969482422,-0.27869477878904525,219.67;200.63;200.61;185.79;167.33;174.34;170.90;172.59;168.99;143.28;155.70;146.99;154.67;161.96;162.62;153.81;153.76;156.00;155.40;151.80;139.44;133.16;140.29;138.56;142.09;122.23;122.62;131.01;134.68;139.61;132.97;134.11;134.73;139.81;141.36;152.79;148.87;152.43;161.05;175.25;171.01;184.60;130.04;155.71;134.37;130.78;125.84;126.11;130.42;124.38;124.06;127.27;132.26;141.15;147.33;149.50;147.12;141.82;148.19;149.94;148.72;139.70;147.30;153.77;151.20,HALAL,"Business activity permissible — debt ratio not verified, cross-check Musaffa/Zoya",
OKTA,SOFTWARE,COMPUTER SFTWR-ENTERPRISE,95,141.92999267578125,0.5637945056760223,91.46;85.69;88.13;83.42;86.74;88.45;84.91;82.46;81.80;69.51;73.00;72.50;72.52;79.65;79.71;80.85;79.16;78.53;80.76;81.10;78.12;73.23;78.71;80.19;79.34;67.76;65.46;67.35;72.25;77.64;76.04;76.14;76.16;75.78;77.75;80.88;81.69;78.20;82.77;85.70;89.44;93.81;94.72;139.79;124.65;118.72;119.96;117.50;118.12;113.03;115.94;118.58;124.28;136.45;141.42;148.47;148.84;139.53;150.86;149.35;141.71;136.10;137.43;136.91;141.93,HALAL,"Business activity permissible — debt ratio not verified, cross-check Musaffa/Zoya",
CRWD,SOFTWARE,COMPUTER SFTWR-ENTERPRISE,94,190.86000061035156,0.6871975489357662,119.17;111.15;109.71;103.84;98.88;103.35;102.89;103.57;105.54;87.58;90.83;93.00;97.86;106.54;108.53;110.51;110.44;108.30;107.04;103.33;96.46;92.39;97.60;99.78;105.81;98.67;100.56;102.79;105.99;112.40;111.35;113.65;113.10;113.91;119.13;126.43;135.57;140.64;148.52;154.22;162.06;167.89;167.75;195.54;186.90;167.76;161.23;172.88;173.23;170.74;168.86;168.26;175.27;190.79;193.98;194.62;198.40;187.91;206.77;203.08;191.15;183.42;180.11;179.38;190.86,HALAL,"Business activity permissible — debt ratio not verified, cross-check Musaffa/Zoya",
GTLB,SOFTWARE,COMPUTER SFTWR-ENTERPRISE,53,34.5099983215332,-0.05140194314675184,37.32;35.50;35.35;32.54;32.13;31.55;29.58;28.42;28.74;24.03;25.97;26.30;26.70;25.37;24.58;23.16;22.69;22.88;22.89;22.27;20.67;20.35;21.64;22.57;23.15;19.67;20.03;21.76;21.42;22.15;20.66;21.45;21.91;24.05;24.84;25.92;25.64;22.05;23.66;25.46;25.62;26.77;27.93;33.79;30.93;31.12;30.30;28.40;28.31;26.47;25.83;28.27;29.07;30.53;32.07;32.59;33.86;33.47;32.83;32.72;32.85;30.22;32.88;34.03;34.51,HALAL,"Business activity permissible — debt ratio not verified, cross-check Musaffa/Zoya",
S,SOFTWARE,COMPUTER SFTWR-ENTERPRISE,70,19.059999465942383,0.3337998262297277,15.11;14.07;14.39;13.62;13.22;13.73;13.31;13.40;13.56;12.37;12.92;13.12;13.27;13.97;14.35;14.16;14.52;14.49;14.56;14.38;13.36;12.58;12.88;13.33;13.38;12.77;12.79;13.26;14.02;14.46;13.92;14.63;14.70;14.90;15.86;15.92;16.33;16.08;16.86;17.66;18.11;18.56;18.02;17.81;16.30;15.95;15.24;14.76;15.19;14.80;14.74;15.12;15.91;16.97;17.51;18.16;18.86;18.55;19.58;19.57;18.81;17.38;18.14;18.52;19.06,HALAL,"Business activity permissible — debt ratio not verified, cross-check Musaffa/Zoya",
SPLK,SOFTWARE,COMPUTER SFTWR-ENTERPRISE,,,,,HALAL,"Business activity permissible — debt ratio not verified, cross-check Musaffa/Zoya",
VEEV,SOFTWARE,COMPUTER SFTWR-ENTERPRISE,30,203.77999877929688,-0.08207207757073476,217.87;209.98;203.35;190.69;183.65;186.99;171.99;176.82;182.57;172.17;176.46;182.01;185.91;196.06;195.57;187.09;178.88;186.70;185.59;185.23;178.11;172.59;175.66;173.98;172.52;157.08;158.45;167.30;167.95;167.79;156.15;160.45;158.22;171.60;171.19;168.25;159.33;155.73;158.86;163.31;158.27;158.54;164.38;188.66;178.72;172.61;167.68;161.55;162.17;154.85;153.16;161.35;171.36;177.47;192.74;192.30;189.70;196.81;193.67;195.38;189.24;179.58;194.46;207.91;203.78,HALAL,"Business activity permissible — debt ratio not verified, cross-check Musaffa/Zoya",
MNDY,SOFTWARE,COMPUTER SFTWR-ENTERPRISE,10,87.1500015258789,-0.3260903449581103,125.28;115.57;112.82;104.80;98.00;74.11;73.63;74.34;76.00;70.12;74.31;72.64;73.56;78.48;81.06;76.03;74.86;75.28;74.73;75.47;69.28;66.47;69.11;68.34;66.71;62.39;63.55;65.43;64.99;67.86;64.60;68.02;66.66;72.74;75.95;76.39;76.91;67.70;71.97;78.00;76.26;76.83;77.49;95.47;85.95;85.74;83.23;79.58;77.26;73.38;70.36;70.92;73.02;72.39;79.77;84.10;83.65;86.84;80.71;78.69;72.84;71.74;82.10;90.25;87.15,HALAL,"Business activity permissible — debt ratio not verified, cross-check Musaffa/Zoya",
HUBS,SOFTWARE,COMPUTER SFTWR-ENTERPRISE,8,237.36000061035156,-0.2646384487638339,319.66;281.53;274.06;243.93;232.58;231.95;228.95;247.31;239.37;217.36;245.70;264.51;275.37;291.47;286.84;259.10;264.30;265.55;262.32;262.06;238.07;230.79;244.10;244.67;227.61;205.04;205.28;218.62;222.49;230.46;214.69;225.07;227.25;239.89;246.08;243.72;191.34;179.00;198.38;208.19;198.37;197.99;198.80;262.20;222.45;212.64;197.69;186.43;186.06;176.71;172.80;180.73;185.47;182.51;192.12;205.20;205.95;217.59;215.33;224.26;218.56;190.01;223.01;251.12;237.36,HALAL,"Business activity permissible — debt ratio not verified, cross-check Musaffa/Zoya",
BILL,SOFTWARE,COMPUTER SFTWR-ENTERPRISE,40,45.130001068115234,-0.06852424442816041,47.06;43.39;41.63;37.23;48.94;50.61;46.37;45.12;46.63;41.94;43.20;44.51;43.74;45.13;44.47;41.21;39.79;41.17;40.87;40.49;38.17;37.00;38.30;38.63;38.28;36.18;36.76;39.31;38.81;39.78;36.66;37.55;37.25;39.07;38.32;37.66;41.50;39.96;40.07;37.75;36.45;34.90;34.85;39.51;35.20;35.97;34.09;32.13;33.54;32.19;31.96;33.46;35.52;36.16;40.48;40.68;40.52;42.86;44.63;44.71;44.26;41.26;44.90;47.41;45.13,HALAL,"Business activity permissible — debt ratio not verified, cross-check Musaffa/Zoya",
PCTY,SOFTWARE,COMPUTER SFTWR-ENTERPRISE,45,137.89500427246094,-0.05460713221281421,142.14;132.15;135.57;126.64;117.85;113.82;104.20;107.64;108.22;101.95;103.78;106.49;113.60;115.99;117.95;113.78;109.39;110.80;110.90;115.09;109.60;105.39;108.04;106.14;106.29;95.18;99.49;100.52;100.78;103.60;100.08;101.38;107.94;109.60;107.68;109.12;109.88;104.23;107.12;113.22;111.72;109.64;110.88;122.49;112.82;113.46;113.14;108.23;106.93;100.51;99.51;103.79;106.35;104.53;115.10;118.84;116.62;124.50;123.05;126.00;123.88;120.60;130.16;144.79;137.90,HALAL,"Business activity permissible — debt ratio not verified, cross-check Musaffa/Zoya",
PAYC,SOFTWARE,COMPUTER SFTWR-ENTERPRISE,44,163.9600067138672,0.08250942549226936,141.42;133.61;132.59;129.13;130.26;124.26;119.11;121.66;120.06;113.81;123.24;125.15;131.09;135.92;137.87;129.98;125.37;125.53;123.81;126.25;119.49;116.74;121.21;123.22;123.88;114.53;119.28;123.30;126.58;130.09;125.16;123.57;127.58;131.60;131.32;138.05;138.06;134.53;135.87;140.79;133.98;132.82;136.80;148.58;137.79;137.62;136.14;132.24;134.69;123.72;123.67;127.22;129.18;125.68;139.21;143.78;139.56;146.50;144.73;147.94;144.22;138.70;151.30;168.92;163.96,HALAL,"Business activity permissible — debt ratio not verified, cross-check Musaffa/Zoya",
DBX,SOFTWARE,COMPUTER SFTWR-ENTERPRISE,75,32.560001373291016,0.23802290181853736,26.53;25.83;25.66;25.11;25.00;24.98;24.30;24.48;24.73;24.50;24.43;24.99;26.17;26.38;26.74;25.87;25.75;25.54;25.17;24.42;22.70;22.15;22.72;23.40;23.60;22.23;22.71;23.69;24.27;24.59;23.90;23.91;24.31;24.93;25.41;25.13;26.49;26.20;26.82;27.53;27.25;26.49;26.19;28.91;27.59;27.52;27.43;26.98;27.23;26.41;25.80;26.33;26.64;27.47;28.56;28.85;29.41;29.58;30.35;30.62;29.42;28.43;30.54;33.33;32.56,HALAL,"Business activity permissible — debt ratio not verified, cross-check Musaffa/Zoya",
BOX,SOFTWARE,COMPUTER SFTWR-ENTERPRISE,60,31.549999237060547,0.19146524858270597,26.56;25.49;25.88;24.73;24.67;24.49;22.80;22.68;22.72;21.82;23.01;23.55;23.92;26.10;25.44;24.66;24.89;24.46;23.86;24.52;23.66;23.07;23.64;24.02;24.01;22.44;22.35;23.81;23.75;24.33;23.54;24.06;24.66;25.01;25.21;25.69;24.50;23.72;24.67;25.70;25.40;25.62;25.25;28.79;26.69;26.68;26.54;25.49;25.51;24.94;24.36;25.46;26.46;26.54;27.89;28.85;28.80;29.41;30.47;30.48;29.94;28.28;30.15;32.42;31.55,HALAL,"Business activity permissible — debt ratio not verified, cross-check Musaffa/Zoya",
WDAY,SOFTWARE,COMPUTER SFTWR-ENTERPRISE,28,160.33999633789062,-0.15280565892598474,188.58;174.66;173.38;170.15;162.92;153.23;144.04;143.12;140.02;129.21;133.15;133.76;143.61;147.18;148.14;137.84;133.09;135.17;133.38;137.06;127.07;124.18;129.92;132.26;127.51;113.06;119.92;124.12;123.83;129.16;114.67;117.83;122.43;126.96;128.88;130.88;121.42;116.50;125.01;129.34;121.85;124.02;130.01;157.23;146.90;144.28;140.23;130.53;129.60;121.83;113.04;118.09;124.21;122.42;135.40;143.65;138.34;144.87;141.82;144.78;141.17;127.87;147.54;168.01;160.34,HALAL,"Business activity permissible — debt ratio not verified, cross-check Musaffa/Zoya",
ASAN,SOFTWARE,COMPUTER SFTWR-ENTERPRISE,19,8.319999694824219,-0.25314188165073315,11.15;10.41;9.91;9.10;8.76;8.22;7.53;7.36;7.45;6.58;7.16;7.10;7.44;7.91;7.90;7.05;7.01;6.85;6.68;6.61;6.05;6.17;6.40;6.37;6.20;5.73;5.80;6.08;5.84;6.36;6.10;6.24;6.40;6.99;7.35;7.05;6.34;5.71;6.20;6.63;6.36;6.58;6.66;9.07;7.97;7.84;7.54;7.46;7.43;7.10;6.75;6.65;6.97;7.00;7.34;7.49;7.37;7.69;7.54;7.69;7.39;6.57;7.75;8.51;8.32,HALAL,"Business activity permissible — debt ratio not verified, cross-check Musaffa/Zoya",
FROG,SOFTWARE,COMPUTER SFTWR-ENTERPRISE,95,79.79000091552734,0.3655656426286118,59.17;55.43;55.52;52.00;47.99;53.20;53.30;47.56;50.29;34.75;38.76;40.15;42.24;41.10;42.18;41.85;41.07;43.83;43.46;42.64;47.13;43.33;46.93;50.61;49.08;44.46;45.23;42.87;44.12;46.10;43.97;46.18;46.27;49.89;54.41;57.02;69.01;64.18;66.16;70.63;71.44;73.01;72.77;88.31;83.86;84.00;81.26;78.48;80.39;81.35;79.89;76.66;87.58;90.88;94.81;96.20;95.50;92.02;91.28;88.54;86.56;81.25;81.23;73.28;79.79,HALAL,"Business activity permissible — debt ratio not verified, cross-check Musaffa/Zoya",
ESTC,SOFTWARE,COMPUTER SFTWR-ENTERPRISE,42,65.79000091552734,-0.08344940046860516,74.22;67.72;65.48;60.38;59.12;63.38;60.38;60.44;62.06;53.34;58.00;52.07;52.68;53.02;53.25;52.85;51.49;55.40;55.15;52.89;49.94;48.52;49.99;50.67;49.82;45.00;45.59;47.51;47.56;48.39;45.75;47.83;47.40;48.61;50.15;51.62;50.38;48.57;50.60;53.72;53.84;54.41;57.61;68.06;64.10;61.79;61.26;60.22;62.30;58.56;58.73;58.71;56.24;57.02;58.04;59.46;62.06;62.43;62.24;61.59;60.18;57.33;61.24;64.44;65.79,HALAL,"Business activity permissible — debt ratio not verified, cross-check Musaffa/Zoya",
NTNX,SOFTWARE,COMPUTER SFTWR-ENTERPRISE,65,59.0099983215332,0.37841617445845954,41.24;39.46;40.10;39.15;40.26;41.88;41.13;40.95;41.32;37.38;38.44;38.28;40.70;40.39;39.73;38.24;39.29;41.70;41.03;40.39;38.99;37.61;38.01;41.10;39.50;36.94;37.30;38.26;40.05;41.07;39.15;40.76;42.00;42.60;43.43;45.93;45.16;44.50;46.34;48.27;44.69;46.55;48.81;55.87;53.04;53.64;50.74;49.21;49.40;46.47;46.61;47.50;49.72;50.96;51.28;53.76;55.53;55.22;54.59;55.08;54.19;52.63;56.85;59.57;59.01,HALAL,"Business activity permissible — debt ratio not verified, cross-check Musaffa/Zoya",
CFLT,SOFTWARE,COMPUTER SFTWR-ENTERPRISE,,,,,HALAL,"Business activity permissible — debt ratio not verified, cross-check Musaffa/Zoya",
RBLX,SOFTWARE,COMPUTER SFTWR-ENTERPRISE,1,35.599998474121094,-0.5196978257564521,72.14;75.73;67.48;63.07;66.42;71.94;63.15;63.00;64.44;62.43;68.07;68.66;66.97;66.08;62.65;60.39;56.42;57.79;57.52;56.84;56.65;52.31;56.56;60.11;57.50;55.17;57.66;59.79;60.34;61.26;55.45;57.52;56.28;45.13;44.04;44.78;41.31;41.96;42.85;44.45;46.14;46.00;46.83;47.00;43.68;41.82;43.00;43.49;45.66;48.02;47.27;47.94;47.56;54.38;55.41;56.71;56.43;55.03;57.07;51.68;52.50;47.55;48.42;50.13;35.60,QUESTIONABLE,Gaming platform — mixed content,
INTU,SOFTWARE,COMPUTER SFTWR-FINANCIAL,3,316.07000732421875,-0.43534020797965933,541.32;499.22;483.48;442.31;440.45;418.24;394.98;376.33;378.69;356.86;378.38;405.97;430.11;463.30;470.13;437.16;436.67;455.85;451.84;453.60;423.67;413.33;429.15;419.32;407.17;360.09;367.81;388.00;391.52;403.06;381.61;388.20;393.34;397.28;396.56;404.99;391.56;370.07;391.27;397.95;305.72;303.01;311.62;352.20;310.07;295.45;292.48;275.69;280.53;267.89;256.63;261.08;266.54;259.85;274.14;279.93;273.38;289.76;279.70;291.09;289.92;281.53;303.91;333.13;316.07,HALAL,"Business activity permissible — debt ratio not verified, cross-check Musaffa/Zoya",
ADP,SOFTWARE,COMPUTER SFTWR-FINANCIAL,57,266.4599914550781,0.049753442576436324,250.52;242.12;243.68;230.99;227.74;222.00;206.67;209.74;212.59;202.51;210.89;211.00;212.88;219.21;219.55;209.66;206.95;208.15;209.07;208.13;200.59;199.73;201.65;202.47;202.08;194.54;193.91;195.44;198.96;201.34;197.04;195.74;213.44;212.60;209.01;212.48;210.08;207.06;212.87;218.78;218.42;216.71;218.20;231.98;226.04;230.20;229.43;224.07;223.22;218.76;214.60;219.86;223.55;223.95;242.27;245.60;241.28;251.05;247.47;255.27;246.22;242.88;254.98;273.37;266.46,HALAL,"Business activity permissible — debt ratio not verified, cross-check Musaffa/Zoya",
PAYX,SOFTWARE,COMPUTER SFTWR-FINANCIAL,56,116.83999633789062,0.13306213841890635,101.48;99.89;100.13;96.23;96.28;96.76;90.35;91.14;90.23;85.39;89.14;91.51;93.37;96.13;96.05;91.85;90.49;90.32;89.61;91.36;91.22;89.58;90.01;89.60;89.51;85.85;87.28;88.20;89.86;91.54;88.87;87.87;91.90;90.89;90.73;92.10;91.73;88.99;90.60;93.51;93.28;93.82;94.53;101.38;97.44;99.49;99.25;98.25;99.86;96.57;94.94;95.31;98.87;97.32;105.25;107.01;105.17;109.61;108.87;113.21;110.81;109.52;114.29;122.13;116.84,HALAL,"Business activity permissible — debt ratio not verified, cross-check Musaffa/Zoya",
PCTY,SOFTWARE,COMPUTER SFTWR-FINANCIAL,45,137.89500427246094,-0.05460713221281421,142.14;132.15;135.57;126.64;117.85;113.82;104.20;107.64;108.22;101.95;103.78;106.49;113.60;115.99;117.95;113.78;109.39;110.80;110.90;115.09;109.60;105.39;108.04;106.14;106.29;95.18;99.49;100.52;100.78;103.60;100.08;101.38;107.94;109.60;107.68;109.12;109.88;104.23;107.12;113.22;111.72;109.64;110.88;122.49;112.82;113.46;113.14;108.23;106.93;100.51;99.51;103.79;106.35;104.53;115.10;118.84;116.62;124.50;123.05;126.00;123.88;120.60;130.16;144.79;137.90,HALAL,"Business activity permissible — debt ratio not verified, cross-check Musaffa/Zoya",
PAYC,SOFTWARE,COMPUTER SFTWR-FINANCIAL,44,163.9600067138672,0.08250942549226936,141.42;133.61;132.59;129.13;130.26;124.26;119.11;121.66;120.06;113.81;123.24;125.15;131.09;135.92;137.87;129.98;125.37;125.53;123.81;126.25;119.49;116.74;121.21;123.22;123.88;114.53;119.28;123.30;126.58;130.09;125.16;123.57;127.58;131.60;131.32;138.05;138.06;134.53;135.87;140.79;133.98;132.82;136.80;148.58;137.79;137.62;136.14;132.24;134.69;123.72;123.67;127.22;129.18;125.68;139.21;143.78;139.56;146.50;144.73;147.94;144.22;138.70;151.30;168.92;163.96,HALAL,"Business activity permissible — debt ratio not verified, cross-check Musaffa/Zoya",
WK,SOFTWARE,COMPUTER SFTWR-FINANCIAL,19,59.79999923706055,-0.265717123718348,81.03;76.27;76.54;71.21;69.85;69.96;62.38;58.00;59.26;57.59;59.11;61.58;62.55;64.42;64.01;62.21;61.59;61.75;61.58;61.39;58.62;57.83;59.63;60.00;58.85;55.59;56.12;56.47;57.34;56.22;52.19;53.90;53.91;54.76;55.41;52.29;46.42;44.31;47.40;49.69;50.02;49.33;46.57;52.83;49.84;49.13;48.48;49.13;48.80;48.03;45.98;47.83;49.05;48.51;51.93;52.96;52.33;54.54;54.38;57.18;54.96;50.68;55.75;61.45;59.80,HALAL,"Business activity permissible — debt ratio not verified, cross-check Musaffa/Zoya",
BILL,SOFTWARE,COMPUTER SFTWR-FINANCIAL,40,45.130001068115234,-0.06852424442816041,47.06;43.39;41.63;37.23;48.94;50.61;46.37;45.12;46.63;41.94;43.20;44.51;43.74;45.13;44.47;41.21;39.79;41.17;40.87;40.49;38.17;37.00;38.30;38.63;38.28;36.18;36.76;39.31;38.81;39.78;36.66;37.55;37.25;39.07;38.32;37.66;41.50;39.96;40.07;37.75;36.45;34.90;34.85;39.51;35.20;35.97;34.09;32.13;33.54;32.19;31.96;33.46;35.52;36.16;40.48;40.68;40.52;42.86;44.63;44.71;44.26;41.26;44.90;47.41;45.13,HALAL,"Business activity permissible — debt ratio not verified, cross-check Musaffa/Zoya",
SSNC,SOFTWARE,COMPUTER SFTWR-FINANCIAL,35,77.05000305175781,-0.08993358625226411,84.84;82.25;81.59;73.14;76.80;74.71;70.62;70.91;70.83;69.02;72.32;74.72;74.48;75.18;74.10;72.69;71.53;72.33;71.57;70.99;67.17;65.16;67.30;68.06;68.59;67.95;68.91;71.17;71.82;71.17;69.78;68.36;69.21;69.01;69.00;69.82;66.77;64.51;64.32;65.99;66.68;66.47;65.85;69.08;67.97;69.91;68.69;67.74;67.42;66.36;65.13;65.97;63.66;62.05;65.52;66.30;66.73;68.06;68.59;69.56;67.92;66.95;75.04;78.31;77.05,HALAL,"Business activity permissible — debt ratio not verified, cross-check Musaffa/Zoya",
JKHY,SOFTWARE,COMPUTER SFTWR-FINANCIAL,25,154.0399932861328,-0.1610673641508129,177.51;176.50;177.73;172.38;171.96;169.24;156.20;157.31;159.84;154.42;155.28;161.15;167.39;166.30;170.82;166.26;168.01;166.02;163.69;162.57;156.70;152.62;157.33;156.78;157.61;152.69;150.72;152.71;153.37;154.80;149.93;150.33;153.06;153.34;148.67;145.38;143.01;140.80;136.26;139.87;138.94;136.75;135.61;140.20;133.13;130.11;127.35;125.96;130.35;124.22;123.42;128.06;135.00;137.74;146.87;146.71;150.22;150.73;148.47;151.67;148.90;148.23;152.98;161.15;154.04,HALAL,"Business activity permissible — debt ratio not verified, cross-check Musaffa/Zoya",
EEFT,SOFTWARE,COMPUTER SFTWR-FINANCIAL,16,71.33000183105469,-0.03842003858716947,72.87;72.90;72.28;70.98;75.02;74.56;67.90;70.55;71.02;70.53;71.01;69.55;72.14;74.22;72.49;74.10;71.13;71.55;67.29;67.68;67.11;65.08;66.37;64.05;66.25;69.27;70.46;73.69;74.40;77.05;74.64;75.22;75.33;74.01;70.41;71.58;69.60;69.87;66.08;67.17;66.50;67.46;70.58;73.88;69.62;66.74;65.68;66.07;66.90;67.03;63.73;67.50;70.43;73.19;77.18;78.17;76.70;77.66;78.25;81.34;79.20;77.29;79.18;83.67;71.33,HALAL,"Business activity permissible — debt ratio not verified, cross-check Musaffa/Zoya",
EA,SOFTWARE,COMPUTER SFTWR-GAMING,55,209.86000061035156,0.030672534533645157,203.98;203.56;203.22;196.47;199.62;202.20;200.08;199.15;199.50;200.10;201.79;200.38;201.03;200.57;199.08;199.73;199.05;199.94;200.50;200.94;202.15;201.82;203.68;203.41;203.76;202.01;202.37;203.05;203.64;203.36;202.32;202.26;202.48;201.90;201.38;200.66;200.03;199.99;200.45;201.51;201.68;200.94;201.15;202.00;202.63;203.00;202.48;203.05;203.12;203.02;202.97;204.52;205.25;205.04;205.21;205.44;206.56;206.35;207.27;208.90;209.04;209.00;209.07;208.91;209.86,QUESTIONABLE,Group classification: COMPUTER SFTWR-GAMING,
TTWO,SOFTWARE,COMPUTER SFTWR-GAMING,43,242.9199981689453,-0.011435305446834465,245.52;239.27;221.81;200.76;195.59;210.71;190.36;193.87;201.37;195.59;207.31;211.48;217.05;212.53;214.63;211.09;208.58;206.72;201.75;200.84;193.05;189.69;197.50;199.87;198.33;198.05;201.36;214.15;212.04;217.65;209.90;213.77;215.34;216.03;223.11;223.50;221.47;226.99;242.44;238.14;238.08;220.67;217.87;226.98;215.80;214.39;212.05;212.08;216.23;228.03;239.57;235.77;238.53;249.98;254.99;257.79;246.10;244.10;243.80;236.68;235.93;230.25;243.95;246.43;242.92,QUESTIONABLE,Group classification: COMPUTER SFTWR-GAMING,
ATVI,SOFTWARE,COMPUTER SFTWR-GAMING,,,,,QUESTIONABLE,Group classification: COMPUTER SFTWR-GAMING,
RBLX,SOFTWARE,COMPUTER SFTWR-GAMING,1,35.599998474121094,-0.5196978257564521,72.14;75.73;67.48;63.07;66.42;71.94;63.15;63.00;64.44;62.43;68.07;68.66;66.97;66.08;62.65;60.39;56.42;57.79;57.52;56.84;56.65;52.31;56.56;60.11;57.50;55.17;57.66;59.79;60.34;61.26;55.45;57.52;56.28;45.13;44.04;44.78;41.31;41.96;42.85;44.45;46.14;46.00;46.83;47.00;43.68;41.82;43.00;43.49;45.66;48.02;47.27;47.94;47.56;54.38;55.41;56.71;56.43;55.03;57.07;51.68;52.50;47.55;48.42;50.13;35.60,QUESTIONABLE,Gaming platform — mixed content,
U,SOFTWARE,COMPUTER SFTWR-GAMING,30,31.709999084472656,-0.2510628490743052,41.25;38.40;28.81;24.94;25.11;29.06;19.65;18.36;18.49;17.13;18.58;18.23;20.02;20.73;21.25;20.04;19.43;20.09;19.15;18.65;17.80;19.45;21.94;22.75;22.01;21.57;22.80;25.26;25.92;25.41;24.31;26.64;26.11;27.13;27.34;26.73;26.87;26.89;27.16;26.20;25.54;26.77;29.94;32.17;29.22;29.17;28.44;26.71;28.49;26.47;27.14;27.15;28.23;28.58;29.32;29.66;30.73;30.68;31.27;28.99;29.87;28.94;30.44;32.04;31.71,QUESTIONABLE,Group classification: COMPUTER SFTWR-GAMING,
SCPL,SOFTWARE,COMPUTER SFTWR-GAMING,,,,,QUESTIONABLE,Group classification: COMPUTER SFTWR-GAMING,
GLUU,SOFTWARE,COMPUTER SFTWR-GAMING,,,,,QUESTIONABLE,Group classification: COMPUTER SFTWR-GAMING,
ZNGA,SOFTWARE,COMPUTER SFTWR-GAMING,,,,,QUESTIONABLE,Group classification: COMPUTER SFTWR-GAMING,
VEEV,SOFTWARE,COMPUTER SFTWR-HEALTHCARE,30,203.77999877929688,-0.08207207757073476,217.87;209.98;203.35;190.69;183.65;186.99;171.99;176.82;182.57;172.17;176.46;182.01;185.91;196.06;195.57;187.09;178.88;186.70;185.59;185.23;178.11;172.59;175.66;173.98;172.52;157.08;158.45;167.30;167.95;167.79;156.15;160.45;158.22;171.60;171.19;168.25;159.33;155.73;158.86;163.31;158.27;158.54;164.38;188.66;178.72;172.61;167.68;161.55;162.17;154.85;153.16;161.35;171.36;177.47;192.74;192.30;189.70;196.81;193.67;195.38;189.24;179.58;194.46;207.91;203.78,HALAL,"Business activity permissible — debt ratio not verified, cross-check Musaffa/Zoya",
DOCS,SOFTWARE,COMPUTER SFTWR-HEALTHCARE,2,20.90999984741211,-0.4853556658205106,38.96;38.63;37.29;35.25;27.73;27.24;24.71;24.58;25.23;23.76;24.40;24.53;26.97;26.07;25.49;24.64;24.37;24.91;24.80;25.03;24.18;23.69;23.30;22.77;22.50;21.16;22.66;23.90;24.71;24.15;23.17;24.66;24.20;24.98;25.77;26.03;26.26;23.39;18.97;19.26;19.39;19.52;21.07;22.55;21.04;20.59;20.45;20.02;20.68;20.45;20.07;20.83;20.88;20.74;21.86;22.74;22.01;22.29;22.26;21.52;21.11;20.45;20.99;21.63;20.91,HALAL,"Business activity permissible — debt ratio not verified, cross-check Musaffa/Zoya",
TDOC,SOFTWARE,COMPUTER SFTWR-HEALTHCARE,29,6.710000038146973,0.0600316143792996,5.91;5.70;5.37;4.91;5.01;4.85;4.47;4.56;4.88;4.56;4.65;5.26;5.10;5.12;5.30;5.47;5.37;5.61;5.52;5.48;5.57;5.14;5.45;5.27;5.32;5.25;5.22;5.54;5.69;6.00;5.70;5.85;5.95;6.46;6.66;6.96;6.92;6.79;6.36;6.61;6.57;6.59;7.51;7.91;7.09;7.05;6.93;7.31;7.46;7.59;7.58;7.81;8.39;8.48;9.20;9.52;9.21;9.65;9.72;9.43;9.71;8.66;8.91;9.18;6.71,HALAL,"Business activity permissible — debt ratio not verified, cross-check Musaffa/Zoya",
OMCL,SOFTWARE,COMPUTER SFTWR-HEALTHCARE,25,35.369998931884766,-0.296819096056278,49.96;49.09;48.70;46.69;37.07;39.00;36.18;37.37;38.63;39.56;41.37;41.10;40.80;42.25;39.83;37.48;34.40;35.09;33.40;34.31;34.94;32.75;33.38;34.15;34.50;35.47;35.01;37.53;38.28;36.75;36.37;37.63;43.10;42.80;43.56;43.33;43.30;43.17;43.12;43.82;43.76;44.10;44.72;43.16;41.89;43.00;40.69;37.82;39.99;38.50;38.68;39.49;40.13;41.52;43.03;44.36;45.59;46.68;46.82;45.87;41.83;39.86;41.49;41.40;35.37,HALAL,"Business activity permissible — debt ratio not verified, cross-check Musaffa/Zoya",
HSTM,SOFTWARE,COMPUTER SFTWR-HEALTHCARE,69,28.040000915527344,0.31498589173240754,21.62;21.89;21.86;20.34;20.03;19.93;19.82;20.22;20.14;21.17;21.60;21.16;21.63;21.82;22.43;20.48;20.27;20.90;20.53;21.10;21.20;21.07;20.68;20.42;20.52;19.88;20.34;21.01;21.70;21.35;20.87;21.40;21.19;20.69;24.32;23.50;23.08;22.85;22.67;24.43;23.67;24.37;24.63;25.59;24.54;25.24;26.00;26.22;25.87;26.00;25.36;26.11;26.73;27.25;28.41;28.45;28.02;28.72;28.25;28.48;27.84;26.39;27.87;29.53;28.04,HALAL,"Business activity permissible — debt ratio not verified, cross-check Musaffa/Zoya",
HQY,SOFTWARE,COMPUTER SFTWR-HEALTHCARE,62,100.61000061035156,0.196171678519395,83.02;83.57;87.07;81.34;79.45;78.35;73.21;74.36;78.88;75.87;75.56;76.49;80.43;79.96;80.04;78.57;77.81;79.40;81.13;81.64;82.47;82.51;83.57;84.67;81.08;84.20;79.91;83.67;86.04;84.30;77.75;83.52;81.48;82.40;82.63;83.99;81.65;82.18;82.17;84.65;86.43;87.25;90.52;90.64;85.21;88.67;89.23;88.96;86.97;86.33;84.61;85.00;88.46;90.32;95.31;96.98;94.81;95.66;95.07;97.67;97.77;94.33;99.05;104.13;100.61,HALAL,"Business activity permissible — debt ratio not verified, cross-check Musaffa/Zoya",
PRGS,SOFTWARE,COMPUTER SFTWR-HEALTHCARE,58,40.59000015258789,-0.04336554653202396,41.66;39.71;40.99;40.73;42.99;44.12;35.66;35.05;36.42;40.84;41.01;41.88;38.88;39.71;38.85;36.44;34.30;33.62;31.82;31.28;27.33;27.67;25.65;25.76;29.02;27.42;27.73;29.57;30.93;30.07;27.46;27.40;27.26;28.95;29.06;29.37;28.37;26.37;27.81;28.99;28.92;29.49;30.54;35.32;31.96;31.36;31.42;31.59;31.01;30.08;27.66;29.96;33.15;33.58;38.42;39.21;38.50;38.23;38.93;40.55;39.46;36.92;38.66;42.71;40.59,HALAL,"Business activity permissible — debt ratio not verified, cross-check Musaffa/Zoya",
CRWD,SOFTWARE,COMPUTER SFTWR-SECURITY,94,190.86000061035156,0.6871975489357662,119.17;111.15;109.71;103.84;98.88;103.35;102.89;103.57;105.54;87.58;90.83;93.00;97.86;106.54;108.53;110.51;110.44;108.30;107.04;103.33;96.46;92.39;97.60;99.78;105.81;98.67;100.56;102.79;105.99;112.40;111.35;113.65;113.10;113.91;119.13;126.43;135.57;140.64;148.52;154.22;162.06;167.89;167.75;195.54;186.90;167.76;161.23;172.88;173.23;170.74;168.86;168.26;175.27;190.79;193.98;194.62;198.40;187.91;206.77;203.08;191.15;183.42;180.11;179.38;190.86,HALAL,"Business activity permissible — debt ratio not verified, cross-check Musaffa/Zoya",
PANW,SOFTWARE,COMPUTER SFTWR-SECURITY,96,331.8299865722656,0.8416583419967487,183.50;176.20;175.42;166.72;159.32;165.51;162.81;163.50;150.99;144.14;144.84;148.92;156.09;163.16;165.10;164.93;167.02;169.19;169.74;164.05;153.22;147.02;160.32;163.21;169.87;166.99;162.51;164.11;167.85;174.96;173.21;182.90;181.54;181.08;183.98;196.53;213.66;227.79;242.83;240.13;252.92;256.75;257.77;300.48;280.43;272.05;260.52;279.53;284.54;282.13;286.40;285.26;304.20;341.02;348.06;337.04;338.31;330.30;354.02;358.68;342.15;325.63;317.32;314.15;331.83,HALAL,"Business activity permissible — debt ratio not verified, cross-check Musaffa/Zoya",
ZS,SOFTWARE,COMPUTER SFTWR-SECURITY,9,151.1999969482422,-0.27869477878904525,219.67;200.63;200.61;185.79;167.33;174.34;170.90;172.59;168.99;143.28;155.70;146.99;154.67;161.96;162.62;153.81;153.76;156.00;155.40;151.80;139.44;133.16;140.29;138.56;142.09;122.23;122.62;131.01;134.68;139.61;132.97;134.11;134.73;139.81;141.36;152.79;148.87;152.43;161.05;175.25;171.01;184.60;130.04;155.71;134.37;130.78;125.84;126.11;130.42;124.38;124.06;127.27;132.26;141.15;147.33;149.50;147.12;141.82;148.19;149.94;148.72;139.70;147.30;153.77;151.20,HALAL,"Business activity permissible — debt ratio not verified, cross-check Musaffa/Zoya",
FTNT,SOFTWARE,COMPUTER SFTWR-SECURITY,,,,,HALAL,"Business activity permissible — debt ratio not verified, cross-check Musaffa/Zoya",
S,SOFTWARE,COMPUTER SFTWR-SECURITY,70,19.059999465942383,0.3337998262297277,15.11;14.07;14.39;13.62;13.22;13.73;13.31;13.40;13.56;12.37;12.92;13.12;13.27;13.97;14.35;14.16;14.52;14.49;14.56;14.38;13.36;12.58;12.88;13.33;13.38;12.77;12.79;13.26;14.02;14.46;13.92;14.63;14.70;14.90;15.86;15.92;16.33;16.08;16.86;17.66;18.11;18.56;18.02;17.81;16.30;15.95;15.24;14.76;15.19;14.80;14.74;15.12;15.91;16.97;17.51;18.16;18.86;18.55;19.58;19.57;18.81;17.38;18.14;18.52;19.06,HALAL,"Business activity permissible — debt ratio not verified, cross-check Musaffa/Zoya",
OKTA,SOFTWARE,COMPUTER SFTWR-SECURITY,95,141.92999267578125,0.5637945056760223,91.46;85.69;88.13;83.42;86.74;88.45;84.91;82.46;81.80;69.51;73.00;72.50;72.52;79.65;79.71;80.85;79.16;78.53;80.76;81.10;78.12;73.23;78.71;80.19;79.34;67.76;65.46;67.35;72.25;77.64;76.04;76.14;76.16;75.78;77.75;80.88;81.69;78.20;82.77;85.70;89.44;93.81;94.72;139.79;124.65;118.72;119.96;117.50;118.12;113.03;115.94;118.58;124.28;136.45;141.42;148.47;148.84;139.53;150.86;149.35;141.71;136.10;137.43;136.91;141.93,HALAL,"Business activity permissible — debt ratio not verified, cross-check Musaffa/Zoya",
RPD,SOFTWARE,COMPUTER SFTWR-SECURITY,35,9.649999618530273,-0.24075534307101587,12.60;11.73;11.80;11.04;10.81;10.39;7.09;7.07;7.09;6.12;6.27;6.22;6.59;7.04;6.64;7.02;6.82;6.18;6.31;6.33;5.60;5.27;5.51;5.37;5.85;5.05;5.24;5.76;5.68;6.34;5.78;5.98;5.85;6.35;6.68;6.71;6.37;6.18;6.50;6.96;7.08;7.19;7.44;8.74;7.66;7.51;7.10;7.13;7.17;6.77;6.34;7.08;7.61;8.10;9.29;11.20;11.41;11.92;12.25;12.20;10.61;9.56;9.62;9.39;9.65,HALAL,"Business activity permissible — debt ratio not verified, cross-check Musaffa/Zoya",
QLYS,SOFTWARE,COMPUTER SFTWR-SECURITY,83,144.75,0.12392272339364774,133.00;132.12;135.00;129.18;110.80;113.39;104.79;103.91;103.20;86.65;91.24;92.47;97.39;99.45;96.36;96.66;99.71;95.08;96.59;97.34;89.90;85.63;87.85;88.36;88.24;76.68;81.40;85.17;83.17;86.28;84.04;85.16;89.60;88.53;92.14;94.97;91.53;86.50;90.02;100.09;100.85;102.31;100.37;114.02;111.61;109.90;109.71;110.83;114.65;112.18;108.51;115.34;123.27;137.49;148.12;157.55;159.39;151.54;159.32;159.43;143.78;133.74;134.79;135.13;144.75,HALAL,"Business activity permissible — debt ratio not verified, cross-check Musaffa/Zoya",
TENB,SOFTWARE,COMPUTER SFTWR-SECURITY,84,32.63999938964844,0.45389747351504206,22.75;21.58;22.02;19.72;21.23;22.90;22.12;22.10;21.82;17.55;19.00;19.23;19.96;21.18;21.02;20.51;20.29;20.24;20.19;20.27;18.11;16.54;16.92;17.58;18.20;16.41;17.41;18.93;19.35;20.11;19.48;20.47;21.47;21.23;21.02;21.54;21.31;20.58;21.49;25.25;25.17;25.82;25.95;29.32;29.69;27.85;26.69;26.87;27.72;26.88;26.34;27.92;30.22;36.88;38.60;40.62;41.37;39.20;40.19;39.88;34.09;31.62;32.44;31.48;32.64,HALAL,"Business activity permissible — debt ratio not verified, cross-check Musaffa/Zoya",
CYBR,SOFTWARE,COMPUTER SFTWR-SECURITY,,,,,HALAL,"Business activity permissible — debt ratio not verified, cross-check Musaffa/Zoya",
VRNS,SOFTWARE,COMPUTER SFTWR-SECURITY,,,,,HALAL,"Business activity permissible — debt ratio not verified, cross-check Musaffa/Zoya",
RBRK,SOFTWARE,COMPUTER SFTWR-SECURITY,52,72.36000061035156,0.10187304138786901,62.26;57.97;54.45;51.87;51.07;55.83;53.19;53.50;54.16;47.26;52.16;51.96;53.87;55.88;57.17;57.52;53.43;52.06;50.92;51.18;47.18;45.73;48.97;51.44;52.78;46.18;48.61;51.36;52.34;54.02;51.03;53.26;53.68;55.07;57.13;61.49;62.17;59.48;63.77;64.33;64.79;68.31;70.32;85.07;79.46;73.41;71.74;71.45;69.79;69.24;70.53;74.52;72.33;80.28;83.64;87.04;88.75;83.84;80.38;78.97;75.80;72.63;74.82;71.91;72.36,HALAL,"Business activity permissible — debt ratio not verified, cross-check Musaffa/Zoya",
NET,SOFTWARE,COMPUTER SFTWR-SECURITY,88,278.9800109863281,0.6085101883031672,205.95;180.39;182.42;166.88;173.21;179.98;185.17;193.68;192.64;160.19;171.80;172.19;178.91;192.31;201.48;213.00;212.45;211.52;221.36;220.65;218.00;203.02;206.34;211.69;216.29;193.05;184.02;190.13;200.99;207.67;205.00;212.36;211.97;217.50;244.43;256.79;193.52;192.62;197.56;206.73;212.65;217.54;228.11;270.82;265.33;250.11;236.13;227.44;235.71;226.87;218.38;223.48;237.24;245.28;242.41;268.83;275.80;269.53;273.04;277.66;272.31;262.32;265.61;270.38;278.98,HALAL,"Business activity permissible — debt ratio not verified, cross-check Musaffa/Zoya",
DDOG,SOFTWARE,COMPUTER SFTWR-SECURITY,96,267.9700012207031,1.059248375976173,138.21;128.18;129.05;115.71;111.69;129.67;126.13;122.56;120.60;102.61;110.33;111.96;111.77;122.36;128.56;127.49;124.52;128.87;129.94;129.23;123.29;114.48;118.05;120.36;116.54;108.98;110.08;121.06;126.61;129.29;127.86;132.66;133.98;140.53;145.73;188.73;202.32;205.31;207.98;215.15;218.04;223.65;225.24;277.49;250.33;234.11;227.34;234.24;233.09;226.63;221.37;222.65;239.77;260.36;260.36;256.81;269.00;260.24;264.46;258.69;254.79;244.39;251.86;264.20;267.97,HALAL,"Business activity permissible — debt ratio not verified, cross-check Musaffa/Zoya",
ADBE,SOFTWARE,COMPUTER SFTWR-SPECIALTY,15,250.41000366210938,-0.1682665241627812,297.42;291.65;293.38;279.71;268.38;264.67;262.50;260.45;259.21;246.68;257.81;262.41;270.99;281.74;282.44;273.71;249.32;254.20;245.99;247.64;237.25;234.84;243.08;242.92;240.14;229.94;240.11;244.66;244.45;247.18;238.98;239.31;243.57;250.71;255.62;256.51;246.15;236.07;247.60;254.99;244.10;240.49;241.44;274.03;256.24;251.44;237.88;218.80;206.36;196.28;194.90;196.57;202.73;205.02;219.72;221.54;222.65;230.61;224.56;237.25;227.16;212.17;237.75;263.43;250.41,HALAL,"Business activity permissible — debt ratio not verified, cross-check Musaffa/Zoya",
INTU,SOFTWARE,COMPUTER SFTWR-SPECIALTY,3,316.07000732421875,-0.43534020797965933,541.32;499.22;483.48;442.31;440.45;418.24;394.98;376.33;378.69;356.86;378.38;405.97;430.11;463.30;470.13;437.16;436.67;455.85;451.84;453.60;423.67;413.33;429.15;419.32;407.17;360.09;367.81;388.00;391.52;403.06;381.61;388.20;393.34;397.28;396.56;404.99;391.56;370.07;391.27;397.95;305.72;303.01;311.62;352.20;310.07;295.45;292.48;275.69;280.53;267.89;256.63;261.08;266.54;259.85;274.14;279.93;273.38;289.76;279.70;291.09;289.92;281.53;303.91;333.13;316.07,HALAL,"Business activity permissible — debt ratio not verified, cross-check Musaffa/Zoya",
VEEV,SOFTWARE,COMPUTER SFTWR-SPECIALTY,30,203.77999877929688,-0.08207207757073476,217.87;209.98;203.35;190.69;183.65;186.99;171.99;176.82;182.57;172.17;176.46;182.01;185.91;196.06;195.57;187.09;178.88;186.70;185.59;185.23;178.11;172.59;175.66;173.98;172.52;157.08;158.45;167.30;167.95;167.79;156.15;160.45;158.22;171.60;171.19;168.25;159.33;155.73;158.86;163.31;158.27;158.54;164.38;188.66;178.72;172.61;167.68;161.55;162.17;154.85;153.16;161.35;171.36;177.47;192.74;192.30;189.70;196.81;193.67;195.38;189.24;179.58;194.46;207.91;203.78,HALAL,"Business activity permissible — debt ratio not verified, cross-check Musaffa/Zoya",
TYL,SOFTWARE,COMPUTER SFTWR-SPECIALTY,7,309.6000061035156,-0.28788297187126743,426.16;380.00;362.88;343.24;348.35;360.51;287.04;312.48;319.55;317.43;335.11;354.69;367.22;365.87;367.35;348.32;349.79;348.45;350.07;349.09;331.47;334.03;342.38;338.03;333.70;323.68;320.85;337.61;342.61;341.46;335.74;337.58;356.01;335.50;327.82;331.08;312.27;298.59;311.89;322.74;308.74;307.39;306.04;329.83;303.77;312.07;308.92;295.48;289.84;287.71;275.27;286.03;294.40;292.46;318.10;321.45;311.01;314.22;303.52;319.51;299.74;288.16;315.88;333.50;309.60,HALAL,"Business activity permissible — debt ratio not verified, cross-check Musaffa/Zoya",
GWRE,SOFTWARE,COMPUTER SFTWR-SPECIALTY,18,151.94000244140625,-0.050552998810228233,160.29;147.64;138.92;132.18;128.19;133.24;125.34;122.29;128.84;122.22;135.89;145.32;151.93;160.84;163.30;158.25;160.57;163.11;156.03;156.81;149.44;144.68;149.56;150.79;146.08;124.30;124.18;136.57;140.36;141.04;131.25;136.62;139.23;141.26;140.02;139.58;134.32;125.60;130.14;140.01;135.71;137.36;142.13;171.42;155.01;136.06;124.51;118.52;120.03;111.17;102.69;110.33;121.48;123.05;134.47;137.06;135.05;140.31;140.54;150.02;142.53;131.38;149.28;167.26;151.94,HALAL,"Business activity permissible — debt ratio not verified, cross-check Musaffa/Zoya",
ALRM,SOFTWARE,COMPUTER SFTWR-SPECIALTY,58,54.75,0.11894542527130514,49.07;48.87;48.50;46.45;48.22;47.52;45.62;45.41;45.20;44.24;47.08;47.85;49.32;50.15;49.58;48.86;46.60;46.15;46.31;45.00;42.87;42.49;43.19;43.67;44.43;43.54;43.41;45.80;46.51;46.04;43.46;44.86;44.44;47.13;46.63;47.00;43.72;42.34;42.52;43.47;43.72;43.88;44.10;45.77;44.99;45.37;45.38;46.41;45.47;45.23;43.70;44.47;46.34;46.72;49.69;50.84;51.69;52.24;52.25;53.20;52.20;50.50;53.62;55.69;54.75,HALAL,"Business activity permissible — debt ratio not verified, cross-check Musaffa/Zoya",
NICE,SOFTWARE,COMPUTER SFTWR-SPECIALTY,12,98.79000091552734,-0.13675289402315216,113.76;108.35;109.37;112.51;111.86;113.57;105.69;95.31;111.55;114.36;111.09;116.25;123.50;128.13;125.63;120.23;117.39;118.87;119.40;117.01;109.51;108.35;110.26;113.20;111.78;104.46;102.82;102.00;105.25;106.26;98.73;100.96;101.87;112.90;125.01;95.64;91.39;86.38;89.76;94.76;95.35;94.16;90.64;99.45;94.91;93.14;88.62;88.08;86.54;83.15;84.07;87.41;91.99;90.85;96.74;98.63;97.86;103.48;101.53;100.15;94.13;86.82;95.01;105.02;98.79,HALAL,"Business activity permissible — debt ratio not verified, cross-check Musaffa/Zoya",
EVBG,SOFTWARE,COMPUTER SFTWR-SPECIALTY,,,,,HALAL,"Business activity permissible — debt ratio not verified, cross-check Musaffa/Zoya",
BL,SOFTWARE,COMPUTER SFTWR-SPECIALTY,7,31.399999618530273,-0.40844011802276226,53.15;46.91;47.02;44.88;43.85;44.33;38.53;37.34;37.01;32.55;32.85;35.25;36.58;37.60;37.14;36.16;36.88;38.19;38.52;40.02;37.07;36.05;37.00;36.29;35.28;32.04;31.37;32.57;31.51;31.56;29.39;30.63;31.16;33.91;32.34;31.17;27.50;25.23;27.25;30.03;28.94;28.87;27.11;31.32;28.81;28.66;28.34;27.93;28.49;26.80;25.88;27.03;28.34;28.07;29.88;29.02;29.04;30.09;29.45;30.29;29.36;27.44;30.66;32.43;31.40,HALAL,"Business activity permissible — debt ratio not verified, cross-check Musaffa/Zoya",
MIME,SOFTWARE,COMPUTER SFTWR-SPECIALTY,,,,,HALAL,"Business activity permissible — debt ratio not verified, cross-check Musaffa/Zoya",
CSCO,TELECOM,TELECOM-CABLE/SATELLITE EQUIP,92,115.98999786376953,0.5693092332897869,77.96;77.72;79.91;80.42;84.05;85.51;74.32;76.15;77.85;77.03;78.40;78.74;78.24;79.28;75.52;77.39;77.62;78.55;77.80;78.10;81.09;79.19;76.88;78.73;80.38;82.86;82.04;82.05;85.93;89.37;88.26;87.93;89.24;91.51;93.95;91.82;98.35;101.49;117.77;114.95;117.76;117.89;118.20;120.88;126.03;121.19;119.91;121.38;119.72;116.89;121.08;119.28;113.35;117.02;112.27;111.79;118.31;119.25;111.77;111.94;112.18;112.76;114.57;112.48;115.99,HALAL,"Business activity permissible — debt ratio not verified, cross-check Musaffa/Zoya",
ANET,TELECOM,TELECOM-CABLE/SATELLITE EQUIP,77,180.35000610351562,0.32279603159556536,146.69;148.15;138.37;130.28;137.49;143.45;135.12;142.58;137.23;127.43;132.89;133.50;124.60;139.40;137.17;138.23;133.57;133.07;136.26;135.88;135.01;120.77;122.78;126.68;133.64;146.05;152.02;154.33;164.23;172.86;172.55;172.47;168.68;172.70;170.22;141.75;136.43;140.69;141.97;141.58;148.59;158.01;155.27;170.68;174.37;154.27;152.16;156.40;169.09;164.93;174.56;161.74;157.60;169.88;159.99;166.46;184.69;181.15;171.92;168.61;174.58;176.61;170.76;157.97;180.35,HALAL,"Business activity permissible — debt ratio not verified, cross-check Musaffa/Zoya",
JNPR,TELECOM,TELECOM-CABLE/SATELLITE EQUIP,,,,,HALAL,"Business activity permissible — debt ratio not verified, cross-check Musaffa/Zoya",
NTGR,TELECOM,TELECOM-CABLE/SATELLITE EQUIP,,,,,HALAL,"Business activity permissible — debt ratio not verified, cross-check Musaffa/Zoya",
CMTL,TELECOM,TELECOM-CABLE/SATELLITE EQUIP,2,1.6799999475479126,-0.7137989812093664,5.95;5.77;5.56;5.29;5.70;5.81;5.70;5.67;5.63;5.41;5.16;5.02;5.12;5.31;5.08;5.10;4.67;3.66;3.74;3.64;3.62;3.10;3.32;3.55;3.73;3.78;3.77;3.75;4.11;4.02;3.89;3.80;3.50;3.68;3.71;3.74;3.76;3.73;3.76;3.70;4.21;4.98;5.75;5.72;5.64;4.72;4.18;4.59;2.76;2.56;2.42;2.35;2.07;2.10;1.93;1.87;1.87;1.90;1.75;1.62;1.73;1.76;1.82;1.66;1.68,HALAL,"Business activity permissible — debt ratio not verified, cross-check Musaffa/Zoya",
MSI,TELECOM,TELECOM-CONSUMER PRODUCTS,38,435.75,0.09099927978100952,403.80;400.89;401.41;413.96;419.81;417.33;450.89;455.19;451.13;462.42;468.68;479.55;477.52;464.54;455.46;459.96;470.46;466.46;456.58;455.28;449.66;437.01;432.67;437.65;441.13;441.18;438.60;438.89;440.64;444.15;441.85;430.31;427.95;434.60;436.69;431.91;391.00;396.70;392.10;397.54;399.04;409.25;410.31;410.35;407.17;409.11;412.83;409.12;410.49;400.70;392.23;400.60;402.89;415.29;422.66;424.21;417.21;418.06;407.18;413.31;406.28;407.02;423.80;434.20;435.75,HALAL,"Business activity permissible — debt ratio not verified, cross-check Musaffa/Zoya",
VOXX,TELECOM,TELECOM-CONSUMER PRODUCTS,,,,,HALAL,"Business activity permissible — debt ratio not verified, cross-check Musaffa/Zoya",
TESS,TELECOM,TELECOM-CONSUMER PRODUCTS,,,,,HALAL,"Business activity permissible — debt ratio not verified, cross-check Musaffa/Zoya",
GPRO,TELECOM,TELECOM-CONSUMER PRODUCTS,2,0.7490000128746033,-0.4238461228094146,1.29;1.21;1.09;1.06;1.00;1.04;0.86;0.81;0.81;0.80;0.84;0.97;0.90;1.00;0.80;0.76;0.72;0.70;0.68;0.67;0.68;0.64;0.77;0.77;0.74;0.74;0.94;1.12;1.28;1.40;1.29;1.38;1.49;1.73;1.46;1.39;1.32;1.10;1.11;1.00;0.99;1.20;1.22;1.10;1.04;0.90;0.86;0.78;0.75;0.80;0.74;0.71;0.75;0.78;0.72;0.70;0.76;0.71;0.70;0.66;0.72;0.69;0.69;0.69;0.75,HALAL,"Business activity permissible — debt ratio not verified, cross-check Musaffa/Zoya",
LITE,TELECOM,TELECOM-FIBER OPTICS,99,713.9400024414062,1.1048379884508437,370.66;381.44;423.42;465.54;551.99;561.13;583.46;600.42;635.64;674.73;723.39;700.91;694.43;650.82;640.69;672.00;622.50;649.56;772.13;728.95;777.17;702.73;702.76;826.88;815.75;894.13;871.18;824.01;894.07;836.92;846.89;859.68;858.32;949.93;994.56;892.58;1053.09;1030.37;970.70;890.09;964.50;910.81;860.62;905.00;938.00;863.66;821.76;889.59;957.24;869.98;893.93;842.53;816.98;858.06;728.32;698.91;785.77;768.15;752.00;732.82;837.56;833.64;711.96;602.35;713.94,HALAL,"Business activity permissible — debt ratio not verified, cross-check Musaffa/Zoya",
VIAV,TELECOM,TELECOM-FIBER OPTICS,97,36.95000076293945,0.9664714721969692,20.70;24.70;25.59;24.50;26.38;27.33;26.50;26.30;26.33;27.37;30.85;29.71;33.04;31.00;29.24;30.09;29.97;30.84;34.25;33.61;37.27;34.64;33.28;36.89;38.54;42.74;41.48;39.26;44.14;44.26;46.15;44.92;45.53;55.33;53.97;51.05;54.93;53.63;51.43;49.28;48.98;53.79;48.49;47.49;52.42;47.56;46.43;50.24;54.05;48.73;52.94;49.41;47.63;47.75;41.66;40.22;42.88;40.92;40.12;38.16;43.02;41.80;38.16;32.23;36.95,HALAL,"Business activity permissible — debt ratio not verified, cross-check Musaffa/Zoya",
FNSR,TELECOM,TELECOM-FIBER OPTICS,,,,,HALAL,"Business activity permissible — debt ratio not verified, cross-check Musaffa/Zoya",
ACIA,TELECOM,TELECOM-FIBER OPTICS,,,,,HALAL,"Business activity permissible — debt ratio not verified, cross-check Musaffa/Zoya",
AAOI,TELECOM,TELECOM-FIBER OPTICS,97,94.31999969482422,1.6405374152159,37.39;39.57;44.16;39.90;44.30;48.49;43.99;43.91;46.98;53.96;58.12;84.23;95.34;101.14;110.62;127.01;96.81;86.33;101.92;95.76;114.41;98.21;84.59;103.91;117.64;133.30;153.19;142.55;159.42;150.57;137.73;145.78;152.83;183.51;180.57;157.55;184.90;223.10;190.36;171.33;176.81;177.62;169.02;185.67;184.07;177.00;162.88;172.78;191.55;167.34;171.23;146.97;135.69;148.16;120.95;114.41;122.21;111.88;109.09;102.41;119.26;112.02;97.82;76.52;94.32,HALAL,"Business activity permissible — debt ratio not verified, cross-check Musaffa/Zoya",
OCC,TELECOM,TELECOM-FIBER OPTICS,98,14.859999656677246,2.3849658561774363,5.21;4.90;4.93;4.74;5.12;6.14;5.44;5.87;6.05;5.54;6.36;5.57;6.35;6.38;6.11;8.06;7.40;6.68;7.81;8.26;10.12;9.14;8.25;9.11;9.75;9.57;11.57;10.58;11.25;10.97;12.88;10.60;9.12;11.00;9.93;10.01;11.36;11.50;11.78;10.28;10.84;13.62;14.38;13.64;14.02;12.30;21.01;23.40;20.72;21.73;22.24;18.82;18.37;20.97;16.00;15.02;16.41;14.87;16.41;14.73;17.15;15.77;14.78;12.80;14.86,HALAL,"Business activity permissible — debt ratio not verified, cross-check Musaffa/Zoya",
CLFD,TELECOM,TELECOM-FIBER OPTICS,24,30.260000228881836,-0.016574592827253487,31.44;29.97;30.27;30.47;30.91;31.40;31.65;32.35;32.05;31.62;32.93;31.44;31.06;30.85;29.77;29.41;28.45;29.09;28.36;29.17;29.56;27.66;26.47;26.61;26.00;26.99;27.71;27.82;29.98;32.34;30.37;29.27;27.91;29.43;29.81;37.49;46.73;42.51;43.50;41.67;42.78;47.04;46.70;48.24;45.13;40.04;39.37;39.99;40.09;38.88;40.01;36.96;38.63;39.79;33.97;32.49;33.77;32.74;32.12;30.64;32.02;30.50;32.12;29.51;30.26,HALAL,"Business activity permissible — debt ratio not verified, cross-check Musaffa/Zoya",
AMT,TELECOM,TELECOM-INFRASTRUCTURE,23,173.36000061035156,-0.01111315171033167,176.60;177.85;170.36;173.15;167.97;175.07;184.57;189.37;181.23;186.39;178.97;188.17;186.59;184.03;183.05;179.33;180.86;181.51;179.24;173.10;164.05;166.26;169.26;170.38;170.73;176.47;177.46;175.32;180.64;173.11;177.32;173.64;176.51;179.89;176.44;178.07;175.79;172.23;169.02;181.27;182.04;183.20;184.91;185.76;180.52;192.28;189.03;187.52;185.76;181.09;176.43;174.46;175.59;163.57;166.03;165.25;165.00;169.50;168.63;170.06;163.39;164.65;166.74;179.26;173.36,HALAL,"Business activity permissible — debt ratio not verified, cross-check Musaffa/Zoya",
CCI,TELECOM,TELECOM-INFRASTRUCTURE,13,76.30000305175781,-0.09751570310804447,84.69;84.86;82.94;84.07;78.96;82.53;85.73;89.68;84.42;85.62;84.00;87.41;88.12;87.97;87.60;85.48;86.46;86.92;84.09;80.39;76.07;77.68;80.37;83.80;83.93;85.57;86.08;84.64;87.69;83.94;86.51;82.48;84.88;88.23;88.07;90.02;89.62;88.59;85.66;91.27;90.98;89.59;90.04;89.98;87.60;93.40;91.50;90.98;88.74;85.77;83.12;82.14;82.62;75.73;76.60;77.22;76.68;79.84;79.47;79.17;76.20;74.57;74.13;79.09;76.30,HALAL,"Business activity permissible — debt ratio not verified, cross-check Musaffa/Zoya",
SBAC,TELECOM,TELECOM-INFRASTRUCTURE,16,180.97999572753906,-0.020547946902320202,184.41;185.38;178.83;182.52;178.44;186.67;196.75;200.53;195.77;197.10;194.66;198.60;194.87;193.20;193.44;186.16;186.91;186.03;181.18;170.95;164.16;166.06;171.08;202.81;204.62;217.15;218.92;212.91;221.80;211.82;218.28;213.71;214.67;217.27;216.07;217.31;215.95;206.41;198.42;206.26;206.82;201.73;204.62;204.05;196.58;208.02;204.78;203.65;195.82;191.57;187.59;185.46;183.76;176.46;184.56;183.23;182.48;187.10;187.09;185.69;176.82;174.85;172.61;186.29;180.98,HALAL,"Business activity permissible — debt ratio not verified, cross-check Musaffa/Zoya",
UNIT,TELECOM,TELECOM-INFRASTRUCTURE,,,,,HALAL,"Business activity permissible — debt ratio not verified, cross-check Musaffa/Zoya",
DY,TELECOM,TELECOM-INFRASTRUCTURE,68,401.07000732421875,0.08924259697376935,374.87;365.47;383.58;363.20;400.47;410.40;417.33;422.43;419.40;420.34;425.47;420.02;403.49;369.98;360.29;366.95;347.23;361.43;355.60;349.74;353.52;341.96;338.82;348.15;356.79;391.62;396.95;395.00;399.45;404.81;414.35;416.01;390.31;433.60;457.14;426.36;430.95;444.81;437.37;413.35;414.43;420.47;535.20;493.89;484.11;466.28;453.79;464.57;471.30;461.38;468.01;483.48;488.25;505.59;437.76;413.15;427.21;410.11;428.77;407.11;423.23;440.39;424.21;371.92;401.07,HALAL,"Business activity permissible — debt ratio not verified, cross-check Musaffa/Zoya",
MTZ,TELECOM,TELECOM-INFRASTRUCTURE,44,263.1000061035156,0.08808934153403847,248.59;245.08;245.40;235.44;259.16;261.39;265.29;267.93;275.61;278.49;285.26;298.02;300.74;295.30;297.81;303.73;290.00;304.67;312.72;310.63;323.55;316.01;321.74;336.25;338.19;357.37;365.55;365.07;370.89;371.41;382.88;385.89;370.55;417.41;437.51;412.27;421.37;423.79;414.90;385.00;388.77;390.75;383.33;362.09;369.66;363.89;353.08;358.50;371.85;374.91;406.32;393.14;396.25;416.06;373.43;358.85;384.72;360.21;357.71;329.59;351.40;358.86;336.79;287.42;263.10,HALAL,"Business activity permissible — debt ratio not verified, cross-check Musaffa/Zoya",
VIAV,TELECOM,TELECOM-INFRASTRUCTURE,97,36.95000076293945,0.9664714721969692,20.70;24.70;25.59;24.50;26.38;27.33;26.50;26.30;26.33;27.37;30.85;29.71;33.04;31.00;29.24;30.09;29.97;30.84;34.25;33.61;37.27;34.64;33.28;36.89;38.54;42.74;41.48;39.26;44.14;44.26;46.15;44.92;45.53;55.33;53.97;51.05;54.93;53.63;51.43;49.28;48.98;53.79;48.49;47.49;52.42;47.56;46.43;50.24;54.05;48.73;52.94;49.41;47.63;47.75;41.66;40.22;42.88;40.92;40.12;38.16;43.02;41.80;38.16;32.23;36.95,HALAL,"Business activity permissible — debt ratio not verified, cross-check Musaffa/Zoya",
VSAT,TELECOM,TELECOM-INFRASTRUCTURE,98,76.93000030517578,0.7774954361129855,45.04;46.23;43.75;39.68;41.70;45.00;46.63;46.22;45.84;45.23;47.66;45.78;45.82;45.53;45.98;46.39;46.14;50.18;52.12;49.16;49.96;46.58;45.80;53.69;53.88;55.39;56.55;59.92;62.85;62.53;62.58;58.66;59.28;65.12;65.57;66.33;73.07;70.58;69.50;70.95;70.76;81.40;86.69;72.86;69.62;67.18;63.94;72.71;65.87;64.55;64.23;62.23;61.95;89.81;83.06;76.72;70.39;69.54;70.44;71.48;73.69;74.27;74.87;70.19;76.93,HALAL,"Business activity permissible — debt ratio not verified, cross-check Musaffa/Zoya",
GLW,TELECOM,TELECOM-INFRASTRUCTURE,92,138.25,0.48682004112883326,109.37;102.65;109.99;109.32;121.75;127.67;131.05;130.08;129.55;144.76;159.89;150.15;147.34;134.53;128.85;131.56;128.92;129.69;132.88;130.77;146.13;136.60;135.76;147.69;148.29;169.54;174.90;168.01;164.13;165.20;169.24;167.75;151.67;158.02;161.85;182.12;207.07;206.19;191.52;175.56;191.60;195.87;182.69;176.70;200.76;177.58;173.94;176.55;187.88;175.40;209.83;205.83;221.05;255.43;196.79;185.38;192.38;183.11;174.41;154.61;162.41;156.06;143.36;124.05;138.25,HALAL,"Business activity permissible — debt ratio not verified, cross-check Musaffa/Zoya",
T,TELECOM,TELECOM-SVCS-DOMESTIC,22,23.25,0.009237276607540146,22.46;24.54;25.68;26.58;26.49;26.77;28.13;28.01;27.23;27.85;27.22;27.35;28.00;28.29;26.88;26.52;27.07;27.20;27.09;28.09;28.13;28.42;28.31;27.67;27.38;26.21;25.27;25.12;26.16;25.54;26.26;25.18;25.41;25.77;25.56;24.93;24.54;24.41;23.71;24.65;25.01;24.69;24.55;24.23;23.24;22.45;22.41;22.70;22.98;22.14;21.81;22.07;22.42;20.43;20.31;20.81;20.76;21.55;21.43;21.81;22.26;22.96;24.42;23.94;23.25,HALAL,"Business activity permissible — debt ratio not verified, cross-check Musaffa/Zoya",
VZ,TELECOM,TELECOM-SVCS-DOMESTIC,,,,,HALAL,"Business activity permissible — debt ratio not verified, cross-check Musaffa/Zoya",
TMUS,TELECOM,TELECOM-SVCS-DOMESTIC,15,172.7100067138672,-0.062075716430848527,182.62;187.36;193.01;199.74;195.39;197.40;212.50;217.38;213.11;217.72;216.44;215.92;217.35;219.35;216.33;212.29;216.22;212.20;205.48;207.63;210.22;209.68;208.90;200.31;199.46;196.47;191.39;189.16;196.60;194.34;193.02;181.76;197.10;195.00;193.26;193.15;189.82;189.25;184.22;192.38;189.87;190.08;187.99;186.74;181.45;178.10;179.46;185.82;188.86;181.31;180.06;180.79;182.68;167.73;177.52;184.73;181.48;188.41;187.62;192.43;190.77;170.42;177.21;181.52;172.71,HALAL,"Business activity permissible — debt ratio not verified, cross-check Musaffa/Zoya",
LUMN,TELECOM,TELECOM-SVCS-DOMESTIC,21,6.380000114440918,-0.2555425505681095,9.29;8.93;8.93;6.63;8.06;7.78;8.00;8.09;8.03;7.45;7.10;7.11;6.93;6.83;6.63;6.65;6.64;6.81;6.76;6.77;6.97;6.67;6.95;6.99;6.81;7.48;7.79;8.59;8.57;8.73;9.01;8.94;8.69;9.32;9.23;8.46;8.34;9.40;10.05;9.19;9.44;10.17;10.70;10.60;9.98;8.91;8.47;8.49;8.53;8.10;8.09;8.06;8.08;7.68;6.43;6.44;6.75;6.45;6.45;6.28;6.76;6.53;6.26;6.24;6.38,HALAL,"Business activity permissible — debt ratio not verified, cross-check Musaffa/Zoya",
USM,TELECOM,TELECOM-SVCS-DOMESTIC,,,,,HALAL,"Business activity permissible — debt ratio not verified, cross-check Musaffa/Zoya",
FYBR,TELECOM,TELECOM-SVCS-DOMESTIC,,,,,HALAL,"Business activity permissible — debt ratio not verified, cross-check Musaffa/Zoya",
CNSL,TELECOM,TELECOM-SVCS-DOMESTIC,,,,,HALAL,"Business activity permissible — debt ratio not verified, cross-check Musaffa/Zoya",
SHEN,TELECOM,TELECOM-SVCS-DOMESTIC,15,11.989999771118164,0.07823740058566919,11.10;11.29;11.97;11.74;12.22;12.65;12.78;13.01;13.42;13.34;13.55;13.63;14.31;15.39;14.51;14.53;14.68;14.85;14.35;14.61;14.77;14.69;15.42;15.10;14.52;15.04;15.24;15.52;16.28;16.91;17.10;16.10;15.09;16.29;16.05;16.23;16.00;15.85;15.91;16.46;16.13;16.11;16.08;16.19;15.79;16.12;16.28;16.14;16.01;14.50;13.85;14.62;15.45;15.08;13.55;12.82;12.66;12.67;12.21;11.38;11.53;11.48;11.52;12.71;11.99,HALAL,"Business activity permissible — debt ratio not verified, cross-check Musaffa/Zoya",
QCOM,TELECOM,TELECOM-WIRELESS EQUIPMENT,26,147.61000061035156,-0.043085619075278525,151.50;150.69;151.09;147.40;135.96;138.68;137.08;141.20;139.85;139.00;144.36;140.93;136.74;136.50;137.60;133.63;129.34;131.11;130.80;127.88;129.87;126.64;128.31;126.33;123.61;127.28;130.76;132.56;135.70;135.06;133.46;149.71;155.43;176.36;185.86;201.80;236.66;212.39;200.75;194.89;212.62;247.90;242.39;228.15;249.09;215.94;205.42;202.96;220.81;212.97;221.90;197.41;189.39;184.79;176.25;182.97;191.11;183.98;177.98;171.78;173.50;171.11;170.04;155.68;147.61,HALAL,"Business activity permissible — debt ratio not verified, cross-check Musaffa/Zoya",
ERIC,TELECOM,TELECOM-WIRELESS EQUIPMENT,37,9.8100004196167,-0.04560724581071418,10.95;10.73;10.78;10.89;11.00;11.07;10.81;11.02;11.09;10.92;11.03;11.43;11.12;11.10;11.18;11.29;11.27;11.74;11.41;11.16;11.45;10.98;11.11;11.62;11.51;11.90;12.03;11.87;11.37;11.56;11.32;11.06;11.44;11.76;11.93;11.76;12.49;12.53;12.50;12.78;13.24;13.72;12.74;13.32;13.16;12.56;11.86;12.14;12.22;11.39;11.72;11.16;10.96;11.15;10.79;10.82;11.58;11.72;10.07;9.82;9.59;9.31;9.67;9.79;9.81,HALAL,"Business activity permissible — debt ratio not verified, cross-check Musaffa/Zoya",
NOK,TELECOM,TELECOM-WIRELESS EQUIPMENT,80,9.140000343322754,0.35007390975972963,6.94;6.29;6.66;6.80;7.07;7.08;6.97;7.30;7.60;7.57;7.57;7.72;8.07;7.85;7.89;7.90;8.24;8.55;8.30;8.06;8.41;7.98;8.04;8.82;8.85;9.55;10.37;9.99;10.31;10.40;10.33;10.76;12.46;13.30;13.42;12.35;13.92;14.71;13.95;13.67;14.18;16.46;15.28;16.25;16.73;14.38;13.85;14.09;14.82;13.83;14.43;13.81;13.01;13.28;12.07;11.85;12.90;11.69;11.25;10.12;10.63;9.73;9.28;8.41;9.14,HALAL,"Business activity permissible — debt ratio not verified, cross-check Musaffa/Zoya",
UI,TELECOM,TELECOM-WIRELESS EQUIPMENT,11,556.52001953125,0.017798023548154296,545.37;565.02;543.54;546.93;620.84;716.74;704.39;694.66;717.82;725.37;754.46;766.01;761.37;773.26;751.52;764.88;758.86;787.51;793.21;808.32;837.97;778.92;789.28;839.82;835.83;906.07;949.82;1005.27;1083.11;1026.12;1036.54;1008.13;969.75;1018.44;1013.60;925.50;737.66;663.92;622.45;583.90;586.31;608.16;595.01;575.45;576.13;567.33;563.78;581.77;574.74;562.82;579.45;550.00;526.33;534.03;525.38;525.82;544.43;540.67;542.54;545.95;535.94;529.36;539.61;522.87;556.52,HALAL,"Business activity permissible — debt ratio not verified, cross-check Musaffa/Zoya",
CIEN,TELECOM,TELECOM-WIRELESS EQUIPMENT,97,377.04998779296875,0.6455005184485578,247.52;253.53;268.49;253.50;271.32;298.70;292.96;302.33;318.41;344.84;353.33;348.70;333.07;299.30;318.54;339.95;337.38;370.05;412.58;407.90;437.70;401.61;388.23;447.76;447.88;487.38;479.90;475.76;507.43;505.93;515.85;506.34;475.39;535.29;544.75;538.76;581.47;577.90;554.46;541.92;587.23;602.39;570.18;569.61;620.37;488.21;439.34;445.22;463.41;436.72;460.33;463.51;479.50;490.56;422.46;418.91;462.34;445.44;418.46;374.41;408.73;407.53;377.27;330.37;377.05,HALAL,"Business activity permissible — debt ratio not verified, cross-check Musaffa/Zoya",
INFN,TELECOM,TELECOM-WIRELESS EQUIPMENT,,,,,HALAL,"Business activity permissible — debt ratio not verified, cross-check Musaffa/Zoya",
DZSI,TELECOM,TELECOM-WIRELESS EQUIPMENT,,,,,HALAL,"Business activity permissible — debt ratio not verified, cross-check Musaffa/Zoya",
TMUS,TELECOM,TELECOM-WIRELESS SVCS,15,172.7100067138672,-0.062075716430848527,182.62;187.36;193.01;199.74;195.39;197.40;212.50;217.38;213.11;217.72;216.44;215.92;217.35;219.35;216.33;212.29;216.22;212.20;205.48;207.63;210.22;209.68;208.90;200.31;199.46;196.47;191.39;189.16;196.60;194.34;193.02;181.76;197.10;195.00;193.26;193.15;189.82;189.25;184.22;192.38;189.87;190.08;187.99;186.74;181.45;178.10;179.46;185.82;188.86;181.31;180.06;180.79;182.68;167.73;177.52;184.73;181.48;188.41;187.62;192.43;190.77;170.42;177.21;181.52;172.71,HALAL,"Business activity permissible — debt ratio not verified, cross-check Musaffa/Zoya",
VZ,TELECOM,TELECOM-WIRELESS SVCS,,,,,HALAL,"Business activity permissible — debt ratio not verified, cross-check Musaffa/Zoya",
T,TELECOM,TELECOM-WIRELESS SVCS,22,23.25,0.009237276607540146,22.46;24.54;25.68;26.58;26.49;26.77;28.13;28.01;27.23;27.85;27.22;27.35;28.00;28.29;26.88;26.52;27.07;27.20;27.09;28.09;28.13;28.42;28.31;27.67;27.38;26.21;25.27;25.12;26.16;25.54;26.26;25.18;25.41;25.77;25.56;24.93;24.54;24.41;23.71;24.65;25.01;24.69;24.55;24.23;23.24;22.45;22.41;22.70;22.98;22.14;21.81;22.07;22.42;20.43;20.31;20.81;20.76;21.55;21.43;21.81;22.26;22.96;24.42;23.94;23.25,HALAL,"Business activity permissible — debt ratio not verified, cross-check Musaffa/Zoya",
DISH,TELECOM,TELECOM-WIRELESS SVCS,,,,,HALAL,"Business activity permissible — debt ratio not verified, cross-check Musaffa/Zoya",
USM,TELECOM,TELECOM-WIRELESS SVCS,,,,,HALAL,"Business activity permissible — debt ratio not verified, cross-check Musaffa/Zoya",
ATEX,TELECOM,TELECOM-WIRELESS SVCS,99,93.0199966430664,2.906761811402869,25.93;26.60;27.45;27.16;28.39;28.82;29.27;33.82;34.44;36.31;36.45;36.91;36.55;39.00;38.62;38.77;37.02;37.76;39.97;38.62;40.57;38.24;38.19;40.39;41.15;37.56;35.95;37.67;42.19;44.14;44.20;47.21;45.44;49.59;50.55;53.21;55.72;55.29;57.06;58.78;60.00;63.73;65.04;65.36;66.92;66.64;64.55;81.44;83.01;79.16;77.02;79.09;89.67;102.94;105.14;100.90;106.86;103.35;105.34;100.35;105.82;100.42;93.76;88.20;93.02,HALAL,"Business activity permissible — debt ratio not verified, cross-check Musaffa/Zoya",
UPS,TRANSPORTATION,TRANSPORTATION-AIR FREIGHT,49,104.22000122070312,-0.004864610524829671,103.97;102.80;106.95;113.23;113.81;115.13;114.52;113.60;113.62;113.11;111.96;114.04;111.35;102.34;98.28;99.13;95.60;96.15;94.96;96.05;96.74;93.23;96.75;96.55;95.95;99.96;100.33;101.85;104.68;104.55;105.93;106.45;104.84;105.79;96.44;98.44;98.34;96.82;97.29;96.83;98.25;101.97;106.67;109.02;108.67;108.54;107.87;108.65;108.83;105.13;107.24;106.14;108.14;107.50;110.66;111.96;110.74;112.89;112.94;117.72;116.34;114.10;112.95;104.56;104.22,HALAL,"Business activity permissible — debt ratio not verified, cross-check Musaffa/Zoya",
FDX,TRANSPORTATION,TRANSPORTATION-AIR FREIGHT,81,307.3999938964844,0.2638241230228444,249.79;255.80;268.09;289.87;295.22;294.19;295.40;300.07;306.34;306.79;305.90;309.42;305.85;298.51;289.89;290.12;282.32;284.72;285.88;285.62;287.01;276.14;285.94;290.31;286.60;302.65;298.55;292.95;315.00;316.77;315.25;311.39;311.96;316.03;291.21;301.79;304.18;296.79;301.67;301.02;312.21;321.12;330.27;337.22;323.25;329.76;330.52;336.74;337.48;324.71;328.78;316.83;318.53;313.13;313.00;312.88;310.84;313.74;313.42;312.98;315.19;315.62;310.79;308.61;307.40,HALAL,"Business activity permissible — debt ratio not verified, cross-check Musaffa/Zoya",
ATSG,TRANSPORTATION,TRANSPORTATION-AIR FREIGHT,,,,,HALAL,"Business activity permissible — debt ratio not verified, cross-check Musaffa/Zoya",
AAWW,TRANSPORTATION,TRANSPORTATION-AIR FREIGHT,,,,,HALAL,"Business activity permissible — debt ratio not verified, cross-check Musaffa/Zoya",
EXPD,TRANSPORTATION,TRANSPORTATION-AIR FREIGHT,75,167.88999938964844,0.05995341454399128,157.57;160.67;162.71;164.07;164.19;160.88;139.84;146.41;149.93;148.86;141.14;144.29;147.28;145.97;144.50;140.09;141.82;142.43;146.49;139.82;142.45;140.50;142.50;145.06;143.79;144.09;143.14;143.28;146.54;150.21;148.98;147.34;148.03;146.48;152.30;151.08;154.74;155.00;154.65;156.79;156.38;159.88;158.15;160.03;158.70;160.44;166.34;166.44;163.23;160.61;163.15;160.16;160.73;162.98;167.57;165.74;170.62;175.50;177.70;182.80;178.58;176.18;171.34;170.13;167.89,HALAL,"Business activity permissible — debt ratio not verified, cross-check Musaffa/Zoya",
FWRD,TRANSPORTATION,TRANSPORTATION-AIR FREIGHT,3,14.050000190734863,-0.49442246391274547,27.89;27.61;28.98;29.75;29.89;30.05;27.12;27.24;27.78;25.28;25.15;25.29;24.65;23.88;22.03;18.39;15.80;16.45;15.51;16.00;16.61;16.24;16.71;17.41;17.47;18.87;19.31;19.19;22.18;23.10;22.75;22.85;21.51;21.33;17.03;17.33;10.46;8.74;8.76;8.31;8.35;9.63;10.36;10.46;9.67;10.36;11.63;12.57;13.58;13.56;13.71;13.39;14.87;13.51;13.45;13.10;12.90;12.80;12.62;13.75;16.21;15.48;14.72;14.59;14.05,HALAL,"Business activity permissible — debt ratio not verified, cross-check Musaffa/Zoya",
DAL,TRANSPORTATION,TRANSPORTATION-AIRLINE,87,87.44000244140625,0.29675192434828546,65.62;66.02;68.54;70.31;74.76;73.88;68.96;70.30;66.91;66.36;68.84;65.36;64.27;61.00;60.27;58.84;58.48;64.50;64.68;64.80;67.64;64.50;66.14;66.42;65.29;67.48;66.71;71.62;71.35;69.86;68.02;67.85;65.93;68.63;70.50;72.74;70.84;70.69;70.06;67.59;75.46;79.19;82.29;81.27;78.59;79.22;80.97;81.63;83.86;82.05;85.71;90.43;92.34;93.43;92.52;88.41;89.00;86.19;85.96;84.17;84.63;81.97;86.67;86.25;87.44,HALAL,"Business activity permissible — debt ratio not verified, cross-check Musaffa/Zoya",
UAL,TRANSPORTATION,TRANSPORTATION-AIRLINE,77,121.33000183105469,0.12613703579676017,104.04;103.94;107.35;109.48;115.91;116.36;109.30;114.02;110.05;107.17;112.87;106.30;102.54;95.43;94.52;90.68;86.60;93.19;94.15;93.96;92.95;88.44;92.07;92.21;89.29;97.67;95.20;94.27;101.80;97.13;91.25;91.90;88.62;92.52;93.67;99.70;96.62;95.70;92.85;89.12;99.64;105.92;115.06;111.76;105.14;105.73;109.63;112.61;119.97;115.83;118.68;130.54;136.11;135.99;133.32;128.31;129.05;121.16;120.97;115.41;117.70;115.35;120.57;119.42;121.33,HALAL,"Business activity permissible — debt ratio not verified, cross-check Musaffa/Zoya",
AAL,TRANSPORTATION,TRANSPORTATION-AIRLINE,72,15.270000457763672,0.04089982129170533,13.55;13.51;13.69;14.43;15.24;15.10;14.05;14.40;13.35;12.93;13.32;13.07;12.46;11.79;11.44;11.04;10.30;10.86;10.80;10.81;10.74;10.30;10.74;10.84;10.81;11.37;11.23;12.17;12.78;11.77;11.78;11.68;11.31;11.84;12.37;13.18;12.79;12.71;12.31;12.06;13.59;14.85;14.65;14.34;13.57;13.50;14.09;14.65;15.46;15.42;16.08;17.44;17.87;18.07;17.92;17.20;17.06;16.31;15.63;14.98;15.28;13.56;14.95;14.84;15.27,HALAL,"Business activity permissible — debt ratio not verified, cross-check Musaffa/Zoya",
LUV,TRANSPORTATION,TRANSPORTATION-AIRLINE,69,44.970001220703125,0.0813225237306614,40.98;48.08;49.21;52.14;53.79;53.60;50.39;53.79;51.63;50.46;49.46;48.83;47.34;43.52;42.66;41.49;38.58;40.94;40.69;40.17;40.02;37.20;37.41;37.44;37.71;40.04;39.28;41.52;42.51;40.74;37.59;38.03;37.06;38.59;39.54;41.21;39.82;39.24;38.33;37.19;40.60;42.10;43.12;42.57;40.69;41.36;42.98;44.29;46.08;46.66;48.57;50.94;51.91;51.42;50.25;49.43;49.22;47.92;49.25;48.08;48.69;44.71;45.38;44.38;44.97,HALAL,"Business activity permissible — debt ratio not verified, cross-check Musaffa/Zoya",
ALK,TRANSPORTATION,TRANSPORTATION-AIRLINE,41,47.45000076293945,-0.06723016003056559,51.80;53.30;52.64;56.14;59.45;59.14;55.69;57.08;52.13;50.63;54.32;51.60;49.75;43.80;43.26;41.32;38.00;38.95;37.93;38.63;39.28;36.16;36.78;37.33;36.93;39.90;39.97;42.54;45.40;41.45;41.16;40.44;38.31;38.55;38.51;40.59;39.06;38.56;36.94;36.21;41.09;43.79;46.59;44.52;41.87;42.82;45.13;46.66;49.08;48.27;48.80;51.56;53.86;52.20;51.09;49.09;50.14;46.80;47.88;45.51;45.46;44.75;47.50;45.84;47.45,HALAL,"Business activity permissible — debt ratio not verified, cross-check Musaffa/Zoya",
JBLU,TRANSPORTATION,TRANSPORTATION-AIRLINE,74,6.03000020980835,0.14204544890107562,4.73;5.05;5.27;5.96;6.36;6.01;5.63;6.07;5.91;5.83;5.57;5.54;5.12;4.56;4.52;4.41;4.12;4.21;4.11;4.20;4.75;4.22;4.42;4.52;4.55;4.93;4.79;5.66;5.87;5.46;5.25;4.94;4.84;4.86;4.84;5.13;4.96;4.70;4.58;4.38;5.01;5.28;5.38;5.15;4.77;4.85;4.92;4.98;5.36;5.13;5.49;5.79;6.00;5.73;6.02;5.72;5.92;5.60;5.59;5.42;5.35;4.99;5.43;5.72;6.03,HALAL,"Business activity permissible — debt ratio not verified, cross-check Musaffa/Zoya",
SAVE,TRANSPORTATION,TRANSPORTATION-AIRLINE,,,,,HALAL,"Business activity permissible — debt ratio not verified, cross-check Musaffa/Zoya",
ALGT,TRANSPORTATION,TRANSPORTATION-AIRLINE,88,98.08000183105469,0.10799825520256734,85.35;91.44;91.06;99.86;114.79;114.34;109.28;114.04;104.18;103.69;102.74;102.15;95.93;84.13;82.48;82.15;75.04;80.00;79.23;82.34;84.89;79.40;81.04;82.84;80.74;86.88;85.24;88.24;91.79;85.57;78.74;79.39;74.51;75.02;75.75;82.18;79.38;75.21;74.90;69.87;81.39;87.20;90.73;89.16;82.98;84.12;86.69;86.04;95.24;95.89;102.18;107.32;116.10;117.60;118.67;111.14;114.65;106.89;107.75;100.90;101.35;94.48;99.14;95.69;98.08,HALAL,"Business activity permissible — debt ratio not verified, cross-check Musaffa/Zoya",
HA,TRANSPORTATION,TRANSPORTATION-AIRLINE,,,,,HALAL,"Business activity permissible — debt ratio not verified, cross-check Musaffa/Zoya",
MESA,TRANSPORTATION,TRANSPORTATION-AIRLINE,,,,,HALAL,"Business activity permissible — debt ratio not verified, cross-check Musaffa/Zoya",
SKYW,TRANSPORTATION,TRANSPORTATION-AIRLINE,58,106.97000122070312,0.05223290741010356,98.20;101.53;100.41;103.11;105.96;105.79;104.02;107.43;101.95;101.92;107.69;104.08;100.75;95.36;93.20;90.82;89.52;92.18;89.36;91.19;94.13;89.66;91.83;91.51;92.63;94.87;94.91;96.89;99.30;94.33;92.75;83.53;80.50;83.54;83.22;87.67;86.06;84.92;81.25;78.40;84.75;86.78;86.22;81.90;81.19;84.45;87.78;89.71;91.96;91.72;93.10;96.70;99.31;99.33;96.88;97.82;100.01;97.78;99.48;97.23;95.17;96.24;110.29;109.66;106.97,HALAL,"Business activity permissible — debt ratio not verified, cross-check Musaffa/Zoya",
UNP,TRANSPORTATION,TRANSPORTATION-RAIL,71,292.1300048828125,0.285357390188399,230.15;231.16;232.80;247.18;250.01;258.62;259.06;260.08;260.25;261.03;261.52;263.61;264.47;258.86;252.30;249.81;241.19;241.07;232.97;237.14;240.08;237.56;241.37;243.45;244.84;249.85;250.04;246.75;249.84;249.95;269.86;267.52;263.41;264.94;262.65;263.52;261.99;263.28;269.16;270.16;264.07;269.70;265.62;263.50;262.13;272.32;271.28;268.28;267.32;258.05;259.91;259.96;268.35;272.00;282.25;283.12;285.04;289.13;288.36;301.75;293.13;304.33;299.30;292.19;292.13,HALAL,"Business activity permissible — debt ratio not verified, cross-check Musaffa/Zoya",
CSX,TRANSPORTATION,TRANSPORTATION-RAIL,80,50.400001525878906,0.38430665002823705,37.43;37.63;38.15;39.60;40.35;40.64;40.44;40.77;41.42;41.70;41.95;42.56;42.53;41.02;40.48;40.22;39.18;40.19;38.37;38.82;39.45;39.55;40.92;41.09;41.29;42.36;42.22;41.97;43.19;43.24;46.04;45.32;44.54;44.95;44.89;44.32;44.60;44.26;45.52;45.94;45.76;46.47;45.67;45.86;46.44;46.99;47.28;47.37;47.39;45.57;46.20;46.06;47.66;47.53;48.89;48.51;49.35;49.64;49.43;50.75;49.89;52.81;51.80;50.74;50.40,HALAL,"Business activity permissible — debt ratio not verified, cross-check Musaffa/Zoya",
NSC,TRANSPORTATION,TRANSPORTATION-RAIL,60,335.4800109863281,0.17748180624468657,286.46;287.64;288.92;304.17;305.16;314.09;313.19;314.76;312.70;313.67;310.51;313.38;315.89;309.58;301.13;296.28;288.12;290.07;276.99;283.72;281.39;282.03;285.76;286.76;287.26;294.03;296.28;296.43;301.08;300.92;320.06;317.52;310.78;314.54;312.22;312.04;311.11;310.58;315.95;318.20;311.44;320.22;307.88;305.16;305.11;313.45;312.32;310.53;310.28;300.53;304.17;303.82;312.81;314.59;322.71;322.74;323.77;327.59;328.54;340.16;331.30;348.55;343.35;335.74;335.48,HALAL,"Business activity permissible — debt ratio not verified, cross-check Musaffa/Zoya",
CP,TRANSPORTATION,TRANSPORTATION-RAIL,57,88.88999938964844,0.22572701265421413,72.44;75.52;74.73;79.22;80.05;82.73;83.35;83.52;84.34;84.39;85.41;87.22;87.41;84.90;83.54;82.74;81.01;80.25;78.13;79.12;79.72;78.06;78.49;78.80;79.91;81.02;81.25;80.83;81.30;82.31;85.99;87.17;84.10;86.03;83.32;85.03;84.59;85.45;84.89;85.94;86.52;88.93;90.40;88.49;88.93;89.73;90.00;89.12;89.08;85.42;85.48;84.60;87.73;86.65;87.79;88.72;90.33;91.35;90.47;93.71;91.16;92.32;91.40;91.29;88.89,HALAL,"Business activity permissible — debt ratio not verified, cross-check Musaffa/Zoya",
CNI,TRANSPORTATION,TRANSPORTATION-RAIL,73,127.20999908447266,0.2890140717457179,99.31;99.85;94.57;97.86;100.25;104.84;106.05;107.21;108.16;108.81;107.75;110.88;109.89;108.39;106.70;105.63;104.45;101.44;98.56;100.14;101.34;100.88;102.21;103.61;105.33;109.54;110.35;109.34;109.69;109.57;113.43;114.33;107.49;111.35;109.39;110.24;110.00;111.26;111.18;112.59;113.55;115.76;118.15;118.77;118.80;119.73;120.31;118.27;117.54;113.96;114.13;115.91;120.56;119.24;121.56;122.78;124.34;125.31;124.00;129.03;127.10;130.58;128.88;129.84;127.21,HALAL,"Business activity permissible — debt ratio not verified, cross-check Musaffa/Zoya",
WAB,TRANSPORTATION,TRANSPORTATION-RAIL,77,290.8599853515625,0.2670755712618502,231.16;232.07;233.12;240.21;245.72;245.85;253.17;259.37;261.56;262.61;262.49;263.63;260.51;251.27;246.70;245.67;236.47;237.69;236.85;241.39;248.02;240.82;249.61;253.60;255.74;270.61;268.71;257.07;263.05;257.32;269.12;266.90;261.05;264.63;263.12;265.26;267.80;264.46;263.58;254.98;254.85;261.47;261.20;256.01;262.78;260.40;265.77;262.09;268.89;271.86;276.75;272.48;269.53;269.60;262.19;259.19;259.77;260.86;259.71;262.08;263.53;297.99;300.90;291.76;290.86,HALAL,"Business activity permissible — debt ratio not verified, cross-check Musaffa/Zoya",
GBX,TRANSPORTATION,TRANSPORTATION-RAIL,41,49.25,-0.007638832148229691,48.98;49.27;50.63;52.98;53.85;53.60;55.30;56.46;57.17;57.44;57.22;55.64;55.88;54.77;53.94;52.99;51.04;50.99;49.82;50.98;51.77;50.41;51.92;52.01;46.99;52.90;52.16;50.70;49.63;47.87;49.27;48.70;47.46;49.69;49.81;50.05;49.83;49.40;47.30;47.33;48.38;47.96;47.56;45.75;46.53;46.56;47.66;47.05;48.10;48.94;49.85;49.53;50.01;48.66;47.20;45.46;46.33;47.83;47.75;50.02;50.06;51.54;50.28;50.72;49.25,HALAL,"Business activity permissible — debt ratio not verified, cross-check Musaffa/Zoya",
TRN,TRANSPORTATION,TRANSPORTATION-RAIL,54,31.239999771118164,0.17625070145913546,27.57;28.20;28.69;29.14;29.86;30.32;33.98;34.13;33.55;34.00;33.89;33.58;33.56;32.59;31.26;30.26;29.00;29.97;29.21;30.08;31.12;30.65;31.62;32.40;31.57;33.88;34.36;33.20;32.67;30.57;31.34;31.32;30.50;35.91;35.55;36.33;36.18;36.24;33.97;32.95;34.01;31.97;31.87;31.65;31.83;32.48;33.86;33.94;34.50;33.99;34.83;35.02;35.80;34.28;33.83;33.64;34.53;36.20;36.06;36.47;36.92;36.77;37.10;36.70;31.24,HALAL,"Business activity permissible — debt ratio not verified, cross-check Musaffa/Zoya",
EXPD,TRANSPORTATION,TRANSPORTATION-SVCS/LOGISTICS,75,167.88999938964844,0.05995341454399128,157.57;160.67;162.71;164.07;164.19;160.88;139.84;146.41;149.93;148.86;141.14;144.29;147.28;145.97;144.50;140.09;141.82;142.43;146.49;139.82;142.45;140.50;142.50;145.06;143.79;144.09;143.14;143.28;146.54;150.21;148.98;147.34;148.03;146.48;152.30;151.08;154.74;155.00;154.65;156.79;156.38;159.88;158.15;160.03;158.70;160.44;166.34;166.44;163.23;160.61;163.15;160.16;160.73;162.98;167.57;165.74;170.62;175.50;177.70;182.80;178.58;176.18;171.34;170.13;167.89,HALAL,"Business activity permissible — debt ratio not verified, cross-check Musaffa/Zoya",
CHRW,TRANSPORTATION,TRANSPORTATION-SVCS/LOGISTICS,38,147.72999572753906,-0.15802691146093872,179.20;192.40;197.15;197.39;199.22;195.27;166.64;176.17;183.93;175.99;174.71;183.99;192.00;183.55;181.32;175.18;168.81;171.13;174.21;166.27;169.16;161.02;165.50;167.27;165.53;169.62;164.36;167.51;181.62;183.01;183.11;187.78;185.79;176.69;166.56;170.79;169.40;162.70;163.03;172.43;177.52;177.30;174.81;179.28;180.12;184.09;191.65;191.11;190.25;185.20;187.07;177.28;179.33;188.34;189.85;190.95;192.76;196.50;197.50;208.50;209.42;205.51;174.46;173.75;147.73,HALAL,"Business activity permissible — debt ratio not verified, cross-check Musaffa/Zoya",
XPO,TRANSPORTATION,TRANSPORTATION-SVCS/LOGISTICS,74,200.97000122070312,0.3646363508545367,148.60;150.91;163.06;179.54;203.61;200.10;189.81;202.14;203.34;201.18;198.49;210.47;215.37;206.21;194.32;193.90;181.71;188.35;187.37;185.60;192.86;189.05;194.55;200.52;200.31;211.73;212.15;210.33;225.02;227.61;224.76;220.00;216.71;215.28;207.55;206.88;201.60;198.28;204.23;202.30;203.57;210.75;214.03;221.21;218.69;218.94;227.58;227.65;220.74;201.79;201.19;196.83;201.46;205.29;206.33;202.79;208.03;209.45;204.82;215.02;214.72;214.16;208.20;199.38;200.97,HALAL,"Business activity permissible — debt ratio not verified, cross-check Musaffa/Zoya",
JBHT,TRANSPORTATION,TRANSPORTATION-SVCS/LOGISTICS,88,271.75,0.3194721669172216,202.10;204.42;210.89;227.34;227.49;228.62;218.31;223.09;225.30;221.66;218.84;232.98;230.44;225.94;217.06;209.97;199.88;199.75;199.83;202.40;208.71;205.21;211.51;214.51;217.31;224.80;227.19;223.75;244.62;250.62;253.24;249.70;245.85;248.27;242.59;241.74;240.75;237.80;262.21;256.53;259.23;267.63;272.52;279.46;280.05;284.95;287.19;289.14;283.16;267.24;273.48;269.06;280.30;289.43;285.83;275.00;282.61;283.00;276.28;291.41;293.26;289.37;280.96;276.14;271.75,HALAL,"Business activity permissible — debt ratio not verified, cross-check Musaffa/Zoya",
LSTR,TRANSPORTATION,TRANSPORTATION-SVCS/LOGISTICS,60,174.77000427246094,0.14101982347542363,150.92;149.25;157.91;160.63;161.27;161.60;136.67;143.43;149.72;145.68;144.01;162.59;162.94;159.16;152.39;148.36;147.61;148.17;149.25;150.04;156.72;156.17;159.95;162.91;166.47;170.03;167.89;166.14;172.48;178.34;179.50;179.73;184.18;181.15;179.92;181.54;178.52;174.60;175.65;182.15;191.11;202.13;203.45;213.40;215.25;218.06;223.46;225.20;219.27;208.13;209.02;207.68;209.21;206.81;208.21;203.95;207.70;212.87;207.81;211.56;214.21;207.97;191.63;177.83;174.77,HALAL,"Business activity permissible — debt ratio not verified, cross-check Musaffa/Zoya",
HUBG,TRANSPORTATION,TRANSPORTATION-SVCS/LOGISTICS,62,46.529998779296875,-0.012618187746601395,47.22;47.98;49.36;52.19;41.69;43.12;39.74;39.60;41.47;41.20;40.89;42.79;42.98;41.05;38.74;36.85;34.20;34.02;34.41;35.21;36.25;35.28;35.94;36.40;36.91;38.65;39.09;39.14;42.54;43.70;43.38;43.70;42.65;43.06;41.69;42.89;41.74;37.84;37.24;38.25;40.56;42.65;42.46;43.47;42.90;42.93;44.86;45.80;45.53;43.63;43.98;43.00;43.75;43.79;44.94;46.08;46.90;47.69;47.80;51.22;50.92;49.22;47.89;47.69;46.53,HALAL,"Business activity permissible — debt ratio not verified, cross-check Musaffa/Zoya",
FWRD,TRANSPORTATION,TRANSPORTATION-SVCS/LOGISTICS,3,14.050000190734863,-0.49442246391274547,27.89;27.61;28.98;29.75;29.89;30.05;27.12;27.24;27.78;25.28;25.15;25.29;24.65;23.88;22.03;18.39;15.80;16.45;15.51;16.00;16.61;16.24;16.71;17.41;17.47;18.87;19.31;19.19;22.18;23.10;22.75;22.85;21.51;21.33;17.03;17.33;10.46;8.74;8.76;8.31;8.35;9.63;10.36;10.46;9.67;10.36;11.63;12.57;13.58;13.56;13.71;13.39;14.87;13.51;13.45;13.10;12.90;12.80;12.62;13.75;16.21;15.48;14.72;14.59;14.05,HALAL,"Business activity permissible — debt ratio not verified, cross-check Musaffa/Zoya",
MATX,TRANSPORTATION,TRANSPORTATION-SVCS/LOGISTICS,92,202.58999633789062,0.2799623403763243,158.26;160.60;165.03;162.25;162.62;160.35;157.89;164.73;164.33;164.06;169.72;165.80;168.20;158.44;153.12;153.64;149.45;154.86;157.85;159.63;163.98;157.72;163.62;166.06;167.78;171.76;172.14;170.17;176.20;170.35;170.03;176.38;173.01;173.21;186.89;180.14;181.91;181.72;179.88;180.06;182.75;184.53;180.65;188.11;185.81;187.32;194.23;198.98;195.18;193.57;196.83;195.59;194.49;192.23;203.53;198.53;206.03;205.15;208.90;222.18;219.19;213.59;205.45;201.84;202.59,HALAL,"Business activity permissible — debt ratio not verified, cross-check Musaffa/Zoya",
ARCB,TRANSPORTATION,TRANSPORTATION-SVCS/LOGISTICS,92,144.35000610351562,0.6129806782411031,86.72;85.13;99.54;109.32;111.73;105.96;101.49;104.88;105.00;98.92;96.60;102.56;104.46;99.61;94.05;91.82;84.79;85.88;89.17;91.94;95.68;92.38;98.26;100.41;103.45;109.11;108.45;108.08;118.52;118.42;119.77;126.62;126.93;125.70;118.05;121.66;118.31;111.48;122.71;118.70;124.41;129.49;133.78;140.80;142.13;155.09;173.22;172.67;164.10;145.85;145.60;145.18;146.29;143.54;139.67;145.15;150.85;149.50;147.47;159.81;160.89;156.99;148.87;141.49;144.35,HALAL,"Business activity permissible — debt ratio not verified, cross-check Musaffa/Zoya",
RXO,TRANSPORTATION,TRANSPORTATION-SVCS/LOGISTICS,61,20.25,0.30225078788523296,14.53;14.88;15.49;17.05;16.90;16.39;12.99;14.83;15.69;14.66;14.72;15.96;16.44;15.45;13.83;12.71;12.12;13.00;13.62;13.31;14.38;13.88;14.62;14.94;15.49;16.01;16.06;16.47;18.70;19.58;19.30;19.43;19.08;19.59;18.19;23.11;20.70;19.81;18.69;21.13;24.36;25.00;25.90;26.87;26.83;26.86;29.12;28.50;27.71;24.82;25.82;25.30;27.12;27.59;26.61;26.87;26.85;27.09;27.07;29.29;29.30;27.77;24.11;22.29;20.25,HALAL,"Business activity permissible — debt ratio not verified, cross-check Musaffa/Zoya",
GXO,TRANSPORTATION,TRANSPORTATION-SVCS/LOGISTICS,20,50.15999984741211,-0.1262846197399321,57.92;57.91;56.94;58.20;58.91;58.00;64.29;65.36;64.60;63.15;63.79;62.83;60.96;59.09;55.35;54.60;52.51;53.70;51.27;51.46;52.16;49.64;51.85;53.08;53.27;55.99;56.60;55.76;58.79;58.62;56.66;57.15;55.15;56.22;49.85;51.88;50.82;49.92;48.18;45.52;46.72;47.93;50.76;50.00;49.11;48.68;50.24;49.81;50.32;48.08;49.73;49.98;50.19;50.70;51.95;51.84;51.72;48.99;52.29;54.05;54.06;52.57;53.29;51.53;50.16,HALAL,"Business activity permissible — debt ratio not verified, cross-check Musaffa/Zoya",
KEX,TRANSPORTATION,TRANSPORTATION-SHIPPING,49,131.13999938964844,0.018958838378119847,128.49;122.17;119.42;121.51;122.38;120.24;121.38;126.68;128.33;128.46;130.12;129.80;133.83;130.28;125.81;126.32;124.95;128.01;130.14;130.76;135.88;134.12;132.88;135.92;140.51;141.59;141.90;142.49;142.09;143.71;150.85;152.38;152.59;147.22;143.37;142.22;146.09;146.70;145.70;146.62;145.62;144.35;140.46;142.23;144.80;141.05;143.06;140.32;142.00;140.22;141.32;137.13;136.78;135.97;129.84;133.91;142.63;142.76;141.89;144.16;148.70;149.10;145.08;131.07;131.14,HALAL,"Business activity permissible — debt ratio not verified, cross-check Musaffa/Zoya",
MATX,TRANSPORTATION,TRANSPORTATION-SHIPPING,92,202.58999633789062,0.2799623403763243,158.26;160.60;165.03;162.25;162.62;160.35;157.89;164.73;164.33;164.06;169.72;165.80;168.20;158.44;153.12;153.64;149.45;154.86;157.85;159.63;163.98;157.72;163.62;166.06;167.78;171.76;172.14;170.17;176.20;170.35;170.03;176.38;173.01;173.21;186.89;180.14;181.91;181.72;179.88;180.06;182.75;184.53;180.65;188.11;185.81;187.32;194.23;198.98;195.18;193.57;196.83;195.59;194.49;192.23;203.53;198.53;206.03;205.15;208.90;222.18;219.19;213.59;205.45;201.84;202.59,HALAL,"Business activity permissible — debt ratio not verified, cross-check Musaffa/Zoya",
ZIM,TRANSPORTATION,TRANSPORTATION-SHIPPING,84,25.190000534057617,0.17827915837910346,21.98;22.42;21.70;20.83;20.00;20.05;20.49;26.94;28.23;27.72;28.25;27.89;27.00;27.51;28.16;27.15;26.11;26.52;26.08;25.92;26.44;26.19;26.35;26.30;26.30;26.40;26.53;26.70;27.01;26.24;26.08;26.09;26.01;26.28;28.55;26.09;26.47;25.75;25.57;25.55;25.14;25.25;24.19;24.72;24.50;25.24;25.50;25.91;24.92;23.98;25.27;25.58;25.58;26.00;25.57;23.92;24.14;23.80;24.80;24.30;24.92;25.59;24.56;24.58;25.19,HALAL,"Business activity permissible — debt ratio not verified, cross-check Musaffa/Zoya",
DAC,TRANSPORTATION,TRANSPORTATION-SHIPPING,89,141.6300048828125,0.4378667334231614,100.15;102.44;101.53;98.76;99.84;102.66;102.81;104.96;105.33;107.05;112.65;116.31;113.59;109.51;110.69;111.95;105.55;109.91;112.25;112.51;111.62;109.20;111.08;113.83;113.66;114.81;114.72;114.64;116.17;113.42;115.90;118.71;118.16;118.11;125.74;130.43;131.49;130.56;128.37;128.01;130.84;128.54;125.03;127.67;127.47;128.26;129.42;129.15;130.39;125.77;126.49;124.41;122.15;121.51;121.46;124.02;126.43;128.44;128.59;124.98;131.46;137.44;140.31;138.60;141.63,HALAL,"Business activity permissible — debt ratio not verified, cross-check Musaffa/Zoya",
GSL,TRANSPORTATION,TRANSPORTATION-SHIPPING,87,44.34000015258789,0.26771089669698345,36.05;36.41;36.82;34.89;35.53;36.09;36.04;37.65;38.02;38.26;39.28;40.45;39.54;37.93;38.55;38.08;36.60;37.56;38.13;37.65;37.90;36.09;36.66;37.82;37.32;37.69;38.36;38.32;38.36;36.78;37.08;38.55;38.83;39.95;40.87;40.90;41.14;40.62;40.24;39.67;40.31;37.54;36.46;37.93;37.53;38.13;38.56;38.68;39.34;37.98;38.32;38.69;37.79;37.60;38.11;38.96;39.44;40.81;41.14;40.16;42.05;43.02;43.14;43.34;44.34,HALAL,"Business activity permissible — debt ratio not verified, cross-check Musaffa/Zoya",
GLNG,TRANSPORTATION,TRANSPORTATION-SHIPPING,57,49.150001525878906,0.22743314524802782,39.81;40.57;40.79;40.16;41.83;43.16;43.15;43.71;45.03;44.94;42.66;44.00;45.28;45.77;45.32;45.45;42.72;46.08;50.70;52.53;52.82;54.75;53.84;55.01;54.17;53.12;53.15;53.56;51.58;52.56;52.42;52.56;53.66;55.42;56.80;54.75;56.53;56.40;56.75;55.37;52.05;51.56;49.07;50.59;51.68;50.67;50.71;50.55;51.20;49.45;50.75;49.83;49.76;49.84;49.01;50.50;50.87;51.07;50.70;49.65;49.76;49.83;48.98;47.35;49.15,HALAL,"Business activity permissible — debt ratio not verified, cross-check Musaffa/Zoya",
SBLK,TRANSPORTATION,TRANSPORTATION-SHIPPING,89,28.75,0.39040713460335574,21.27;22.13;22.33;21.55;21.95;22.58;22.45;23.70;24.15;24.39;24.08;25.40;25.36;23.79;23.28;22.88;21.44;21.82;22.31;22.40;22.44;21.84;22.55;23.87;23.28;23.74;24.27;24.19;24.00;23.91;23.72;24.13;24.42;24.81;26.19;26.32;26.25;26.20;25.98;25.60;26.42;27.04;26.68;27.69;26.67;26.82;26.26;26.65;27.07;26.75;26.52;25.67;24.40;24.97;25.15;26.20;25.88;26.54;26.35;24.90;26.68;27.15;27.10;27.39;28.75,HALAL,"Business activity permissible — debt ratio not verified, cross-check Musaffa/Zoya",
SB,TRANSPORTATION,TRANSPORTATION-SHIPPING,92,7.809999942779541,0.48226432968784483,5.31;5.52;5.77;5.47;5.49;5.75;5.73;5.95;5.91;6.08;6.33;6.45;6.50;6.23;6.28;6.03;5.88;6.03;6.22;6.21;6.22;6.02;6.27;6.53;6.42;6.41;6.49;6.45;6.58;6.44;6.42;6.54;6.54;6.61;7.04;6.87;7.00;7.20;6.97;6.74;6.78;6.81;6.52;6.56;6.41;6.44;6.60;6.69;6.75;6.39;6.94;6.72;6.33;6.31;6.40;6.73;6.70;6.96;7.16;6.82;7.45;7.55;7.52;7.58;7.81,HALAL,"Business activity permissible — debt ratio not verified, cross-check Musaffa/Zoya",
INSW,TRANSPORTATION,TRANSPORTATION-SHIPPING,96,96.18000030517578,0.8327570760074507,52.65;54.37;55.34;54.04;55.96;55.58;56.89;59.04;61.43;61.46;63.71;69.22;69.30;66.49;69.43;64.54;60.41;62.07;65.57;66.14;66.40;67.24;68.86;71.23;69.61;70.82;71.07;70.38;72.26;71.77;72.58;76.16;76.74;80.45;83.24;85.21;84.77;80.61;79.92;78.71;80.42;78.16;72.58;74.70;73.67;76.60;76.74;78.01;81.41;81.45;88.41;87.72;79.51;76.59;82.40;85.23;82.98;86.17;88.65;86.76;90.47;91.35;90.69;94.55;96.18,HALAL,"Business activity permissible — debt ratio not verified, cross-check Musaffa/Zoya",
DHT,TRANSPORTATION,TRANSPORTATION-SHIPPING,87,18.56999969482422,0.42743247260253137,12.81;13.27;13.51;13.12;14.00;14.18;14.52;15.32;16.30;16.92;18.03;18.81;18.59;17.89;18.31;17.25;16.26;16.30;17.24;17.15;17.16;17.47;17.63;18.01;16.98;17.18;16.96;17.04;17.68;17.36;17.17;17.70;17.63;18.21;18.43;18.36;18.08;17.19;17.02;16.99;17.76;17.40;16.35;16.65;16.39;16.65;16.72;16.65;18.48;18.11;19.77;19.39;17.65;16.53;17.18;17.29;16.93;17.31;18.01;17.41;18.47;18.41;18.29;18.55;18.57,HALAL,"Business activity permissible — debt ratio not verified, cross-check Musaffa/Zoya",
FRO,TRANSPORTATION,TRANSPORTATION-SHIPPING,93,39.369998931884766,0.6265690362556131,25.11;26.29;26.53;26.19;27.28;26.98;27.58;29.28;31.41;32.59;33.86;35.25;34.50;32.43;32.96;31.11;28.92;29.99;31.51;32.42;32.34;32.25;33.40;35.07;33.52;33.37;33.39;34.01;35.58;33.90;33.44;34.49;34.77;35.47;36.51;36.53;36.56;35.64;35.13;35.88;36.84;35.04;33.10;33.40;33.02;33.70;34.76;35.58;39.43;38.85;41.58;40.72;35.52;34.79;36.75;37.66;36.56;36.92;37.90;36.49;38.45;38.85;38.59;39.13;39.37,HALAL,"Business activity permissible — debt ratio not verified, cross-check Musaffa/Zoya",
ODFL,TRANSPORTATION,TRANSPORTATION-TRUCKING,67,212.13999938964844,0.22034165651895576,173.98;172.13;185.64;207.99;201.93;193.97;185.02;192.81;194.65;193.36;191.19;202.51;207.39;210.41;196.97;188.54;180.52;184.20;182.13;187.46;188.81;188.10;195.15;197.75;198.68;209.23;207.37;204.93;217.48;224.14;222.50;220.25;209.08;205.55;195.83;197.81;194.87;188.94;202.86;204.20;207.43;216.34;220.58;228.24;236.06;242.57;248.73;247.76;237.42;218.36;219.52;219.04;218.79;216.60;217.65;215.51;225.85;232.90;225.23;233.84;234.79;230.71;226.77;222.79;212.14,HALAL,"Business activity permissible — debt ratio not verified, cross-check Musaffa/Zoya",
SAIA,TRANSPORTATION,TRANSPORTATION-TRUCKING,29,347.6300048828125,-0.010475058214554411,350.00;341.78;367.75;405.95;415.46;381.64;379.08;388.35;392.67;397.00;384.33;405.39;414.06;396.62;368.78;341.41;321.00;328.96;321.17;329.48;344.36;334.31;351.28;354.28;375.61;401.67;396.74;397.79;434.22;441.81;440.98;444.32;422.04;441.26;422.31;448.94;446.18;431.42;460.38;448.95;458.25;467.89;469.21;482.22;464.49;466.51;479.30;487.14;474.19;425.86;436.05;428.44;430.51;421.16;416.69;416.00;421.29;432.06;417.05;436.85;433.22;426.55;419.92;394.44;347.63,HALAL,"Business activity permissible — debt ratio not verified, cross-check Musaffa/Zoya",
WERN,TRANSPORTATION,TRANSPORTATION-TRUCKING,68,37.41999816894531,0.11420759999772834,32.76;34.38;36.11;37.54;34.50;34.66;32.36;33.49;34.42;32.55;32.40;34.82;34.27;32.94;30.98;29.38;27.41;27.11;26.95;27.82;28.92;28.38;29.19;30.23;30.62;31.41;31.70;30.73;32.47;33.39;33.80;34.03;36.27;35.79;34.56;36.26;35.30;34.47;37.19;37.65;39.69;40.63;41.39;42.38;42.89;43.32;43.36;43.70;42.93;39.75;40.73;40.86;42.63;43.47;43.06;43.32;44.78;44.09;43.61;46.04;47.29;43.91;40.43;36.65;37.42,HALAL,"Business activity permissible — debt ratio not verified, cross-check Musaffa/Zoya",
KNX,TRANSPORTATION,TRANSPORTATION-TRUCKING,78,69.52999877929688,0.22803687087512947,54.58;55.50;58.82;59.81;59.82;59.70;59.55;59.53;58.86;58.86;58.38;62.55;61.25;60.66;57.60;55.59;51.80;52.25;53.23;54.03;56.20;55.41;57.43;58.45;59.37;61.16;61.68;61.40;64.26;64.69;65.60;64.53;63.20;63.84;61.46;63.28;61.76;59.62;68.88;68.20;70.07;72.74;74.83;77.72;78.07;78.37;80.35;82.45;79.25;73.01;75.40;74.52;76.61;77.87;76.35;74.34;77.17;74.33;73.57;76.68;76.71;72.33;70.73;71.04;69.53,HALAL,"Business activity permissible — debt ratio not verified, cross-check Musaffa/Zoya",
SNDR,TRANSPORTATION,TRANSPORTATION-TRUCKING,80,35.7400016784668,0.20031846974633494,29.35;29.51;28.38;30.11;29.28;29.62;28.38;28.60;28.82;26.96;26.73;28.19;27.75;27.14;25.61;24.97;23.65;24.00;23.55;24.38;25.78;25.37;26.29;26.96;27.37;28.03;28.04;27.27;29.31;30.16;30.05;30.48;30.29;31.39;29.95;30.57;29.76;29.09;31.86;32.08;33.25;34.55;35.36;36.27;36.44;37.11;37.93;38.01;37.69;35.34;35.47;34.97;36.29;36.53;35.80;35.77;37.05;36.68;36.44;38.19;38.38;37.75;36.78;35.26;35.74,HALAL,"Business activity permissible — debt ratio not verified, cross-check Musaffa/Zoya",
USX,TRANSPORTATION,TRANSPORTATION-TRUCKING,,,,;;;;;;;;;;;;;;;;;;;;;;;;;;;;;;;;;;;;;;;;;;;;24.67;23.57;23.52;23.64;24.60;23.77;24.09;23.40;23.51;24.40;24.15;24.27;24.47;24.25;24.56;23.89;24.15;23.47;23.54;22.92;,HALAL,"Business activity permissible — debt ratio not verified, cross-check Musaffa/Zoya",
MRTN,TRANSPORTATION,TRANSPORTATION-TRUCKING,61,14.789999961853027,0.1782156464097766,12.35;12.58;13.22;13.53;13.45;13.46;13.11;13.37;13.51;13.07;13.03;13.48;13.41;13.20;12.41;11.98;11.65;11.65;12.06;12.70;13.05;12.85;13.09;13.72;13.59;13.90;13.91;13.70;14.82;14.76;14.78;14.99;14.85;15.10;14.63;15.09;14.99;14.95;15.47;16.08;16.53;17.05;17.46;17.49;17.46;17.69;17.97;18.22;17.71;16.59;16.92;16.84;17.47;17.35;17.46;17.24;17.46;17.41;17.17;17.65;17.63;16.88;15.49;15.01;14.79,HALAL,"Business activity permissible — debt ratio not verified, cross-check Musaffa/Zoya",
HTLD,TRANSPORTATION,TRANSPORTATION-TRUCKING,66,12.229999542236328,0.16095928793032122,10.30;10.32;10.73;11.74;11.43;11.76;11.10;11.54;11.45;10.92;10.63;10.99;10.97;10.77;9.91;9.71;9.50;9.52;9.55;9.92;10.37;10.21;10.39;10.63;10.73;11.11;11.01;10.74;11.61;11.80;12.00;13.25;13.23;13.45;12.75;12.96;12.65;12.30;13.28;13.93;14.26;14.64;15.04;15.50;15.16;15.72;15.99;16.20;15.80;14.31;14.67;14.59;15.51;15.22;14.90;14.89;14.96;14.87;14.52;15.39;15.31;14.83;13.69;12.99;12.23,HALAL,"Business activity permissible — debt ratio not verified, cross-check Musaffa/Zoya",
DUK,UTILITY,UTILITY-DIVERSIFIED,40,125.43000030517578,0.08653147577540721,118.25;118.84;117.47;120.14;119.80;121.55;123.97;125.62;125.29;126.70;127.83;129.73;130.30;130.48;129.96;128.92;132.01;131.81;128.63;126.25;127.06;128.88;129.82;131.09;130.69;131.86;129.28;126.88;126.93;124.59;126.94;126.00;125.43;127.50;126.49;123.80;123.83;122.84;120.95;124.56;124.66;124.97;123.76;119.89;121.04;124.22;123.82;124.19;125.28;123.73;123.52;126.53;128.40;126.58;129.60;128.22;125.26;126.86;124.34;125.01;125.91;129.26;128.83;129.08;125.43,HALAL,"Business activity permissible — debt ratio not verified, cross-check Musaffa/Zoya",
SO,UTILITY,UTILITY-DIVERSIFIED,39,94.54000091552734,0.09745843884018357,87.42;87.72;86.78;88.85;88.64;89.27;91.08;91.24;94.27;94.40;95.13;96.58;96.00;96.40;96.45;95.47;97.21;97.46;95.44;92.98;93.83;94.77;95.73;96.65;96.02;96.79;95.14;93.86;93.73;91.17;93.14;93.00;92.74;95.92;95.11;91.67;92.34;92.38;91.79;94.14;94.24;94.09;92.52;89.03;90.49;92.60;92.95;93.27;93.82;92.53;93.43;95.78;97.16;95.71;97.98;97.29;95.17;96.47;94.60;95.30;93.85;96.60;96.48;96.05;94.54,HALAL,"Business activity permissible — debt ratio not verified, cross-check Musaffa/Zoya",
D,UTILITY,UTILITY-DIVERSIFIED,63,69.16999816894531,0.18468348158237768,59.89;59.59;58.81;61.06;61.06;62.49;63.79;64.31;64.13;62.92;62.28;62.51;62.06;62.38;62.29;61.59;62.58;62.41;60.42;59.23;60.06;60.28;61.21;62.15;62.07;63.47;62.35;61.76;61.80;60.48;61.90;61.88;61.88;63.31;62.37;61.00;61.94;62.10;61.12;67.45;67.61;66.61;66.71;64.61;65.46;66.90;66.25;66.69;68.15;68.02;68.04;69.26;69.39;68.29;69.75;69.83;69.45;70.80;70.97;71.04;69.85;71.46;70.27;70.55;69.17,HALAL,"Business activity permissible — debt ratio not verified, cross-check Musaffa/Zoya",
AEP,UTILITY,UTILITY-DIVERSIFIED,48,127.8499984741211,0.11289311413135517,117.64;117.42;116.56;118.18;118.99;120.36;125.52;129.30;127.49;131.08;131.50;132.86;130.97;131.09;130.91;130.31;132.65;132.66;127.79;127.00;127.37;129.16;130.13;131.72;131.96;136.16;133.49;133.42;132.70;130.94;134.11;134.10;133.47;135.92;136.05;130.81;130.70;127.95;125.15;128.92;129.61;130.90;127.76;123.79;126.31;129.14;127.76;128.48;129.31;128.27;130.30;134.96;138.69;136.81;138.51;137.53;133.85;135.63;132.50;132.14;130.48;134.92;133.59;129.40;127.85,HALAL,"Business activity permissible — debt ratio not verified, cross-check Musaffa/Zoya",
EXC,UTILITY,UTILITY-DIVERSIFIED,37,45.81999969482422,0.058713953166550814,44.04;43.62;43.13;42.66;43.54;43.85;46.71;47.19;46.52;47.35;47.84;48.59;48.50;48.32;48.68;48.38;49.36;49.57;47.56;46.73;47.23;47.87;48.56;48.87;48.59;48.98;47.70;47.43;46.58;45.84;46.31;46.16;46.58;46.07;45.75;44.00;43.78;43.86;42.98;44.20;44.93;45.60;45.16;44.29;44.66;45.75;45.33;45.51;46.18;45.56;45.94;46.90;47.40;46.62;47.88;47.57;46.38;47.09;45.74;46.26;45.89;47.28;47.15;47.03;45.82,HALAL,"Business activity permissible — debt ratio not verified, cross-check Musaffa/Zoya",
XEL,UTILITY,UTILITY-DIVERSIFIED,41,78.19999694824219,0.05815423044689538,75.20;74.85;73.40;75.07;74.78;76.36;77.81;79.56;79.63;82.12;82.32;82.13;81.94;81.16;80.89;79.80;81.30;80.80;78.93;76.37;77.12;77.51;78.85;80.14;79.94;82.15;79.85;78.06;80.47;78.49;78.89;78.82;78.23;81.96;80.84;79.83;80.00;79.31;77.34;79.13;79.60;80.18;78.67;75.84;76.81;78.45;77.29;77.68;79.35;77.46;78.81;81.47;82.23;80.30;81.96;80.67;79.02;80.48;79.25;78.77;78.72;80.77;80.71;78.75;78.20,HALAL,"Business activity permissible — debt ratio not verified, cross-check Musaffa/Zoya",
WEC,UTILITY,UTILITY-DIVERSIFIED,31,109.41999816894531,0.020049789480766744,108.50;108.56;108.00;111.43;109.55;111.03;112.12;114.47;113.25;114.82;114.44;115.97;115.13;115.10;114.61;112.34;116.35;116.29;114.66;111.10;111.76;113.39;114.79;116.58;115.95;117.77;115.33;113.87;114.89;112.62;114.59;114.14;113.54;116.46;114.24;111.82;111.81;111.25;109.16;111.49;112.11;112.99;111.67;108.60;110.05;112.95;113.10;113.07;114.00;112.54;113.04;115.61;118.85;116.77;118.83;117.68;114.89;115.87;112.97;113.35;111.82;114.72;113.82;111.29;109.42,HALAL,"Business activity permissible — debt ratio not verified, cross-check Musaffa/Zoya",
ED,UTILITY,UTILITY-DIVERSIFIED,44,108.8499984741211,0.06502430480958887,103.66;104.26;103.73;106.64;105.62;106.69;109.93;112.09;110.99;111.21;110.08;111.59;111.43;109.79;110.87;110.81;113.93;113.95;110.76;108.20;109.12;110.75;112.24;114.47;113.51;114.02;110.96;109.36;109.24;107.29;109.33;107.93;107.98;109.57;108.24;105.51;105.33;106.16;105.36;108.14;107.40;107.70;106.30;103.60;103.48;106.26;106.40;106.84;107.72;107.04;106.92;110.72;112.06;110.63;113.99;112.99;110.27;111.82;110.31;112.37;109.81;112.79;111.50;112.25;108.85,HALAL,"Business activity permissible — debt ratio not verified, cross-check Musaffa/Zoya",
ETR,UTILITY,UTILITY-DIVERSIFIED,52,107.62000274658203,0.16878343760794756,95.43;94.88;94.35;95.68;96.79;99.17;101.41;103.87;102.77;104.30;105.68;106.53;105.24;104.91;104.08;103.26;105.01;105.49;103.38;100.79;102.20;109.28;111.75;114.28;113.25;116.80;114.70;114.33;114.89;110.64;113.30;112.82;114.05;116.43;117.36;112.02;112.97;112.35;109.03;110.55;112.27;111.97;109.62;104.97;108.66;110.74;109.66;109.89;111.08;110.86;112.20;114.69;115.91;114.86;115.11;115.19;113.93;114.84;114.24;113.24;112.22;115.80;113.76;107.79;107.62,HALAL,"Business activity permissible — debt ratio not verified, cross-check Musaffa/Zoya",
ES,UTILITY,UTILITY-DIVERSIFIED,47,71.58999633789062,0.052108349810874977,69.07;67.40;66.41;66.73;65.87;67.77;68.77;71.42;72.04;73.22;73.27;74.53;73.08;73.00;72.98;73.07;72.24;71.59;68.80;66.86;66.25;66.80;68.47;68.66;68.67;69.74;67.87;67.96;68.44;66.04;67.96;67.91;67.91;70.24;68.09;66.25;66.45;67.45;66.38;68.81;69.63;69.70;69.09;66.61;68.18;70.60;69.41;68.43;69.26;69.05;70.12;71.71;73.48;72.27;74.44;74.75;73.93;74.86;73.79;74.62;73.05;74.62;74.69;74.76;71.59,HALAL,"Business activity permissible — debt ratio not verified, cross-check Musaffa/Zoya",
PEG,UTILITY,UTILITY-DIVERSIFIED,26,76.68000030517578,-0.0039830368138559225,79.09;80.65;78.98;78.82;79.32;81.83;83.14;85.51;84.26;84.88;84.55;84.65;82.57;82.53;82.65;81.60;83.01;84.01;82.07;79.13;80.37;80.01;80.25;81.11;80.91;83.21;80.56;80.24;80.88;77.88;79.47;79.52;78.90;79.46;79.04;77.16;77.01;76.55;75.78;76.66;77.80;79.38;78.47;76.01;77.08;78.80;78.59;78.78;80.15;79.40;80.61;81.95;83.58;81.16;81.62;81.79;80.17;80.89;79.88;78.64;77.43;79.77;79.21;77.75;76.68,HALAL,"Business activity permissible — debt ratio not verified, cross-check Musaffa/Zoya",
DTE,UTILITY,UTILITY-DIVERSIFIED,37,141.8699951171875,0.07289175826496397,134.54;132.34;130.85;133.58;132.71;135.69;138.71;142.43;142.76;143.57;143.74;145.92;145.80;146.32;146.63;144.23;147.23;148.16;145.98;141.17;142.32;143.33;145.07;146.87;147.10;149.79;146.35;145.59;145.82;142.34;146.24;145.34;145.87;147.62;142.37;140.88;141.31;140.88;138.68;142.02;142.62;143.48;142.25;138.73;140.69;144.62;144.80;144.64;146.87;146.03;146.83;151.10;154.43;152.37;154.06;153.84;149.27;150.64;146.95;148.19;145.03;148.13;147.23;143.52;141.87,HALAL,"Business activity permissible — debt ratio not verified, cross-check Musaffa/Zoya",
NEE,UTILITY,UTILITY-ELECTRIC POWER,37,86.91999816894531,0.039425399041115305,85.93;86.95;85.12;88.71;88.22;89.56;90.64;91.41;90.36;92.74;93.78;93.09;91.92;90.47;91.34;90.99;92.11;91.86;91.74;89.57;90.50;90.74;92.20;92.47;92.99;93.79;91.63;90.58;91.31;89.94;95.55;94.14;93.49;96.25;95.58;92.64;94.15;94.16;92.68;89.41;89.04;87.01;86.62;83.05;83.97;85.84;84.83;84.84;86.12;85.73;86.08;87.62;88.56;87.77;88.34;88.47;87.10;88.38;89.10;88.80;87.93;89.79;88.83;88.46;86.92,HALAL,"Business activity permissible — debt ratio not verified, cross-check Musaffa/Zoya",
SRE,UTILITY,UTILITY-ELECTRIC POWER,38,88.55000305175781,0.04496836399217652,85.89;85.88;85.02;85.42;86.14;88.45;91.49;91.64;91.67;92.29;93.18;94.93;94.03;92.63;92.20;91.49;93.78;94.60;94.57;92.80;94.64;95.20;96.48;98.50;97.76;99.04;95.55;94.79;93.35;92.49;93.24;91.80;91.98;94.00;93.70;90.92;92.17;91.03;89.79;90.66;90.90;90.90;89.39;86.51;88.89;90.77;90.23;90.89;91.28;89.61;90.97;92.07;94.27;92.71;93.06;94.59;94.62;94.41;92.78;92.25;90.59;93.44;91.25;88.82;88.55,HALAL,"Business activity permissible — debt ratio not verified, cross-check Musaffa/Zoya",
PCG,UTILITY,UTILITY-ELECTRIC POWER,59,17.3799991607666,0.16926787345209982,15.08;15.07;14.99;16.14;16.31;16.65;17.46;17.92;18.00;18.37;18.54;18.89;18.81;18.03;18.07;18.04;18.04;18.25;18.09;17.29;17.34;17.07;17.52;17.72;17.57;18.58;17.69;17.34;17.21;16.93;16.78;16.34;16.32;16.40;16.28;16.14;16.16;16.55;16.08;16.36;16.39;16.37;16.24;16.10;16.80;17.06;16.53;16.74;16.53;16.39;16.58;17.07;17.33;16.82;17.05;17.18;17.18;17.37;17.51;17.32;17.49;17.54;17.60;17.71;17.38,HALAL,"Business activity permissible — debt ratio not verified, cross-check Musaffa/Zoya",
AEE,UTILITY,UTILITY-ELECTRIC POWER,44,109.61000061035156,0.08612630854622405,102.54;102.35;101.00;103.31;103.65;104.33;107.84;109.03;108.30;109.64;109.91;111.73;110.46;109.88;109.64;108.58;111.26;111.44;108.79;106.15;107.05;107.96;109.15;110.90;110.55;113.52;111.00;109.96;111.92;109.19;111.27;111.13;110.51;112.77;110.86;108.01;109.22;108.33;105.62;108.24;109.07;110.25;108.17;104.35;105.49;108.51;107.99;108.25;109.57;108.92;109.70;113.32;118.32;113.04;115.02;114.43;111.77;113.43;111.38;111.55;109.94;113.27;112.11;109.97;109.61,HALAL,"Business activity permissible — debt ratio not verified, cross-check Musaffa/Zoya",
CMS,UTILITY,UTILITY-ELECTRIC POWER,31,71.98999786376953,0.03383363622349389,70.95;69.83;69.49;70.52;71.74;72.64;73.60;75.45;75.27;75.71;76.00;77.47;77.20;76.61;76.64;75.26;77.23;77.69;76.85;74.04;74.86;75.62;76.98;77.97;77.98;79.32;77.85;76.88;77.15;75.00;76.03;75.46;74.15;75.44;74.35;73.39;73.19;72.81;71.64;73.31;73.64;74.20;73.17;70.58;70.22;72.04;72.63;72.85;73.65;73.31;73.80;76.49;78.81;76.50;77.73;77.02;75.00;75.75;74.02;73.65;72.50;74.15;74.27;74.36;71.99,HALAL,"Business activity permissible — debt ratio not verified, cross-check Musaffa/Zoya",
PPL,UTILITY,UTILITY-ELECTRIC POWER,26,35.209999084472656,-0.012455880586002777,36.16;35.75;35.27;34.59;35.37;35.52;36.05;36.99;36.40;36.69;37.69;38.38;37.66;37.38;37.72;37.34;38.20;38.12;37.35;36.61;36.86;37.35;37.90;38.33;38.55;39.49;39.19;39.05;38.71;37.91;38.23;38.43;38.35;37.30;37.05;36.48;35.95;35.47;34.60;34.97;35.88;35.83;35.05;34.24;34.74;35.46;35.47;35.46;36.17;35.33;35.59;36.92;37.02;36.35;36.89;36.39;35.66;36.07;35.71;35.85;35.41;36.24;36.01;35.70;35.21,HALAL,"Business activity permissible — debt ratio not verified, cross-check Musaffa/Zoya",
EIX,UTILITY,UTILITY-ELECTRIC POWER,75,73.37000274658203,0.2364231033589863,61.16;60.71;59.32;61.97;62.50;63.92;67.46;69.74;70.95;72.89;73.43;72.98;72.12;69.54;69.07;69.85;70.04;71.20;70.20;69.01;69.52;68.65;71.46;71.73;71.76;74.93;71.54;70.51;69.92;68.91;69.51;67.77;67.14;69.06;68.06;67.77;69.75;69.79;68.35;69.85;69.50;70.40;69.46;68.28;70.03;72.47;70.42;71.49;71.29;70.07;71.35;73.35;74.78;73.58;74.77;75.74;74.64;75.97;76.68;77.63;78.17;79.64;78.64;78.63;73.37,HALAL,"Business activity permissible — debt ratio not verified, cross-check Musaffa/Zoya",
FE,UTILITY,UTILITY-ELECTRIC POWER,46,48.310001373291016,0.05830976320566439,46.59;46.40;46.07;45.49;46.15;47.17;48.34;48.85;49.06;49.93;50.12;50.64;50.05;49.81;50.44;50.13;50.64;50.69;49.18;48.27;49.01;49.52;50.14;50.79;50.48;51.38;50.53;50.03;49.59;48.01;49.11;48.94;48.44;46.44;45.41;45.17;44.60;44.12;43.82;45.07;45.50;46.64;46.19;45.38;45.54;46.42;45.91;46.67;47.34;46.14;46.76;47.82;48.47;47.54;48.53;48.39;47.63;48.43;48.64;48.53;48.39;49.49;49.32;49.13;48.31,HALAL,"Business activity permissible — debt ratio not verified, cross-check Musaffa/Zoya",
CNP,UTILITY,UTILITY-ELECTRIC POWER,44,42.040000915527344,0.09601109085611026,39.40;39.16;38.95;39.91;39.61;40.52;41.21;42.19;42.41;42.66;42.95;43.26;43.15;43.16;43.24;42.72;43.77;43.42;43.01;41.53;41.84;42.15;42.92;43.47;43.36;43.89;42.50;42.25;42.77;42.02;42.94;42.66;42.59;43.11;43.29;42.01;42.04;41.93;41.30;42.27;42.47;42.93;42.22;41.29;41.54;42.69;42.39;42.55;43.07;42.63;43.12;43.86;45.04;44.04;44.61;44.48;43.32;44.13;42.72;43.13;42.72;44.23;44.01;42.93;42.04,HALAL,"Business activity permissible — debt ratio not verified, cross-check Musaffa/Zoya",
EVRG,UTILITY,UTILITY-ELECTRIC POWER,52,83.01000213623047,0.11522216576786715,75.81;75.10;74.70;75.95;75.48;77.44;79.35;80.16;78.21;80.75;81.43;82.27;83.01;81.52;81.75;80.35;81.94;82.12;80.39;78.75;79.32;80.18;81.24;82.15;82.15;83.71;81.76;80.86;81.69;79.68;81.21;80.91;80.65;81.92;80.93;82.04;82.74;81.77;79.83;82.28;82.96;84.11;82.85;80.39;81.07;83.27;82.27;82.81;83.44;82.85;83.25;85.82;87.21;86.43;88.13;87.12;85.28;86.45;85.42;85.59;84.92;86.65;85.84;84.00;83.01,HALAL,"Business activity permissible — debt ratio not verified, cross-check Musaffa/Zoya",
LNT,UTILITY,UTILITY-ELECTRIC POWER,43,70.77999877929688,0.07571013946943328,66.15;65.31;64.63;66.25;66.19;67.50;69.16;70.57;69.49;71.38;70.73;71.80;71.69;70.81;71.08;70.28;72.25;72.09;70.79;68.66;69.25;70.00;71.23;72.31;72.11;73.17;71.97;71.64;72.29;70.61;72.09;71.88;71.46;74.06;73.07;71.69;72.47;72.30;70.90;73.00;73.28;73.68;72.17;69.57;70.79;72.87;72.37;72.62;73.55;72.82;73.21;75.59;77.25;76.29;78.03;77.65;75.70;76.63;74.55;74.82;73.11;74.42;73.93;72.00;70.78,HALAL,"Business activity permissible — debt ratio not verified, cross-check Musaffa/Zoya",
PNW,UTILITY,UTILITY-ELECTRIC POWER,47,100.98999786376953,0.11626531622649106,93.01;91.33;90.89;93.17;92.70;94.36;96.46;98.02;97.55;98.72;98.91;99.42;101.10;100.89;100.39;99.73;102.01;101.70;99.19;96.71;96.84;98.81;99.86;101.80;101.38;103.53;101.73;101.90;103.13;100.09;102.54;101.50;100.78;102.63;101.30;99.53;99.71;99.08;98.40;101.50;101.84;102.83;100.85;97.48;99.39;103.06;102.65;102.40;103.27;102.38;102.43;105.37;108.08;107.00;109.37;108.61;106.75;108.63;107.07;107.73;105.65;105.43;105.38;102.28;100.99,HALAL,"Business activity permissible — debt ratio not verified, cross-check Musaffa/Zoya",
OGE,UTILITY,UTILITY-ELECTRIC POWER,45,47.349998474121094,0.12861356991161044,43.10;42.73;42.34;42.90;43.20;44.26;45.34;46.09;45.92;47.30;47.58;48.29;47.98;47.43;47.10;46.27;47.52;47.37;46.55;45.85;46.54;46.72;47.13;47.92;48.59;49.43;48.18;48.13;47.75;46.10;47.12;47.18;46.93;47.77;47.43;46.92;46.99;46.93;45.87;47.64;47.69;47.99;46.97;45.27;46.00;47.39;46.99;46.91;47.52;46.93;47.28;48.18;49.15;48.24;49.01;49.04;48.29;48.99;48.75;48.70;48.33;49.61;49.28;47.79;47.35,HALAL,"Business activity permissible — debt ratio not verified, cross-check Musaffa/Zoya",
IDA,UTILITY,UTILITY-ELECTRIC POWER,47,142.91000366210938,0.09506034626391013,132.48;130.57;129.53;132.35;134.52;136.28;140.54;142.26;137.47;142.59;141.55;143.11;142.83;141.22;141.73;139.73;141.54;141.43;138.87;135.83;137.73;139.61;142.11;143.40;144.14;147.51;143.98;145.63;147.07;143.63;147.93;144.88;143.38;146.21;145.02;143.17;145.41;142.30;139.96;141.95;141.60;142.65;140.59;135.01;136.68;141.34;140.30;141.56;142.94;141.95;142.72;147.27;152.88;151.30;154.55;151.64;148.00;150.97;149.32;148.73;145.80;149.36;148.02;144.40;142.91,HALAL,"Business activity permissible — debt ratio not verified, cross-check Musaffa/Zoya",
POR,UTILITY,UTILITY-ELECTRIC POWER,48,49.33000183105469,0.021211624894712733,49.39;49.23;49.07;49.64;49.60;50.20;51.41;51.47;51.01;52.54;52.37;52.84;52.73;52.33;51.81;51.03;52.49;52.39;51.17;50.35;50.71;51.16;52.21;53.10;52.98;53.65;52.34;51.93;51.86;50.03;50.89;50.88;50.51;49.20;48.60;48.11;47.85;47.70;46.78;48.77;49.05;49.31;50.13;47.96;48.40;50.00;49.71;49.52;49.93;49.27;49.66;51.53;52.53;51.83;52.72;52.58;52.19;53.05;52.16;52.43;52.25;52.39;51.23;50.30;49.33,HALAL,"Business activity permissible — debt ratio not verified, cross-check Musaffa/Zoya",
AVA,UTILITY,UTILITY-ELECTRIC POWER,43,40.45000076293945,0.034434974017975906,40.00;39.84;40.44;41.14;40.53;40.54;41.40;41.76;41.13;41.69;40.12;40.13;39.59;39.46;39.20;38.46;39.39;39.29;39.07;38.33;38.89;39.46;39.66;40.85;40.95;41.59;40.80;40.91;41.25;39.88;40.76;40.56;40.04;40.23;40.44;40.49;40.19;40.30;39.93;40.92;40.92;41.50;41.28;40.50;41.08;42.42;42.06;42.01;40.98;39.40;39.71;41.13;41.77;40.91;41.40;41.24;41.15;42.08;41.46;41.80;41.56;42.18;41.55;41.48;40.45,HALAL,"Business activity permissible — debt ratio not verified, cross-check Musaffa/Zoya",
PNM,UTILITY,UTILITY-ELECTRIC POWER,,,,,HALAL,"Business activity permissible — debt ratio not verified, cross-check Musaffa/Zoya",
ALE,UTILITY,UTILITY-ELECTRIC POWER,,,,,HALAL,"Business activity permissible — debt ratio not verified, cross-check Musaffa/Zoya",
BKH,UTILITY,UTILITY-ELECTRIC POWER,48,71.20999908447266,0.012525692455544135,72.23;71.44;71.09;72.35;70.94;71.04;71.83;72.88;72.40;72.79;72.73;72.96;73.60;73.59;71.86;69.47;71.78;70.91;70.25;67.59;68.20;68.05;68.75;70.16;72.30;73.31;71.49;75.84;75.35;72.82;73.96;74.51;73.61;74.79;73.14;74.51;72.75;73.35;72.84;73.29;74.16;74.76;73.09;70.42;71.47;72.78;67.78;71.78;73.80;72.04;72.92;74.56;76.04;74.40;73.79;73.25;73.28;75.80;74.21;74.61;74.30;75.10;74.66;72.94;71.21,HALAL,"Business activity permissible — debt ratio not verified, cross-check Musaffa/Zoya",
ATO,UTILITY,UTILITY-GAS DISTRIBUTION,35,172.77999877929688,0.056747849768782554,167.15;164.15;164.67;169.92;169.47;172.23;175.79;178.24;176.98;180.70;181.04;185.74;184.95;184.34;184.20;183.26;187.52;185.93;183.86;180.01;180.53;182.16;183.68;187.91;187.64;191.21;186.69;185.21;185.49;181.90;186.75;184.58;184.67;187.48;186.20;180.84;181.11;178.94;175.49;176.73;176.46;177.72;173.03;167.15;168.30;170.24;167.62;168.23;169.60;169.64;169.59;172.59;175.17;172.27;176.87;177.58;174.72;179.50;174.98;177.68;175.05;178.04;178.22;177.67;172.78,HALAL,"Business activity permissible — debt ratio not verified, cross-check Musaffa/Zoya",
NJR,UTILITY,UTILITY-GAS DISTRIBUTION,66,57.88999938964844,0.22908617978258827,48.09;48.41;49.18;50.97;51.51;51.56;52.81;53.22;51.95;52.46;52.49;53.30;54.29;53.53;53.79;53.44;54.58;53.76;53.32;53.51;53.65;54.12;54.45;55.48;56.21;57.06;55.50;55.45;55.20;54.63;56.01;55.30;54.92;55.52;55.51;55.05;55.34;56.70;56.83;57.69;56.69;57.03;55.08;53.20;53.37;54.93;54.47;54.48;54.56;55.28;54.81;56.56;57.61;56.04;57.49;57.47;57.88;59.21;57.91;58.60;58.40;59.41;59.52;59.45;57.89,HALAL,"Business activity permissible — debt ratio not verified, cross-check Musaffa/Zoya",
OGS,UTILITY,UTILITY-GAS DISTRIBUTION,28,77.6500015258789,0.021930598322557282,77.90;77.81;78.63;80.17;81.16;81.73;83.65;84.36;84.17;85.50;85.06;86.72;86.54;86.03;86.43;85.43;86.77;86.17;85.44;84.37;84.52;84.25;85.42;88.17;88.70;89.89;87.71;87.88;88.23;86.32;88.03;86.98;86.89;88.18;85.97;84.64;84.26;83.26;81.69;83.10;82.35;81.74;79.10;76.02;76.80;78.40;76.00;76.09;77.38;76.05;76.43;78.07;79.64;77.07;77.32;77.84;78.83;80.38;78.05;79.74;78.61;79.98;79.97;79.81;77.65,HALAL,"Business activity permissible — debt ratio not verified, cross-check Musaffa/Zoya",
SR,UTILITY,UTILITY-GAS DISTRIBUTION,,,,,HALAL,"Business activity permissible — debt ratio not verified, cross-check Musaffa/Zoya",
SWX,UTILITY,UTILITY-GAS DISTRIBUTION,49,89.4000015258789,0.09236026091347682,82.67;81.47;80.91;81.46;82.08;82.31;85.87;87.60;86.61;87.50;86.44;87.53;88.26;87.08;87.08;86.25;87.38;86.74;85.60;85.21;85.20;86.09;86.27;88.60;88.34;91.61;90.73;90.38;90.33;88.07;89.86;89.69;91.24;92.53;93.00;90.11;88.49;88.08;87.70;89.04;88.89;89.20;86.73;84.49;85.73;88.72;88.02;88.02;88.42;87.10;88.55;88.77;90.93;88.68;89.81;91.09;91.16;91.82;91.25;92.06;92.22;93.01;92.01;91.80;89.40,HALAL,"Business activity permissible — debt ratio not verified, cross-check Musaffa/Zoya",
CPK,UTILITY,UTILITY-GAS DISTRIBUTION,45,132.77999877929688,0.07414335263269356,126.23;125.88;126.05;129.42;128.42;128.81;132.92;133.21;132.10;133.56;132.74;134.45;135.63;130.87;130.54;127.15;129.19;128.02;126.69;125.86;122.71;123.40;125.62;128.69;129.14;131.94;128.09;127.28;125.78;123.70;127.15;126.29;124.39;126.18;125.10;126.47;124.81;125.65;124.03;126.96;126.26;126.34;122.33;119.90;119.90;123.04;122.31;121.58;121.96;120.03;118.97;122.04;125.90;122.48;125.00;124.33;127.91;133.91;130.44;133.29;131.92;134.61;135.61;136.78;132.78,HALAL,"Business activity permissible — debt ratio not verified, cross-check Musaffa/Zoya",
NWN,UTILITY,UTILITY-GAS DISTRIBUTION,43,48.91999816894531,0.08883138354207842,45.98;46.12;46.91;47.36;47.62;47.86;49.36;49.73;48.84;49.67;49.53;52.55;52.01;51.58;51.80;51.04;52.07;51.91;52.57;51.67;51.98;52.34;52.73;54.15;54.53;55.28;54.07;53.89;53.54;51.73;53.01;53.07;52.63;52.86;52.70;50.19;50.46;49.71;48.42;50.20;49.82;49.89;49.15;47.84;48.24;49.78;49.67;49.28;49.64;48.87;48.70;50.53;50.83;49.06;49.73;49.81;49.63;51.24;50.35;51.20;50.59;51.33;51.38;51.17;48.92,HALAL,"Business activity permissible — debt ratio not verified, cross-check Musaffa/Zoya",
SJI,UTILITY,UTILITY-GAS DISTRIBUTION,,,,,HALAL,"Business activity permissible — debt ratio not verified, cross-check Musaffa/Zoya",
NFG,UTILITY,UTILITY-GAS DISTRIBUTION,26,82.30999755859375,0.02075430638895348,82.12;82.94;81.98;83.09;84.68;83.81;84.53;86.07;86.77;86.48;87.36;89.88;91.74;91.62;91.71;91.24;95.08;92.27;92.29;91.88;93.21;94.08;93.30;93.77;95.30;94.36;90.60;88.86;86.89;85.65;88.52;88.22;87.45;82.39;81.46;79.65;78.88;80.09;80.66;84.00;80.70;79.28;77.57;76.40;76.90;76.87;76.27;76.26;76.30;75.40;75.58;76.09;77.90;77.21;79.34;80.04;79.02;80.91;79.99;80.94;80.88;82.06;80.74;80.94;82.31,HALAL,"Business activity permissible — debt ratio not verified, cross-check Musaffa/Zoya",
UGI,UTILITY,UTILITY-GAS DISTRIBUTION,36,36.119998931884766,-0.050621280585887884,39.14;39.76;39.33;39.55;36.32;36.88;37.47;37.79;37.61;36.67;36.43;36.64;36.31;35.99;35.97;36.36;36.36;35.94;36.50;35.59;36.02;36.28;36.03;36.38;36.62;37.97;37.18;36.70;36.39;36.13;36.80;36.83;37.17;35.02;34.81;31.97;32.10;32.89;33.63;34.48;35.46;35.48;34.24;33.20;34.14;34.48;34.20;34.40;34.36;33.62;33.79;34.85;35.43;34.54;35.15;35.27;36.07;36.31;36.22;36.62;36.49;36.95;36.89;36.72;36.12,HALAL,"Business activity permissible — debt ratio not verified, cross-check Musaffa/Zoya",
AWK,UTILITY,UTILITY-WATER SUPPLY,33,134.1699981689453,0.04884708964052131,128.73;127.22;124.82;122.59;122.62;124.14;127.46;132.56;130.43;131.98;133.27;135.06;134.85;133.67;136.75;133.39;138.70;137.25;136.13;134.77;133.63;135.89;135.12;137.16;134.41;138.26;133.46;129.38;130.68;131.11;134.01;131.02;131.03;126.48;125.15;125.30;125.12;127.37;124.29;124.16;123.88;123.85;122.35;121.13;123.81;124.47;125.53;124.45;126.87;125.41;124.92;129.64;132.68;131.58;136.86;134.82;130.55;131.53;129.21;135.11;131.53;134.41;134.56;138.09;134.17,HALAL,"Business activity permissible — debt ratio not verified, cross-check Musaffa/Zoya",
AWR,UTILITY,UTILITY-WATER SUPPLY,59,85.63999938964844,0.18662799406696884,72.22;71.36;71.11;70.72;69.52;70.79;71.90;73.87;72.49;73.01;73.74;74.03;75.88;74.96;75.17;72.45;75.11;73.72;72.35;73.08;72.91;74.60;75.12;77.07;76.38;78.73;74.94;74.78;75.41;77.31;80.26;78.79;77.35;74.71;75.69;76.33;76.64;77.01;75.22;75.51;76.29;76.21;76.38;76.40;76.27;78.37;79.18;76.88;77.60;76.89;77.66;79.87;82.57;82.63;84.76;83.18;83.86;85.05;84.63;89.28;86.60;87.17;86.09;87.86;85.64,HALAL,"Business activity permissible — debt ratio not verified, cross-check Musaffa/Zoya",
WTRG,UTILITY,UTILITY-WATER SUPPLY,40,39.849998474121094,0.035703503784977775,38.55;38.01;37.55;36.72;36.74;37.32;38.23;39.24;38.73;38.92;39.54;39.61;39.74;39.22;40.48;39.40;41.27;40.45;40.10;39.63;39.29;39.97;39.90;40.70;40.10;40.69;39.23;38.23;38.64;38.84;39.96;39.05;39.13;37.68;37.15;37.36;37.23;37.90;37.01;37.11;36.99;37.15;36.69;36.25;37.00;37.36;37.52;37.14;37.56;36.95;36.68;37.78;38.65;38.31;39.38;39.08;38.53;38.59;37.93;39.69;38.92;39.59;39.54;40.70;39.85,HALAL,"Business activity permissible — debt ratio not verified, cross-check Musaffa/Zoya",
CWT,UTILITY,UTILITY-WATER SUPPLY,52,50.11000061035156,0.1522299878435509,43.86;43.79;43.83;44.26;43.79;44.16;45.10;46.13;45.84;46.05;46.28;44.73;46.59;45.43;45.33;43.72;44.85;44.00;43.90;44.11;43.60;44.66;44.99;45.89;45.36;46.72;44.76;44.34;44.61;45.84;47.15;46.07;45.03;42.03;42.71;43.28;42.88;43.31;42.47;42.91;43.21;43.50;43.82;43.86;44.75;45.82;46.39;45.35;45.37;45.00;45.20;47.30;49.08;48.65;50.23;49.69;49.11;50.00;49.73;51.88;50.62;50.96;50.79;51.73;50.11,HALAL,"Business activity permissible — debt ratio not verified, cross-check Musaffa/Zoya",
SJW,UTILITY,UTILITY-WATER SUPPLY,,,,,HALAL,"Business activity permissible — debt ratio not verified, cross-check Musaffa/Zoya",
MSEX,UTILITY,UTILITY-WATER SUPPLY,47,57.29999923706055,0.11068166036465699,51.92;51.29;51.24;51.34;50.55;51.76;52.83;54.70;54.09;54.42;54.23;53.63;55.08;53.39;53.67;51.03;52.04;50.95;50.65;50.57;50.76;51.44;51.69;53.43;52.78;55.09;51.59;50.24;50.95;52.48;53.95;52.81;51.63;50.58;50.58;51.05;51.47;51.67;50.27;50.97;51.75;52.08;52.18;51.78;51.93;53.37;53.85;52.46;52.71;51.84;51.78;54.02;55.48;56.16;57.55;55.82;54.53;55.42;54.76;57.44;56.01;56.31;56.17;57.25;57.30,HALAL,"Business activity permissible — debt ratio not verified, cross-check Musaffa/Zoya",
YORW,UTILITY,UTILITY-WATER SUPPLY,35,30.969999313354492,-0.05310805002831254,32.96;32.38;32.93;32.03;31.36;32.08;32.35;32.86;32.38;32.58;32.89;32.64;33.00;32.36;32.25;30.84;31.24;30.92;30.02;30.14;29.95;30.01;30.22;31.06;31.23;32.08;31.16;30.61;29.86;29.63;29.96;29.52;28.88;28.93;28.89;28.96;29.34;29.33;28.86;29.05;29.58;29.71;29.57;29.31;29.14;30.06;30.04;29.47;29.62;29.34;29.28;30.20;30.53;30.65;31.42;30.51;30.29;30.97;30.35;31.45;30.66;31.06;30.94;31.55;30.97,HALAL,"Business activity permissible — debt ratio not verified, cross-check Musaffa/Zoya",
ARTNA,UTILITY,UTILITY-WATER SUPPLY,,,,,HALAL,"Business activity permissible — debt ratio not verified, cross-check Musaffa/Zoya",
GWRS,UTILITY,UTILITY-WATER SUPPLY,13,7.159999847412109,-0.15270135407681706,8.52;8.51;8.47;8.56;8.66;8.93;8.94;8.99;8.66;8.73;8.93;9.00;8.85;7.70;7.66;7.37;7.24;7.43;7.60;7.33;7.27;7.27;7.49;7.73;7.53;7.66;7.54;7.61;7.64;7.21;7.33;7.37;7.12;7.04;6.96;7.08;6.89;6.59;6.65;6.75;6.94;7.68;7.35;7.33;7.05;7.19;6.98;6.94;6.70;6.83;6.88;7.08;7.24;7.22;7.18;7.01;6.83;7.09;7.17;7.07;7.09;7.15;7.35;7.48;7.16,HALAL,"Business activity permissible — debt ratio not verified, cross-check Musaffa/Zoya",
