ticker,sector,group,rs_rating,last_close,six_month_change,history,shariah_status,shariah_reason,debt_to_market_cap
BA,AEROSPACE,AEROSPACE-DEFENSE,22,198.1999969482422,-0.05569585247224884,210.82;201.18;198.41;199.61;190.52;199.03;208.22;210.00;220.06;222.14;223.93;223.38;219.16;234.15;231.33;224.11;227.38;224.38;231.03;238.21;240.60;220.49;215.01;219.61;218.90;228.78;224.30;210.58;215.45;214.51;221.63;228.95;225.63;220.83;220.25;217.25;216.47;226.49;231.68;223.11;215.51;218.12;214.03;204.80;209.23;211.50;214.01;216.14;237.16;232.19;232.79;231.20;231.67;223.06;215.10;210.46;212.09;209.82;205.66;210.51;210.73;204.80;210.27;201.96;198.20,QUESTIONABLE,"Boeing — commercial + defense, debt ratio borderline",
LMT,AEROSPACE,AEROSPACE-DEFENSE,49,533.3800048828125,-0.16378879004595626,628.31;629.47;608.48;616.33;608.07;596.77;614.94;619.78;616.00;611.87;603.39;584.72;564.74;523.11;506.88;503.38;506.30;502.51;505.95;505.79;513.38;509.50;519.99;516.20;526.18;530.44;513.32;508.88;520.54;526.87;545.31;527.10;529.05;490.57;488.62;504.28;506.33;542.55;532.09;515.07;517.48;511.30;505.64;503.97;565.09;576.43;565.70;579.16;585.71;579.27;599.45;602.99;604.94;603.44;567.97;560.67;562.14;560.38;544.50;532.95;536.15;530.12;529.38;537.25;533.38,QUESTIONABLE,"Defense — scholar-disputed, financials typically pass AAOIFI",
RTX,AEROSPACE,AEROSPACE-DEFENSE,58,194.0,-0.04432211692012755,201.82;199.24;193.37;193.55;188.30;191.46;194.75;196.45;201.68;199.91;196.91;194.96;185.78;177.97;172.09;171.50;172.69;171.58;175.46;177.28;176.78;169.91;173.19;174.67;178.38;178.37;173.83;171.98;180.39;180.96;183.60;183.03;191.94;181.23;184.45;187.37;189.10;198.59;200.18;194.55;195.74;195.24;192.87;193.03;208.47;217.70;214.54;214.51;217.21;222.51;223.38;222.02;222.97;225.49;212.29;209.22;211.99;211.71;205.16;202.13;198.81;198.12;195.34;196.83;194.00,QUESTIONABLE,Defense — scholar-disputed,
NOC,AEROSPACE,AEROSPACE-DEFENSE,23,527.3900146484375,-0.27475398355111746,717.59;707.80;673.96;685.07;672.96;676.18;696.26;684.36;684.43;675.25;672.56;659.35;605.70;582.44;570.17;567.32;563.09;553.63;547.36;543.34;546.89;535.88;551.39;546.68;551.85;554.32;536.78;523.68;541.94;546.19;550.02;542.26;547.66;505.03;500.73;497.77;507.00;546.52;546.55;529.82;539.37;522.84;519.21;509.97;531.06;545.10;532.63;540.02;549.05;565.17;575.27;574.71;583.22;586.47;561.31;546.79;547.46;543.10;532.91;528.24;518.58;518.95;527.39;530.78;527.39,QUESTIONABLE,Defense — scholar-disputed,
GD,AEROSPACE,AEROSPACE-DEFENSE,47,353.04998779296875,0.013458386263894173,353.09;346.49;344.25;349.33;343.64;340.14;345.95;345.30;340.81;339.27;337.40;334.82;324.09;317.31;311.16;337.25;344.32;347.63;346.24;342.52;339.86;333.03;338.65;337.23;343.13;347.43;337.71;335.56;344.92;344.17;357.29;357.95;361.24;341.86;342.81;345.19;352.69;373.54;374.64;374.60;372.78;365.63;368.58;367.73;381.79;389.14;380.96;383.42;385.76;386.92;395.97;394.21;395.78;393.48;386.07;383.77;382.02;379.32;369.41;365.87;356.58;354.25;356.81;360.00;353.05,QUESTIONABLE,Defense — scholar-disputed,
TXT,AEROSPACE,AEROSPACE-DEFENSE,,,,,QUESTIONABLE,Group classification: AEROSPACE-DEFENSE,
TDG,AEROSPACE,AEROSPACE-DEFENSE,16,1086.050048828125,-0.10588146619841521,1232.51;1191.94;1152.97;1156.49;1140.03;1158.96;1167.00;1169.57;1225.52;1233.11;1274.69;1265.88;1205.67;1165.76;1158.36;1142.74;1154.45;1191.33;1241.98;1198.67;1201.40;1148.97;1179.08;1209.32;1226.00;1265.06;1238.41;1211.57;1238.74;1257.24;1257.59;1277.35;1316.75;1295.90;1322.67;1324.56;1332.04;1348.49;1329.63;1295.71;1235.00;1232.18;1214.43;1205.49;1213.83;1286.27;1264.60;1254.38;1275.05;1262.07;1223.48;1235.48;1256.90;1233.78;1180.40;1199.08;1207.06;1185.97;1155.76;1157.83;1145.14;1126.88;1111.22;1080.11;1086.05,QUESTIONABLE,Group classification: AEROSPACE-DEFENSE,
HEI,AEROSPACE,AEROSPACE-DEFENSE,28,298.2200012207031,0.03424815420046401,292.10;277.06;279.54;278.99;273.29;274.10;271.67;275.28;293.11;293.68;292.25;291.46;275.92;268.64;266.02;260.89;268.24;277.23;289.49;289.66;291.69;288.73;292.26;301.09;308.75;344.94;333.13;328.99;331.31;326.30;339.10;336.06;337.21;331.03;335.18;345.08;356.06;362.09;358.02;352.13;344.11;351.59;342.66;340.40;340.54;357.15;355.23;356.36;367.66;363.29;363.94;373.10;374.67;368.01;350.58;352.67;346.15;336.53;325.15;325.70;316.10;312.49;303.75;299.43;298.22,QUESTIONABLE,Group classification: AEROSPACE-DEFENSE,
LHX,AEROSPACE,AEROSPACE-DEFENSE,13,247.2899932861328,-0.3049879338637127,365.62;360.51;342.45;348.93;339.99;342.12;352.87;350.89;354.83;354.81;352.79;347.27;337.31;327.32;317.64;318.58;310.62;299.99;298.53;299.69;302.25;300.72;305.44;303.64;310.72;312.01;306.87;300.78;306.36;306.70;310.68;302.72;311.68;284.47;285.90;289.86;289.20;300.63;293.99;288.49;287.31;285.45;280.67;276.39;298.24;302.03;296.11;275.74;283.94;288.15;288.34;289.35;290.43;278.21;269.15;261.58;261.71;261.57;262.30;260.89;255.74;248.37;248.93;250.74;247.29,QUESTIONABLE,L3Harris — defense,
HII,AEROSPACE,AEROSPACE-DEFENSE,,,,,QUESTIONABLE,Huntington Ingalls — naval defense,
KTOS,AEROSPACE,AEROSPACE-DEFENSE,6,47.459999084472656,-0.4577859048742706,95.31;92.78;83.69;79.98;71.94;70.51;67.31;71.96;68.33;73.55;74.66;70.99;68.55;65.52;63.16;59.56;62.05;59.31;57.00;56.99;52.49;52.09;53.47;54.67;56.80;65.19;63.49;58.43;58.52;56.19;58.78;57.02;56.16;51.09;47.95;47.21;49.86;55.35;50.34;48.85;46.96;49.68;46.03;48.21;49.44;49.45;43.88;46.60;51.87;57.41;62.42;63.82;64.58;61.99;56.18;53.07;52.93;52.00;49.34;48.10;48.20;46.98;47.58;47.59;47.46,QUESTIONABLE,Group classification: AEROSPACE-DEFENSE,
MRCY,AEROSPACE,AEROSPACE-DEFENSE,41,85.27999877929688,0.09109512261498454,81.35;77.81;78.29;78.71;71.40;72.91;74.22;77.53;79.23;82.52;85.51;84.05;83.36;78.91;77.06;74.75;78.55;82.96;88.06;91.95;92.50;92.03;92.80;96.36;99.32;108.11;111.28;111.59;111.27;108.82;119.32;115.93;115.50;111.76;105.00;109.38;122.33;126.21;115.83;114.25;98.26;102.97;96.08;98.64;106.34;103.80;90.17;97.10;112.80;108.83;108.64;111.64;111.12;105.00;94.23;89.59;89.76;88.54;82.80;84.71;83.46;80.43;81.03;87.25;85.28,QUESTIONABLE,Group classification: AEROSPACE-DEFENSE,
AVAV,AEROSPACE,AEROSPACE-DEFENSE,11,159.9499969482422,-0.22755594103108645,222.51;211.35;206.27;199.02;184.43;183.05;184.36;186.85;177.70;194.39;198.42;191.42;210.07;201.91;195.74;183.50;184.97;166.69;168.18;166.45;160.99;158.00;160.23;163.09;182.26;214.39;204.09;191.47;185.92;176.51;183.69;171.95;167.11;151.33;142.18;137.95;165.07;190.89;162.53;148.40;141.80;141.22;142.20;148.84;158.73;154.24;142.12;149.37;169.02;171.12;189.15;193.81;192.81;174.14;159.79;148.20;146.88;147.94;144.17;147.21;148.78;147.07;153.40;156.45;159.95,QUESTIONABLE,Group classification: AEROSPACE-DEFENSE,
HWM,AEROSPACE,AEROSPACE-DEFENSE EQUIPMENT,46,229.6699981689453,-0.029008491726802976,240.02;232.72;235.82;241.40;227.69;230.25;232.47;235.80;253.83;255.90;253.81;255.45;247.49;245.93;241.48;236.30;239.29;242.47;272.29;273.45;272.97;260.22;253.00;259.76;261.76;259.76;255.40;248.51;251.78;257.04;264.47;270.31;283.09;280.22;275.93;268.74;268.73;270.28;275.30;273.64;271.15;279.11;272.30;278.87;286.95;287.80;272.66;282.12;288.06;289.58;283.71;281.63;289.18;292.65;273.64;263.29;269.34;264.85;254.89;260.49;231.53;227.91;227.13;227.73;229.67,QUESTIONABLE,Group classification: AEROSPACE-DEFENSE EQUIPMENT,
WWD,AEROSPACE,AEROSPACE-DEFENSE EQUIPMENT,34,321.739990234375,-0.09664880690074551,366.59;367.33;361.00;371.42;350.54;357.28;371.12;374.50;391.83;398.52;392.41;394.12;379.60;366.86;365.98;360.34;362.34;364.93;370.11;369.59;369.12;348.59;344.23;355.44;360.93;354.64;341.46;349.72;357.42;380.41;387.86;402.14;434.44;426.44;432.42;431.24;425.06;417.65;404.48;403.12;396.58;401.63;392.53;406.51;411.57;419.39;385.08;360.43;373.34;365.45;355.79;362.38;370.23;365.87;342.20;333.15;345.91;341.81;336.58;342.56;339.27;332.76;324.67;318.45;321.74,QUESTIONABLE,Group classification: AEROSPACE-DEFENSE EQUIPMENT,
CW,AEROSPACE,AEROSPACE-DEFENSE EQUIPMENT,24,568.27001953125,-0.13316766709745098,679.11;691.15;688.07;701.77;663.33;680.89;694.64;699.64;722.27;733.76;731.69;735.40;719.26;725.25;716.91;695.99;712.90;728.70;724.18;728.33;750.74;712.48;704.71;726.63;750.40;747.47;719.74;733.63;732.89;733.32;756.97;762.59;777.29;783.82;762.92;747.27;757.76;760.23;766.54;759.71;740.06;751.64;707.84;722.09;750.03;743.83;679.41;724.00;757.31;714.04;694.35;723.71;699.31;695.67;648.28;614.97;619.46;596.37;577.99;568.72;572.71;559.74;551.21;570.04;568.27,QUESTIONABLE,Group classification: AEROSPACE-DEFENSE EQUIPMENT,
MOG-A,AEROSPACE,AEROSPACE-DEFENSE EQUIPMENT,83,364.6400146484375,0.21106934517347997,306.52;303.86;296.16;305.44;287.91;292.15;289.54;297.57;317.82;313.95;313.27;322.21;307.35;305.49;307.32;301.52;300.02;310.16;315.76;312.45;307.67;303.40;303.94;314.73;342.37;356.69;368.79;373.68;367.99;384.96;405.16;397.75;411.08;403.02;404.62;425.06;423.54;417.13;411.72;408.17;391.72;395.91;393.03;405.10;409.36;417.13;389.60;389.58;408.50;410.84;409.46;428.52;441.21;437.71;381.52;379.80;384.03;374.66;365.03;370.12;369.61;366.72;362.41;359.70;364.64,QUESTIONABLE,Group classification: AEROSPACE-DEFENSE EQUIPMENT,
AIR,AEROSPACE,AEROSPACE-DEFENSE EQUIPMENT,67,112.7699966430664,0.10656454313321584,108.76;109.21;103.49;118.52;107.25;109.46;109.78;113.86;123.04;123.77;122.75;123.04;116.54;112.08;110.20;105.69;110.35;111.90;117.82;117.57;107.47;104.55;100.89;108.44;112.74;114.97;109.99;111.36;116.65;120.13;127.23;131.18;132.14;134.28;132.94;143.14;142.93;140.11;136.63;136.57;130.90;135.73;135.34;141.40;129.47;136.92;135.40;140.04;149.43;146.40;142.69;148.16;145.25;149.02;132.39;134.64;138.58;133.19;124.48;125.66;130.73;124.47;120.08;117.23;112.77,QUESTIONABLE,Group classification: AEROSPACE-DEFENSE EQUIPMENT,
TGI,AEROSPACE,AEROSPACE-DEFENSE EQUIPMENT,,,,,QUESTIONABLE,Group classification: AEROSPACE-DEFENSE EQUIPMENT,
ATRO,AEROSPACE,AEROSPACE-DEFENSE EQUIPMENT,87,65.70999908447266,0.2878871787073085,56.07;54.59;52.70;54.57;51.70;53.26;55.74;57.33;58.89;59.32;60.86;61.43;60.56;58.12;58.59;53.46;56.83;58.88;62.21;60.49;63.92;62.72;63.35;63.76;67.39;70.37;67.92;66.65;67.61;67.51;75.66;75.69;80.06;81.85;84.86;84.32;81.26;70.83;70.19;71.86;72.03;71.46;67.26;69.00;71.00;70.24;65.14;69.49;75.58;76.04;75.46;87.89;93.45;86.12;76.06;74.75;77.51;75.71;72.99;74.53;76.00;73.49;70.97;66.28;65.71,QUESTIONABLE,Group classification: AEROSPACE-DEFENSE EQUIPMENT,
ADM,AGRICULTURE,AGRICULTURAL OPERATIONS,80,85.18000030517578,0.1987466789353911,71.20;67.76;67.12;70.74;71.30;71.76;72.88;71.23;69.45;68.93;66.09;66.18;68.94;69.13;69.64;73.32;73.98;78.18;76.54;78.82;81.83;79.37;78.37;76.63;77.52;79.54;82.10;83.58;80.41;79.61;78.40;78.77;76.02;75.81;74.61;76.31;75.92;76.31;77.71;78.48;81.52;81.78;85.36;85.66;85.81;82.67;79.87;78.77;79.37;77.02;79.98;79.23;79.94;81.93;81.70;78.16;80.09;81.54;84.55;84.38;84.50;86.91;86.44;85.00;85.18,HALAL,"Business activity permissible — debt ratio not verified, cross-check Musaffa/Zoya",
BG,AGRICULTURE,AGRICULTURAL OPERATIONS,62,115.58000183105469,-0.061908704340249976,124.42;120.55;119.35;123.87;127.15;125.65;127.84;125.48;121.46;121.99;118.54;117.80;124.29;124.88;122.53;124.77;123.09;128.79;122.24;124.60;124.48;120.96;120.77;118.99;119.35;122.92;129.16;130.59;125.67;125.89;124.50;122.23;115.41;110.72;108.31;109.85;106.06;105.79;110.22;112.91;116.66;114.99;118.40;120.79;121.53;116.76;107.10;105.56;106.06;108.32;111.94;111.05;112.98;114.36;116.57;110.16;113.25;115.48;121.04;120.12;123.89;124.59;121.23;117.13;115.58,HALAL,"Business activity permissible — debt ratio not verified, cross-check Musaffa/Zoya",
CALM,AGRICULTURE,AGRICULTURAL OPERATIONS,16,72.88999938964844,-0.16646123028011361,86.22;80.89;76.72;77.75;76.77;78.79;77.74;76.89;77.36;75.62;74.68;76.25;76.67;75.83;77.42;75.07;76.25;76.87;75.74;75.45;79.51;76.88;78.57;76.92;76.00;76.49;75.14;75.35;75.65;77.69;79.87;79.57;78.30;75.97;79.03;80.23;80.56;83.85;85.41;85.35;83.41;85.36;88.55;87.25;88.14;88.72;93.50;87.78;84.77;84.85;81.98;82.21;81.09;81.19;82.43;84.60;83.06;80.21;79.02;76.03;74.83;73.71;75.02;74.29;72.89,HALAL,"Business activity permissible — debt ratio not verified, cross-check Musaffa/Zoya",
FDP,AGRICULTURE,AGRICULTURAL OPERATIONS,,,,,HALAL,"Business activity permissible — debt ratio not verified, cross-check Musaffa/Zoya",
ANDE,AGRICULTURE,AGRICULTURAL OPERATIONS,78,69.58999633789062,-0.010615171897926046,69.54;68.17;67.25;72.77;72.77;71.37;73.20;72.82;74.00;73.83;70.42;71.90;75.48;76.48;75.75;77.37;78.89;79.06;70.60;71.37;71.41;71.25;69.73;70.06;71.14;71.21;72.45;72.70;72.60;71.93;70.43;69.67;68.57;70.65;70.45;70.87;68.20;66.30;68.00;70.99;74.79;75.20;79.24;77.85;78.25;74.60;70.17;70.78;74.48;67.95;65.49;65.61;65.90;68.86;67.32;65.76;65.24;64.56;67.26;69.49;70.92;71.88;71.68;71.43;69.59,HALAL,"Business activity permissible — debt ratio not verified, cross-check Musaffa/Zoya",
VITL,AGRICULTURE,AGRICULTURAL OPERATIONS,6,11.989999771118164,-0.3033120041281189,15.70;15.33;13.69;13.54;13.14;14.12;12.59;13.55;12.99;12.75;12.26;12.29;13.13;12.73;13.17;12.10;14.18;12.80;9.52;8.74;8.33;8.48;9.17;9.24;9.87;10.45;10.07;9.87;10.04;10.48;11.00;10.61;10.85;10.08;11.11;11.19;11.63;12.76;13.15;12.96;12.78;13.59;13.55;13.11;12.75;13.29;13.68;12.73;12.15;12.51;11.26;11.52;10.90;11.01;10.62;11.08;10.94;10.79;10.21;10.10;10.08;9.79;10.03;10.03;11.99,HALAL,"Business activity permissible — debt ratio not verified, cross-check Musaffa/Zoya",
STZ,ALCOHOL_TOBACCO,BEVERAGES-ALCOHOLIC,14,118.97000122070312,-0.19603359063883674,149.48;149.72;150.27;149.38;149.22;147.84;149.02;151.62;160.72;162.23;161.59;159.94;154.69;157.02;152.85;149.22;151.63;148.63;149.08;141.30;139.42;141.24;145.32;149.65;146.49;141.02;135.18;134.34;139.81;138.99;142.00;146.97;137.87;140.40;141.90;145.16;138.00;136.40;130.73;131.40;133.46;130.61;131.83;129.64;128.26;128.70;130.72;130.23;131.42;132.52;133.39;133.96;139.18;131.00;134.14;137.60;134.45;130.69;130.63;129.09;120.98;123.81;125.00;123.03;118.97,HARAM,Group classification: BEVERAGES-ALCOHOLIC,
TAP,ALCOHOL_TOBACCO,BEVERAGES-ALCOHOLIC,18,37.529998779296875,-0.1189626426184609,41.61;41.30;40.97;40.31;42.39;42.06;43.02;44.00;43.64;43.61;43.28;43.55;42.58;41.87;41.60;41.43;41.16;41.21;42.13;40.48;40.46;39.89;40.98;41.54;40.27;39.63;38.58;38.18;38.61;40.05;40.46;40.42;38.60;39.18;40.06;41.00;38.51;39.32;38.82;38.29;39.42;39.15;40.46;40.39;39.58;40.66;42.27;41.08;41.80;41.92;42.03;41.09;42.28;40.66;42.12;42.49;41.61;41.46;39.76;40.57;38.84;38.44;39.08;39.11;37.53,HARAM,Group classification: BEVERAGES-ALCOHOLIC,
BUD,ALCOHOL_TOBACCO,BEVERAGES-ALCOHOLIC,63,77.7300033569336,0.08970880245403623,71.47;68.26;67.55;68.19;66.58;68.36;70.26;70.50;74.09;74.54;74.17;74.65;71.72;71.16;72.24;71.74;74.45;79.19;79.08;79.86;80.15;80.92;81.91;83.36;82.46;81.98;80.02;79.04;78.50;81.02;82.27;81.48;80.68;80.83;84.43;85.09;82.40;81.33;79.74;79.34;79.33;79.91;80.57;81.55;80.48;80.87;84.87;86.48;84.59;83.97;83.09;79.19;79.73;77.43;77.92;79.30;78.43;80.13;79.13;80.22;79.73;77.65;79.82;79.90;77.73,HARAM,Group classification: BEVERAGES-ALCOHOLIC,
DEO,ALCOHOL_TOBACCO,BEVERAGES-ALCOHOLIC,41,85.58999633789062,0.11741120061484023,76.04;73.85;73.39;73.31;73.33;73.71;72.59;73.38;77.75;78.46;78.86;81.88;81.60;79.37;79.00;77.40;79.70;80.34;83.43;82.01;80.69;81.69;84.29;85.98;85.01;84.59;79.87;78.67;80.43;80.41;81.12;80.29;78.84;79.59;82.97;83.51;80.38;82.16;82.84;80.61;82.50;82.21;84.00;83.55;82.26;85.16;89.16;88.06;87.83;92.80;97.11;93.96;95.44;90.98;93.85;96.07;93.67;92.99;90.06;90.68;87.14;86.31;88.38;86.95;85.59,HARAM,Group classification: BEVERAGES-ALCOHOLIC,
SAM,ALCOHOL_TOBACCO,BEVERAGES-ALCOHOLIC,16,171.57000732421875,-0.25887685821071815,230.40;231.79;221.62;224.27;229.76;230.40;240.83;250.67;260.05;243.13;244.51;245.33;244.59;240.43;240.15;236.49;214.30;206.25;203.01;188.54;179.19;174.73;178.79;186.03;181.63;180.45;167.36;163.76;164.72;174.99;179.62;182.66;171.91;177.61;182.84;191.87;177.03;183.62;183.16;174.86;172.39;170.00;178.80;170.98;174.51;183.60;187.07;183.20;184.12;183.05;180.99;183.78;185.77;178.65;190.82;189.44;185.56;183.13;174.95;171.79;162.06;169.52;171.34;170.25;171.57,HARAM,Group classification: BEVERAGES-ALCOHOLIC,
MNST,ALCOHOL_TOBACCO,BEVERAGES-ALCOHOLIC,66,44.709999084472656,0.15964203684549316,38.79;36.87;36.98;36.60;35.92;36.23;36.19;36.22;38.10;37.58;37.47;38.36;37.63;38.78;38.43;38.44;38.56;37.90;37.99;43.21;42.97;43.54;43.17;43.16;43.71;43.99;44.55;44.52;44.78;45.08;46.01;46.62;45.83;46.51;47.35;48.19;48.06;48.80;48.46;48.28;48.53;48.78;48.75;47.23;46.78;47.67;48.62;48.19;47.09;47.08;45.72;45.98;46.82;47.38;47.49;48.92;47.81;46.86;44.99;44.08;43.15;43.09;44.20;44.57;44.71,HARAM,Group classification: BEVERAGES-ALCOHOLIC,
PM,ALCOHOL_TOBACCO,TOBACCO,65,188.6199951171875,0.09860019880989568,169.89;162.03;161.90;164.14;162.20;163.98;156.80;156.20;159.92;161.41;155.90;156.49;151.99;167.80;159.58;161.37;165.01;168.07;169.70;180.61;186.36;188.05;189.99;186.91;180.04;177.10;171.24;174.49;176.82;177.02;179.28;180.32;177.96;171.75;177.31;180.77;180.91;182.27;187.79;181.17;180.19;180.88;192.98;188.04;191.12;195.66;198.44;190.82;186.91;188.05;186.00;186.19;190.39;187.62;191.52;191.46;194.10;191.89;187.15;186.17;184.73;189.77;194.86;191.71;188.62,HARAM,Group classification: TOBACCO,
MO,ALCOHOL_TOBACCO,TOBACCO,60,69.5199966430664,0.07361590928022888,63.88;62.06;61.41;61.85;64.47;64.00;63.77;64.25;65.42;64.79;62.47;62.23;62.70;65.12;64.01;66.14;72.30;70.59;66.95;66.54;69.38;70.88;71.76;71.48;70.18;69.79;66.58;68.18;70.01;69.40;69.25;68.50;67.87;68.42;70.94;72.63;70.82;71.57;71.81;70.46;70.74;69.41;73.04;71.84;70.95;71.74;73.74;67.26;67.00;66.68;64.51;63.37;64.67;64.17;65.89;67.39;68.03;67.57;68.48;68.40;67.10;67.71;69.50;70.10;69.52,HARAM,Group classification: TOBACCO,
BTI,ALCOHOL_TOBACCO,TOBACCO,35,55.83000183105469,-0.04172175405219669,58.86;57.08;56.31;56.82;57.01;57.67;57.48;57.99;58.04;57.88;55.90;55.90;54.08;56.49;56.53;56.66;57.90;58.59;57.28;59.61;64.45;64.20;65.15;64.83;64.05;62.06;60.16;57.82;58.90;59.13;60.55;60.22;58.67;58.09;60.55;61.90;60.91;60.92;60.95;60.03;58.95;58.73;62.84;61.42;59.84;60.82;63.07;60.65;59.12;58.73;57.05;55.84;57.06;56.38;56.70;56.71;57.44;56.13;55.92;55.97;55.15;54.86;57.29;56.09;55.83,HARAM,Group classification: TOBACCO,
TPB,ALCOHOL_TOBACCO,TOBACCO,,,,,HARAM,Group classification: TOBACCO,
RL,APPAREL,APPAREL-CLOTHING MFG,28,335.1000061035156,0.01847690516707967,347.41;338.45;337.36;344.14;327.02;343.15;347.17;348.68;384.20;376.06;368.46;385.94;385.83;370.24;369.48;358.57;361.33;359.14;352.69;342.26;330.81;326.01;319.91;373.99;380.85;369.87;365.42;358.55;365.66;390.21;392.34;411.35;402.87;409.92;413.24;411.16;401.41;398.22;395.31;387.58;374.49;374.08;380.45;382.93;371.69;379.94;375.68;380.34;377.92;395.83;406.89;396.35;388.92;378.25;372.52;370.82;362.32;354.04;340.82;344.20;347.23;336.67;341.43;338.36;335.10,HALAL,"Business activity permissible — debt ratio not verified, cross-check Musaffa/Zoya",
PVH,APPAREL,APPAREL-CLOTHING MFG,33,73.3499984741211,0.20612727894292804,63.41;63.94;66.25;67.02;66.34;69.70;77.04;82.55;91.01;88.93;87.11;94.08;98.72;95.26;93.30;90.92;91.56;88.24;88.54;83.22;80.22;79.38;79.35;86.63;94.33;96.70;93.30;97.95;77.76;79.88;81.77;83.22;76.38;77.93;72.67;74.34;74.22;75.19;77.01;77.25;77.74;78.63;78.11;78.61;77.76;83.89;88.29;86.61;88.73;86.50;87.08;81.55;82.43;78.69;76.05;76.99;78.47;75.75;72.83;72.46;71.26;69.35;73.01;71.70;73.35,HALAL,"Business activity permissible — debt ratio not verified, cross-check Musaffa/Zoya",
TPR,APPAREL,APPAREL-CLOTHING MFG,21,115.0,-0.18532305100011048,142.21;141.86;143.46;145.21;137.92;140.18;140.27;139.27;151.61;148.98;150.37;154.82;149.50;145.48;145.50;140.66;141.80;140.45;129.66;132.46;131.82;128.46;130.76;138.19;139.69;144.43;137.89;138.69;139.57;145.07;144.84;150.42;145.32;148.64;149.18;145.45;145.83;143.67;145.75;139.40;135.62;139.73;140.93;141.62;138.60;146.87;149.54;151.79;155.38;161.39;164.16;153.16;128.49;131.76;129.33;131.66;129.76;125.02;121.68;122.14;117.58;115.87;117.91;117.94;115.00,HALAL,"Business activity permissible — debt ratio not verified, cross-check Musaffa/Zoya",
CPRI,APPAREL,APPAREL-CLOTHING MFG,5,14.75,-0.20613562644956696,18.53;18.54;18.29;18.32;17.27;17.62;17.96;18.42;19.82;20.07;19.77;20.90;21.18;20.74;20.36;19.30;19.63;18.60;18.69;17.64;17.18;17.26;17.10;18.38;18.50;19.74;18.40;18.44;18.87;19.94;20.85;21.06;19.73;19.46;19.13;19.38;18.57;18.96;19.42;18.08;17.47;16.51;16.38;15.93;15.54;15.88;15.83;15.93;16.52;15.00;15.43;15.55;15.34;14.42;13.77;13.68;13.60;13.50;12.79;13.24;13.10;12.88;14.16;14.73;14.75,HALAL,"Business activity permissible — debt ratio not verified, cross-check Musaffa/Zoya",
LEVI,APPAREL,APPAREL-CLOTHING MFG,26,19.81999969482422,0.12061707449954251,18.44;18.10;18.39;18.25;18.03;18.26;18.66;19.46;22.48;22.05;21.99;22.61;23.07;22.34;22.68;21.75;22.13;22.15;22.60;21.71;21.23;20.84;20.64;21.61;22.89;23.57;23.03;22.47;22.38;23.42;24.08;23.89;23.24;23.46;23.41;24.38;24.67;24.25;24.50;23.68;24.03;23.72;24.20;24.40;24.10;25.53;24.67;24.52;24.50;24.30;23.61;22.44;22.55;22.01;21.23;21.72;21.43;21.29;20.36;20.70;20.85;20.12;20.23;19.65;19.82,HALAL,"Business activity permissible — debt ratio not verified, cross-check Musaffa/Zoya",
VFC,APPAREL,APPAREL-CLOTHING MFG,9,12.789999961853027,-0.18870310030254656,16.39;16.29;16.73;17.00;16.20;16.78;16.66;16.74;18.15;18.21;19.40;20.74;21.23;19.78;19.12;18.03;18.78;18.10;18.83;17.72;16.92;16.48;16.54;15.98;16.51;17.71;16.50;16.21;16.39;16.80;17.37;17.84;16.58;16.91;17.10;17.25;16.56;16.19;16.34;16.41;16.76;17.12;16.86;16.79;16.41;17.00;14.97;14.22;15.12;14.65;14.80;14.47;14.77;14.21;13.85;14.21;13.79;13.57;13.00;13.05;13.11;12.62;13.07;12.73;12.79,HALAL,"Business activity permissible — debt ratio not verified, cross-check Musaffa/Zoya",
HBI,APPAREL,APPAREL-CLOTHING MFG,,,,,HALAL,"Business activity permissible — debt ratio not verified, cross-check Musaffa/Zoya",
GIL,APPAREL,APPAREL-CLOTHING MFG,18,46.869998931884766,-0.19036653463690678,57.98;56.00;56.61;57.39;53.95;55.15;53.97;53.62;56.88;58.48;56.76;59.35;59.97;59.31;57.35;55.76;60.96;59.19;58.87;57.17;56.19;55.99;54.21;57.90;59.61;60.87;58.90;57.93;57.36;58.93;59.44;61.70;52.90;51.86;53.84;52.59;51.37;51.28;51.78;50.67;51.45;52.22;53.84;53.50;49.38;50.46;51.03;55.14;56.51;57.92;57.24;57.01;56.47;55.52;55.45;54.95;53.58;53.12;50.27;53.68;51.55;48.93;47.44;46.32;46.87,HALAL,"Business activity permissible — debt ratio not verified, cross-check Musaffa/Zoya",
OXM,APPAREL,APPAREL-CLOTHING MFG,10,28.469999313354492,-0.17890663093857107,34.62;33.02;33.34;31.91;33.54;37.27;38.04;38.32;41.83;41.06;43.01;44.13;45.86;44.76;43.30;40.47;41.81;41.86;44.59;42.95;39.19;38.69;37.09;38.37;44.33;46.21;43.91;44.46;43.37;42.43;35.31;36.20;35.23;37.24;35.21;35.22;34.28;34.29;35.44;36.36;35.59;37.79;40.43;40.72;38.17;40.29;38.91;37.92;38.79;37.50;37.25;36.02;36.37;35.59;34.36;36.56;38.77;38.31;37.74;36.63;31.57;30.95;30.79;29.25;28.47,HALAL,"Business activity permissible — debt ratio not verified, cross-check Musaffa/Zoya",
GES,APPAREL,APPAREL-CLOTHING MFG,,,,,HALAL,"Business activity permissible — debt ratio not verified, cross-check Musaffa/Zoya",
NKE,APPAREL,APPAREL-SHOES & RELATED,4,35.5099983215332,-0.32923665244253064,54.06;52.41;51.69;51.96;50.38;51.80;43.34;41.87;43.15;42.08;44.56;45.14;45.50;43.92;44.27;43.53;43.54;42.23;43.55;41.57;41.52;41.07;41.60;43.53;44.07;46.46;45.45;43.35;42.53;44.18;45.48;44.73;43.73;42.74;41.38;40.32;40.62;43.63;42.76;42.33;43.30;42.32;43.30;42.51;40.56;41.70;42.77;41.27;41.09;41.56;41.67;40.08;40.30;39.64;39.79;40.32;38.18;39.18;38.12;38.77;38.10;36.62;37.05;35.78;35.51,HALAL,"Business activity permissible — debt ratio not verified, cross-check Musaffa/Zoya",
DECK,APPAREL,APPAREL-SHOES & RELATED,6,78.43000030517578,-0.22177018004402305,104.71;104.91;102.45;100.05;94.05;100.09;98.31;100.26;109.77;108.14;108.87;112.50;110.17;107.71;106.77;101.34;100.88;98.54;102.72;96.65;93.93;93.56;94.27;102.62;111.44;114.31;110.82;107.36;108.13;112.48;114.37;112.50;105.72;105.57;105.70;104.56;99.29;104.69;106.08;104.26;107.80;106.53;106.49;103.31;96.23;97.73;103.54;96.88;99.87;97.87;97.44;91.20;93.09;89.51;88.86;92.08;89.47;87.76;84.58;84.50;82.60;79.88;80.54;77.96;78.43,HALAL,"Business activity permissible — debt ratio not verified, cross-check Musaffa/Zoya",
CROX,APPAREL,APPAREL-SHOES & RELATED,,,,,HALAL,"Business activity permissible — debt ratio not verified, cross-check Musaffa/Zoya",
SKX,APPAREL,APPAREL-SHOES & RELATED,,,,,HALAL,"Business activity permissible — debt ratio not verified, cross-check Musaffa/Zoya",
ONON,APPAREL,APPAREL-SHOES & RELATED,4,27.260000228881836,-0.2824427737697853,39.79;38.87;39.86;35.16;32.39;34.02;33.03;32.21;34.44;34.19;35.43;36.95;36.73;36.22;35.93;35.33;34.54;34.59;35.65;34.04;35.39;37.26;37.34;39.19;40.32;39.75;39.63;37.52;37.08;38.25;39.21;38.69;37.72;36.21;36.92;37.07;35.42;36.83;36.62;36.77;37.92;37.46;37.20;37.24;34.84;37.06;37.91;36.24;37.61;37.34;38.78;31.01;32.22;31.03;29.90;29.51;29.23;28.85;27.73;28.36;27.27;26.85;27.47;27.15;27.26,HALAL,"Business activity permissible — debt ratio not verified, cross-check Musaffa/Zoya",
BIRK,APPAREL,APPAREL-SHOES & RELATED,4,30.559999465942383,-0.1835426338023145,37.24;35.05;35.33;36.37;34.19;35.83;34.62;34.67;38.72;38.91;37.81;39.54;41.73;40.66;39.41;37.50;38.71;37.42;39.04;39.15;33.07;31.19;32.50;39.67;43.54;44.07;44.90;42.21;42.34;45.20;46.21;47.93;46.95;43.30;45.09;44.42;43.03;45.99;45.56;45.32;44.63;42.86;44.36;42.22;40.61;41.55;41.53;38.72;37.86;37.20;39.72;36.74;39.35;37.23;34.55;35.30;36.18;35.65;34.25;33.95;32.62;30.69;30.66;30.44;30.56,HALAL,"Business activity permissible — debt ratio not verified, cross-check Musaffa/Zoya",
WWW,APPAREL,APPAREL-SHOES & RELATED,43,18.93000030517578,0.19916367135684343,16.40;16.30;16.45;16.66;15.59;16.12;15.85;16.11;17.08;16.91;17.54;17.94;18.39;17.57;17.36;16.81;17.23;16.74;16.91;16.10;15.44;15.26;14.61;16.07;17.06;17.64;17.45;15.90;15.80;16.96;18.11;17.66;16.60;17.22;17.43;17.04;16.43;16.53;17.16;17.36;18.04;18.14;18.37;18.67;18.45;19.07;20.53;19.68;19.35;19.04;18.92;18.06;21.03;19.99;20.45;20.87;20.10;20.34;19.33;19.55;20.05;19.29;19.53;19.29;18.93,HALAL,"Business activity permissible — debt ratio not verified, cross-check Musaffa/Zoya",
SHOO,APPAREL,APPAREL-SHOES & RELATED,65,42.11000061035156,0.3556484492405083,32.72;32.87;33.31;33.66;32.79;33.59;33.66;34.79;37.81;37.25;38.00;39.41;39.01;37.59;37.46;36.61;37.13;37.32;39.25;38.51;38.13;38.41;37.86;40.94;42.33;42.97;42.76;43.37;43.60;44.73;45.66;45.19;42.62;42.51;42.08;43.00;41.89;39.72;39.69;40.12;42.15;43.04;43.20;42.83;41.88;43.31;43.18;45.85;48.61;48.02;48.63;47.46;46.90;46.51;45.48;45.68;44.88;44.02;41.23;42.09;42.94;41.35;42.34;41.51;42.11,HALAL,"Business activity permissible — debt ratio not verified, cross-check Musaffa/Zoya",
TSLA,AUTO,AUTO MANUFACTURERS,25,364.2699890136719,-0.06883952544231375,399.27;380.30;380.85;385.95;361.83;371.75;360.59;346.65;345.62;352.42;391.95;400.62;386.42;373.72;378.67;372.80;390.82;389.37;411.79;445.00;445.27;422.24;404.11;417.85;433.59;442.10;415.88;423.70;391.00;396.68;399.15;411.15;396.38;405.05;375.53;379.71;420.60;393.45;402.90;406.55;394.76;394.46;380.84;378.93;319.69;309.22;298.32;311.21;327.35;319.53;330.88;327.51;342.27;336.87;345.13;348.95;345.82;348.75;356.09;376.37;368.16;363.56;358.97;358.08;364.27,HALAL,"Auto manufacturer — halal core; financing arm small — debt ratio not verified, cross-check Musaffa/Zoya",
F,AUTO,AUTO MANUFACTURERS,52,13.210000038146973,0.15864480348852594,11.67;11.37;11.49;11.40;11.11;11.27;11.33;11.25;11.96;11.88;12.42;12.57;12.49;12.19;12.20;11.96;11.61;11.42;11.90;11.77;13.42;13.26;12.92;13.52;15.16;16.47;16.45;15.54;14.74;14.79;14.55;14.61;13.81;13.96;13.69;13.98;13.75;13.22;13.41;13.46;13.70;14.03;14.08;14.12;14.00;14.52;15.12;14.52;14.09;13.64;13.85;13.83;14.37;13.93;13.99;13.93;13.90;13.88;13.84;14.41;14.00;13.88;13.86;13.35;13.21,QUESTIONABLE,Ford — high debt ratio plus Ford Credit lending arm,
GM,AUTO,AUTO MANUFACTURERS,64,82.19999694824219,0.14033068592669107,73.73;73.48;75.40;76.29;72.67;74.19;72.23;72.45;76.41;76.51;77.45;80.98;78.72;78.19;77.63;76.30;75.45;75.83;78.08;74.97;75.49;74.54;72.32;76.88;79.45;83.99;82.33;81.36;81.94;83.59;80.68;83.90;79.42;80.26;78.79;77.94;76.92;75.84;75.87;76.49;76.56;77.48;75.91;79.36;80.50;86.86;89.22;88.68;88.13;86.76;87.78;86.58;86.59;83.54;85.97;86.80;86.15;86.09;85.45;87.04;85.79;86.12;87.16;84.29;82.20,QUESTIONABLE,GM — GM Financial lending arm,
STLA,AUTO,AUTO MANUFACTURERS,3,4.820000171661377,-0.2584615120520959,6.71;6.50;6.59;6.88;6.71;7.09;7.55;7.42;7.93;7.98;8.30;8.62;8.59;8.29;7.99;7.70;7.13;7.20;7.48;7.46;7.60;7.49;7.35;7.56;7.81;8.20;7.82;7.35;7.11;7.04;6.89;7.04;6.47;6.38;5.84;5.68;5.74;5.81;5.65;5.33;5.57;5.90;5.79;5.78;5.75;5.70;6.01;5.76;5.86;5.55;5.58;5.35;5.36;5.05;5.26;5.22;5.15;5.42;5.35;5.49;5.39;5.28;5.26;4.92;4.82,HALAL,"Business activity permissible — debt ratio not verified, cross-check Musaffa/Zoya",
TM,AUTO,AUTO MANUFACTURERS,40,191.52999877929688,-0.0915860268165044,213.07;208.93;210.64;210.93;206.73;206.09;207.01;203.66;211.14;211.06;213.18;217.20;203.97;196.08;192.17;191.26;188.71;189.99;189.00;183.80;186.89;190.68;185.47;189.66;190.09;191.84;182.92;180.22;177.16;175.78;174.95;180.22;172.77;169.73;167.76;171.48;168.42;174.59;179.43;174.32;174.75;176.92;177.61;180.34;176.80;182.15;192.84;188.99;189.17;187.49;188.78;188.22;191.11;188.25;192.24;193.81;191.84;194.48;198.05;199.87;191.45;192.48;197.56;192.21;191.53,HALAL,"Business activity permissible — debt ratio not verified, cross-check Musaffa/Zoya",
HMC,AUTO,AUTO MANUFACTURERS,65,32.20000076293945,0.24903025233896203,25.48;24.61;24.74;24.77;24.34;24.31;24.15;23.49;24.37;24.20;24.26;25.00;24.94;24.48;24.37;24.00;24.09;24.16;24.06;23.98;24.37;26.18;25.32;26.26;26.42;27.29;26.24;27.71;26.70;26.71;27.07;26.97;26.19;25.99;25.76;26.83;27.11;28.02;28.50;27.59;27.84;27.89;28.16;28.56;27.99;29.13;30.68;30.11;30.12;30.73;31.72;31.31;31.58;31.95;32.60;32.59;31.41;31.86;32.03;33.04;31.06;31.62;32.49;32.11;32.20,HALAL,"Business activity permissible — debt ratio not verified, cross-check Musaffa/Zoya",
RIVN,AUTO,AUTO MANUFACTURERS,32,14.989999771118164,0.008748325534617685,15.82;16.12;15.77;15.62;14.77;15.05;15.40;14.69;15.24;15.90;16.41;17.23;17.15;16.95;16.72;16.06;15.02;14.60;14.18;14.08;14.27;13.79;12.90;14.15;14.39;15.20;16.95;18.27;16.35;15.73;15.54;16.68;16.26;15.10;14.64;15.63;17.35;18.63;16.49;18.12;17.31;17.80;17.45;17.76;16.46;16.48;16.33;15.22;15.76;15.38;16.39;15.93;15.36;14.78;16.01;16.60;16.33;16.07;15.53;15.91;16.17;16.05;15.86;15.23;14.99,HALAL,"Rivian — pure EV manufacturer — debt ratio not verified, cross-check Musaffa/Zoya",
LCID,AUTO,AUTO MANUFACTURERS,2,4.090000152587891,-0.5868686555368695,10.32;10.30;10.31;10.68;9.40;9.53;9.96;8.83;8.77;9.24;8.21;7.30;7.11;6.27;5.93;5.76;6.54;6.25;6.05;6.03;6.39;6.04;5.61;5.84;5.97;6.46;6.65;5.72;5.11;5.15;5.17;5.25;5.14;5.16;5.15;5.92;6.69;6.08;5.99;5.83;5.51;5.95;7.36;7.32;6.45;6.50;7.96;7.38;7.78;6.98;6.61;6.54;6.22;5.77;5.62;5.09;4.95;5.01;4.55;4.60;4.63;4.18;4.16;4.04;4.09,HALAL,"Lucid — pure EV manufacturer — debt ratio not verified, cross-check Musaffa/Zoya",
FFIE,AUTO,AUTO MANUFACTURERS,,,,,HALAL,"Business activity permissible — debt ratio not verified, cross-check Musaffa/Zoya",
APTV,AUTO,AUTO/TRUCK-ORIGINAL EQUIPMENT,3,43.59000015258789,-0.3817021254952072,72.02;69.17;70.98;70.89;67.04;69.44;60.99;58.22;60.12;59.36;58.46;59.62;60.80;60.41;60.07;58.33;60.49;54.83;57.11;55.41;54.21;54.34;52.57;55.85;58.76;63.67;68.60;76.82;68.60;68.48;67.96;66.62;62.87;63.57;60.42;60.32;61.38;58.89;58.85;59.86;59.23;58.96;57.47;57.91;56.10;57.45;57.97;56.47;47.72;46.30;49.81;48.48;49.56;48.60;47.03;47.34;46.27;45.75;44.85;46.53;45.73;45.69;44.79;43.34;43.59,HALAL,"Business activity permissible — debt ratio not verified, cross-check Musaffa/Zoya",
BWA,AUTO,AUTO/TRUCK-ORIGINAL EQUIPMENT,74,63.31999969482422,0.25867978647204337,52.05;52.17;53.84;55.84;53.97;53.99;52.57;52.13;54.69;53.29;52.23;55.38;54.47;55.86;55.11;53.94;56.49;56.97;57.89;62.83;66.53;62.89;60.82;63.23;67.92;70.95;70.87;76.35;72.44;73.08;74.65;73.33;70.35;72.15;68.01;67.93;66.22;63.35;63.90;64.56;63.47;63.84;62.27;63.46;64.16;63.51;62.04;63.57;62.87;65.63;69.10;68.67;68.48;67.77;64.63;64.19;64.52;63.92;63.54;65.73;66.26;65.69;63.95;62.27;63.32,HALAL,"Business activity permissible — debt ratio not verified, cross-check Musaffa/Zoya",
MGA,AUTO,AUTO/TRUCK-ORIGINAL EQUIPMENT,70,63.150001525878906,0.1642019446365317,55.13;51.82;52.98;55.28;53.57;54.98;54.34;53.33;56.91;57.40;55.59;59.66;60.76;61.28;61.36;60.86;59.93;59.16;60.33;61.61;61.49;59.97;59.00;62.64;64.74;65.65;64.69;67.67;65.62;65.62;65.30;66.59;64.43;65.49;63.62;64.10;65.20;62.25;63.85;63.79;63.62;65.82;65.99;67.39;65.29;66.68;68.61;68.11;69.54;67.34;69.40;69.22;70.24;70.27;70.39;67.80;66.00;65.86;63.63;67.09;66.56;65.14;64.89;63.74;63.15,HALAL,"Business activity permissible — debt ratio not verified, cross-check Musaffa/Zoya",
DAN,AUTO,AUTO/TRUCK-ORIGINAL EQUIPMENT,71,29.809999465942383,-0.042516277166619765,32.53;31.63;32.42;33.40;32.29;33.39;33.14;33.09;35.85;36.40;35.09;36.77;37.59;38.08;38.18;35.54;35.59;34.36;34.29;33.71;34.14;32.95;32.01;33.71;35.04;36.01;34.45;36.39;35.21;36.39;29.98;29.35;28.29;29.70;28.16;28.01;27.09;24.80;25.32;26.27;27.12;27.60;26.44;27.31;27.51;27.12;26.69;26.81;27.45;27.20;29.84;29.70;30.35;30.79;30.75;30.15;30.08;30.35;29.37;31.52;31.29;30.67;30.30;29.96;29.81,HALAL,"Business activity permissible — debt ratio not verified, cross-check Musaffa/Zoya",
LEA,AUTO,AUTO/TRUCK-ORIGINAL EQUIPMENT,44,120.63999938964844,0.0688887077273379,117.27;114.27;117.53;120.84;116.92;119.71;117.20;116.66;123.76;121.82;117.44;123.97;127.01;128.25;124.18;122.44;130.91;130.16;133.76;135.82;136.05;131.21;127.32;136.86;141.79;145.26;142.31;143.99;140.63;141.29;144.11;143.55;137.07;139.84;134.75;136.00;133.24;130.05;130.54;133.93;134.47;139.53;140.85;141.94;141.55;144.11;146.60;129.84;125.16;118.35;120.13;120.48;124.18;123.14;124.66;122.14;123.65;123.26;124.40;131.05;128.91;127.84;128.87;123.19;120.64,HALAL,"Business activity permissible — debt ratio not verified, cross-check Musaffa/Zoya",
ALV,AUTO,AUTO/TRUCK-ORIGINAL EQUIPMENT,43,116.9800033569336,0.1535091979114842,102.68;100.26;102.84;103.58;101.04;103.63;103.76;102.61;108.38;108.77;107.57;117.19;115.98;114.62;114.29;111.66;114.48;115.73;119.25;118.78;119.61;113.18;113.87;119.39;126.36;128.03;126.81;129.50;126.66;125.25;128.29;124.90;115.50;117.50;118.06;118.33;115.35;115.42;118.12;118.11;121.02;121.91;119.41;116.68;114.39;118.77;123.89;122.30;123.70;119.72;120.88;119.96;121.25;119.43;120.83;122.31;122.66;122.07;119.21;125.05;120.25;121.17;118.50;115.87;116.98,HALAL,"Business activity permissible — debt ratio not verified, cross-check Musaffa/Zoya",
VC,AUTO,AUTO/TRUCK-ORIGINAL EQUIPMENT,21,94.61000061035156,0.06927525897158082,86.97;84.40;85.41;87.01;87.23;90.49;90.75;92.16;95.99;92.79;92.54;97.98;100.66;108.65;112.37;107.50;110.09;109.48;111.58;115.22;114.16;109.73;104.28;109.99;115.86;118.31;117.71;122.70;117.03;118.91;119.61;116.46;109.99;119.56;117.72;102.70;98.84;102.07;105.38;106.45;103.16;105.20;104.46;103.65;99.74;105.15;106.33;104.15;105.01;102.82;104.40;106.00;107.82;105.17;104.95;101.48;103.31;101.64;100.76;102.27;100.66;100.56;100.01;97.47;94.61,HALAL,"Business activity permissible — debt ratio not verified, cross-check Musaffa/Zoya",
GNTX,AUTO,AUTO/TRUCK-ORIGINAL EQUIPMENT,24,22.239999771118164,0.07190525521234137,21.01;20.69;20.98;21.70;21.49;21.62;21.28;21.13;22.10;22.02;21.58;22.52;22.63;22.92;23.74;22.79;22.64;22.82;22.96;23.08;22.79;22.76;22.56;23.28;23.81;23.96;23.96;24.88;24.51;24.72;25.57;25.91;25.25;25.57;24.92;25.52;25.14;24.39;23.92;23.86;23.91;24.27;24.35;23.96;23.80;22.92;23.97;23.36;24.12;23.54;23.85;23.40;23.87;23.68;23.59;23.59;23.87;22.67;22.13;22.84;22.80;22.68;22.58;22.31;22.24,HALAL,"Business activity permissible — debt ratio not verified, cross-check Musaffa/Zoya",
MOD,AUTO,AUTO/TRUCK-ORIGINAL EQUIPMENT,38,188.72000122070312,0.0009547466902533053,196.09;200.87;211.47;232.89;213.96;216.71;219.32;214.00;241.52;256.99;238.14;243.71;247.49;250.57;244.95;233.39;266.83;271.60;269.65;284.80;279.20;271.26;244.49;250.11;295.88;270.70;288.52;302.03;276.51;278.18;271.51;285.72;283.88;295.58;276.70;255.99;267.02;230.97;230.41;243.50;234.28;231.96;229.34;247.09;249.62;230.40;178.04;201.06;201.71;192.52;191.01;199.53;209.50;200.66;190.74;188.37;187.30;177.63;180.91;186.63;192.35;179.26;182.18;181.18;188.72,HALAL,"Business activity permissible — debt ratio not verified, cross-check Musaffa/Zoya",
AAP,AUTO,AUTO/TRUCK-REPLACEMENT PARTS,9,42.54999923706055,-0.1700334911532312,51.46;47.91;50.29;52.26;51.11;52.28;51.37;52.20;56.02;56.10;56.62;57.23;58.46;57.90;57.61;55.51;58.66;56.64;56.97;51.59;49.04;46.96;49.30;58.35;54.88;59.59;59.03;56.86;56.55;59.77;60.34;60.76;57.84;55.17;57.68;61.90;61.94;61.25;55.61;54.75;55.31;52.09;53.16;55.64;53.42;57.73;58.43;55.54;58.83;57.92;55.73;53.52;56.55;56.96;42.39;43.63;44.05;42.90;42.76;42.72;42.56;43.31;45.01;41.90;42.55,HALAL,"Business activity permissible — debt ratio not verified, cross-check Musaffa/Zoya",
AZO,AUTO,AUTO/TRUCK-REPLACEMENT PARTS,12,2855.31005859375,-0.1985882143983383,3439.64;3341.58;3353.24;3386.14;3316.71;3377.78;3400.54;3387.00;3548.19;3514.47;3536.42;3572.38;3606.18;3597.20;3562.26;3523.56;3594.08;3540.92;3554.88;3427.80;3366.79;3321.15;3347.28;3438.18;3100.11;3007.08;3020.95;3061.65;3116.43;3137.75;3081.62;3105.48;3059.63;2949.06;3087.77;3128.70;3195.94;3159.28;3074.86;3010.39;3078.98;2970.57;3046.44;3013.03;2923.50;3075.26;3142.17;3016.25;3028.03;3069.62;3067.99;3045.87;3025.00;3073.20;2961.99;3009.44;2999.00;2961.96;2965.83;2968.04;2951.61;2881.47;2965.52;2849.04;2855.31,HALAL,"Business activity permissible — debt ratio not verified, cross-check Musaffa/Zoya",
ORLY,AUTO,AUTO/TRUCK-REPLACEMENT PARTS,21,84.70999908447266,-0.0746122106482977,89.39;87.91;88.70;91.16;90.11;92.31;91.42;91.36;94.40;94.01;93.60;93.71;93.81;93.24;91.97;91.69;96.67;95.00;94.58;91.35;89.70;88.49;91.92;92.34;89.87;89.23;86.64;87.38;90.33;89.49;90.10;90.26;88.40;85.63;87.82;89.55;92.09;90.25;86.65;85.12;87.28;82.73;86.05;87.97;86.11;90.59;90.63;89.35;91.83;93.37;92.23;92.05;91.05;90.76;89.08;90.68;89.55;88.50;87.95;87.38;85.89;85.51;87.22;83.68;84.71,HALAL,"Business activity permissible — debt ratio not verified, cross-check Musaffa/Zoya",
GPC,AUTO,AUTO/TRUCK-REPLACEMENT PARTS,63,128.0800018310547,0.234001505408592,100.93;97.26;99.20;103.18;103.09;103.80;101.56;101.93;106.56;107.77;108.41;111.69;112.88;107.77;104.60;101.38;103.06;102.37;103.31;99.55;97.05;91.16;90.77;95.82;95.26;97.43;95.47;96.47;97.39;98.64;101.47;103.83;105.30;104.30;109.87;115.12;117.07;131.55;127.68;123.31;122.57;120.07;123.86;118.20;119.12;126.71;128.98;123.41;131.53;131.76;133.50;132.97;133.99;130.87;131.89;134.64;138.41;136.45;133.80;136.56;134.06;134.16;133.21;130.52;128.08,HALAL,"Business activity permissible — debt ratio not verified, cross-check Musaffa/Zoya",
DORM,AUTO,AUTO/TRUCK-REPLACEMENT PARTS,35,122.44000244140625,0.19093478600293623,101.30;102.40;103.86;106.95;104.56;104.36;100.90;101.24;109.92;109.71;106.72;110.66;110.26;109.35;110.25;110.07;112.88;119.52;124.52;121.01;116.32;116.16;112.83;118.70;120.28;125.05;122.71;124.75;127.03;127.98;128.21;126.14;122.77;124.72;131.87;134.69;136.45;137.65;139.64;136.48;138.91;137.55;141.97;137.47;132.35;136.44;141.29;133.16;147.80;137.58;133.27;133.63;136.39;132.82;131.37;131.09;129.40;129.35;127.18;129.66;128.78;126.63;126.60;124.96;122.44,HALAL,"Business activity permissible — debt ratio not verified, cross-check Musaffa/Zoya",
SMP,AUTO,AUTO/TRUCK-REPLACEMENT PARTS,35,36.77000045776367,0.02731087354359585,34.91;34.33;35.10;36.04;35.20;34.15;34.95;34.83;37.08;37.10;36.07;37.23;37.43;37.43;37.24;36.27;37.86;38.45;38.67;38.34;37.66;36.69;35.80;37.32;37.81;40.25;38.38;38.53;38.90;38.98;38.83;38.69;37.87;38.57;39.10;40.29;38.64;37.61;37.12;36.81;37.32;37.74;38.26;38.00;37.77;38.61;40.17;37.91;40.76;39.00;39.29;38.94;38.94;38.90;38.22;37.52;37.11;37.01;37.71;39.29;39.46;38.46;38.25;37.50;36.77,HALAL,"Business activity permissible — debt ratio not verified, cross-check Musaffa/Zoya",
HSBC,BANKS,BANKS-FOREIGN,85,101.83000183105469,0.3158813332348751,80.07;78.64;79.01;80.38;78.38;81.64;83.54;84.27;89.34;90.04;89.99;91.21;89.71;88.72;89.03;88.36;91.00;86.50;88.05;89.62;89.70;87.96;88.04;91.61;93.29;92.50;92.73;93.19;90.36;88.91;90.28;92.47;94.77;96.05;93.40;93.30;94.63;96.31;96.93;97.55;97.62;99.98;100.13;100.63;101.26;103.47;102.11;105.91;105.53;102.07;102.82;103.62;103.79;103.18;102.33;104.09;103.65;103.53;103.40;106.46;106.26;103.70;103.94;100.84;101.83,HARAM,Group classification: BANKS-FOREIGN,
BCS,BANKS,BANKS-FOREIGN,61,24.8700008392334,0.22859499003624895,20.91;20.57;20.45;20.91;20.02;20.92;21.56;21.67;23.14;23.57;23.64;24.03;23.15;22.52;22.83;22.74;23.17;22.58;23.03;22.91;22.59;22.28;22.38;23.70;24.26;24.07;24.25;24.42;24.00;24.05;24.48;25.36;26.04;26.99;26.30;26.42;26.56;27.46;27.11;26.94;26.99;28.04;27.51;27.62;27.35;28.24;25.76;27.19;27.71;27.87;27.98;28.04;28.14;27.37;26.49;26.97;27.13;26.86;26.15;26.90;26.80;26.21;25.86;25.34;24.87,HARAM,Group classification: BANKS-FOREIGN,
MUFG,BANKS,BANKS-FOREIGN,86,23.1299991607666,0.40779054967395134,16.84;16.90;16.66;16.96;16.33;16.97;17.48;17.64;18.15;18.23;18.45;18.51;17.53;17.22;17.44;17.44;17.69;17.76;18.00;18.19;18.61;18.84;19.45;19.38;19.33;18.82;18.89;19.45;19.91;19.83;20.08;20.18;20.75;20.86;19.81;20.16;19.89;20.61;21.29;21.25;21.94;22.77;21.32;22.12;22.62;23.10;21.94;22.45;21.83;22.52;22.24;22.76;23.06;22.72;21.56;21.96;22.44;22.90;22.83;24.13;23.60;23.29;23.89;23.18;23.13,HARAM,Group classification: BANKS-FOREIGN,
SMFG,BANKS,BANKS-FOREIGN,,,,,HARAM,Group classification: BANKS-FOREIGN,
ITUB,BANKS,BANKS-FOREIGN,64,8.199999809265137,0.04853991606630115,7.98;7.96;8.05;8.12;7.78;8.28;8.25;8.30;8.91;9.07;9.29;9.28;8.99;8.71;8.70;8.44;8.52;8.48;8.09;8.09;7.77;7.76;7.60;7.91;7.85;7.80;7.71;7.51;7.46;7.45;7.83;7.87;7.89;7.92;7.87;8.22;8.16;8.11;8.22;8.27;8.46;8.44;8.19;8.39;8.34;8.36;8.14;8.45;8.19;8.18;7.88;7.40;7.40;7.27;7.17;7.52;7.61;7.50;7.68;8.22;8.31;8.30;8.23;8.29;8.20,HARAM,Group classification: BANKS-FOREIGN,
BSAC,BANKS,BANKS-FOREIGN,68,33.84000015258789,0.1623704201039391,30.02;30.65;30.58;30.92;30.05;31.82;31.63;31.55;33.20;33.65;33.86;34.36;32.54;31.86;31.84;30.58;31.33;30.36;30.53;29.79;29.97;30.18;30.23;31.51;32.09;31.80;30.98;30.25;30.02;31.40;32.42;33.18;32.82;32.88;31.46;32.12;32.93;32.66;33.70;33.43;33.56;33.72;32.83;34.03;33.74;34.46;34.20;34.61;34.73;35.70;35.48;34.01;34.55;34.44;34.57;36.10;35.31;35.14;34.87;35.86;35.55;35.27;34.75;34.15;33.84,HARAM,Group classification: BANKS-FOREIGN,
BBVA,BANKS,BANKS-FOREIGN,87,28.360000610351562,0.43008470011787847,20.25;20.31;20.79;20.84;19.80;21.00;21.26;21.55;22.70;23.42;23.31;23.85;22.47;21.62;22.01;21.29;22.00;21.39;21.87;21.94;21.80;21.89;21.63;22.71;23.25;23.13;23.17;22.65;22.22;22.53;23.15;23.83;24.47;24.85;24.16;24.37;25.06;25.60;26.07;25.36;25.39;25.54;25.14;25.66;25.31;26.59;25.66;27.95;28.12;28.14;28.35;28.50;28.70;28.79;28.63;29.21;29.03;29.00;28.64;29.64;29.29;28.84;29.10;28.10;28.36,HARAM,Group classification: BANKS-FOREIGN,
SAN,BANKS,BANKS-FOREIGN,80,14.3100004196167,0.3450723738024539,10.87;10.81;11.01;11.05;10.52;11.14;11.27;11.28;12.03;12.17;12.34;12.72;12.18;11.75;11.85;11.83;11.92;11.88;12.18;12.13;11.94;11.74;11.78;12.33;12.49;12.41;12.34;12.16;12.15;12.27;12.56;13.14;13.33;13.71;13.37;13.39;13.80;13.95;14.19;13.79;13.66;13.82;13.55;13.65;13.21;13.99;13.38;14.10;14.47;14.65;14.69;14.82;14.76;14.24;14.21;14.72;14.70;14.67;14.38;15.05;14.86;14.63;14.74;14.40;14.31,HARAM,Group classification: BANKS-FOREIGN,
DB,BANKS,BANKS-FOREIGN,67,37.97999954223633,0.3592918519932329,28.92;28.37;28.24;28.68;27.37;28.73;28.72;29.08;31.39;31.60;32.33;32.50;31.42;30.29;30.80;29.59;30.02;29.56;30.37;30.65;30.74;29.81;29.88;31.74;32.31;31.94;32.19;31.26;31.51;31.90;32.21;34.50;35.05;36.09;34.00;33.53;33.76;35.86;36.64;35.40;35.24;36.56;35.20;35.37;34.14;35.50;35.47;36.70;37.47;37.63;38.27;38.51;38.56;38.09;37.56;38.42;40.23;40.36;39.58;41.56;41.06;40.35;39.37;38.36;37.98,HARAM,Group classification: BANKS-FOREIGN,
ING,BANKS,BANKS-FOREIGN,89,36.400001525878906,0.48971330326702733,24.96;24.84;24.60;24.65;23.74;24.94;25.43;25.75;27.42;27.94;28.26;28.49;28.12;27.36;27.71;27.30;28.18;28.05;29.40;29.71;29.30;29.04;28.86;30.27;30.92;30.44;30.44;30.04;29.29;28.89;29.30;30.04;30.84;31.79;30.65;30.38;30.98;31.69;31.83;32.08;31.89;32.88;31.92;32.68;32.02;33.06;32.09;34.48;34.89;35.25;35.24;35.61;35.70;35.49;34.50;35.03;35.57;35.24;35.25;37.09;37.16;36.67;36.96;36.36;36.40,HARAM,Group classification: BANKS-FOREIGN,
FITB,BANKS,BANKS-MIDWEST,64,52.90999984741211,0.2388647850325547,43.52;42.96;44.65;45.08;43.83;46.13;46.78;47.45;49.87;49.49;49.49;49.99;50.74;50.53;49.98;49.44;50.07;49.95;49.32;48.31;46.84;47.02;47.26;48.81;49.47;49.53;48.22;49.14;51.64;52.34;53.04;52.63;52.21;53.23;54.57;55.91;56.37;57.16;57.92;56.54;57.18;57.94;58.01;57.66;57.15;57.00;56.57;56.50;57.77;56.96;57.13;58.01;58.06;57.29;54.50;54.90;55.10;54.54;53.01;54.97;54.51;54.43;54.38;52.41;52.91,HARAM,Group classification: BANKS-MIDWEST,
HBAN,BANKS,BANKS-MIDWEST,34,15.880000114440918,0.07472568056417561,14.95;14.89;15.00;15.25;14.80;15.36;15.50;15.58;16.28;16.31;16.36;16.54;16.65;16.52;16.22;16.01;16.32;16.10;15.89;15.66;15.06;15.12;15.17;15.55;15.76;15.82;15.53;15.63;16.21;16.51;16.89;16.89;16.68;16.88;17.41;17.62;17.56;17.69;17.83;17.59;17.75;17.94;18.07;17.99;17.23;16.99;16.68;16.87;17.39;17.19;17.43;17.69;17.73;17.49;16.84;16.87;16.87;16.75;16.26;16.89;16.60;16.57;16.61;15.66;15.88,HARAM,Group classification: BANKS-MIDWEST,
KEY,BANKS,BANKS-MIDWEST,51,20.809999465942383,0.12261459011788522,18.73;18.91;19.27;19.62;19.08;19.66;20.08;20.22;21.23;21.30;21.16;21.38;21.68;21.59;21.49;21.25;21.45;21.45;21.27;20.90;20.35;20.64;20.52;21.08;21.35;20.93;20.50;20.68;21.55;21.89;22.12;22.21;22.39;22.61;22.90;23.04;22.83;22.80;23.15;22.88;23.00;23.31;23.33;22.73;22.50;22.30;21.97;22.38;22.88;22.45;22.46;22.67;23.09;22.57;21.64;21.66;21.88;21.70;21.21;22.12;21.79;21.73;21.93;20.72;20.81,HARAM,Group classification: BANKS-MIDWEST,
CFG,BANKS,BANKS-MIDWEST,69,67.04000091552734,0.2214359470709566,56.32;56.28;57.19;58.62;57.00;59.16;60.16;60.77;64.09;63.88;64.31;63.58;64.42;64.29;63.90;63.53;64.00;63.94;63.81;61.76;60.04;60.47;60.93;62.38;63.24;62.01;60.39;61.13;63.57;65.25;66.08;66.22;66.35;67.55;69.01;69.95;69.62;70.52;71.32;69.41;69.91;70.66;71.92;71.54;71.34;70.64;70.85;71.65;73.68;72.43;72.67;73.91;74.73;73.46;69.71;70.23;70.49;69.71;68.16;70.83;69.99;69.63;70.54;66.84;67.04,HARAM,Group classification: BANKS-MIDWEST,
CMA,BANKS,BANKS-MIDWEST,,,,,HARAM,Group classification: BANKS-MIDWEST,
FCNCA,BANKS,BANKS-MIDWEST,57,2111.889892578125,0.19687624785572888,1784.70;1799.62;1852.81;1871.14;1832.00;1880.89;1902.81;1917.12;1994.29;1996.81;1983.03;2026.10;2049.79;1972.41;1969.58;1968.46;1981.42;1998.13;1949.51;1916.10;1905.71;1924.53;1922.88;1985.50;1992.92;2005.01;1937.85;1953.21;2073.11;2098.67;2114.98;2066.77;2087.82;2082.99;2115.26;2076.94;2078.80;2081.00;2090.43;2081.01;2104.04;2068.64;2120.10;2069.18;2210.65;2135.31;2169.81;2184.56;2249.66;2235.37;2231.21;2269.14;2289.14;2205.56;2149.17;2180.96;2175.14;2191.97;2141.16;2203.43;2149.93;2165.43;2173.88;2099.57;2111.89,HARAM,Group classification: BANKS-MIDWEST,
ONB,BANKS,BANKS-MIDWEST,60,25.270000457763672,0.18858609946984983,21.19;20.97;21.30;21.52;21.18;21.84;21.94;22.25;23.37;23.34;23.09;23.68;23.49;23.71;23.47;23.28;23.79;23.87;23.90;23.88;23.17;23.02;22.88;23.54;23.98;23.72;23.10;23.04;23.83;24.14;24.55;24.62;24.47;24.87;25.51;25.74;25.76;25.85;26.28;26.02;26.18;26.23;26.59;26.02;25.96;26.26;26.53;26.49;27.00;26.52;26.37;26.93;27.02;26.51;25.69;25.63;25.64;25.71;25.04;25.83;25.61;25.60;25.86;25.31;25.27,HARAM,Group classification: BANKS-MIDWEST,
JPM,BANKS,BANKS-NORTHEAST,66,349.6700134277344,0.2455645600063745,284.15;285.22;287.14;292.60;280.14;291.35;291.79;296.07;308.94;312.27;304.56;308.90;311.60;310.29;310.23;307.86;311.07;308.01;304.90;298.65;298.90;296.47;294.37;301.64;305.36;295.40;295.25;299.50;310.97;311.30;312.08;317.97;331.96;329.99;331.95;327.57;325.86;332.97;339.22;335.47;334.53;346.91;341.10;345.23;349.90;356.20;344.71;351.79;357.52;356.30;359.79;365.18;362.84;363.25;351.55;356.39;356.50;357.62;354.95;362.06;353.51;353.56;350.13;348.92;349.67,HARAM,Group classification: BANKS-NORTHEAST,
MTB,BANKS,BANKS-NORTHEAST,61,227.30999755859375,0.17383023865405534,197.46;193.63;197.99;202.03;198.26;203.97;207.36;209.29;220.02;218.35;214.21;215.88;215.99;216.78;215.02;212.67;213.56;212.61;210.19;205.21;201.36;202.17;203.81;209.50;212.37;211.46;210.26;212.66;221.01;223.98;226.36;224.49;224.40;226.27;231.76;235.74;236.48;237.35;238.21;236.41;240.99;246.94;247.64;247.07;244.39;246.69;248.72;244.71;251.44;248.54;249.52;251.92;252.46;249.89;236.72;240.24;239.99;235.77;232.02;240.06;238.44;239.02;237.82;226.01;227.31,HARAM,Group classification: BANKS-NORTHEAST,
BPOP,BANKS,BANKS-NORTHEAST,75,162.02999877929688,0.2629761703417248,129.33;129.49;130.38;132.04;128.66;132.77;135.38;140.16;145.29;144.87;143.44;145.37;147.05;147.71;149.05;146.11;147.79;146.82;147.28;145.42;141.57;142.54;144.37;147.90;150.53;148.14;146.97;147.32;152.23;155.15;157.94;158.44;157.86;161.84;164.75;164.88;163.28;166.35;167.04;168.47;167.79;170.08;170.81;171.33;169.95;170.47;171.28;174.25;174.83;175.18;173.01;175.22;176.90;174.64;167.30;167.51;168.82;168.82;166.32;170.39;166.67;163.96;165.68;160.96;162.03,HARAM,Group classification: BANKS-NORTHEAST,
STBA,BANKS,BANKS-NORTHEAST,74,50.16999816894531,0.26785999188871235,39.33;39.51;40.31;40.53;40.30;41.18;41.84;42.44;43.85;43.20;42.99;43.46;42.76;42.86;43.38;43.08;43.59;44.07;43.83;43.34;43.04;42.99;43.83;44.65;45.01;44.59;44.02;43.75;45.27;46.17;46.80;46.92;46.21;46.97;48.22;48.90;48.72;48.77;48.41;48.50;48.53;48.97;49.61;49.50;50.61;51.75;52.57;51.77;52.30;51.28;50.41;51.10;50.77;50.75;50.20;50.25;49.86;49.79;49.20;50.11;49.95;50.13;50.53;49.86;50.17,HARAM,Group classification: BANKS-NORTHEAST,
TFC,BANKS,BANKS-SOUTHEAST,53,48.560001373291016,0.13071773682231136,43.69;43.00;43.96;44.47;43.63;45.04;46.21;46.87;49.46;49.00;48.59;49.55;50.04;50.36;50.20;49.63;49.90;48.94;48.74;47.50;46.08;46.50;46.31;47.42;48.20;47.33;46.41;46.95;48.72;48.94;50.18;48.00;47.70;48.28;49.30;49.99;49.33;50.48;50.86;50.87;51.44;52.28;51.98;50.88;50.70;51.61;51.80;51.33;52.14;52.07;51.35;52.15;53.10;52.41;50.23;50.81;50.67;50.43;49.44;51.61;50.55;50.33;50.10;48.44;48.56,HARAM,Group classification: BANKS-SOUTHEAST,
RF,BANKS,BANKS-SOUTHEAST,56,28.5,0.1625646931169924,24.96;24.72;24.97;25.26;24.67;25.61;25.96;26.09;27.60;27.29;27.31;27.58;27.80;27.85;27.71;27.47;27.64;27.50;27.41;26.31;26.11;26.14;26.32;27.17;27.70;27.29;27.07;27.12;28.25;28.31;28.60;28.31;28.36;28.46;29.19;29.76;29.90;29.98;30.28;30.27;30.76;31.16;31.33;30.51;30.35;30.43;30.63;30.64;31.63;31.07;31.14;31.28;31.58;31.38;29.92;30.32;30.39;30.03;29.29;30.44;30.07;29.95;30.03;28.47;28.50,HARAM,Group classification: BANKS-SOUTHEAST,
SNV,BANKS,BANKS-SOUTHEAST,,,,,HARAM,Group classification: BANKS-SOUTHEAST,
FHN,BANKS,BANKS-SOUTHEAST,52,23.940000534057617,0.11640355507073985,21.54;21.43;22.10;22.42;21.83;22.45;22.86;22.86;24.10;23.98;23.84;23.96;24.33;24.37;24.28;24.08;24.55;24.44;24.14;23.71;23.11;23.25;23.27;23.77;24.06;23.89;23.30;23.31;23.83;24.40;24.65;24.56;24.56;24.64;25.11;25.40;25.46;25.50;25.58;25.51;25.64;24.77;25.62;25.33;25.34;25.31;25.59;25.46;25.91;25.31;25.06;25.70;26.04;25.64;24.51;24.36;24.40;24.48;23.87;24.79;24.50;24.59;24.32;23.93;23.94,HARAM,Group classification: BANKS-SOUTHEAST,
CADE,BANKS,BANKS-SOUTHEAST,,,,,HARAM,Group classification: BANKS-SOUTHEAST,
BAC,BANKS,BANKS-SUPER REGIONAL,62,57.72999954223633,0.24841658462719773,46.80;46.53;47.03;48.25;46.49;48.25;48.88;49.77;52.17;52.80;53.76;53.36;52.93;51.93;52.09;52.34;52.70;52.58;52.21;50.03;49.33;49.26;50.18;50.96;51.67;50.25;50.98;51.86;53.56;54.14;54.88;55.59;56.24;57.08;57.44;57.59;56.69;58.43;59.56;58.95;59.20;61.28;60.96;60.91;60.97;61.81;60.76;61.64;62.58;62.68;63.54;64.48;64.16;63.90;61.55;62.01;61.91;62.00;61.68;62.72;62.39;62.56;59.47;57.90;57.73,HARAM,Group classification: BANKS-SUPER REGIONAL,
WFC,BANKS,BANKS-SUPER REGIONAL,54,86.12000274658203,0.17556843839095126,75.36;75.52;77.39;79.35;76.31;78.71;79.68;80.82;85.04;85.66;79.38;80.49;80.62;79.60;79.64;80.58;79.89;78.98;78.26;73.16;73.11;73.00;74.12;75.49;77.08;76.21;76.73;78.23;81.47;81.53;81.93;82.67;83.33;83.36;83.82;83.38;82.17;85.02;86.68;86.41;87.17;87.01;87.01;87.24;85.70;86.77;83.39;85.96;87.89;87.09;87.52;88.93;88.82;87.40;83.70;84.72;85.23;86.69;87.04;89.19;87.96;89.45;88.71;87.05;86.12,HARAM,Group classification: BANKS-SUPER REGIONAL,
USB,BANKS,BANKS-SUPER REGIONAL,67,60.060001373291016,0.19998971069523686,50.62;50.34;50.56;50.92;49.90;51.57;52.50;53.24;55.85;56.03;55.89;56.45;56.36;56.15;55.50;55.69;55.82;55.13;54.84;54.03;52.29;52.67;52.85;54.10;54.75;53.99;53.10;52.69;55.22;55.54;57.14;57.30;57.42;58.18;59.60;60.39;60.40;61.73;62.89;61.90;62.34;63.01;63.14;63.71;63.33;63.49;62.82;63.01;64.23;63.81;64.19;65.02;65.42;64.79;61.78;62.42;62.80;62.47;61.21;63.53;62.49;62.41;62.68;59.73;60.06,HARAM,Group classification: BANKS-SUPER REGIONAL,
PNC,BANKS,BANKS-SUPER REGIONAL,62,233.1699981689453,0.17751917423860175,200.76;198.92;200.77;202.76;199.26;204.87;208.42;210.61;219.78;219.55;220.30;223.03;226.25;223.31;219.58;216.98;218.96;219.88;217.56;212.89;208.20;211.16;211.58;216.64;219.06;218.04;214.36;216.54;226.56;230.34;232.09;228.74;231.29;232.85;238.02;243.05;244.27;247.52;252.00;248.93;250.85;252.14;250.86;250.38;249.26;249.64;248.49;249.87;254.14;252.76;251.76;255.46;256.97;254.28;241.62;243.68;244.67;242.22;237.49;245.18;242.91;242.98;242.72;231.49;233.17,HARAM,Group classification: BANKS-SUPER REGIONAL,
C,BANKS,BANKS-SUPER REGIONAL,67,131.77000427246094,0.259025838471157,106.66;108.78;110.55;113.36;106.33;112.31;114.13;115.99;123.70;125.05;130.41;130.89;130.40;127.26;127.88;126.37;126.20;127.36;128.44;125.21;123.47;122.80;119.36;124.59;126.22;124.05;128.44;129.27;131.80;134.05;137.37;140.50;143.05;144.93;142.86;141.04;139.25;139.26;140.06;138.86;140.00;134.21;128.71;132.17;131.21;132.43;126.49;131.78;136.87;133.82;135.22;137.58;139.33;137.65;129.67;131.72;133.56;132.90;132.54;138.14;136.74;138.50;136.18;132.95;131.77,HARAM,Group classification: BANKS-SUPER REGIONAL,
ZION,BANKS,BANKS-WEST/SOUTHWEST,63,65.2300033569336,0.24609296405969272,53.25;53.51;54.27;56.39;54.62;56.80;57.31;58.25;60.89;60.66;60.97;61.84;61.14;61.74;61.72;61.69;62.36;62.24;61.84;59.94;58.79;59.23;59.82;61.38;62.32;61.82;60.67;60.35;62.81;64.40;66.00;65.83;65.71;66.67;67.84;68.68;68.73;68.89;70.22;69.55;69.89;71.07;71.79;68.59;68.70;68.06;68.46;69.23;71.29;70.11;70.15;71.44;72.20;70.93;67.89;67.87;68.32;67.78;66.36;69.31;68.37;68.29;69.18;65.47;65.23,HARAM,Group classification: BANKS-WEST/SOUTHWEST,
CFR,BANKS,BANKS-WEST/SOUTHWEST,75,159.8000030517578,0.22643924304655116,128.55;129.16;131.75;133.45;131.84;135.18;136.65;138.29;142.95;141.10;140.04;141.34;140.79;142.88;141.57;140.82;138.41;138.54;136.64;133.77;132.78;132.83;136.31;137.08;137.60;134.37;131.94;133.42;139.27;142.77;145.18;144.12;144.62;148.44;149.94;154.32;153.54;153.87;156.29;154.16;156.89;157.56;160.62;161.40;160.43;162.84;165.87;165.28;167.19;163.71;164.59;166.94;169.00;166.26;163.76;163.34;162.23;160.66;158.32;162.73;163.61;162.66;163.39;159.44;159.80,HARAM,Group classification: BANKS-WEST/SOUTHWEST,
WAL,BANKS,BANKS-WEST/SOUTHWEST,37,78.54000091552734,0.16795697853612523,67.43;66.63;68.40;69.99;67.08;70.09;71.30;71.19;75.93;76.30;77.67;78.54;77.00;79.08;80.12;78.82;79.94;80.99;81.43;76.13;74.17;74.04;75.72;78.13;79.18;78.24;78.00;77.35;79.74;81.48;81.90;81.39;78.03;78.36;79.88;81.63;81.78;81.13;81.40;79.60;80.08;81.37;81.88;80.09;82.55;82.34;80.29;80.08;83.90;80.92;80.07;82.20;82.32;80.75;79.15;78.39;79.60;78.53;77.26;81.00;79.94;79.28;79.18;77.80;78.54,HARAM,Group classification: BANKS-WEST/SOUTHWEST,
PB,BANKS,BANKS-WEST/SOUTHWEST,49,70.0199966430664,0.1076604768510867,63.49;63.19;64.89;65.10;64.28;66.07;65.91;66.20;68.45;68.03;67.97;68.89;68.45;68.48;68.33;67.69;68.18;68.40;68.27;67.32;65.19;65.40;66.78;67.97;68.69;68.16;66.29;66.43;68.21;69.31;70.35;70.56;70.19;70.97;71.99;73.74;72.42;70.31;71.41;70.90;72.07;71.88;72.87;72.55;72.07;71.93;73.61;74.24;74.26;73.46;72.72;73.84;74.42;73.71;71.97;72.14;72.47;71.69;70.11;71.81;71.19;70.89;70.90;70.34;70.02,HARAM,Group classification: BANKS-WEST/SOUTHWEST,
BOKF,BANKS,BANKS-WEST/SOUTHWEST,58,132.75,0.07238235512185631,123.70;124.53;124.87;124.59;123.45;126.88;127.40;129.77;134.47;133.96;133.74;136.85;132.90;132.72;131.84;131.04;132.28;133.52;132.22;128.69;126.38;125.81;126.43;129.16;131.85;128.48;124.28;124.85;128.66;130.29;131.63;131.48;130.27;132.30;136.42;138.50;138.28;138.68;139.82;137.29;137.46;138.72;140.63;139.37;140.61;140.52;140.52;140.68;144.06;143.84;142.54;144.15;145.44;144.39;139.84;140.46;138.36;137.48;133.60;137.35;135.72;135.21;136.36;132.82;132.75,HARAM,Group classification: BANKS-WEST/SOUTHWEST,
GBCI,BANKS,BANKS-WEST/SOUTHWEST,34,44.66999816894531,0.041274494573844356,42.97;42.34;43.72;44.03;42.89;44.07;44.89;45.85;47.91;48.34;47.45;48.63;48.74;49.06;49.09;47.84;48.77;48.36;48.48;46.93;45.83;45.27;46.51;47.50;48.30;47.45;46.06;45.72;46.85;47.49;48.50;49.02;47.85;48.62;50.01;51.71;51.26;51.45;51.97;51.33;51.76;52.71;53.57;52.26;50.65;49.00;48.81;49.29;50.95;48.50;48.76;49.18;49.93;48.97;47.25;46.77;47.18;46.88;45.34;46.36;46.23;45.93;45.75;44.94;44.67,HARAM,Group classification: BANKS-WEST/SOUTHWEST,
NYCB,BANKS,SAVINGS & LOAN,,,,,HARAM,Group classification: SAVINGS & LOAN,
TFSL,BANKS,SAVINGS & LOAN,76,16.899999618530273,0.29620496748028247,13.08;12.96;13.10;13.22;13.13;13.56;13.80;13.83;14.41;14.24;14.11;14.47;14.29;14.22;14.44;14.21;14.50;14.50;14.52;14.35;14.43;14.78;14.90;15.31;15.44;15.27;15.11;15.31;15.85;16.11;16.49;16.21;15.97;16.31;16.73;17.17;17.40;17.51;17.45;17.26;17.34;17.53;17.95;18.01;17.83;17.75;17.88;18.07;18.27;17.53;16.90;17.13;17.32;17.23;17.18;17.33;17.59;17.21;17.06;17.18;17.07;17.08;17.11;16.78;16.90,HARAM,Group classification: SAVINGS & LOAN,
CFFN,BANKS,SAVINGS & LOAN,80,8.899999618530273,0.31293469130757723,6.85;6.90;6.98;6.98;6.78;6.98;7.10;7.27;7.50;7.47;7.43;7.55;7.40;7.59;7.72;7.40;7.60;7.71;7.75;7.70;7.51;7.45;7.56;7.72;7.78;7.73;7.62;7.55;7.78;7.88;8.07;8.04;7.93;8.11;8.31;8.40;8.43;8.37;8.29;8.40;8.41;8.57;8.54;8.52;8.47;8.56;8.67;8.76;9.10;8.90;8.77;8.88;8.73;8.64;8.49;8.53;8.66;8.66;8.55;8.80;8.80;8.80;8.91;8.86;8.90,HARAM,Group classification: SAVINGS & LOAN,
WAFD,BANKS,SAVINGS & LOAN,36,32.38999938964844,0.059304752206275735,30.52;30.61;31.19;31.08;30.59;30.93;31.34;31.40;32.67;32.24;32.00;34.71;34.45;34.89;34.97;34.54;34.93;34.98;35.14;34.94;34.07;33.81;34.35;34.92;35.70;35.33;34.74;34.31;35.31;35.84;36.30;36.32;35.94;36.53;37.46;37.67;38.09;38.06;37.37;37.49;37.81;38.11;37.84;36.81;36.45;36.16;36.37;36.50;37.39;37.19;37.05;37.48;37.66;37.18;36.38;36.29;36.22;36.09;35.38;35.98;34.28;34.10;33.61;32.79;32.39,HARAM,Group classification: SAVINGS & LOAN,
CARR,BUILDING,BUILDING-A/C & HEATING,18,53.880001068115234,-0.024863284418807807,56.57;58.55;57.88;58.83;53.86;55.91;55.31;55.05;61.02;63.86;58.13;60.88;61.27;61.10;61.47;61.30;67.14;63.95;66.98;65.64;65.34;64.44;61.22;61.96;64.66;63.58;64.88;67.34;66.92;70.98;69.49;70.88;69.24;71.59;73.79;73.33;73.09;69.82;68.42;67.57;68.36;68.49;68.44;66.69;69.15;69.33;59.92;61.81;65.69;63.96;63.44;63.08;62.78;61.42;60.15;59.97;58.74;58.79;57.25;59.08;59.11;56.64;57.26;54.26;53.88,HALAL,"Business activity permissible — debt ratio not verified, cross-check Musaffa/Zoya",
TT,BUILDING,BUILDING-A/C & HEATING,38,429.1099853515625,0.020597803893856126,423.40;421.08;422.98;432.00;408.34;414.82;425.10;429.86;457.99;470.76;460.42;473.91;476.91;483.29;483.66;477.16;484.23;475.25;467.64;474.30;468.85;464.45;445.94;445.57;459.30;450.17;446.40;463.69;455.76;469.65;459.05;471.43;471.40;490.43;482.01;476.76;490.00;477.00;474.62;470.89;478.77;479.07;468.87;468.78;478.58;482.20;445.75;453.88;471.13;477.53;475.86;477.42;479.07;462.28;450.04;451.89;462.31;447.90;439.11;444.14;446.00;439.83;426.01;421.68;429.11,HALAL,"Business activity permissible — debt ratio not verified, cross-check Musaffa/Zoya",
LII,BUILDING,BUILDING-A/C & HEATING,5,359.2300109863281,-0.24910928102602248,484.39;474.68;474.43;479.12;435.54;463.02;453.55;449.57;487.51;516.64;483.13;485.95;491.51;492.49;501.04;516.38;525.07;520.95;525.35;520.23;506.29;498.79;481.54;479.36;501.36;495.83;495.58;514.07;507.21;527.78;515.79;522.92;514.88;534.76;550.43;562.52;572.95;570.03;556.93;537.50;551.18;548.67;543.93;529.88;537.89;547.35;430.02;415.88;446.74;435.73;423.28;420.91;422.01;411.05;406.05;399.10;393.72;393.39;377.25;386.08;385.18;372.62;365.51;361.04;359.23,HALAL,"Business activity permissible — debt ratio not verified, cross-check Musaffa/Zoya",
WSO,BUILDING,BUILDING-A/C & HEATING,15,311.7699890136719,-0.13959594167994616,375.63;376.85;378.96;361.13;341.51;357.83;364.24;375.44;397.26;409.45;409.15;426.59;436.65;433.76;452.97;424.86;424.92;417.10;425.58;421.13;414.42;399.71;383.52;375.14;378.84;362.31;356.41;365.22;368.22;382.82;381.05;381.53;381.10;393.78;397.56;407.24;413.18;401.26;386.12;374.51;390.35;383.94;371.91;372.96;359.85;364.37;320.02;309.30;335.07;321.02;326.71;309.41;313.06;313.65;314.45;310.80;314.39;310.76;314.98;315.38;316.02;310.90;311.58;304.20;311.77,HALAL,"Business activity permissible — debt ratio not verified, cross-check Musaffa/Zoya",
AAON,BUILDING,BUILDING-A/C & HEATING,11,76.76000213623047,-0.08213385020218245,79.24;79.89;80.13;87.66;81.32;82.59;81.20;80.72;90.59;93.36;92.42;93.79;95.55;98.51;91.46;86.30;93.40;93.47;128.99;141.42;135.10;135.22;130.01;132.13;140.84;141.98;138.39;147.96;132.45;129.49;128.48;131.09;133.19;135.99;131.43;126.62;126.70;107.48;109.80;110.11;112.05;112.96;111.28;105.47;107.54;100.89;84.76;88.95;95.43;90.16;89.13;85.12;87.69;81.95;80.74;76.00;79.68;75.77;75.25;77.88;79.40;76.52;75.54;75.56;76.76,HALAL,"Business activity permissible — debt ratio not verified, cross-check Musaffa/Zoya",
VMC,BUILDING,BUILDING-CEMENT/CONCRETE,14,240.8300018310547,-0.08915256577010267,264.44;256.03;262.74;268.50;260.46;271.26;278.81;276.78;291.90;296.01;290.13;290.59;289.61;291.59;290.20;294.94;296.18;290.39;287.82;281.62;273.49;266.80;258.46;261.07;268.44;276.24;281.04;284.77;280.86;278.48;279.67;292.45;294.27;303.83;306.72;310.77;294.46;302.63;299.34;288.19;292.24;288.57;287.80;276.24;274.42;283.96;283.39;268.07;284.57;281.11;284.81;279.86;282.00;271.65;270.67;275.94;273.74;274.51;259.69;260.23;258.30;250.60;250.54;244.30;240.83,HALAL,"Business activity permissible — debt ratio not verified, cross-check Musaffa/Zoya",
MLM,BUILDING,BUILDING-CEMENT/CONCRETE,12,490.6400146484375,-0.15693675278931563,580.73;565.74;575.83;587.63;569.20;586.89;595.36;592.62;623.60;633.36;615.06;620.13;612.62;617.01;607.89;610.98;612.62;604.25;598.66;584.20;575.03;556.96;531.03;536.33;559.22;573.39;570.04;582.21;574.90;571.32;564.62;587.94;590.12;608.89;615.62;615.06;575.77;598.45;593.21;570.97;568.43;568.40;561.68;546.44;545.98;571.10;568.74;524.29;554.92;537.41;548.65;543.02;547.04;521.96;524.42;532.25;531.32;530.19;504.92;508.94;511.98;502.47;500.92;496.76;490.64,HALAL,"Business activity permissible — debt ratio not verified, cross-check Musaffa/Zoya",
EXP,BUILDING,BUILDING-CEMENT/CONCRETE,13,176.82000732421875,-0.04808823313175026,188.03;176.55;182.00;186.22;181.86;188.97;187.49;184.68;196.79;201.32;196.61;200.77;205.23;207.88;209.36;204.05;210.29;209.20;211.18;204.42;198.86;194.17;199.38;198.63;206.04;218.41;220.46;217.94;212.19;216.83;216.52;217.67;212.95;223.20;233.33;233.51;224.70;219.85;212.73;205.34;204.86;206.25;205.65;204.73;206.83;216.40;209.63;204.66;215.70;211.05;210.70;210.70;208.24;200.19;202.65;203.97;199.81;197.29;191.27;193.32;190.32;183.52;182.67;179.44;176.82,HALAL,"Business activity permissible — debt ratio not verified, cross-check Musaffa/Zoya",
SUM,BUILDING,BUILDING-CEMENT/CONCRETE,,,,,HALAL,"Business activity permissible — debt ratio not verified, cross-check Musaffa/Zoya",
CX,BUILDING,BUILDING-CEMENT/CONCRETE,23,10.0600004196167,-0.028425664905117776,10.50;10.24;10.57;11.27;10.69;11.38;11.17;11.25;11.85;11.83;11.81;11.91;11.73;12.44;12.17;12.10;12.18;12.80;13.07;13.22;13.18;12.49;12.20;12.52;13.03;12.99;13.03;12.83;12.40;12.02;12.63;12.82;12.56;12.54;11.98;12.24;11.96;12.25;12.07;12.33;12.41;13.03;12.93;12.66;12.22;12.16;11.67;11.78;11.58;11.27;11.27;11.21;11.03;10.63;10.57;11.00;10.95;10.84;10.42;10.84;10.94;10.63;10.42;10.16;10.06,HALAL,"Business activity permissible — debt ratio not verified, cross-check Musaffa/Zoya",
MAS,BUILDING,BUILDING-CONSTRUCTION PRODUCTS,38,68.05999755859375,0.11647894543279813,61.19;59.18;59.53;60.96;58.96;59.82;58.58;58.56;62.84;63.72;62.59;65.97;66.15;74.71;73.56;70.61;70.59;69.77;71.27;69.95;66.87;64.55;63.88;66.54;68.60;70.38;68.68;69.26;69.11;72.03;73.43;74.01;72.30;73.26;77.71;79.62;81.01;82.41;78.99;76.31;75.85;77.70;78.31;76.48;77.00;80.81;72.24;71.17;76.74;75.14;74.39;74.31;74.01;73.06;73.01;73.21;73.60;73.25;70.25;71.42;70.93;67.64;69.41;68.28;68.06,HALAL,"Business activity permissible — debt ratio not verified, cross-check Musaffa/Zoya",
FBHS,BUILDING,BUILDING-CONSTRUCTION PRODUCTS,,,,,HALAL,"Business activity permissible — debt ratio not verified, cross-check Musaffa/Zoya",
JELD,BUILDING,BUILDING-CONSTRUCTION PRODUCTS,12,1.7599999904632568,0.18120803973045585,1.42;1.33;1.30;1.24;1.14;1.24;1.10;0.95;1.08;1.13;1.18;1.28;1.25;1.30;1.53;1.43;1.45;1.64;1.69;1.61;1.51;1.47;1.43;1.60;1.80;2.11;1.99;2.05;1.86;1.75;1.79;1.79;1.67;1.66;1.69;1.44;1.50;1.44;1.25;1.24;1.17;1.18;1.17;1.19;1.10;1.16;1.28;1.42;1.81;1.77;1.87;1.89;1.93;1.84;2.08;2.49;2.42;2.53;2.17;2.27;2.19;2.03;2.05;1.91;1.76,HALAL,"Business activity permissible — debt ratio not verified, cross-check Musaffa/Zoya",
AWI,BUILDING,BUILDING-CONSTRUCTION PRODUCTS,27,159.6300048828125,-0.042069504752836995,169.50;164.74;165.16;166.52;161.53;164.15;164.38;165.92;173.66;177.67;175.63;178.81;176.96;178.67;177.06;168.17;167.80;163.73;164.43;159.14;157.75;154.88;152.55;156.86;159.40;160.04;154.88;152.93;154.86;156.16;154.80;156.37;153.61;156.55;157.41;161.86;160.12;158.27;155.07;153.80;155.40;155.61;155.68;151.15;157.76;164.91;174.16;174.34;182.88;183.97;183.35;183.46;182.20;177.15;178.11;178.25;177.78;175.09;168.94;170.84;170.41;162.73;160.23;157.92;159.63,HALAL,"Business activity permissible — debt ratio not verified, cross-check Musaffa/Zoya",
USLM,BUILDING,BUILDING-CONSTRUCTION PRODUCTS,36,113.5,-0.04704298483709923,123.36;118.30;119.88;126.03;123.86;130.47;135.52;131.31;136.09;138.43;133.68;139.31;129.36;132.23;128.35;128.10;109.88;106.34;109.16;109.65;109.23;103.89;102.33;105.77;109.36;111.24;111.16;106.31;104.56;107.40;105.90;110.29;110.31;111.06;107.13;106.29;104.62;107.45;99.81;99.15;103.28;104.73;104.92;107.02;106.44;114.42;112.94;110.24;115.58;116.22;120.25;119.24;117.35;117.85;120.14;120.89;118.09;119.96;115.05;115.83;117.19;115.89;116.43;114.13;113.50,HALAL,"Business activity permissible — debt ratio not verified, cross-check Musaffa/Zoya",
ROCK,BUILDING,BUILDING-CONSTRUCTION PRODUCTS,22,41.4900016784668,0.005330778247222945,41.76;40.03;40.85;41.99;40.39;39.87;38.89;38.47;41.03;41.55;38.07;39.40;38.74;39.88;39.91;37.53;39.20;38.31;37.59;39.24;38.22;35.38;33.82;35.54;37.48;39.23;37.74;37.63;36.97;39.31;39.41;40.48;40.52;40.01;43.20;44.20;45.10;43.92;43.15;42.09;41.29;44.21;43.18;43.59;44.38;45.91;43.10;42.26;48.06;50.78;48.86;49.10;47.88;46.41;46.39;46.27;46.33;45.27;42.86;45.77;47.45;44.52;45.01;44.84;41.49,HALAL,"Business activity permissible — debt ratio not verified, cross-check Musaffa/Zoya",
MTZ,BUILDING,BUILDING-HEAVY CONSTRUCTION,12,214.3800048828125,-0.2607586038523707,304.67;312.72;310.63;323.55;316.01;321.74;336.25;338.19;357.37;365.55;365.07;370.89;371.41;382.88;385.89;370.55;417.41;437.51;412.27;421.37;423.79;414.90;385.00;388.77;390.75;383.33;362.09;369.66;363.89;353.08;358.50;371.85;374.91;406.32;393.14;396.25;416.06;373.43;358.85;384.72;360.21;357.71;329.59;351.40;358.86;336.79;287.42;263.10;271.71;258.63;268.28;281.11;297.59;280.13;271.86;255.36;248.73;241.00;237.74;232.28;246.18;232.20;227.70;225.62;214.38,HALAL,"Business activity permissible — debt ratio not verified, cross-check Musaffa/Zoya",
PWR,BUILDING,BUILDING-HEAVY CONSTRUCTION,74,636.7100219726562,0.13937317888382283,571.44;577.75;567.25;573.30;549.79;548.83;560.54;555.49;581.97;595.75;591.73;601.79;605.80;633.34;637.18;628.50;742.10;771.49;750.62;781.26;773.60;769.87;714.02;716.80;742.07;729.99;687.37;715.56;695.00;691.84;683.19;724.24;714.74;740.03;701.77;687.76;719.93;668.31;656.79;668.17;646.70;648.84;628.53;639.20;653.80;620.28;561.14;667.36;693.00;667.84;660.86;678.02;685.78;696.15;662.47;616.78;616.73;602.70;611.39;620.06;639.05;618.73;622.02;619.28;636.71,HALAL,"Business activity permissible — debt ratio not verified, cross-check Musaffa/Zoya",
EME,BUILDING,BUILDING-HEAVY CONSTRUCTION,52,750.0900268554688,0.057671098087650696,727.81;750.57;743.91;763.98;732.15;737.56;755.53;749.66;799.59;811.39;802.83;805.63;837.58;872.66;884.96;832.94;903.03;932.79;923.58;931.02;922.53;912.64;853.92;848.76;860.97;848.01;830.52;839.11;817.02;827.35;811.11;841.87;827.07;868.43;846.73;797.69;829.45;774.26;767.98;783.01;764.51;769.72;744.16;760.27;769.07;742.75;672.48;797.43;819.88;808.43;809.33;833.40;836.29;824.53;787.39;764.90;763.59;740.17;735.25;741.32;773.16;748.33;749.70;739.46;750.09,HALAL,"Business activity permissible — debt ratio not verified, cross-check Musaffa/Zoya",
FIX,BUILDING,BUILDING-HEAVY CONSTRUCTION,89,1651.3699951171875,0.21059416644585527,1423.16;1443.29;1406.97;1469.30;1365.53;1377.74;1415.90;1423.61;1573.02;1626.33;1647.46;1648.97;1672.64;1772.30;1792.41;1722.57;1865.32;1965.45;1940.25;2031.13;2032.78;1991.71;1824.56;1834.38;1882.59;1854.19;1786.95;1849.08;1842.99;1830.61;1842.47;1951.01;1930.77;2065.44;1953.46;1853.27;1980.92;1740.40;1682.57;1780.50;1731.13;1735.80;1673.19;1772.59;1830.20;1729.52;1519.17;1728.79;1774.94;1712.71;1673.97;1737.92;1774.06;1739.08;1672.94;1609.69;1615.69;1518.73;1554.37;1580.19;1648.47;1590.81;1582.80;1587.35;1651.37,HALAL,"Business activity permissible — debt ratio not verified, cross-check Musaffa/Zoya",
DY,BUILDING,BUILDING-HEAVY CONSTRUCTION,13,291.79998779296875,-0.15963488592448272,361.43;355.60;349.74;353.52;341.96;338.82;348.15;356.79;391.62;396.95;395.00;399.45;404.81;414.35;416.01;390.31;433.60;457.14;426.36;430.95;444.81;437.37;413.35;414.43;420.47;535.20;493.89;484.11;466.28;453.79;464.57;471.30;461.38;468.01;483.48;488.25;505.59;437.76;413.15;427.21;410.11;428.77;407.11;423.23;440.39;424.21;371.92;401.07;415.08;399.57;400.79;410.17;419.07;414.70;400.23;380.95;310.91;294.34;287.30;295.56;302.91;295.93;286.83;287.38;291.80,HALAL,"Business activity permissible — debt ratio not verified, cross-check Musaffa/Zoya",
PRIM,BUILDING,BUILDING-HEAVY CONSTRUCTION,4,77.12999725341797,-0.4214270703635511,140.30;142.88;142.39;149.19;143.30;142.92;147.70;148.83;163.58;163.77;162.39;164.67;164.53;172.39;172.86;165.93;180.20;202.75;107.89;114.30;112.85;113.24;104.61;109.91;129.25;126.51;121.34;126.22;121.74;103.81;94.42;101.26;101.58;108.25;92.61;93.03;99.12;88.20;86.97;89.43;85.22;90.67;85.96;87.80;90.63;85.53;74.76;84.41;90.85;80.22;80.75;81.46;83.30;79.80;79.24;75.14;78.18;73.12;72.25;73.59;75.45;72.97;74.17;76.94;77.13,HALAL,"Business activity permissible — debt ratio not verified, cross-check Musaffa/Zoya",
MYRG,BUILDING,BUILDING-HEAVY CONSTRUCTION,44,279.2799987792969,0.0695055855593063,265.37;273.66;274.39;285.18;273.47;282.32;285.68;288.85;315.03;319.54;320.43;329.33;334.35;338.05;346.37;337.76;433.49;468.54;427.38;458.42;467.97;467.46;440.68;438.96;464.35;478.93;449.85;441.35;445.66;423.44;425.08;449.94;444.40;483.08;470.08;477.95;500.40;433.01;419.08;430.91;411.89;414.98;391.51;400.10;407.40;369.00;322.06;333.22;340.33;331.13;330.31;332.68;334.39;323.89;318.00;305.27;312.83;294.42;286.46;284.10;288.16;284.47;271.75;275.37;279.28,HALAL,"Business activity permissible — debt ratio not verified, cross-check Musaffa/Zoya",
RBA,BUILDING,BUILDING-MAINT & SVCS,10,83.19999694824219,-0.15104621513336325,99.32;95.18;96.55;96.80;93.96;95.19;97.67;97.10;99.20;102.31;103.03;103.46;103.03;105.49;107.01;104.53;104.16;105.80;102.72;103.71;101.08;101.39;102.58;102.00;104.47;105.50;104.86;101.78;104.08;105.77;105.70;109.98;106.90;108.20;112.11;114.86;115.99;112.37;112.85;110.98;108.35;110.88;111.21;110.10;108.73;115.89;114.75;109.31;110.62;92.31;93.45;86.12;83.93;85.42;87.05;83.74;85.76;86.06;82.75;83.27;81.88;80.54;84.03;84.29;83.20,HALAL,"Business activity permissible — debt ratio not verified, cross-check Musaffa/Zoya",
FERG,BUILDING,BUILDING-MAINT & SVCS,25,214.42999267578125,-0.026981089225178945,224.22;216.07;220.82;227.11;223.07;231.50;233.30;234.14;251.77;256.50;255.22;258.53;261.03;261.38;262.23;254.23;262.28;250.90;244.67;242.14;231.86;222.99;220.75;222.91;226.46;225.65;223.55;225.25;228.73;234.56;227.18;234.68;228.77;236.40;235.80;237.72;236.45;229.38;222.35;223.79;232.32;229.66;231.16;225.66;227.82;233.23;225.36;233.46;254.56;252.43;262.80;244.27;244.03;243.56;238.55;236.45;235.73;228.49;218.91;223.23;226.30;220.97;222.31;214.35;214.43,HALAL,"Business activity permissible — debt ratio not verified, cross-check Musaffa/Zoya",
WMS,BUILDING,BUILDING-MAINT & SVCS,19,126.05000305175781,-0.07905809177988621,139.44;134.26;137.47;138.57;132.31;136.73;137.27;139.76;148.85;151.61;147.32;152.92;152.88;152.57;152.06;145.98;146.88;142.24;143.66;143.39;137.54;135.25;131.21;134.76;137.69;139.64;135.45;132.31;129.96;135.49;134.86;136.59;138.95;141.19;148.83;154.27;156.73;151.96;148.85;147.63;147.40;151.04;147.33;138.65;140.25;142.98;138.11;138.28;149.53;148.23;141.46;140.32;150.69;143.89;142.23;140.25;141.25;136.79;130.75;134.83;133.67;127.16;125.33;126.84;126.05,HALAL,"Business activity permissible — debt ratio not verified, cross-check Musaffa/Zoya",
BCC,BUILDING,BUILDING-MAINT & SVCS,46,75.69000244140625,0.08791601999446663,72.48;69.43;71.44;74.20;73.98;75.39;72.75;74.25;80.09;81.05;78.43;82.53;81.95;83.31;83.35;78.52;77.65;71.69;72.32;68.78;66.57;65.59;65.07;66.70;67.68;69.92;68.13;68.48;67.88;69.80;70.45;71.38;70.60;72.33;77.43;80.78;77.40;75.71;73.18;72.03;74.50;75.77;76.96;74.18;76.23;77.99;77.45;76.15;86.23;84.01;84.50;84.00;82.99;79.94;81.53;82.00;79.70;78.52;75.84;77.12;76.86;75.05;75.25;75.31;75.69,HALAL,"Business activity permissible — debt ratio not verified, cross-check Musaffa/Zoya",
BLDR,BUILDING,BUILDING-MAINT & SVCS,3,58.119998931884766,-0.34022021400760016,90.68;84.49;84.66;85.41;80.43;82.33;79.12;78.93;85.21;87.53;85.13;88.50;89.76;90.14;89.88;83.38;75.72;74.56;79.41;74.88;72.32;70.41;66.39;73.86;74.41;76.72;75.62;74.26;73.64;77.54;78.57;77.81;76.14;77.33;85.41;89.14;89.48;84.69;78.42;74.54;73.51;76.05;74.26;69.74;70.55;72.72;67.76;66.44;75.37;72.51;71.98;72.41;72.51;67.62;70.32;70.22;68.67;67.72;62.79;64.18;62.58;58.97;60.24;59.65;58.12,HALAL,"Business activity permissible — debt ratio not verified, cross-check Musaffa/Zoya",
LCII,BUILDING,BUILDING-MOBILE/MFG & RV,15,85.5999984741211,-0.2911646802011164,121.14;118.51;118.82;120.34;118.80;120.40;120.13;118.83;124.11;120.61;118.11;120.84;118.63;118.02;116.09;115.22;114.34;109.68;113.99;110.77;108.63;108.70;105.13;106.89;109.42;110.49;105.63;105.62;93.23;92.41;90.59;91.45;88.75;90.33;93.11;94.82;104.73;102.23;104.67;100.77;100.93;102.98;106.99;103.64;103.46;102.39;105.39;101.24;105.88;104.66;103.71;105.98;104.94;102.14;104.29;104.51;102.99;102.96;100.77;101.04;99.11;93.40;90.19;87.11;85.60,HALAL,"Business activity permissible — debt ratio not verified, cross-check Musaffa/Zoya",
WGO,BUILDING,BUILDING-MOBILE/MFG & RV,14,26.43000030517578,-0.1919000897387778,32.37;31.95;33.16;31.55;30.39;29.93;29.32;30.45;31.82;31.57;30.89;32.93;32.82;31.85;31.39;31.08;31.25;30.20;31.12;29.75;28.52;28.13;27.52;28.64;29.03;29.60;28.34;28.26;27.03;28.11;27.78;29.14;27.67;27.98;26.94;30.97;30.86;30.78;30.51;28.72;29.20;30.13;30.33;30.01;29.71;30.71;31.43;29.91;31.49;30.91;31.66;31.99;31.17;30.94;31.58;31.75;30.44;30.23;28.97;29.69;29.37;28.19;28.36;27.12;26.43,HALAL,"Business activity permissible — debt ratio not verified, cross-check Musaffa/Zoya",
THO,BUILDING,BUILDING-MOBILE/MFG & RV,10,67.7699966430664,-0.16560663558260813,80.10;75.31;79.36;80.51;78.04;78.80;76.31;75.72;79.72;78.74;75.65;79.99;79.96;78.26;78.14;77.21;77.64;74.72;76.41;74.14;74.34;73.57;71.63;75.00;77.67;79.76;77.21;79.21;75.18;78.26;76.20;75.45;71.42;72.03;74.97;78.20;74.64;76.50;75.50;73.24;71.96;74.96;76.27;75.32;74.99;76.54;78.07;74.97;79.94;77.68;79.51;78.97;79.00;77.78;78.74;79.42;77.85;77.02;74.39;75.78;74.13;72.01;73.48;69.74;67.77,HALAL,"Business activity permissible — debt ratio not verified, cross-check Musaffa/Zoya",
PATK,BUILDING,BUILDING-MOBILE/MFG & RV,5,68.70999908447266,-0.39236619105566317,113.22;109.51;110.45;110.79;106.23;109.87;113.31;110.36;117.31;110.80;98.19;105.78;102.49;99.02;95.28;92.29;87.98;89.09;94.33;93.98;94.47;90.21;87.83;89.24;91.80;92.66;89.71;90.14;84.64;87.38;85.24;85.71;85.13;85.98;89.77;94.79;89.27;84.55;87.24;83.20;82.96;84.12;87.59;84.85;84.97;84.21;86.13;82.08;86.44;86.02;85.02;86.27;85.58;83.26;85.00;85.12;83.66;83.47;81.30;81.59;80.41;74.86;72.98;70.41;68.71,HALAL,"Business activity permissible — debt ratio not verified, cross-check Musaffa/Zoya",
CWH,BUILDING,BUILDING-MOBILE/MFG & RV,3,5.599999904632568,-0.13312695486625603,6.26;6.09;6.95;6.98;6.91;6.83;6.48;6.37;7.16;7.08;6.86;7.69;7.18;6.90;6.91;6.93;7.76;7.38;7.59;6.76;6.68;6.63;6.82;7.38;7.68;7.66;7.52;7.12;6.41;7.29;7.74;7.74;7.20;7.35;7.56;7.60;7.63;7.23;6.69;6.46;6.14;6.56;6.18;5.96;5.63;6.12;6.05;6.19;6.54;6.23;6.15;6.38;6.41;6.30;6.49;6.42;6.51;6.53;6.49;6.72;6.56;6.09;6.14;5.56;5.60,HALAL,"Business activity permissible — debt ratio not verified, cross-check Musaffa/Zoya",
DHI,BUILDING,BUILDING-RESIDENTIAL/COMMERCIAL,20,138.02000427246094,-0.011672071435384845,141.29;137.16;137.99;136.87;133.39;136.40;138.85;136.25;142.88;143.47;143.34;148.91;161.23;163.24;158.38;150.74;149.08;145.59;145.54;144.53;140.31;134.99;134.32;143.71;145.17;146.48;146.54;144.07;145.17;150.62;153.97;154.63;152.03;155.48;166.02;165.80;162.40;158.10;155.26;149.11;148.41;151.10;148.95;143.09;141.70;147.21;146.72;142.63;149.92;146.01;146.66;145.82;148.81;145.68;147.33;148.97;149.25;147.39;141.37;144.41;138.49;135.57;139.41;138.32;138.02,HALAL,"Business activity permissible — debt ratio not verified, cross-check Musaffa/Zoya",
LEN,BUILDING,BUILDING-RESIDENTIAL/COMMERCIAL,7,76.43000030517578,-0.18604278164807064,95.95;92.67;92.42;91.16;89.24;85.87;85.52;84.66;87.94;88.79;87.45;91.75;93.75;93.62;92.70;88.18;87.93;85.69;87.22;86.57;84.47;81.81;82.51;88.30;88.76;89.22;89.58;88.93;89.95;92.01;94.39;89.22;85.97;86.92;92.40;92.97;89.95;87.69;86.23;83.85;82.84;85.29;83.89;81.84;82.13;85.04;84.56;82.35;87.02;84.82;85.60;85.20;86.83;84.94;85.42;88.16;87.15;86.33;82.75;84.45;80.37;77.90;79.99;78.36;76.43,HALAL,"Business activity permissible — debt ratio not verified, cross-check Musaffa/Zoya",
PHM,BUILDING,BUILDING-RESIDENTIAL/COMMERCIAL,27,117.26000213623047,-0.009838796930053073,121.44;117.34;118.13;117.67;114.14;117.10;116.79;114.60;121.70;121.23;120.30;125.99;128.09;130.08;127.73;120.19;118.70;117.46;116.32;114.95;112.48;109.64;110.57;115.80;117.33;117.50;117.19;116.71;117.89;122.25;123.47;122.31;121.61;125.35;135.41;137.31;136.91;133.38;129.64;123.45;123.48;125.12;125.80;123.99;124.40;130.30;132.02;126.19;131.39;129.27;129.77;128.88;129.90;125.77;127.39;129.33;129.75;128.27;122.86;124.04;119.81;116.16;118.68;117.55;117.26,HALAL,"Business activity permissible — debt ratio not verified, cross-check Musaffa/Zoya",
NVR,BUILDING,BUILDING-RESIDENTIAL/COMMERCIAL,19,6150.47021484375,-0.048880678581177284,6596.75;6417.90;6530.69;6552.20;6450.76;6589.83;6663.14;6492.24;6798.75;6781.69;6767.21;7000.92;6933.50;6669.01;6482.53;6207.50;6154.14;6004.33;6008.85;5910.67;5720.10;5563.62;5773.52;6047.87;6032.82;6160.54;6121.31;6119.41;6182.55;6406.57;6479.70;6335.00;6275.94;6352.55;6764.83;6828.62;6813.40;6750.79;6693.69;6471.44;6437.99;6497.57;6490.04;6325.40;6155.02;6311.54;6381.79;6147.05;6267.35;6304.81;6292.28;6293.95;6307.93;6248.37;6300.00;6397.59;6368.12;6396.27;6275.82;6373.95;6116.86;6088.28;6299.56;6186.43;6150.47,HALAL,"Business activity permissible — debt ratio not verified, cross-check Musaffa/Zoya",
TOL,BUILDING,BUILDING-RESIDENTIAL/COMMERCIAL,25,133.05999755859375,-0.02303495497223451,141.01;136.08;137.48;136.42;130.65;135.98;135.34;132.61;139.72;141.06;139.88;146.42;148.06;148.99;147.10;139.33;139.59;137.04;136.85;134.91;132.65;126.00;123.92;134.27;137.61;137.90;138.14;137.18;137.67;143.89;146.95;148.45;149.40;151.65;160.75;163.85;164.46;156.86;151.37;148.00;148.15;153.19;150.76;147.20;146.55;151.01;150.20;145.89;153.24;151.33;150.00;148.53;148.27;142.86;145.12;147.45;148.18;146.22;140.21;141.80;136.40;132.48;134.23;132.64;133.06,HALAL,"Business activity permissible — debt ratio not verified, cross-check Musaffa/Zoya",
KBH,BUILDING,BUILDING-RESIDENTIAL/COMMERCIAL,14,47.119998931884766,-0.10179367488693725,54.33;52.01;52.70;51.64;50.44;51.27;50.38;47.96;51.74;51.52;51.09;53.78;55.22;55.62;54.91;51.82;50.96;47.97;48.97;47.67;46.45;44.88;44.85;47.82;49.01;48.94;50.89;50.94;51.82;53.25;54.08;53.00;52.20;52.30;61.25;61.97;62.32;60.90;58.43;56.47;54.58;56.18;55.86;54.93;55.38;57.38;56.80;54.74;57.80;56.95;56.52;55.80;56.06;53.97;54.46;55.64;56.08;54.86;52.22;52.31;50.20;47.75;49.57;48.67;47.12,HALAL,"Business activity permissible — debt ratio not verified, cross-check Musaffa/Zoya",
MTH,BUILDING,BUILDING-RESIDENTIAL/COMMERCIAL,20,63.25,0.024532260707576192,63.29;59.36;60.49;60.73;59.16;60.98;61.29;60.23;65.76;65.47;64.12;67.12;68.52;68.93;68.76;66.09;65.42;63.23;63.54;62.90;60.67;58.35;60.02;62.99;63.89;64.71;67.66;66.17;67.38;71.09;72.56;71.88;71.91;74.52;81.78;84.55;83.23;81.25;77.73;74.36;73.28;74.61;73.62;71.13;71.05;72.81;71.08;69.68;73.98;71.73;71.44;72.35;72.54;70.16;70.52;71.98;71.70;70.53;66.98;66.97;63.95;61.49;64.40;63.96;63.25,HALAL,"Business activity permissible — debt ratio not verified, cross-check Musaffa/Zoya",
TPH,BUILDING,BUILDING-RESIDENTIAL/COMMERCIAL,,,,,HALAL,"Business activity permissible — debt ratio not verified, cross-check Musaffa/Zoya",
MHO,BUILDING,BUILDING-RESIDENTIAL/COMMERCIAL,37,138.83999633789062,0.0787039786777668,128.94;122.87;123.59;123.10;118.55;122.45;121.62;117.69;125.11;124.13;120.47;126.38;128.88;134.67;134.20;129.99;130.09;128.48;130.02;130.24;127.08;121.33;122.39;128.96;132.11;132.52;137.66;135.93;137.33;140.78;141.95;141.29;142.78;149.09;158.83;163.00;160.79;156.84;150.28;146.87;146.07;149.62;149.53;146.91;146.84;149.01;154.48;146.13;150.12;146.83;148.10;151.07;152.11;148.54;149.95;152.04;152.29;151.40;146.03;147.48;143.29;139.10;140.61;140.48;138.84,HALAL,"Business activity permissible — debt ratio not verified, cross-check Musaffa/Zoya",
TMHC,BUILDING,BUILDING-RESIDENTIAL/COMMERCIAL,,,,;;;;;;;;;;;;;;;;;;;;;;;;;;;;;;;;;;;;;;;;;;;;72.45;;;;;;;;;;;;;;;;;;;;,HALAL,"Business activity permissible — debt ratio not verified, cross-check Musaffa/Zoya",
GRBK,BUILDING,BUILDING-RESIDENTIAL/COMMERCIAL,31,66.20999908447266,0.018302099397803584,65.52;62.93;63.48;64.01;61.90;64.45;65.35;64.24;69.23;67.77;65.56;69.18;70.94;71.84;70.87;67.34;66.27;65.66;65.64;65.26;63.41;62.00;63.45;66.53;67.14;67.67;68.31;68.65;68.81;71.44;73.04;72.06;71.39;73.60;80.22;80.24;80.04;79.25;74.81;73.36;71.90;73.37;72.75;70.55;70.96;72.43;71.53;70.73;72.05;71.44;70.52;70.11;70.46;69.35;70.87;72.77;73.78;73.31;70.93;70.78;70.25;67.50;68.85;66.27;66.21,HALAL,"Business activity permissible — debt ratio not verified, cross-check Musaffa/Zoya",
WY,BUILDING,BUILDING-WOOD PRODUCTS,21,21.219999313354492,-0.07933403889037705,23.67;22.56;22.75;23.24;23.44;24.00;24.00;23.60;24.38;24.38;23.79;24.73;24.45;24.56;24.58;23.82;23.57;23.28;23.28;23.01;22.69;22.28;22.49;23.11;23.40;24.13;23.29;24.04;24.26;24.43;24.11;24.43;24.11;24.03;25.07;25.08;23.72;23.57;23.08;22.29;23.20;23.69;24.27;23.39;23.42;23.69;24.23;24.80;25.59;25.22;25.06;24.53;24.34;23.39;24.40;24.17;23.86;23.42;23.17;22.83;22.69;21.99;22.23;21.81;21.22,HALAL,"Business activity permissible — debt ratio not verified, cross-check Musaffa/Zoya",
PCH,BUILDING,BUILDING-WOOD PRODUCTS,,,,,HALAL,"Business activity permissible — debt ratio not verified, cross-check Musaffa/Zoya",
RYN,BUILDING,BUILDING-WOOD PRODUCTS,31,20.139999389648438,0.03651574215719222,19.87;19.41;19.59;19.63;19.81;20.11;20.58;20.40;20.82;20.93;20.31;20.79;20.68;20.77;20.85;20.70;20.43;20.19;19.91;19.81;19.53;19.33;19.48;19.89;20.00;20.59;20.03;20.41;20.45;20.46;20.35;21.01;20.47;20.64;21.40;21.63;21.01;21.22;21.55;20.63;21.18;21.53;21.52;20.98;21.04;21.40;21.90;21.50;21.65;21.16;21.41;21.24;21.30;20.51;21.01;20.95;20.55;20.12;20.55;20.06;20.18;20.02;19.99;20.04;20.14,HALAL,"Business activity permissible — debt ratio not verified, cross-check Musaffa/Zoya",
LPX,BUILDING,BUILDING-WOOD PRODUCTS,11,65.31999969482422,-0.13116072681676538,76.45;71.65;72.04;73.79;70.70;72.15;70.22;69.31;75.37;74.87;73.20;76.33;70.12;74.08;75.88;71.49;70.67;69.17;74.86;72.37;69.66;69.58;66.75;69.86;73.20;75.78;74.23;73.49;70.31;72.20;74.46;76.92;74.99;75.43;79.37;82.05;78.34;78.99;74.48;72.43;71.91;73.14;73.68;69.97;71.85;73.93;73.31;72.14;76.50;75.60;74.09;73.36;73.89;71.23;73.75;72.62;71.22;71.26;68.81;67.73;67.08;65.72;66.79;65.36;65.32,HALAL,"Business activity permissible — debt ratio not verified, cross-check Musaffa/Zoya",
BCC,BUILDING,BUILDING-WOOD PRODUCTS,46,75.69000244140625,0.08791601999446663,72.48;69.43;71.44;74.20;73.98;75.39;72.75;74.25;80.09;81.05;78.43;82.53;81.95;83.31;83.35;78.52;77.65;71.69;72.32;68.78;66.57;65.59;65.07;66.70;67.68;69.92;68.13;68.48;67.88;69.80;70.45;71.38;70.60;72.33;77.43;80.78;77.40;75.71;73.18;72.03;74.50;75.77;76.96;74.18;76.23;77.99;77.45;76.15;86.23;84.01;84.50;84.00;82.99;79.94;81.53;82.00;79.70;78.52;75.84;77.12;76.86;75.05;75.25;75.31;75.69,HALAL,"Business activity permissible — debt ratio not verified, cross-check Musaffa/Zoya",
IPG,BUSINESS_PRODUCTS,COMMERCIAL SVCS-ADVERTISING,,,,,HALAL,"Business activity permissible — debt ratio not verified, cross-check Musaffa/Zoya",
OMC,BUSINESS_PRODUCTS,COMMERCIAL SVCS-ADVERTISING,43,76.56999969482422,-0.005287953777061705,77.56;75.04;74.84;74.94;73.04;74.51;74.02;74.85;74.09;75.20;76.67;77.84;77.24;76.01;75.21;75.38;76.11;76.82;76.11;74.36;73.45;70.08;71.07;72.99;73.62;73.31;75.17;72.96;74.51;74.83;75.59;76.51;76.31;72.55;73.66;73.09;72.83;78.62;80.84;80.83;82.55;80.93;81.73;79.21;77.90;82.41;82.58;78.70;81.81;82.51;84.65;85.51;87.57;86.31;87.07;88.94;87.89;88.28;86.09;84.73;81.13;79.45;81.07;79.33;76.57,HALAL,"Business activity permissible — debt ratio not verified, cross-check Musaffa/Zoya",
TTD,BUSINESS_PRODUCTS,COMMERCIAL SVCS-ADVERTISING,2,13.920000076293945,-0.4908558888586423,25.07;23.51;23.95;21.97;21.28;22.69;22.05;20.70;20.61;21.22;22.38;22.47;23.20;22.62;23.14;24.37;24.24;24.61;23.49;21.52;20.49;21.15;21.16;21.28;22.18;21.15;23.22;20.56;19.95;19.89;18.90;19.27;18.16;18.02;17.70;18.37;18.08;19.10;19.18;19.75;19.79;19.37;18.59;18.25;16.79;17.88;19.09;18.04;19.34;17.67;13.39;13.49;14.14;13.42;13.32;13.27;13.03;13.57;13.78;15.09;14.02;13.97;14.97;14.49;13.92,HALAL,"Business activity permissible — debt ratio not verified, cross-check Musaffa/Zoya",
CRTO,BUSINESS_PRODUCTS,COMMERCIAL SVCS-ADVERTISING,20,16.700000762939453,-0.05756199717492805,18.02;17.46;17.41;17.72;17.18;17.93;18.50;18.47;18.12;18.33;19.37;19.48;19.35;18.51;19.31;19.42;19.58;20.12;16.45;16.11;16.15;16.06;17.14;17.17;17.03;18.29;19.11;17.15;17.73;17.05;17.41;17.70;17.49;16.57;18.12;17.66;18.28;19.08;23.16;23.14;23.28;22.60;22.48;21.57;20.83;20.85;22.63;21.82;22.40;17.58;17.95;17.36;19.00;17.88;17.49;17.09;16.97;17.46;17.41;18.17;17.74;17.37;17.32;17.10;16.70,HALAL,"Business activity permissible — debt ratio not verified, cross-check Musaffa/Zoya",
DV,BUSINESS_PRODUCTS,COMMERCIAL SVCS-ADVERTISING,74,13.460000038146973,0.31831537589199144,10.00;10.04;10.17;9.85;9.31;9.50;9.94;10.08;9.73;10.07;10.55;10.77;10.66;10.43;10.91;10.96;11.31;11.46;10.85;10.43;8.88;9.06;9.46;9.52;9.68;9.66;10.54;10.20;10.25;10.44;10.23;10.25;10.37;10.17;10.35;10.82;10.84;11.44;11.44;11.73;11.91;11.82;11.42;11.31;10.38;10.95;11.52;11.25;11.93;11.71;13.22;13.29;13.29;13.27;13.31;13.30;13.30;13.38;13.36;13.35;13.35;13.37;13.52;13.49;13.46,HALAL,"Business activity permissible — debt ratio not verified, cross-check Musaffa/Zoya",
NCMI,BUSINESS_PRODUCTS,COMMERCIAL SVCS-ADVERTISING,2,2.1700000762939453,-0.33376316166259234,3.41;3.23;3.28;3.18;3.01;3.02;2.97;3.22;3.37;3.35;3.46;3.59;3.48;3.47;3.51;3.53;3.38;3.43;3.67;3.45;2.95;2.77;2.95;2.97;3.03;3.09;3.62;3.57;3.55;3.55;3.58;3.57;3.63;3.36;3.58;3.75;3.80;3.97;3.82;3.88;3.99;3.99;3.78;3.90;3.74;3.86;4.03;4.01;4.14;4.03;3.95;2.22;2.86;2.52;2.55;2.67;2.64;2.60;2.53;2.49;2.44;2.46;2.43;2.34;2.17,HALAL,"Business activity permissible — debt ratio not verified, cross-check Musaffa/Zoya",
ACN,BUSINESS_PRODUCTS,COMMERCIAL SVCS-CONSULTING,24,181.2899932861328,-0.05911131989794294,194.65;199.44;195.98;188.41;188.71;194.29;197.27;193.32;183.82;189.67;191.70;195.30;192.11;176.16;174.87;178.12;177.69;176.88;178.05;170.30;157.74;166.81;174.70;175.76;174.90;176.28;194.25;175.32;176.13;171.41;165.53;163.40;154.16;123.35;127.62;127.45;122.96;135.72;140.45;139.06;138.52;137.02;143.57;140.86;138.74;154.06;173.17;165.92;170.43;171.11;178.25;180.14;176.89;172.93;181.35;186.53;181.38;189.61;188.09;193.12;179.03;177.91;195.00;189.64;181.29,HALAL,"Business activity permissible — debt ratio not verified, cross-check Musaffa/Zoya",
BAH,BUSINESS_PRODUCTS,COMMERCIAL SVCS-CONSULTING,30,77.06999969482422,-0.0003941339255798537,75.97;79.62;78.71;78.92;77.32;76.86;81.89;82.82;78.34;80.59;81.07;80.55;79.79;77.83;75.05;75.31;77.14;75.12;75.70;73.83;70.52;71.58;75.85;75.21;78.72;79.84;82.79;77.33;78.29;77.76;76.62;73.99;70.56;62.85;62.21;61.75;60.21;61.98;62.83;62.68;64.31;63.46;64.72;63.37;65.37;71.10;69.64;69.20;73.04;73.37;77.31;77.81;77.46;75.76;76.36;75.22;74.24;75.24;75.38;73.88;72.11;75.68;79.11;78.41;77.07,HALAL,"Business activity permissible — debt ratio not verified, cross-check Musaffa/Zoya",
CACI,BUSINESS_PRODUCTS,COMMERCIAL SVCS-CONSULTING,72,626.8499755859375,0.033178411548714815,612.93;612.93;589.28;578.94;563.67;543.87;575.63;569.11;563.21;539.84;531.68;527.16;518.38;526.49;501.90;503.03;513.29;494.04;489.88;482.57;503.87;486.96;493.32;490.07;501.13;522.85;524.92;528.07;531.41;525.04;525.42;507.56;494.94;449.72;462.04;453.92;463.26;502.83;497.36;483.29;477.97;471.83;461.56;440.76;480.61;495.89;487.79;497.75;524.19;628.79;648.24;680.08;670.54;656.06;646.35;636.50;624.74;628.20;629.46;630.00;625.31;624.01;637.16;631.18;626.85,HALAL,"Business activity permissible — debt ratio not verified, cross-check Musaffa/Zoya",
ICFI,BUSINESS_PRODUCTS,COMMERCIAL SVCS-CONSULTING,61,85.20999908447266,0.22760597574804842,67.25;65.99;68.47;65.78;64.54;65.06;66.86;67.33;68.71;69.83;72.80;70.28;68.36;66.71;65.98;68.32;73.10;74.26;74.23;67.03;59.69;60.90;66.32;67.79;67.95;69.01;70.64;68.08;69.77;71.29;72.38;72.04;72.09;64.44;67.78;71.40;72.75;74.87;76.86;76.22;79.01;77.84;78.74;74.88;76.97;79.89;82.90;80.79;86.09;85.18;91.37;89.44;88.25;87.86;88.93;88.70;89.20;90.08;88.67;89.86;87.25;85.75;88.29;87.46;85.21,HALAL,"Business activity permissible — debt ratio not verified, cross-check Musaffa/Zoya",
FCN,BUSINESS_PRODUCTS,COMMERCIAL SVCS-CONSULTING,18,141.17999267578125,-0.13162756128832687,163.42;169.37;171.89;168.56;170.34;176.77;183.33;184.51;181.01;179.64;179.49;179.50;187.03;185.20;185.00;179.33;173.82;166.95;161.85;159.09;144.83;143.76;154.64;153.24;152.76;154.90;155.00;154.66;159.70;159.92;155.71;156.60;150.60;141.00;144.35;151.10;149.01;153.59;158.49;154.78;161.62;160.90;162.55;155.40;157.45;161.88;170.42;159.38;157.28;150.87;150.87;152.68;151.85;151.45;153.49;155.52;151.92;153.74;151.36;153.36;151.01;150.31;150.86;145.13;141.18,HALAL,"Business activity permissible — debt ratio not verified, cross-check Musaffa/Zoya",
HURN,BUSINESS_PRODUCTS,COMMERCIAL SVCS-CONSULTING,79,158.3300018310547,0.2453201399334417,126.88;127.25;129.29;120.36;122.64;127.49;130.35;131.62;124.29;127.22;131.76;129.17;128.28;121.83;127.12;128.48;131.29;132.22;124.78;115.94;103.47;105.48;108.04;105.31;103.90;106.95;110.59;104.81;110.00;110.54;106.43;107.11;106.20;90.48;96.53;98.73;90.16;97.16;105.93;102.51;111.23;113.98;114.80;110.85;109.19;116.51;170.37;151.77;152.78;150.10;152.03;150.31;151.87;151.37;162.45;162.59;156.57;159.84;157.46;158.10;147.64;149.43;156.43;154.03;158.33,HALAL,"Business activity permissible — debt ratio not verified, cross-check Musaffa/Zoya",
EXPO,BUSINESS_PRODUCTS,COMMERCIAL SVCS-CONSULTING,56,68.30000305175781,0.02364584911539458,64.69;64.52;65.69;64.71;63.85;64.62;65.92;65.17;66.02;65.97;67.63;67.40;67.63;65.63;65.54;65.54;64.65;65.31;62.83;59.58;54.02;53.27;56.44;56.51;56.97;57.86;59.81;57.75;59.40;56.98;56.37;56.99;56.76;55.62;57.68;60.56;58.50;60.71;61.80;61.89;63.31;61.79;62.60;60.39;59.71;62.48;65.56;66.55;67.54;65.92;67.22;67.34;66.80;67.21;69.07;70.47;70.03;71.21;69.99;69.74;67.87;67.33;69.19;68.01;68.30,HALAL,"Business activity permissible — debt ratio not verified, cross-check Musaffa/Zoya",
ICLR,BUSINESS_PRODUCTS,COMMERCIAL SVCS-CONSULTING,69,164.11000061035156,0.6689718046819171,100.49;98.05;100.35;99.99;102.08;110.66;114.19;107.16;106.70;110.37;116.50;119.68;115.18;106.34;103.21;116.17;112.85;121.32;125.00;118.96;117.38;116.38;113.55;116.57;113.85;136.80;138.03;143.90;149.45;151.82;149.92;147.72;143.27;140.73;158.17;169.86;173.71;173.06;168.72;168.77;166.10;172.08;170.00;166.62;170.32;168.78;178.18;163.57;156.85;161.17;166.05;167.17;163.15;167.05;174.27;173.48;168.93;170.02;161.40;163.58;158.34;165.69;168.93;173.94;164.11,HALAL,"Business activity permissible — debt ratio not verified, cross-check Musaffa/Zoya",
IQV,BUSINESS_PRODUCTS,COMMERCIAL SVCS-HEALTHCARE,91,266.4200134277344,0.6174114342724331,168.43;166.47;166.96;165.64;163.85;170.54;173.26;170.62;168.98;171.99;178.10;176.46;175.69;160.68;163.84;156.66;157.77;176.42;178.64;173.55;172.38;169.12;173.18;168.02;162.00;181.09;186.82;182.05;183.45;186.25;181.06;178.39;170.67;167.81;185.62;191.14;193.22;207.04;208.23;208.97;207.55;206.81;206.26;201.62;207.32;213.22;247.56;235.02;228.20;232.43;241.99;241.71;236.66;240.03;256.05;260.24;261.51;261.75;258.35;271.62;259.21;257.30;265.67;268.82;266.42,HALAL,"Business activity permissible — debt ratio not verified, cross-check Musaffa/Zoya",
CRL,BUSINESS_PRODUCTS,COMMERCIAL SVCS-HEALTHCARE,94,278.05999755859375,0.7886272066768831,153.71;153.05;158.00;165.89;159.16;172.50;173.89;169.54;175.55;178.34;180.56;183.88;183.10;167.74;171.23;163.84;165.78;185.39;181.68;168.46;162.85;150.85;152.43;158.86;156.73;181.34;182.07;179.87;181.34;189.85;188.06;188.47;182.34;181.56;202.10;215.75;226.79;230.69;228.68;233.60;229.75;228.22;224.35;219.40;229.29;224.30;234.80;232.51;234.12;265.51;277.00;284.37;280.05;279.19;291.45;298.58;295.10;291.50;282.34;293.35;280.76;273.00;273.11;273.41;278.06,HALAL,"Business activity permissible — debt ratio not verified, cross-check Musaffa/Zoya",
MEDP,BUSINESS_PRODUCTS,COMMERCIAL SVCS-HEALTHCARE,82,612.3300170898438,0.3594947095118346,455.15;460.92;456.93;466.80;451.20;480.19;498.34;508.52;501.50;501.23;518.54;520.60;514.90;393.42;421.37;413.59;417.54;430.32;428.71;417.29;423.76;415.27;419.91;430.10;429.11;448.12;451.47;450.82;454.25;466.79;475.07;467.50;457.09;455.66;512.79;527.07;529.59;557.60;546.29;535.50;530.19;529.23;537.73;531.67;605.82;589.37;584.93;577.11;575.08;585.01;602.43;596.98;578.50;590.30;612.64;620.03;619.05;600.65;583.21;593.39;590.89;583.16;595.41;616.44;612.33,HALAL,"Business activity permissible — debt ratio not verified, cross-check Musaffa/Zoya",
PRVA,BUSINESS_PRODUCTS,COMMERCIAL SVCS-HEALTHCARE,17,19.850000381469727,-0.0844095893886666,22.10;21.77;21.52;20.54;20.02;20.57;21.21;22.38;22.71;23.01;23.44;24.02;23.60;23.50;24.41;24.69;24.85;24.29;23.99;22.76;22.63;22.95;23.29;22.64;22.20;21.59;21.31;20.66;21.63;22.17;23.36;23.02;23.41;23.49;24.51;25.57;25.73;27.36;27.23;27.77;27.89;28.10;26.90;26.31;24.97;24.67;24.12;23.67;23.79;22.00;22.37;21.54;22.00;21.52;21.20;21.02;21.07;20.79;20.64;20.67;20.78;20.37;20.88;20.37;19.85,HALAL,"Business activity permissible — debt ratio not verified, cross-check Musaffa/Zoya",
LFST,BUSINESS_PRODUCTS,COMMERCIAL SVCS-HEALTHCARE,96,12.569999694824219,0.9857819662444485,6.58;6.46;6.53;6.65;6.32;6.37;6.31;6.41;6.49;6.46;6.55;6.89;6.79;6.99;7.27;7.43;7.53;7.34;8.85;7.67;8.10;7.65;7.73;7.46;7.57;7.81;7.94;7.50;7.41;7.66;8.61;8.59;8.61;9.20;9.65;10.28;10.71;11.27;10.90;10.80;10.88;10.97;11.58;11.45;10.81;10.88;10.86;10.48;10.26;10.66;11.90;12.23;12.42;12.36;12.65;12.16;12.15;12.31;12.60;12.83;12.80;13.00;13.38;12.79;12.57,HALAL,"Business activity permissible — debt ratio not verified, cross-check Musaffa/Zoya",
URI,BUSINESS_PRODUCTS,COMMERCIAL SVCS-LEASING,64,1013.9099731445312,0.3805341365942456,742.20;717.23;729.28;744.76;731.52;725.81;729.32;729.97;764.46;776.58;762.40;793.14;803.17;983.05;956.22;948.53;945.64;930.42;940.55;934.60;933.65;959.49;926.02;930.57;961.26;986.72;996.10;1054.76;1065.93;1092.29;1066.65;1082.14;1047.16;1090.80;1081.85;1119.73;1130.94;1096.70;1054.20;1086.79;1083.47;1045.48;1043.41;1011.79;1137.75;1125.97;1053.29;1077.40;1148.15;1160.66;1135.56;1129.30;1153.83;1116.38;1095.26;1083.56;1057.66;1030.25;990.15;993.87;1015.17;989.08;993.80;1006.25;1013.91,HALAL,"Business activity permissible — debt ratio not verified, cross-check Musaffa/Zoya",
WSC,BUSINESS_PRODUCTS,COMMERCIAL SVCS-LEASING,11,18.170000076293945,0.016392877673678363,17.56;16.88;17.99;18.53;17.00;17.25;17.28;18.14;18.55;19.06;18.94;20.10;21.49;22.35;22.64;21.92;22.55;22.70;23.15;26.54;25.73;24.33;22.72;23.99;25.61;25.68;25.02;25.83;26.12;27.43;27.31;28.20;27.74;28.93;28.75;28.76;28.76;26.57;25.58;25.69;26.22;27.15;27.13;26.43;26.78;26.68;24.03;24.19;26.57;25.73;23.01;21.97;23.68;22.77;21.92;22.45;21.28;20.83;19.63;19.46;19.87;18.68;18.48;18.07;18.17,HALAL,"Business activity permissible — debt ratio not verified, cross-check Musaffa/Zoya",
HEES,BUSINESS_PRODUCTS,COMMERCIAL SVCS-LEASING,,,,,HALAL,"Business activity permissible — debt ratio not verified, cross-check Musaffa/Zoya",
MGRC,BUSINESS_PRODUCTS,COMMERCIAL SVCS-LEASING,41,110.88999938964844,0.07950715990090074,104.64;104.95;107.78;108.52;109.08;109.36;106.63;110.60;112.90;113.37;114.19;116.39;108.73;114.53;117.63;118.31;108.93;112.60;113.86;113.43;113.72;111.29;109.47;109.23;111.25;110.91;107.07;106.50;108.43;112.32;114.37;113.71;113.29;117.94;121.29;122.81;120.53;117.43;113.12;114.11;116.69;117.13;118.27;116.63;118.96;120.00;117.00;115.15;120.38;121.75;120.53;120.54;122.28;118.88;116.44;116.51;114.15;112.28;110.84;109.90;110.82;109.86;110.63;111.22;110.89,HALAL,"Business activity permissible — debt ratio not verified, cross-check Musaffa/Zoya",
LRN,BUSINESS_PRODUCTS,COMMERCIAL SVCS-SCHOOLS,25,78.9000015258789,-0.06472260603329916,87.08;87.41;87.33;88.60;85.61;88.17;89.64;88.95;90.38;91.88;94.01;98.44;98.11;98.36;97.79;95.16;93.08;93.76;91.66;87.34;88.13;88.29;90.19;87.65;89.48;91.97;96.50;99.63;100.01;97.13;99.47;83.54;84.28;82.32;84.81;87.12;86.24;90.44;91.07;91.09;92.02;83.39;87.32;84.69;86.07;90.08;97.71;80.29;80.45;80.00;80.23;78.59;83.36;83.76;84.07;85.07;84.58;86.84;87.28;85.80;82.15;81.45;82.70;82.04;78.90,HALAL,"Business activity permissible — debt ratio not verified, cross-check Musaffa/Zoya",
STRA,BUSINESS_PRODUCTS,COMMERCIAL SVCS-SCHOOLS,51,79.83999633789062,0.003544362258372402,79.33;79.78;82.61;82.25;80.25;81.73;82.43;82.34;81.23;77.96;79.22;81.97;82.37;71.12;74.83;77.79;77.08;77.77;77.91;76.45;77.57;77.62;78.85;77.64;77.26;76.63;78.81;78.47;80.98;79.92;79.27;73.49;74.62;75.89;76.35;78.27;76.06;80.39;83.33;82.87;85.09;75.25;75.97;74.99;74.45;77.97;86.98;81.40;83.10;81.86;80.85;79.43;81.73;81.36;81.78;83.38;84.69;84.02;82.71;81.30;81.44;81.03;82.73;81.51;79.84,HALAL,"Business activity permissible — debt ratio not verified, cross-check Musaffa/Zoya",
LAUR,BUSINESS_PRODUCTS,COMMERCIAL SVCS-SCHOOLS,63,36.130001068115234,0.054582686462266716,34.24;33.64;34.35;35.38;34.78;34.84;33.56;34.30;33.39;33.35;33.01;33.84;33.27;31.25;31.18;31.59;31.24;32.30;32.17;32.70;32.67;32.12;32.90;32.97;33.54;32.50;33.10;33.46;33.82;35.22;37.95;35.40;36.04;37.19;36.85;37.12;36.32;38.20;39.86;40.38;40.11;37.26;36.45;36.11;36.60;37.48;38.41;38.31;37.74;37.31;37.26;36.99;37.62;38.20;37.56;37.31;38.67;38.80;37.26;35.95;36.38;35.78;35.83;36.20;36.13,HALAL,"Business activity permissible — debt ratio not verified, cross-check Musaffa/Zoya",
GHC,BUSINESS_PRODUCTS,COMMERCIAL SVCS-SCHOOLS,48,1143.4300537109375,0.08576005170672896,1074.49;1060.87;1059.36;1066.74;1047.13;1053.81;1057.47;1070.57;1096.42;1097.88;1121.61;1151.09;1141.10;1130.20;1159.79;1148.17;1132.61;1125.72;1129.30;1102.27;1110.30;1091.26;1100.49;1094.46;1115.50;1121.73;1108.36;1098.72;1130.73;1139.48;1154.37;1128.23;1123.64;1138.71;1170.99;1158.11;1139.60;1181.39;1153.40;1156.12;1182.42;1178.53;1177.86;1151.71;1143.13;1178.79;1233.96;1203.54;1210.26;1195.16;1177.69;1187.38;1191.20;1173.27;1152.50;1175.29;1163.24;1161.13;1097.98;1122.91;1127.68;1136.80;1167.63;1134.85;1143.43,HALAL,"Business activity permissible — debt ratio not verified, cross-check Musaffa/Zoya",
ADT,BUSINESS_PRODUCTS,COMMERCIAL SVCS-SECURITY/SAFETY,35,6.900000095367432,0.0938865388072403,6.59;6.48;6.47;6.50;6.36;6.47;6.51;6.49;6.72;6.76;6.87;7.15;7.07;7.12;7.10;7.06;7.43;6.90;6.79;6.68;6.73;6.72;6.76;6.89;6.82;6.70;6.63;6.55;6.68;6.65;6.67;6.65;6.43;6.54;6.50;6.34;6.45;6.78;6.86;6.60;6.73;6.72;6.95;6.84;6.77;7.09;7.35;7.58;7.78;7.59;7.45;7.25;7.43;7.16;7.31;7.36;7.38;7.48;7.31;7.45;7.16;7.01;7.08;7.03;6.90,HALAL,"Business activity permissible — debt ratio not verified, cross-check Musaffa/Zoya",
BCO,BUSINESS_PRODUCTS,COMMERCIAL SVCS-SECURITY/SAFETY,40,106.12000274658203,-0.004350066269953601,104.94;100.05;100.93;101.79;100.31;103.16;102.85;102.28;105.57;106.35;108.23;113.86;110.27;110.37;106.31;106.85;107.03;103.83;107.26;104.72;104.10;103.30;102.09;104.57;106.80;106.86;102.80;100.67;100.78;102.36;100.94;100.34;97.17;97.35;96.04;93.89;94.29;101.29;103.69;103.13;107.20;111.65;119.87;122.93;120.84;117.95;121.71;118.45;117.98;112.85;110.51;113.96;114.27;109.14;113.12;112.78;111.52;110.97;110.02;106.35;105.47;109.29;109.28;108.42;106.12,HALAL,"Business activity permissible — debt ratio not verified, cross-check Musaffa/Zoya",
CXW,BUSINESS_PRODUCTS,COMMERCIAL SVCS-SECURITY/SAFETY,95,35.22999954223633,0.9346513626283663,20.28;19.91;20.23;19.98;19.44;18.91;20.51;19.98;20.22;19.93;20.08;20.45;20.57;20.04;20.25;20.54;20.58;19.42;21.82;19.88;20.60;20.74;21.01;21.12;21.19;21.77;21.21;21.71;23.21;25.18;26.85;27.77;28.17;29.65;29.80;30.77;30.38;31.03;29.30;31.28;31.43;31.09;30.65;32.08;31.65;31.21;29.75;29.90;30.15;32.24;33.00;33.60;32.82;32.40;33.51;33.84;33.99;33.81;32.72;33.66;35.05;34.41;34.23;34.93;35.23,HALAL,"Business activity permissible — debt ratio not verified, cross-check Musaffa/Zoya",
GEO,BUSINESS_PRODUCTS,COMMERCIAL SVCS-SECURITY/SAFETY,94,31.760000228881836,1.1828178565321217,16.28;16.38;17.00;17.50;16.71;16.81;18.42;17.59;17.88;17.71;17.60;18.60;19.03;18.48;18.67;18.95;18.75;18.36;21.22;21.41;22.65;22.92;22.81;23.11;22.68;23.11;23.34;23.60;25.31;27.03;28.62;28.54;28.86;29.67;29.38;30.36;29.55;30.25;29.03;30.06;30.24;29.82;29.46;31.23;31.07;30.93;29.95;30.89;31.29;30.14;30.66;31.45;31.22;30.91;31.72;32.18;32.77;32.28;30.53;30.88;32.04;31.38;30.85;31.43;31.76,HALAL,"Business activity permissible — debt ratio not verified, cross-check Musaffa/Zoya",
RHI,BUSINESS_PRODUCTS,COMMERCIAL SVCS-STAFFING,86,37.380001068115234,0.7306960214954439,21.90;22.16;23.96;23.67;23.98;24.52;24.42;23.24;23.85;24.91;26.64;26.49;27.91;26.26;25.25;26.25;26.09;25.90;26.45;25.62;24.04;24.25;24.79;26.24;26.65;28.03;30.58;29.17;30.85;30.30;31.18;31.65;31.84;28.73;29.69;32.33;30.30;33.04;34.31;32.17;35.12;36.22;41.25;40.62;37.36;39.22;39.61;37.31;40.45;40.15;42.12;41.01;42.65;43.19;43.31;44.53;44.54;45.31;43.55;43.00;39.21;37.42;38.73;37.09;37.38,HALAL,"Business activity permissible — debt ratio not verified, cross-check Musaffa/Zoya",
MAN,BUSINESS_PRODUCTS,COMMERCIAL SVCS-STAFFING,97,57.63999938964844,1.2843777383088386,25.82;25.69;27.22;27.59;27.77;28.79;28.68;27.66;28.07;28.53;30.03;30.42;31.11;28.59;29.28;29.98;29.83;28.97;29.76;28.29;25.49;25.38;26.62;28.13;28.05;29.64;32.93;30.37;32.30;32.65;34.00;33.35;34.29;31.33;32.59;36.20;33.77;38.79;39.34;37.47;40.62;39.02;52.34;51.68;49.95;53.67;55.86;52.42;54.80;55.34;56.52;56.22;58.30;59.48;60.74;61.39;61.96;62.39;61.19;61.51;57.21;57.02;58.02;57.93;57.64,HALAL,"Business activity permissible — debt ratio not verified, cross-check Musaffa/Zoya",
ASGN,BUSINESS_PRODUCTS,COMMERCIAL SVCS-STAFFING,,,,,HALAL,"Business activity permissible — debt ratio not verified, cross-check Musaffa/Zoya",
KFY,BUSINESS_PRODUCTS,COMMERCIAL SVCS-STAFFING,66,76.77999877929688,0.2864381655759407,60.25;60.75;61.86;61.98;61.86;62.45;62.86;62.81;63.45;62.76;63.82;65.24;66.40;64.83;65.60;65.81;65.99;66.40;66.61;66.04;64.00;63.30;64.86;66.11;67.56;69.41;71.71;68.91;71.75;73.18;72.68;70.81;71.10;67.24;70.07;71.62;66.05;69.13;72.77;71.88;75.39;75.12;78.61;78.04;77.84;81.17;84.69;82.27;83.20;82.67;83.64;83.30;84.19;83.87;84.59;84.73;83.99;86.28;84.65;85.59;82.04;78.14;78.38;77.43;76.78,HALAL,"Business activity permissible — debt ratio not verified, cross-check Musaffa/Zoya",
KELYA,BUSINESS_PRODUCTS,COMMERCIAL SVCS-STAFFING,94,16.139999389648438,0.9157520423330541,8.41;8.42;8.62;8.80;8.67;8.74;8.67;8.58;8.61;8.93;9.21;9.39;9.39;9.34;9.47;9.65;9.53;9.69;9.58;9.63;9.65;9.48;9.66;10.62;10.76;11.61;11.96;11.31;11.72;11.66;11.99;11.57;11.35;10.96;11.58;12.67;12.22;13.02;13.45;13.38;14.24;14.26;15.25;15.28;14.99;15.65;15.74;14.77;15.16;15.55;15.60;15.37;15.99;16.42;16.71;16.79;16.98;17.28;16.69;16.71;16.03;15.92;16.23;16.30;16.14,HALAL,"Business activity permissible — debt ratio not verified, cross-check Musaffa/Zoya",
HSII,BUSINESS_PRODUCTS,COMMERCIAL SVCS-STAFFING,,,,,HALAL,"Business activity permissible — debt ratio not verified, cross-check Musaffa/Zoya",
WM,BUSINESS_PRODUCTS,COMMERCIAL SVCS-WASTE MGMT,33,211.10000610351562,-0.10723250950997276,234.00;231.80;225.55;222.89;223.10;227.79;233.37;231.28;231.07;228.99;222.97;222.00;221.48;230.78;224.23;228.31;226.78;222.54;219.52;212.25;214.56;217.91;220.41;215.86;213.61;212.54;210.66;216.10;219.43;220.33;217.83;215.99;214.90;212.37;222.28;224.54;221.90;229.39;236.17;230.65;235.67;231.78;238.26;232.15;236.23;236.85;235.56;225.55;224.26;228.00;225.60;225.32;223.56;222.60;223.93;225.46;220.27;218.69;218.80;220.74;216.82;213.82;218.09;214.00;211.10,HALAL,"Business activity permissible — debt ratio not verified, cross-check Musaffa/Zoya",
RSG,BUSINESS_PRODUCTS,COMMERCIAL SVCS-WASTE MGMT,44,218.07000732421875,-0.022079954892923692,223.48;221.74;215.49;214.31;214.59;217.76;222.54;219.74;216.37;212.86;210.26;207.06;204.70;213.42;205.51;207.70;205.96;203.29;200.96;197.15;203.08;207.71;214.34;207.48;206.45;203.10;200.25;203.61;209.43;209.57;207.44;207.48;206.83;203.77;212.96;215.76;212.46;217.34;222.46;218.69;223.38;217.34;222.31;214.63;217.42;216.90;218.91;210.55;207.66;209.59;214.62;214.26;214.71;216.97;219.50;223.08;222.18;222.11;223.29;225.12;221.63;221.08;225.85;219.80;218.07,HALAL,"Business activity permissible — debt ratio not verified, cross-check Musaffa/Zoya",
WCN,BUSINESS_PRODUCTS,COMMERCIAL SVCS-WASTE MGMT,29,155.3300018310547,-0.06313044369781096,166.31;164.11;161.60;156.38;155.34;161.73;165.36;163.29;163.09;161.01;159.11;158.94;157.24;168.16;160.84;163.04;160.53;156.98;153.24;150.66;151.84;156.28;157.04;155.44;153.35;150.73;149.19;150.57;154.89;157.24;155.14;154.65;154.79;153.10;166.10;167.54;166.34;168.46;172.56;169.78;170.81;169.76;171.54;168.07;167.63;168.99;172.44;167.02;165.22;167.39;166.22;165.34;166.29;165.53;168.33;168.97;167.15;165.93;163.89;166.81;163.16;159.44;161.03;156.50;155.33,HALAL,"Business activity permissible — debt ratio not verified, cross-check Musaffa/Zoya",
CWST,BUSINESS_PRODUCTS,COMMERCIAL SVCS-WASTE MGMT,36,89.06999969482422,0.011125024380459259,88.44;84.26;78.01;76.43;74.97;79.34;87.18;85.83;86.77;84.89;81.54;81.22;77.96;83.87;76.75;78.11;86.83;86.76;85.45;83.15;84.31;85.18;86.74;87.22;87.11;84.22;85.09;84.02;85.90;87.81;89.76;88.10;86.10;84.58;91.24;94.35;96.97;97.49;99.01;95.37;98.09;96.31;95.70;90.54;90.03;89.30;90.48;89.71;91.50;90.46;89.99;90.56;90.72;89.91;93.05;94.78;93.74;93.68;92.65;95.96;92.07;89.94;90.95;90.06;89.07,HALAL,"Business activity permissible — debt ratio not verified, cross-check Musaffa/Zoya",
SRCL,BUSINESS_PRODUCTS,COMMERCIAL SVCS-WASTE MGMT,,,,,HALAL,"Business activity permissible — debt ratio not verified, cross-check Musaffa/Zoya",
IP,BUSINESS_PRODUCTS,PAPER & PAPER PRODUCTS,23,34.529998779296875,-0.04847786219323824,36.43;33.12;34.64;35.53;34.54;34.78;33.89;33.65;35.83;35.70;35.57;36.17;34.53;32.67;31.81;32.71;30.94;31.04;32.23;31.63;31.16;29.48;28.62;30.69;31.60;32.94;33.31;33.02;33.23;33.74;34.56;35.98;35.75;36.47;37.87;38.32;37.67;38.35;37.49;36.76;36.58;36.33;37.14;35.94;37.48;41.93;42.16;40.37;41.83;40.07;40.87;40.68;40.74;40.05;40.36;41.04;41.39;39.31;36.46;36.44;36.49;34.29;34.25;34.06;34.53,HALAL,"Business activity permissible — debt ratio not verified, cross-check Musaffa/Zoya",
PKG,BUSINESS_PRODUCTS,PAPER & PAPER PRODUCTS,58,232.77000427246094,0.09942409802527918,213.17;201.74;206.35;210.59;209.50;209.47;201.81;200.87;205.42;207.75;204.39;210.62;207.80;212.23;209.79;213.25;215.23;219.82;220.53;218.65;215.39;209.33;200.54;210.99;215.64;215.31;218.80;221.48;219.93;224.38;221.49;228.48;227.79;232.53;236.32;240.00;236.75;236.67;230.91;223.05;224.41;226.39;231.57;226.74;232.40;250.75;247.83;244.26;253.84;251.12;253.11;254.66;253.84;248.69;247.96;247.28;245.09;238.84;227.65;233.06;230.50;230.92;231.76;231.45;232.77,HALAL,"Business activity permissible — debt ratio not verified, cross-check Musaffa/Zoya",
WRK,BUSINESS_PRODUCTS,PAPER & PAPER PRODUCTS,,,,,HALAL,"Business activity permissible — debt ratio not verified, cross-check Musaffa/Zoya",
SLVM,BUSINESS_PRODUCTS,PAPER & PAPER PRODUCTS,16,35.56999969482422,-0.12373969817880515,40.41;37.91;37.79;39.66;39.24;41.31;41.79;40.69;41.26;42.42;41.82;43.14;41.86;40.67;42.50;42.85;43.15;43.48;43.20;40.70;37.82;36.98;35.40;37.73;37.60;38.97;38.70;38.16;38.20;39.60;41.12;40.55;39.13;38.32;39.36;38.89;37.37;38.10;38.72;38.29;39.28;37.58;38.34;37.44;37.50;37.71;38.25;37.41;39.38;37.78;40.30;38.43;38.39;36.92;36.72;36.91;36.69;36.37;34.52;35.53;35.39;35.03;35.25;35.98;35.57,HALAL,"Business activity permissible — debt ratio not verified, cross-check Musaffa/Zoya",
GLT,BUSINESS_PRODUCTS,PAPER & PAPER PRODUCTS,,,,,HALAL,"Business activity permissible — debt ratio not verified, cross-check Musaffa/Zoya",
DCI,BUSINESS_PRODUCTS,POLLUTION CONTROL,42,86.44000244140625,0.014588125558623544,84.56;83.51;85.05;86.51;83.28;84.27;84.63;84.93;88.47;88.30;87.90;88.57;87.78;87.35;89.16;86.39;85.61;85.67;85.31;84.99;83.34;81.36;80.98;82.04;84.16;82.76;81.22;84.64;83.06;85.55;84.79;86.14;85.07;85.66;85.78;88.22;89.47;88.79;89.24;88.22;88.98;88.97;90.10;89.88;90.84;92.88;92.19;93.93;97.81;98.01;96.42;95.95;95.63;93.97;92.44;92.43;95.24;91.89;89.76;90.60;90.99;88.18;87.93;86.33;86.44,HALAL,"Business activity permissible — debt ratio not verified, cross-check Musaffa/Zoya",
CECE,BUSINESS_PRODUCTS,POLLUTION CONTROL,,,,,HALAL,"Business activity permissible — debt ratio not verified, cross-check Musaffa/Zoya",
CLH,BUSINESS_PRODUCTS,POLLUTION CONTROL,72,315.79998779296875,0.0929982895453132,290.55;289.46;286.10;288.29;279.00;286.73;297.00;298.86;302.16;303.60;296.00;300.70;304.82;310.32;307.33;306.44;311.43;313.70;282.37;293.45;302.95;303.76;291.98;282.56;286.67;280.71;281.00;286.63;283.03;287.99;286.78;284.03;287.25;289.36;298.78;301.65;298.75;291.20;297.93;301.91;303.64;303.37;310.58;305.16;306.47;301.75;326.34;312.88;310.61;307.64;310.00;316.65;321.98;319.50;321.95;313.74;313.67;310.71;315.25;318.65;317.13;320.94;322.99;318.96;315.80,HALAL,"Business activity permissible — debt ratio not verified, cross-check Musaffa/Zoya",
ECOL,BUSINESS_PRODUCTS,POLLUTION CONTROL,,,,,HALAL,"Business activity permissible — debt ratio not verified, cross-check Musaffa/Zoya",
TISI,BUSINESS_PRODUCTS,POLLUTION CONTROL,95,27.950000762939453,0.7791216228562285,13.78;13.78;16.12;15.41;15.62;15.94;16.20;17.01;16.23;16.14;16.32;17.19;17.22;16.78;17.06;17.29;17.50;17.25;17.29;15.99;15.75;16.05;16.21;16.50;16.40;15.81;15.46;17.00;17.72;17.50;16.54;16.98;16.84;16.81;16.89;16.88;17.28;17.54;16.76;16.36;16.41;16.73;16.41;16.55;16.64;17.00;17.64;17.40;16.75;17.01;16.55;22.00;22.12;23.32;22.80;22.97;23.01;24.74;24.75;26.75;27.00;26.52;26.90;26.92;27.95,HALAL,"Business activity permissible — debt ratio not verified, cross-check Musaffa/Zoya",
CTVA,CHEMICAL,CHEMICALS-AGRICULTURAL,59,80.52999877929688,0.021179610632770407,79.70;77.72;77.42;81.67;81.63;83.34;85.08;84.95;83.19;83.14;80.96;79.98;79.99;79.28;79.07;79.02;80.49;83.53;78.72;82.46;82.98;81.85;78.64;78.69;78.74;80.24;77.51;77.63;76.87;74.85;74.70;75.55;77.21;78.69;79.92;82.44;84.51;85.62;86.57;83.68;85.89;84.27;87.11;86.76;88.59;87.39;90.32;78.54;78.14;76.70;76.31;75.37;76.52;77.74;79.29;82.63;82.70;83.72;87.73;88.62;85.90;84.49;82.54;81.01;80.53,HALAL,"Business activity permissible — debt ratio not verified, cross-check Musaffa/Zoya",
FMC,CHEMICAL,CHEMICALS-AGRICULTURAL,6,10.09000015258789,-0.27286165231537063,14.09;13.77;14.06;15.26;15.58;17.10;17.63;17.52;17.09;17.94;17.30;17.05;15.76;14.35;15.45;14.55;14.72;14.77;13.59;13.02;12.64;14.07;12.67;12.92;12.89;13.48;13.25;12.26;11.56;11.42;11.19;11.43;11.90;10.95;11.24;11.67;11.50;11.35;11.59;10.89;10.91;10.83;11.21;11.37;11.69;11.12;10.01;10.71;10.55;10.55;10.46;10.24;10.15;10.12;10.88;11.28;11.08;11.33;11.88;12.98;12.81;12.08;10.98;10.80;10.09,HALAL,"Business activity permissible — debt ratio not verified, cross-check Musaffa/Zoya",
AGRO,CHEMICAL,CHEMICALS-AGRICULTURAL,79,11.460000038146973,0.06845067782667247,12.34;14.48;13.08;14.57;13.93;14.89;15.09;14.90;13.94;14.14;13.19;12.36;13.38;13.15;12.94;14.29;13.78;14.24;13.37;13.49;13.65;13.11;13.32;13.62;12.51;12.63;12.58;12.19;11.42;11.29;11.69;10.90;9.64;9.15;9.11;9.41;9.55;9.64;9.62;10.00;10.38;10.25;10.07;10.78;10.77;10.24;9.71;9.97;9.19;9.36;9.66;9.29;8.91;9.81;10.94;11.26;11.08;10.74;12.02;11.60;12.24;12.33;11.72;11.62;11.46,HALAL,"Business activity permissible — debt ratio not verified, cross-check Musaffa/Zoya",
SQM,CHEMICAL,CHEMICALS-AGRICULTURAL,53,67.72000122070312,-0.062448963166021776,74.81;72.43;73.14;76.80;80.23;78.53;80.73;76.18;79.72;85.02;85.01;86.15;84.62;82.90;88.57;88.30;89.92;89.88;88.87;91.67;89.90;82.68;78.94;77.80;78.92;82.47;81.85;77.10;74.01;74.24;78.93;81.71;81.43;77.17;74.16;70.25;72.65;71.34;72.02;72.70;70.59;70.18;68.50;67.55;68.02;67.50;66.28;65.80;67.29;71.09;71.47;69.91;72.92;73.07;76.98;80.78;76.81;77.15;79.00;78.28;75.66;72.49;69.73;68.68;67.72,HALAL,"Business activity permissible — debt ratio not verified, cross-check Musaffa/Zoya",
DOW,CHEMICAL,CHEMICALS-BASIC,45,28.729999542236328,-0.1982813616895348,36.12;36.69;35.27;38.77;39.95;40.76;40.51;40.52;37.23;39.25;38.01;34.84;37.49;37.70;37.28;38.70;39.43;39.93;36.52;37.93;38.01;37.92;36.93;35.14;34.52;34.03;34.29;34.99;33.58;32.84;33.24;32.85;32.13;30.44;29.04;28.71;27.05;27.39;28.31;28.17;30.02;29.36;29.58;30.12;30.55;28.42;30.10;29.94;29.98;29.95;30.23;30.22;30.71;30.83;32.52;31.08;29.98;30.16;30.46;30.36;29.57;29.64;28.90;30.08;28.73,HALAL,"Business activity permissible — debt ratio not verified, cross-check Musaffa/Zoya",
LYB,CHEMICAL,CHEMICALS-BASIC,63,61.93000030517578,-0.12553468466828277,69.74;73.04;70.01;75.61;78.80;78.91;77.97;78.62;70.79;73.96;71.63;64.91;69.96;69.27;69.57;71.79;73.46;76.17;70.05;72.03;72.23;73.52;71.55;68.65;67.60;66.95;66.45;66.61;63.84;62.99;62.82;62.65;61.18;57.92;55.55;55.16;52.11;52.81;54.04;54.82;57.72;57.41;58.57;60.56;61.09;58.02;59.87;61.45;60.49;60.81;62.01;62.16;63.11;64.66;67.40;65.20;62.62;63.67;65.17;64.76;64.59;64.30;62.75;64.90;61.93,HALAL,"Business activity permissible — debt ratio not verified, cross-check Musaffa/Zoya",
CE,CHEMICAL,CHEMICALS-BASIC,,,,,HALAL,"Business activity permissible — debt ratio not verified, cross-check Musaffa/Zoya",
WLK,CHEMICAL,CHEMICALS-BASIC,13,69.06999969482422,-0.3754691064906658,110.00;109.80;107.10;112.75;111.83;115.31;117.86;121.80;115.70;118.60;113.76;111.16;114.16;110.80;109.76;109.97;113.51;103.43;96.12;96.30;91.08;87.45;87.52;86.96;87.63;87.06;85.78;85.79;84.05;85.51;86.66;86.84;82.90;77.41;75.34;76.09;72.49;74.25;75.74;73.96;75.54;76.51;77.09;75.69;74.71;71.83;71.75;70.01;80.07;76.93;78.54;78.62;79.00;76.98;78.30;75.96;74.61;75.71;74.23;74.60;74.75;71.62;68.96;70.66;69.07,HALAL,"Business activity permissible — debt ratio not verified, cross-check Musaffa/Zoya",
OLN,CHEMICAL,CHEMICALS-BASIC,7,16.84000015258789,-0.3062954656257575,25.31;25.13;24.80;27.52;28.48;29.18;28.04;29.59;27.88;28.89;27.25;25.61;26.67;25.74;26.34;26.88;28.08;28.18;26.27;27.90;27.87;26.47;25.66;25.72;25.83;26.44;25.45;25.47;24.26;24.23;23.92;25.01;22.74;21.29;20.75;21.48;19.59;19.81;20.50;19.96;20.91;21.61;21.74;22.89;23.37;21.63;21.94;18.30;18.83;18.53;18.61;18.51;18.88;18.27;18.42;17.37;17.32;17.15;17.13;16.97;17.89;17.31;16.88;17.02;16.84,HALAL,"Business activity permissible — debt ratio not verified, cross-check Musaffa/Zoya",
HUN,CHEMICAL,CHEMICALS-BASIC,11,9.09000015258789,-0.2328820175209152,12.03;11.34;10.67;12.18;12.47;13.11;12.72;13.06;13.32;13.83;13.39;13.15;13.53;13.35;13.51;13.05;14.41;14.77;14.52;14.62;14.17;13.49;13.12;14.16;14.52;15.24;14.77;14.51;14.00;14.32;14.85;15.74;12.61;11.39;11.21;11.30;10.52;10.72;10.87;10.71;11.50;11.84;11.68;12.49;12.69;11.63;11.85;9.67;10.33;10.04;10.26;10.05;10.20;9.95;10.06;9.51;9.54;9.38;9.30;9.31;9.71;9.44;9.21;9.19;9.09,HALAL,"Business activity permissible — debt ratio not verified, cross-check Musaffa/Zoya",
TROX,CHEMICAL,CHEMICALS-BASIC,9,4.210000038146973,-0.38871444487801576,7.74;7.27;7.25;8.81;9.00;9.64;9.06;9.21;8.78;9.38;9.16;9.00;9.47;9.31;10.01;9.53;10.19;10.34;8.31;9.26;8.72;7.93;7.63;7.64;7.59;8.24;7.98;8.01;7.28;7.03;7.68;7.97;7.51;7.28;6.80;6.64;6.25;6.16;6.07;6.06;6.07;6.02;5.80;6.44;6.33;6.05;6.01;5.80;5.89;6.90;6.22;6.17;5.96;5.54;5.61;5.39;5.47;5.40;5.04;4.88;4.80;4.59;4.32;4.29;4.21,HALAL,"Business activity permissible — debt ratio not verified, cross-check Musaffa/Zoya",
CF,CHEMICAL,CHEMICALS-FERTILIZERS,86,127.69999694824219,-0.005309959811605536,122.16;124.41;119.08;126.94;135.20;128.65;128.78;132.55;118.29;120.56;119.70;111.65;120.20;124.44;122.50;125.62;121.56;126.87;117.59;123.34;124.35;124.60;127.20;121.07;118.55;115.90;112.72;116.00;112.91;108.02;106.01;106.35;105.31;103.07;102.56;105.16;107.71;109.97;114.35;113.44;120.30;117.22;120.80;122.33;126.06;119.17;126.70;124.55;117.50;116.13;120.86;119.39;118.30;119.72;125.70;129.24;125.70;125.79;135.60;137.81;134.33;135.11;131.24;131.99;127.70,HALAL,"Business activity permissible — debt ratio not verified, cross-check Musaffa/Zoya",
MOS,CHEMICAL,CHEMICALS-FERTILIZERS,39,24.479999542236328,-0.14915734918002144,28.30;25.72;23.64;25.71;24.54;25.03;25.69;25.89;24.81;24.09;23.29;24.12;23.76;23.83;22.79;22.61;22.72;22.83;22.49;21.39;22.36;21.36;21.01;21.76;22.43;23.86;23.13;23.10;22.05;21.10;20.91;22.33;22.32;21.82;20.68;22.19;21.01;20.95;20.94;20.58;22.12;22.85;21.94;21.79;22.09;22.15;22.43;21.93;22.52;23.26;23.27;22.41;21.43;20.96;23.15;23.80;23.96;23.40;24.57;25.28;26.31;25.40;25.05;24.79;24.48,HALAL,"Business activity permissible — debt ratio not verified, cross-check Musaffa/Zoya",
NTR,CHEMICAL,CHEMICALS-FERTILIZERS,76,77.08999633789062,-0.054287711863217014,78.27;74.82;71.69;75.39;74.43;74.78;74.79;76.19;72.13;73.71;72.69;69.99;72.02;71.54;71.72;73.46;74.54;76.55;67.77;70.65;70.65;70.92;70.95;69.61;69.31;69.02;68.94;68.19;66.60;65.75;64.97;65.54;63.70;61.69;59.83;60.43;62.95;65.06;65.32;64.57;67.60;68.33;67.28;66.84;68.54;67.40;70.59;69.07;66.92;66.76;66.31;67.18;68.24;69.40;73.12;74.29;73.61;73.51;77.69;80.73;80.68;78.74;77.00;77.68;77.09,HALAL,"Business activity permissible — debt ratio not verified, cross-check Musaffa/Zoya",
ICL,CHEMICAL,CHEMICALS-FERTILIZERS,40,5.360000133514404,0.016587654151277054,5.28;5.10;4.98;5.06;5.11;5.09;5.14;5.24;5.22;5.34;5.23;5.14;5.11;5.12;5.44;5.23;5.34;5.50;5.89;6.38;6.70;6.29;6.38;6.35;6.45;6.63;6.36;6.06;5.54;5.53;5.61;5.69;5.19;5.02;5.02;4.97;4.93;4.98;4.90;4.80;4.88;5.05;5.00;5.20;5.25;5.10;5.05;5.01;5.10;5.22;5.29;5.42;5.49;5.36;5.46;5.69;5.62;5.54;5.71;5.83;5.86;5.72;5.51;5.48;5.36,HALAL,"Business activity permissible — debt ratio not verified, cross-check Musaffa/Zoya",
UAN,CHEMICAL,CHEMICALS-FERTILIZERS,89,133.91000366210938,0.10893551023152015,118.90;121.00;117.59;127.34;126.29;116.76;116.15;120.29;110.15;116.21;114.06;113.37;117.07;120.05;123.86;122.85;117.99;124.52;117.38;125.84;124.28;123.28;120.73;116.85;117.78;116.87;114.23;115.90;112.91;111.16;107.99;106.03;105.93;104.73;102.85;104.22;106.12;108.52;109.41;110.66;112.33;110.58;113.30;114.79;117.95;114.28;116.67;122.79;120.03;120.42;117.01;119.53;123.50;121.11;124.49;125.07;126.23;125.28;130.25;131.51;132.90;135.83;132.61;132.78;133.91,HALAL,"Business activity permissible — debt ratio not verified, cross-check Musaffa/Zoya",
SHW,CHEMICAL,CHEMICALS-PAINTS,34,320.7300109863281,0.007895581533603258,319.13;308.86;312.42;320.38;313.83;318.98;316.45;312.43;334.09;332.75;327.23;343.86;332.98;336.01;334.46;316.30;316.45;310.93;318.65;311.17;304.84;298.63;297.59;307.83;310.53;304.44;294.18;295.81;304.60;309.83;316.16;319.50;313.08;316.17;332.36;343.28;343.53;351.67;341.47;331.26;328.21;331.52;330.56;317.73;309.82;326.52;343.09;340.06;360.74;362.58;361.87;359.37;358.27;344.47;346.11;346.73;348.66;344.86;329.95;332.26;326.09;317.44;324.50;321.46;320.73,HALAL,"Business activity permissible — debt ratio not verified, cross-check Musaffa/Zoya",
PPG,CHEMICAL,CHEMICALS-PAINTS,32,104.5199966430664,0.038921826007784155,102.59;97.14;100.79;105.34;102.51;105.53;101.94;100.95;108.32;108.84;106.36;113.40;109.52;108.90;108.91;103.37;106.15;105.07;107.56;107.28;104.81;102.01;101.07;105.97;108.86;112.16;111.38;110.70;113.10;115.64;117.51;120.78;116.42;118.18;120.23;122.48;120.54;124.56;119.48;115.24;113.14;114.60;116.63;114.99;113.05;117.74;111.14;109.84;117.07;116.44;115.48;114.60;114.11;112.81;112.44;113.23;114.42;114.22;109.70;110.75;109.72;105.05;105.25;104.98;104.52,HALAL,"Business activity permissible — debt ratio not verified, cross-check Musaffa/Zoya",
RPM,CHEMICAL,CHEMICALS-PAINTS,24,98.37000274658203,-0.0036207516502378967,100.17;95.57;95.37;97.82;96.54;98.37;96.96;95.71;109.82;108.31;104.60;109.23;106.72;105.14;104.44;100.16;100.81;98.89;100.86;99.02;96.64;94.74;94.50;98.69;102.36;106.35;104.07;103.26;104.41;106.84;106.96;108.28;106.46;106.99;109.12;111.87;110.56;111.03;107.71;102.82;101.97;103.04;105.08;101.53;104.77;107.77;108.37;107.07;115.09;115.65;115.93;115.07;113.82;110.55;110.31;106.36;107.05;106.65;101.85;103.43;102.27;99.31;100.81;99.78;98.37,HALAL,"Business activity permissible — debt ratio not verified, cross-check Musaffa/Zoya",
AXTA,CHEMICAL,CHEMICALS-PAINTS,53,32.20000076293945,0.16708954638839146,28.10;26.10;26.42;27.66;26.85;27.70;26.82;26.13;28.50;28.62;28.09;30.00;29.09;29.34;29.43;28.21;27.73;27.16;28.57;28.39;27.91;26.81;27.76;29.13;30.01;30.19;30.39;31.18;32.18;32.85;32.68;33.77;34.00;34.33;34.66;34.50;34.22;35.11;34.25;32.55;32.07;32.43;32.34;32.46;31.68;33.74;34.83;35.81;37.61;37.54;37.44;37.28;37.31;35.42;35.50;36.06;36.61;37.02;35.08;35.97;35.53;34.02;33.67;33.29;32.20,HALAL,"Business activity permissible — debt ratio not verified, cross-check Musaffa/Zoya",
EMN,CHEMICAL,CHEMICALS-PLASTICS,37,65.69000244140625,-0.02851532921644706,69.59;67.14;66.41;69.72;69.52;74.52;73.30;72.79;71.00;72.27;71.04;72.04;70.75;70.23;70.41;68.76;75.70;75.47;71.95;72.88;72.09;69.89;66.54;71.47;72.64;74.56;73.71;73.07;70.15;71.21;71.59;74.34;71.22;71.06;69.52;69.82;66.14;68.00;68.75;66.37;66.37;67.00;67.74;68.13;67.07;66.83;66.44;69.07;72.97;72.58;72.50;71.63;73.14;72.08;72.86;71.78;72.02;72.11;69.26;69.88;69.51;67.52;66.16;65.07;65.69,HALAL,"Business activity permissible — debt ratio not verified, cross-check Musaffa/Zoya",
ASH,CHEMICAL,CHEMICALS-PLASTICS,76,69.05999755859375,0.4001468851258083,50.82;49.54;49.27;52.92;52.49;54.89;53.69;53.65;55.59;55.82;54.95;57.76;56.62;56.07;56.95;48.51;51.15;51.58;53.76;53.38;55.77;53.79;53.97;55.53;57.11;56.58;57.68;56.67;55.88;62.14;65.15;65.07;63.99;67.30;63.08;63.57;65.51;66.63;65.35;64.63;65.54;67.88;68.25;68.12;66.18;66.00;72.42;72.19;71.91;72.04;74.97;74.29;73.29;73.21;72.40;73.29;73.89;73.94;75.64;73.20;72.62;70.70;69.67;70.48;69.06,HALAL,"Business activity permissible — debt ratio not verified, cross-check Musaffa/Zoya",
BCPC,CHEMICAL,CHEMICALS-PLASTICS,50,167.0500030517578,-0.011713871749619686,167.13;164.29;164.29;166.96;166.95;169.48;170.42;170.02;175.07;176.51;174.50;177.66;175.68;176.53;175.12;173.33;161.52;161.13;159.50;158.93;160.65;159.02;159.21;161.75;161.50;160.26;156.30;156.62;159.91;162.32;165.34;163.68;164.38;165.57;169.28;171.22;168.95;168.80;168.11;163.53;161.44;162.70;163.35;161.12;161.00;164.79;163.71;167.56;174.78;180.42;177.19;179.76;178.51;177.00;179.63;177.50;179.79;178.44;173.31;171.74;170.56;166.67;166.83;167.60;167.05,HALAL,"Business activity permissible — debt ratio not verified, cross-check Musaffa/Zoya",
GPRE,CHEMICAL,CHEMICALS-PLASTICS,75,15.149999618530273,-0.041745780111903774,16.70;16.51;15.36;16.19;16.89;16.45;16.96;15.70;15.21;15.67;15.41;14.82;16.21;16.32;16.46;17.25;17.76;18.25;16.46;17.15;16.81;17.14;16.20;15.07;15.83;15.81;16.15;15.90;14.97;14.80;14.91;14.39;14.53;15.06;14.64;15.09;15.38;15.51;15.80;16.63;17.31;16.77;19.23;17.67;17.20;16.44;16.37;16.85;17.03;15.20;15.09;15.11;15.59;16.18;16.02;14.97;14.88;14.66;14.75;14.96;15.78;15.34;14.61;15.06;15.15,HALAL,"Business activity permissible — debt ratio not verified, cross-check Musaffa/Zoya",
LIN,CHEMICAL,CHEMICALS-SPECIALTY,36,460.3999938964844,-0.061838294571985086,490.88;486.65;474.98;489.18;487.96;492.58;499.37;491.41;500.07;505.60;494.74;489.07;491.66;504.80;507.47;501.47;504.66;497.08;490.68;501.16;509.96;502.86;502.82;511.20;511.66;498.76;494.21;504.31;506.23;513.90;513.75;519.77;514.16;515.01;514.04;517.91;517.24;544.85;536.46;523.83;522.34;512.46;511.54;503.37;504.66;505.36;509.49;476.81;483.05;488.50;490.84;477.86;481.16;477.14;479.71;488.42;488.72;487.90;485.16;482.19;468.38;461.62;464.41;462.09;460.40,HALAL,"Business activity permissible — debt ratio not verified, cross-check Musaffa/Zoya",
APD,CHEMICAL,CHEMICALS-SPECIALTY,53,284.17999267578125,-0.0008398215548189869,282.61;280.64;275.21;286.50;288.58;286.90;291.74;290.58;295.90;296.81;293.39;290.01;292.96;301.78;300.51;300.63;299.21;302.05;293.17;302.62;304.31;293.56;289.97;288.40;287.81;281.90;277.17;280.53;280.61;281.23;276.40;281.21;280.01;281.36;277.01;276.08;291.37;314.19;305.05;295.85;301.96;293.69;295.62;296.39;294.29;292.58;294.27;294.89;294.71;299.92;308.18;304.07;308.97;303.23;300.33;306.24;306.66;308.09;305.32;304.22;297.71;293.65;287.13;287.08;284.18,HALAL,"Business activity permissible — debt ratio not verified, cross-check Musaffa/Zoya",
ECL,CHEMICAL,CHEMICALS-SPECIALTY,41,269.4599914550781,-0.009270349859772264,271.13;257.31;259.73;267.10;259.97;264.59;262.86;260.85;271.01;273.72;268.92;273.33;269.39;269.99;266.44;255.23;258.12;256.27;255.17;249.75;248.28;246.29;244.41;248.84;252.87;258.85;249.13;254.30;256.59;263.02;262.22;267.14;268.35;268.63;275.56;282.90;277.87;282.61;282.33;272.31;271.13;269.53;272.11;263.50;262.44;270.66;282.95;276.89;282.39;282.71;283.65;277.69;275.38;279.26;280.73;286.22;289.83;285.99;279.51;278.23;277.37;270.88;274.78;274.08;269.46,HALAL,"Business activity permissible — debt ratio not verified, cross-check Musaffa/Zoya",
ALB,CHEMICAL,CHEMICALS-SPECIALTY,17,110.91000366210938,-0.2948569830918326,165.34;162.30;166.57;180.32;178.39;178.47;177.04;172.51;171.33;184.34;184.29;196.58;197.25;192.00;198.35;189.75;192.74;193.67;197.18;208.75;199.76;179.32;168.00;168.90;173.66;175.28;170.12;167.35;154.52;151.89;158.12;168.33;166.00;156.16;147.34;133.25;134.58;135.10;128.59;127.99;125.37;124.32;120.37;118.22;116.52;115.79;113.50;117.25;120.41;125.00;130.77;127.91;135.69;132.26;133.74;141.03;134.06;136.90;135.08;131.72;129.13;121.70;115.03;109.47;110.91,HALAL,"Business activity permissible — debt ratio not verified, cross-check Musaffa/Zoya",
FUL,CHEMICAL,CHEMICALS-SPECIALTY,14,49.40999984741211,-0.08160560078324064,54.34;49.88;51.59;56.23;58.67;61.16;60.00;57.29;63.14;64.02;60.87;63.88;62.67;62.60;62.32;59.33;59.69;59.39;60.40;60.08;59.09;57.80;56.66;56.12;60.29;63.31;61.56;61.25;59.62;61.76;63.32;64.14;64.49;64.03;64.32;62.97;58.03;57.80;57.32;54.86;55.81;56.75;56.71;55.75;54.88;56.28;55.51;55.30;58.90;59.17;61.25;60.17;62.75;59.89;59.16;57.99;58.05;56.35;53.82;53.67;53.04;51.65;50.97;50.83;49.41,HALAL,"Business activity permissible — debt ratio not verified, cross-check Musaffa/Zoya",
CC,CHEMICAL,CHEMICALS-SPECIALTY,16,14.34000015258789,-0.17618605511451157,18.81;18.76;18.33;20.58;21.40;21.83;21.35;22.13;21.64;22.84;22.82;22.96;23.50;23.97;26.23;26.10;27.47;27.68;22.20;25.03;24.95;23.00;21.62;21.32;21.97;22.59;22.19;22.48;20.38;20.10;21.40;22.30;21.89;21.34;21.05;20.62;20.40;18.90;18.74;17.29;18.02;18.40;17.42;17.82;17.37;16.88;16.39;16.51;17.83;15.02;14.51;15.15;15.85;15.42;15.69;15.39;15.78;15.62;15.10;15.48;15.45;15.07;14.58;14.42;14.34,HALAL,"Business activity permissible — debt ratio not verified, cross-check Musaffa/Zoya",
AVNT,CHEMICAL,CHEMICALS-SPECIALTY,71,40.36000061035156,0.2037205651044851,33.61;31.59;32.99;35.76;35.05;35.79;34.58;34.23;36.93;37.26;36.98;38.01;37.55;36.57;36.64;35.67;36.25;36.63;36.01;35.49;33.85;33.30;32.18;33.64;34.80;35.67;34.13;34.02;33.46;34.95;36.01;37.01;36.34;37.03;36.58;37.66;36.72;37.06;37.85;35.74;35.34;35.62;36.73;36.66;36.40;36.20;35.68;36.08;37.92;42.37;45.35;45.03;46.03;43.17;43.44;44.13;44.48;44.38;42.34;42.63;42.33;41.44;41.16;40.93;40.36,HALAL,"Business activity permissible — debt ratio not verified, cross-check Musaffa/Zoya",
VVV,CHEMICAL,CHEMICALS-SPECIALTY,7,26.760000228881836,-0.20357138559120658,34.03;32.82;33.69;35.20;33.42;33.68;33.33;33.59;34.81;33.31;33.09;34.56;33.79;32.33;32.99;32.30;32.61;32.43;35.87;34.50;32.09;32.39;32.17;33.22;33.96;34.18;33.43;34.65;35.73;37.10;37.81;38.14;37.44;37.54;39.61;40.20;39.54;39.08;38.85;37.98;38.55;39.38;39.97;39.45;38.31;39.56;39.65;38.41;39.28;35.62;33.72;33.30;34.19;33.63;33.81;33.37;32.72;32.11;31.84;31.69;30.59;30.21;30.37;27.13;26.76,HALAL,"Business activity permissible — debt ratio not verified, cross-check Musaffa/Zoya",
KOP,CHEMICAL,CHEMICALS-SYNTHETIC FIBERS,83,45.33000183105469,0.20512206297471436,37.56;37.30;35.95;37.71;37.76;38.52;37.14;36.52;36.89;38.26;37.39;37.53;37.37;38.49;41.18;39.64;41.74;41.18;40.99;42.90;42.51;40.51;38.15;39.47;41.37;41.12;41.11;43.01;40.73;41.78;41.44;44.31;43.57;44.33;43.79;45.03;44.81;46.12;46.67;46.50;47.68;48.38;49.04;51.37;49.86;49.51;49.11;48.92;51.89;52.23;50.44;45.25;47.05;45.35;45.79;45.74;46.25;46.56;45.93;46.86;47.12;46.35;46.00;46.72;45.33,HALAL,"Business activity permissible — debt ratio not verified, cross-check Musaffa/Zoya",
GEF,CHEMICAL,CHEMICALS-SYNTHETIC FIBERS,81,82.70999908447266,0.25740778071275683,65.09;62.34;63.86;65.66;65.30;65.98;65.88;66.32;69.06;68.33;66.36;68.75;67.58;66.26;65.30;64.38;65.75;66.55;66.90;65.53;64.31;61.68;60.33;63.06;63.30;62.78;61.39;62.09;62.56;64.38;65.99;68.24;69.38;68.70;72.14;74.30;73.93;74.62;72.91;71.55;70.83;72.71;75.75;75.12;76.22;79.73;86.56;85.90;88.67;88.51;86.76;87.36;86.70;86.16;85.78;85.35;84.87;83.45;82.47;84.38;84.06;83.01;81.02;82.28;82.71,HALAL,"Business activity permissible — debt ratio not verified, cross-check Musaffa/Zoya",
AMAT,CHIPS,ELEC-SEMICONDUCTOR EQUIPMENT,91,444.57000732421875,0.304713006343424,351.65;356.39;360.95;368.49;336.39;341.00;347.67;353.49;396.89;394.82;393.35;396.02;393.42;402.98;403.93;381.71;388.18;409.87;409.69;442.60;435.60;435.61;405.97;426.90;454.40;449.20;457.68;500.24;452.53;498.68;552.05;585.15;592.29;639.50;588.34;626.17;722.23;602.40;553.91;588.03;574.78;578.81;529.09;563.95;562.20;516.34;435.98;507.13;546.04;526.92;521.56;547.56;506.64;513.78;496.21;484.19;479.76;461.67;441.85;435.91;472.79;454.01;424.21;415.38;444.57,HALAL,"Business activity permissible — debt ratio not verified, cross-check Musaffa/Zoya",
LRCX,CHIPS,ELEC-SEMICONDUCTOR EQUIPMENT,93,288.1099853515625,0.35868489128909586,226.31;233.83;233.15;233.29;211.26;213.51;218.29;224.19;258.58;267.13;264.97;267.41;258.19;258.38;259.29;248.57;256.54;275.61;286.32;295.84;295.23;284.52;273.19;302.03;322.45;317.78;316.90;343.47;303.07;326.93;362.26;388.65;374.18;409.54;374.80;379.09;433.33;351.41;326.13;353.17;329.92;335.43;313.30;322.00;319.78;291.61;252.35;293.02;317.74;305.77;306.40;326.11;332.36;327.92;310.53;310.17;312.88;301.90;290.20;292.66;320.42;298.01;273.49;269.23;288.11,HALAL,"Business activity permissible — debt ratio not verified, cross-check Musaffa/Zoya",
KLAC,CHIPS,ELEC-SEMICONDUCTOR EQUIPMENT,79,176.99000549316406,0.25060763687665544,147.78;150.79;150.78;154.01;143.97;146.89;151.32;154.51;172.31;176.45;174.39;178.71;178.11;181.11;189.54;181.18;172.21;172.87;175.90;184.08;184.53;180.00;173.86;184.01;200.91;192.55;193.78;212.27;192.70;213.70;240.89;256.13;238.46;268.86;240.21;248.36;301.37;235.28;216.23;229.26;222.00;224.25;212.51;217.31;218.48;203.13;170.00;182.61;195.23;193.00;192.52;208.01;203.49;194.79;185.86;181.57;183.83;175.54;170.89;172.94;188.98;177.18;169.09;167.36;176.99,HALAL,"Business activity permissible — debt ratio not verified, cross-check Musaffa/Zoya",
ASML,CHIPS,ELEC-SEMICONDUCTOR EQUIPMENT,88,1679.9200439453125,0.2527155860850574,1384.34;1361.65;1364.87;1389.06;1297.95;1316.25;1312.66;1301.92;1443.62;1495.00;1476.63;1454.74;1453.91;1412.88;1430.59;1392.28;1425.18;1441.06;1514.64;1563.79;1579.54;1499.87;1457.55;1589.94;1629.92;1603.70;1626.47;1724.13;1639.62;1775.47;1897.03;1890.22;1865.42;1926.76;1760.49;1792.30;1986.87;1767.03;1745.02;1801.92;1723.81;1812.93;1745.32;1799.18;1800.67;1653.12;1550.69;1629.00;1711.89;1704.37;1733.48;1810.07;1844.08;1802.98;1750.31;1740.13;1745.64;1696.16;1665.14;1646.19;1764.85;1687.43;1575.15;1602.22;1679.92,HALAL,"Business activity permissible — debt ratio not verified, cross-check Musaffa/Zoya",
ENTG,CHIPS,ELEC-SEMICONDUCTOR EQUIPMENT,84,142.25,0.31574563961919644,115.90;115.68;114.83;122.99;113.42;117.06;116.22;118.37;132.43;137.86;136.79;145.84;146.76;149.10;156.20;149.24;142.17;149.16;147.54;149.02;144.92;132.96;124.11;131.28;142.00;138.32;135.62;140.21;125.30;134.24;144.80;162.75;157.21;183.84;171.31;161.29;179.71;146.54;134.97;145.98;136.15;138.57;138.62;140.05;135.19;126.26;107.01;119.05;144.56;142.65;144.21;161.08;161.76;150.27;144.63;138.25;142.46;134.92;129.51;130.70;141.09;137.40;128.52;130.20;142.25,HALAL,"Business activity permissible — debt ratio not verified, cross-check Musaffa/Zoya",
ACLS,CHIPS,ELEC-SEMICONDUCTOR EQUIPMENT,45,109.31999969482422,0.3141002102004058,85.15;87.12;85.77;100.85;97.35;93.08;95.09;96.87;108.24;110.74;117.88;118.73;133.19;139.86;137.46;133.61;139.99;139.70;158.66;165.08;162.15;155.18;143.23;152.51;164.27;155.55;150.42;159.19;147.16;164.57;173.57;191.60;175.45;183.92;168.91;173.23;189.45;144.50;131.54;142.93;136.56;145.01;136.42;143.21;141.51;128.11;112.05;130.38;139.70;136.66;132.65;142.14;140.15;135.39;124.97;123.49;120.36;115.57;110.09;110.37;119.17;113.30;105.31;103.75;109.32,HALAL,"Business activity permissible — debt ratio not verified, cross-check Musaffa/Zoya",
ICHR,CHIPS,ELEC-SEMICONDUCTOR EQUIPMENT,96,54.79999923706055,0.3227129817378851,47.62;51.12;48.77;51.16;45.23;46.61;48.12;48.85;55.21;60.47;64.33;65.75;64.52;68.41;70.68;63.73;64.42;67.77;71.23;76.95;74.32;73.27;64.58;65.32;72.73;70.15;70.01;72.45;62.91;71.60;84.04;89.47;89.45;99.61;89.38;94.00;112.28;98.22;85.01;96.44;90.41;93.17;82.87;95.85;94.02;78.30;62.25;75.27;71.27;65.33;64.77;69.19;71.05;66.08;58.87;56.91;57.62;55.44;51.76;52.82;58.17;55.77;51.38;51.42;54.80,HALAL,"Business activity permissible — debt ratio not verified, cross-check Musaffa/Zoya",
ONTO,CHIPS,ELEC-SEMICONDUCTOR EQUIPMENT,91,263.42999267578125,0.3899118576080356,196.61;209.46;209.79;221.04;204.23;205.07;215.53;219.11;246.96;252.61;258.90;290.76;290.11;292.31;298.28;284.34;292.92;305.00;274.17;287.52;276.97;271.77;248.08;261.45;274.17;258.81;255.71;279.98;253.24;274.03;303.53;335.96;318.92;347.87;322.24;323.92;378.45;307.58;279.93;317.02;304.21;304.73;279.85;299.05;291.27;262.33;218.31;258.58;287.60;268.70;291.35;337.35;331.71;315.42;298.84;282.91;291.88;270.79;256.37;252.46;281.11;268.92;250.13;243.64;263.43,HALAL,"Business activity permissible — debt ratio not verified, cross-check Musaffa/Zoya",
UCTT,CHIPS,ELEC-SEMICONDUCTOR EQUIPMENT,95,70.63999938964844,0.2850645410399515,58.60;62.63;61.12;65.04;58.87;62.18;63.16;63.39;72.78;76.96;76.08;79.51;77.55;78.24;81.09;72.01;74.61;83.14;79.90;85.45;85.03;85.94;76.98;80.58;87.46;87.29;84.70;92.55;82.07;91.88;104.83;113.55;111.61;123.14;108.42;118.82;142.59;106.48;90.78;106.19;98.25;102.11;92.43;105.15;100.56;86.97;69.57;83.31;84.54;83.14;82.27;90.65;84.93;81.82;73.01;72.78;73.08;69.48;65.11;66.59;75.62;71.13;66.39;66.53;70.64,HALAL,"Business activity permissible — debt ratio not verified, cross-check Musaffa/Zoya",
AEHR,CHIPS,ELEC-SEMICONDUCTOR EQUIPMENT,99,93.48999786376953,1.6209700774575015,37.09;37.76;37.15;39.03;32.52;37.08;44.32;50.25;68.86;71.66;73.22;83.86;93.72;95.51;88.48;81.81;93.07;91.19;91.26;104.56;103.25;99.50;81.14;91.30;109.92;99.99;93.62;114.59;98.45;94.31;103.03;115.88;112.62;113.33;95.20;91.81;96.06;69.96;66.94;76.21;68.02;87.79;81.05;98.91;88.51;77.48;65.40;79.98;109.89;99.74;106.20;129.23;134.06;123.25;105.97;96.43;91.12;80.81;76.59;76.27;90.79;93.81;83.37;84.25;93.49,HALAL,"Business activity permissible — debt ratio not verified, cross-check Musaffa/Zoya",
NVDA,CHIPS,ELEC-SEMICONDUCTOR FABLESS,72,222.27000427246094,0.2359393289826066,181.52;178.15;175.24;178.27;167.14;174.00;176.99;177.69;183.49;188.88;198.42;201.22;199.42;199.18;216.12;208.77;198.00;196.05;211.02;218.94;225.31;224.81;220.11;219.01;214.37;213.76;223.85;214.26;204.87;207.96;204.64;212.21;204.42;208.42;198.78;192.31;199.87;194.61;196.71;202.55;203.30;212.26;202.58;207.06;208.53;196.29;189.80;200.53;211.70;218.75;217.31;223.84;224.91;219.49;216.61;208.25;209.43;217.31;217.20;228.19;225.48;218.36;210.96;213.90;222.27,HALAL,"Semiconductors — halal core — debt ratio not verified, cross-check Musaffa/Zoya",
AVGO,CHIPS,ELEC-SEMICONDUCTOR FABLESS,39,357.6099853515625,0.11412743830812455,320.13;318.67;322.00;318.31;300.20;309.02;314.05;333.44;354.35;379.15;396.09;405.90;401.53;419.28;417.54;404.81;420.61;426.68;411.91;427.75;416.13;424.52;410.42;413.91;421.34;425.91;459.24;478.47;385.12;391.54;384.96;393.32;392.28;392.13;382.07;365.02;377.75;360.45;370.78;401.11;384.05;394.28;370.83;386.50;392.47;383.22;370.32;389.28;418.16;420.57;422.40;416.05;392.99;380.00;364.03;358.76;355.59;368.79;369.68;357.16;368.56;360.83;344.72;339.51;357.61,HALAL,"Business activity permissible — debt ratio not verified, cross-check Musaffa/Zoya",
QCOM,CHIPS,ELEC-SEMICONDUCTOR FABLESS,51,177.72000122070312,0.38150676124806826,130.40;130.09;127.19;129.17;125.96;127.61;125.65;122.94;126.59;130.05;131.84;134.96;134.33;132.73;148.90;154.58;175.40;184.86;200.71;235.37;211.24;199.66;193.84;211.47;246.56;241.08;226.91;247.74;214.77;204.31;201.86;219.61;211.82;220.70;196.34;188.36;183.79;175.30;181.98;190.08;182.98;177.02;170.85;172.56;170.18;169.12;154.84;146.81;161.79;159.52;161.29;162.19;164.89;159.32;159.87;157.67;162.83;163.30;165.71;168.57;174.09;176.88;180.15;184.84;177.72,HALAL,"Business activity permissible — debt ratio not verified, cross-check Musaffa/Zoya",
AMD,CHIPS,ELEC-SEMICONDUCTOR FABLESS,98,559.8200073242188,1.8947722689438313,196.31;205.27;202.68;220.27;201.99;203.43;217.50;221.53;236.64;246.83;258.12;278.39;284.49;305.33;334.63;337.11;360.54;355.26;408.46;458.79;445.50;424.10;414.05;449.59;503.89;518.09;510.13;542.52;466.38;475.51;488.45;547.26;512.48;551.63;519.74;521.58;580.91;517.82;516.11;546.72;534.39;529.14;495.76;544.43;539.69;494.95;429.56;476.15;518.58;489.28;469.56;482.93;514.39;484.39;469.46;456.75;480.93;465.58;459.61;456.16;505.74;503.60;493.41;512.50;559.82,HALAL,"Business activity permissible — debt ratio not verified, cross-check Musaffa/Zoya",
MRVL,CHIPS,ELEC-SEMICONDUCTOR FABLESS,98,244.25,1.7820687323835953,90.72;89.46;90.09;98.38;94.81;98.98;107.03;109.30;119.84;131.27;134.57;139.66;151.27;165.52;158.17;156.53;164.91;168.71;159.97;170.80;177.91;176.85;176.23;190.64;208.21;204.78;219.38;301.58;263.41;266.81;280.64;308.80;289.47;307.78;276.63;266.70;297.82;245.23;230.64;243.21;217.53;206.26;188.68;207.96;209.32;189.17;163.40;187.56;218.59;210.54;208.56;217.08;222.02;216.00;251.01;229.29;245.11;216.62;210.39;208.83;225.41;226.96;218.82;229.71;244.25,HALAL,"Business activity permissible — debt ratio not verified, cross-check Musaffa/Zoya",
MPWR,CHIPS,ELEC-SEMICONDUCTOR FABLESS,59,1217.800048828125,0.16103774675149873,1062.91;1088.85;1072.57;1114.73;1049.31;1091.68;1116.79;1189.41;1332.18;1370.14;1350.94;1466.11;1525.62;1589.74;1585.15;1524.51;1581.07;1585.70;1573.56;1658.57;1647.84;1547.66;1465.87;1558.87;1660.45;1630.68;1540.04;1687.32;1478.79;1529.65;1587.13;1649.77;1446.00;1535.54;1432.76;1311.32;1382.36;1288.16;1272.81;1374.13;1291.38;1352.66;1312.00;1383.26;1397.15;1339.08;1248.76;1426.03;1335.03;1359.08;1381.10;1425.01;1402.01;1333.18;1310.60;1285.03;1303.88;1256.26;1225.96;1213.65;1218.50;1186.08;1143.24;1147.61;1217.80,HALAL,"Business activity permissible — debt ratio not verified, cross-check Musaffa/Zoya",
MCHP,CHIPS,ELEC-SEMICONDUCTOR FABLESS,39,73.2699966430664,0.19600878956982992,63.88;62.60;63.64;64.45;61.32;63.90;64.88;66.77;70.44;72.75;73.67;77.90;80.04;89.65;85.89;89.18;92.92;97.40;100.47;97.95;95.65;92.82;90.81;90.11;97.46;95.47;90.97;95.97;87.81;90.92;92.38;99.72;93.55;102.10;91.93;87.40;90.65;84.13;83.65;87.73;83.73;85.74;80.48;82.88;80.86;77.43;70.94;73.85;80.19;73.92;80.90;78.96;78.70;77.72;75.36;74.21;74.05;72.93;71.41;73.11;73.38;71.58;71.48;69.59;73.27,HALAL,"Business activity permissible — debt ratio not verified, cross-check Musaffa/Zoya",
RMBS,CHIPS,ELEC-SEMICONDUCTOR FABLESS,16,87.5999984741211,-0.06818427312468944,93.50;94.62;93.35;95.93;89.73;86.03;93.03;91.87;105.58;113.16;120.02;126.93;130.45;138.50;141.31;112.16;111.93;118.00;126.60;134.51;134.85;127.05;122.03;141.82;157.23;148.02;147.48;170.66;145.31;146.84;144.47;143.29;130.10;140.35;124.52;114.73;132.74;112.92;105.93;114.13;103.11;102.89;101.44;105.79;103.19;96.42;82.81;91.03;100.55;97.68;95.89;101.01;100.85;93.71;92.15;87.07;90.03;85.76;84.40;84.34;86.89;85.35;80.39;81.41;87.60,HALAL,"Business activity permissible — debt ratio not verified, cross-check Musaffa/Zoya",
SLAB,CHIPS,ELEC-SEMICONDUCTOR FABLESS,80,220.5,0.0862068965517242,206.36;205.78;206.96;207.07;205.93;208.15;209.13;210.00;210.38;211.32;211.88;212.89;214.53;214.52;215.00;217.19;218.24;218.27;217.64;217.21;216.95;216.59;216.46;217.31;219.05;218.41;217.88;219.13;218.11;218.80;218.90;220.34;218.61;219.78;218.00;218.42;218.56;218.22;217.80;218.68;218.75;218.19;217.47;217.40;216.76;217.29;216.44;217.50;218.39;218.47;218.43;218.83;218.41;219.00;218.10;218.08;218.83;218.54;219.12;220.71;220.00;219.15;219.28;219.71;220.50,HALAL,"Business activity permissible — debt ratio not verified, cross-check Musaffa/Zoya",
SMCI,CHIPS,ELEC-SEMICONDUCTOR FABLESS,75,39.09000015258789,0.2712195171573297,31.51;30.79;21.58;24.05;21.97;22.77;23.22;22.67;23.22;25.97;27.29;28.56;28.43;26.75;27.85;26.32;27.09;27.83;33.62;33.52;32.00;31.04;30.56;33.46;37.10;41.30;46.88;47.42;41.64;40.64;31.97;30.85;27.78;35.46;32.45;30.63;29.33;27.22;26.25;28.24;27.66;26.89;24.18;25.50;31.20;29.81;25.70;28.40;31.69;29.38;31.46;37.61;39.84;37.41;36.50;35.17;37.39;37.08;36.71;37.87;40.26;37.38;36.74;36.85;39.09,HALAL,"Business activity permissible — debt ratio not verified, cross-check Musaffa/Zoya",
ALGM,CHIPS,ELEC-SEMICONDUCTOR FABLESS,27,34.099998474121094,0.09540634093873046,32.06;30.91;31.74;32.63;30.12;31.53;32.60;33.28;37.02;38.04;37.25;40.00;41.28;43.61;43.47;44.07;48.98;49.68;47.93;48.39;45.97;43.10;41.65;44.70;50.76;51.10;47.13;53.11;46.39;46.63;47.96;55.00;53.98;61.58;55.42;57.89;69.62;55.49;51.55;57.38;50.85;50.03;46.48;49.35;50.07;46.80;42.21;41.50;42.85;42.46;42.46;42.47;44.39;39.39;37.19;35.63;36.89;35.77;35.47;35.56;36.47;35.27;33.85;33.02;34.10,HALAL,"Business activity permissible — debt ratio not verified, cross-check Musaffa/Zoya",
POWI,CHIPS,ELEC-SEMICONDUCTOR FABLESS,34,50.38999938964844,0.06905084626149671,47.31;46.32;47.26;51.65;49.17;50.86;52.02;51.27;54.18;53.03;54.51;58.26;66.92;72.15;70.15;69.23;72.83;76.57;71.35;73.85;70.68;72.75;67.83;70.01;83.53;86.49;81.57;84.64;76.70;74.40;77.44;82.96;80.39;86.99;81.52;79.04;83.41;72.69;66.56;70.53;69.15;70.72;70.16;74.08;70.57;63.15;56.33;60.46;64.30;58.73;61.71;63.57;62.49;58.35;54.61;52.96;54.67;51.29;49.78;50.54;50.46;49.69;48.51;47.65;50.39,HALAL,"Business activity permissible — debt ratio not verified, cross-check Musaffa/Zoya",
LSCC,CHIPS,ELEC-SEMICONDUCTOR FABLESS,73,110.95999908447266,0.2936924732110573,92.16;94.92;92.31;100.72;90.39;92.76;95.02;96.84;106.29;107.76;108.40;117.06;117.05;118.01;119.23;115.67;120.96;122.27;119.92;128.96;125.65;120.11;124.24;139.35;150.35;147.31;144.74;154.60;135.57;137.56;142.86;148.97;139.86;155.27;143.93;138.76;152.96;136.53;130.60;139.53;130.74;132.46;125.23;135.83;138.13;122.91;112.96;124.27;138.00;128.70;128.32;129.27;130.46;124.21;117.56;114.15;119.34;114.40;111.68;113.63;117.49;114.14;106.50;106.32;110.96,HALAL,"Business activity permissible — debt ratio not verified, cross-check Musaffa/Zoya",
SITM,CHIPS,ELEC-SEMICONDUCTOR FABLESS,94,614.27001953125,0.8835127413436681,346.00;356.43;346.17;354.50;327.20;345.35;347.05;371.50;406.69;447.08;454.15;503.63;523.57;556.13;547.98;527.20;558.63;596.64;797.31;901.48;835.31;774.06;693.66;711.79;743.12;729.51;665.01;712.75;625.68;659.52;721.24;742.46;677.21;753.12;692.47;672.19;745.56;601.66;592.19;648.15;602.55;612.38;554.97;590.18;576.41;522.67;462.16;535.20;583.06;687.50;689.96;680.52;711.91;680.06;598.81;580.97;596.97;557.86;552.75;574.47;598.95;602.27;558.35;548.90;614.27,HALAL,"Business activity permissible — debt ratio not verified, cross-check Musaffa/Zoya",
TSM,CHIPS,ELEC-SEMICONDUCTOR MFG,85,434.6700134277344,0.2949299211755849,344.25;337.09;336.76;346.01;325.10;336.26;337.34;343.59;363.66;367.72;373.22;368.65;366.24;380.74;402.95;391.86;395.68;392.44;412.08;402.52;397.80;402.33;390.64;405.11;410.26;422.73;433.45;434.50;413.09;425.78;419.94;440.22;430.99;466.42;439.65;431.19;476.29;433.00;431.41;435.79;420.45;418.36;397.30;423.47;414.47;398.02;373.67;403.17;416.05;417.08;417.35;428.00;425.21;412.30;414.89;409.02;416.57;416.40;412.89;415.89;437.83;426.88;416.89;417.72;434.67,HALAL,"Business activity permissible — debt ratio not verified, cross-check Musaffa/Zoya",
INTC,CHIPS,ELEC-SEMICONDUCTOR MFG,98,108.5999984741211,1.3727331743056599,44.06;46.18;44.01;47.18;43.13;44.13;50.38;52.91;61.72;65.18;64.94;68.50;66.26;66.78;84.99;94.75;99.62;108.15;109.62;129.44;120.29;108.77;110.80;118.50;123.52;120.89;109.33;112.71;99.17;107.92;116.96;127.86;121.10;140.94;131.65;128.32;139.63;120.35;110.39;112.54;103.12;102.99;95.04;105.45;100.23;91.67;81.88;90.20;100.86;99.81;97.52;100.95;102.50;96.69;92.13;87.26;88.24;89.47;88.97;91.67;104.47;100.32;97.19;101.05;108.60,HALAL,"Business activity permissible — debt ratio not verified, cross-check Musaffa/Zoya",
TXN,CHIPS,ELEC-SEMICONDUCTOR MFG,78,266.6400146484375,0.4119246309685147,192.48;186.38;186.72;194.78;188.40;192.17;192.90;197.72;212.80;214.52;214.10;227.49;230.79;279.37;266.77;266.49;278.18;279.57;283.79;296.24;304.78;301.19;300.77;296.87;323.24;314.34;291.71;307.02;283.61;287.16;295.59;311.74;300.34;330.59;301.57;283.98;296.55;291.59;291.81;306.96;297.05;299.66;282.57;289.82;283.54;277.99;269.92;275.74;283.63;278.40;280.44;276.59;279.58;272.24;265.60;258.94;261.77;258.64;253.34;253.83;258.92;258.82;263.42;260.67;266.64,HALAL,"Business activity permissible — debt ratio not verified, cross-check Musaffa/Zoya",
ADI,CHIPS,ELEC-SEMICONDUCTOR MFG,73,375.7200012207031,0.23467503716833682,311.85;308.65;310.39;320.17;305.67;316.31;316.51;325.52;349.34;347.99;345.94;369.31;373.11;401.55;390.33;387.07;395.40;402.44;406.17;420.29;429.90;415.08;411.92;382.00;417.52;416.60;400.37;436.34;400.17;403.39;410.88;426.28;413.19;444.13;411.91;385.73;395.96;376.01;377.88;392.44;384.84;389.77;374.22;381.65;379.05;370.76;352.30;366.29;379.13;376.16;382.76;383.26;388.21;375.49;369.12;370.04;370.67;360.68;354.52;356.50;363.20;361.25;361.02;362.04;375.72,HALAL,"Business activity permissible — debt ratio not verified, cross-check Musaffa/Zoya",
STM,CHIPS,ELEC-SEMICONDUCTOR MFG,87,50.18000030517578,0.532698452350894,33.66;32.29;31.53;33.38;32.50;34.51;34.28;35.64;39.10;40.27;40.63;44.17;44.25;49.65;50.50;52.61;55.69;57.12;55.84;60.05;63.32;61.34;61.16;65.59;70.61;69.37;68.94;79.62;70.64;73.24;78.03;78.86;73.28;79.82;71.84;71.42;74.89;68.35;67.28;71.39;68.47;67.75;62.06;65.43;53.49;53.45;48.36;52.39;54.22;53.28;54.35;54.18;54.29;52.27;49.92;49.35;49.66;49.38;49.40;51.28;51.97;50.74;47.78;48.06;50.18,HALAL,"Business activity permissible — debt ratio not verified, cross-check Musaffa/Zoya",
ON,CHIPS,ELEC-SEMICONDUCTOR MFG,42,69.9800033569336,0.19521783550490923,60.98;59.29;59.89;63.10;58.35;61.92;62.19;63.79;68.49;71.02;72.43;83.01;86.91;97.78;98.04;98.86;103.03;102.67;100.61;107.24;115.71;113.11;106.02;109.61;127.00;123.77;120.92;133.93;117.26;117.00;115.96;125.90;112.92;131.55;115.74;90.65;94.54;91.22;91.10;97.87;90.37;92.54;87.37;91.06;90.13;89.04;78.86;81.61;80.78;78.33;79.78;83.32;82.66;79.42;74.71;71.93;73.22;72.61;72.65;73.65;71.08;70.17;71.65;66.60;69.98,HALAL,"Business activity permissible — debt ratio not verified, cross-check Musaffa/Zoya",
NXPI,CHIPS,ELEC-SEMICONDUCTOR MFG,31,227.99000549316406,0.2102345229603957,191.50;189.86;190.88;196.06;190.16;195.32;193.02;193.59;204.06;206.37;207.75;214.34;222.74;239.27;235.01;286.98;292.92;290.06;287.94;303.59;296.07;289.21;291.97;297.03;330.06;327.69;308.94;319.35;293.64;295.08;300.18;313.40;295.86;320.70;292.74;275.78;279.77;272.14;271.93;289.24;277.14;277.76;265.34;271.93;276.05;266.47;239.90;228.13;236.54;230.74;232.38;232.36;233.66;227.54;221.97;221.44;222.15;222.58;221.40;223.98;222.87;225.46;223.23;218.98;227.99,HALAL,"Business activity permissible — debt ratio not verified, cross-check Musaffa/Zoya",
WOLF,CHIPS,ELEC-SEMICONDUCTOR MFG,,25.59000015258789,0.5323352684735843,17.89;17.06;16.60;18.50;15.44;16.32;17.47;18.93;24.43;24.15;23.90;25.56;24.70;27.55;29.67;25.63;36.76;36.63;45.16;50.31;62.60;62.13;58.83;69.50;73.50;65.05;52.95;61.67;55.06;48.78;45.54;49.09;48.69;52.97;45.87;45.97;48.25;40.00;36.00;37.25;33.65;35.10;29.89;31.73;25.96;23.80;20.06;23.62;27.06;27.59;29.30;31.71;31.79;31.46;26.35;24.76;26.93;25.85;26.31;26.84;28.88;25.17;23.96;23.67;25.59,HALAL,"Business activity permissible — debt ratio not verified, cross-check Musaffa/Zoya",
GFS,CHIPS,ELEC-SEMICONDUCTOR MFG,39,47.81999969482422,0.14402562541997277,43.19;43.30;43.90;46.67;42.88;44.42;43.69;43.87;48.63;48.96;48.24;54.67;59.16;61.45;60.26;62.65;64.82;73.93;70.83;74.88;74.88;70.93;66.58;81.23;89.83;80.51;79.81;85.87;75.42;75.15;80.62;83.86;80.52;89.54;83.70;79.78;82.41;69.84;65.84;69.71;63.94;61.41;57.48;59.39;56.91;53.18;47.07;49.99;52.02;50.36;50.05;53.18;54.58;49.90;47.33;45.95;45.67;44.76;43.93;44.53;45.09;45.96;43.54;43.03;47.82,HALAL,"Business activity permissible — debt ratio not verified, cross-check Musaffa/Zoya",
QRVO,CHIPS,ELEC-SEMICONDUCTOR MFG,83,117.18000030517578,0.4999999511687516,77.96;77.74;78.76;80.74;77.35;77.40;78.70;77.78;79.83;79.77;81.19;81.90;83.09;84.65;85.84;86.48;93.50;96.35;88.97;93.41;91.51;92.25;94.57;97.74;108.23;106.42;99.97;104.73;98.28;97.94;97.66;101.28;94.65;101.98;97.18;93.88;93.27;87.57;85.13;85.45;84.35;83.44;85.50;88.93;86.73;89.76;89.50;90.57;95.04;95.33;97.00;98.24;98.11;95.70;96.31;95.37;95.14;94.73;96.40;100.38;104.07;112.36;107.98;113.97;117.18,HALAL,"Business activity permissible — debt ratio not verified, cross-check Musaffa/Zoya",
SWKS,CHIPS,ELEC-SEMICONDUCTOR MFG,86,88.76000213623047,0.635572890145667,53.25;53.65;54.02;55.71;53.19;53.09;54.71;54.59;56.07;56.01;57.43;58.48;59.42;61.02;61.58;62.12;68.80;71.93;64.48;69.53;67.55;67.94;69.74;72.91;83.42;81.41;75.49;80.66;73.57;73.56;72.73;76.26;69.38;76.18;71.40;68.00;67.80;62.56;59.76;59.95;58.24;57.51;59.35;62.95;60.47;63.44;61.19;62.28;66.79;66.84;68.79;69.68;69.62;67.43;67.94;66.86;66.62;65.79;67.41;71.50;75.38;84.03;79.26;85.59;88.76,HALAL,"Business activity permissible — debt ratio not verified, cross-check Musaffa/Zoya",
SIMO,CHIPS,ELEC-SEMICONDUCTOR MFG,97,272.1099853515625,1.216618698762911,125.67;126.98;123.23;110.48;109.61;111.83;113.44;116.53;126.48;125.49;138.46;139.14;141.87;141.42;146.94;216.62;233.57;237.44;242.22;261.52;269.32;259.46;252.41;262.98;289.73;281.87;267.51;305.95;258.18;259.22;273.78;275.84;306.50;336.22;321.01;304.66;332.65;300.10;294.30;323.60;298.90;292.81;263.79;277.61;288.49;243.95;209.25;253.09;267.95;267.43;230.61;241.31;268.90;251.72;249.65;243.18;263.11;245.81;237.35;235.70;272.02;265.25;236.81;241.14;272.11,HALAL,"Business activity permissible — debt ratio not verified, cross-check Musaffa/Zoya",
VSH,CHIPS,ELEC-SEMICONDUCTOR MFG,91,32.5099983215332,0.8959407344786736,17.59;17.64;17.38;18.20;16.94;17.91;18.49;18.89;21.23;22.73;23.65;25.80;26.78;27.20;27.64;27.67;29.44;31.94;32.43;34.66;38.31;37.05;36.86;41.97;50.13;51.99;55.72;63.66;56.92;58.30;58.32;63.41;60.04;64.07;55.41;56.17;53.61;45.78;42.06;43.90;41.81;40.32;37.69;39.65;40.67;37.06;29.87;34.11;38.73;32.68;33.04;33.44;34.97;33.41;31.73;30.33;30.56;30.46;29.54;30.35;31.37;31.29;30.80;31.32;32.51,HALAL,"Business activity permissible — debt ratio not verified, cross-check Musaffa/Zoya",
HIMX,CHIPS,ELEC-SEMICONDUCTOR MFG,82,14.020000457763672,0.4498735148473352,8.90;8.83;8.53;9.08;7.95;7.73;7.79;8.58;8.91;9.10;10.00;10.91;11.44;10.74;11.30;11.25;12.10;11.97;15.75;20.29;20.23;18.73;18.96;19.55;21.06;20.46;21.53;23.77;19.73;17.95;17.37;17.54;16.66;18.22;15.46;14.14;15.34;13.15;14.05;15.72;14.27;13.92;12.80;13.68;13.27;12.73;11.64;12.54;14.18;13.76;14.73;15.09;15.23;14.37;13.67;13.44;13.84;13.64;13.41;13.56;14.12;13.78;13.60;13.05;14.02,HALAL,"Business activity permissible — debt ratio not verified, cross-check Musaffa/Zoya",
DIOD,CHIPS,ELEC-SEMICONDUCTOR MFG,86,92.37000274658203,0.4459925047291078,66.59;67.11;68.07;73.47;68.20;68.26;68.58;73.28;82.29;88.26;90.26;94.84;97.00;100.40;101.28;101.00;108.24;112.50;112.59;111.99;101.96;100.04;93.75;96.30;108.24;109.89;101.96;116.22;101.06;103.51;106.84;113.15;108.80;122.76;113.04;104.14;109.44;96.25;91.57;94.80;92.29;96.92;87.02;93.75;92.74;85.90;76.09;82.32;88.29;98.72;100.94;107.04;103.48;99.10;90.74;89.75;90.54;88.00;87.13;89.95;90.92;91.66;90.31;89.43;92.37,HALAL,"Business activity permissible — debt ratio not verified, cross-check Musaffa/Zoya",
MU,CHIPS,ELEC-SEMICONDUCTOR MEMORY,99,1015.7999877929688,1.3851475903374881,461.43;444.02;404.12;381.87;357.02;337.79;366.18;377.52;421.45;426.49;456.16;455.00;449.31;481.65;524.48;518.38;542.13;640.10;646.53;795.21;803.51;724.55;698.63;761.98;895.74;923.38;1035.34;1079.40;863.88;935.75;995.72;1087.82;1043.03;1211.19;1048.35;1132.16;1154.11;975.41;938.38;991.64;937.00;904.28;848.95;970.82;990.21;900.20;739.00;823.03;892.67;881.47;861.00;911.29;971.66;940.76;974.33;910.43;938.40;932.86;933.44;958.16;1000.26;977.41;924.03;926.55;1015.80,HALAL,"Business activity permissible — debt ratio not verified, cross-check Musaffa/Zoya",
WDC,CHIPS,ELEC-SEMICONDUCTOR MEMORY,97,441.3599853515625,0.621861813071374,313.63;316.75;294.62;295.97;275.18;270.33;294.80;311.78;337.68;349.96;364.79;372.30;383.59;402.89;400.50;412.52;431.27;464.99;463.64;515.53;493.80;481.74;455.53;486.18;524.34;530.87;545.88;593.76;511.56;517.55;529.12;653.32;711.90;732.38;643.62;586.26;638.52;538.83;531.93;577.86;555.37;513.68;477.07;548.21;558.12;497.76;461.89;544.67;548.38;451.38;438.20;453.95;508.64;496.00;468.90;435.24;468.73;459.30;450.30;441.43;477.30;460.93;426.94;416.97;441.36,HALAL,"Business activity permissible — debt ratio not verified, cross-check Musaffa/Zoya",
STX,CHIPS,ELEC-SEMICONDUCTOR MEMORY,98,858.7899780273438,1.243625330085833,420.06;433.53;403.03;412.93;379.80;391.48;429.05;468.39;500.41;512.91;519.23;547.36;559.50;587.20;595.44;642.84;726.41;770.46;765.89;833.42;816.77;794.90;732.83;809.88;845.16;880.09;920.60;940.02;846.87;845.41;867.47;1018.07;1065.31;1093.26;993.25;899.90;965.00;820.16;827.64;890.09;860.66;828.30;787.66;891.83;913.36;816.99;764.43;856.13;845.35;852.95;800.99;878.21;973.44;903.68;850.24;794.65;846.37;829.76;816.64;798.61;904.38;862.33;805.55;783.18;858.79,HALAL,"Business activity permissible — debt ratio not verified, cross-check Musaffa/Zoya",
NTAP,CHIPS,ELEC-SEMICONDUCTOR MEMORY,94,197.7899932861328,1.021152428288882,101.09;102.25;100.48;104.64;101.51;101.56;103.04;97.31;95.38;98.10;100.03;104.21;111.46;108.07;108.11;108.32;111.74;113.79;112.66;117.37;118.22;119.57;120.22;123.57;138.53;141.97;179.16;180.53;166.53;164.50;159.98;161.33;154.34;157.83;155.09;151.99;154.29;153.70;165.28;171.21;163.93;162.10;163.88;165.76;164.64;169.80;173.23;178.50;190.46;191.48;198.72;202.05;207.08;204.71;192.81;186.86;193.85;187.02;183.16;185.38;189.13;183.60;188.28;191.49;197.79,HALAL,"Business activity permissible — debt ratio not verified, cross-check Musaffa/Zoya",
PSTG,CHIPS,ELEC-SEMICONDUCTOR MEMORY,,,,,HALAL,"Business activity permissible — debt ratio not verified, cross-check Musaffa/Zoya",
NTAP,COMPUTER,COMPUTER-DATA STORAGE,94,197.7899932861328,1.021152428288882,101.09;102.25;100.48;104.64;101.51;101.56;103.04;97.31;95.38;98.10;100.03;104.21;111.46;108.07;108.11;108.32;111.74;113.79;112.66;117.37;118.22;119.57;120.22;123.57;138.53;141.97;179.16;180.53;166.53;164.50;159.98;161.33;154.34;157.83;155.09;151.99;154.29;153.70;165.28;171.21;163.93;162.10;163.88;165.76;164.64;169.80;173.23;178.50;190.46;191.48;198.72;202.05;207.08;204.71;192.81;186.86;193.85;187.02;183.16;185.38;189.13;183.60;188.28;191.49;197.79,HALAL,"Business activity permissible — debt ratio not verified, cross-check Musaffa/Zoya",
PSTG,COMPUTER,COMPUTER-DATA STORAGE,,,,,HALAL,"Business activity permissible — debt ratio not verified, cross-check Musaffa/Zoya",
STX,COMPUTER,COMPUTER-DATA STORAGE,98,858.7899780273438,1.243625330085833,420.06;433.53;403.03;412.93;379.80;391.48;429.05;468.39;500.41;512.91;519.23;547.36;559.50;587.20;595.44;642.84;726.41;770.46;765.89;833.42;816.77;794.90;732.83;809.88;845.16;880.09;920.60;940.02;846.87;845.41;867.47;1018.07;1065.31;1093.26;993.25;899.90;965.00;820.16;827.64;890.09;860.66;828.30;787.66;891.83;913.36;816.99;764.43;856.13;845.35;852.95;800.99;878.21;973.44;903.68;850.24;794.65;846.37;829.76;816.64;798.61;904.38;862.33;805.55;783.18;858.79,HALAL,"Business activity permissible — debt ratio not verified, cross-check Musaffa/Zoya",
WDC,COMPUTER,COMPUTER-DATA STORAGE,97,441.3599853515625,0.621861813071374,313.63;316.75;294.62;295.97;275.18;270.33;294.80;311.78;337.68;349.96;364.79;372.30;383.59;402.89;400.50;412.52;431.27;464.99;463.64;515.53;493.80;481.74;455.53;486.18;524.34;530.87;545.88;593.76;511.56;517.55;529.12;653.32;711.90;732.38;643.62;586.26;638.52;538.83;531.93;577.86;555.37;513.68;477.07;548.21;558.12;497.76;461.89;544.67;548.38;451.38;438.20;453.95;508.64;496.00;468.90;435.24;468.73;459.30;450.30;441.43;477.30;460.93;426.94;416.97;441.36,HALAL,"Business activity permissible — debt ratio not verified, cross-check Musaffa/Zoya",
AAPL,COMPUTER,COMPUTER-HARDWARE/PERIPHERAL,79,336.1300048828125,0.3462731985451757,253.78;248.52;251.04;252.17;248.36;253.34;255.46;253.05;260.03;258.74;265.96;269.75;265.70;272.94;267.13;269.69;279.64;283.67;286.93;292.43;298.61;299.97;298.71;304.73;308.06;312.24;306.05;309.99;307.08;290.30;295.38;296.16;295.69;296.75;292.83;283.54;289.11;308.36;310.39;315.95;317.04;327.22;333.45;327.46;321.38;336.62;337.90;308.64;309.11;312.14;308.26;302.25;305.93;310.03;311.30;310.34;313.45;319.70;325.13;328.21;316.22;326.57;333.08;332.41;336.13,HALAL,"Core business halal; impure revenue (Apple Card) typically <5% — debt ratio not verified, cross-check Musaffa/Zoya",
DELL,COMPUTER,COMPUTER-HARDWARE/PERIPHERAL,99,568.0599975585938,2.7644060776720862,152.29;156.02;163.81;183.14;171.00;163.35;173.55;176.85;180.60;188.89;176.44;195.62;212.01;211.79;215.61;205.32;209.82;215.96;229.89;246.63;243.47;241.59;234.87;252.38;304.58;316.53;465.19;420.39;393.74;381.15;390.80;408.40;418.63;418.02;433.34;398.83;430.75;393.67;416.59;449.48;426.41;412.00;395.69;404.15;439.34;426.91;369.64;405.37;467.27;437.65;457.88;484.50;490.81;468.65;434.78;433.19;463.82;456.24;425.00;516.39;533.88;506.62;534.28;563.29;568.06,HALAL,"Business activity permissible — debt ratio not verified, cross-check Musaffa/Zoya",
HPQ,COMPUTER,COMPUTER-HARDWARE/PERIPHERAL,92,34.400001525878906,0.8572219131802301,18.35;18.08;18.13;19.04;19.02;18.80;19.09;18.21;17.98;18.82;18.82;19.45;20.64;19.71;19.33;19.71;20.38;20.69;20.54;21.20;20.80;20.36;20.52;21.43;23.90;24.47;28.71;25.48;25.03;24.40;24.44;24.36;22.96;23.31;23.07;22.66;21.73;21.72;22.74;23.90;24.53;23.52;24.60;24.57;24.27;26.29;28.14;27.01;28.54;27.91;29.51;29.00;29.82;29.67;29.19;28.30;30.23;30.23;31.02;31.62;30.87;32.73;34.02;32.70;34.40,HALAL,"Business activity permissible — debt ratio not verified, cross-check Musaffa/Zoya",
HPE,COMPUTER,COMPUTER-HARDWARE/PERIPHERAL,98,60.7599983215332,1.8492039094590393,21.41;21.86;22.06;25.64;23.81;23.68;24.48;24.50;24.70;24.68;24.49;26.30;28.60;27.78;28.46;28.15;28.41;29.88;29.54;30.70;31.90;32.92;32.44;33.79;37.85;38.00;46.74;54.85;48.93;48.01;46.55;48.75;48.08;48.28;48.63;43.60;45.00;41.13;43.36;48.99;47.12;47.27;45.70;46.60;47.52;48.07;44.33;47.78;52.26;52.30;54.54;58.64;58.56;55.55;52.76;52.30;55.09;52.18;50.74;54.30;55.89;55.08;55.27;56.54;60.76,HALAL,"Business activity permissible — debt ratio not verified, cross-check Musaffa/Zoya",
LOGI,COMPUTER,COMPUTER-HARDWARE/PERIPHERAL,30,101.19999694824219,0.09110508839075138,92.59;91.72;90.90;93.91;90.04;91.12;91.98;92.81;91.06;94.43;97.71;101.09;98.17;95.00;95.14;97.70;99.49;105.42;103.21;106.89;103.99;102.99;103.66;105.80;111.36;111.76;126.67;119.07;112.93;113.04;109.89;110.90;105.94;106.83;102.37;97.37;94.04;94.00;97.11;101.67;102.22;99.91;102.83;102.91;102.90;107.82;102.99;102.48;108.95;102.97;104.87;103.28;103.09;98.31;95.34;97.21;100.19;97.96;98.07;101.71;98.51;99.77;100.36;99.53;101.20,HALAL,"Business activity permissible — debt ratio not verified, cross-check Musaffa/Zoya",
ZBRA,COMPUTER,COMPUTER-HARDWARE/PERIPHERAL,90,346.6300048828125,0.7098954360474437,209.06;206.19;205.87;208.45;202.64;209.08;202.84;212.51;223.07;226.09;229.64;234.43;236.67;226.87;221.00;215.54;227.08;228.39;228.62;216.96;246.76;259.35;247.15;242.26;252.44;247.90;249.96;249.30;232.11;234.20;222.44;240.05;232.98;245.69;247.78;251.53;263.26;267.18;264.65;272.65;266.71;255.17;267.40;262.40;256.95;264.59;282.98;293.82;368.83;364.24;378.08;378.37;376.03;366.42;360.52;363.30;359.84;356.45;343.70;357.50;352.54;344.01;351.81;341.18;346.63,HALAL,"Business activity permissible — debt ratio not verified, cross-check Musaffa/Zoya",
JBL,COMPUTER,COMPUTER-HARDWARE/PERIPHERAL,61,299.57000732421875,0.19570077777781836,262.23;265.19;266.14;283.11;260.98;265.51;268.43;272.73;292.89;305.24;304.82;321.55;333.53;338.38;340.65;333.71;342.32;337.11;349.45;365.08;355.27;339.75;332.81;356.33;380.17;363.57;359.89;378.96;353.16;362.30;376.81;385.55;374.90;377.16;371.72;358.52;385.40;341.23;321.01;332.44;321.89;319.11;300.94;318.86;321.97;311.42;287.08;314.98;339.93;344.60;336.56;366.08;363.10;338.62;316.65;304.89;310.91;301.45;299.14;305.92;312.33;302.80;298.72;297.24;299.57,HALAL,"Business activity permissible — debt ratio not verified, cross-check Musaffa/Zoya",
SMCI,COMPUTER,COMPUTER-HARDWARE/PERIPHERAL,75,39.09000015258789,0.2712195171573297,31.51;30.79;21.58;24.05;21.97;22.77;23.22;22.67;23.22;25.97;27.29;28.56;28.43;26.75;27.85;26.32;27.09;27.83;33.62;33.52;32.00;31.04;30.56;33.46;37.10;41.30;46.88;47.42;41.64;40.64;31.97;30.85;27.78;35.46;32.45;30.63;29.33;27.22;26.25;28.24;27.66;26.89;24.18;25.50;31.20;29.81;25.70;28.40;31.69;29.38;31.46;37.61;39.84;37.41;36.50;35.17;37.39;37.08;36.71;37.87;40.26;37.38;36.74;36.85;39.09,HALAL,"Business activity permissible — debt ratio not verified, cross-check Musaffa/Zoya",
PSTG,COMPUTER,COMPUTER-HARDWARE/PERIPHERAL,,,,,HALAL,"Business activity permissible — debt ratio not verified, cross-check Musaffa/Zoya",
ANET,COMPUTER,COMPUTER-HARDWARE/PERIPHERAL,88,199.38999938964844,0.49277523737542905,133.07;136.26;135.88;135.01;120.77;122.78;126.68;133.64;146.05;152.02;154.33;164.23;172.86;172.55;172.47;168.68;172.70;170.22;141.75;136.43;140.69;141.97;141.58;148.59;158.01;155.27;170.68;174.37;154.27;152.16;156.40;169.09;164.93;174.56;161.74;157.60;169.88;159.99;166.46;184.69;181.15;171.92;168.61;174.58;176.61;170.76;157.97;180.35;190.51;192.32;191.52;210.50;198.82;193.18;183.75;188.15;202.25;195.38;189.26;191.44;194.96;188.99;187.81;197.54;199.39,HALAL,"Business activity permissible — debt ratio not verified, cross-check Musaffa/Zoya",
CSCO,COMPUTER,COMPUTER-NETWORKING,80,109.51000213623047,0.410893600005819,78.55;77.80;78.10;81.09;79.19;76.88;78.73;80.38;82.86;82.04;82.05;85.93;89.37;88.26;87.93;89.24;91.51;93.95;91.82;98.35;101.49;117.77;114.95;117.76;117.89;118.20;120.88;126.03;121.19;119.91;121.38;119.72;116.89;121.08;119.28;113.35;117.02;112.27;111.79;118.31;119.25;111.77;111.94;112.18;112.76;114.57;112.48;115.99;121.74;120.88;122.57;123.88;111.68;111.61;109.59;110.23;112.36;109.93;109.74;108.61;109.17;107.44;110.06;107.74;109.51,HALAL,"Business activity permissible — debt ratio not verified, cross-check Musaffa/Zoya",
ANET,COMPUTER,COMPUTER-NETWORKING,88,199.38999938964844,0.49277523737542905,133.07;136.26;135.88;135.01;120.77;122.78;126.68;133.64;146.05;152.02;154.33;164.23;172.86;172.55;172.47;168.68;172.70;170.22;141.75;136.43;140.69;141.97;141.58;148.59;158.01;155.27;170.68;174.37;154.27;152.16;156.40;169.09;164.93;174.56;161.74;157.60;169.88;159.99;166.46;184.69;181.15;171.92;168.61;174.58;176.61;170.76;157.97;180.35;190.51;192.32;191.52;210.50;198.82;193.18;183.75;188.15;202.25;195.38;189.26;191.44;194.96;188.99;187.81;197.54;199.39,HALAL,"Business activity permissible — debt ratio not verified, cross-check Musaffa/Zoya",
JNPR,COMPUTER,COMPUTER-NETWORKING,,,,,HALAL,"Business activity permissible — debt ratio not verified, cross-check Musaffa/Zoya",
NTGR,COMPUTER,COMPUTER-NETWORKING,18,21.709999084472656,0.006490467854852522,21.66;21.35;22.06;22.39;21.57;21.84;23.38;24.20;23.31;23.60;24.81;27.51;26.74;25.32;25.45;25.89;25.25;25.62;25.89;26.42;25.68;24.75;24.52;24.88;26.09;25.71;26.71;26.19;24.09;24.15;24.33;24.53;22.77;23.49;23.21;22.84;23.35;21.50;21.45;22.94;22.86;22.35;22.43;24.24;25.05;25.36;22.79;24.16;24.56;24.30;23.08;24.20;24.15;22.12;21.10;20.72;21.66;21.09;20.87;21.09;21.13;20.98;21.43;22.72;21.71,HALAL,"Business activity permissible — debt ratio not verified, cross-check Musaffa/Zoya",
EXTR,COMPUTER,COMPUTER-NETWORKING,51,22.309999465942383,0.5396825271461523,15.05;15.03;15.17;15.46;15.26;15.08;15.36;15.82;17.66;17.64;17.35;17.99;18.67;16.90;17.46;21.85;22.29;23.71;23.52;24.31;22.77;24.66;23.54;23.90;27.02;26.21;28.13;28.79;28.02;28.73;31.07;31.67;30.83;31.85;30.93;31.74;32.37;29.80;30.02;32.87;32.91;30.50;30.34;30.44;29.73;29.95;29.07;30.14;32.34;24.32;23.54;24.42;24.41;23.75;22.32;22.38;22.84;22.58;21.78;21.89;21.65;21.18;21.63;21.89;22.31,HALAL,"Business activity permissible — debt ratio not verified, cross-check Musaffa/Zoya",
CIEN,COMPUTER,COMPUTER-NETWORKING,91,348.79998779296875,0.03384902111825783,370.05;412.58;407.90;437.70;401.61;388.23;447.76;447.88;487.38;479.90;475.76;507.43;505.93;515.85;506.34;475.39;535.29;544.75;538.76;581.47;577.90;554.46;541.92;587.23;602.39;570.18;569.61;620.37;488.21;439.34;445.22;463.41;436.72;460.33;463.51;479.50;490.56;422.46;418.91;462.34;445.44;418.46;374.41;408.73;407.53;377.27;330.37;377.05;411.13;403.76;387.70;432.05;428.77;405.54;392.48;371.95;404.03;378.44;360.33;317.46;341.29;334.56;319.64;340.50;348.80,HALAL,"Business activity permissible — debt ratio not verified, cross-check Musaffa/Zoya",
CALX,COMPUTER,COMPUTER-NETWORKING,8,35.2400016784668,-0.30314411921830464,51.45;50.63;52.54;52.76;50.28;48.99;46.34;48.78;49.44;48.71;49.12;50.15;49.58;42.69;42.62;41.68;43.53;45.82;43.52;42.73;40.40;39.81;39.86;38.42;40.34;40.03;40.15;38.50;37.27;38.69;38.56;38.33;37.54;37.47;36.54;35.57;37.32;38.48;38.41;39.73;39.73;39.47;39.14;37.47;35.77;36.85;35.55;35.90;39.47;37.48;38.17;39.90;39.54;39.16;40.38;39.80;38.36;37.49;37.70;37.07;35.34;34.93;34.75;35.44;35.24,HALAL,"Business activity permissible — debt ratio not verified, cross-check Musaffa/Zoya",
IBM,COMPUTER,COMPUTER-SERVICES,18,229.5500030517578,-0.05433536803270522,252.43;246.77;244.87;237.92;232.94;238.91;244.59;241.55;233.77;234.40;241.28;249.83;252.00;227.76;224.77;223.84;228.86;225.74;227.98;221.96;213.11;217.74;220.75;251.17;248.90;262.34;318.14;303.45;282.81;275.51;272.89;266.80;260.48;250.42;261.09;269.70;279.21;287.46;303.95;293.20;288.16;209.70;211.16;209.00;205.18;214.74;224.83;222.06;233.48;231.77;236.31;235.98;234.32;232.67;233.69;231.04;229.87;235.59;231.40;234.71;232.09;234.02;249.09;237.49;229.55,HALAL,"Business activity permissible — debt ratio not verified, cross-check Musaffa/Zoya",
ACN,COMPUTER,COMPUTER-SERVICES,24,181.2899932861328,-0.05911131989794294,194.65;199.44;195.98;188.41;188.71;194.29;197.27;193.32;183.82;189.67;191.70;195.30;192.11;176.16;174.87;178.12;177.69;176.88;178.05;170.30;157.74;166.81;174.70;175.76;174.90;176.28;194.25;175.32;176.13;171.41;165.53;163.40;154.16;123.35;127.62;127.45;122.96;135.72;140.45;139.06;138.52;137.02;143.57;140.86;138.74;154.06;173.17;165.92;170.43;171.11;178.25;180.14;176.89;172.93;181.35;186.53;181.38;189.61;188.09;193.12;179.03;177.91;195.00;189.64;181.29,HALAL,"Business activity permissible — debt ratio not verified, cross-check Musaffa/Zoya",
DXC,COMPUTER,COMPUTER-SERVICES,30,10.779999732971191,-0.08875741314509855,11.82;11.98;12.13;12.01;11.81;12.57;12.66;12.72;12.37;12.28;12.63;12.97;13.12;11.91;11.58;11.71;11.88;11.86;12.01;8.88;8.22;8.94;8.93;9.23;9.25;9.27;10.32;9.15;9.01;8.85;8.82;8.81;8.97;8.28;8.39;8.82;8.85;9.91;10.16;9.26;9.71;9.30;9.47;9.31;9.27;10.36;11.77;11.24;11.02;11.09;10.91;10.68;10.79;10.50;10.70;10.63;10.55;11.21;11.16;11.67;11.21;11.04;12.12;11.58;10.78,HALAL,"Business activity permissible — debt ratio not verified, cross-check Musaffa/Zoya",
CTSH,COMPUTER,COMPUTER-SERVICES,39,59.869998931884766,0.004566601396281067,60.54;60.76;61.15;59.03;58.97;60.57;61.74;60.70;58.44;59.76;59.62;60.52;59.68;54.40;53.93;54.00;51.76;51.21;51.28;48.62;45.38;46.53;50.58;52.02;51.51;53.54;56.83;53.20;52.90;52.63;50.88;50.52;48.54;41.59;41.20;39.80;38.50;41.75;43.68;43.15;43.90;42.93;44.51;43.38;42.76;46.78;55.64;55.03;55.80;56.56;57.97;57.86;58.45;57.78;60.92;62.20;62.09;64.04;63.39;64.64;59.92;58.32;64.10;61.85;59.87,HALAL,"Business activity permissible — debt ratio not verified, cross-check Musaffa/Zoya",
EPAM,COMPUTER,COMPUTER-SERVICES,22,114.0,-0.16873267823125782,136.46;135.67;135.72;133.26;135.19;135.40;137.99;134.22;123.85;124.99;128.42;131.34;132.12;120.77;116.31;112.91;112.33;109.64;104.24;97.35;90.39;93.02;100.51;103.19;99.69;101.43;108.76;97.28;98.04;95.65;92.76;92.72;87.70;76.04;78.39;80.68;79.35;88.27;89.55;87.29;86.38;85.93;88.66;89.22;86.14;94.17;106.89;105.56;112.06;93.07;97.37;100.29;100.50;100.25;106.76;111.26;109.36;114.80;116.34;119.88;115.31;114.52;123.61;117.17;114.00,HALAL,"Business activity permissible — debt ratio not verified, cross-check Musaffa/Zoya",
GIB,COMPUTER,COMPUTER-SERVICES,23,69.37000274658203,-0.027626424023457274,71.62;71.64;73.65;72.18;70.79;72.84;73.71;72.42;70.05;73.14;73.80;75.95;76.52;72.75;73.20;65.35;66.34;66.72;67.84;65.22;61.80;63.01;64.58;65.90;66.83;67.52;71.04;66.14;67.17;67.04;66.81;65.67;65.96;61.23;62.99;64.35;64.46;66.37;67.37;66.78;67.64;65.79;68.01;66.53;63.69;69.36;74.38;73.03;74.29;74.05;75.13;73.84;73.41;72.94;74.26;74.82;73.24;74.77;73.72;74.84;70.65;69.06;72.91;70.90;69.37,HALAL,"Business activity permissible — debt ratio not verified, cross-check Musaffa/Zoya",
WIT,COMPUTER,COMPUTER-SERVICES,4,1.659999966621399,-0.2571445169827148,2.20;2.17;2.14;2.07;2.06;2.10;2.14;2.22;2.23;2.21;2.24;2.17;2.11;2.01;2.03;2.00;2.01;1.97;1.96;1.88;1.80;1.87;1.91;1.96;2.04;2.40;2.38;2.11;2.08;2.14;2.13;2.27;2.45;2.21;2.17;2.24;2.22;1.87;1.83;1.83;1.88;1.82;1.84;1.80;1.76;1.91;1.97;1.98;2.05;1.99;1.99;1.95;1.94;1.91;1.91;1.88;1.83;1.82;1.83;1.80;1.73;1.67;1.78;1.68;1.66,HALAL,"Business activity permissible — debt ratio not verified, cross-check Musaffa/Zoya",
INFY,COMPUTER,COMPUTER-SERVICES,10,10.819999694824219,-0.1670006444119746,12.92;12.77;13.02;12.89;12.56;13.22;13.45;13.66;13.47;13.67;14.01;14.15;13.77;12.67;12.02;12.08;12.22;12.20;12.30;12.04;11.61;11.81;12.45;12.37;11.82;12.43;13.13;12.20;12.14;11.98;11.60;11.60;11.70;10.77;10.93;10.78;10.49;11.16;11.27;11.13;11.50;11.04;11.49;11.16;10.67;11.70;12.60;12.03;12.60;12.36;12.56;12.28;12.09;11.83;11.83;11.82;11.69;12.05;12.00;12.09;11.13;10.91;11.60;11.08;10.82,HALAL,"Business activity permissible — debt ratio not verified, cross-check Musaffa/Zoya",
CSCSC,COMPUTER,COMPUTER-SERVICES,,,,,HALAL,"Business activity permissible — debt ratio not verified, cross-check Musaffa/Zoya",
GLOB,COMPUTER,COMPUTER-SERVICES,9,35.59000015258789,-0.20823137823100402,44.63;45.04;44.85;43.62;44.52;46.11;47.85;46.10;45.30;46.63;48.74;49.97;50.34;43.32;42.40;40.66;40.62;40.09;40.97;37.21;32.75;38.91;40.25;40.63;38.42;39.93;44.44;39.67;38.30;37.47;36.42;36.87;34.61;29.97;29.12;30.03;28.94;32.51;31.65;31.29;32.12;31.98;32.23;32.10;30.61;32.64;38.15;36.60;38.13;37.25;38.55;38.74;37.38;37.31;39.63;39.58;38.79;40.52;39.68;40.35;37.12;36.70;40.49;38.37;35.59,HALAL,"Business activity permissible — debt ratio not verified, cross-check Musaffa/Zoya",
G,COMPUTER,COMPUTER-TECH SERVICES,25,34.13999938964844,-0.09414431489167452,37.91;37.88;38.33;37.24;36.17;36.84;37.32;37.07;35.14;35.14;35.84;36.52;36.62;34.12;33.45;33.50;33.95;33.70;34.10;30.95;29.11;28.73;31.32;31.64;30.84;32.06;34.07;31.94;32.26;32.27;31.72;30.83;30.15;27.96;28.38;28.38;27.35;28.94;29.58;29.48;30.32;29.91;30.72;30.02;30.21;32.01;36.51;34.98;35.60;35.97;33.95;33.77;33.68;34.46;36.73;37.39;36.68;37.82;37.49;37.87;35.16;34.41;36.43;35.27;34.14,HALAL,"Business activity permissible — debt ratio not verified, cross-check Musaffa/Zoya",
PRFT,COMPUTER,COMPUTER-TECH SERVICES,,,,,HALAL,"Business activity permissible — debt ratio not verified, cross-check Musaffa/Zoya",
DOCU,COMPUTER,COMPUTER-TECH SERVICES,83,69.06999969482422,0.4680127697094385,47.54;47.75;48.79;46.30;45.71;47.41;48.37;47.36;45.55;45.42;46.84;45.74;47.60;45.02;45.66;46.92;47.96;48.38;48.19;45.49;45.07;47.71;49.42;48.97;49.32;49.58;57.02;52.40;47.26;45.07;44.55;44.19;42.58;42.71;44.24;45.21;44.42;45.77;47.23;48.76;49.87;51.16;52.74;50.74;47.04;52.91;58.17;54.83;57.54;56.90;59.64;58.10;62.04;60.01;62.28;62.56;59.33;64.00;64.64;65.97;65.08;65.80;69.76;70.40;69.07,HALAL,"Business activity permissible — debt ratio not verified, cross-check Musaffa/Zoya",
TYL,COMPUTER,COMPUTER-TECH SERVICES,24,337.5,-0.03513539050485348,348.45;350.07;349.09;331.47;334.03;342.38;338.03;333.70;323.68;320.85;337.61;342.61;341.46;335.74;337.58;356.01;335.50;327.82;331.08;312.27;298.59;311.89;322.74;308.74;307.39;306.04;329.83;303.77;312.07;308.92;295.48;289.84;287.71;275.27;286.03;294.40;292.46;318.10;321.45;311.01;314.22;303.52;319.51;299.74;288.16;315.88;333.50;309.60;313.33;306.33;318.63;317.64;328.64;332.21;348.14;355.79;352.65;377.94;376.43;379.27;347.82;335.48;359.54;346.44;337.50,HALAL,"Business activity permissible — debt ratio not verified, cross-check Musaffa/Zoya",
SAIC,COMPUTER,COMPUTER-TECH SERVICES,85,133.19000244140625,0.4595345820425749,93.91;96.47;96.18;95.77;96.57;94.24;99.40;100.19;94.35;94.70;95.89;95.07;95.83;94.96;93.49;94.82;95.60;95.28;93.81;92.35;90.12;92.63;95.01;95.86;101.03;103.36;114.71;114.36;113.98;113.71;114.56;109.04;106.38;100.27;108.12;109.93;110.05;110.60;113.30;113.67;113.31;115.28;115.51;111.82;116.50;118.48;117.01;117.13;120.37;124.28;125.46;126.31;126.68;125.95;126.29;126.85;127.58;125.96;126.78;126.50;127.55;128.76;132.01;132.62;133.19,HALAL,"Business activity permissible — debt ratio not verified, cross-check Musaffa/Zoya",
LDOS,COMPUTER,COMPUTER-TECH SERVICES,19,127.69000244140625,-0.25873708371407955,167.84;164.83;161.44;157.81;154.48;154.47;157.75;157.80;154.58;156.53;157.97;154.12;152.17;146.60;143.27;144.93;148.22;136.26;130.37;126.82;123.33;122.86;125.11;122.21;127.26;130.70;126.86;123.51;123.59;122.69;121.26;114.23;108.32;104.50;103.98;101.43;102.64;108.49;108.22;106.27;106.23;107.86;106.14;104.58;109.97;114.58;114.00;115.23;130.18;134.82;138.65;139.93;143.36;143.02;140.91;137.98;136.99;140.20;138.73;131.93;128.82;129.13;132.40;129.35;127.69,HALAL,"Business activity permissible — debt ratio not verified, cross-check Musaffa/Zoya",
EL,CONSUMER,CONSUMER PRODUCTS-COSMETICS,49,93.43000030517578,0.07089022429387892,88.27;84.98;78.72;72.58;66.74;71.25;68.62;68.67;72.76;74.01;76.05;75.65;75.31;75.85;76.76;75.14;78.73;82.25;84.67;82.15;81.54;79.70;75.59;78.34;85.97;90.21;85.29;81.77;83.21;86.27;87.72;89.70;82.18;84.24;82.99;80.27;78.68;83.43;84.15;81.71;80.88;82.03;81.85;82.09;79.65;82.92;83.85;83.62;86.68;85.20;86.89;87.38;85.81;83.98;95.82;103.78;104.70;103.04;100.00;100.86;101.69;96.47;98.22;95.60;93.43,HALAL,"Business activity permissible — debt ratio not verified, cross-check Musaffa/Zoya",
COTY,CONSUMER,CONSUMER PRODUCTS-COSMETICS,30,2.430000066757202,0.09459461055882845,2.17;2.15;2.14;2.05;2.00;2.01;2.05;2.11;2.09;2.26;2.30;2.36;2.35;2.34;2.40;2.37;2.47;2.56;2.50;2.33;2.20;2.06;1.93;1.98;2.03;2.23;2.06;1.90;1.96;2.01;2.03;2.05;1.90;1.91;1.95;1.92;2.16;2.30;2.23;2.13;2.24;2.37;2.61;2.75;2.60;2.72;2.73;2.75;2.91;2.72;2.85;2.76;2.85;2.74;2.75;2.79;2.74;2.85;2.84;2.93;2.76;2.63;2.72;2.63;2.43,HALAL,"Business activity permissible — debt ratio not verified, cross-check Musaffa/Zoya",
ELF,CONSUMER,CONSUMER PRODUCTS-COSMETICS,79,96.44000244140625,0.31371744490436293,74.66;73.40;71.92;69.65;61.05;60.61;61.16;61.14;63.93;65.62;69.86;66.82;66.98;66.23;63.72;61.08;60.49;59.42;61.79;55.19;53.74;56.43;52.98;53.12;54.13;57.40;53.49;51.99;49.57;55.67;60.68;63.99;62.28;63.18;64.54;67.43;74.00;76.42;75.34;75.76;75.10;74.22;73.69;79.90;76.15;84.01;80.90;82.89;87.84;92.31;95.24;92.62;91.44;92.51;98.46;105.95;106.97;104.10;105.54;107.41;104.31;95.76;96.76;93.41;96.44,HALAL,"Business activity permissible — debt ratio not verified, cross-check Musaffa/Zoya",
REVG,CONSUMER,CONSUMER PRODUCTS-COSMETICS,,,,,HALAL,"Business activity permissible — debt ratio not verified, cross-check Musaffa/Zoya",
IPAR,CONSUMER,CONSUMER PRODUCTS-COSMETICS,74,112.51000213623047,0.2594201730148191,88.86;88.47;89.33;89.90;89.18;89.48;89.26;88.99;90.31;94.06;92.51;97.35;93.78;89.79;89.92;89.07;90.36;90.33;92.51;88.90;87.43;84.87;85.20;89.80;91.30;94.96;91.02;86.99;89.91;95.41;98.65;98.71;95.90;97.05;103.51;107.20;111.06;118.54;121.38;117.56;117.62;119.49;122.35;121.94;118.90;123.81;126.12;123.66;127.63;118.15;118.64;117.24;113.81;112.65;113.93;115.97;115.84;116.94;116.27;113.20;112.20;109.70;111.25;112.64;112.51,HALAL,"Business activity permissible — debt ratio not verified, cross-check Musaffa/Zoya",
EPC,CONSUMER,CONSUMER PRODUCTS-COSMETICS,88,27.18000030517578,0.3930726199748116,20.28;19.42;19.26;19.82;20.75;21.07;20.72;20.46;22.06;21.92;21.98;23.10;22.80;23.45;22.80;21.48;22.28;22.54;21.38;19.42;17.99;15.73;15.80;17.16;17.30;17.22;17.59;18.30;19.62;20.47;21.53;22.87;22.44;22.60;26.44;27.57;26.71;27.06;26.47;25.83;27.08;27.70;29.50;27.65;26.55;27.66;28.07;27.04;28.38;27.97;27.84;28.50;28.27;28.30;27.41;28.21;28.49;28.89;27.79;28.35;27.56;26.88;26.71;26.78;27.18,HALAL,"Business activity permissible — debt ratio not verified, cross-check Musaffa/Zoya",
GPRO,CONSUMER,CONSUMER PRODUCTS-ELECTRONICS,87,1.309999942779541,0.8093922433608327,0.70;0.68;0.67;0.68;0.64;0.77;0.77;0.74;0.74;0.94;1.12;1.28;1.40;1.29;1.38;1.49;1.73;1.46;1.39;1.32;1.10;1.11;1.00;0.99;1.20;1.22;1.10;1.04;0.90;0.86;0.78;0.75;0.80;0.74;0.71;0.75;0.78;0.72;0.70;0.76;0.71;0.70;0.66;0.72;0.69;0.69;0.69;0.75;0.77;0.73;0.70;0.57;0.60;0.59;0.62;0.60;0.60;0.60;1.23;1.39;1.46;1.40;1.35;1.27;1.31,HALAL,"Business activity permissible — debt ratio not verified, cross-check Musaffa/Zoya",
SONO,CONSUMER,CONSUMER PRODUCTS-ELECTRONICS,,,,,HALAL,"Business activity permissible — debt ratio not verified, cross-check Musaffa/Zoya",
VZIO,CONSUMER,CONSUMER PRODUCTS-ELECTRONICS,,,,,HALAL,"Business activity permissible — debt ratio not verified, cross-check Musaffa/Zoya",
GRMN,CONSUMER,CONSUMER PRODUCTS-ELECTRONICS,77,274.05999755859375,0.1833671285195706,233.16;233.17;236.74;242.76;228.26;230.10;235.69;239.28;254.41;259.41;263.65;265.21;263.30;258.65;255.21;250.99;240.42;232.70;239.90;240.38;230.11;223.89;226.80;237.80;236.56;234.40;234.85;235.98;234.62;235.89;236.61;237.25;231.00;235.43;239.09;231.61;236.62;239.09;247.72;243.57;242.67;240.83;248.60;235.74;239.17;241.53;293.69;292.65;306.17;300.71;311.95;308.78;309.00;296.29;291.96;290.13;287.91;284.09;274.11;276.11;274.62;271.15;280.38;276.93;274.06,HALAL,"Business activity permissible — debt ratio not verified, cross-check Musaffa/Zoya",
PG,CONSUMER,CONSUMER PRODUCTS-PERSONAL,37,146.38999938964844,-0.013651839938741195,149.23;142.69;141.85;141.79;140.59;142.30;141.00;139.20;144.49;141.45;141.25;144.75;140.21;143.55;147.30;145.37;146.17;143.83;144.98;142.30;141.19;140.52;140.25;142.34;141.90;144.83;139.24;139.15;145.45;147.57;147.24;149.35;149.44;146.59;150.91;147.92;145.55;150.29;151.62;145.76;147.27;146.95;148.87;147.00;145.88;148.63;146.10;144.49;148.01;146.97;146.44;144.08;144.55;143.45;142.97;146.60;145.00;143.78;146.21;146.92;145.58;142.97;146.13;147.02;146.39,HALAL,"Business activity permissible — debt ratio not verified, cross-check Musaffa/Zoya",
CL,CONSUMER,CONSUMER PRODUCTS-PERSONAL,48,87.47000122070312,-0.0036224585127601072,88.87;84.49;84.14;84.48;83.29;84.22;84.13;82.15;85.02;82.99;82.50;84.79;81.34;83.24;83.69;84.01;86.76;85.84;86.86;86.25;87.37;87.63;89.51;89.92;89.34;91.14;87.93;84.39;88.08;87.30;88.88;90.06;90.06;88.16;91.36;91.55;91.16;94.59;94.49;90.49;92.68;90.95;92.45;90.50;90.08;91.98;93.49;91.30;92.53;93.00;93.15;92.32;91.95;91.46;89.70;92.55;92.06;90.75;89.63;90.09;88.41;87.90;87.89;87.02;87.47,HALAL,"Business activity permissible — debt ratio not verified, cross-check Musaffa/Zoya",
KMB,CONSUMER,CONSUMER PRODUCTS-PERSONAL,29,97.86000061035156,0.015728110901965353,97.94;96.09;96.94;96.85;96.17;94.03;93.70;90.70;95.49;94.16;94.37;96.34;94.16;95.46;95.77;93.67;95.20;94.75;97.05;93.33;94.59;93.49;94.03;96.24;96.28;97.61;95.48;92.37;97.87;99.33;100.34;101.92;100.27;99.31;105.46;108.07;108.47;113.36;113.38;108.63;108.87;105.27;107.07;106.77;106.04;110.12;111.87;108.01;110.25;107.37;106.74;107.64;109.08;106.44;107.40;110.05;109.03;108.25;105.81;106.67;102.93;98.48;99.09;98.10;97.86,HALAL,"Business activity permissible — debt ratio not verified, cross-check Musaffa/Zoya",
EPC,CONSUMER,CONSUMER PRODUCTS-PERSONAL,88,27.18000030517578,0.3930726199748116,20.28;19.42;19.26;19.82;20.75;21.07;20.72;20.46;22.06;21.92;21.98;23.10;22.80;23.45;22.80;21.48;22.28;22.54;21.38;19.42;17.99;15.73;15.80;17.16;17.30;17.22;17.59;18.30;19.62;20.47;21.53;22.87;22.44;22.60;26.44;27.57;26.71;27.06;26.47;25.83;27.08;27.70;29.50;27.65;26.55;27.66;28.07;27.04;28.38;27.97;27.84;28.50;28.27;28.30;27.41;28.21;28.49;28.89;27.79;28.35;27.56;26.88;26.71;26.78;27.18,HALAL,"Business activity permissible — debt ratio not verified, cross-check Musaffa/Zoya",
ENR,CONSUMER,CONSUMER PRODUCTS-PERSONAL,59,21.3799991607666,0.2980169283441494,16.97;16.33;16.54;16.21;16.47;15.90;15.90;16.17;17.89;18.28;18.66;19.83;19.12;19.33;18.86;17.93;19.06;17.28;17.97;17.02;16.48;16.28;15.72;17.07;17.98;18.30;18.15;18.35;19.18;19.42;19.61;19.86;19.70;20.81;22.22;22.34;21.15;21.46;20.41;19.94;20.19;20.41;19.96;19.81;20.37;20.76;21.12;20.69;21.29;21.25;21.63;22.46;22.45;22.03;20.99;21.48;21.97;22.27;20.77;20.65;21.00;20.04;20.27;20.75;21.38,HALAL,"Business activity permissible — debt ratio not verified, cross-check Musaffa/Zoya",
CHD,CONSUMER,CONSUMER PRODUCTS-PERSONAL,44,94.75,-0.024560756419333196,96.70;93.99;94.06;93.79;94.09;92.73;92.27;91.97;95.56;94.43;94.04;96.27;92.62;93.99;94.80;95.60;95.42;92.94;93.29;90.15;94.49;93.76;95.46;95.35;96.38;97.33;95.01;92.61;96.45;96.74;96.78;98.02;97.11;93.46;98.37;99.28;96.59;98.30;98.65;95.38;96.86;96.84;97.77;95.46;95.90;98.40;99.56;98.51;102.69;103.05;102.99;100.93;101.30;99.13;97.41;102.53;102.86;101.26;99.43;98.59;96.54;93.94;94.58;95.51;94.75,HALAL,"Business activity permissible — debt ratio not verified, cross-check Musaffa/Zoya",
CLX,CONSUMER,CONSUMER PRODUCTS-PERSONAL,12,83.0999984741211,-0.23084077600314945,108.74;104.08;103.35;102.26;99.61;101.16;98.73;100.58;105.05;100.92;100.47;102.09;97.23;96.53;95.54;93.68;86.10;85.13;91.05;87.87;90.94;89.41;91.50;94.07;95.12;95.09;88.06;87.51;93.05;97.34;97.16;94.87;93.87;89.55;94.28;96.41;94.34;96.14;96.29;92.00;93.95;95.83;95.21;94.59;92.72;96.29;98.48;94.43;103.46;104.38;106.46;105.76;105.70;105.55;106.04;107.17;104.23;102.53;94.97;94.29;91.60;88.77;89.31;84.86;83.10,HALAL,"Business activity permissible — debt ratio not verified, cross-check Musaffa/Zoya",
SPB,CONSUMER,CONSUMER PRODUCTS-PERSONAL,81,86.16999816894531,0.18222623515161462,74.51;71.13;71.76;74.49;72.77;72.87;72.89;75.20;79.31;78.02;78.27;83.75;81.78;83.38;82.76;80.57;82.02;81.45;77.74;78.19;78.58;76.21;72.16;74.68;78.26;78.04;77.35;79.22;81.12;82.28;83.38;84.10;80.12;82.85;85.75;87.02;85.29;84.54;82.93;83.63;84.24;87.20;88.22;88.50;86.96;88.34;87.81;88.30;90.49;87.79;87.41;87.95;89.45;87.53;85.70;87.87;88.89;88.68;86.06;88.41;87.48;85.62;85.45;86.56;86.17,HALAL,"Business activity permissible — debt ratio not verified, cross-check Musaffa/Zoya",
CHWY,CONSUMER,CONSUMER PRODUCTS-PET,12,20.6200008392334,-0.1904200473055424,25.22;24.28;23.59;26.57;26.12;27.00;26.87;26.22;26.00;25.36;27.17;27.52;27.74;25.65;25.22;25.96;25.54;24.54;23.67;22.49;21.65;21.28;19.66;19.93;21.25;21.38;22.28;21.04;20.64;20.40;18.77;19.34;17.77;17.51;19.01;18.55;19.65;20.85;20.73;20.67;20.32;21.21;20.93;21.51;20.46;21.80;23.30;22.60;24.10;23.43;22.59;22.35;22.42;23.04;23.88;24.50;22.97;23.26;23.72;23.96;23.27;21.08;21.35;20.91;20.62,HALAL,"Business activity permissible — debt ratio not verified, cross-check Musaffa/Zoya",
FRPT,CONSUMER,CONSUMER PRODUCTS-PET,42,61.439998626708984,-0.19791122910444747,67.42;63.17;64.68;60.10;55.93;58.96;59.40;63.04;66.63;68.25;68.79;69.50;64.83;65.56;65.45;66.14;65.15;60.17;55.87;49.64;48.63;49.35;47.39;51.30;51.00;53.09;49.42;50.00;49.74;51.15;52.22;54.49;55.66;50.92;52.74;57.43;59.12;56.38;54.51;55.47;55.92;56.23;56.64;58.62;56.66;59.50;61.94;59.54;62.38;66.73;67.77;72.31;72.76;72.63;74.13;76.55;74.89;70.82;70.31;69.68;67.28;65.17;63.77;62.03;61.44,HALAL,"Business activity permissible — debt ratio not verified, cross-check Musaffa/Zoya",
PETS,CONSUMER,CONSUMER PRODUCTS-PET,11,1.6100000143051147,-0.34552845961828993,2.55;2.48;2.30;2.33;2.23;2.28;2.29;2.32;2.31;2.30;2.35;2.33;2.30;2.23;2.30;2.26;2.30;2.37;2.30;2.26;2.26;2.23;2.21;2.17;2.23;2.20;2.17;1.78;1.68;1.71;1.84;1.83;1.80;1.81;1.79;1.76;1.92;1.98;1.92;1.96;1.91;2.00;1.97;1.99;2.05;1.97;1.98;1.95;1.99;1.97;1.97;2.01;1.83;1.80;1.76;1.75;1.79;1.88;1.83;1.85;1.76;1.70;1.67;1.60;1.61,HALAL,"Business activity permissible — debt ratio not verified, cross-check Musaffa/Zoya",
WOOF,CONSUMER,CONSUMER PRODUCTS-PET,8,2.359999895095825,-0.3480663067116808,3.38;3.12;2.89;2.81;2.70;2.78;2.68;2.68;2.84;2.83;2.90;3.03;2.98;2.99;2.96;2.80;2.88;2.73;2.75;2.54;2.56;2.50;2.47;2.65;2.76;3.02;3.06;3.05;2.83;2.72;2.83;2.79;2.63;2.49;2.59;2.71;2.72;2.62;2.53;2.55;2.57;2.59;2.66;2.70;2.54;2.72;2.79;2.79;2.96;2.77;2.68;2.73;2.82;2.76;2.85;2.88;2.77;2.70;2.58;2.52;2.60;2.43;2.43;2.35;2.36,HALAL,"Business activity permissible — debt ratio not verified, cross-check Musaffa/Zoya",
PAHC,CONSUMER,CONSUMER PRODUCTS-PET,26,34.560001373291016,-0.2962419461285487,52.13;52.00;53.41;56.59;53.49;54.91;55.11;55.25;58.66;59.14;54.61;56.65;53.69;54.29;55.73;52.12;54.49;55.83;42.84;36.05;35.00;34.12;33.65;33.22;33.43;31.60;29.65;31.69;32.33;32.55;31.16;32.18;30.74;30.97;31.26;31.59;31.30;33.16;33.02;32.28;32.90;33.63;33.21;33.75;33.93;35.13;36.83;36.22;36.48;35.39;34.04;33.69;34.25;34.54;35.07;35.20;35.98;37.55;38.25;38.58;37.31;36.58;35.94;35.30;34.56,HALAL,"Business activity permissible — debt ratio not verified, cross-check Musaffa/Zoya",
ZTS,CONSUMER,CONSUMER PRODUCTS-PET,6,71.4000015258789,-0.37545019142833247,120.31;114.69;113.94;115.40;112.08;116.88;116.62;115.49;118.64;118.73;119.40;121.01;117.36;115.26;117.05;113.04;113.37;111.76;86.71;76.14;73.83;73.71;78.37;79.52;79.67;77.73;77.02;77.05;78.89;81.63;80.84;79.40;76.73;75.36;77.63;75.56;71.36;74.28;75.76;74.56;74.87;74.01;76.03;75.35;74.57;76.92;77.93;77.29;76.04;77.27;74.83;73.54;73.79;73.96;75.02;77.17;77.52;77.34;77.25;76.29;73.56;72.86;73.67;73.00;71.40,HALAL,"Business activity permissible — debt ratio not verified, cross-check Musaffa/Zoya",
ELAN,CONSUMER,CONSUMER PRODUCTS-PET,44,22.420000076293945,-0.02266784854654469,25.18;25.12;24.44;25.50;23.13;23.93;23.08;22.80;23.46;23.86;23.23;23.68;22.61;22.39;22.09;21.80;22.51;22.99;24.01;21.72;21.80;19.86;19.80;21.32;22.82;23.98;23.67;24.57;23.63;24.50;24.05;24.29;23.39;23.90;23.96;24.57;24.61;25.00;24.64;24.62;25.14;25.54;25.83;25.48;24.78;25.41;26.39;26.37;25.60;24.20;22.28;22.13;23.67;23.64;23.56;24.42;25.08;24.11;23.91;24.42;23.97;22.86;23.15;22.86;22.42,HALAL,"Business activity permissible — debt ratio not verified, cross-check Musaffa/Zoya",
CLX,CONSUMER,CONSUMER PRODUCTS-SOAPS/CLEANERS,12,83.0999984741211,-0.23084077600314945,108.74;104.08;103.35;102.26;99.61;101.16;98.73;100.58;105.05;100.92;100.47;102.09;97.23;96.53;95.54;93.68;86.10;85.13;91.05;87.87;90.94;89.41;91.50;94.07;95.12;95.09;88.06;87.51;93.05;97.34;97.16;94.87;93.87;89.55;94.28;96.41;94.34;96.14;96.29;92.00;93.95;95.83;95.21;94.59;92.72;96.29;98.48;94.43;103.46;104.38;106.46;105.76;105.70;105.55;106.04;107.17;104.23;102.53;94.97;94.29;91.60;88.77;89.31;84.86;83.10,HALAL,"Business activity permissible — debt ratio not verified, cross-check Musaffa/Zoya",
CHD,CONSUMER,CONSUMER PRODUCTS-SOAPS/CLEANERS,44,94.75,-0.024560756419333196,96.70;93.99;94.06;93.79;94.09;92.73;92.27;91.97;95.56;94.43;94.04;96.27;92.62;93.99;94.80;95.60;95.42;92.94;93.29;90.15;94.49;93.76;95.46;95.35;96.38;97.33;95.01;92.61;96.45;96.74;96.78;98.02;97.11;93.46;98.37;99.28;96.59;98.30;98.65;95.38;96.86;96.84;97.77;95.46;95.90;98.40;99.56;98.51;102.69;103.05;102.99;100.93;101.30;99.13;97.41;102.53;102.86;101.26;99.43;98.59;96.54;93.94;94.58;95.51;94.75,HALAL,"Business activity permissible — debt ratio not verified, cross-check Musaffa/Zoya",
ECL,CONSUMER,CONSUMER PRODUCTS-SOAPS/CLEANERS,41,269.4599914550781,-0.009270349859772264,271.13;257.31;259.73;267.10;259.97;264.59;262.86;260.85;271.01;273.72;268.92;273.33;269.39;269.99;266.44;255.23;258.12;256.27;255.17;249.75;248.28;246.29;244.41;248.84;252.87;258.85;249.13;254.30;256.59;263.02;262.22;267.14;268.35;268.63;275.56;282.90;277.87;282.61;282.33;272.31;271.13;269.53;272.11;263.50;262.44;270.66;282.95;276.89;282.39;282.71;283.65;277.69;275.38;279.26;280.73;286.22;289.83;285.99;279.51;278.23;277.37;270.88;274.78;274.08;269.46,HALAL,"Business activity permissible — debt ratio not verified, cross-check Musaffa/Zoya",
DECK,CONSUMER,CONSUMER PRODUCTS-SOAPS/CLEANERS,6,78.43000030517578,-0.22177018004402305,104.71;104.91;102.45;100.05;94.05;100.09;98.31;100.26;109.77;108.14;108.87;112.50;110.17;107.71;106.77;101.34;100.88;98.54;102.72;96.65;93.93;93.56;94.27;102.62;111.44;114.31;110.82;107.36;108.13;112.48;114.37;112.50;105.72;105.57;105.70;104.56;99.29;104.69;106.08;104.26;107.80;106.53;106.49;103.31;96.23;97.73;103.54;96.88;99.87;97.87;97.44;91.20;93.09;89.51;88.86;92.08;89.47;87.76;84.58;84.50;82.60;79.88;80.54;77.96;78.43,HALAL,"Business activity permissible — debt ratio not verified, cross-check Musaffa/Zoya",
DUOL,CONSUMER,CONSUMER SVCS-EDUCATION,35,141.89999389648438,0.44221968469097894,104.36;99.61;99.75;99.12;95.35;98.57;96.54;96.29;90.53;93.53;98.78;100.51;102.63;100.29;103.30;106.82;111.25;104.03;113.61;105.15;104.98;112.06;114.10;105.64;106.48;108.67;117.97;107.40;109.03;117.86;123.85;127.06;123.39;127.25;132.15;121.49;115.02;125.76;131.95;129.95;132.34;131.22;133.85;124.71;120.67;132.82;140.17;134.81;137.75;122.58;137.19;134.63;132.83;139.64;147.03;146.84;140.88;146.98;158.77;158.82;146.39;145.16;151.14;148.17;141.90,HALAL,"Business activity permissible — debt ratio not verified, cross-check Musaffa/Zoya",
LRN,CONSUMER,CONSUMER SVCS-EDUCATION,25,78.9000015258789,-0.06472260603329916,87.08;87.41;87.33;88.60;85.61;88.17;89.64;88.95;90.38;91.88;94.01;98.44;98.11;98.36;97.79;95.16;93.08;93.76;91.66;87.34;88.13;88.29;90.19;87.65;89.48;91.97;96.50;99.63;100.01;97.13;99.47;83.54;84.28;82.32;84.81;87.12;86.24;90.44;91.07;91.09;92.02;83.39;87.32;84.69;86.07;90.08;97.71;80.29;80.45;80.00;80.23;78.59;83.36;83.76;84.07;85.07;84.58;86.84;87.28;85.80;82.15;81.45;82.70;82.04;78.90,HALAL,"Business activity permissible — debt ratio not verified, cross-check Musaffa/Zoya",
CHGG,CONSUMER,CONSUMER SVCS-EDUCATION,6,0.6955000162124634,0.22017548235059392,0.58;0.57;0.57;0.59;0.68;0.74;0.75;0.73;0.86;0.93;1.09;1.05;0.99;0.97;1.05;1.14;1.12;1.24;1.28;1.00;1.14;1.02;1.05;1.43;1.42;1.50;1.34;1.23;1.17;1.11;1.15;1.10;1.03;1.05;1.06;1.13;1.01;1.01;0.94;0.89;0.85;0.84;0.82;0.93;0.97;0.99;1.04;0.98;1.03;0.88;0.85;0.80;0.79;0.76;0.75;0.80;0.79;0.84;0.79;0.98;0.80;0.73;0.76;0.73;0.70,HALAL,"Business activity permissible — debt ratio not verified, cross-check Musaffa/Zoya",
STRA,CONSUMER,CONSUMER SVCS-EDUCATION,51,79.83999633789062,0.003544362258372402,79.33;79.78;82.61;82.25;80.25;81.73;82.43;82.34;81.23;77.96;79.22;81.97;82.37;71.12;74.83;77.79;77.08;77.77;77.91;76.45;77.57;77.62;78.85;77.64;77.26;76.63;78.81;78.47;80.98;79.92;79.27;73.49;74.62;75.89;76.35;78.27;76.06;80.39;83.33;82.87;85.09;75.25;75.97;74.99;74.45;77.97;86.98;81.40;83.10;81.86;80.85;79.43;81.73;81.36;81.78;83.38;84.69;84.02;82.71;81.30;81.44;81.03;82.73;81.51;79.84,HALAL,"Business activity permissible — debt ratio not verified, cross-check Musaffa/Zoya",
SCI,CONSUMER,CONSUMER SVCS-FUNERAL,46,77.76000213623047,-0.01303964232154009,78.65;75.16;75.81;78.07;80.83;81.76;84.00;82.21;82.64;81.54;79.85;82.23;82.95;85.59;85.52;85.60;79.05;78.77;77.77;76.68;76.75;77.03;77.15;76.03;75.96;75.60;72.47;68.14;69.05;71.24;73.05;73.63;72.25;72.84;73.71;75.44;75.62;78.21;78.02;76.29;79.29;77.63;78.37;76.86;78.99;82.36;85.30;85.81;85.22;84.58;83.03;84.03;83.86;82.00;83.00;83.86;85.00;82.99;81.07;82.41;80.63;79.38;80.92;80.69;77.76,HALAL,"Business activity permissible — debt ratio not verified, cross-check Musaffa/Zoya",
MATW,CONSUMER,CONSUMER SVCS-FUNERAL,13,20.479999542236328,-0.1462169588409422,24.32;23.98;24.36;24.90;24.70;25.31;24.88;25.37;26.38;26.54;26.16;27.00;26.62;27.58;27.73;27.23;28.05;28.02;27.11;27.47;27.49;26.22;26.65;26.17;27.00;26.78;26.14;25.17;25.08;25.26;25.57;26.15;25.22;25.84;26.05;26.96;26.63;26.40;26.71;26.69;26.34;26.43;27.16;27.19;26.75;27.85;28.11;27.45;27.90;27.36;22.98;23.25;23.25;22.32;21.66;21.22;21.55;20.93;20.37;21.10;20.39;20.04;19.91;19.95;20.48,HALAL,"Business activity permissible — debt ratio not verified, cross-check Musaffa/Zoya",
CSV,CONSUMER,CONSUMER SVCS-FUNERAL,8,30.479999542236328,-0.26970364962222726,42.35;41.89;42.96;43.85;44.39;45.43;46.24;46.10;48.34;47.82;46.53;48.40;48.12;50.22;51.39;48.92;48.94;47.35;44.48;44.62;42.99;43.10;43.95;43.77;44.08;42.37;40.40;37.22;37.42;38.38;39.54;38.48;37.80;38.15;38.53;38.97;38.23;38.91;38.88;37.96;39.30;37.90;37.56;36.55;37.66;39.89;40.66;40.26;40.51;37.00;34.25;33.69;36.44;34.35;34.53;34.57;34.76;34.09;33.11;33.86;32.99;32.19;32.84;31.97;30.48,HALAL,"Business activity permissible — debt ratio not verified, cross-check Musaffa/Zoya",
HI,CONSUMER,CONSUMER SVCS-FUNERAL,,,,,HALAL,"Business activity permissible — debt ratio not verified, cross-check Musaffa/Zoya",
RGS,CONSUMER,CONSUMER SVCS-PERSONAL,48,26.709999084472656,0.19454375471292518,24.48;24.00;23.95;24.62;23.85;24.69;24.44;24.97;24.54;24.50;26.76;27.01;27.58;27.09;27.85;27.82;27.00;26.76;27.99;27.00;28.05;28.30;28.19;28.02;29.51;29.15;27.41;27.00;27.28;26.99;27.77;27.13;27.56;27.32;26.04;27.26;28.00;27.10;27.80;27.94;27.45;29.49;29.61;29.26;27.54;27.35;27.38;27.38;26.50;28.79;28.33;27.75;27.73;27.46;26.53;26.80;26.80;27.13;28.79;28.80;27.76;27.40;28.35;27.62;26.71,HALAL,"Business activity permissible — debt ratio not verified, cross-check Musaffa/Zoya",
RCM,CONSUMER,CONSUMER SVCS-PERSONAL,,,,,HALAL,"Business activity permissible — debt ratio not verified, cross-check Musaffa/Zoya",
ROL,CONSUMER,CONSUMER SVCS-PERSONAL,3,32.43000030517578,-0.40687135985003586,55.38;53.64;52.77;53.04;52.03;52.97;53.49;53.26;55.33;54.21;53.93;54.55;54.26;56.52;55.51;54.87;54.33;53.66;53.94;52.62;52.56;53.16;53.48;52.76;52.90;49.18;46.10;45.57;46.87;47.30;46.82;46.67;44.91;44.19;44.32;43.06;41.54;43.17;43.41;44.55;44.70;43.55;44.89;43.65;39.25;38.88;38.56;37.79;37.63;36.65;37.23;36.52;36.20;36.32;36.38;37.26;36.70;36.38;36.19;35.71;34.95;34.56;35.31;33.53;32.43,HALAL,"Business activity permissible — debt ratio not verified, cross-check Musaffa/Zoya",
SCI,CONSUMER,CONSUMER SVCS-PERSONAL,46,77.76000213623047,-0.01303964232154009,78.65;75.16;75.81;78.07;80.83;81.76;84.00;82.21;82.64;81.54;79.85;82.23;82.95;85.59;85.52;85.60;79.05;78.77;77.77;76.68;76.75;77.03;77.15;76.03;75.96;75.60;72.47;68.14;69.05;71.24;73.05;73.63;72.25;72.84;73.71;75.44;75.62;78.21;78.02;76.29;79.29;77.63;78.37;76.86;78.99;82.36;85.30;85.81;85.22;84.58;83.03;84.03;83.86;82.00;83.00;83.86;85.00;82.99;81.07;82.41;80.63;79.38;80.92;80.69;77.76,HALAL,"Business activity permissible — debt ratio not verified, cross-check Musaffa/Zoya",
TEL,ELECTRONICS,ELECTRONIC-COMPONENTS/CONNECTORS,32,205.4199981689453,0.038158703332364485,202.76;196.86;199.24;208.40;200.58;207.41;207.45;209.35;226.86;232.52;232.34;244.24;241.30;216.05;207.90;203.66;205.83;205.34;208.44;204.53;206.06;203.53;194.56;201.01;207.79;209.51;210.27;217.54;211.82;210.09;206.93;215.30;211.37;211.86;197.78;196.97;200.83;196.67;197.07;198.14;197.41;200.56;202.52;208.20;198.02;206.77;206.15;204.89;215.98;214.24;213.45;213.37;215.39;204.17;199.76;202.41;205.03;202.66;208.00;209.41;204.99;204.63;203.37;202.20;205.42,HALAL,"Business activity permissible — debt ratio not verified, cross-check Musaffa/Zoya",
APH,ELECTRONICS,ELECTRONIC-COMPONENTS/CONNECTORS,,,,,HALAL,"Business activity permissible — debt ratio not verified, cross-check Musaffa/Zoya",
GLW,ELECTRONICS,ELECTRONIC-COMPONENTS/CONNECTORS,87,150.1300048828125,0.16669170665059996,129.45;132.63;130.52;145.85;136.34;135.51;147.42;148.01;169.22;174.57;167.70;163.82;164.89;168.92;167.44;151.38;157.72;161.55;181.78;206.68;205.81;191.16;175.23;191.24;195.50;182.35;176.37;200.38;177.25;173.61;176.22;187.53;175.07;209.44;205.44;220.63;254.95;196.42;185.03;192.02;182.77;174.08;154.32;162.10;155.77;143.09;123.82;137.99;159.59;156.88;157.46;167.13;165.68;159.60;151.17;145.28;152.49;148.70;145.56;146.00;165.96;163.12;143.60;144.16;150.13,HALAL,"Business activity permissible — debt ratio not verified, cross-check Musaffa/Zoya",
JBL,ELECTRONICS,ELECTRONIC-COMPONENTS/CONNECTORS,61,299.57000732421875,0.19570077777781836,262.23;265.19;266.14;283.11;260.98;265.51;268.43;272.73;292.89;305.24;304.82;321.55;333.53;338.38;340.65;333.71;342.32;337.11;349.45;365.08;355.27;339.75;332.81;356.33;380.17;363.57;359.89;378.96;353.16;362.30;376.81;385.55;374.90;377.16;371.72;358.52;385.40;341.23;321.01;332.44;321.89;319.11;300.94;318.86;321.97;311.42;287.08;314.98;339.93;344.60;336.56;366.08;363.10;338.62;316.65;304.89;310.91;301.45;299.14;305.92;312.33;302.80;298.72;297.24;299.57,HALAL,"Business activity permissible — debt ratio not verified, cross-check Musaffa/Zoya",
VSH,ELECTRONICS,ELECTRONIC-COMPONENTS/CONNECTORS,91,32.5099983215332,0.8959407344786736,17.59;17.64;17.38;18.20;16.94;17.91;18.49;18.89;21.23;22.73;23.65;25.80;26.78;27.20;27.64;27.67;29.44;31.94;32.43;34.66;38.31;37.05;36.86;41.97;50.13;51.99;55.72;63.66;56.92;58.30;58.32;63.41;60.04;64.07;55.41;56.17;53.61;45.78;42.06;43.90;41.81;40.32;37.69;39.65;40.67;37.06;29.87;34.11;38.73;32.68;33.04;33.44;34.97;33.41;31.73;30.33;30.56;30.46;29.54;30.35;31.37;31.29;30.80;31.32;32.51,HALAL,"Business activity permissible — debt ratio not verified, cross-check Musaffa/Zoya",
AVX,ELECTRONICS,ELECTRONIC-COMPONENTS/CONNECTORS,1,3.890000104904175,-0.5768059246910648,9.72;8.92;8.50;8.02;6.74;7.18;6.98;5.92;6.84;7.44;6.88;7.68;6.77;6.31;6.29;6.12;6.84;6.25;6.26;6.30;5.90;6.47;6.26;6.98;6.96;6.67;6.31;5.71;4.81;4.99;4.44;5.32;5.73;5.66;5.70;6.38;5.19;5.46;5.58;5.43;4.73;3.96;3.60;3.45;3.56;3.38;3.00;2.90;3.20;3.17;3.49;3.13;3.15;2.95;3.02;3.69;3.54;3.41;3.46;3.64;3.69;3.74;3.84;3.39;3.89,HALAL,"Business activity permissible — debt ratio not verified, cross-check Musaffa/Zoya",
CTS,ELECTRONICS,ELECTRONIC-COMPONENTS/CONNECTORS,69,58.29999923706055,0.2750144391281979,46.24;47.13;48.57;50.27;47.81;47.73;48.31;49.43;53.36;55.54;54.51;55.10;55.09;55.50;55.95;54.40;56.97;58.04;59.81;61.45;59.44;58.29;57.04;59.87;65.21;64.75;63.85;67.00;62.81;66.23;67.84;66.59;64.68;68.27;66.97;65.00;65.19;60.50;59.15;60.96;59.07;59.39;59.40;61.31;60.92;60.41;61.53;64.12;67.26;66.26;64.61;63.62;63.47;59.97;57.78;56.13;57.02;56.57;56.24;56.54;56.73;56.30;57.02;56.89;58.30,HALAL,"Business activity permissible — debt ratio not verified, cross-check Musaffa/Zoya",
BHE,ELECTRONICS,ELECTRONIC-COMPONENTS/CONNECTORS,86,75.4000015258789,0.42381780233816735,54.11;55.77;56.76;58.74;55.33;55.96;56.47;56.93;62.08;64.76;62.19;64.93;66.05;67.48;69.14;72.27;84.35;84.41;83.63;86.36;85.92;84.79;81.16;82.29;88.85;84.40;84.88;88.08;83.77;86.57;88.83;91.15;90.89;93.49;91.72;91.89;98.67;86.13;81.01;85.26;81.77;81.69;78.45;84.65;83.85;79.63;74.11;79.77;85.41;82.37;81.26;81.94;81.75;76.71;73.36;71.72;72.32;71.31;70.48;71.21;73.92;73.98;72.25;73.85;75.40,HALAL,"Business activity permissible — debt ratio not verified, cross-check Musaffa/Zoya",
FLEX,ELECTRONICS,ELECTRONIC-CONTRACT MFG,88,108.51000213623047,0.7101654977380258,65.39;65.79;65.04;70.02;64.80;65.46;68.59;68.21;75.01;78.31;78.43;81.83;85.14;86.90;90.08;90.60;91.70;96.45;133.01;145.07;143.80;137.86;126.29;131.07;143.24;144.85;148.01;161.94;151.92;147.21;151.99;149.22;143.13;155.81;150.72;146.70;162.07;136.86;131.52;139.94;129.50;128.72;119.25;127.39;127.94;116.07;103.02;113.75;126.71;122.65;119.70;124.53;126.16;120.24;110.32;106.65;111.82;110.50;106.86;107.89;114.31;108.01;108.32;107.90;108.51,HALAL,"Business activity permissible — debt ratio not verified, cross-check Musaffa/Zoya",
SANM,ELECTRONICS,ELECTRONIC-CONTRACT MFG,77,199.55999755859375,0.5939297318121506,125.11;130.23;131.39;138.56;130.90;129.64;130.21;131.82;141.84;153.50;154.31;174.09;174.06;180.02;188.08;208.67;223.27;221.89;237.09;245.44;238.62;235.34;224.70;234.36;259.97;263.23;264.88;282.72;252.08;242.36;246.98;259.82;242.77;253.45;248.81;236.55;253.08;219.77;205.75;212.88;201.80;207.33;197.24;219.41;218.56;208.90;163.85;185.56;207.46;205.66;199.15;208.90;210.84;198.28;190.72;185.41;198.64;194.01;187.30;195.69;205.41;203.31;196.04;195.75;199.56,HALAL,"Business activity permissible — debt ratio not verified, cross-check Musaffa/Zoya",
BHE,ELECTRONICS,ELECTRONIC-CONTRACT MFG,86,75.4000015258789,0.42381780233816735,54.11;55.77;56.76;58.74;55.33;55.96;56.47;56.93;62.08;64.76;62.19;64.93;66.05;67.48;69.14;72.27;84.35;84.41;83.63;86.36;85.92;84.79;81.16;82.29;88.85;84.40;84.88;88.08;83.77;86.57;88.83;91.15;90.89;93.49;91.72;91.89;98.67;86.13;81.01;85.26;81.77;81.69;78.45;84.65;83.85;79.63;74.11;79.77;85.41;82.37;81.26;81.94;81.75;76.71;73.36;71.72;72.32;71.31;70.48;71.21;73.92;73.98;72.25;73.85;75.40,HALAL,"Business activity permissible — debt ratio not verified, cross-check Musaffa/Zoya",
CLS,ELECTRONICS,ELECTRONIC-CONTRACT MFG,56,332.6300048828125,0.2625446582826918,281.95;284.30;286.98;302.22;280.22;281.68;294.84;297.34;328.33;365.46;381.94;396.01;403.03;391.60;422.21;376.54;418.93;417.66;385.21;380.99;372.55;358.55;339.13;354.77;370.84;351.02;426.55;458.14;371.71;371.86;385.86;403.45;380.37;376.84;362.24;337.53;364.80;336.21;345.06;354.78;345.18;334.77;301.34;339.59;334.75;318.24;328.43;331.44;371.15;314.53;314.59;339.46;335.05;310.59;302.00;294.57;307.32;298.70;292.59;309.84;329.97;325.22;316.08;323.83;332.63,HALAL,"Business activity permissible — debt ratio not verified, cross-check Musaffa/Zoya",
PLXS,ELECTRONICS,ELECTRONIC-CONTRACT MFG,81,246.72999572753906,0.2935408861377098,195.54;201.48;202.79;217.26;199.17;202.54;207.35;207.87;223.37;230.45;220.49;228.64;238.58;249.87;249.14;250.60;264.60;265.11;260.71;271.78;261.91;258.43;250.03;256.38;272.91;267.89;271.40;287.55;273.01;281.48;287.93;295.02;294.03;303.82;286.59;287.44;300.67;275.11;255.94;270.56;259.03;254.11;250.63;260.66;261.71;253.38;240.49;251.34;276.79;268.49;267.68;271.95;267.41;253.15;241.91;237.61;244.52;240.87;238.57;242.07;249.90;246.94;239.63;242.33;246.73,HALAL,"Business activity permissible — debt ratio not verified, cross-check Musaffa/Zoya",
KEYS,ELECTRONICS,ELECTRONIC-MEASURING INSTR,87,335.0,0.19736936686551054,287.38;290.21;288.96;293.12;279.06;282.37;291.24;300.61;322.94;331.11;325.25;334.34;339.30;346.53;340.64;335.46;352.41;355.93;355.06;366.36;361.19;349.01;344.11;337.55;355.74;339.13;330.00;350.48;329.83;331.43;340.03;356.94;350.70;373.34;351.30;328.66;350.07;313.86;309.12;322.17;320.83;322.71;315.90;328.11;325.13;313.68;296.72;319.08;341.24;336.96;335.41;354.50;357.82;341.00;316.51;310.66;321.87;319.97;319.27;322.62;333.42;325.65;314.96;322.04;335.00,HALAL,"Business activity permissible — debt ratio not verified, cross-check Musaffa/Zoya",
TDY,ELECTRONICS,ELECTRONIC-MEASURING INSTR,,,,,HALAL,"Business activity permissible — debt ratio not verified, cross-check Musaffa/Zoya",
FTV,ELECTRONICS,ELECTRONIC-MEASURING INSTR,39,55.0,0.015683585685868806,55.72;55.43;55.27;54.66;53.80;55.16;55.96;56.75;60.10;59.69;59.24;60.39;60.90;60.98;61.87;61.61;58.90;60.56;60.77;60.18;59.29;58.59;58.07;58.89;60.19;59.04;58.59;60.47;61.15;62.64;59.71;60.15;60.55;61.60;60.32;61.41;61.02;62.57;62.47;61.08;62.23;60.45;61.70;60.60;60.55;62.84;59.47;59.14;60.44;60.80;61.67;61.47;61.55;59.38;59.33;60.39;60.18;59.62;56.73;57.50;56.51;54.51;55.19;55.30;55.00,HALAL,"Business activity permissible — debt ratio not verified, cross-check Musaffa/Zoya",
ROP,ELECTRONICS,ELECTRONIC-MEASURING INSTR,34,372.739990234375,0.06731443354958477,351.11;351.48;351.70;344.97;342.68;352.08;356.08;357.93;349.00;355.46;357.19;361.53;362.02;362.85;351.57;355.08;357.32;355.67;351.56;327.98;315.46;320.10;328.09;323.27;319.50;318.95;343.39;330.87;331.35;334.53;331.88;331.62;329.14;324.28;330.77;337.46;337.54;363.29;362.85;355.94;360.59;348.51;363.14;350.69;355.12;375.02;408.07;391.97;392.76;397.08;403.89;395.23;399.34;394.17;410.45;415.51;413.28;426.20;418.31;422.35;395.65;388.58;394.61;375.82;372.74,HALAL,"Business activity permissible — debt ratio not verified, cross-check Musaffa/Zoya",
MKSI,ELECTRONICS,ELECTRONIC-MEASURING INSTR,83,252.0800018310547,0.1829700388475084,228.50;236.45;234.62;243.27;222.80;229.42;234.27;237.77;262.81;272.72;268.55;278.12;273.31;280.09;277.89;264.99;278.91;287.17;300.28;319.17;316.78;302.66;293.55;312.63;333.55;322.87;317.09;334.84;301.37;320.66;345.00;374.97;370.92;420.17;381.27;388.25;444.39;365.22;349.25;368.44;351.70;353.47;324.39;345.12;344.98;315.41;257.37;297.17;320.46;291.04;292.08;306.54;310.44;299.96;281.62;268.81;271.75;255.76;246.44;249.65;265.50;261.84;239.27;235.28;252.08,HALAL,"Business activity permissible — debt ratio not verified, cross-check Musaffa/Zoya",
OSIS,ELECTRONICS,ELECTRONIC-MEASURING INSTR,14,197.7100067138672,-0.27022738478268726,269.08;284.53;289.13;284.57;272.33;265.51;268.11;275.55;294.48;297.45;305.90;309.68;296.84;286.35;291.34;281.84;282.50;234.74;241.11;231.92;218.49;205.40;209.01;207.86;220.97;221.16;213.37;213.48;197.73;215.39;231.02;221.68;217.51;219.26;213.72;218.29;218.70;221.76;218.72;216.65;213.20;218.29;212.66;210.25;214.39;217.30;214.02;221.39;236.60;237.10;232.61;231.57;228.27;218.73;218.09;204.05;211.04;206.64;208.52;206.62;204.25;201.25;199.95;201.75;197.71,HALAL,"Business activity permissible — debt ratio not verified, cross-check Musaffa/Zoya",
TRMB,ELECTRONICS,ELECTRONIC-MEASURING INSTR,23,57.560001373291016,-0.13404542927309215,67.09;66.68;66.83;65.87;62.97;65.23;65.12;64.21;65.42;66.89;66.79;69.29;68.97;67.04;67.17;66.28;68.42;68.37;61.85;58.04;54.90;55.13;54.56;55.97;56.34;54.92;58.15;55.52;54.19;52.95;50.00;50.21;48.87;49.23;50.14;50.70;51.18;53.04;53.73;52.71;52.29;51.92;52.72;51.85;50.35;55.77;58.24;56.58;59.81;58.55;58.44;56.35;57.60;56.99;59.68;60.67;59.68;61.01;58.94;60.10;58.78;56.84;58.74;57.32;57.56,HALAL,"Business activity permissible — debt ratio not verified, cross-check Musaffa/Zoya",
RTX,ELECTRONICS,ELECTRONIC-MILITARY SYSTEMS,58,194.0,-0.04432211692012755,201.82;199.24;193.37;193.55;188.30;191.46;194.75;196.45;201.68;199.91;196.91;194.96;185.78;177.97;172.09;171.50;172.69;171.58;175.46;177.28;176.78;169.91;173.19;174.67;178.38;178.37;173.83;171.98;180.39;180.96;183.60;183.03;191.94;181.23;184.45;187.37;189.10;198.59;200.18;194.55;195.74;195.24;192.87;193.03;208.47;217.70;214.54;214.51;217.21;222.51;223.38;222.02;222.97;225.49;212.29;209.22;211.99;211.71;205.16;202.13;198.81;198.12;195.34;196.83;194.00,QUESTIONABLE,Defense — scholar-disputed,
LHX,ELECTRONICS,ELECTRONIC-MILITARY SYSTEMS,13,247.2899932861328,-0.3049879338637127,365.62;360.51;342.45;348.93;339.99;342.12;352.87;350.89;354.83;354.81;352.79;347.27;337.31;327.32;317.64;318.58;310.62;299.99;298.53;299.69;302.25;300.72;305.44;303.64;310.72;312.01;306.87;300.78;306.36;306.70;310.68;302.72;311.68;284.47;285.90;289.86;289.20;300.63;293.99;288.49;287.31;285.45;280.67;276.39;298.24;302.03;296.11;275.74;283.94;288.15;288.34;289.35;290.43;278.21;269.15;261.58;261.71;261.57;262.30;260.89;255.74;248.37;248.93;250.74;247.29,QUESTIONABLE,L3Harris — defense,
CW,ELECTRONICS,ELECTRONIC-MILITARY SYSTEMS,24,568.27001953125,-0.13316766709745098,679.11;691.15;688.07;701.77;663.33;680.89;694.64;699.64;722.27;733.76;731.69;735.40;719.26;725.25;716.91;695.99;712.90;728.70;724.18;728.33;750.74;712.48;704.71;726.63;750.40;747.47;719.74;733.63;732.89;733.32;756.97;762.59;777.29;783.82;762.92;747.27;757.76;760.23;766.54;759.71;740.06;751.64;707.84;722.09;750.03;743.83;679.41;724.00;757.31;714.04;694.35;723.71;699.31;695.67;648.28;614.97;619.46;596.37;577.99;568.72;572.71;559.74;551.21;570.04;568.27,QUESTIONABLE,Group classification: ELECTRONIC-MILITARY SYSTEMS,
KTOS,ELECTRONICS,ELECTRONIC-MILITARY SYSTEMS,6,47.459999084472656,-0.4577859048742706,95.31;92.78;83.69;79.98;71.94;70.51;67.31;71.96;68.33;73.55;74.66;70.99;68.55;65.52;63.16;59.56;62.05;59.31;57.00;56.99;52.49;52.09;53.47;54.67;56.80;65.19;63.49;58.43;58.52;56.19;58.78;57.02;56.16;51.09;47.95;47.21;49.86;55.35;50.34;48.85;46.96;49.68;46.03;48.21;49.44;49.45;43.88;46.60;51.87;57.41;62.42;63.82;64.58;61.99;56.18;53.07;52.93;52.00;49.34;48.10;48.20;46.98;47.58;47.59;47.46,QUESTIONABLE,Group classification: ELECTRONIC-MILITARY SYSTEMS,
MRCY,ELECTRONICS,ELECTRONIC-MILITARY SYSTEMS,41,85.27999877929688,0.09109512261498454,81.35;77.81;78.29;78.71;71.40;72.91;74.22;77.53;79.23;82.52;85.51;84.05;83.36;78.91;77.06;74.75;78.55;82.96;88.06;91.95;92.50;92.03;92.80;96.36;99.32;108.11;111.28;111.59;111.27;108.82;119.32;115.93;115.50;111.76;105.00;109.38;122.33;126.21;115.83;114.25;98.26;102.97;96.08;98.64;106.34;103.80;90.17;97.10;112.80;108.83;108.64;111.64;111.12;105.00;94.23;89.59;89.76;88.54;82.80;84.71;83.46;80.43;81.03;87.25;85.28,QUESTIONABLE,Group classification: ELECTRONIC-MILITARY SYSTEMS,
AVAV,ELECTRONICS,ELECTRONIC-MILITARY SYSTEMS,11,159.9499969482422,-0.22755594103108645,222.51;211.35;206.27;199.02;184.43;183.05;184.36;186.85;177.70;194.39;198.42;191.42;210.07;201.91;195.74;183.50;184.97;166.69;168.18;166.45;160.99;158.00;160.23;163.09;182.26;214.39;204.09;191.47;185.92;176.51;183.69;171.95;167.11;151.33;142.18;137.95;165.07;190.89;162.53;148.40;141.80;141.22;142.20;148.84;158.73;154.24;142.12;149.37;169.02;171.12;189.15;193.81;192.81;174.14;159.79;148.20;146.88;147.94;144.17;147.21;148.78;147.07;153.40;156.45;159.95,QUESTIONABLE,Group classification: ELECTRONIC-MILITARY SYSTEMS,
BWXT,ELECTRONICS,ELECTRONIC-MILITARY SYSTEMS,11,147.52000427246094,-0.23787987776590502,206.88;209.51;204.25;221.48;202.00;203.90;214.35;213.82;229.62;232.15;237.73;235.09;216.03;224.85;221.42;207.47;215.68;205.55;209.28;210.19;206.23;204.12;197.02;202.20;204.06;198.96;188.09;184.43;185.66;188.66;194.37;193.63;202.75;209.67;205.33;197.60;194.34;190.76;185.79;186.70;176.86;176.63;170.91;172.82;176.39;176.25;157.19;168.43;172.13;166.44;168.61;172.29;172.95;165.01;156.44;149.52;153.16;152.85;161.54;160.25;160.41;152.49;148.53;145.66;147.52,QUESTIONABLE,Group classification: ELECTRONIC-MILITARY SYSTEMS,
ARW,ELECTRONICS,ELECTRONIC-PARTS DISTRIBUTORS,90,219.30999755859375,0.5615920944610726,140.89;140.57;139.90;146.13;139.63;143.41;145.85;147.76;157.43;174.90;168.98;174.97;178.11;187.50;186.51;185.98;184.52;186.41;189.83;202.56;211.82;208.37;206.27;212.84;223.03;216.01;217.51;229.35;219.09;219.40;222.86;229.27;225.99;234.83;224.77;215.15;213.41;197.48;193.88;205.29;201.78;206.10;206.61;216.23;215.11;213.23;204.95;216.57;227.67;222.29;202.57;210.30;213.99;213.51;206.64;201.84;207.10;203.92;205.98;210.87;217.41;213.44;213.85;211.70;219.31,HALAL,"Business activity permissible — debt ratio not verified, cross-check Musaffa/Zoya",
AVT,ELECTRONICS,ELECTRONIC-PARTS DISTRIBUTORS,93,96.12000274658203,0.6218183587629058,59.54;59.50;59.27;61.78;59.27;61.14;61.39;62.05;66.42;72.91;69.68;73.28;74.68;77.50;77.99;80.90;79.91;81.76;80.23;82.22;85.55;83.41;81.67;82.75;88.43;86.44;86.28;92.56;86.46;86.58;88.14;91.41;89.45;92.08;87.89;86.02;88.46;81.85;81.15;85.93;84.81;85.86;85.31;89.49;89.56;88.03;83.26;88.48;92.16;96.41;97.01;96.92;95.33;93.03;86.54;85.91;89.93;88.28;89.03;90.46;92.05;92.97;92.34;92.73;96.12,HALAL,"Business activity permissible — debt ratio not verified, cross-check Musaffa/Zoya",
WCC,ELECTRONICS,ELECTRONIC-PARTS DISTRIBUTORS,78,344.1499938964844,0.3476721565531564,260.32;257.29;264.15;275.96;261.37;272.83;276.64;277.76;298.65;303.67;305.04;318.13;323.65;317.27;314.65;304.38;353.56;349.57;349.86;365.24;359.45;357.68;336.08;353.22;371.87;363.26;354.66;373.43;353.28;354.27;343.21;347.28;351.37;369.18;351.46;346.83;344.93;307.44;306.76;328.43;330.36;336.21;327.38;328.68;330.18;337.64;308.91;342.99;373.56;371.23;366.02;364.07;361.02;348.65;337.60;336.52;347.09;335.93;331.52;337.88;359.65;343.50;336.73;335.32;344.15,HALAL,"Business activity permissible — debt ratio not verified, cross-check Musaffa/Zoya",
FAST,ELECTRONICS,ELECTRONIC-PARTS DISTRIBUTORS,60,49.0099983215332,0.08978287599981272,45.44;44.01;43.97;44.88;44.47;45.90;45.80;45.15;48.57;45.31;43.92;45.29;45.21;44.96;44.79;43.47;44.66;44.09;44.12;43.06;43.53;43.02;43.33;43.29;44.21;44.52;43.75;46.21;46.53;46.33;46.14;45.85;44.64;45.87;46.01;46.84;47.77;48.33;46.85;46.10;46.79;45.11;45.24;44.76;45.90;47.38;47.78;47.71;49.71;50.80;52.15;52.22;51.02;51.27;50.66;51.28;51.15;49.78;48.75;49.23;49.38;49.01;49.44;49.03;49.01,HALAL,"Business activity permissible — debt ratio not verified, cross-check Musaffa/Zoya",
GWW,ELECTRONICS,ELECTRONIC-PARTS DISTRIBUTORS,66,1266.6099853515625,0.18409793072959046,1061.31;1038.92;1050.29;1071.61;1052.88;1086.49;1113.02;1103.76;1167.56;1157.06;1138.82;1158.33;1166.39;1160.29;1153.49;1140.27;1144.07;1130.28;1229.21;1223.70;1250.41;1269.99;1241.99;1236.84;1246.79;1244.98;1240.61;1281.72;1297.48;1327.21;1311.40;1311.36;1308.54;1338.81;1339.95;1350.97;1357.75;1340.36;1353.79;1362.20;1388.97;1368.77;1392.29;1358.96;1364.79;1396.22;1356.27;1379.53;1297.92;1280.08;1297.45;1304.88;1322.64;1314.12;1300.34;1321.90;1335.39;1306.30;1309.21;1312.84;1289.17;1271.49;1277.51;1258.26;1266.61,HALAL,"Business activity permissible — debt ratio not verified, cross-check Musaffa/Zoya",
TMO,ELECTRONICS,ELECTRONIC-SCIENTIFIC INSTR,86,651.4500122070312,0.40535109724782004,471.87;469.38;477.28;489.90;472.52;490.66;490.59;488.64;499.58;513.32;530.73;525.67;523.64;465.88;467.21;465.44;468.38;465.94;473.62;451.80;445.24;437.57;447.02;448.58;447.39;486.36;493.17;473.11;471.96;493.20;474.82;473.36;461.34;463.65;491.82;512.64;500.98;523.04;516.22;524.31;528.11;534.88;532.07;523.06;571.88;559.10;576.02;573.86;564.32;579.58;599.23;602.55;587.84;588.59;627.07;628.26;633.22;621.70;600.04;617.96;602.56;602.72;613.15;648.43;651.45,HALAL,"Business activity permissible — debt ratio not verified, cross-check Musaffa/Zoya",
DHR,ELECTRONICS,ELECTRONIC-SCIENTIFIC INSTR,60,211.80999755859375,0.13549992515172105,194.39;189.31;189.20;186.37;181.14;189.21;190.72;190.61;192.59;195.46;197.73;194.35;194.14;178.20;180.25;178.43;174.79;174.27;175.30;166.18;165.65;161.57;166.69;172.97;172.45;180.26;179.50;177.71;183.92;188.02;180.42;180.73;177.39;177.82;188.48;196.19;190.48;197.93;194.19;195.98;200.16;200.79;203.83;179.01;192.50;196.50;196.49;194.98;194.78;199.98;209.37;205.79;202.45;199.58;215.91;215.11;215.36;216.07;206.93;211.03;205.23;200.53;203.25;208.36;211.81,HALAL,"Business activity permissible — debt ratio not verified, cross-check Musaffa/Zoya",
WAT,ELECTRONICS,ELECTRONIC-SCIENTIFIC INSTR,80,421.6300048828125,0.4712984405440237,296.99;299.57;301.81;302.32;289.16;297.80;304.24;307.38;317.65;324.68;326.20;327.77;335.23;311.20;299.79;292.13;307.12;342.75;350.49;348.07;334.93;329.22;333.26;340.99;338.64;366.67;378.16;379.77;365.36;371.15;359.74;357.76;357.00;358.25;369.18;374.41;375.04;379.29;374.93;377.13;373.22;374.92;368.98;367.55;382.41;371.20;379.48;377.31;396.08;399.70;411.77;416.15;412.17;401.25;404.69;410.75;414.17;414.69;405.84;413.56;402.91;401.64;410.01;418.64;421.63,HALAL,"Business activity permissible — debt ratio not verified, cross-check Musaffa/Zoya",
A,ELECTRONICS,ELECTRONIC-SCIENTIFIC INSTR,79,156.47000122070312,0.40909941001348726,112.28;111.28;111.55;112.51;109.78;113.76;115.26;113.66;115.17;117.27;119.54;121.64;121.86;114.20;115.40;111.09;114.30;117.30;118.42;111.25;112.52;111.49;110.36;114.57;114.86;135.12;135.72;137.14;135.18;135.22;129.30;130.34;124.09;126.25;131.38;135.75;132.83;130.69;131.14;133.59;134.04;134.71;131.46;132.86;139.74;137.89;140.30;138.37;139.20;141.34;148.72;148.24;148.53;148.44;156.30;153.43;155.08;153.84;149.93;149.98;146.85;143.12;146.80;153.69;156.47,HALAL,"Business activity permissible — debt ratio not verified, cross-check Musaffa/Zoya",
MTD,ELECTRONICS,ELECTRONIC-SCIENTIFIC INSTR,65,1392.3199462890625,0.18622519286493855,1206.72;1190.49;1239.07;1265.75;1232.04;1261.20;1259.94;1270.00;1335.00;1345.89;1315.85;1340.58;1324.27;1264.36;1274.70;1240.15;1267.07;1302.42;1319.29;1078.53;1025.53;1031.64;1050.77;1090.45;1101.33;1163.50;1183.57;1169.32;1154.33;1162.79;1141.25;1154.47;1129.53;1164.07;1203.18;1263.75;1277.51;1308.43;1295.59;1288.02;1299.53;1316.55;1310.02;1298.17;1331.87;1336.29;1388.33;1416.30;1437.00;1421.24;1427.53;1438.53;1419.02;1399.67;1393.23;1398.89;1398.46;1398.58;1375.96;1356.23;1325.52;1280.58;1285.75;1378.69;1392.32,HALAL,"Business activity permissible — debt ratio not verified, cross-check Musaffa/Zoya",
BIO,ELECTRONICS,ELECTRONIC-SCIENTIFIC INSTR,84,376.4100036621094,0.4323060165384842,269.48;265.00;265.00;273.60;265.40;278.75;279.99;278.00;277.50;288.17;295.96;299.02;305.67;281.42;287.29;275.15;256.55;257.12;257.32;243.79;243.51;247.53;281.05;286.74;296.90;318.22;305.46;304.83;294.32;297.17;292.44;289.28;284.67;281.11;280.05;300.79;293.61;296.86;292.50;297.28;297.58;295.73;304.36;301.70;316.38;316.41;327.25;325.48;332.88;342.43;354.54;362.08;356.26;352.69;376.46;381.76;388.64;387.70;380.96;387.90;380.12;368.75;368.55;379.03;376.41,HALAL,"Business activity permissible — debt ratio not verified, cross-check Musaffa/Zoya",
RVTY,ELECTRONICS,ELECTRONIC-SCIENTIFIC INSTR,93,143.4499969482422,0.6787689757151738,87.25;85.64;87.04;87.72;83.78;87.49;88.81;87.67;90.33;92.51;92.77;93.90;94.21;87.10;86.75;82.21;86.63;92.24;98.79;98.89;94.95;93.91;95.81;95.32;96.77;101.16;100.46;101.01;98.31;104.06;101.46;100.49;97.76;98.98;105.56;112.95;111.19;113.69;111.98;112.88;111.04;111.28;110.15;110.52;113.17;108.07;113.37;112.52;111.39;114.24;116.02;117.88;116.84;113.75;124.13;123.00;126.35;128.80;126.59;130.63;127.08;120.94;128.49;145.73;143.45,HALAL,"Business activity permissible — debt ratio not verified, cross-check Musaffa/Zoya",
BRKR,ELECTRONICS,ELECTRONIC-SCIENTIFIC INSTR,92,61.38999938964844,0.8232871766071175,33.66;33.55;34.83;35.77;33.69;36.09;36.73;36.64;37.95;39.02;39.45;40.66;40.05;36.19;36.50;34.26;36.76;37.98;43.69;43.23;43.81;42.84;42.55;44.94;46.88;54.34;58.39;62.65;56.34;57.19;55.13;56.58;54.68;56.53;58.44;60.91;60.18;61.64;58.25;60.58;58.97;58.66;58.23;60.43;62.15;60.05;61.74;62.84;50.30;51.27;56.32;59.27;57.70;56.86;59.92;56.98;57.06;57.08;56.03;59.41;58.37;53.56;52.66;60.67;61.39,HALAL,"Business activity permissible — debt ratio not verified, cross-check Musaffa/Zoya",
BTU,ENERGY,ENERGY-COAL,38,25.219999313354492,-0.267389314783933,35.18;37.22;35.17;37.45;39.25;32.75;33.35;31.76;27.54;28.30;27.86;25.49;26.87;27.19;26.90;27.27;26.37;24.84;23.92;24.52;23.90;23.62;23.67;24.34;25.82;29.01;28.97;30.02;28.01;27.05;26.28;25.95;25.58;24.05;23.22;23.44;23.05;22.23;22.60;23.36;23.53;23.48;22.37;23.00;23.75;23.02;20.76;21.25;22.29;23.45;24.57;24.66;25.48;25.18;26.86;27.90;27.32;28.92;29.10;27.64;29.45;29.03;27.35;27.35;25.22,HALAL,"Business activity permissible — debt ratio not verified, cross-check Musaffa/Zoya",
CEIX,ENERGY,ENERGY-COAL,,,,,HALAL,"Business activity permissible — debt ratio not verified, cross-check Musaffa/Zoya",
ARCH,ENERGY,ENERGY-COAL,,,,,HALAL,"Business activity permissible — debt ratio not verified, cross-check Musaffa/Zoya",
ARLP,ENERGY,ENERGY-COAL,62,25.8700008392334,-0.005310236188134976,26.03;27.10;26.65;27.27;27.64;26.36;26.86;26.44;25.27;25.17;24.52;23.82;23.63;24.05;24.26;25.42;24.93;24.96;24.36;24.04;24.24;24.53;24.62;24.24;24.42;24.72;24.71;24.81;25.01;24.77;24.53;24.02;23.72;23.83;23.67;23.90;23.41;23.25;23.28;23.87;24.10;23.99;23.84;24.08;24.18;25.02;25.34;25.34;25.12;24.72;24.79;25.10;25.42;25.67;26.07;26.38;26.19;26.18;26.44;26.27;26.66;26.87;26.14;25.85;25.87,HALAL,"Business activity permissible — debt ratio not verified, cross-check Musaffa/Zoya",
HCC,ENERGY,ENERGY-COAL,59,87.93000030517578,0.034832932709682796,86.05;90.46;86.34;96.66;98.99;92.99;94.72;92.85;85.55;87.64;88.65;86.22;90.43;88.46;87.32;89.87;86.13;86.52;87.76;87.10;85.01;85.07;84.94;85.38;93.00;104.49;106.16;105.79;99.83;94.59;93.94;95.81;94.99;87.88;84.08;81.21;81.09;80.76;77.67;79.00;82.05;81.78;78.84;79.69;80.98;80.59;78.95;79.34;81.43;89.54;95.37;96.72;98.20;97.74;103.36;106.60;105.22;107.07;106.23;103.27;105.58;101.65;95.46;92.72;87.93,HALAL,"Business activity permissible — debt ratio not verified, cross-check Musaffa/Zoya",
NRP,ENERGY,ENERGY-COAL,54,109.27999877929688,-0.061180406916809704,116.59;121.05;119.79;123.22;122.73;119.28;120.75;120.27;117.79;116.65;115.08;112.54;114.08;113.37;115.31;115.34;117.09;116.20;111.65;108.55;105.61;105.38;101.76;102.00;103.86;104.74;106.21;105.23;104.75;102.98;104.60;101.45;99.58;99.77;99.30;100.28;96.30;98.39;97.05;99.58;99.08;97.24;95.70;96.14;96.65;97.59;98.26;97.35;96.24;104.19;104.34;102.25;103.81;102.86;104.45;107.23;109.84;112.72;112.16;113.40;113.29;110.19;109.78;109.71;109.28,HALAL,"Business activity permissible — debt ratio not verified, cross-check Musaffa/Zoya",
BE,ENERGY,ENERGY-OTHER/ALTERNATIVE,98,265.6300048828125,0.7191768450361333,160.05;166.69;141.33;150.22;133.24;135.49;135.63;135.91;160.13;176.67;213.84;207.86;220.91;237.57;234.68;287.97;290.52;295.25;258.64;283.92;289.76;275.95;261.34;307.88;302.40;290.01;273.51;287.32;263.61;259.61;248.88;274.50;284.99;345.85;326.19;252.02;302.70;270.89;269.57;257.02;233.49;239.38;214.96;226.26;217.30;188.18;163.75;205.81;228.11;228.96;210.63;237.16;229.94;209.01;202.48;204.02;218.21;210.77;213.63;235.55;277.22;258.49;257.05;270.02;265.63,HALAL,"Business activity permissible — debt ratio not verified, cross-check Musaffa/Zoya",
PLUG,ENERGY,ENERGY-OTHER/ALTERNATIVE,36,2.0899999141693115,-0.02790705978450958,2.33;2.40;2.31;2.27;2.18;2.26;2.41;2.52;2.74;2.77;2.93;2.78;3.08;3.18;3.08;3.41;3.11;3.32;3.13;3.52;3.96;3.78;3.31;3.78;3.84;4.12;3.94;3.69;3.22;2.91;2.83;2.80;2.65;2.79;2.61;2.54;2.71;2.64;2.48;2.38;2.17;2.21;2.17;2.27;2.19;2.06;1.90;2.06;2.16;2.07;2.11;2.29;2.32;2.16;2.20;2.17;2.17;2.19;2.09;2.11;2.26;2.11;2.06;2.02;2.09,HALAL,"Business activity permissible — debt ratio not verified, cross-check Musaffa/Zoya",
FCEL,ENERGY,ENERGY-OTHER/ALTERNATIVE,98,18.110000610351562,1.7315234234922343,7.03;6.75;6.71;7.10;6.53;6.53;6.60;6.27;6.55;6.83;7.53;7.25;9.49;12.17;10.68;13.64;13.31;13.55;12.28;15.94;19.92;21.36;17.36;26.38;24.40;24.39;21.31;21.81;17.33;17.49;17.69;17.50;20.04;24.39;21.56;24.00;36.01;28.11;25.96;23.00;19.08;20.25;18.50;21.64;23.30;21.49;18.08;21.61;22.50;20.32;19.83;21.67;22.37;21.70;18.36;18.75;19.07;17.76;17.08;14.67;17.76;15.59;15.28;15.50;18.11,HALAL,"Business activity permissible — debt ratio not verified, cross-check Musaffa/Zoya",
BLDP,ENERGY,ENERGY-OTHER/ALTERNATIVE,9,2.1700000762939453,-0.09205021713547168,2.68;2.48;2.51;2.54;2.39;2.42;2.48;2.40;2.64;2.70;3.07;2.96;3.10;3.38;3.25;3.32;3.39;4.33;4.70;4.17;4.14;4.45;4.18;5.43;5.94;6.19;6.30;6.06;4.92;4.74;4.21;4.16;4.16;4.32;3.69;3.62;3.89;3.52;3.27;3.23;2.95;2.99;2.70;2.96;2.98;2.87;2.50;2.67;2.74;2.55;2.55;2.62;2.70;2.47;2.37;2.29;2.29;2.25;2.24;2.29;2.37;2.22;2.16;2.10;2.17,HALAL,"Business activity permissible — debt ratio not verified, cross-check Musaffa/Zoya",
CWEN,ENERGY,ENERGY-OTHER/ALTERNATIVE,25,30.81999969482422,-0.17173684876347095,38.93;38.65;37.10;38.15;38.09;38.26;39.31;38.63;39.70;38.53;39.22;38.12;36.77;38.66;39.98;37.19;39.25;37.91;37.14;37.50;37.05;35.40;35.12;37.16;39.13;39.57;39.75;39.71;39.15;38.36;37.13;38.03;36.22;36.52;36.23;36.31;33.67;32.27;32.98;32.87;32.69;33.93;32.91;33.11;33.07;31.63;30.32;31.26;31.26;32.36;32.56;33.87;33.63;32.61;32.15;31.80;31.98;31.28;31.52;31.47;33.11;31.59;30.29;29.98;30.82,HALAL,"Business activity permissible — debt ratio not verified, cross-check Musaffa/Zoya",
AMRC,ENERGY,ENERGY-OTHER/ALTERNATIVE,18,23.75,-0.038850632134418195,26.12;26.83;27.72;28.77;26.75;25.50;24.59;24.01;26.00;24.82;25.62;25.87;26.75;27.76;27.91;27.29;31.36;30.77;29.69;30.58;28.98;33.03;28.93;30.22;35.51;36.56;34.60;33.33;28.46;26.93;27.88;28.14;27.29;28.94;27.68;26.82;27.60;25.40;25.49;25.65;23.75;24.68;23.11;23.12;23.57;21.09;18.51;21.07;27.94;25.55;25.28;27.61;27.90;25.49;22.19;20.97;22.16;21.99;22.60;22.77;23.93;22.79;22.68;22.86;23.75,HALAL,"Business activity permissible — debt ratio not verified, cross-check Musaffa/Zoya",
FSLR,ENERGY,ENERGY-SOLAR,16,195.9600067138672,-0.0005610272160069263,200.42;199.65;189.92;193.51;190.29;197.26;195.32;192.31;197.25;200.35;195.20;190.44;186.61;196.19;197.48;190.61;211.71;219.38;214.57;233.27;234.60;233.37;221.71;248.88;269.95;303.38;303.00;318.25;279.01;262.19;271.17;273.51;254.80;263.11;248.36;239.07;235.96;224.57;227.72;228.50;221.03;223.82;211.99;206.05;205.92;205.83;199.24;211.03;243.63;244.14;239.33;226.77;225.56;220.01;214.06;208.31;205.93;204.46;199.65;207.42;213.25;207.17;207.04;191.07;195.96,HALAL,"Business activity permissible — debt ratio not verified, cross-check Musaffa/Zoya",
ENPH,ENERGY,ENERGY-SOLAR,14,34.63999938964844,-0.21397777105687799,44.70;44.64;40.76;42.53;37.84;37.81;34.92;32.04;31.26;31.37;32.18;32.48;33.62;36.16;35.24;31.19;33.85;36.02;35.47;37.65;42.00;52.89;46.76;62.34;66.90;69.50;63.74;69.02;56.07;53.51;54.93;52.40;47.78;52.41;47.82;47.58;49.24;43.07;42.99;44.89;43.06;44.05;41.57;39.94;38.89;38.01;35.07;37.54;41.77;39.67;40.92;40.77;40.48;37.58;38.36;37.18;38.42;37.25;35.54;36.31;38.83;36.86;36.66;35.56;34.64,HALAL,"Business activity permissible — debt ratio not verified, cross-check Musaffa/Zoya",
SEDG,ENERGY,ENERGY-SOLAR,17,34.68000030517578,-0.07371790659106148,42.88;45.66;46.73;51.28;51.76;51.05;48.75;43.85;41.84;43.21;37.83;38.30;40.57;47.36;47.38;41.58;42.91;44.64;38.61;41.79;42.77;61.76;54.53;63.00;70.75;73.19;75.80;74.02;63.17;57.80;58.44;60.19;54.68;57.55;49.74;51.75;58.44;52.38;52.94;54.76;52.13;54.58;53.47;50.27;45.14;43.09;39.04;41.20;48.76;32.67;32.21;32.02;32.42;29.82;30.90;30.09;33.08;31.41;32.49;33.80;36.43;36.75;35.33;34.68;34.68,HALAL,"Business activity permissible — debt ratio not verified, cross-check Musaffa/Zoya",
RUN,ENERGY,ENERGY-SOLAR,3,8.529999732971191,-0.2973641275337472,13.29;13.08;12.35;13.04;12.60;13.56;13.50;13.22;13.33;12.76;12.10;12.40;11.78;12.96;13.03;11.93;13.06;13.46;13.80;14.47;14.46;13.99;13.17;14.44;14.65;15.89;15.58;14.85;13.35;12.60;12.55;12.47;12.44;13.62;14.42;13.49;13.38;12.74;12.20;12.46;12.41;12.77;11.85;11.44;10.38;9.98;9.47;9.81;11.03;9.38;9.87;9.84;10.19;9.26;9.36;8.92;9.13;8.78;8.37;8.93;9.22;8.63;8.33;8.27;8.53,HALAL,"Business activity permissible — debt ratio not verified, cross-check Musaffa/Zoya",
NOVA,ENERGY,ENERGY-SOLAR,,,,,HALAL,"Business activity permissible — debt ratio not verified, cross-check Musaffa/Zoya",
SHLS,ENERGY,ENERGY-SOLAR,31,7.599999904632568,0.23980420273217584,6.17;6.04;6.24;6.91;6.62;6.58;6.82;6.41;6.97;6.67;7.23;7.16;6.87;7.78;7.80;7.34;8.16;8.13;7.84;9.32;9.11;10.33;9.28;9.55;10.82;12.20;12.18;12.39;10.81;9.63;9.89;10.30;9.44;10.94;10.20;9.00;9.90;9.95;10.04;10.08;9.40;11.50;10.30;10.38;9.89;9.39;7.94;8.74;9.22;8.60;8.56;8.34;8.45;7.68;7.38;6.80;7.31;7.14;6.70;7.03;7.42;7.11;7.05;6.82;7.60,HALAL,"Business activity permissible — debt ratio not verified, cross-check Musaffa/Zoya",
ARRY,ENERGY,ENERGY-SOLAR,2,4.059999942779541,-0.41414140788617115,6.99;6.97;6.75;7.73;7.33;7.23;7.34;6.83;7.21;7.00;7.63;7.83;7.57;8.11;7.97;7.48;7.84;8.18;8.20;8.73;8.79;8.97;8.06;8.20;8.42;9.26;8.82;8.75;8.09;7.41;7.45;8.08;7.66;8.54;7.69;7.12;7.41;6.97;6.62;6.46;6.12;6.37;6.11;6.05;5.62;5.51;4.81;5.22;6.01;5.25;5.32;5.19;5.05;4.80;4.71;4.57;4.71;4.59;4.36;4.54;4.70;4.55;4.41;4.20;4.06,HALAL,"Business activity permissible — debt ratio not verified, cross-check Musaffa/Zoya",
CSIQ,ENERGY,ENERGY-SOLAR,5,11.399999618530273,-0.3807713355232445,18.39;13.53;13.11;14.31;13.45;13.85;13.36;12.11;12.31;12.72;13.64;13.20;12.38;14.67;13.92;14.72;16.73;16.80;17.68;19.85;20.05;17.88;15.86;18.10;18.93;20.26;18.30;19.53;17.16;16.12;15.76;16.88;16.00;16.02;14.98;15.39;16.02;14.46;14.35;14.99;14.73;15.84;14.95;15.37;14.69;13.79;13.72;15.08;16.39;15.47;15.60;15.72;15.14;14.74;14.73;14.32;13.87;13.14;12.66;13.53;13.87;13.03;12.95;11.34;11.40,HALAL,"Business activity permissible — debt ratio not verified, cross-check Musaffa/Zoya",
JKS,ENERGY,ENERGY-SOLAR,2,10.390000343322754,-0.5598240913282877,22.99;21.90;22.06;24.44;23.34;23.45;22.94;22.00;21.14;21.96;22.35;19.71;18.89;21.19;20.55;19.87;22.25;22.71;21.53;23.82;24.03;22.70;20.48;20.70;21.31;20.98;20.16;20.46;18.51;16.85;17.13;18.43;17.73;17.97;17.27;16.28;16.80;15.84;15.72;15.66;15.25;15.99;16.49;16.41;15.75;15.25;14.58;15.14;15.98;16.18;16.92;16.42;16.75;16.41;15.87;16.16;13.66;13.54;12.45;12.19;12.43;11.68;11.35;10.28;10.39,HALAL,"Business activity permissible — debt ratio not verified, cross-check Musaffa/Zoya",
MAXN,ENERGY,ENERGY-SOLAR,,,,,HALAL,"Business activity permissible — debt ratio not verified, cross-check Musaffa/Zoya",
RIG,ENERGY,OIL&GAS-DRILLING,75,5.639999866485596,-0.11320758677892528,6.58;6.46;6.46;6.77;6.93;6.63;6.59;6.68;6.56;6.64;6.15;5.94;6.05;6.06;6.52;6.96;6.84;6.25;6.17;6.55;6.62;7.04;7.45;6.82;6.48;6.22;6.25;6.18;5.95;5.87;6.03;5.83;5.58;5.41;5.04;5.11;4.89;5.06;5.02;5.14;5.37;5.20;5.14;5.24;5.32;5.28;4.95;5.32;5.22;5.16;5.72;5.70;5.76;5.82;6.01;5.77;5.60;5.80;5.92;6.02;5.76;5.77;5.45;5.54;5.64,HALAL,"Business activity permissible — debt ratio not verified, cross-check Musaffa/Zoya",
VAL,ENERGY,OIL&GAS-DRILLING,73,83.76000213623047,-0.10646464641531983,97.28;95.68;95.41;100.26;102.24;98.04;98.04;99.70;98.09;99.07;91.67;88.56;90.27;90.33;97.35;103.98;102.23;92.81;91.78;97.32;98.95;105.43;111.05;101.48;96.33;92.64;93.48;92.06;88.54;87.49;89.78;86.67;83.05;79.92;75.52;76.36;72.60;75.35;74.59;76.33;79.57;76.94;76.54;78.08;79.15;78.47;74.18;79.19;78.14;77.21;85.55;85.21;85.62;86.37;89.00;85.81;83.60;86.29;88.04;89.74;85.51;85.71;81.27;82.52;83.76,HALAL,"Business activity permissible — debt ratio not verified, cross-check Musaffa/Zoya",
NE,ENERGY,OIL&GAS-DRILLING,77,44.2599983215332,-0.0235491227253688,46.64;46.75;46.86;48.35;48.76;48.04;48.81;49.68;48.58;48.46;46.42;45.79;46.37;47.91;52.47;49.24;49.48;48.90;47.46;49.94;50.16;51.79;53.12;51.24;48.97;46.21;46.13;45.67;44.94;44.83;45.65;44.68;42.58;41.91;38.76;37.93;36.91;37.59;37.96;38.50;41.36;40.16;41.07;42.16;42.66;42.66;40.58;41.96;40.41;40.27;43.10;43.62;44.63;44.78;46.49;45.50;44.71;45.28;46.12;46.59;45.89;45.74;43.88;44.34;44.26,HALAL,"Business activity permissible — debt ratio not verified, cross-check Musaffa/Zoya",
HP,ENERGY,OIL&GAS-DRILLING,89,40.90999984741211,0.16134708456622704,35.19;35.52;36.69;35.93;35.72;35.60;34.40;35.45;34.80;35.32;34.10;33.24;35.21;37.13;38.20;40.56;39.95;41.04;36.46;38.17;37.79;39.03;40.72;39.39;40.02;37.86;39.01;38.23;37.25;37.70;38.97;36.79;35.58;35.25;32.58;33.61;32.56;31.13;31.65;32.57;33.78;33.20;33.95;34.40;34.87;33.44;33.27;34.38;34.30;36.86;41.64;42.73;43.95;44.19;44.10;42.49;41.40;42.55;46.21;45.02;43.71;44.56;42.63;41.66;40.91,HALAL,"Business activity permissible — debt ratio not verified, cross-check Musaffa/Zoya",
PTEN,ENERGY,OIL&GAS-DRILLING,93,11.779999732971191,0.16431633385785682,10.54;10.54;10.54;10.75;11.17;10.65;10.43;11.04;9.97;10.38;9.75;9.26;10.38;10.95;11.27;12.14;11.79;12.20;11.22;11.66;11.80;12.21;12.52;12.01;11.92;11.11;11.44;11.91;11.42;11.50;11.40;10.58;10.22;10.12;9.44;9.51;9.11;8.59;9.08;9.33;9.60;9.76;9.94;10.45;10.26;9.34;9.26;10.40;10.01;9.97;10.90;10.93;11.28;12.03;12.08;11.77;11.66;12.33;12.79;12.55;12.66;12.90;12.42;12.03;11.78,HALAL,"Business activity permissible — debt ratio not verified, cross-check Musaffa/Zoya",
NBR,ENERGY,OIL&GAS-DRILLING,88,85.27999877929688,0.11346132467572834,79.85;79.96;84.99;87.49;89.60;86.06;79.99;83.97;82.92;84.62;80.84;79.52;82.82;88.54;90.70;104.18;100.97;105.28;96.52;100.15;101.35;105.27;108.29;104.56;102.26;93.28;92.45;96.28;95.93;96.45;101.89;94.98;89.15;86.71;81.83;82.61;84.01;77.86;78.09;80.28;83.66;82.44;83.89;84.72;84.24;78.65;79.26;85.67;83.59;83.11;89.80;89.70;94.17;93.86;91.82;88.64;87.49;91.71;93.25;92.97;91.87;90.60;86.97;85.72;85.28,HALAL,"Business activity permissible — debt ratio not verified, cross-check Musaffa/Zoya",
DO,ENERGY,OIL&GAS-DRILLING,,,,,HALAL,"Business activity permissible — debt ratio not verified, cross-check Musaffa/Zoya",
SLB,ENERGY,OIL&GAS-FIELD SERVICES,72,51.119998931884766,0.15506840440630532,45.65;47.33;48.74;51.35;52.95;50.86;48.93;49.83;52.00;51.38;51.88;52.11;52.22;54.17;54.66;55.12;56.33;55.42;52.45;54.36;54.81;54.81;56.18;56.66;57.38;54.55;54.18;56.56;54.59;55.56;55.71;53.43;50.07;47.70;46.37;46.76;46.25;44.90;46.18;47.00;47.12;47.30;46.75;46.35;46.98;51.26;48.71;49.33;50.55;51.27;52.93;52.34;53.49;52.94;53.27;53.72;53.32;57.03;56.85;57.41;57.10;56.01;53.32;52.30;51.12,HALAL,"Business activity permissible — debt ratio not verified, cross-check Musaffa/Zoya",
HAL,ENERGY,OIL&GAS-FIELD SERVICES,63,33.63999938964844,0.007417639819443211,35.33;36.60;37.18;38.29;40.06;38.65;37.83;38.38;37.36;38.27;37.21;36.82;37.81;39.30;39.78;41.44;41.29;41.35;38.77;39.90;40.66;41.39;42.60;41.59;40.72;38.98;39.00;40.84;39.00;39.44;39.58;38.00;36.06;35.01;33.74;34.05;33.79;32.81;33.63;33.96;35.05;35.09;35.06;33.04;32.56;31.98;31.05;32.10;32.21;32.36;33.48;33.14;34.26;34.50;35.53;34.47;34.28;36.01;36.63;37.29;36.80;36.07;35.01;34.51;33.64,HALAL,"Business activity permissible — debt ratio not verified, cross-check Musaffa/Zoya",
BKR,ENERGY,OIL&GAS-FIELD SERVICES,57,57.25,0.06252787253979153,56.60;60.29;62.09;62.18;62.78;60.62;59.96;60.82;62.98;62.12;59.65;59.36;59.83;64.04;67.90;68.33;68.64;67.53;63.30;64.36;65.17;63.88;65.23;65.56;66.49;64.47;62.74;64.03;62.36;63.32;63.25;62.23;59.85;58.93;56.17;56.35;55.30;52.59;54.27;56.99;57.45;57.04;55.74;56.17;55.88;60.37;58.50;60.27;61.50;62.52;64.07;64.28;64.82;64.44;62.78;61.99;62.00;62.41;63.66;63.64;63.92;59.40;56.78;56.32;57.25,HALAL,"Business activity permissible — debt ratio not verified, cross-check Musaffa/Zoya",
WFRD,ENERGY,OIL&GAS-FIELD SERVICES,41,82.02999877929688,-0.04660329508574668,85.91;87.01;91.03;96.48;95.35;94.04;94.75;95.80;102.71;103.05;99.22;101.78;99.07;102.35;109.07;106.53;108.87;107.99;101.98;101.96;108.74;108.49;108.93;109.67;108.50;103.55;102.39;103.76;96.86;100.94;100.71;99.79;93.85;91.49;84.22;82.49;81.24;82.75;83.11;82.52;80.85;81.55;80.45;83.06;85.33;85.65;82.05;87.51;89.14;88.96;92.90;92.70;94.79;92.05;91.24;88.73;88.00;93.79;94.52;96.43;93.70;89.92;84.46;82.30;82.03,HALAL,"Business activity permissible — debt ratio not verified, cross-check Musaffa/Zoya",
LBRT,ENERGY,OIL&GAS-FIELD SERVICES,37,19.329999923706055,-0.3556530273728762,30.91;31.50;28.90;28.59;28.83;28.59;27.89;28.23;27.00;27.68;27.58;26.11;28.12;32.08;32.61;33.57;32.44;33.45;31.45;33.15;33.24;32.71;32.87;32.64;31.72;28.85;29.16;30.83;28.32;28.01;27.91;27.95;27.05;27.73;26.09;26.74;26.07;23.68;23.56;24.09;25.12;25.02;23.73;24.77;19.53;16.79;17.01;18.63;19.72;19.95;21.04;21.49;21.91;21.20;19.16;18.40;18.43;18.94;20.01;20.29;21.40;20.76;19.53;19.26;19.33,HALAL,"Business activity permissible — debt ratio not verified, cross-check Musaffa/Zoya",
NEX,ENERGY,OIL&GAS-FIELD SERVICES,,,,,HALAL,"Business activity permissible — debt ratio not verified, cross-check Musaffa/Zoya",
PUMP,ENERGY,OIL&GAS-FIELD SERVICES,55,10.479999542236328,-0.2696864624638451,14.65;14.70;14.51;14.55;14.69;14.41;13.94;14.24;13.65;13.92;14.49;13.96;15.08;16.83;17.21;18.20;16.62;16.61;15.55;16.65;16.55;17.45;17.89;17.44;16.87;15.16;15.34;16.34;14.74;14.67;14.78;15.19;14.86;15.04;13.98;14.80;14.34;12.09;12.30;12.80;13.18;13.43;13.00;13.22;12.30;10.79;10.21;11.10;11.39;10.95;11.61;11.59;12.10;12.38;11.33;10.82;10.63;10.98;11.35;11.24;12.03;11.50;10.50;10.21;10.48,HALAL,"Business activity permissible — debt ratio not verified, cross-check Musaffa/Zoya",
XOM,ENERGY,OIL&GAS-INTEGRATED,81,163.5399932861328,0.06146652481766579,156.72;156.08;159.01;161.12;168.74;167.43;158.58;161.76;153.00;150.64;147.05;144.52;146.41;148.55;146.24;152.64;150.74;152.85;144.66;147.71;149.58;156.90;161.50;154.29;148.85;146.01;148.42;151.55;148.96;147.95;145.66;140.01;139.83;137.58;136.02;135.66;135.84;136.21;140.78;136.58;143.58;143.58;146.41;150.73;155.88;153.77;155.74;154.44;152.97;153.84;158.76;158.72;159.07;165.56;166.15;164.05;158.19;156.71;164.55;162.21;160.66;165.23;165.08;163.32;163.54,HALAL,"Integrated oil — debt ratio not verified, cross-check Musaffa/Zoya",
CVX,ENERGY,OIL&GAS-INTEGRATED,80,209.50999450683594,0.08359971945703704,194.48;197.88;201.59;201.53;207.42;203.25;195.46;197.98;187.00;188.40;181.65;180.74;182.70;184.29;181.52;188.83;187.27;189.24;179.28;181.48;182.72;187.73;195.54;189.36;183.11;181.45;184.22;188.07;185.69;185.14;184.21;178.84;176.04;173.55;169.97;169.58;164.33;167.74;172.50;172.54;180.62;180.03;185.76;189.42;192.74;188.36;190.20;195.13;188.75;187.59;193.22;194.90;198.27;203.96;205.77;203.09;200.21;201.86;211.05;211.32;209.80;212.76;212.17;211.54;209.51,HALAL,"Integrated oil — debt ratio not verified, cross-check Musaffa/Zoya",
BP,ENERGY,OIL&GAS-INTEGRATED,73,44.58000183105469,0.06970103075514711,42.83;44.79;42.55;44.35;45.59;45.90;46.02;46.14;44.83;45.36;45.04;43.55;44.84;45.27;44.90;45.71;45.33;45.42;42.79;43.19;43.11;43.81;45.58;44.33;42.13;41.09;42.42;43.15;42.45;42.15;42.16;41.09;39.65;39.30;37.40;36.68;36.50;36.95;38.14;38.08;40.33;40.83;41.39;42.24;43.40;41.80;42.79;44.67;41.92;41.72;42.36;42.41;42.53;43.41;45.14;43.74;42.50;42.15;44.47;43.58;44.88;46.08;45.93;45.38;44.58,HALAL,"Business activity permissible — debt ratio not verified, cross-check Musaffa/Zoya",
SHEL,ENERGY,OIL&GAS-INTEGRATED,77,94.54000091552734,0.0760745290482141,90.35;89.59;89.11;90.26;90.55;91.36;91.46;92.49;89.49;90.97;88.26;86.26;87.10;87.70;85.38;87.35;87.41;88.13;82.76;83.86;83.44;83.86;86.90;85.40;84.29;83.10;84.67;86.02;84.66;84.69;85.10;81.89;79.68;78.97;77.02;75.87;76.87;77.34;81.28;80.69;83.25;83.90;86.56;86.44;87.19;85.62;87.57;91.18;89.06;88.82;89.17;89.29;90.47;92.01;93.65;93.00;91.11;90.91;93.51;92.33;95.32;95.96;96.45;95.70;94.54,HALAL,"Business activity permissible — debt ratio not verified, cross-check Musaffa/Zoya",
TTE,ENERGY,OIL&GAS-INTEGRATED,80,90.81999969482422,0.10932478101616705,85.12;89.10;88.19;88.31;88.91;90.98;92.39;91.37;89.93;93.44;87.06;87.07;88.37;90.47;88.74;92.24;92.78;93.60;88.73;90.69;91.37;92.28;92.90;92.35;90.04;87.17;88.71;89.58;88.71;88.48;87.72;84.07;82.12;80.67;78.69;76.77;77.76;76.69;77.96;78.23;81.21;80.34;81.39;83.53;86.23;84.16;86.75;87.86;85.19;86.27;87.96;87.70;88.33;89.29;90.90;89.35;87.13;86.35;90.35;89.25;90.10;91.23;91.14;90.84;90.82,HALAL,"Business activity permissible — debt ratio not verified, cross-check Musaffa/Zoya",
EQNR,ENERGY,OIL&GAS-INTEGRATED,94,44.09000015258789,0.2758505658296242,36.21;39.71;38.60;39.65;40.71;41.37;40.93;41.24;37.79;38.43;36.10;34.77;36.91;37.85;37.30;39.28;38.93;40.55;36.18;37.47;37.53;39.10;40.40;38.30;37.38;36.20;36.96;37.58;36.58;36.24;36.40;33.93;33.44;32.55;31.30;30.73;31.10;31.73;33.58;33.68;35.71;35.52;37.01;37.23;40.60;38.11;40.56;40.70;38.79;39.08;40.60;40.60;40.77;41.84;42.86;42.37;41.31;41.39;44.23;42.66;43.39;45.11;44.54;44.20;44.09,HALAL,"Business activity permissible — debt ratio not verified, cross-check Musaffa/Zoya",
E,ENERGY,OIL&GAS-INTEGRATED,81,54.619998931884766,0.0880161051524877,52.49;53.50;52.21;53.26;54.60;55.98;56.46;56.91;55.06;55.38;53.61;51.67;52.50;54.04;53.17;54.82;55.53;55.87;52.00;54.84;54.90;54.87;55.75;55.14;53.57;52.31;53.60;54.34;53.80;53.56;54.06;51.27;49.74;49.40;47.22;46.08;46.86;46.87;47.47;47.91;49.44;48.96;49.77;50.19;51.99;50.63;53.81;55.56;53.48;54.27;54.87;55.12;55.28;55.93;57.35;55.22;53.57;52.81;55.53;55.13;54.94;56.42;55.40;55.30;54.62,HALAL,"Business activity permissible — debt ratio not verified, cross-check Musaffa/Zoya",
PBR,ENERGY,OIL&GAS-INTEGRATED,91,20.799999237060547,0.16862648861988738,18.70;18.96;18.47;19.00;19.91;19.89;19.71;19.85;19.83;21.06;19.69;19.60;20.27;20.39;20.21;21.07;21.11;20.99;19.64;20.00;18.89;19.21;19.68;19.31;18.70;18.15;18.18;17.67;17.24;17.31;17.72;16.85;16.31;16.53;15.98;15.83;15.70;15.65;16.19;16.54;17.37;17.35;17.46;18.01;18.46;17.49;18.06;18.85;18.19;17.99;17.81;17.25;17.37;17.66;18.47;18.07;17.76;18.53;20.33;20.51;20.83;21.38;21.15;20.91;20.80,HALAL,"Business activity permissible — debt ratio not verified, cross-check Musaffa/Zoya",
EC,ENERGY,OIL&GAS-INTL E&P,92,17.579999923706055,0.33139409077764137,14.03;13.95;13.63;14.19;14.30;14.28;14.42;14.01;13.25;13.45;12.55;12.91;13.48;13.75;13.07;13.78;13.92;14.20;13.00;12.79;12.87;13.09;14.01;13.86;14.86;14.77;16.25;15.58;15.15;15.88;16.26;15.69;15.67;16.25;14.59;14.72;14.24;14.70;14.69;15.39;15.88;15.98;16.09;16.53;16.33;15.80;16.40;16.77;16.31;17.40;17.05;16.96;17.17;17.68;17.65;17.33;16.52;16.50;17.45;17.20;17.78;18.07;17.74;17.46;17.58,HALAL,"Business activity permissible — debt ratio not verified, cross-check Musaffa/Zoya",
VIST,ENERGY,OIL&GAS-INTL E&P,84,72.2699966430664,0.11631138442639477,69.11;72.96;67.85;71.33;74.21;75.47;71.62;70.13;65.08;66.92;64.18;64.98;67.88;70.30;71.96;74.37;71.64;72.11;65.80;66.83;68.40;72.29;79.25;75.54;74.31;73.12;76.02;76.56;74.42;71.50;73.02;68.59;68.52;68.16;64.42;64.64;63.80;60.36;62.03;63.75;65.47;65.53;64.02;65.05;69.06;66.61;66.01;70.45;66.12;66.31;68.36;66.01;68.31;69.74;70.50;70.66;68.66;70.14;74.71;74.61;75.86;78.95;76.41;74.26;72.27,HALAL,"Business activity permissible — debt ratio not verified, cross-check Musaffa/Zoya",
TLW,ENERGY,OIL&GAS-INTL E&P,,,,,HALAL,"Business activity permissible — debt ratio not verified, cross-check Musaffa/Zoya",
CNQ,ENERGY,OIL&GAS-INTL E&P,85,49.63999938964844,0.054517483600995176,47.60;49.12;47.44;48.23;49.12;47.79;46.61;48.21;44.81;45.94;44.88;42.17;43.42;44.55;44.15;46.30;46.05;46.92;43.87;44.31;46.29;47.05;48.46;47.75;45.92;44.92;45.07;46.77;44.81;43.94;44.56;43.16;41.60;40.98;39.03;39.14;39.15;39.29;40.33;41.51;42.67;42.35;43.50;44.50;46.59;44.39;46.04;47.26;45.77;45.05;46.83;47.15;47.54;49.15;50.58;50.23;49.20;48.55;51.35;50.68;50.45;50.35;50.32;50.07;49.64,HALAL,"Business activity permissible — debt ratio not verified, cross-check Musaffa/Zoya",
SU,ENERGY,OIL&GAS-INTL E&P,,,,,HALAL,"Business activity permissible — debt ratio not verified, cross-check Musaffa/Zoya",
CVE,ENERGY,OIL&GAS-INTL E&P,94,32.619998931884766,0.42063317425188074,23.31;24.63;24.54;25.66;26.54;26.26;26.29;26.91;25.40;26.04;25.19;24.26;25.34;26.18;26.50;28.45;28.97;30.14;28.17;28.83;29.37;30.50;31.47;29.99;28.62;27.75;27.95;29.18;27.93;27.37;28.19;26.98;25.48;25.55;24.57;24.69;24.69;24.53;25.09;25.86;27.48;27.23;27.82;28.65;29.58;27.91;28.93;30.05;28.59;28.12;29.42;30.03;30.86;32.37;32.33;32.02;31.33;31.43;32.97;32.64;33.03;33.18;33.11;32.52;32.62,HALAL,"Business activity permissible — debt ratio not verified, cross-check Musaffa/Zoya",
MEG,ENERGY,OIL&GAS-INTL E&P,,,,,HALAL,"Business activity permissible — debt ratio not verified, cross-check Musaffa/Zoya",
NOV,ENERGY,OIL&GAS-MACHINERY/EQUIP,73,20.06999969482422,0.10325661411276332,18.42;18.35;19.03;19.37;19.62;18.57;18.54;19.31;19.34;19.38;18.77;18.85;19.34;19.96;20.55;20.49;19.60;19.86;19.05;19.51;20.22;20.11;20.69;20.59;20.85;20.00;19.83;20.64;19.97;20.64;20.94;20.43;19.22;18.60;18.27;18.58;18.47;17.94;18.20;18.35;19.05;19.31;19.44;20.10;20.05;20.38;18.98;19.35;19.91;19.82;20.61;20.82;21.05;20.90;20.18;19.68;20.14;20.90;21.27;21.40;21.30;21.23;20.54;20.55;20.07,HALAL,"Business activity permissible — debt ratio not verified, cross-check Musaffa/Zoya",
FTI,ENERGY,OIL&GAS-MACHINERY/EQUIP,88,72.0199966430664,0.14502405206667768,65.25;66.13;67.91;70.68;71.10;69.04;70.93;73.11;73.41;74.93;71.95;70.35;72.28;72.35;75.02;76.89;75.69;74.93;70.94;71.06;72.59;71.19;73.83;71.37;71.37;67.66;68.39;67.90;66.78;68.35;70.56;68.47;66.97;67.35;64.25;64.40;66.26;66.71;68.07;70.49;72.99;72.22;72.02;74.57;75.97;74.99;71.69;71.62;69.98;69.58;74.08;75.22;78.56;78.29;77.62;75.85;75.70;75.84;78.31;80.08;78.16;75.58;72.87;72.78;72.02,HALAL,"Business activity permissible — debt ratio not verified, cross-check Musaffa/Zoya",
CHX,ENERGY,OIL&GAS-MACHINERY/EQUIP,,,,,HALAL,"Business activity permissible — debt ratio not verified, cross-check Musaffa/Zoya",
OII,ENERGY,OIL&GAS-MACHINERY/EQUIP,93,46.290000915527344,0.3909255592979122,34.55;35.07;36.29;36.13;36.33;35.47;35.56;37.49;36.45;37.43;35.77;37.45;37.82;38.01;37.99;36.00;37.07;37.66;36.58;37.93;38.87;37.84;38.01;38.48;39.05;38.29;37.44;37.99;37.15;39.01;39.80;37.89;35.50;36.19;36.29;40.03;40.52;38.50;39.88;40.68;43.22;42.66;42.28;44.65;48.02;52.17;46.58;48.78;50.43;49.25;51.12;51.02;52.20;53.10;52.49;50.46;49.62;50.59;51.32;51.78;50.68;50.57;46.56;46.61;46.29,HALAL,"Business activity permissible — debt ratio not verified, cross-check Musaffa/Zoya",
DRQ,ENERGY,OIL&GAS-MACHINERY/EQUIP,,,,,HALAL,"Business activity permissible — debt ratio not verified, cross-check Musaffa/Zoya",
WHD,ENERGY,OIL&GAS-MACHINERY/EQUIP,89,66.68000030517578,0.44489848416678024,46.27;44.74;47.51;48.48;48.17;47.15;47.57;51.95;53.70;52.93;53.03;52.44;53.09;55.12;56.68;55.52;54.54;54.42;55.87;56.27;55.81;56.70;60.52;61.82;62.45;58.01;57.89;58.67;56.50;57.88;58.44;57.94;56.62;54.10;50.87;51.90;51.12;50.31;51.85;53.85;53.35;52.88;54.38;55.07;55.27;53.77;52.21;64.87;67.07;68.39;70.92;72.24;73.12;72.97;68.70;67.90;66.30;69.50;70.69;71.64;69.52;68.40;67.04;67.20;66.68,HALAL,"Business activity permissible — debt ratio not verified, cross-check Musaffa/Zoya",
MPC,ENERGY,OIL&GAS-REFINING/MARKETING,97,424.8900146484375,0.8908811284772256,231.74;234.24;231.01;239.68;250.27;242.59;240.15;243.82;222.06;223.82;221.58;212.30;218.91;219.66;225.73;240.23;244.54;258.81;240.68;250.83;247.47;253.37;261.30;247.75;247.37;250.64;257.95;266.48;261.29;257.45;260.10;250.17;243.94;246.61;245.84;253.37;254.97;265.62;265.60;282.53;296.07;298.36;311.75;318.89;311.42;311.50;307.88;315.61;311.76;298.43;319.45;347.30;354.45;365.21;358.23;362.52;362.27;368.83;383.00;387.71;397.77;392.42;396.45;413.92;424.89,HALAL,"Business activity permissible — debt ratio not verified, cross-check Musaffa/Zoya",
VLO,ENERGY,OIL&GAS-REFINING/MARKETING,97,413.2799987792969,0.8077466605395531,233.94;240.00;235.36;232.53;252.14;244.96;242.00;249.34;233.09;240.01;232.99;221.74;231.39;231.83;236.21;249.15;244.76;251.28;234.33;246.01;242.01;248.59;260.37;240.16;240.52;243.91;251.55;260.44;254.84;252.80;254.62;246.21;238.85;242.84;241.50;258.37;259.44;266.73;265.20;280.17;294.65;291.53;308.46;313.59;304.08;303.76;300.16;312.90;308.73;302.99;314.95;330.21;341.67;350.05;341.51;346.00;348.03;352.36;361.99;370.69;382.85;385.43;382.95;403.28;413.28,HALAL,"Business activity permissible — debt ratio not verified, cross-check Musaffa/Zoya",
PSX,ENERGY,OIL&GAS-REFINING/MARKETING,96,273.1300048828125,0.601094692943209,170.56;176.12;174.56;179.03;185.94;179.91;174.02;172.53;159.06;158.40;159.43;154.42;157.40;157.54;162.06;171.33;174.00;178.02;166.21;173.18;169.68;174.01;181.42;173.13;172.96;175.78;179.29;183.70;182.11;178.05;177.16;172.35;166.29;167.52;167.75;170.74;168.16;175.49;177.90;188.82;197.24;195.12;205.77;211.15;205.89;206.72;205.72;210.56;204.80;204.43;214.38;224.39;232.38;243.49;240.00;241.96;242.23;244.01;252.02;254.66;259.14;258.51;257.06;264.63;273.13,HALAL,"Business activity permissible — debt ratio not verified, cross-check Musaffa/Zoya",
DK,ENERGY,OIL&GAS-REFINING/MARKETING,97,78.12000274658203,0.889888844725087,41.95;44.19;42.00;43.98;46.99;44.65;44.61;44.24;40.73;40.71;40.54;36.89;38.67;39.45;40.08;46.24;46.55;48.86;44.53;46.64;43.72;44.64;45.37;41.94;42.59;44.22;45.79;47.00;48.10;46.38;46.89;44.56;42.18;42.72;44.24;47.64;50.62;52.41;52.12;55.88;57.79;59.40;63.01;66.94;64.54;64.20;64.68;67.62;66.20;58.69;60.81;67.22;65.47;68.22;64.04;68.08;70.84;72.25;73.34;72.40;75.67;74.89;74.47;79.16;78.12,HALAL,"Business activity permissible — debt ratio not verified, cross-check Musaffa/Zoya",
PBF,ENERGY,OIL&GAS-REFINING/MARKETING,98,77.19000244140625,0.793117247785265,44.09;46.34;46.11;48.84;50.70;47.13;44.92;45.70;40.13;40.21;40.11;36.77;40.27;40.54;40.35;42.68;42.55;45.71;40.17;42.08;40.50;42.14;42.60;38.93;38.12;39.67;41.68;42.39;42.34;40.21;40.98;39.51;37.63;39.14;40.19;42.95;45.35;47.63;48.28;53.11;57.23;58.54;62.52;65.81;61.72;62.53;63.12;72.01;65.65;61.01;66.04;70.08;71.85;75.20;69.56;69.51;69.73;71.28;74.99;75.33;76.77;77.08;70.40;75.93;77.19,HALAL,"Business activity permissible — debt ratio not verified, cross-check Musaffa/Zoya",
CVI,ENERGY,OIL&GAS-REFINING/MARKETING,96,53.689998626708984,0.8909324656372382,29.64;31.93;32.25;32.49;34.61;33.44;31.45;32.83;30.34;31.13;31.44;29.26;31.03;31.03;32.19;33.92;33.07;35.02;32.38;34.77;33.73;33.78;34.23;31.74;31.57;33.51;34.81;35.40;33.04;31.28;30.29;28.79;27.59;27.81;26.71;27.01;27.45;28.39;28.56;31.18;33.35;32.45;35.02;35.29;33.83;33.96;34.51;35.51;33.22;31.27;32.42;35.04;35.26;36.66;35.83;38.03;40.03;41.76;42.87;43.58;46.12;48.60;48.63;53.05;53.69,HALAL,"Business activity permissible — debt ratio not verified, cross-check Musaffa/Zoya",
HFC,ENERGY,OIL&GAS-REFINING/MARKETING,,,,,HALAL,"Business activity permissible — debt ratio not verified, cross-check Musaffa/Zoya",
PARR,ENERGY,OIL&GAS-REFINING/MARKETING,96,84.37000274658203,0.5676329101632409,52.94;58.02;57.20;61.46;65.67;62.64;64.89;64.61;59.46;65.81;62.20;57.33;61.56;63.79;64.35;66.46;65.35;69.20;62.25;64.50;60.52;58.30;61.63;57.80;56.40;56.48;57.10;57.19;55.66;54.64;55.38;53.48;50.85;51.05;51.26;54.63;56.08;58.49;61.46;65.54;70.92;73.21;76.25;80.40;77.61;78.64;83.07;86.03;83.00;68.94;71.67;77.78;80.32;80.51;72.45;74.33;75.77;78.85;80.03;81.98;82.08;83.59;81.70;84.90;84.37,HALAL,"Business activity permissible — debt ratio not verified, cross-check Musaffa/Zoya",
ENB,ENERGY,OIL&GAS-TRANSPORT/PIPELINE,32,48.72999954223633,-0.07489816605109212,52.65;52.67;52.75;53.06;53.16;52.73;52.74;52.97;53.08;52.08;51.24;51.30;50.50;51.14;51.09;52.03;53.41;53.48;52.59;53.05;53.76;54.56;56.02;57.01;56.24;54.81;54.18;55.05;55.55;54.79;55.69;55.18;53.73;54.06;54.54;55.48;53.47;53.35;54.30;53.85;54.32;55.39;55.94;54.71;55.63;54.60;54.39;53.72;52.69;51.00;50.69;50.74;50.91;51.39;50.99;50.08;50.37;50.20;50.72;50.52;50.48;48.22;48.16;48.36;48.73,HALAL,"Business activity permissible — debt ratio not verified, cross-check Musaffa/Zoya",
TRP,ENERGY,OIL&GAS-TRANSPORT/PIPELINE,47,61.540000915527344,-0.015269469959824145,62.74;62.98;62.72;62.84;62.26;62.04;62.79;62.87;63.60;61.92;60.33;60.07;59.52;60.32;61.35;63.38;65.97;65.65;64.51;64.92;66.45;67.62;68.76;69.92;68.90;67.02;65.53;67.19;68.06;67.55;68.68;68.45;67.31;67.81;68.73;69.02;66.29;66.47;68.80;67.96;67.94;69.08;69.76;68.67;69.98;68.34;67.28;67.43;65.37;63.90;63.33;63.61;64.02;64.02;63.03;62.06;62.86;61.86;63.14;62.88;63.45;61.91;61.18;61.21;61.54,HALAL,"Business activity permissible — debt ratio not verified, cross-check Musaffa/Zoya",
KMI,ENERGY,OIL&GAS-TRANSPORT/PIPELINE,59,31.84000015258789,-0.028609285550521446,32.66;32.83;33.09;33.36;33.41;32.92;32.37;32.69;32.37;31.48;31.12;31.43;30.99;31.15;30.38;31.26;31.93;31.99;31.23;31.95;32.51;33.32;33.99;33.19;32.57;31.61;30.56;31.08;31.39;31.05;31.07;31.17;31.04;31.95;32.29;32.88;31.67;31.76;32.19;32.10;31.94;31.90;32.00;32.08;32.47;31.46;31.56;31.88;31.38;31.28;31.39;31.73;32.82;32.87;31.61;31.00;32.02;31.56;32.10;31.60;31.98;30.95;30.96;30.73;31.84,HALAL,"Business activity permissible — debt ratio not verified, cross-check Musaffa/Zoya",
WMB,ENERGY,OIL&GAS-TRANSPORT/PIPELINE,61,72.05000305175781,-0.003147813825828294,72.62;72.99;72.53;72.74;72.51;71.73;70.96;72.97;71.77;70.50;69.73;70.12;69.41;70.61;70.57;72.26;74.45;75.02;71.89;73.11;74.61;76.59;78.25;76.40;75.23;72.07;69.03;70.62;70.92;70.55;70.58;70.97;70.74;74.41;75.32;77.36;73.80;72.61;74.54;74.91;73.92;73.84;72.85;72.83;74.71;70.28;69.62;71.02;70.99;71.24;71.33;73.17;74.66;74.59;71.16;70.46;73.87;73.20;74.69;73.52;75.28;72.29;71.95;70.90;72.05,HALAL,"Business activity permissible — debt ratio not verified, cross-check Musaffa/Zoya",
OKE,ENERGY,OIL&GAS-TRANSPORT/PIPELINE,73,93.45999908447266,0.12122401160582297,84.53;86.31;87.81;89.96;91.75;88.27;86.23;88.50;84.16;83.33;82.12;81.55;82.70;85.16;85.69;87.22;88.24;88.96;84.86;86.76;87.74;91.23;94.12;91.53;89.37;85.99;83.95;85.73;87.21;86.76;88.15;86.42;84.57;85.27;86.28;88.17;85.92;86.80;89.60;88.45;91.10;89.96;92.42;90.75;92.13;88.41;88.94;89.74;87.65;87.93;90.34;92.47;94.99;97.07;94.60;93.02;94.90;94.76;95.69;95.75;97.51;95.72;96.97;92.70;93.46,HALAL,"Business activity permissible — debt ratio not verified, cross-check Musaffa/Zoya",
ET,ENERGY,OIL&GAS-TRANSPORT/PIPELINE,77,21.139999389648438,0.16610881650157716,18.17;18.33;18.43;18.51;19.02;18.66;18.30;18.49;18.46;18.23;18.09;18.24;18.33;18.52;18.42;19.11;19.28;19.71;19.26;19.29;19.77;19.82;20.05;19.68;19.28;19.10;18.95;19.23;19.07;18.75;18.45;18.60;18.44;18.58;18.63;18.85;18.81;19.01;19.48;19.46;19.85;19.58;19.99;19.92;20.08;19.58;19.87;20.03;20.00;20.33;20.59;20.95;21.05;21.42;21.21;21.08;21.43;21.31;21.42;21.44;21.51;21.73;21.49;21.11;21.14,HALAL,"Business activity permissible — debt ratio not verified, cross-check Musaffa/Zoya",
EPD,ENERGY,OIL&GAS-TRANSPORT/PIPELINE,69,38.88999938964844,0.0823875553428366,36.46;36.38;37.02;37.88;38.15;36.76;36.49;37.31;36.44;36.35;36.04;35.62;36.14;36.76;37.12;37.68;37.47;37.93;37.18;37.34;37.73;38.65;39.22;38.89;37.84;36.95;36.66;37.43;37.25;36.80;36.73;35.96;35.98;35.88;35.56;36.03;36.22;36.21;37.09;36.74;37.75;36.97;37.64;37.99;38.23;37.56;38.10;38.05;38.12;38.05;37.99;37.92;38.90;38.64;38.43;38.36;39.14;39.02;39.28;39.17;38.83;39.33;38.70;38.09;38.89,HALAL,"Business activity permissible — debt ratio not verified, cross-check Musaffa/Zoya",
MPLX,ENERGY,OIL&GAS-TRANSPORT/PIPELINE,63,59.439998626708984,0.05433501472477764,56.20;56.15;56.50;56.73;56.00;54.98;53.85;53.22;54.30;54.02;52.76;53.83;53.44;53.57;52.61;53.49;54.54;53.62;54.21;53.07;53.83;53.79;54.60;54.63;55.46;54.50;54.01;54.27;55.47;55.49;55.48;54.68;54.91;55.89;55.23;55.51;55.33;56.14;56.48;56.17;56.19;55.40;56.04;55.48;56.48;57.32;56.76;57.41;59.43;59.34;58.70;59.94;59.48;59.36;58.60;58.46;59.32;59.25;59.09;59.34;59.83;59.63;58.89;57.93;59.44,HALAL,"Business activity permissible — debt ratio not verified, cross-check Musaffa/Zoya",
PAA,ENERGY,OIL&GAS-TRANSPORT/PIPELINE,88,25.3700008392334,0.23273029471116935,20.84;21.01;21.02;21.38;21.66;21.56;21.37;21.48;21.13;20.99;20.81;20.29;20.33;20.73;21.12;21.85;21.98;22.20;21.72;21.62;21.52;22.51;23.22;23.28;23.16;22.42;22.54;22.52;22.22;22.09;22.10;21.57;21.22;21.12;21.11;21.48;21.89;22.13;22.30;22.45;23.14;22.96;23.47;23.88;24.27;23.88;24.47;24.57;23.55;23.52;23.26;23.24;23.90;24.19;24.59;24.96;25.63;25.48;25.86;25.53;25.97;25.72;25.85;25.42;25.37,HALAL,"Business activity permissible — debt ratio not verified, cross-check Musaffa/Zoya",
TRGP,ENERGY,OIL&GAS-TRANSPORT/PIPELINE,90,292.19000244140625,0.22904313526547226,238.52;237.22;237.61;243.10;247.82;248.31;242.04;248.56;242.39;238.19;236.45;233.23;230.41;237.60;238.97;247.73;253.10;258.51;251.26;252.00;262.06;270.72;274.91;268.98;268.63;260.91;257.87;261.47;262.86;262.94;268.12;261.11;259.53;263.28;265.08;271.34;266.89;257.67;272.53;271.75;278.10;276.86;281.59;278.91;284.25;266.39;263.44;270.37;262.98;268.23;266.21;268.67;275.79;297.77;302.25;294.26;294.03;287.82;296.06;293.54;294.29;291.91;287.25;284.77;292.19,HALAL,"Business activity permissible — debt ratio not verified, cross-check Musaffa/Zoya",
COP,ENERGY,OIL&GAS-US E&P,82,131.8300018310547,0.09685403275145399,121.16;124.26;125.42;127.13;131.93;130.16;128.70;129.93;121.75;121.90;117.26;114.42;118.58;122.63;119.98;126.46;121.47;121.60;113.28;114.78;116.62;121.60;124.28;119.75;115.80;114.23;114.81;118.26;116.36;116.02;114.60;111.52;110.47;108.97;106.21;105.26;103.27;104.04;107.72;107.30;112.10;110.72;113.95;116.72;119.40;114.81;117.28;119.68;117.16;115.99;122.21;126.46;125.94;129.72;134.89;133.35;130.61;130.35;136.19;135.72;135.04;137.04;136.67;132.54;131.83,HALAL,"Business activity permissible — debt ratio not verified, cross-check Musaffa/Zoya",
EOG,ENERGY,OIL&GAS-US E&P,72,144.22999572753906,0.09602212299696156,133.68;136.74;137.58;141.06;147.31;142.40;140.50;142.06;134.53;134.90;130.40;127.48;131.45;132.88;132.24;138.10;137.93;139.78;129.93;132.33;133.94;139.23;143.24;138.95;135.20;133.59;135.61;140.46;136.76;136.32;135.52;131.01;132.27;131.85;133.46;131.62;128.77;129.82;133.55;132.56;138.58;136.46;139.89;143.44;145.49;140.31;145.94;148.69;143.52;136.20;142.22;143.14;142.61;148.70;152.19;150.21;144.84;143.35;148.35;145.96;145.36;147.46;148.54;144.93;144.23,HALAL,"Business activity permissible — debt ratio not verified, cross-check Musaffa/Zoya",
PXD,ENERGY,OIL&GAS-US E&P,,,,,HALAL,"Business activity permissible — debt ratio not verified, cross-check Musaffa/Zoya",
OXY,ENERGY,OIL&GAS-US E&P,74,58.84000015258789,0.025967883248189327,57.20;59.04;59.76;61.28;64.72;64.41;62.39;62.36;57.99;57.53;55.32;53.30;55.81;57.30;56.75;60.20;58.17;58.80;53.45;54.64;55.67;59.07;60.14;58.29;56.93;56.80;58.38;59.09;56.41;56.03;55.22;54.21;52.80;51.76;50.86;49.76;48.35;48.69;51.44;52.06;54.56;53.52;54.61;56.24;57.34;54.68;55.77;56.81;54.84;55.78;58.38;58.28;58.09;59.53;61.24;59.84;58.35;58.83;60.67;60.33;60.37;61.16;61.78;59.36;58.84,HALAL,"Business activity permissible — debt ratio not verified, cross-check Musaffa/Zoya",
DVN,ENERGY,OIL&GAS-US E&P,78,48.61000061035156,0.06535795420961121,46.78;48.13;47.84;49.73;51.37;49.64;48.82;49.28;47.24;46.63;44.62;43.64;44.99;47.50;47.55;50.39;49.88;50.30;44.70;46.10;46.27;48.82;49.02;46.48;44.53;43.52;45.69;45.56;43.68;43.48;44.01;43.25;42.31;42.77;42.46;41.94;41.05;40.21;42.14;41.75;43.45;42.65;43.55;43.82;45.00;42.88;44.17;44.84;43.77;42.83;45.07;44.57;45.55;47.52;48.98;47.92;46.53;47.05;48.73;48.48;48.09;49.70;49.41;48.44;48.61,HALAL,"Business activity permissible — debt ratio not verified, cross-check Musaffa/Zoya",
FANG,ENERGY,OIL&GAS-US E&P,69,192.4199981689453,0.06675344206397194,185.18;188.23;189.69;193.88;199.64;195.63;191.76;193.37;184.28;187.04;183.84;178.30;187.73;193.45;194.28;203.08;205.38;203.93;188.37;194.01;198.90;202.45;206.63;199.87;194.06;193.08;197.94;209.44;191.57;193.18;190.54;188.92;184.46;186.77;182.48;178.92;174.82;171.10;179.57;181.00;190.55;188.72;194.47;198.71;204.36;194.73;198.04;201.84;190.82;188.59;197.88;199.74;202.47;210.02;211.02;205.60;199.84;197.67;203.16;202.94;199.65;205.39;205.72;194.54;192.42,HALAL,"Business activity permissible — debt ratio not verified, cross-check Musaffa/Zoya",
MRO,ENERGY,OIL&GAS-US E&P,,,,,HALAL,"Business activity permissible — debt ratio not verified, cross-check Musaffa/Zoya",
APA,ENERGY,OIL&GAS-US E&P,94,44.869998931884766,0.3196476631690053,35.38;37.54;38.50;40.76;43.79;41.86;41.47;42.38;38.44;38.95;36.10;35.25;37.09;38.39;38.16;40.04;39.85;41.19;35.99;36.44;36.71;38.71;40.62;38.07;37.24;36.27;37.49;38.06;36.31;36.35;36.52;34.53;33.69;33.96;33.10;32.78;32.34;32.13;33.76;33.06;34.43;34.03;34.97;35.52;36.42;34.74;36.70;37.32;35.80;36.53;41.02;39.97;40.47;42.37;44.39;42.96;41.19;42.54;44.30;44.18;43.55;44.53;45.03;44.79;44.87,HALAL,"Business activity permissible — debt ratio not verified, cross-check Musaffa/Zoya",
OVV,ENERGY,OIL&GAS-US E&P,85,62.369998931884766,0.13837887102905766,54.90;56.42;56.38;59.55;61.47;58.78;58.60;60.14;55.61;55.80;54.50;52.29;54.37;56.03;56.38;60.49;60.25;62.46;57.74;58.51;57.22;59.41;60.29;58.29;55.92;55.26;57.57;58.66;56.15;56.04;55.98;54.06;53.36;54.37;52.52;52.95;52.41;52.72;54.72;54.80;56.25;55.79;57.52;59.10;61.11;59.80;61.00;62.17;60.47;59.59;63.27;62.91;62.73;64.72;66.39;65.62;64.22;64.29;66.27;65.61;63.81;63.71;65.06;62.77;62.37,HALAL,"Business activity permissible — debt ratio not verified, cross-check Musaffa/Zoya",
MUR,ENERGY,OIL&GAS-US E&P,72,37.38999938964844,0.03505980159802524,36.10;37.39;36.91;39.22;41.33;40.48;40.31;41.94;37.10;38.29;37.51;36.18;37.35;38.82;38.63;41.05;39.97;40.89;37.56;36.92;37.74;39.88;39.93;37.39;36.11;35.82;36.93;38.77;38.28;38.24;38.10;36.08;34.91;34.07;34.82;34.27;32.23;31.56;32.55;33.27;34.55;34.29;36.46;36.92;39.00;37.12;38.30;39.34;37.99;32.71;35.13;34.90;34.22;35.18;38.28;36.00;34.69;35.63;37.60;37.32;37.58;38.83;38.20;38.19;37.39,HALAL,"Business activity permissible — debt ratio not verified, cross-check Musaffa/Zoya",
CIVI,ENERGY,OIL&GAS-US E&P,,,,,HALAL,"Business activity permissible — debt ratio not verified, cross-check Musaffa/Zoya",
AR,ENERGY,OIL&GAS-US E&P,36,34.86000061035156,-0.1495486903416131,41.13;43.30;42.56;44.67;45.15;42.44;40.45;40.66;38.21;37.21;36.34;36.68;37.16;38.20;38.19;39.01;38.89;39.13;36.37;36.59;36.74;38.24;38.98;37.04;35.80;35.81;36.76;36.53;35.56;34.66;34.22;34.03;33.90;34.03;34.71;35.17;35.14;35.38;35.24;34.49;34.28;33.58;33.57;33.86;35.07;33.85;35.14;36.14;35.69;34.90;37.07;37.48;37.37;37.04;37.66;37.90;38.53;38.45;39.81;39.69;39.08;39.17;38.10;35.68;34.86,HALAL,"Business activity permissible — debt ratio not verified, cross-check Musaffa/Zoya",
CHRD,ENERGY,OIL&GAS-US E&P,83,144.49000549316406,0.19116497538872967,124.86;128.21;128.47;135.85;142.82;139.71;139.53;142.85;130.47;132.41;127.64;121.43;128.86;134.77;135.29;143.58;142.54;146.56;135.35;137.63;139.56;145.81;147.05;141.59;136.65;132.71;136.79;139.38;133.60;132.89;132.56;126.48;125.85;123.36;118.88;115.56;113.29;112.32;115.81;117.44;121.28;122.35;126.97;133.01;137.67;130.64;135.27;139.15;135.69;131.33;137.30;136.37;136.11;142.67;148.81;144.67;140.14;146.00;150.41;148.00;147.61;151.82;151.22;147.03;144.49,HALAL,"Business activity permissible — debt ratio not verified, cross-check Musaffa/Zoya",
MTDR,ENERGY,OIL&GAS-US E&P,68,56.810001373291016,0.0088662950111984,56.79;56.25;58.01;60.17;64.51;62.27;62.00;63.57;58.90;59.45;56.25;54.80;58.12;60.19;60.31;62.00;61.47;62.03;54.77;55.90;56.87;59.88;61.24;55.66;53.37;53.42;55.64;56.11;53.16;53.32;53.21;50.99;50.01;50.27;49.71;49.52;49.40;49.80;51.74;50.99;52.70;52.24;53.39;53.67;51.31;46.81;48.29;49.51;48.43;48.29;52.23;52.51;53.69;57.24;58.42;57.50;55.25;56.39;59.21;59.72;59.77;61.62;61.18;57.73;56.81,HALAL,"Business activity permissible — debt ratio not verified, cross-check Musaffa/Zoya",
PR,ENERGY,OIL&GAS-US E&P,90,22.760000228881836,0.20408945389019006,19.21;19.67;19.62;20.61;21.33;21.00;20.86;21.07;20.08;20.25;19.79;19.13;19.61;20.55;20.32;21.33;21.77;22.08;19.78;19.85;19.94;20.53;20.90;20.12;19.34;19.03;19.38;19.88;18.88;18.91;18.97;18.62;18.44;18.88;18.58;18.60;18.29;18.08;18.97;18.94;19.49;19.46;20.08;20.84;21.23;20.12;20.61;21.17;20.37;20.15;21.09;21.31;21.36;22.20;23.71;23.54;22.60;22.55;23.63;23.58;23.50;23.55;23.60;22.95;22.76,HALAL,"Business activity permissible — debt ratio not verified, cross-check Musaffa/Zoya",
VTLE,ENERGY,OIL&GAS-US E&P,,,,,HALAL,"Business activity permissible — debt ratio not verified, cross-check Musaffa/Zoya",
SYF,FINANCE,FINANCE-CONSUMER LOANS,47,75.04000091552734,0.18641899009956764,64.61;64.96;66.00;67.07;64.82;67.45;67.85;68.28;71.89;73.18;75.36;77.69;76.98;75.98;76.11;74.49;75.13;73.46;73.68;69.98;69.51;71.07;69.09;71.69;71.59;71.16;70.52;68.42;70.54;72.02;72.02;74.29;73.79;75.38;75.99;78.32;75.72;76.00;75.20;71.26;72.90;73.72;73.30;71.90;71.46;74.99;74.65;75.46;78.74;78.67;78.19;79.41;81.00;80.58;76.71;80.02;79.78;78.05;76.62;79.85;78.62;75.44;75.88;74.88;75.04,HARAM,Synchrony — consumer credit,
DFS,FINANCE,FINANCE-CONSUMER LOANS,,,,,HARAM,Discover — credit-card lender,
ALLY,FINANCE,FINANCE-CONSUMER LOANS,33,40.0,0.12207986104125745,36.85;37.57;38.69;38.70;37.28;38.70;39.30;39.74;41.23;41.37;41.67;44.74;45.08;44.41;43.80;43.21;43.11;42.91;43.49;42.45;41.42;41.70;40.57;42.46;42.45;42.50;41.76;40.65;42.47;43.05;43.19;45.13;45.19;45.26;45.25;46.84;45.63;45.01;45.09;44.80;44.81;46.02;45.33;44.12;43.67;43.38;42.65;43.33;44.99;44.06;43.79;44.25;44.91;43.63;42.29;42.45;42.54;42.18;41.85;43.59;42.28;42.17;41.94;40.31;40.00,HARAM,Ally — auto-loan bank,
OMF,FINANCE,FINANCE-CONSUMER LOANS,57,60.810001373291016,0.2099186451684738,48.68;49.24;50.84;51.24;49.77;51.64;52.20;51.97;54.68;54.88;55.67;57.21;56.87;56.96;56.94;55.91;54.63;53.15;53.76;52.31;51.59;52.65;52.04;52.88;52.92;53.19;53.87;52.55;54.47;54.90;55.80;56.74;56.68;57.29;57.63;59.46;59.98;58.54;58.66;57.89;58.29;59.60;59.33;59.03;57.83;60.27;61.92;61.57;64.36;63.98;63.16;64.65;65.68;64.73;61.70;62.89;63.13;62.84;61.11;64.58;63.31;62.06;63.20;60.57;60.81,HARAM,Group classification: FINANCE-CONSUMER LOANS,
WRLD,FINANCE,FINANCE-CONSUMER LOANS,70,182.13999938964844,0.36118378830319897,138.70;133.29;136.31;127.52;130.50;135.04;139.86;145.61;154.37;140.95;134.55;141.38;147.76;152.08;153.59;153.25;152.02;141.15;149.53;148.23;149.88;153.17;156.50;158.11;166.42;161.51;167.71;166.21;167.30;169.50;176.97;173.15;173.40;181.73;194.76;213.77;223.83;207.98;199.11;203.43;196.29;194.54;192.06;188.82;181.08;195.83;185.56;179.81;193.63;190.03;186.84;189.65;194.75;189.10;183.94;190.31;191.12;188.35;180.31;191.68;192.00;190.00;191.82;185.59;182.14,HARAM,Group classification: FINANCE-CONSUMER LOANS,
CURO,FINANCE,FINANCE-CONSUMER LOANS,,,,,HARAM,Group classification: FINANCE-CONSUMER LOANS,
ENVA,FINANCE,FINANCE-CONSUMER LOANS,71,174.72000122070312,0.3028111283687296,137.21;136.97;137.34;136.66;129.71;135.83;136.88;139.78;145.05;150.71;156.22;162.81;163.49;169.42;173.60;168.58;170.93;169.28;172.50;168.90;163.24;164.02;160.71;160.91;159.05;158.90;164.33;158.90;168.82;179.41;189.59;189.16;197.30;204.74;216.58;231.04;240.73;235.19;237.00;236.40;232.01;235.66;232.52;228.46;217.80;251.96;244.71;254.14;257.79;255.96;252.55;260.40;265.45;262.00;237.39;247.66;236.62;232.72;221.14;233.17;225.79;223.06;226.72;172.14;174.72,HARAM,Group classification: FINANCE-CONSUMER LOANS,
V,FINANCE,FINANCE-CREDIT CARD/PAYMENT,64,368.2900085449219,0.20381291858817008,307.25;298.54;303.25;303.71;294.36;301.06;299.62;301.36;307.08;308.18;314.67;315.78;308.73;307.67;308.44;333.55;326.74;320.77;320.02;322.59;319.72;325.15;329.30;330.51;325.87;324.35;322.17;311.82;322.97;324.45;318.46;323.22;329.77;325.99;331.61;335.61;342.45;361.46;351.55;347.55;357.09;354.48;357.90;355.16;350.95;361.86;368.05;365.45;368.90;369.78;360.65;359.42;364.15;364.25;365.73;382.41;383.90;381.60;372.67;378.75;368.64;367.21;375.28;370.93;368.29,HALAL,"Payment network — fee-based revenue, no lending — debt ratio not verified, cross-check Musaffa/Zoya",
MA,FINANCE,FINANCE-CREDIT CARD/PAYMENT,57,565.239990234375,0.1388994531657033,504.86;489.48;498.69;501.06;482.60;497.97;491.77;496.59;502.73;507.73;519.09;520.43;510.49;501.54;505.58;524.35;494.63;496.25;500.10;496.98;489.82;493.37;498.86;498.78;492.18;492.92;494.42;470.76;490.26;494.41;485.70;489.82;492.16;483.28;493.58;498.18;512.74;538.49;530.73;523.20;537.70;535.21;543.60;538.30;530.29;551.71;563.32;573.10;571.10;575.95;563.17;559.73;569.29;574.31;573.85;599.86;598.47;595.30;581.10;585.71;570.89;565.37;574.42;567.75;565.24,HALAL,"Payment network — fee-based revenue, no lending — debt ratio not verified, cross-check Musaffa/Zoya",
AXP,FINANCE,FINANCE-CREDIT CARD/PAYMENT,29,311.55999755859375,0.04480765534726672,298.51;293.20;300.14;298.48;290.55;300.70;299.36;306.19;316.90;322.94;328.16;330.78;328.89;317.68;317.97;314.79;318.81;315.09;317.82;311.47;308.76;312.62;308.47;308.85;309.87;314.26;312.68;299.75;309.81;317.51;317.62;334.46;339.61;337.15;341.62;339.43;337.33;351.96;349.58;346.72;354.43;358.44;355.35;350.79;340.84;335.39;331.50;336.25;346.71;342.60;338.86;344.08;342.48;338.52;331.15;337.33;336.15;333.20;324.19;329.82;326.10;320.71;327.78;312.43;311.56,HARAM,Charge card with interest-based credit operations,
PYPL,FINANCE,FINANCE-CREDIT CARD/PAYMENT,51,52.40999984741211,0.17400096456472225,45.87;43.94;45.23;44.59;43.34;44.97;45.08;44.61;45.72;47.24;49.29;50.52;50.59;49.46;49.48;50.65;50.15;46.22;45.95;44.81;44.97;44.16;43.58;44.05;43.91;44.20;44.93;42.37;41.19;41.36;41.14;42.39;41.98;42.24;42.38;44.18;43.07;45.36;45.54;45.21;47.53;55.38;56.42;55.71;55.86;55.93;58.21;57.07;58.40;59.63;58.92;59.05;61.51;60.28;62.15;61.53;61.66;53.53;52.27;56.68;53.18;53.31;54.03;52.71;52.41,QUESTIONABLE,Mixed: fee revenue plus credit/BNPL exposure,
FIS,FINANCE,FINANCE-CREDIT CARD/PAYMENT,7,35.619998931884766,-0.2667395929816405,49.10;48.15;48.65;46.52;45.83;45.85;45.24;45.17;44.27;45.38;47.23;47.40;46.61;44.71;44.57;45.18;45.49;45.56;46.18;41.40;41.64;40.86;42.52;42.63;41.27;41.27;42.62;39.94;40.03;39.08;37.91;38.52;38.14;37.29;38.22;38.13;38.44;41.32;42.11;41.13;41.45;40.63;41.43;41.11;39.58;42.67;46.28;44.26;43.75;42.32;42.02;41.44;42.43;40.48;40.12;40.93;40.18;40.97;40.36;41.80;38.97;38.08;38.18;36.85;35.62,HALAL,"Fidelity National Information — bank tech, fee revenue — debt ratio not verified, cross-check Musaffa/Zoya",
FISV,FINANCE,FINANCE-CREDIT CARD/PAYMENT,8,47.189998626708984,-0.16831164556313538,58.21;57.02;57.71;56.64;53.90;55.80;56.16;55.32;56.41;58.79;61.29;63.97;63.26;61.55;61.27;62.02;62.14;57.28;56.81;54.39;52.37;55.33;56.03;55.82;55.61;55.83;59.05;55.08;54.43;54.03;53.06;47.91;48.77;47.18;48.19;49.45;49.05;52.33;52.71;51.65;51.18;50.36;50.63;50.61;49.97;52.31;55.63;53.94;55.78;54.11;52.22;51.56;54.39;51.72;51.38;52.96;52.45;53.18;51.67;52.73;50.86;48.93;50.99;49.45;47.19,HALAL,"Fiserv — payment/fintech infrastructure — debt ratio not verified, cross-check Musaffa/Zoya",
GPN,FINANCE,FINANCE-CREDIT CARD/PAYMENT,70,85.05999755859375,0.24694850047209416,71.94;67.73;70.59;70.30;65.46;66.85;63.63;62.28;65.44;67.69;69.70;71.89;71.12;67.41;67.88;70.50;71.88;69.01;69.66;68.31;66.57;67.13;67.49;72.11;72.79;73.46;74.96;67.40;65.88;63.39;65.01;67.29;66.17;64.91;66.89;69.60;72.36;78.41;77.37;74.17;76.63;78.00;77.60;79.84;77.64;83.82;88.02;83.84;88.00;87.44;85.89;88.28;92.79;90.11;92.02;94.03;92.70;91.56;89.81;91.51;89.17;88.30;90.19;86.49;85.06,HALAL,"Global Payments — pure payment processor — debt ratio not verified, cross-check Musaffa/Zoya",
SQ,FINANCE,FINANCE-CREDIT CARD/PAYMENT,,,,,QUESTIONABLE,"Square: fee-based core, some lending exposure",
AFRM,FINANCE,FINANCE-CREDIT CARD/PAYMENT,54,71.20999908447266,0.5189845875004708,47.56;44.43;46.16;45.05;42.53;45.82;46.31;47.40;49.01;51.97;59.62;64.50;64.60;62.98;65.13;63.48;67.54;66.81;67.36;66.45;63.53;65.82;65.30;67.18;69.27;73.00;72.91;66.27;63.61;65.11;66.49;71.90;70.73;72.20;77.66;79.49;81.55;84.58;83.62;83.78;81.93;81.71;76.07;74.72;71.21;73.05;70.11;71.51;78.12;76.58;75.54;73.40;78.35;73.56;75.05;76.88;76.46;77.76;69.94;74.30;72.08;67.99;73.38;71.58;71.21,HARAM,Pure BNPL/lending business model,
TOST,FINANCE,FINANCE-CREDIT CARD/PAYMENT,41,29.739999771118164,0.07753620869821454,28.39;27.40;27.56;26.81;25.64;26.51;26.47;25.97;25.96;27.15;28.16;29.08;28.67;27.92;28.65;28.62;29.11;28.54;29.38;24.19;22.33;23.05;23.22;23.04;23.32;24.96;27.74;25.07;24.64;25.00;24.69;25.05;24.41;24.26;26.02;27.08;27.82;28.82;29.61;28.85;29.96;30.39;30.08;30.37;28.40;30.84;32.60;32.27;33.81;34.72;35.69;34.06;34.75;34.95;35.32;36.71;36.97;35.15;33.59;33.93;33.29;31.94;33.29;31.12;29.74,HALAL,"Toast — restaurant tech/payments — debt ratio not verified, cross-check Musaffa/Zoya",
GS,FINANCE,FINANCE-INVESTMENT BANKS/BROKERS,56,942.0,0.2155118234510811,799.58;802.02;823.59;834.06;795.47;838.17;855.07;856.17;895.37;882.56;891.18;917.39;917.99;922.69;929.14;897.23;915.17;910.40;917.31;936.13;946.59;939.71;920.16;979.04;985.33;999.05;1043.47;1035.95;1033.62;1026.98;1030.59;1070.93;1093.78;1100.98;1071.66;1014.64;1006.44;1016.02;1037.90;1050.82;1040.81;1146.46;1060.03;1080.27;1069.48;1043.12;975.97;1013.42;1047.85;1027.55;1029.47;1032.15;1034.35;1035.40;997.07;1031.23;1035.39;1028.95;1002.56;1037.93;1036.53;1019.77;988.45;937.98;942.00,HARAM,Group classification: FINANCE-INVESTMENT BANKS/BROKERS,
MS,FINANCE,FINANCE-INVESTMENT BANKS/BROKERS,67,202.5800018310547,0.32233367596145035,156.13;156.84;162.55;163.86;156.68;162.79;164.02;166.61;176.24;179.19;189.55;186.78;187.27;186.61;188.13;185.06;189.13;188.21;189.13;190.05;192.77;191.46;188.54;199.41;200.66;202.67;209.85;208.99;210.77;209.10;211.50;216.79;223.73;225.85;218.66;210.87;207.90;212.76;220.82;220.91;219.88;227.30;214.32;215.22;214.00;213.39;202.02;210.42;217.04;213.75;215.33;217.64;217.36;217.55;207.45;214.08;214.08;214.77;211.04;217.15;216.24;212.66;206.58;202.42;202.58,HARAM,Group classification: FINANCE-INVESTMENT BANKS/BROKERS,
SCHW,FINANCE,FINANCE-INVESTMENT BANKS/BROKERS,65,105.25,0.13835893720484438,93.32;93.38;94.68;94.38;91.76;93.37;93.16;92.74;96.64;96.16;99.62;91.68;91.37;88.34;90.17;90.57;90.95;91.80;88.92;87.57;90.90;90.62;91.54;90.15;89.14;85.10;88.48;86.34;88.58;88.51;88.44;90.69;94.24;91.76;91.12;90.41;92.00;96.72;101.63;101.61;102.08;102.49;101.26;99.67;101.31;103.88;104.17;104.93;106.04;107.35;107.68;109.02;111.09;111.68;109.79;113.65;109.39;110.16;108.28;110.38;106.87;107.33;107.31;105.16;105.25,HARAM,Group classification: FINANCE-INVESTMENT BANKS/BROKERS,
JEF,FINANCE,FINANCE-INVESTMENT BANKS/BROKERS,22,47.900001525878906,0.3373533357154992,37.51;37.64;38.96;39.05;39.25;40.65;41.05;41.42;44.44;45.52;46.14;47.37;46.91;45.01;47.16;46.75;48.55;49.31;50.69;51.65;52.52;51.45;50.69;52.07;51.57;52.09;52.80;52.44;55.28;58.60;59.22;61.50;61.43;62.35;57.52;48.74;49.61;52.23;52.42;52.08;52.20;56.71;54.47;56.32;55.17;55.83;54.70;54.20;55.30;55.91;54.90;54.42;54.74;53.84;51.78;51.91;53.13;53.09;51.98;54.26;55.72;53.93;50.10;47.35;47.90,HARAM,Group classification: FINANCE-INVESTMENT BANKS/BROKERS,
EVR,FINANCE,FINANCE-INVESTMENT BANKS/BROKERS,12,262.6000061035156,-0.015508508278999633,277.13;273.35;277.56;285.26;277.49;296.84;303.24;305.19;333.08;348.58;355.05;360.88;351.46;346.03;345.84;322.32;315.01;324.50;329.42;333.50;334.46;331.69;321.45;344.32;341.95;344.98;345.91;339.05;338.40;356.02;354.02;364.42;365.92;372.90;352.11;340.98;340.40;341.60;345.81;338.71;333.13;352.57;340.50;339.48;333.78;339.07;303.78;319.58;318.76;309.38;297.06;299.04;306.44;297.75;286.22;289.23;290.53;290.11;286.23;296.91;295.67;283.62;275.49;261.83;262.60,HARAM,Group classification: FINANCE-INVESTMENT BANKS/BROKERS,
LAZ,FINANCE,FINANCE-INVESTMENT BANKS/BROKERS,10,35.75,-0.09802650758280018,39.63;38.96;39.27;40.00;38.25;41.54;40.56;40.28;44.97;47.18;48.13;47.96;47.64;46.00;48.19;46.43;44.13;44.10;45.41;45.44;44.72;44.70;44.86;47.12;48.34;48.35;47.99;46.52;45.81;46.74;42.41;43.54;42.69;43.14;40.01;39.65;41.45;41.05;41.25;41.21;40.62;44.50;42.65;43.00;42.54;42.48;40.19;41.88;43.74;43.32;42.67;43.54;44.64;44.06;42.77;44.07;42.79;43.64;42.32;44.33;44.05;41.87;39.74;36.61;35.75,HARAM,Group classification: FINANCE-INVESTMENT BANKS/BROKERS,
PIPR,FINANCE,FINANCE-INVESTMENT BANKS/BROKERS,24,72.36000061035156,0.030648647608959134,74.24;73.52;74.36;74.11;72.64;76.15;77.43;77.85;82.82;85.10;88.12;90.13;90.76;87.32;87.58;85.93;79.01;79.98;80.04;79.56;80.13;78.38;77.22;80.34;80.43;78.82;77.03;75.43;76.46;78.91;77.71;79.31;80.59;81.55;78.87;75.94;72.15;70.90;74.88;73.24;71.79;77.54;76.12;77.03;75.61;76.01;73.62;75.60;75.94;74.20;74.67;75.32;76.30;74.72;72.66;74.60;74.24;75.61;74.49;77.75;77.34;76.11;74.64;71.36;72.36,HARAM,Group classification: FINANCE-INVESTMENT BANKS/BROKERS,
HLI,FINANCE,FINANCE-INVESTMENT BANKS/BROKERS,15,130.5500030517578,-0.05400253490357443,138.85;137.54;138.99;140.44;137.59;142.16;139.88;141.42;148.59;154.45;158.24;160.85;159.23;156.66;158.09;154.41;151.52;148.64;151.94;147.34;149.02;148.82;145.32;150.01;149.27;144.29;139.62;137.70;138.52;140.30;134.91;139.10;140.64;140.19;137.28;137.82;133.43;139.41;138.39;135.72;131.82;142.15;139.27;139.14;137.09;140.51;138.35;124.83;127.58;126.91;122.74;122.77;128.00;126.34;127.39;128.27;129.12;132.32;132.90;136.86;135.39;135.97;137.82;130.34;130.55,HARAM,Group classification: FINANCE-INVESTMENT BANKS/BROKERS,
MC,FINANCE,FINANCE-INVESTMENT BANKS/BROKERS,29,59.72999954223633,0.17733235384347013,52.18;52.90;53.39;54.21;53.21;55.88;55.16;56.37;61.54;63.33;65.22;66.26;67.39;65.92;68.90;65.73;63.49;62.24;62.65;63.23;63.44;63.11;61.64;65.01;65.48;66.20;68.53;66.47;67.20;70.09;68.26;68.42;65.68;66.29;64.51;63.85;64.78;67.88;69.16;64.76;62.99;69.36;66.85;67.19;64.93;67.12;64.61;66.43;68.02;66.63;63.69;66.27;68.41;66.57;66.87;68.50;67.21;68.40;66.76;69.14;68.77;64.25;62.71;58.99;59.73,HARAM,Group classification: FINANCE-INVESTMENT BANKS/BROKERS,
PJT,FINANCE,FINANCE-INVESTMENT BANKS/BROKERS,32,151.47000122070312,0.17587542664663025,131.37;130.25;133.31;136.94;136.09;139.30;139.57;141.23;149.55;155.78;162.61;159.03;156.89;153.65;155.35;151.60;154.38;151.47;152.73;152.88;154.33;156.06;153.34;155.35;152.20;155.21;155.78;154.62;157.00;161.77;153.76;156.15;154.79;154.34;152.96;151.42;150.73;162.76;168.33;158.52;156.91;168.33;166.39;166.73;163.97;168.59;164.85;168.08;171.00;172.51;169.12;170.35;174.12;169.48;170.55;176.16;174.53;182.55;179.60;185.82;182.13;171.74;160.79;152.60;151.47,HARAM,Group classification: FINANCE-INVESTMENT BANKS/BROKERS,
BLK,FINANCE,FINANCE-INVESTMENT MGMT,52,1069.780029296875,0.170130504181647,960.64;959.24;964.17;970.87;923.88;951.44;956.24;948.22;990.92;1012.72;1037.40;1040.90;1031.71;1042.22;1045.57;1028.28;1050.34;1037.71;1056.34;1069.77;1082.41;1070.34;1025.23;1052.39;1065.89;1035.31;1009.83;980.29;990.52;1006.79;1011.39;1037.55;1051.98;1046.37;977.58;959.78;956.65;990.65;1004.28;1014.47;1026.29;1087.82;1066.73;1032.94;1031.86;1056.72;1073.68;1084.82;1125.35;1123.53;1125.62;1154.98;1167.74;1148.46;1134.00;1166.62;1167.22;1158.53;1122.34;1120.40;1095.37;1062.40;1065.60;1037.24;1069.78,QUESTIONABLE,BlackRock — large fixed-income/bond fund manager,
BX,FINANCE,FINANCE-INVESTMENT MGMT,31,124.95999908447266,0.19314837547222363,109.85;111.29;107.25;106.30;106.00;112.78;110.88;110.57;114.66;119.48;127.69;126.60;126.03;119.98;118.06;117.53;123.93;121.48;121.09;120.17;118.41;116.70;113.11;117.37;116.93;114.97;115.76;109.17;114.19;119.08;119.66;123.37;123.75;122.02;111.85;114.23;116.48;121.54;119.67;120.92;120.81;125.77;125.63;122.90;123.24;131.26;128.09;126.46;137.20;133.45;141.66;146.41;143.93;140.59;141.35;143.64;143.20;142.39;136.66;137.68;133.97;125.41;128.29;123.45;124.96,QUESTIONABLE,"Blackstone — alt-asset manager, real-estate debt exposure",
KKR,FINANCE,FINANCE-INVESTMENT MGMT,26,98.80999755859375,0.15433517959000276,88.63;90.25;90.49;88.57;88.16;92.14;90.88;90.40;92.47;97.76;103.45;103.20;104.05;101.25;100.31;98.94;103.28;101.61;99.95;99.08;97.05;96.79;92.74;94.58;94.81;93.85;94.83;90.36;93.22;95.66;95.12;97.89;96.99;96.72;91.34;89.96;91.61;93.66;94.96;96.09;96.73;100.76;100.75;96.93;95.79;101.44;99.09;101.24;108.00;103.15;103.83;110.90;114.01;107.19;107.02;107.32;108.50;108.68;106.41;109.76;105.73;100.87;102.27;96.84;98.81,QUESTIONABLE,KKR — private equity with credit business,
APO,FINANCE,FINANCE-INVESTMENT MGMT,37,125.91000366210938,0.21577022761625653,107.98;110.44;109.52;108.88;107.51;110.49;106.14;104.48;106.08;109.03;119.53;123.57;126.19;123.72;122.30;121.25;129.37;129.21;126.72;129.37;130.50;134.24;130.60;130.35;129.36;126.97;127.68;123.83;127.49;132.14;133.35;135.54;138.33;134.64;122.08;117.79;117.81;118.11;118.83;119.34;118.33;121.32;119.96;117.90;118.50;123.72;119.27;125.06;132.64;127.45;131.46;138.03;140.17;133.29;129.98;132.79;133.67;135.04;131.69;134.49;131.81;127.91;128.31;124.53;125.91,QUESTIONABLE,Apollo — credit-heavy alt manager,
TROW,FINANCE,FINANCE-INVESTMENT MGMT,52,104.16000366210938,0.22260481812933253,86.27;85.00;85.87;87.43;86.33;87.98;88.01;87.08;89.95;92.11;93.80;94.65;96.76;97.10;98.93;98.06;100.94;101.61;101.10;102.24;100.54;99.56;99.28;99.50;101.33;101.06;101.43;101.51;103.45;103.37;105.67;107.28;106.79;106.66;103.91;108.92;112.29;117.09;118.68;115.61;112.25;117.12;115.91;116.16;113.54;117.75;117.41;110.38;114.37;112.22;112.37;110.05;109.20;108.96;110.81;110.92;111.17;109.87;107.64;109.52;108.08;106.23;104.50;102.40;104.16,HALAL,"T. Rowe Price — equity-fund-focused — debt ratio not verified, cross-check Musaffa/Zoya",
BEN,FINANCE,FINANCE-INVESTMENT MGMT,80,33.0099983215332,0.4019302319873379,24.02;23.29;23.32;23.31;22.20;23.39;23.17;23.54;24.79;25.41;26.37;27.00;26.97;26.55;27.30;29.16;29.54;30.16;30.22;31.24;31.72;31.51;30.48;30.55;31.36;30.90;30.63;30.07;31.02;31.48;31.49;32.19;32.96;33.59;32.15;32.88;33.27;34.11;34.36;33.68;32.83;33.63;32.63;32.63;32.29;33.22;32.39;33.86;35.77;34.00;33.52;33.59;33.86;33.99;33.97;34.62;35.01;34.65;33.10;33.55;34.65;33.66;33.47;32.72;33.01,HALAL,"Franklin Resources — debt ratio not verified, cross-check Musaffa/Zoya",
IVZ,FINANCE,FINANCE-INVESTMENT MGMT,77,30.530000686645508,0.3467110249828511,23.39;22.98;23.43;24.01;22.87;23.94;23.79;22.44;23.23;23.95;24.36;24.45;24.61;25.01;25.11;25.27;25.52;26.45;26.45;27.59;27.69;26.94;26.29;26.80;27.51;27.87;27.44;26.76;27.17;27.72;28.10;28.91;28.60;28.59;25.80;25.99;26.21;26.83;27.22;28.42;28.21;30.10;29.43;29.90;29.60;29.91;27.88;29.40;31.79;31.48;31.53;31.33;32.55;32.38;31.36;32.45;32.98;32.86;31.99;32.71;32.34;31.93;31.51;30.08;30.53,QUESTIONABLE,Group classification: FINANCE-INVESTMENT MGMT,
AB,FINANCE,FINANCE-INVESTMENT MGMT,39,36.310001373291016,-0.0043802899608235135,36.44;35.87;35.80;35.16;34.14;35.85;36.99;35.95;36.63;37.03;37.12;37.24;37.25;37.14;36.45;37.66;37.83;38.62;38.12;37.57;37.66;37.22;37.23;37.32;36.81;36.17;36.42;36.05;36.43;36.16;35.59;35.23;35.36;35.16;34.38;35.07;34.44;35.51;35.98;35.93;36.52;37.26;37.06;36.77;36.33;37.06;36.29;35.95;36.25;36.31;36.16;36.45;36.65;36.18;36.02;36.36;36.85;36.88;36.67;37.02;36.72;36.38;36.09;35.50;36.31,QUESTIONABLE,Group classification: FINANCE-INVESTMENT MGMT,
VRTS,FINANCE,FINANCE-INVESTMENT MGMT,17,125.0,0.023053483705044675,127.53;125.16;125.98;128.37;125.09;130.17;123.30;125.04;131.59;134.89;138.98;135.43;133.64;138.14;140.36;139.21;134.00;141.19;139.77;140.61;139.17;135.99;130.65;139.59;141.99;140.06;143.46;138.86;144.42;143.06;140.50;141.67;140.76;138.51;136.58;145.41;141.39;149.41;152.75;155.03;154.87;165.81;162.05;160.94;160.63;165.12;165.33;159.35;166.39;163.50;165.83;167.55;169.03;166.81;168.08;168.40;167.25;168.52;160.00;158.19;157.65;151.82;143.52;130.76;125.00,QUESTIONABLE,Group classification: FINANCE-INVESTMENT MGMT,
CG,FINANCE,FINANCE-INVESTMENT MGMT,11,40.099998474121094,-0.10860291053062932,47.18;47.04;47.00;46.34;45.02;47.70;45.88;46.33;47.48;48.49;51.31;51.92;51.34;48.33;47.04;47.12;48.73;50.55;48.31;48.75;48.46;47.33;45.20;44.81;45.33;44.77;44.78;41.94;43.17;44.82;44.23;45.91;45.37;44.25;40.77;41.11;41.81;42.53;43.70;43.87;43.83;45.78;45.74;44.29;44.09;45.95;44.38;45.69;50.28;48.53;47.46;47.93;48.93;48.37;47.99;49.14;48.99;49.09;46.54;47.75;45.95;43.07;41.82;40.01;40.10,QUESTIONABLE,Group classification: FINANCE-INVESTMENT MGMT,
OWL,FINANCE,FINANCE-INVESTMENT MGMT,21,9.84000015258789,0.17312559200672806,8.77;8.74;8.71;8.66;8.47;8.75;8.22;8.12;7.94;8.10;9.51;9.44;9.46;9.03;8.55;8.51;9.57;10.31;9.92;9.66;9.59;9.28;9.25;10.01;9.91;9.74;10.27;9.51;9.62;9.41;9.54;9.43;9.31;9.06;8.31;8.41;8.59;8.87;9.21;9.12;9.12;9.51;9.34;9.21;9.04;9.50;9.37;10.11;11.35;11.24;11.43;11.99;12.22;11.59;11.40;11.68;11.80;12.02;11.68;11.84;11.22;10.43;10.43;10.12;9.84,QUESTIONABLE,Blue Owl — direct-lending business,
ARES,FINANCE,FINANCE-INVESTMENT MGMT,26,123.80000305175781,0.25873635598284195,103.52;105.79;104.94;104.34;104.12;106.88;100.35;100.16;102.67;104.51;116.86;115.39;117.40;112.45;109.90;108.61;116.58;120.46;120.65;122.08;120.68;120.90;118.65;121.47;122.73;123.44;126.12;120.60;123.10;127.96;130.12;132.61;127.01;124.58;112.68;107.99;110.15;115.68;119.44;120.39;119.19;123.49;124.37;119.52;120.01;126.42;123.30;126.75;141.42;136.73;136.22;140.86;142.51;138.84;138.76;138.55;140.50;141.04;137.64;140.04;137.17;129.26;130.14;124.21;123.80,HARAM,Ares — credit-focused alt manager,
RKT,FINANCE,FINANCE-MORTGAGE & RELATED SVC,9,12.289999961853027,-0.13083453582399251,14.84;14.65;14.26;14.29;13.67;14.25;14.96;14.51;15.02;15.32;15.50;16.63;15.91;15.28;15.45;14.40;14.64;14.09;14.15;14.83;13.84;13.35;12.67;13.87;14.04;14.40;14.18;12.94;12.65;13.18;13.43;13.91;13.22;13.34;14.73;15.00;15.75;15.77;14.63;14.56;13.91;14.60;14.54;13.65;12.78;13.49;13.70;12.90;14.11;13.22;13.76;14.05;14.76;13.99;14.06;14.09;13.90;13.77;13.03;14.22;13.81;13.19;13.44;12.95;12.29,HARAM,Group classification: FINANCE-MORTGAGE & RELATED SVC,
UWMC,FINANCE,FINANCE-MORTGAGE & RELATED SVC,1,1.25,-0.6328536745899866,3.40;3.53;3.58;3.38;3.27;3.46;3.56;3.46;3.75;3.57;3.64;3.75;3.58;3.51;3.58;3.32;3.50;3.28;3.23;3.18;2.96;2.87;2.79;2.94;2.97;3.00;2.88;2.61;2.48;2.37;2.29;2.25;2.18;2.05;2.02;2.18;2.29;2.17;2.06;2.08;2.00;2.03;2.02;1.90;1.74;1.84;1.98;1.82;1.95;1.20;1.41;1.51;1.59;1.44;1.42;1.42;1.46;1.49;1.37;1.46;1.39;1.34;1.33;1.23;1.25,HARAM,Group classification: FINANCE-MORTGAGE & RELATED SVC,
PFSI,FINANCE,FINANCE-MORTGAGE & RELATED SVC,5,66.36000061035156,-0.2054889794379301,86.71;87.38;84.87;85.80;84.84;86.76;89.44;87.80;91.10;92.35;91.07;93.88;89.98;89.19;90.22;88.53;91.45;86.84;88.01;87.70;87.10;85.06;84.12;86.69;85.79;86.05;82.17;80.29;80.93;81.45;80.37;82.09;80.89;79.50;83.03;85.75;86.77;83.15;80.80;81.62;81.17;84.65;84.96;83.67;82.29;84.15;85.71;75.12;76.69;76.72;75.56;76.68;77.73;75.30;75.74;75.18;72.90;73.38;70.78;73.23;72.04;69.81;68.97;65.95;66.36,HARAM,Group classification: FINANCE-MORTGAGE & RELATED SVC,
COOP,FINANCE,FINANCE-MORTGAGE & RELATED SVC,,,,,HARAM,Group classification: FINANCE-MORTGAGE & RELATED SVC,
OCN,FINANCE,FINANCE-MORTGAGE & RELATED SVC,,,,,HARAM,Group classification: FINANCE-MORTGAGE & RELATED SVC,
RDN,FINANCE,FINANCE-MORTGAGE & RELATED SVC,47,35.0099983215332,0.07680452964501439,32.58;32.39;32.36;32.49;32.12;32.60;33.16;33.73;34.08;33.92;34.03;34.86;34.86;35.45;35.25;36.77;34.92;35.07;37.08;37.02;36.14;36.40;36.75;36.67;35.20;34.16;33.30;33.44;33.56;34.01;33.90;34.30;34.64;34.87;36.31;37.24;37.41;37.68;37.76;37.40;37.75;37.46;39.11;38.21;37.89;38.71;39.43;38.72;39.36;36.01;36.25;36.19;37.00;36.59;36.40;36.71;36.81;36.41;35.80;36.81;36.05;36.22;35.85;35.27;35.01,HARAM,Group classification: FINANCE-MORTGAGE & RELATED SVC,
MTG,FINANCE,FINANCE-MORTGAGE & RELATED SVC,62,29.690000534057617,0.153057643952472,25.86;25.70;25.58;25.72;25.43;25.96;26.22;26.73;27.45;27.18;26.92;27.66;27.67;28.45;28.71;28.80;25.97;25.95;26.43;25.96;25.64;25.76;25.93;26.03;25.88;25.37;24.92;24.72;25.37;25.41;25.33;25.70;26.11;26.16;26.90;27.69;28.05;28.07;28.04;28.04;28.26;27.94;29.31;28.94;28.80;29.84;30.41;29.87;30.78;30.26;30.27;30.64;31.16;31.12;30.71;31.10;31.29;30.99;30.69;31.47;30.66;30.84;30.87;29.50;29.69,HARAM,Group classification: FINANCE-MORTGAGE & RELATED SVC,
MCO,FINANCE,FINANCE-SERVICES,40,468.5899963378906,0.09462742228022303,439.05;433.85;439.09;426.13;422.93;434.29;438.81;436.04;436.25;437.64;444.81;453.31;457.53;450.32;458.67;458.05;453.73;452.51;455.05;446.38;436.35;428.00;433.57;444.43;450.15;449.50;463.22;447.44;450.40;448.99;440.89;453.10;455.26;446.39;448.84;449.06;451.96;489.48;499.43;485.99;494.67;503.40;509.78;489.74;471.24;484.94;482.22;477.37;482.65;472.13;477.13;476.83;484.96;485.79;498.77;511.35;514.55;514.95;494.71;504.30;481.25;467.36;477.93;465.30;468.59,HALAL,"Moody's — ratings/data, fee revenue — debt ratio not verified, cross-check Musaffa/Zoya",
MSCI,FINANCE,FINANCE-SERVICES,35,552.8699951171875,0.01633718050201871,556.40;552.29;547.66;527.19;519.66;535.16;540.89;543.37;541.98;548.80;556.06;564.49;593.12;593.73;586.79;593.85;584.64;576.73;584.16;580.45;566.83;559.72;575.63;580.26;586.42;624.29;641.54;611.39;613.27;605.37;592.19;608.99;594.76;578.78;575.23;552.87;558.04;600.96;605.92;601.20;618.02;619.55;626.42;559.74;550.54;569.00;580.84;570.20;569.43;565.21;561.07;561.00;569.13;562.77;568.75;571.36;564.22;570.76;563.09;574.65;551.39;547.60;553.65;540.61;552.87,HALAL,"MSCI — index/data, fee revenue — debt ratio not verified, cross-check Musaffa/Zoya",
SPGI,FINANCE,FINANCE-SERVICES,27,405.32000732421875,0.018686062838805473,407.73;401.32;403.89;384.69;382.58;400.57;406.05;405.01;399.61;405.03;405.50;416.80;418.77;413.46;411.76;407.96;401.25;399.18;403.71;396.48;382.87;379.67;386.50;391.52;388.46;393.36;404.54;389.18;400.65;401.01;390.17;400.30;394.59;384.56;379.80;385.28;384.43;438.90;442.47;431.99;436.86;443.48;449.83;430.29;419.06;438.84;418.70;411.01;411.61;404.33;410.02;409.18;417.86;417.10;431.19;434.44;436.49;442.89;440.21;450.58;429.31;410.42;418.54;406.76;405.32,HALAL,"S&P Global — data/ratings — debt ratio not verified, cross-check Musaffa/Zoya",
ICE,FINANCE,FINANCE-SERVICES,45,155.47000122070312,-0.013366334476462738,159.69;157.39;156.07;155.73;151.60;156.18;161.84;165.14;160.84;163.16;163.91;160.11;157.52;156.38;155.85;155.10;153.67;154.19;155.02;156.71;153.72;153.28;153.03;150.43;149.59;147.26;143.94;137.48;140.51;140.57;138.01;139.64;134.14;130.90;129.59;123.45;122.70;132.55;136.00;134.66;137.21;139.38;139.19;138.21;142.74;148.24;153.77;151.97;148.71;149.25;150.04;150.83;154.22;155.66;158.08;162.45;161.38;161.79;159.07;164.04;157.24;155.29;157.23;154.10;155.47,QUESTIONABLE,ICE — exchange ops with mortgage-tech (BlackKnight) exposure,
CME,FINANCE,FINANCE-SERVICES,49,276.010009765625,-0.10486999513355799,310.26;307.66;303.55;291.05;290.90;292.45;302.12;307.53;296.00;297.64;293.99;284.83;281.61;282.67;279.18;284.45;286.70;284.01;284.04;279.81;294.22;295.93;299.40;286.45;279.77;274.70;255.23;250.16;254.88;254.74;260.95;264.84;251.36;244.05;230.60;219.97;219.80;235.49;239.63;238.59;243.95;244.03;243.91;236.27;253.13;254.17;264.20;266.54;261.40;263.08;262.42;260.95;268.54;270.27;269.60;277.87;279.67;284.46;285.11;280.73;276.93;274.07;280.46;272.46;276.01,HALAL,"CME — derivatives exchange (futures themselves debated, but core is fee-based) — debt ratio not verified, cross-check Musaffa/Zoya",
NDAQ,FINANCE,FINANCE-SERVICES,53,93.54000091552734,0.10477193425726283,85.87;85.67;85.80;83.16;80.92;84.30;86.05;85.80;83.63;85.55;87.94;88.00;86.99;86.44;89.80;90.64;90.69;88.38;88.38;87.87;89.58;90.43;91.34;89.78;90.25;90.37;92.17;86.21;86.68;86.91;86.14;90.73;83.01;82.33;81.34;78.30;78.55;84.37;86.14;87.23;88.91;91.05;91.33;89.94;90.12;93.62;95.23;93.87;93.30;94.38;95.30;95.34;96.69;96.38;97.22;98.46;99.13;98.98;97.21;98.38;94.72;91.70;91.57;88.76;93.54,HALAL,"Nasdaq — exchange operator — debt ratio not verified, cross-check Musaffa/Zoya",
CBOE,FINANCE,FINANCE-SERVICES,54,272.8599853515625,-0.05418607696729427,291.47;283.03;279.26;275.69;271.67;279.71;288.54;294.20;293.39;298.84;303.51;298.48;297.80;298.66;296.99;304.12;325.37;342.31;337.01;348.78;364.92;361.26;361.21;350.23;352.77;342.57;300.16;284.31;281.13;289.79;295.08;292.10;253.98;255.27;248.90;241.54;242.00;248.30;257.92;267.11;276.36;276.34;272.65;273.64;284.07;288.07;306.96;309.37;287.62;288.37;284.23;290.17;295.32;290.18;293.30;307.24;311.33;309.59;307.62;298.50;293.33;287.49;284.50;270.43;272.86,QUESTIONABLE,Group classification: FINANCE-SERVICES,
MKTX,FINANCE,FINANCE-SERVICES,58,163.4199981689453,-0.08330189909047403,177.27;172.87;168.91;164.40;162.43;163.29;169.70;173.96;171.00;172.77;169.67;167.26;162.67;161.93;158.49;159.12;151.30;149.74;151.09;143.72;137.85;137.03;140.41;135.60;130.60;130.92;128.67;122.39;116.37;115.95;115.77;120.42;119.32;116.56;112.92;112.00;112.95;115.97;118.03;113.43;114.82;115.08;113.25;111.73;113.76;117.40;125.13;161.52;161.57;161.84;161.72;161.82;161.79;161.79;161.90;162.46;162.52;162.72;162.65;163.34;163.32;163.09;163.10;163.35;163.42,QUESTIONABLE,Group classification: FINANCE-SERVICES,
FDS,FINANCE,FINANCE-SERVICES,62,283.8299865722656,0.3921209787538025,207.20;207.05;206.68;192.21;196.63;215.13;225.72;225.64;211.69;224.47;228.77;230.73;238.26;226.12;223.39;230.32;225.62;217.53;222.06;217.31;200.14;210.75;220.02;223.08;228.94;236.85;269.83;252.49;254.66;245.15;235.75;234.97;227.44;217.80;215.64;230.87;229.22;249.15;257.33;240.99;262.12;250.25;257.12;246.02;243.04;264.90;280.98;262.21;273.46;273.55;283.05;276.95;282.43;284.34;298.93;304.16;294.34;307.82;305.44;312.96;289.00;262.93;276.93;276.41;283.83,HALAL,"FactSet — financial data subscription — debt ratio not verified, cross-check Musaffa/Zoya",
TW,FINANCE,FINANCE-SERVICES,30,103.97000122070312,-0.16210480130575233,125.83;125.67;123.83;119.63;116.26;117.34;122.87;124.48;122.08;123.73;120.38;118.02;114.25;113.31;111.14;117.80;111.38;109.91;110.15;109.64;109.57;110.64;110.54;105.41;102.00;99.38;100.06;100.30;102.40;99.55;98.87;101.60;100.64;98.07;95.93;93.40;99.53;102.66;100.13;96.99;99.55;100.55;99.77;97.16;99.72;101.88;108.04;100.37;100.35;103.19;103.57;103.78;106.15;105.33;105.96;108.24;107.37;108.73;106.71;105.34;103.00;102.47;104.20;102.37;103.97,QUESTIONABLE,Group classification: FINANCE-SERVICES,
WELL,FINANCE,REIT-HEALTHCARE,69,228.8699951171875,0.10922086809749754,211.64;204.62;193.61;195.32;194.37;196.30;200.88;200.14;204.86;205.49;209.82;209.01;204.91;206.75;208.50;210.57;215.36;212.77;211.43;213.30;219.31;212.94;217.18;215.20;217.31;209.50;196.62;198.84;206.15;205.99;209.88;212.02;205.77;210.65;220.60;226.48;226.12;235.17;236.70;231.25;233.67;232.41;242.34;245.44;246.12;247.41;240.17;233.56;230.70;235.11;234.16;230.27;235.52;235.44;237.40;240.01;241.56;238.07;240.42;241.12;237.25;235.71;234.21;234.50;228.87,QUESTIONABLE,Sector classification: FINANCE,
VTR,FINANCE,REIT-HEALTHCARE,60,86.69000244140625,0.013826876517097908,86.93;84.51;80.85;81.69;80.91;81.30;82.79;83.15;84.46;83.92;84.38;84.60;81.63;82.45;84.21;86.86;87.51;86.27;86.05;87.18;89.82;86.94;87.84;87.49;87.86;85.29;81.23;78.58;81.54;81.99;83.40;82.97;81.67;82.56;86.07;88.53;88.80;92.52;94.07;91.74;92.06;92.29;96.10;97.62;97.92;100.11;97.72;93.51;90.85;92.26;91.95;89.01;91.52;91.20;92.68;93.47;93.50;91.81;92.07;92.11;89.87;90.44;89.10;88.21;86.69,QUESTIONABLE,Sector classification: FINANCE,
OHI,FINANCE,REIT-HEALTHCARE,54,46.65999984741211,-0.0014679637843488802,46.00;45.52;43.61;43.50;43.32;42.61;43.76;44.19;44.46;44.17;45.35;45.53;44.69;45.08;45.39;45.44;45.69;45.50;45.51;46.38;47.36;46.69;48.09;47.61;47.69;46.41;44.77;43.46;43.87;45.06;44.67;44.60;44.04;44.49;46.74;47.41;47.04;48.74;48.95;48.17;47.79;47.31;49.54;49.92;50.29;50.71;50.68;49.95;48.74;48.68;47.39;45.87;46.53;46.44;46.75;46.59;46.97;45.99;46.79;47.04;47.03;46.95;47.34;46.91;46.66,QUESTIONABLE,Sector classification: FINANCE,
DOC,FINANCE,REIT-HEALTHCARE,68,20.329999923706055,0.24188559940391952,17.12;17.19;16.65;16.30;16.09;15.93;16.02;16.37;16.19;16.00;16.68;16.95;16.07;16.01;15.80;15.60;16.02;16.11;19.18;19.28;19.07;18.89;18.93;19.26;19.64;19.13;18.63;18.70;19.41;20.11;20.11;20.14;19.12;19.69;20.52;21.24;21.09;21.57;21.61;21.26;21.42;21.43;22.19;22.38;21.86;22.30;22.26;21.61;21.41;20.89;20.69;20.46;20.58;20.34;21.09;21.52;21.47;20.85;20.72;20.92;20.41;20.27;20.37;20.35;20.33,QUESTIONABLE,Sector classification: FINANCE,
HR,FINANCE,REIT-HEALTHCARE,41,18.260000228881836,0.040530082935913425,17.60;17.52;17.15;16.82;16.45;16.58;16.98;17.26;17.16;17.06;17.39;18.11;17.84;18.14;17.94;18.02;18.79;19.44;19.51;19.79;20.12;20.04;19.95;20.11;20.31;19.86;19.24;19.15;19.41;20.13;20.25;20.26;19.78;19.91;20.17;20.25;19.92;20.36;20.40;20.44;20.56;20.40;21.06;21.21;20.88;21.27;21.54;20.75;20.02;19.95;19.40;19.21;19.25;19.11;19.41;19.32;19.26;18.99;19.36;19.27;19.06;18.88;18.93;18.50;18.26,QUESTIONABLE,Sector classification: FINANCE,
MPW,FINANCE,REIT-HEALTHCARE,,,,,QUESTIONABLE,Sector classification: FINANCE,
CTRE,FINANCE,REIT-HEALTHCARE,49,37.540000915527344,-0.042893197859152576,38.91;38.46;36.69;36.83;36.38;36.30;37.95;38.20;39.04;38.48;39.35;39.12;37.99;37.61;38.39;38.57;38.81;38.96;39.12;40.16;42.03;40.74;40.85;40.61;41.56;40.84;38.96;37.66;37.60;37.34;36.40;36.68;36.03;37.13;39.02;40.44;40.35;41.76;41.80;40.86;40.33;40.10;42.88;43.40;42.35;42.96;42.34;41.94;40.84;41.13;40.42;39.16;38.77;39.30;39.76;39.65;39.94;39.03;39.93;39.61;39.32;38.82;38.11;37.98;37.54,QUESTIONABLE,Sector classification: FINANCE,
HST,FINANCE,REIT-HOTEL/RESORT,68,21.84000015258789,0.23819355848899182,17.91;18.20;18.24;18.56;17.95;18.45;18.43;18.39;19.17;19.52;19.93;20.34;20.34;20.29;20.11;20.28;20.35;20.52;20.87;20.98;20.76;20.59;20.99;21.58;22.26;22.42;22.32;22.97;23.71;23.57;23.44;23.89;23.71;24.20;23.67;24.13;23.71;23.35;23.35;23.16;23.07;23.80;23.94;24.44;23.96;24.97;25.54;25.13;24.98;23.38;22.67;22.80;22.90;22.92;23.09;23.19;22.43;22.28;21.64;21.99;22.07;22.14;22.37;21.76;21.84,QUESTIONABLE,Sector classification: FINANCE,
PK,FINANCE,REIT-HOTEL/RESORT,84,14.989999771118164,0.5330635396820411,10.07;10.09;10.02;10.17;10.01;10.35;10.22;10.09;10.99;11.00;11.14;11.21;11.02;10.88;11.04;11.14;11.15;11.17;11.00;10.84;10.62;10.57;10.81;11.26;11.79;11.96;12.68;13.29;13.81;13.91;14.11;14.15;14.25;14.32;14.09;14.53;14.25;14.42;14.16;14.14;14.18;14.55;14.88;15.06;14.59;15.03;15.32;15.06;15.00;14.35;14.51;14.85;15.13;15.37;15.82;15.86;15.93;15.83;15.22;15.08;15.11;15.32;15.32;14.88;14.99,QUESTIONABLE,Sector classification: FINANCE,
RHP,FINANCE,REIT-HOTEL/RESORT,75,121.94000244140625,0.3875719877652053,89.91;90.32;89.85;89.80;88.51;91.43;92.06;93.02;97.45;100.77;100.12;102.60;101.23;99.67;100.94;102.68;105.25;107.16;109.42;107.71;105.91;103.84;107.85;111.39;113.51;114.83;114.04;112.82;117.95;119.29;120.34;121.36;121.24;124.02;128.59;130.93;128.55;127.85;127.27;126.64;124.36;124.99;126.67;129.96;128.89;134.94;135.57;133.65;128.20;124.23;119.95;123.99;125.52;126.09;128.64;131.13;130.39;129.33;123.46;122.25;120.66;122.35;122.20;119.93;121.94,QUESTIONABLE,Sector classification: FINANCE,
APLE,FINANCE,REIT-HOTEL/RESORT,75,15.579999923706055,0.3770693469403754,11.46;11.45;11.51;11.58;11.12;11.22;11.24;11.33;12.09;12.19;12.19;12.67;12.67;12.81;13.00;13.14;13.13;13.34;13.62;13.52;13.52;13.49;13.71;14.23;14.52;14.69;14.44;14.97;15.42;15.69;15.93;15.92;16.02;16.37;16.40;16.80;16.65;16.48;16.18;16.25;16.21;16.53;16.68;16.91;16.45;16.72;16.65;16.43;16.47;15.91;15.63;15.65;15.99;15.99;16.42;16.51;16.47;16.47;15.57;15.58;15.26;15.56;15.48;15.43;15.58,QUESTIONABLE,Sector classification: FINANCE,
SHO,FINANCE,REIT-HOTEL/RESORT,63,11.039999961853027,0.25849789025132286,8.93;8.95;8.95;9.10;8.79;8.94;8.94;8.93;9.39;9.50;9.50;9.58;9.56;9.49;9.62;9.75;9.81;9.94;10.27;10.19;10.16;10.07;10.21;10.63;10.78;10.83;10.91;11.10;11.39;11.49;11.61;11.69;11.65;11.77;11.55;11.83;11.45;11.38;11.19;11.23;11.30;11.53;11.73;11.85;11.65;11.82;11.77;11.77;11.61;11.29;10.80;10.80;10.94;11.06;11.28;11.31;11.23;11.33;10.96;11.01;10.86;10.97;10.99;11.00;11.04,QUESTIONABLE,Sector classification: FINANCE,
DRH,FINANCE,REIT-HOTEL/RESORT,81,12.239999771118164,0.34447562279800037,9.35;9.34;9.30;9.40;9.16;9.30;9.34;9.34;10.01;10.14;10.22;10.48;10.23;10.07;10.15;10.17;10.39;10.56;10.58;10.52;10.39;10.22;10.43;10.70;10.98;11.09;10.91;11.18;11.52;11.61;11.75;11.85;11.78;12.16;12.10;12.38;12.18;12.08;11.75;11.85;11.88;12.31;12.55;12.97;12.67;12.91;13.14;13.24;13.30;12.64;12.13;12.23;12.36;12.49;12.77;12.74;12.62;12.70;12.00;12.06;11.97;12.18;12.32;12.27;12.24,QUESTIONABLE,Sector classification: FINANCE,
PLD,FINANCE,REIT-INDUSTRIAL/OFFICE,52,134.83999633789062,0.047425326173869076,131.21;129.12;128.35;128.40;126.96;130.19;131.76;131.22;135.95;135.09;137.67;142.92;139.79;140.20;137.92;136.73;139.29;138.16;140.15;141.91;139.87;138.42;140.30;142.46;144.73;143.45;136.93;139.69;142.37;145.30;144.98;146.27;139.83;142.70;139.76;138.87;134.40;138.33;142.48;140.25;141.04;142.29;148.61;148.76;143.98;146.10;144.32;143.47;137.95;138.04;137.67;139.62;139.92;138.92;139.57;142.23;141.47;139.59;138.58;137.26;137.39;133.35;134.13;133.74;134.84,QUESTIONABLE,Sector classification: FINANCE,
EXR,FINANCE,REIT-INDUSTRIAL/OFFICE,39,136.7100067138672,0.0005114548579110423,135.28;132.96;128.90;127.10;126.09;128.21;130.88;129.99;136.11;136.64;137.92;142.13;140.44;139.49;136.43;137.40;138.86;136.68;140.08;141.36;139.24;133.85;137.19;140.71;140.79;142.57;137.20;139.86;142.08;144.93;146.92;144.95;142.25;144.38;144.16;147.48;143.61;147.60;146.01;141.02;143.63;142.96;146.44;143.86;143.73;146.57;151.07;146.32;148.12;147.80;144.96;145.05;146.18;145.21;145.55;144.55;142.42;141.25;138.49;139.34;137.54;134.86;137.78;136.43;136.71,QUESTIONABLE,Sector classification: FINANCE,
PSA,FINANCE,REIT-INDUSTRIAL/OFFICE,44,296.30999755859375,0.025145803299687186,280.62;271.99;266.09;262.47;260.88;265.66;274.95;273.86;287.62;290.52;294.05;303.26;302.39;304.83;299.59;288.42;295.74;293.06;303.37;305.55;297.85;286.84;291.74;299.11;298.60;303.29;290.10;296.15;303.71;316.64;318.45;317.72;309.41;316.97;314.69;321.10;315.08;326.29;325.35;316.11;318.59;311.48;314.81;306.60;311.81;320.73;326.09;320.88;323.17;323.68;322.40;320.29;322.62;319.82;319.46;321.67;314.15;310.33;299.78;302.63;298.54;291.61;292.40;294.68;296.31,QUESTIONABLE,Sector classification: FINANCE,
DRE,FINANCE,REIT-INDUSTRIAL/OFFICE,,,,,QUESTIONABLE,Sector classification: FINANCE,
FR,FINANCE,REIT-INDUSTRIAL/OFFICE,56,61.79999923706055,0.045420306354210904,59.83;57.86;57.10;57.33;56.23;57.39;58.21;58.59;59.99;59.95;60.85;63.25;62.71;62.35;61.58;60.90;61.65;61.24;61.93;61.89;61.37;60.35;61.15;61.95;63.53;62.07;59.22;59.92;61.09;62.42;62.29;62.87;60.22;62.62;62.91;63.08;61.31;62.40;64.43;64.89;65.10;65.89;68.86;68.46;66.33;66.46;65.33;65.84;64.15;63.39;63.03;63.34;62.87;62.37;62.62;63.43;62.86;61.94;62.43;61.71;61.73;60.78;61.37;61.41;61.80,QUESTIONABLE,Sector classification: FINANCE,
TRNO,FINANCE,REIT-INDUSTRIAL/OFFICE,55,65.75,0.07494318743823403,62.43;60.88;60.02;60.65;60.21;60.93;61.66;62.33;64.77;65.08;65.22;66.41;65.71;65.80;65.43;64.27;64.75;64.48;66.01;65.19;65.75;64.53;64.36;65.83;66.16;66.32;62.86;63.59;63.82;66.40;66.13;66.18;63.35;64.27;64.92;65.98;64.77;67.33;68.77;68.54;70.28;71.84;75.06;74.80;72.06;72.99;71.74;71.65;70.36;68.15;68.36;68.68;68.22;68.50;68.40;68.91;67.57;66.59;66.45;65.80;66.05;65.02;65.14;65.61;65.75,QUESTIONABLE,Sector classification: FINANCE,
REXR,FINANCE,REIT-INDUSTRIAL/OFFICE,55,38.38999938964844,0.14331683292048214,33.98;33.64;33.70;32.58;31.65;32.31;32.70;32.69;33.84;34.22;35.24;36.54;36.21;35.87;35.53;35.06;35.06;35.10;35.63;35.43;35.15;34.30;34.56;35.60;36.12;35.55;34.25;33.57;33.64;34.54;34.27;34.36;32.06;32.95;33.23;33.91;33.50;34.21;34.34;34.03;34.75;35.09;37.46;37.14;35.98;38.71;38.69;37.77;37.00;36.50;36.47;36.39;36.23;37.04;37.05;37.67;37.27;37.13;37.06;37.01;37.43;37.00;38.43;38.84;38.39,QUESTIONABLE,Sector classification: FINANCE,
STAG,FINANCE,REIT-INDUSTRIAL/OFFICE,43,37.599998474121094,0.009439556300298468,37.83;36.73;36.22;35.24;35.35;35.70;36.19;36.82;37.52;37.69;38.07;39.36;38.88;38.89;39.09;37.71;38.20;37.67;38.29;38.18;37.99;37.40;37.34;37.71;38.14;37.61;36.37;36.16;36.89;37.63;37.62;38.14;36.90;38.20;38.72;39.03;38.06;39.16;39.12;38.92;39.08;39.92;41.68;41.77;40.50;40.64;38.91;38.26;37.77;36.80;36.77;36.94;36.75;36.58;36.37;37.05;37.18;37.18;37.66;37.70;37.56;36.87;36.98;37.08;37.60,QUESTIONABLE,Sector classification: FINANCE,
BXP,FINANCE,REIT-INDUSTRIAL/OFFICE,40,63.16999816894531,0.24419109271831685,52.22;52.14;51.78;51.58;50.21;51.36;51.24;51.16;51.93;53.01;55.35;57.44;57.89;56.41;57.42;57.00;58.75;57.92;58.84;58.32;57.79;57.89;58.06;59.50;59.98;60.00;58.51;60.26;61.68;65.91;65.54;65.29;62.40;64.23;63.47;66.70;66.31;69.32;68.59;66.93;67.04;68.94;69.85;68.31;67.84;69.21;72.97;70.12;70.67;68.81;67.90;67.95;68.45;66.19;67.78;69.99;70.30;69.32;67.06;68.23;65.74;63.72;64.50;64.04;63.17,QUESTIONABLE,Sector classification: FINANCE,
VNO,FINANCE,REIT-INDUSTRIAL/OFFICE,45,34.900001525878906,0.3448940462353056,26.04;26.48;26.02;25.98;24.71;25.99;25.35;26.03;26.79;27.54;28.57;29.28;29.06;28.92;29.86;29.35;30.20;30.26;32.04;31.04;30.69;30.58;30.32;31.63;32.70;33.85;33.38;34.00;35.21;38.45;38.97;38.33;36.46;37.58;37.98;39.11;39.30;40.58;39.44;38.09;38.31;39.85;40.34;39.97;39.00;39.50;40.65;39.39;40.91;38.94;38.89;39.23;39.00;37.75;38.66;38.87;38.95;38.20;36.65;36.54;35.26;34.37;35.01;34.82;34.90,QUESTIONABLE,Sector classification: FINANCE,
SLG,FINANCE,REIT-INDUSTRIAL/OFFICE,65,52.08000183105469,0.4409780419739848,37.06;38.51;37.66;36.11;34.32;36.51;35.64;37.12;37.30;38.61;41.14;42.77;43.07;41.57;41.97;41.91;42.35;43.23;44.75;43.70;42.73;41.95;40.10;42.03;43.58;44.82;44.22;43.99;47.27;50.93;50.71;50.85;48.33;48.99;49.04;51.55;51.77;53.42;50.27;48.33;48.36;50.79;51.54;50.82;53.61;53.84;53.82;52.93;55.81;54.52;55.05;56.44;56.09;56.84;58.10;58.57;58.68;57.54;54.59;54.91;52.80;51.63;51.98;51.75;52.08,QUESTIONABLE,Sector classification: FINANCE,
ARE,FINANCE,REIT-INDUSTRIAL/OFFICE,46,53.29999923706055,0.1330837062493706,48.00;48.12;46.79;45.94;44.74;45.82;42.67;43.56;43.42;43.18;46.99;48.00;47.19;45.78;44.97;40.52;40.85;43.23;44.99;45.40;46.66;44.39;45.25;47.23;47.84;49.41;48.00;50.61;50.62;52.26;52.09;51.70;48.57;50.07;50.58;54.50;52.85;52.58;49.41;48.51;48.08;48.70;50.22;50.61;50.12;51.39;53.77;51.45;48.87;48.48;48.35;48.06;48.14;45.84;52.94;54.04;52.97;51.57;51.63;52.69;50.77;49.56;51.96;53.52;53.30,QUESTIONABLE,Sector classification: FINANCE,
AGNC,FINANCE,REIT-MORTGAGE,45,9.869999885559082,0.03248985861014031,9.80;9.62;9.35;9.48;9.05;9.49;9.60;9.54;9.91;9.95;10.16;10.31;10.32;10.27;10.50;10.38;10.46;10.25;10.25;10.33;10.17;9.89;9.69;9.81;9.98;10.09;9.90;9.84;9.84;9.97;9.96;10.12;9.96;10.04;10.15;10.55;10.66;10.76;10.88;10.83;10.75;11.07;10.97;10.54;10.33;10.41;10.66;10.54;10.52;10.49;10.64;10.76;10.84;10.80;10.80;10.86;10.69;10.78;10.60;10.66;10.68;10.19;10.09;9.88;9.87,HARAM,Group classification: REIT-MORTGAGE,
NLY,FINANCE,REIT-MORTGAGE,43,21.049999237060547,0.029070265107047355,20.79;20.52;19.87;20.03;19.44;20.46;20.68;20.54;21.38;21.50;21.91;22.06;21.87;21.70;22.10;21.81;22.08;21.65;21.65;21.71;21.44;20.98;20.59;20.93;20.91;20.90;20.81;20.48;20.53;21.01;21.30;21.52;21.44;21.44;21.59;22.21;22.36;22.56;22.69;22.73;22.53;23.16;23.01;22.65;22.31;22.57;23.05;22.72;22.75;22.66;22.91;23.11;23.33;23.40;23.29;23.25;22.86;23.04;22.62;22.83;22.72;22.00;21.84;21.23;21.05,HARAM,Group classification: REIT-MORTGAGE,
STWD,FINANCE,REIT-MORTGAGE,19,14.9399995803833,-0.10056348682967808,16.81;16.70;16.43;16.52;16.10;16.73;16.73;16.77;17.24;17.32;17.64;17.63;17.72;17.63;17.81;17.54;17.78;17.74;17.54;16.74;16.63;16.56;16.35;16.85;16.88;16.61;16.32;16.45;16.57;16.67;16.46;16.34;16.19;16.17;16.14;16.34;16.38;16.48;16.62;16.45;16.46;16.66;17.00;16.60;16.33;16.58;16.52;15.98;16.26;15.93;16.65;16.46;16.30;16.24;16.41;16.29;15.91;15.81;15.53;15.88;15.88;15.62;15.44;14.98;14.94,HARAM,Group classification: REIT-MORTGAGE,
RITM,FINANCE,REIT-MORTGAGE,33,9.350000381469727,0.043664124087649414,8.87;8.56;8.59;8.76;8.66;8.99;9.13;9.25;9.65;9.82;9.91;9.89;9.90;9.85;9.85;9.40;9.53;9.44;9.53;9.44;9.00;8.89;8.76;9.01;9.02;9.01;8.86;8.78;8.89;9.09;8.99;8.94;8.95;8.90;8.99;9.13;9.14;9.09;9.22;9.21;9.07;9.23;9.32;9.15;8.98;9.23;9.99;9.88;10.25;9.94;10.11;10.23;10.36;10.20;10.16;10.25;10.08;10.08;9.89;10.05;9.95;9.66;9.77;9.48;9.35,HARAM,Group classification: REIT-MORTGAGE,
BXMT,FINANCE,REIT-MORTGAGE,7,13.270000457763672,-0.2468260514342323,18.15;18.04;17.80;18.04;17.89;18.63;18.18;18.00;18.97;19.25;19.58;19.67;19.44;19.40;19.58;18.57;18.56;18.60;18.63;17.85;17.93;17.57;17.31;17.49;17.75;17.79;17.45;17.52;17.85;17.88;17.70;17.63;17.35;17.52;17.00;16.96;16.95;17.25;17.15;16.87;16.82;17.12;17.08;16.79;16.49;16.62;16.40;14.54;14.42;13.84;14.17;14.28;14.48;14.18;14.35;14.12;13.92;13.73;13.81;14.16;13.87;13.48;13.17;13.29;13.27,HARAM,Group classification: REIT-MORTGAGE,
ABR,FINANCE,REIT-MORTGAGE,4,4.28000020980835,-0.4062659706637882,7.31;7.36;7.12;7.14;6.91;7.25;7.05;6.91;7.08;7.24;7.44;7.53;7.67;7.32;7.58;7.31;7.45;7.52;7.68;6.26;5.53;5.44;5.46;5.55;5.25;5.46;5.31;5.13;5.08;5.14;4.99;4.99;4.94;4.90;4.93;5.23;5.24;5.10;4.78;4.80;4.75;4.89;5.01;4.94;4.86;4.92;4.92;4.85;5.05;4.96;5.19;5.05;5.09;4.90;5.18;5.25;5.06;5.06;4.95;5.19;5.01;4.81;4.65;4.52;4.28,HARAM,Group classification: REIT-MORTGAGE,
PMT,FINANCE,REIT-MORTGAGE,15,8.800000190734863,-0.18678911006713073,10.90;10.81;10.55;10.62;10.41;10.84;11.12;10.95;11.16;11.49;11.67;11.63;11.41;11.49;11.64;11.54;11.86;11.67;10.66;10.37;10.11;9.89;9.90;10.12;9.97;10.13;9.96;9.64;9.79;9.72;9.51;9.75;9.67;9.56;10.06;10.36;10.85;10.40;10.19;10.11;10.18;9.83;9.90;9.80;9.58;9.62;9.69;9.43;9.53;9.34;9.38;9.48;9.45;9.43;9.39;9.29;9.23;9.34;9.24;9.63;9.61;9.17;9.05;8.88;8.80,HARAM,Group classification: REIT-MORTGAGE,
AVB,FINANCE,REIT-RESIDENTIAL/COMMERCIAL,,,,;;;;;;;;;;;;;;;;;;;;;;;;;;;;;;;;;;;;;;;;;;68.93;68.26;68.31;67.15;68.90;66.46;67.76;66.79;65.82;64.37;65.90;64.03;65.14;68.14;;;;;;;;;,QUESTIONABLE,Sector classification: FINANCE,
EQR,FINANCE,REIT-RESIDENTIAL/COMMERCIAL,,,,;;;;;;;;;;;;;;;;;;;;;;;;;;;;;;;;;;;;;;;;;;69.00;68.29;;;;;;66.70;;64.42;65.97;63.66;63.66;;;;;;;;;;,QUESTIONABLE,Sector classification: FINANCE,
ESS,FINANCE,REIT-RESIDENTIAL/COMMERCIAL,50,270.04998779296875,0.10171684974148731,246.21;241.52;237.89;237.46;234.98;239.88;245.18;246.13;247.84;246.77;249.51;252.74;250.94;252.83;254.58;262.60;261.05;264.36;265.03;266.42;269.56;264.72;270.24;271.40;274.82;274.02;274.51;275.36;282.93;282.29;278.13;278.93;272.00;273.86;279.18;292.76;291.59;298.33;298.32;291.12;297.48;292.79;292.93;294.01;293.20;290.68;296.80;284.14;287.21;285.12;283.21;281.27;287.52;283.71;287.71;293.61;288.17;284.03;279.00;278.65;277.41;271.37;275.73;271.34;270.05,QUESTIONABLE,Sector classification: FINANCE,
MAA,FINANCE,REIT-RESIDENTIAL/COMMERCIAL,22,118.93000030517578,-0.03592671867179431,125.07;121.59;119.52;118.79;117.75;119.26;121.96;121.39;122.68;122.94;122.77;126.48;124.30;124.56;123.95;128.23;127.09;128.67;128.87;128.24;127.86;124.27;127.00;128.52;129.05;129.32;126.66;131.02;135.97;137.32;136.52;135.76;131.59;130.62;132.88;139.11;137.35;140.56;140.09;134.44;134.33;131.77;132.96;132.24;132.75;133.46;137.38;132.34;133.21;133.63;132.34;132.33;133.49;130.17;132.06;133.16;131.50;129.61;129.36;128.56;127.89;124.48;125.60;121.90;118.93,QUESTIONABLE,Sector classification: FINANCE,
UDR,FINANCE,REIT-RESIDENTIAL/COMMERCIAL,27,33.900001525878906,-0.019407423705633864,34.96;34.40;33.45;33.13;32.78;32.98;33.82;33.89;34.03;33.93;34.46;34.88;34.58;34.51;34.14;35.75;35.97;36.52;36.51;36.72;37.13;36.50;36.97;37.08;37.59;37.45;36.18;37.18;38.75;38.92;38.66;38.45;37.22;37.31;37.95;39.52;39.46;40.62;40.77;39.24;39.72;39.01;39.45;39.26;39.17;38.96;39.41;37.86;38.25;37.84;37.36;36.94;37.64;36.94;37.54;38.23;37.77;36.97;36.72;36.22;35.96;35.00;35.22;34.40;33.90,QUESTIONABLE,Sector classification: FINANCE,
INVH,FINANCE,REIT-RESIDENTIAL/COMMERCIAL,38,26.90999984741211,0.10111303918371828,24.84;24.45;24.21;24.34;24.22;24.60;25.29;25.36;25.74;25.70;26.01;26.76;26.67;27.02;26.95;27.79;28.24;28.36;28.68;28.63;28.17;27.65;28.37;28.74;29.10;29.08;28.81;28.69;29.74;29.50;29.15;28.87;28.20;28.15;29.34;30.46;30.21;30.53;30.20;29.37;30.11;29.82;30.12;29.85;29.44;29.63;30.11;29.72;30.47;30.37;29.89;29.78;30.29;29.72;30.27;30.46;29.89;29.24;29.13;28.45;28.22;27.56;27.59;27.21;26.91,QUESTIONABLE,Sector classification: FINANCE,
AMH,FINANCE,REIT-RESIDENTIAL/COMMERCIAL,43,31.020000457763672,0.11599928113442415,28.01;27.57;26.98;26.98;26.92;27.35;28.49;28.69;29.02;29.15;29.55;30.07;29.89;29.99;29.69;30.68;31.30;31.63;31.76;31.40;30.80;29.99;31.07;31.46;31.39;31.34;31.63;31.59;32.60;32.79;32.33;32.28;31.50;31.31;32.42;33.73;33.17;33.72;33.65;32.60;33.45;33.16;33.71;32.97;32.76;33.10;33.36;33.07;34.17;34.19;33.77;33.48;33.72;33.32;34.01;34.45;33.80;33.19;33.07;32.37;31.96;31.23;31.30;31.38;31.02,QUESTIONABLE,Sector classification: FINANCE,
SUI,FINANCE,REIT-RESIDENTIAL/COMMERCIAL,23,113.75,-0.13836106304463436,132.83;128.76;126.71;125.34;123.31;124.80;128.06;125.77;127.49;128.32;127.47;129.26;128.03;128.40;126.46;125.39;125.38;124.11;124.91;124.63;123.13;119.30;120.81;125.12;123.72;123.85;119.24;119.42;122.55;123.58;124.69;123.26;120.77;117.20;118.82;120.13;119.91;123.63;122.29;118.74;120.80;118.39;121.46;119.04;120.00;121.44;127.94;123.48;121.67;120.32;118.57;118.34;123.29;120.17;122.29;123.43;125.24;122.92;121.44;119.85;117.65;114.93;118.04;114.89;113.75,QUESTIONABLE,Sector classification: FINANCE,
ELS,FINANCE,REIT-RESIDENTIAL/COMMERCIAL,33,60.400001525878906,-0.09475475103022513,66.64;64.10;62.05;61.99;61.57;61.88;63.44;62.93;63.52;63.75;63.82;64.84;64.45;62.93;62.23;61.68;62.28;61.96;62.74;62.84;62.53;60.58;62.35;62.52;61.92;61.70;60.25;60.95;61.89;62.81;63.39;63.67;62.28;61.47;62.75;64.23;64.45;66.25;65.38;63.35;64.98;63.78;65.75;64.90;66.03;65.05;67.65;65.07;64.91;64.66;64.58;63.97;65.61;64.49;65.44;65.74;64.65;63.74;63.16;62.61;61.83;60.30;61.58;60.88;60.40,QUESTIONABLE,Sector classification: FINANCE,
O,FINANCE,REIT-RETAIL,32,56.65999984741211,-0.09753535439457783,62.44;61.03;59.29;58.52;59.13;59.87;60.88;60.90;61.85;61.97;62.59;63.70;62.63;62.71;61.41;61.94;62.72;62.48;60.73;61.29;60.46;60.07;61.02;61.16;61.38;60.63;58.79;58.95;60.06;60.46;61.12;61.34;59.79;59.80;61.20;62.31;61.43;63.29;63.46;62.63;63.62;62.72;65.15;64.43;64.17;64.94;64.98;63.59;62.62;62.09;61.62;62.32;62.47;61.94;62.89;62.89;61.99;61.71;61.36;61.74;61.02;59.57;59.27;57.15;56.66,QUESTIONABLE,Sector classification: FINANCE,
SPG,FINANCE,REIT-RETAIL,58,205.32000732421875,0.12300850745052894,186.46;187.22;177.61;177.69;176.34;182.55;184.64;186.50;194.72;196.42;197.30;201.83;200.39;199.31;196.99;195.82;198.12;197.99;197.10;196.71;196.28;195.75;196.57;200.52;202.52;202.35;198.37;199.20;205.82;209.64;212.58;213.37;207.63;212.29;219.79;224.48;221.28;223.66;224.78;217.38;217.16;219.65;226.27;224.38;222.81;229.21;233.11;226.93;223.50;219.47;218.21;218.22;217.25;218.27;217.56;218.39;214.80;212.28;209.62;209.27;209.63;204.67;204.97;202.94;205.32,QUESTIONABLE,Sector classification: FINANCE,
REG,FINANCE,REIT-RETAIL,40,72.94999694824219,-0.02866621108791456,75.88;75.21;73.21;72.99;72.87;74.20;75.50;75.84;76.84;76.82;77.99;79.37;78.47;79.18;78.41;77.85;77.13;77.37;76.36;76.22;75.19;74.59;75.85;76.83;77.47;77.01;74.67;74.84;76.22;78.02;79.13;78.47;76.59;76.58;79.07;80.99;78.94;80.15;79.93;78.64;79.14;79.19;81.85;81.27;80.37;81.51;80.30;79.49;78.63;76.19;75.35;74.98;75.94;75.43;75.74;75.92;75.61;74.76;75.30;75.16;75.17;74.56;74.53;73.26;72.95,QUESTIONABLE,Sector classification: FINANCE,
FRT,FINANCE,REIT-RETAIL,51,110.91000366210938,0.08276771269987404,104.72;104.20;101.72;101.24;100.84;104.12;105.81;106.10;106.41;107.99;109.14;111.50;110.11;110.48;110.15;109.60;114.26;114.23;114.61;114.36;113.09;112.12;113.79;117.52;119.06;119.91;117.67;118.33;121.44;123.30;123.58;123.57;119.38;120.61;123.48;123.93;122.31;121.69;122.11;120.73;121.84;122.24;126.02;125.59;124.83;127.13;125.78;124.09;122.82;117.91;117.13;117.21;118.39;117.48;117.25;117.54;117.58;116.75;117.03;117.16;117.25;114.84;114.53;112.42;110.91,QUESTIONABLE,Sector classification: FINANCE,
KIM,FINANCE,REIT-RETAIL,42,22.530000686645508,0.005954546000358274,22.71;22.57;22.19;21.91;21.72;21.97;22.09;22.14;22.55;22.68;22.95;23.65;23.16;23.31;23.34;23.11;22.86;23.01;23.00;22.94;22.56;22.48;22.83;23.51;23.99;23.63;23.11;23.24;23.95;24.90;25.45;25.05;24.20;24.40;25.12;25.59;25.05;25.02;24.99;24.64;24.82;24.80;25.81;25.79;25.44;26.07;25.71;25.18;24.72;24.14;23.83;23.90;24.12;23.94;23.88;23.94;23.75;23.50;23.84;23.64;23.76;23.29;23.22;22.59;22.53,QUESTIONABLE,Sector classification: FINANCE,
BRX,FINANCE,REIT-RETAIL,38,28.030000686645508,-0.03492154325679031,29.14;28.90;28.25;28.12;27.80;28.21;28.61;28.93;29.28;29.34;29.82;30.62;30.41;30.26;30.20;29.54;29.48;29.82;29.79;29.55;29.05;28.95;29.57;30.56;30.84;30.47;29.77;29.89;30.67;31.52;31.86;31.71;30.64;30.87;31.63;32.13;31.22;31.20;31.35;30.94;31.37;31.36;32.57;32.69;31.97;32.35;31.66;31.51;31.18;30.15;29.81;29.73;29.98;29.62;29.48;29.58;29.38;29.17;29.26;29.27;29.15;28.79;28.57;27.98;28.03,QUESTIONABLE,Sector classification: FINANCE,
ROIC,FINANCE,REIT-RETAIL,,,,,QUESTIONABLE,Sector classification: FINANCE,
SKT,FINANCE,REIT-RETAIL,41,35.79999923706055,0.03514363006607657,34.99;34.91;33.65;33.40;33.20;33.43;34.01;34.40;35.71;35.83;35.64;36.42;36.15;36.39;36.18;36.16;36.07;35.92;36.05;35.74;35.14;35.00;34.75;35.53;35.66;36.34;35.15;35.38;36.81;39.17;39.51;40.30;38.38;39.00;40.23;40.18;39.17;39.23;39.61;39.17;39.57;39.95;41.46;41.62;40.80;41.48;41.26;40.66;40.72;39.32;38.65;38.48;38.45;38.32;38.23;38.95;38.06;37.73;38.04;37.15;37.29;36.47;36.37;35.77;35.80,QUESTIONABLE,Sector classification: FINANCE,
ADC,FINANCE,REIT-RETAIL,27,68.05000305175781,-0.12243098458295587,78.37;77.02;74.14;72.67;72.85;74.06;75.27;75.11;76.61;76.17;76.65;78.07;77.48;75.90;74.65;75.02;75.29;74.88;75.26;75.32;74.11;73.42;74.55;74.62;74.45;73.50;71.71;71.27;72.64;73.77;74.00;73.69;73.04;72.62;74.53;76.22;75.21;77.26;77.85;77.30;78.07;77.09;80.55;79.69;79.25;79.88;79.82;77.52;76.04;76.07;73.87;74.09;74.47;73.94;74.18;74.31;73.40;72.93;72.50;72.73;72.78;71.49;70.78;68.50;68.05,QUESTIONABLE,Sector classification: FINANCE,
KO,FOOD_BEVERAGE,BEVERAGES-NON-ALCOHOLIC,74,88.25,0.15528547090019162,76.63;74.62;74.19;74.32;74.78;75.11;75.78;74.98;77.22;75.47;74.38;74.81;73.78;75.34;74.51;77.90;77.61;77.51;77.46;77.69;79.27;79.83;80.91;80.17;79.47;79.42;77.67;77.79;78.50;80.34;81.51;80.43;79.46;79.06;80.12;82.14;80.79;83.64;83.55;82.14;83.75;81.96;81.08;81.48;80.69;83.57;88.55;87.07;86.05;86.33;86.35;86.20;87.19;88.29;89.96;91.44;89.55;89.13;87.48;88.28;87.84;87.31;88.82;87.87;88.25,HALAL,"Business activity permissible — debt ratio not verified, cross-check Musaffa/Zoya",
PEP,FOOD_BEVERAGE,BEVERAGES-NON-ALCOHOLIC,21,129.75,-0.17115465162170918,153.23;149.55;147.73;148.56;149.85;152.05;153.73;150.01;154.20;152.63;151.62;154.38;151.69;152.45;150.88;152.05;154.12;151.80;153.03;146.29;146.15;146.01;147.23;145.74;142.64;143.24;138.57;139.56;140.42;141.27;142.21;144.70;140.09;139.22;140.77;139.90;133.97;142.70;143.45;136.40;137.03;133.97;135.67;133.57;133.52;138.31;141.98;138.08;137.63;136.98;136.27;137.23;139.30;138.65;140.58;143.14;140.69;139.58;138.31;138.54;138.45;136.65;136.34;134.34;129.75,HALAL,"Business activity permissible — debt ratio not verified, cross-check Musaffa/Zoya",
KDP,FOOD_BEVERAGE,BEVERAGES-NON-ALCOHOLIC,54,30.959999084472656,0.14760777357903088,27.14;26.72;26.13;25.95;26.04;26.14;25.13;25.29;26.23;25.86;25.82;26.34;26.25;28.33;27.95;28.73;28.88;28.72;28.32;28.51;29.10;28.73;28.65;28.58;29.34;29.83;29.99;30.33;30.31;31.26;31.01;31.55;30.67;30.65;31.18;33.40;32.73;33.30;31.49;30.72;31.25;30.28;30.91;30.21;29.67;30.12;31.45;31.12;31.10;30.37;29.30;29.56;31.44;30.79;31.66;32.51;32.21;32.18;31.89;32.88;32.55;31.46;31.58;31.80;30.96,HALAL,"Business activity permissible — debt ratio not verified, cross-check Musaffa/Zoya",
MNST,FOOD_BEVERAGE,BEVERAGES-NON-ALCOHOLIC,66,44.709999084472656,0.15964203684549316,38.79;36.87;36.98;36.60;35.92;36.23;36.19;36.22;38.10;37.58;37.47;38.36;37.63;38.78;38.43;38.44;38.56;37.90;37.99;43.21;42.97;43.54;43.17;43.16;43.71;43.99;44.55;44.52;44.78;45.08;46.01;46.62;45.83;46.51;47.35;48.19;48.06;48.80;48.46;48.28;48.53;48.78;48.75;47.23;46.78;47.67;48.62;48.19;47.09;47.08;45.72;45.98;46.82;47.38;47.49;48.92;47.81;46.86;44.99;44.08;43.15;43.09;44.20;44.57;44.71,HALAL,"Business activity permissible — debt ratio not verified, cross-check Musaffa/Zoya",
CELH,FOOD_BEVERAGE,BEVERAGES-NON-ALCOHOLIC,6,28.020000457763672,-0.3713259894633216,43.96;42.96;39.65;35.93;33.94;35.48;34.08;34.48;36.38;33.66;35.28;35.25;32.69;33.93;33.14;32.66;33.73;33.52;34.26;30.64;27.86;30.16;29.13;29.70;29.67;33.22;30.88;30.01;28.13;28.19;28.40;28.74;30.38;29.12;28.52;29.85;29.28;33.16;31.70;30.52;29.83;30.21;28.99;28.02;27.17;28.79;28.88;29.21;29.54;23.77;27.21;27.62;29.09;29.90;32.54;35.03;35.23;32.98;30.72;31.61;29.56;26.63;28.45;28.25;28.02,HALAL,"Business activity permissible — debt ratio not verified, cross-check Musaffa/Zoya",
FIZZ,FOOD_BEVERAGE,BEVERAGES-NON-ALCOHOLIC,33,31.600000381469727,-0.021564440851647215,31.28;31.24;30.74;30.16;30.06;30.42;30.51;30.55;32.03;31.28;30.62;31.01;29.77;30.61;30.98;30.51;30.83;31.56;31.78;31.23;31.46;31.09;31.37;31.99;32.22;33.66;33.43;32.48;33.00;33.62;33.41;33.04;33.27;30.62;30.36;29.58;28.20;30.13;29.36;29.41;31.13;30.85;31.07;30.78;30.53;31.25;32.69;31.64;31.77;31.96;31.04;30.95;31.31;31.48;32.21;33.07;32.96;32.58;31.69;32.46;31.10;30.91;31.81;32.18;31.60,HALAL,"Business activity permissible — debt ratio not verified, cross-check Musaffa/Zoya",
COCO,FOOD_BEVERAGE,BEVERAGES-NON-ALCOHOLIC,31,55.81999969482422,-0.04335902048770335,58.14;53.98;55.77;53.87;46.97;47.91;48.24;49.22;48.83;48.39;49.79;48.32;47.38;47.42;51.61;66.95;66.75;67.79;68.21;72.46;74.77;78.44;76.45;78.83;76.49;77.38;75.00;75.18;74.09;74.22;78.65;82.85;83.64;82.88;82.79;73.71;66.14;66.16;65.55;71.25;74.64;74.75;73.18;75.89;69.37;67.35;67.54;65.94;64.38;64.12;62.78;66.45;65.21;63.54;65.17;63.36;62.80;61.71;58.06;55.08;53.27;51.10;55.03;56.37;55.82,HALAL,"Business activity permissible — debt ratio not verified, cross-check Musaffa/Zoya",
CAG,FOOD_BEVERAGE,FOOD-CANNED,40,15.130000114440918,-0.04395787497114989,15.61;14.85;14.91;14.77;15.06;15.16;15.16;14.94;15.00;13.99;13.59;14.33;14.15;13.90;13.62;13.72;13.90;13.84;14.20;13.77;13.93;13.28;13.77;13.23;13.00;13.23;12.96;12.44;12.86;12.99;13.30;13.46;13.01;12.70;13.46;13.92;13.31;14.18;13.87;13.22;14.17;13.93;14.12;14.68;14.21;15.07;15.32;14.51;15.00;14.85;14.77;14.96;15.62;15.52;16.27;16.67;16.19;16.09;16.11;15.62;15.26;14.70;14.79;15.18;15.13,HALAL,"Business activity permissible — debt ratio not verified, cross-check Musaffa/Zoya",
CPB,FOOD_BEVERAGE,FOOD-CANNED,17,20.690000534057617,-0.01369136736188381,20.85;20.32;20.29;20.11;21.25;21.52;21.64;20.53;20.44;19.83;20.15;20.64;20.56;20.61;20.21;20.11;20.39;20.56;20.90;20.29;20.01;19.68;19.87;19.72;19.80;20.45;20.73;20.64;21.32;21.76;22.35;21.94;20.76;20.06;21.87;22.35;21.90;23.32;22.90;21.47;22.15;21.89;22.08;22.34;21.41;22.37;22.96;21.98;22.76;22.56;22.42;22.60;23.17;22.86;23.77;24.16;23.23;23.39;23.71;22.13;21.76;20.94;21.25;21.39;20.69,HALAL,"Business activity permissible — debt ratio not verified, cross-check Musaffa/Zoya",
BGS,FOOD_BEVERAGE,FOOD-CANNED,5,2.880000114440918,-0.4156054244854229,4.75;4.66;4.61;4.81;4.90;4.70;4.86;5.00;5.36;5.29;5.40;5.30;5.21;5.15;5.28;5.18;5.41;5.34;5.29;4.97;4.29;4.07;3.95;4.15;3.99;4.04;3.90;3.93;3.81;3.77;3.95;3.88;3.81;3.69;3.88;4.04;3.98;4.08;3.95;3.87;3.89;3.76;3.71;3.65;3.51;3.58;3.73;3.53;3.56;3.42;3.40;3.58;3.62;3.45;3.33;3.49;3.53;3.52;3.49;3.36;3.30;3.22;3.16;3.14;2.88,HALAL,"Business activity permissible — debt ratio not verified, cross-check Musaffa/Zoya",
JJSF,FOOD_BEVERAGE,FOOD-CANNED,28,77.97000122070312,-0.023815063973611994,76.07;73.19;74.92;76.08;78.26;77.70;77.65;80.08;80.16;80.59;77.90;78.94;79.82;80.11;84.35;85.34;85.31;82.92;74.21;68.98;70.16;69.99;71.12;72.29;72.97;75.69;75.05;74.27;73.93;75.44;76.87;76.38;73.79;71.04;74.19;75.02;72.75;75.19;76.19;74.78;75.87;74.92;75.94;75.86;75.41;76.96;78.45;75.77;77.89;90.98;89.13;88.75;88.61;87.99;87.59;89.00;87.86;88.40;86.18;85.14;82.66;81.77;82.60;80.98;77.97,HALAL,"Business activity permissible — debt ratio not verified, cross-check Musaffa/Zoya",
HSY,FOOD_BEVERAGE,FOOD-CONFECTIONERY,24,169.7899932861328,-0.20567224762699787,214.36;207.34;211.86;213.66;210.44;204.69;203.02;203.80;207.60;194.57;188.94;189.67;185.81;189.15;183.62;186.25;179.54;182.07;184.18;186.32;192.66;185.52;191.30;188.90;189.63;195.50;184.95;181.77;183.14;174.47;179.43;179.70;173.94;169.56;181.61;177.71;174.08;180.72;174.58;170.31;173.87;168.94;170.08;169.30;170.80;178.78;182.48;173.68;177.64;181.59;181.32;182.79;184.22;183.45;188.31;189.94;185.35;179.05;176.00;175.06;173.27;174.34;173.68;170.79;169.79,HALAL,"Business activity permissible — debt ratio not verified, cross-check Musaffa/Zoya",
MDLZ,FOOD_BEVERAGE,FOOD-CONFECTIONERY,53,60.849998474121094,0.12755165586460437,56.97;55.54;55.90;56.46;57.29;57.16;57.06;57.03;58.60;57.20;56.11;56.77;55.66;57.23;56.94;60.53;60.86;60.85;60.80;60.90;61.01;59.94;60.78;60.99;60.73;61.87;60.54;60.80;61.52;62.41;62.83;60.99;60.35;59.02;61.23;60.28;57.84;60.91;60.22;58.30;59.86;58.72;61.00;59.86;60.05;60.67;64.99;62.31;62.08;62.75;61.53;62.18;63.61;62.66;64.14;64.70;63.01;62.36;61.61;61.45;61.63;62.47;62.39;62.36;60.85,HALAL,"Business activity permissible — debt ratio not verified, cross-check Musaffa/Zoya",
TR,FOOD_BEVERAGE,FOOD-CONFECTIONERY,35,37.599998474121094,-0.11084603737263077,42.17;40.95;41.18;41.62;42.26;42.62;43.62;43.27;44.70;44.07;42.33;42.74;41.82;42.51;41.56;42.16;42.40;42.15;42.64;40.68;40.47;40.42;40.76;40.44;37.31;37.77;37.36;37.57;38.30;38.52;38.65;37.77;37.09;36.20;37.94;38.04;39.55;40.78;38.45;38.03;38.02;38.72;39.08;38.87;37.92;38.58;39.57;39.02;39.61;39.75;39.55;40.53;40.92;40.51;41.67;41.44;41.31;41.27;40.31;38.80;38.65;38.36;38.85;37.96;37.60,HALAL,"Business activity permissible — debt ratio not verified, cross-check Musaffa/Zoya",
DAR,FOOD_BEVERAGE,FOOD-DAIRY PRODUCTS,92,65.36000061035156,0.19270075766989092,56.91;56.80;56.46;58.84;59.28;61.85;64.65;63.51;61.34;61.41;58.44;57.95;60.27;60.94;60.35;62.80;63.77;64.84;62.27;63.82;62.26;62.37;59.95;57.86;59.35;59.62;60.44;61.55;59.45;58.36;57.00;56.12;53.79;53.22;52.65;52.50;54.62;56.53;58.23;60.19;62.03;60.62;63.10;63.91;63.40;60.53;58.62;60.64;60.15;60.51;62.83;63.43;67.04;68.34;67.84;62.32;62.50;64.32;67.70;65.75;67.11;66.37;64.92;65.56;65.36,HALAL,"Business activity permissible — debt ratio not verified, cross-check Musaffa/Zoya",
LANC,FOOD_BEVERAGE,FOOD-DAIRY PRODUCTS,,,,,HALAL,"Business activity permissible — debt ratio not verified, cross-check Musaffa/Zoya",
BRBR,FOOD_BEVERAGE,FOOD-DAIRY PRODUCTS,3,8.979999542236328,-0.46642902062123803,18.51;17.34;16.61;15.50;15.35;16.09;16.62;15.66;15.40;15.11;15.95;16.14;16.45;16.30;16.85;17.54;17.20;10.63;10.46;9.40;9.25;9.69;8.89;9.05;8.60;8.66;9.06;8.86;8.77;8.43;8.91;8.86;9.07;10.17;11.91;11.55;12.94;13.86;13.94;12.15;12.75;12.09;12.12;12.66;12.90;13.07;13.29;12.39;12.75;12.11;11.38;10.85;10.75;10.38;10.45;10.85;10.79;10.69;10.31;10.40;9.79;9.30;9.20;9.09;8.98,HALAL,"Business activity permissible — debt ratio not verified, cross-check Musaffa/Zoya",
TSN,FOOD_BEVERAGE,FOOD-MEAT PRODUCTS,28,52.77000045776367,-0.1095564402055057,60.98;58.08;58.65;60.37;62.80;62.95;63.50;63.06;64.27;63.32;62.27;63.68;63.44;64.09;62.49;62.47;62.56;67.24;66.75;65.90;65.72;64.64;65.00;65.30;63.99;60.91;59.38;56.56;58.19;55.95;55.13;56.77;55.68;55.00;57.28;58.01;56.72;58.35;58.28;57.18;57.38;56.94;57.24;56.52;56.23;60.15;60.48;57.42;58.20;58.00;56.63;55.29;57.63;57.45;57.86;57.33;56.03;54.89;55.06;51.76;52.28;52.46;53.16;52.12;52.77,QUESTIONABLE,Group classification: FOOD-MEAT PRODUCTS,
HRL,FOOD_BEVERAGE,FOOD-MEAT PRODUCTS,19,20.829999923706055,-0.05565755767073155,22.33;21.79;21.84;22.46;22.48;22.07;21.52;20.90;20.59;20.24;20.42;20.94;21.00;21.50;21.22;20.61;21.08;20.68;20.50;19.92;19.67;19.51;20.16;20.83;20.64;23.31;23.07;22.86;23.34;23.70;24.15;24.29;24.04;23.82;25.25;26.20;24.53;24.70;24.41;24.04;24.46;25.15;25.39;25.11;25.02;26.05;25.80;25.01;25.34;25.09;24.70;24.39;24.54;24.34;24.08;24.09;23.71;21.57;21.99;21.68;21.21;20.84;20.96;20.78;20.83,QUESTIONABLE,Group classification: FOOD-MEAT PRODUCTS,
PPC,FOOD_BEVERAGE,FOOD-MEAT PRODUCTS,17,29.850000381469727,-0.1760971361130962,37.33;35.67;34.97;35.42;36.72;37.76;37.33;35.60;35.99;35.63;33.64;33.91;33.09;33.71;33.13;31.15;31.88;31.32;30.40;28.66;27.86;27.56;28.40;29.00;28.21;28.54;28.79;27.58;29.88;29.74;29.66;29.04;28.35;26.63;27.56;28.61;28.11;28.76;28.77;27.41;28.51;28.42;29.11;28.55;27.92;29.19;29.95;27.36;26.96;27.55;26.51;26.86;27.90;28.49;31.24;31.79;31.29;31.69;31.09;30.51;29.99;29.93;30.25;29.66;29.85,QUESTIONABLE,Group classification: FOOD-MEAT PRODUCTS,
SAFM,FOOD_BEVERAGE,FOOD-MEAT PRODUCTS,,,,,QUESTIONABLE,Group classification: FOOD-MEAT PRODUCTS,
MKC,FOOD_BEVERAGE,FOOD-MISC PREPARATION,20,48.720001220703125,-0.14908740630764938,56.07;53.09;52.31;51.84;52.13;49.55;47.98;50.12;50.53;53.15;52.39;53.37;51.51;51.42;49.95;50.09;49.79;48.05;47.47;46.65;45.19;45.93;46.83;46.54;46.40;46.41;46.16;45.87;46.82;48.19;48.79;47.44;46.07;45.32;47.17;50.59;49.97;52.97;52.22;51.54;53.75;50.92;51.70;52.35;50.19;50.61;51.99;50.90;52.06;52.28;53.13;52.97;54.67;55.28;55.22;56.20;55.10;55.33;54.26;52.58;51.90;51.10;50.39;50.06;48.72,HALAL,"Business activity permissible — debt ratio not verified, cross-check Musaffa/Zoya",
SJM,FOOD_BEVERAGE,FOOD-MISC PREPARATION,66,122.94999694824219,0.18287855202817482,100.57;98.39;96.40;93.47;93.32;94.50;93.55;92.25;90.61;87.73;91.61;93.57;93.81;94.25;93.41;94.85;95.02;94.74;97.44;97.22;98.84;99.61;102.08;100.96;101.37;103.31;99.68;100.33;102.58;111.35;115.75;114.86;111.91;106.19;110.59;114.57;111.46;115.20;112.19;109.84;109.50;108.01;110.97;114.68;114.64;119.93;125.18;118.15;118.06;117.70;116.97;117.69;121.39;118.50;123.05;125.87;130.90;132.34;131.42;128.51;124.66;121.07;121.30;123.56;122.95,HALAL,"Business activity permissible — debt ratio not verified, cross-check Musaffa/Zoya",
POST,FOOD_BEVERAGE,FOOD-MISC PREPARATION,10,76.56999969482422,-0.2222447733027445,96.93;97.41;97.35;97.21;95.70;98.86;100.32;100.05;102.58;99.86;99.39;101.59;106.93;104.64;103.81;102.05;103.40;103.71;102.99;100.53;104.31;101.07;97.69;97.27;95.87;96.37;89.13;91.00;90.43;91.51;93.17;92.36;88.96;86.68;90.84;89.41;88.26;92.78;88.77;84.70;86.70;85.23;86.86;88.39;90.16;91.31;97.53;91.41;90.59;90.23;76.23;80.58;80.95;79.82;78.52;82.38;81.97;85.35;83.59;84.26;82.36;80.28;79.37;78.49;76.57,HALAL,"Business activity permissible — debt ratio not verified, cross-check Musaffa/Zoya",
TWNK,FOOD_BEVERAGE,FOOD-MISC PREPARATION,,,,,HALAL,"Business activity permissible — debt ratio not verified, cross-check Musaffa/Zoya",
FLO,FOOD_BEVERAGE,FOOD-MISC PREPARATION,4,5.940000057220459,-0.29888240675400757,8.41;8.07;7.96;7.98;8.10;7.86;7.94;7.83;7.85;7.92;8.21;8.20;8.38;8.46;8.63;8.55;8.40;8.33;8.26;7.92;7.45;6.92;6.95;6.76;7.51;7.42;7.38;7.01;7.21;7.38;7.52;7.54;7.18;7.20;7.49;7.81;7.74;8.45;8.42;7.91;8.12;8.08;8.32;8.33;7.59;7.48;7.31;6.88;7.18;7.09;6.99;7.02;7.37;7.23;6.95;7.13;7.02;6.95;6.55;6.32;6.19;5.99;6.00;6.15;5.94,HALAL,"Business activity permissible — debt ratio not verified, cross-check Musaffa/Zoya",
INGR,FOOD_BEVERAGE,FOOD-MISC PREPARATION,23,97.33000183105469,-0.11955941938245807,111.31;108.49;108.70;109.03;110.33;110.87;111.78;112.35;113.93;112.60;111.72;114.25;112.22;111.91;112.03;110.74;109.47;106.20;106.43;105.28;105.07;101.73;99.47;101.27;102.41;102.32;100.87;100.03;99.11;100.76;100.03;100.63;97.98;96.57;97.26;96.66;93.89;97.62;98.57;97.49;99.34;99.17;102.56;101.80;100.25;101.45;101.74;99.46;104.63;102.93;103.48;103.75;105.20;105.45;107.02;106.13;104.74;104.62;104.23;101.68;100.70;101.13;98.63;98.48;97.33,HALAL,"Business activity permissible — debt ratio not verified, cross-check Musaffa/Zoya",
USFD,FOOD_BEVERAGE,FOOD-MISC PREPARATION,58,93.41999816894531,-0.01278663341004116,92.16;89.33;89.33;92.48;90.86;92.21;89.91;89.36;92.07;91.39;90.21;93.69;91.70;92.83;91.00;91.28;93.04;91.93;86.88;83.61;85.16;82.38;81.25;81.24;81.30;81.15;81.23;83.16;84.61;89.25;91.23;93.44;93.75;92.76;95.35;98.31;102.25;104.29;103.99;99.48;101.31;97.05;97.27;94.75;95.58;99.29;102.35;100.59;99.04;106.97;108.63;110.94;108.92;106.91;108.46;109.37;108.46;107.27;106.66;104.41;103.09;96.06;94.80;92.51;93.42,HALAL,"Business activity permissible — debt ratio not verified, cross-check Musaffa/Zoya",
GIS,FOOD_BEVERAGE,FOOD-PACKAGED,28,36.31999969482422,-0.04590284875221229,37.45;36.25;36.11;34.96;35.24;35.98;36.17;35.57;35.53;33.97;33.90;34.90;34.45;34.87;34.13;33.88;34.13;33.96;35.10;33.22;33.04;32.43;33.20;32.90;32.60;33.31;33.06;31.62;32.59;33.15;33.24;33.69;32.79;32.77;34.21;35.40;34.21;36.93;36.47;35.24;36.60;37.22;37.97;37.15;35.55;36.61;37.92;35.75;36.19;36.07;37.26;38.18;39.20;38.08;39.61;40.92;40.08;41.55;41.09;39.26;37.69;35.96;36.47;36.81;36.32,HALAL,"Business activity permissible — debt ratio not verified, cross-check Musaffa/Zoya",
K,FOOD_BEVERAGE,FOOD-PACKAGED,,,,,HALAL,"Business activity permissible — debt ratio not verified, cross-check Musaffa/Zoya",
KHC,FOOD_BEVERAGE,FOOD-PACKAGED,51,24.43000030517578,0.1191505736448415,22.13;21.04;20.50;20.79;21.31;21.74;22.03;22.41;22.50;21.67;21.28;21.72;21.25;21.24;21.19;21.67;21.74;21.79;22.85;22.49;22.41;22.16;22.51;22.76;23.06;23.66;22.84;22.00;22.22;23.06;23.84;23.61;22.83;21.68;22.58;23.33;23.25;24.97;24.90;24.29;24.83;25.05;25.47;25.38;24.96;25.81;27.19;25.44;26.22;24.57;24.54;24.14;25.11;24.43;25.17;25.27;24.40;25.30;25.46;25.02;24.90;24.39;24.27;24.73;24.43,HALAL,"Business activity permissible — debt ratio not verified, cross-check Musaffa/Zoya",
MKC,FOOD_BEVERAGE,FOOD-PACKAGED,20,48.720001220703125,-0.14908740630764938,56.07;53.09;52.31;51.84;52.13;49.55;47.98;50.12;50.53;53.15;52.39;53.37;51.51;51.42;49.95;50.09;49.79;48.05;47.47;46.65;45.19;45.93;46.83;46.54;46.40;46.41;46.16;45.87;46.82;48.19;48.79;47.44;46.07;45.32;47.17;50.59;49.97;52.97;52.22;51.54;53.75;50.92;51.70;52.35;50.19;50.61;51.99;50.90;52.06;52.28;53.13;52.97;54.67;55.28;55.22;56.20;55.10;55.33;54.26;52.58;51.90;51.10;50.39;50.06;48.72,HALAL,"Business activity permissible — debt ratio not verified, cross-check Musaffa/Zoya",
POST,FOOD_BEVERAGE,FOOD-PACKAGED,10,76.56999969482422,-0.2222447733027445,96.93;97.41;97.35;97.21;95.70;98.86;100.32;100.05;102.58;99.86;99.39;101.59;106.93;104.64;103.81;102.05;103.40;103.71;102.99;100.53;104.31;101.07;97.69;97.27;95.87;96.37;89.13;91.00;90.43;91.51;93.17;92.36;88.96;86.68;90.84;89.41;88.26;92.78;88.77;84.70;86.70;85.23;86.86;88.39;90.16;91.31;97.53;91.41;90.59;90.23;76.23;80.58;80.95;79.82;78.52;82.38;81.97;85.35;83.59;84.26;82.36;80.28;79.37;78.49;76.57,HALAL,"Business activity permissible — debt ratio not verified, cross-check Musaffa/Zoya",
BRBR,FOOD_BEVERAGE,FOOD-PACKAGED,3,8.979999542236328,-0.46642902062123803,18.51;17.34;16.61;15.50;15.35;16.09;16.62;15.66;15.40;15.11;15.95;16.14;16.45;16.30;16.85;17.54;17.20;10.63;10.46;9.40;9.25;9.69;8.89;9.05;8.60;8.66;9.06;8.86;8.77;8.43;8.91;8.86;9.07;10.17;11.91;11.55;12.94;13.86;13.94;12.15;12.75;12.09;12.12;12.66;12.90;13.07;13.29;12.39;12.75;12.11;11.38;10.85;10.75;10.38;10.45;10.85;10.79;10.69;10.31;10.40;9.79;9.30;9.20;9.09;8.98,HALAL,"Business activity permissible — debt ratio not verified, cross-check Musaffa/Zoya",
SMPL,FOOD_BEVERAGE,FOOD-PACKAGED,4,10.130000114440918,-0.29725978902196815,15.11;14.58;14.05;14.39;14.35;14.35;14.16;14.45;11.80;11.11;11.72;11.89;12.41;12.42;13.34;13.59;13.23;12.78;12.44;11.37;11.20;11.55;11.41;11.60;11.40;11.80;11.66;11.41;11.94;12.44;12.64;12.51;12.14;11.86;12.63;13.06;13.28;13.73;13.17;13.01;13.31;11.88;11.08;11.04;10.28;10.66;10.25;10.18;11.33;11.17;10.81;10.94;11.31;10.97;10.99;10.97;10.54;10.93;11.38;11.49;10.76;10.24;9.94;10.19;10.13,HALAL,"Business activity permissible — debt ratio not verified, cross-check Musaffa/Zoya",
WHR,HOUSEHOLD,HOUSEHOLD-APPLIANCES & WARES,2,31.969999313354492,-0.44390331570769404,56.86;54.24;54.43;55.22;51.92;53.92;55.47;54.53;56.88;56.03;55.75;56.83;56.91;54.20;55.77;54.64;56.57;54.19;48.21;41.08;41.77;39.99;40.76;43.21;42.66;44.07;42.44;40.71;39.47;41.44;42.41;41.86;38.64;36.57;37.86;38.98;39.42;38.10;37.12;37.86;38.85;38.58;38.24;36.44;35.69;37.63;38.45;37.50;44.62;43.00;42.17;42.85;41.37;39.27;40.47;40.13;40.14;41.15;37.94;38.49;37.61;35.89;34.00;32.42;31.97,HALAL,"Business activity permissible — debt ratio not verified, cross-check Musaffa/Zoya",
NWL,HOUSEHOLD,HOUSEHOLD-APPLIANCES & WARES,79,5.480000019073486,0.39944127768564774,3.73;3.43;3.47;3.45;3.30;3.32;3.29;3.45;3.84;3.74;3.97;4.20;4.11;4.01;4.05;3.82;4.41;4.35;4.31;3.95;3.92;3.72;3.44;3.47;3.49;3.46;3.29;3.42;3.68;4.36;4.57;4.71;4.91;4.97;5.45;5.75;6.07;5.76;5.48;5.07;5.08;5.10;5.17;5.15;4.97;5.12;5.13;5.54;6.06;5.95;5.83;6.09;6.17;5.86;5.72;6.00;5.89;6.10;5.94;6.07;6.34;5.87;5.77;5.69;5.48,HALAL,"Business activity permissible — debt ratio not verified, cross-check Musaffa/Zoya",
HELE,HOUSEHOLD,HOUSEHOLD-APPLIANCES & WARES,71,26.84000015258789,0.6296297068345966,16.07;14.98;15.11;14.99;13.88;14.42;14.60;16.12;16.98;16.87;17.45;18.86;20.27;23.82;23.39;23.82;23.93;23.90;25.81;24.32;22.40;22.61;24.36;24.79;26.66;27.12;26.66;25.57;24.34;26.97;29.04;28.79;26.47;26.00;27.92;28.38;29.07;28.14;28.04;27.43;27.74;28.05;28.10;27.28;26.84;28.27;28.15;27.63;28.24;28.82;29.21;29.88;30.22;28.74;27.53;28.58;29.14;28.62;28.51;28.18;28.07;26.50;27.52;27.22;26.84,HALAL,"Business activity permissible — debt ratio not verified, cross-check Musaffa/Zoya",
ENR,HOUSEHOLD,HOUSEHOLD-APPLIANCES & WARES,59,21.3799991607666,0.2980169283441494,16.97;16.33;16.54;16.21;16.47;15.90;15.90;16.17;17.89;18.28;18.66;19.83;19.12;19.33;18.86;17.93;19.06;17.28;17.97;17.02;16.48;16.28;15.72;17.07;17.98;18.30;18.15;18.35;19.18;19.42;19.61;19.86;19.70;20.81;22.22;22.34;21.15;21.46;20.41;19.94;20.19;20.41;19.96;19.81;20.37;20.76;21.12;20.69;21.29;21.25;21.63;22.46;22.45;22.03;20.99;21.48;21.97;22.27;20.77;20.65;21.00;20.04;20.27;20.75;21.38,HALAL,"Business activity permissible — debt ratio not verified, cross-check Musaffa/Zoya",
JCI,HOUSEHOLD,HOUSEHOLD-APPLIANCES & WARES,65,143.27999877929688,0.10724775764593653,132.19;132.88;132.90;137.10;130.93;130.59;132.60;132.78;141.46;142.43;136.83;140.48;139.33;141.34;142.98;140.96;144.68;144.42;138.87;141.39;143.40;142.69;135.05;135.10;139.83;135.77;133.54;146.55;143.25;147.34;143.61;146.06;143.62;148.21;142.81;138.40;146.11;140.76;140.62;140.53;143.93;142.76;140.46;141.71;143.29;143.39;139.42;146.66;153.62;154.55;150.70;152.79;153.64;149.68;143.16;142.99;144.33;139.59;139.25;142.23;146.37;142.81;137.76;140.47;143.28,HALAL,"Business activity permissible — debt ratio not verified, cross-check Musaffa/Zoya",
SONO,HOUSEHOLD,HOUSEHOLD-AUDIO/VIDEO,,,,,HALAL,"Business activity permissible — debt ratio not verified, cross-check Musaffa/Zoya",
GPRO,HOUSEHOLD,HOUSEHOLD-AUDIO/VIDEO,87,1.309999942779541,0.8093922433608327,0.70;0.68;0.67;0.68;0.64;0.77;0.77;0.74;0.74;0.94;1.12;1.28;1.40;1.29;1.38;1.49;1.73;1.46;1.39;1.32;1.10;1.11;1.00;0.99;1.20;1.22;1.10;1.04;0.90;0.86;0.78;0.75;0.80;0.74;0.71;0.75;0.78;0.72;0.70;0.76;0.71;0.70;0.66;0.72;0.69;0.69;0.69;0.75;0.77;0.73;0.70;0.57;0.60;0.59;0.62;0.60;0.60;0.60;1.23;1.39;1.46;1.40;1.35;1.27;1.31,HALAL,"Business activity permissible — debt ratio not verified, cross-check Musaffa/Zoya",
VZIO,HOUSEHOLD,HOUSEHOLD-AUDIO/VIDEO,,,,,HALAL,"Business activity permissible — debt ratio not verified, cross-check Musaffa/Zoya",
VOXX,HOUSEHOLD,HOUSEHOLD-AUDIO/VIDEO,,,,,HALAL,"Business activity permissible — debt ratio not verified, cross-check Musaffa/Zoya",
LZB,HOUSEHOLD,HOUSEHOLD-HOUSEWARES,16,29.84000015258789,-0.10488570163303002,32.61;32.08;32.37;32.25;31.49;31.69;31.16;31.09;32.74;33.16;33.74;35.37;35.88;35.40;35.43;34.72;34.65;34.10;35.06;34.94;33.99;33.82;33.59;36.26;36.76;37.62;36.86;36.00;36.05;37.05;38.69;37.49;39.94;39.69;41.53;40.64;39.82;39.61;38.79;39.01;38.48;39.63;39.57;38.92;38.55;40.07;40.62;39.08;41.41;40.33;41.09;40.75;41.53;40.52;33.39;31.88;32.09;32.32;31.05;31.94;31.67;30.86;30.97;30.18;29.84,HALAL,"Business activity permissible — debt ratio not verified, cross-check Musaffa/Zoya",
MHK,HOUSEHOLD,HOUSEHOLD-HOUSEWARES,62,126.08999633789062,0.22954649035214536,104.42;98.23;101.83;101.95;96.26;98.46;96.80;97.59;103.18;105.00;103.88;108.83;108.75;108.27;107.59;102.89;99.93;97.39;102.74;100.97;97.92;96.56;94.33;102.33;103.80;107.65;105.64;104.88;102.86;106.89;109.35;111.43;108.04;109.95;119.09;119.76;121.33;119.35;112.88;109.59;107.66;111.51;111.50;108.28;110.01;115.61;113.38;123.10;136.60;132.42;135.65;136.86;140.10;132.87;133.47;134.07;132.17;129.89;125.04;131.70;129.72;124.24;129.42;127.70;126.09,HALAL,"Business activity permissible — debt ratio not verified, cross-check Musaffa/Zoya",
ETD,HOUSEHOLD,HOUSEHOLD-HOUSEWARES,60,21.40999984741211,0.1542650507855785,18.71;18.57;18.88;18.81;18.56;18.64;18.64;17.78;18.59;18.62;18.66;19.01;19.10;18.82;18.93;18.60;17.43;16.97;17.12;16.44;15.97;16.11;16.30;16.86;17.10;17.99;17.64;17.57;17.67;18.44;18.92;18.34;18.01;18.23;19.39;19.26;19.10;18.54;18.29;18.26;18.92;19.57;19.47;19.53;19.23;19.89;20.17;19.15;20.42;20.10;20.10;19.86;20.07;19.65;20.15;20.45;20.73;20.62;21.04;21.87;21.71;21.85;22.20;21.62;21.41,HALAL,"Business activity permissible — debt ratio not verified, cross-check Musaffa/Zoya",
HVT,HOUSEHOLD,HOUSEHOLD-HOUSEWARES,76,27.280000686645508,0.3045617412159298,21.36;20.57;20.51;20.69;20.75;20.63;20.29;20.42;21.91;21.69;21.96;22.67;22.61;22.19;22.08;21.23;21.17;19.72;21.18;20.71;20.00;20.27;20.67;21.67;22.40;23.20;22.51;22.26;22.36;23.05;23.70;23.41;23.50;23.87;25.13;25.50;25.22;24.67;24.82;24.79;24.72;25.35;25.32;25.24;24.41;24.92;25.64;24.35;27.94;28.54;28.60;27.96;28.45;28.00;27.13;27.25;27.26;27.36;27.19;27.62;28.01;27.31;27.83;27.29;27.28,HALAL,"Business activity permissible — debt ratio not verified, cross-check Musaffa/Zoya",
FLXS,HOUSEHOLD,HOUSEHOLD-HOUSEWARES,95,79.69000244140625,0.7707889687895699,45.27;44.48;44.96;44.80;45.46;44.77;46.39;45.94;48.35;50.08;44.95;46.47;49.85;48.10;54.31;56.68;56.18;56.01;54.95;55.42;53.91;53.30;53.16;56.00;56.25;59.65;57.84;57.53;56.73;57.75;62.97;63.43;63.05;64.60;67.84;72.91;74.48;72.49;69.55;71.79;71.50;72.24;72.98;74.95;75.19;75.84;75.35;74.03;77.44;76.89;75.25;73.81;73.79;77.16;80.03;80.60;81.77;81.80;79.22;80.37;84.20;82.74;81.90;81.55;79.69,HALAL,"Business activity permissible — debt ratio not verified, cross-check Musaffa/Zoya",
UNH,INSURANCE,INSURANCE-ACC & HEALTH,64,376.8999938964844,0.35200354513073817,284.19;277.14;266.37;267.37;255.97;267.41;274.00;304.11;303.30;309.32;310.36;320.81;341.94;350.39;350.52;366.38;364.44;359.59;365.39;379.92;396.44;389.22;384.66;377.98;372.43;378.03;375.39;372.56;394.77;408.14;400.78;408.52;397.08;404.19;403.32;425.27;413.09;422.76;425.57;429.04;426.46;415.96;423.48;433.68;420.97;415.08;418.00;411.86;405.06;401.50;406.24;403.11;399.27;391.52;382.49;396.32;398.56;390.55;393.87;398.49;398.39;385.90;383.55;375.26;376.90,HARAM,Group classification: INSURANCE-ACC & HEALTH,
ELV,INSURANCE,INSURANCE-ACC & HEALTH,78,410.95001220703125,0.4210406513777045,293.27;288.71;286.82;293.61;283.99;290.30;298.22;309.22;314.22;313.42;308.58;320.35;325.36;343.39;353.15;373.48;369.56;365.98;369.80;378.56;396.30;389.39;398.90;386.56;384.60;389.46;399.29;388.00;412.05;420.88;397.45;400.15;389.57;393.11;382.34;393.47;385.05;416.08;417.03;418.57;423.33;388.64;371.49;391.73;377.67;376.72;374.35;374.21;376.36;389.70;395.98;397.41;398.59;396.54;394.56;400.89;400.80;392.72;401.29;412.98;400.20;416.54;424.24;412.56;410.95,HARAM,Group classification: INSURANCE-ACC & HEALTH,
CI,INSURANCE,INSURANCE-ACC & HEALTH,37,275.2799987792969,0.04200274767704859,260.51;261.59;258.55;267.32;259.01;263.75;266.98;271.16;275.32;272.02;265.61;275.50;273.58;276.57;279.40;289.03;279.72;272.56;280.84;285.82;297.33;282.06;288.00;278.85;277.67;281.13;271.10;267.68;287.88;293.37;293.21;292.21;283.52;280.52;277.92;281.23;274.16;286.18;285.04;290.19;302.82;296.17;279.90;288.89;284.71;289.41;294.83;277.51;272.54;273.73;276.86;275.88;281.00;276.96;272.89;278.90;279.32;277.34;281.50;284.68;275.83;280.91;290.05;280.45;275.28,HARAM,Group classification: INSURANCE-ACC & HEALTH,
HUM,INSURANCE,INSURANCE-ACC & HEALTH,91,386.2200012207031,1.3520363014379013,169.51;165.22;168.88;172.95;168.69;172.98;177.41;196.69;196.86;197.76;197.90;204.66;216.85;214.44;223.09;242.55;233.08;238.97;246.54;273.61;304.13;304.40;309.82;302.97;300.98;307.97;327.54;326.77;349.26;362.33;367.82;379.36;361.15;359.87;360.79;383.84;397.22;396.75;394.62;397.76;406.00;407.78;400.00;404.34;394.50;381.15;365.41;363.86;362.16;367.24;385.70;388.83;389.05;382.00;380.73;386.61;391.06;385.54;394.88;406.52;403.09;400.73;407.02;384.72;386.22,HARAM,Group classification: INSURANCE-ACC & HEALTH,
CNC,INSURANCE,INSURANCE-ACC & HEALTH,94,65.11000061035156,0.8899854620727747,34.94;35.57;32.81;32.73;32.00;32.74;35.11;36.31;37.55;37.47;37.60;38.17;39.14;41.09;43.50;53.98;53.34;52.98;54.98;56.36;58.81;58.27;59.15;57.77;57.21;58.91;62.00;59.55;62.33;66.21;63.54;63.40;60.64;63.68;62.97;65.73;64.19;67.86;66.12;67.60;68.29;66.61;66.44;67.59;63.74;64.08;61.82;62.22;64.07;64.20;66.57;67.07;67.47;65.22;64.14;65.65;65.47;64.75;65.23;68.02;64.58;65.40;69.41;66.01;65.11,HARAM,Group classification: INSURANCE-ACC & HEALTH,
MOH,INSURANCE,INSURANCE-ACC & HEALTH,69,200.7899932861328,0.3457774624203733,143.96;142.21;135.24;139.84;134.03;133.30;139.38;141.53;145.05;149.98;146.80;148.97;151.00;174.70;179.22;196.49;192.70;192.17;191.85;185.19;191.97;184.99;184.38;181.26;176.20;178.02;183.25;184.82;190.86;203.06;193.20;201.87;195.53;197.42;201.42;229.74;228.70;229.87;232.90;232.09;242.88;233.36;225.37;226.54;200.29;199.48;199.02;195.62;191.36;191.88;198.84;206.06;212.43;203.61;196.94;198.50;202.43;200.00;203.06;202.91;196.30;200.28;214.07;202.22;200.79,HARAM,Group classification: INSURANCE-ACC & HEALTH,
AET,INSURANCE,INSURANCE-ACC & HEALTH,,,,,HARAM,Group classification: INSURANCE-ACC & HEALTH,
MMC,INSURANCE,INSURANCE-BROKERS,,,,,HARAM,Group classification: INSURANCE-BROKERS,
AON,INSURANCE,INSURANCE-BROKERS,18,295.6400146484375,-0.07564910448703965,319.61;315.44;324.37;319.88;312.12;321.20;321.56;320.89;323.81;323.81;326.47;330.17;333.68;321.97;322.19;320.91;310.80;313.83;312.88;311.36;310.19;316.50;322.92;323.48;318.56;317.58;319.68;314.88;327.78;330.84;334.41;328.76;325.95;312.92;324.74;327.94;330.94;356.65;359.00;354.75;366.51;354.34;366.37;358.58;354.97;366.33;376.30;359.73;356.65;360.75;356.97;352.36;355.83;343.20;351.93;359.10;353.98;355.40;326.30;327.00;315.79;307.77;311.54;300.57;295.64,HARAM,Group classification: INSURANCE-BROKERS,
WTW,INSURANCE,INSURANCE-BROKERS,57,309.9800109863281,0.07806386260795839,287.85;285.23;291.40;287.50;280.22;289.65;287.59;284.21;286.82;286.90;291.09;296.56;296.76;289.84;288.29;289.06;255.41;258.53;257.13;248.81;241.24;247.48;253.28;257.29;255.42;251.10;256.11;250.07;262.58;260.21;259.84;256.91;259.09;252.05;260.55;264.47;261.37;286.22;293.90;289.13;295.55;285.12;293.43;288.82;288.37;302.64;315.93;335.92;339.63;340.01;343.01;340.29;331.59;327.90;341.15;350.75;343.12;343.75;334.47;342.06;325.34;315.41;323.71;312.91;309.98,HARAM,Group classification: INSURANCE-BROKERS,
AJG,INSURANCE,INSURANCE-BROKERS,50,239.47999572753906,0.1586548921298665,207.91;208.43;215.45;212.28;205.86;215.29;216.31;216.27;217.09;221.17;221.84;220.29;223.12;218.06;213.78;210.54;206.87;204.57;200.73;197.38;190.85;198.76;202.23;206.17;202.74;201.44;204.87;201.29;215.56;216.47;220.31;215.17;215.51;208.52;220.17;225.41;228.96;251.77;253.99;253.08;260.53;247.11;253.22;247.56;241.56;252.68;268.19;248.76;247.40;251.07;251.76;254.78;250.54;247.70;258.92;271.27;264.32;266.85;261.30;265.95;251.45;243.31;253.30;243.78;239.48,HARAM,Group classification: INSURANCE-BROKERS,
BRO,INSURANCE,INSURANCE-BROKERS,27,65.0199966430664,-0.04246175937224028,67.97;66.21;66.37;63.95;63.10;64.87;65.61;66.02;66.78;67.11;67.05;67.37;68.59;67.20;65.77;61.32;57.33;57.21;57.75;55.22;54.25;56.15;57.96;58.38;56.86;56.71;56.85;55.01;58.72;58.97;59.81;59.14;58.90;58.11;61.66;64.07;64.00;69.84;69.11;67.68;69.05;66.71;69.19;66.49;65.59;69.54;74.70;70.24;71.01;71.02;71.43;71.06;70.54;69.37;72.08;74.62;72.78;73.31;72.05;72.56;68.18;66.33;68.33;65.88;65.02,HARAM,Group classification: INSURANCE-BROKERS,
RYAN,INSURANCE,INSURANCE-BROKERS,36,40.27000045776367,0.12112287956265266,35.72;34.50;34.34;33.26;31.51;33.50;33.27;33.40;34.64;35.59;36.13;37.18;37.97;35.14;34.49;35.01;30.61;30.33;31.48;31.06;30.18;31.71;33.67;33.21;32.23;31.69;33.01;30.77;32.46;33.24;34.38;35.23;35.17;33.16;35.17;38.76;37.64;41.90;41.45;40.49;41.63;40.54;41.84;40.76;39.86;43.06;46.34;44.02;44.46;44.33;42.32;42.87;41.82;41.24;43.04;44.34;43.26;43.87;42.32;42.34;40.87;38.67;39.69;40.29;40.27,HARAM,Group classification: INSURANCE-BROKERS,
GSHD,INSURANCE,INSURANCE-BROKERS,,,,,HARAM,Group classification: INSURANCE-BROKERS,
ERIE,INSURANCE,INSURANCE-BROKERS,28,239.0500030517578,-0.02065978769725807,244.26;238.18;243.07;233.40;238.12;248.44;246.66;247.13;255.79;259.80;243.14;243.42;252.41;247.48;229.90;218.48;213.74;219.98;215.52;215.85;211.45;211.84;221.88;223.45;221.80;216.95;210.41;206.06;225.93;227.32;224.72;222.77;220.38;210.45;228.22;237.35;238.39;257.77;256.37;247.81;247.17;210.19;227.31;215.82;214.52;228.26;248.55;242.04;244.53;254.06;252.35;258.17;255.99;256.95;262.29;268.64;257.27;260.40;256.09;258.37;243.35;240.40;253.88;245.58;239.05,HARAM,Group classification: INSURANCE-BROKERS,
BRK-B,INSURANCE,INSURANCE-DIVERSIFIED,47,509.7699890136719,0.040283228136132276,492.58;481.48;479.98;476.19;468.49;479.20;477.35;478.08;485.20;480.19;474.09;474.58;468.50;470.55;472.81;475.38;473.01;465.52;475.08;479.55;485.52;482.70;480.46;479.98;483.62;477.42;470.29;475.37;488.13;487.77;485.79;495.52;491.28;488.69;494.81;498.66;500.39;507.78;504.00;495.45;496.85;488.35;490.91;489.65;490.85;497.18;509.16;511.54;517.22;524.61;529.42;510.00;504.03;502.96;496.86;504.32;504.91;505.00;502.33;508.13;505.83;507.00;514.95;519.80;509.77,QUESTIONABLE,Berkshire — large insurance subsidiaries; scholar-disputed,
BRK-A,INSURANCE,INSURANCE-DIVERSIFIED,47,763600.0,0.03913918559031293,738390.00;722778.00;720000.00;714977.00;703700.00;718140.00;716300.00;716880.00;727881.00;720750.00;711235.00;711559.00;703700.00;706165.00;708600.00;713000.00;710300.00;699965.00;716250.00;721000.00;727500.00;723821.00;720600.00;718387.00;724500.00;715660.00;705161.00;713692.00;733550.00;729862.00;726581.00;742046.00;737300.00;734400.00;742900.00;745140.00;748850.00;761580.00;756000.00;741030.00;744850.00;733180.00;736000.00;733526.00;736632.00;745840.00;763167.00;766600.00;774300.00;786000.00;793815.00;764000.00;755570.00;753600.00;744600.00;755631.00;756928.00;757985.00;752091.00;763022.00;757791.00;761245.00;771770.00;780297.00;763600.00,QUESTIONABLE,Berkshire — large insurance subsidiaries; scholar-disputed,
AIG,INSURANCE,INSURANCE-DIVERSIFIED,40,75.33000183105469,0.0005625194629605978,75.63;72.92;74.10;74.48;71.99;74.26;74.43;75.17;76.70;76.81;76.08;77.65;76.91;75.33;73.16;72.82;77.74;77.44;75.43;75.06;74.78;75.11;76.51;77.59;76.18;73.42;72.48;71.60;74.50;72.95;74.33;74.39;74.28;75.87;75.64;75.07;74.04;78.87;80.53;78.59;79.37;76.27;79.97;79.71;77.65;78.64;79.67;78.06;78.80;79.44;77.10;75.64;76.14;75.62;75.25;76.87;76.46;76.42;75.38;76.35;74.19;74.54;75.79;76.07;75.33,HARAM,Group classification: INSURANCE-DIVERSIFIED,
HIG,INSURANCE,INSURANCE-DIVERSIFIED,44,131.88999938964844,0.0012541823453939838,134.10;130.17;134.20;132.88;131.12;134.00;134.96;134.53;139.13;137.81;137.49;138.57;137.89;138.34;135.47;135.40;134.58;132.93;131.47;130.91;131.43;132.71;133.80;134.79;134.13;127.80;126.02;125.39;131.56;128.41;127.84;129.25;129.07;128.93;131.74;133.31;131.94;137.25;139.03;137.92;140.17;133.91;139.65;141.36;141.56;139.53;145.04;141.29;141.43;143.88;140.53;136.84;137.42;138.35;136.52;138.37;139.25;137.94;137.13;140.00;135.66;136.80;137.59;134.94;131.89,HARAM,Group classification: INSURANCE-DIVERSIFIED,
CB,INSURANCE,INSURANCE-DIVERSIFIED,61,340.6400146484375,0.04184296974134738,328.85;321.66;324.37;321.23;317.14;323.94;326.32;325.40;330.90;327.96;325.27;328.81;327.28;330.85;322.62;323.76;324.23;320.60;319.32;318.30;314.08;322.17;328.11;328.24;323.46;314.29;307.89;310.84;324.28;323.14;325.93;325.97;326.97;324.22;334.14;340.41;339.71;360.08;358.22;346.75;353.67;336.42;351.10;353.73;352.19;357.83;360.81;349.62;347.25;352.96;347.25;342.30;342.61;344.25;341.84;344.79;342.73;338.90;337.72;347.20;335.63;337.65;341.85;341.53;340.64,HARAM,Group classification: INSURANCE-DIVERSIFIED,
ACGL,INSURANCE,INSURANCE-DIVERSIFIED,53,96.88999938964844,0.0365892599152744,94.40;92.17;93.66;93.32;93.42;95.99;96.74;96.92;98.84;97.10;97.47;97.59;98.85;98.07;96.35;92.72;93.82;94.14;94.52;93.83;93.32;93.98;96.39;96.13;95.37;90.67;88.74;87.89;91.19;90.41;91.13;91.50;92.37;92.04;94.92;97.54;97.06;102.20;102.85;101.70;103.06;98.54;101.35;100.55;100.10;103.88;104.55;100.53;99.52;99.29;98.25;97.29;98.71;98.91;99.31;101.14;100.72;98.84;98.61;99.83;95.71;96.20;97.95;96.97;96.89,HARAM,Group classification: INSURANCE-DIVERSIFIED,
EG,INSURANCE,INSURANCE-DIVERSIFIED,68,374.8500061035156,0.18349133984783816,318.85;312.38;320.63;320.26;314.33;323.15;323.39;323.67;331.81;329.65;341.70;347.51;345.86;346.84;339.63;340.11;349.57;345.72;347.75;346.81;344.03;347.69;352.99;352.41;348.22;329.46;321.16;314.52;330.62;328.09;332.44;336.77;335.69;337.47;343.87;353.60;355.30;369.34;371.20;368.99;375.85;362.16;380.50;375.05;373.53;387.23;391.76;372.13;367.21;368.35;367.90;361.70;368.11;365.39;366.37;374.75;377.73;375.57;376.56;384.16;367.83;371.03;379.54;377.77;374.85,HARAM,Group classification: INSURANCE-DIVERSIFIED,
RE,INSURANCE,INSURANCE-DIVERSIFIED,,,,,HARAM,Group classification: INSURANCE-DIVERSIFIED,
MET,INSURANCE,INSURANCE-LIFE,79,97.04000091552734,0.4475416358533242,68.35;67.67;68.23;69.42;66.77;69.75;69.75;70.22;73.63;74.33;76.46;77.01;76.42;75.02;76.60;77.88;79.13;78.80;77.74;76.91;77.60;79.29;80.57;83.78;82.76;81.46;81.34;80.46;83.97;85.04;87.04;87.12;85.32;87.02;84.08;85.42;84.09;89.51;91.11;90.59;92.46;91.63;93.42;92.80;91.97;94.60;96.42;95.54;96.13;99.95;97.03;96.66;97.66;96.73;93.46;96.21;96.52;96.51;94.42;99.23;95.50;96.78;97.75;97.23;97.04,HARAM,Group classification: INSURANCE-LIFE,
PRU,INSURANCE,INSURANCE-LIFE,69,118.4000015258789,0.31955658807051823,92.16;90.22;91.96;92.91;90.99;95.28;95.17;94.99;94.70;96.05;96.96;99.14;94.07;92.02;93.23;94.04;96.18;97.79;96.98;98.62;99.85;99.41;98.66;101.66;101.45;99.46;99.34;99.64;103.43;102.52;105.29;107.45;105.79;107.02;105.05;107.01;106.70;111.66;114.15;113.69;114.84;113.73;117.71;117.24;116.50;120.50;121.23;120.69;122.13;120.11;120.72;121.34;123.70;123.12;119.21;121.27;120.24;119.79;117.14;123.20;119.38;118.48;119.50;117.04;118.40,HARAM,Group classification: INSURANCE-LIFE,
AFL,INSURANCE,INSURANCE-LIFE,54,116.33000183105469,0.0810532231823562,108.41;106.08;105.57;106.12;105.33;108.60;109.36;109.40;111.92;111.00;111.83;113.36;114.79;113.95;113.52;115.03;111.74;113.30;112.45;114.31;114.31;115.63;117.21;117.22;116.23;112.07;111.55;113.93;117.65;115.03;115.87;116.37;115.66;115.97;117.16;119.55;116.66;120.27;120.88;121.38;122.68;120.40;124.10;122.97;123.72;125.93;128.03;126.84;124.52;126.03;121.33;120.13;120.84;121.12;116.17;118.20;117.45;116.52;116.02;118.36;115.16;114.47;117.01;116.81;116.33,HARAM,Group classification: INSURANCE-LIFE,
LNC,INSURANCE,INSURANCE-LIFE,64,42.20000076293945,0.3260977295001948,33.71;32.79;33.86;35.06;33.35;34.64;34.04;34.09;34.05;34.51;35.60;36.47;36.27;36.04;37.14;36.56;37.10;37.11;35.53;34.37;33.68;33.98;33.93;35.57;35.37;34.69;34.24;33.15;34.34;34.98;36.18;37.14;36.96;37.25;35.82;36.30;34.95;36.58;38.74;39.05;40.85;40.96;42.24;41.82;40.83;41.20;41.43;45.61;47.00;46.67;45.68;44.10;45.46;45.08;41.98;42.38;43.32;43.29;42.77;45.66;43.32;43.56;44.04;42.45;42.20,HARAM,Group classification: INSURANCE-LIFE,
PFG,INSURANCE,INSURANCE-LIFE,82,117.66999816894531,0.39240920931121925,86.38;84.58;85.22;87.35;85.67;88.72;88.71;89.66;90.90;92.11;93.22;94.69;94.26;95.51;98.20;98.10;99.53;99.32;98.49;98.65;98.87;98.98;99.58;102.32;103.10;101.73;102.12;100.43;104.43;105.86;108.86;109.76;109.39;110.39;105.89;106.94;106.97;110.03;112.03;110.83;112.75;112.11;113.09;108.74;106.51;110.45;112.33;112.84;114.38;114.54;112.95;112.91;113.12;112.29;109.71;111.05;111.36;110.57;108.53;118.51;115.04;114.96;116.90;116.64;117.67,HARAM,Group classification: INSURANCE-LIFE,
GL,INSURANCE,INSURANCE-LIFE,71,173.4199981689453,0.25774138358432275,139.12;137.14;136.81;136.94;134.55;138.59;142.34;143.48;147.12;147.28;148.81;151.58;150.64;153.69;151.79;152.26;152.44;153.86;152.17;153.58;152.71;154.76;149.60;156.31;156.46;153.51;151.84;150.92;158.89;159.04;164.80;167.08;170.94;171.74;175.32;178.98;178.35;180.16;176.67;178.86;178.62;181.51;184.76;184.34;171.08;174.37;179.68;182.25;183.90;186.02;183.26;177.91;181.00;178.08;170.49;173.13;175.55;172.79;172.30;176.52;170.68;170.80;172.92;172.98;173.42,HARAM,Group classification: INSURANCE-LIFE,
AEL,INSURANCE,INSURANCE-LIFE,,,,,HARAM,Group classification: INSURANCE-LIFE,
EQH,INSURANCE,INSURANCE-LIFE,77,53.95000076293945,0.4693334017646127,38.03;36.74;37.57;37.67;34.86;36.61;37.28;37.24;37.96;37.70;41.43;41.17;40.45;41.04;40.99;40.91;41.60;43.45;42.27;40.44;40.63;42.00;40.70;41.95;41.68;40.53;40.27;39.60;40.54;41.67;43.34;44.92;45.21;44.70;43.04;43.72;43.60;45.32;46.68;46.40;47.50;49.15;48.68;48.14;47.14;48.28;48.05;47.35;48.25;52.17;52.67;51.87;53.09;50.84;48.75;49.03;49.87;50.20;49.36;53.54;52.04;52.60;53.67;53.88;53.95,HARAM,Group classification: INSURANCE-LIFE,
TRV,INSURANCE,INSURANCE-PROP/CAS/TITLE,82,374.6199951171875,0.24788369897489027,304.02;294.60;293.29;288.39;283.11;289.48;291.77;292.82;300.94;299.03;297.07;298.54;299.14;305.01;301.44;299.97;302.42;299.07;296.68;294.88;292.79;297.49;303.21;304.91;302.54;292.09;286.75;287.76;300.96;297.98;302.86;305.43;305.03;309.55;319.65;326.25;329.00;341.14;342.56;336.33;340.35;328.07;367.72;368.37;375.09;389.02;387.68;373.08;375.86;384.68;374.34;368.90;369.10;366.68;363.25;369.29;369.89;368.64;362.68;373.06;364.41;367.56;378.05;378.92;374.62,HARAM,Group classification: INSURANCE-PROP/CAS/TITLE,
ALL,INSURANCE,INSURANCE-PROP/CAS/TITLE,75,249.8300018310547,0.2232205006737744,205.33;202.16;205.81;202.79;200.81;205.40;205.09;208.56;212.51;213.08;216.19;214.14;214.31;214.53;212.19;210.34;214.56;216.46;211.67;211.80;213.52;215.33;222.48;212.43;210.83;205.34;206.35;208.47;220.09;216.28;218.66;220.89;220.74;221.64;232.57;238.62;236.95;249.29;250.42;247.61;255.39;238.49;248.86;250.70;253.47;260.19;273.25;262.99;261.47;273.97;268.55;254.78;260.33;260.07;253.49;259.11;260.72;259.50;257.87;263.11;253.46;251.79;258.48;254.85;249.83,HARAM,Group classification: INSURANCE-PROP/CAS/TITLE,
PGR,INSURANCE,INSURANCE-PROP/CAS/TITLE,44,213.47999572753906,0.041503667581769266,203.59;202.49;204.90;202.65;198.65;198.05;195.16;196.76;199.79;199.48;201.14;202.49;207.41;205.24;201.89;200.57;199.22;197.65;195.66;196.82;195.87;199.64;202.78;198.88;198.69;194.42;192.58;193.37;203.93;200.04;202.17;203.41;204.33;207.29;220.40;224.24;218.35;232.22;234.40;229.52;234.48;205.22;207.95;205.90;207.07;215.76;219.99;211.42;210.75;215.34;213.95;207.37;209.60;207.23;220.34;223.92;222.51;218.64;220.54;223.87;214.90;216.19;221.02;216.99;213.48,HARAM,Group classification: INSURANCE-PROP/CAS/TITLE,
CINF,INSURANCE,INSURANCE-PROP/CAS/TITLE,51,169.0,0.043396407363437195,162.91;156.08;158.38;154.60;152.84;156.49;157.55;159.31;163.06;162.79;162.11;165.91;165.55;167.26;164.74;162.33;161.17;159.48;161.17;162.44;162.37;165.51;166.94;167.45;166.13;159.13;155.98;157.16;164.39;162.94;167.38;168.42;170.54;171.52;178.45;184.08;185.14;192.03;189.06;175.43;182.67;172.43;180.79;180.51;179.38;184.23;181.33;177.68;179.42;179.04;173.86;172.47;173.17;171.35;168.19;171.21;172.38;171.97;170.39;174.72;169.14;169.59;172.02;170.77;169.00,HARAM,Group classification: INSURANCE-PROP/CAS/TITLE,
WRB,INSURANCE,INSURANCE-PROP/CAS/TITLE,49,69.98999786376953,0.027066705329283458,68.23;65.63;64.96;63.91;64.16;65.69;65.40;66.08;66.61;66.36;65.51;66.23;64.82;67.84;65.61;66.35;65.79;65.90;65.94;65.82;64.85;65.86;67.91;66.87;66.73;63.73;63.77;64.71;67.96;66.62;66.94;67.42;67.48;66.54;70.05;71.27;70.53;72.08;71.54;71.82;73.84;69.88;71.61;72.16;73.43;75.70;75.65;72.54;71.39;72.13;70.82;69.73;70.51;70.17;69.18;69.70;68.67;68.44;67.72;69.50;69.77;70.05;70.87;69.95;69.99,HARAM,Group classification: INSURANCE-PROP/CAS/TITLE,
MKL,INSURANCE,INSURANCE-PROP/CAS/TITLE,25,1776.3299560546875,-0.08567623237429955,1966.73;1881.52;1889.16;1892.82;1867.29;1914.07;1898.98;1905.57;1956.63;1949.37;1983.23;1988.36;1965.84;1929.91;1895.74;1759.21;1779.36;1764.81;1799.97;1838.77;1820.58;1844.00;1860.47;1853.45;1858.44;1846.37;1789.67;1777.63;1818.67;1815.35;1830.00;1854.05;1868.43;1858.91;1900.36;1920.06;1953.01;1979.65;1969.34;1949.44;1962.27;1922.77;1972.43;1962.93;1961.57;2014.95;2015.00;1882.34;1887.65;1871.33;1840.08;1842.46;1847.24;1815.09;1788.29;1817.30;1815.57;1818.69;1797.28;1842.98;1785.71;1781.71;1798.46;1787.65;1776.33,HARAM,Group classification: INSURANCE-PROP/CAS/TITLE,
RLI,INSURANCE,INSURANCE-PROP/CAS/TITLE,49,59.38999938964844,0.005808841476138582,58.46;55.48;55.06;54.41;53.79;54.47;55.52;55.18;56.05;56.12;55.72;56.36;55.77;52.47;49.13;48.85;49.18;47.84;47.39;46.16;45.62;48.53;49.79;50.62;49.96;49.18;50.49;49.94;52.23;52.10;53.98;53.44;52.60;52.59;54.60;57.40;58.90;62.35;61.95;59.97;61.29;57.89;61.40;60.03;60.99;63.87;65.47;61.07;61.65;64.20;63.40;62.75;63.59;64.10;64.92;66.43;64.68;64.13;63.35;64.04;61.14;60.44;61.34;60.54;59.39,HARAM,Group classification: INSURANCE-PROP/CAS/TITLE,
FNF,INSURANCE,INSURANCE-PROP/CAS/TITLE,17,42.5,-0.07587605442393552,47.51;43.87;43.46;43.78;44.65;45.33;44.66;45.52;46.73;46.03;47.33;48.58;49.53;50.37;50.70;51.12;50.46;50.02;49.13;47.20;46.40;46.85;47.76;48.24;47.34;46.48;45.37;44.39;46.33;46.61;46.53;46.97;46.29;46.38;45.79;46.15;46.60;48.26;48.73;48.57;49.44;49.53;51.28;50.17;48.03;51.40;52.81;50.97;50.90;51.91;47.42;47.10;48.88;47.89;46.87;46.86;46.91;46.98;45.49;46.72;44.12;43.43;43.76;43.02;42.50,HARAM,Group classification: INSURANCE-PROP/CAS/TITLE,
FAF,INSURANCE,INSURANCE-PROP/CAS/TITLE,55,69.58999633789062,0.06862337460888623,66.02;57.76;57.58;57.88;57.99;59.80;57.75;60.34;63.46;62.38;63.27;65.46;66.35;68.28;68.85;70.54;67.96;67.82;69.25;67.89;66.31;66.56;66.88;67.28;67.59;66.00;64.27;64.05;66.47;66.42;64.84;66.32;67.78;68.28;67.25;67.06;68.59;69.48;71.05;70.26;70.06;69.57;73.03;71.65;68.96;76.28;78.17;74.99;76.05;75.15;72.21;72.30;73.86;72.45;71.99;72.26;73.63;74.47;73.59;76.51;71.38;71.18;73.15;71.11;69.59,HARAM,Group classification: INSURANCE-PROP/CAS/TITLE,
STC,INSURANCE,INSURANCE-PROP/CAS/TITLE,29,63.15999984741211,0.0020978245593819,63.99;59.33;58.21;57.67;58.10;60.58;59.57;61.16;64.19;63.80;64.23;66.43;66.16;69.79;70.69;68.87;67.98;67.50;68.69;67.00;65.42;65.71;65.89;66.96;66.92;65.04;62.89;61.61;64.76;65.04;63.75;65.05;64.96;65.64;67.50;68.12;65.48;67.40;67.79;67.40;68.85;68.07;71.41;69.55;63.72;65.80;69.66;67.04;68.09;67.86;65.16;65.06;67.64;67.45;68.39;69.36;69.33;69.34;68.05;69.06;66.49;66.01;66.47;65.57;63.16,HARAM,Group classification: INSURANCE-PROP/CAS/TITLE,
ORI,INSURANCE,INSURANCE-PROP/CAS/TITLE,47,39.95000076293945,0.012260032150204214,39.55;37.27;37.66;38.74;38.80;39.27;39.75;39.85;40.93;40.83;40.58;41.89;42.15;39.27;39.59;39.07;38.64;38.63;38.86;38.60;38.19;38.70;38.95;39.02;38.79;37.15;36.08;36.45;37.88;37.60;37.93;38.27;38.44;38.79;40.00;40.92;40.62;41.56;41.54;41.01;41.73;40.01;41.93;41.65;41.01;42.75;44.26;42.89;43.10;43.13;42.16;42.16;42.53;42.06;41.49;41.66;42.14;41.76;41.41;42.26;40.77;40.84;41.33;40.90;39.95,HARAM,Group classification: INSURANCE-PROP/CAS/TITLE,
AFG,INSURANCE,INSURANCE-PROP/CAS/TITLE,58,142.30999755859375,0.12557183418937123,126.92;122.86;125.67;125.21;124.15;126.06;128.03;128.95;130.74;130.47;129.78;130.64;129.86;131.41;128.74;128.61;130.82;130.81;130.88;131.15;131.54;133.46;135.46;136.38;134.88;131.18;127.47;128.07;131.63;130.46;131.57;132.97;132.52;133.48;137.37;138.31;139.07;141.86;141.91;141.40;142.46;137.88;141.89;141.45;141.16;143.88;143.51;141.72;140.60;146.73;143.87;144.77;146.29;145.59;143.65;144.44;144.97;143.62;142.42;144.34;140.88;141.65;143.70;142.98;142.31,HARAM,Group classification: INSURANCE-PROP/CAS/TITLE,
GOOGL,INTERNET,INTERNET-CONTENT,64,349.5400085449219,0.15777958177627283,310.53;306.75;301.69;290.57;274.00;287.20;295.40;305.08;318.10;320.91;336.70;341.26;331.88;338.47;349.91;349.51;385.21;387.95;397.50;388.16;402.12;396.29;387.18;387.18;388.40;389.65;375.90;358.55;368.07;364.03;357.54;369.11;363.56;349.46;345.07;337.17;357.14;359.68;366.79;358.66;352.28;370.68;346.55;346.93;317.49;326.35;336.49;355.90;377.41;357.52;357.29;343.32;345.68;343.98;340.45;347.84;341.78;346.37;334.80;342.26;338.36;332.60;349.39;342.87;349.54,QUESTIONABLE,Ad-revenue exposure to non-halal advertisers,
GOOG,INTERNET,INTERNET-CONTENT,62,344.4100036621094,0.14390301133348782,309.02;305.35;298.65;289.23;273.42;286.50;294.09;303.55;315.97;318.81;334.05;338.98;330.06;337.33;348.08;346.88;382.74;383.79;394.81;386.29;398.54;392.83;384.42;382.99;384.36;385.64;372.11;355.24;365.30;362.05;356.33;366.87;361.87;348.55;344.82;334.47;353.10;355.95;363.38;356.01;350.44;369.97;345.90;345.97;318.13;326.36;335.54;356.42;375.11;356.39;355.61;342.15;343.32;341.06;337.98;344.37;338.88;342.66;331.81;338.86;335.38;330.39;345.71;339.36;344.41,QUESTIONABLE,Same as GOOGL,
META,INTERNET,INTERNET-CONTENT,50,665.75,0.0867308550659951,622.08;606.14;603.50;594.34;525.23;571.60;573.93;574.52;627.81;633.94;670.96;687.91;668.22;658.54;677.99;668.50;608.19;604.40;616.24;598.31;616.06;613.66;602.05;606.82;611.77;634.70;599.91;622.40;592.45;584.05;567.90;593.48;567.58;563.85;557.67;550.25;563.29;582.90;615.58;631.48;656.73;681.31;646.01;643.81;606.10;593.87;585.61;556.71;587.94;589.90;594.92;578.85;589.85;543.67;545.83;559.02;576.14;578.02;578.54;610.68;613.48;644.38;665.60;673.31;665.75,QUESTIONABLE,Ad-revenue exposure including non-halal content/ads,
PINS,INTERNET,INTERNET-CONTENT,11,18.600000381469727,0.023102314039806338,18.56;18.66;18.92;18.68;17.76;18.34;18.18;18.20;17.94;18.02;20.27;20.12;20.62;19.79;20.33;19.73;20.22;22.28;21.55;20.76;19.35;19.47;18.84;18.85;19.33;20.65;21.35;20.67;21.42;21.92;21.50;21.33;20.36;19.50;19.86;20.82;21.03;22.07;22.42;22.70;22.60;23.68;23.20;22.83;21.89;23.50;24.44;24.01;25.58;23.33;24.37;22.90;24.06;23.06;23.23;23.47;23.31;23.19;21.25;20.85;20.14;18.78;19.69;18.65;18.60,QUESTIONABLE,Group classification: INTERNET-CONTENT,
SNAP,INTERNET,INTERNET-CONTENT,32,5.53000020980835,0.21271935947383946,4.65;4.56;4.51;4.49;3.93;4.60;4.63;4.80;4.95;5.15;6.04;6.03;5.64;5.57;6.06;5.98;6.29;6.11;5.98;5.75;5.61;5.53;5.55;5.69;5.75;5.91;5.86;5.73;5.76;5.59;5.33;5.71;4.74;4.63;4.53;4.41;4.44;4.84;4.65;4.70;4.66;4.76;4.53;4.56;4.41;4.52;4.73;4.69;5.79;5.22;5.35;5.20;5.41;5.11;5.21;5.53;5.42;5.43;5.35;5.70;5.43;5.52;5.84;5.72;5.53,QUESTIONABLE,Group classification: INTERNET-CONTENT,
RDDT,INTERNET,INTERNET-CONTENT,14,150.85000610351562,0.1396948126919093,144.33;138.12;140.96;139.63;121.84;134.65;136.00;141.14;138.38;149.35;158.48;163.80;156.82;152.96;160.21;147.75;166.48;171.63;163.95;159.51;154.12;158.17;154.88;150.04;144.64;167.69;177.85;169.49;173.45;178.11;173.26;181.88;165.95;170.44;160.72;166.94;173.58;194.67;199.44;200.31;200.93;198.03;181.18;185.84;168.78;179.23;177.99;140.67;159.97;150.87;158.72;153.45;178.09;158.25;150.31;152.70;155.36;153.00;144.64;155.99;149.38;155.34;162.38;157.60;150.85,QUESTIONABLE,Group classification: INTERNET-CONTENT,
BIDU,INTERNET,INTERNET-CONTENT,9,89.93000030517578,-0.2751672400549917,120.69;119.01;114.53;115.60;108.12;111.42;110.96;110.61;108.23;112.01;120.94;126.13;123.49;121.53;128.01;121.01;125.88;126.24;139.87;145.78;150.50;135.33;137.68;131.18;126.83;132.05;132.40;132.68;121.66;121.11;116.11;116.75;111.61;111.74;107.82;104.22;114.29;113.30;112.09;117.51;113.39;111.48;107.24;108.22;107.39;105.29;105.27;111.11;112.58;109.33;109.50;104.84;103.67;90.87;91.97;92.18;93.26;97.12;94.86;95.58;92.55;90.59;91.90;88.55;89.93,QUESTIONABLE,Group classification: INTERNET-CONTENT,
YELP,INTERNET,INTERNET-CONTENT,8,19.6299991607666,-0.17624845893353513,24.33;24.41;24.83;24.21;24.36;24.74;25.15;25.59;25.57;25.78;26.93;27.94;29.03;28.32;29.11;28.01;28.90;29.22;28.50;25.28;22.86;21.65;22.59;21.84;22.93;23.30;23.46;22.02;23.25;23.74;23.02;22.57;22.53;22.47;23.36;24.00;24.52;26.52;26.55;25.55;26.36;26.81;26.22;25.79;24.50;26.41;27.92;26.43;26.63;25.04;24.55;23.64;24.70;23.36;23.60;23.83;22.63;23.18;22.35;22.15;20.96;20.95;21.83;20.76;19.63,QUESTIONABLE,Group classification: INTERNET-CONTENT,
Z,INTERNET,INTERNET-CONTENT,4,29.809999465942383,-0.3051282422924889,45.23;45.54;44.82;43.60;40.44;41.38;40.60;40.79;40.63;40.49;43.50;46.86;46.17;44.50;45.59;43.41;45.28;43.54;43.68;40.44;38.53;37.66;36.00;36.75;35.74;35.44;36.25;35.51;35.06;35.45;32.70;32.36;32.01;30.31;30.54;31.15;31.52;33.43;32.78;33.44;32.19;33.85;33.90;31.85;29.58;32.00;34.00;34.06;36.28;33.43;33.75;33.26;34.78;34.57;35.72;37.05;34.95;35.66;33.45;35.34;32.36;31.25;33.18;31.31;29.81,QUESTIONABLE,Group classification: INTERNET-CONTENT,
MTCH,INTERNET,INTERNET-CONTENT,80,43.20000076293945,0.4193743627093498,30.71;31.11;30.84;29.99;29.40;30.36;31.08;31.75;32.32;33.02;34.34;35.32;35.74;35.47;36.72;36.77;38.46;37.45;35.64;35.58;35.88;35.21;35.16;35.47;35.76;36.17;36.56;34.14;34.24;34.54;34.39;35.75;35.12;35.05;35.15;36.97;37.85;37.70;39.18;39.32;38.54;40.11;39.15;38.75;37.40;38.80;39.40;39.41;41.24;36.61;36.73;36.58;37.95;38.69;40.35;41.73;42.07;41.58;41.91;42.43;41.15;41.82;43.15;43.58;43.20,QUESTIONABLE,Group classification: INTERNET-CONTENT,
AMZN,INTERNET,INTERNET-E-COMMERCE,60,253.7100067138672,0.22169792917062114,215.20;208.76;210.14;211.71;199.34;208.27;209.77;213.77;233.65;239.89;248.50;250.56;249.91;255.08;261.12;263.04;268.26;273.55;271.17;268.99;270.13;264.14;259.34;268.46;265.29;274.00;261.26;250.02;246.03;244.19;241.51;246.02;237.50;232.79;234.27;232.69;238.34;242.67;245.98;247.04;247.31;254.96;247.23;247.55;233.66;231.39;226.65;271.58;277.42;272.26;278.09;267.28;262.65;259.45;260.11;262.07;260.28;266.43;254.92;258.90;256.97;251.89;253.54;245.96;253.71,HALAL,"E-commerce + AWS halal core; AWS dominant — debt ratio not verified, cross-check Musaffa/Zoya",
EBAY,INTERNET,INTERNET-E-COMMERCE,71,111.83999633789062,0.23156379307505737,93.07;90.21;89.33;89.03;87.47;90.49;93.60;95.45;95.03;97.58;99.43;104.04;104.79;102.80;99.71;103.19;103.47;104.65;105.80;107.50;112.36;115.46;113.58;116.45;114.64;111.48;110.02;108.49;109.02;108.33;109.28;108.85;107.56;104.62;109.12;107.54;111.41;114.49;114.36;116.97;114.74;112.42;111.72;112.71;108.99;112.87;114.95;113.66;109.28;109.81;107.38;102.00;102.83;101.96;104.29;106.76;103.88;105.62;104.98;105.86;104.59;105.03;108.99;109.17;111.84,HALAL,"Business activity permissible — debt ratio not verified, cross-check Musaffa/Zoya",
ETSY,INTERNET,INTERNET-E-COMMERCE,76,72.5999984741211,0.39561702874391225,54.92;54.76;52.49;48.23;47.31;49.98;51.64;53.94;53.42;55.34;57.92;61.90;65.19;63.48;65.11;69.60;63.17;62.95;64.02;59.86;57.40;58.07;57.61;60.74;64.33;66.78;69.00;67.05;66.86;68.76;69.44;72.19;72.83;72.54;78.02;78.04;75.33;76.97;77.59;77.72;80.53;85.74;84.10;81.69;80.91;83.84;85.58;81.68;86.43;82.26;80.40;79.63;79.90;79.96;81.21;87.03;81.74;83.59;81.75;82.03;72.82;71.59;74.46;73.46;72.60,HALAL,"Business activity permissible — debt ratio not verified, cross-check Musaffa/Zoya",
MELI,INTERNET,INTERNET-E-COMMERCE,32,1787.3900146484375,0.07029342194517207,1728.14;1666.93;1666.08;1639.47;1599.52;1729.02;1715.52;1742.30;1793.21;1831.93;1872.12;1855.83;1854.18;1809.20;1839.28;1767.02;1850.05;1817.31;1870.01;1557.30;1562.00;1546.81;1594.86;1677.90;1648.04;1695.53;1730.98;1638.54;1607.80;1641.16;1610.00;1646.36;1631.82;1589.45;1659.57;1675.10;1697.39;1763.36;1813.61;1807.83;1867.30;1843.19;1813.91;1822.65;1798.70;1819.74;1863.31;1877.95;1888.50;1830.00;1824.34;1828.29;1844.58;1779.14;1921.96;1947.90;1950.44;1966.25;1963.49;1991.06;1926.25;1906.24;1900.24;1839.71;1787.39,HALAL,"Business activity permissible — debt ratio not verified, cross-check Musaffa/Zoya",
JD,INTERNET,INTERNET-E-COMMERCE,28,26.920000076293945,-0.015546788481579754,27.56;27.06;26.59;28.73;27.71;28.55;27.48;27.48;28.34;28.94;31.47;31.60;30.52;29.98;29.75;29.70;29.96;29.68;30.21;30.53;33.77;32.01;32.38;31.47;29.99;29.14;29.09;29.41;28.88;28.73;28.06;28.68;27.91;27.02;25.48;25.39;25.48;26.62;26.49;27.74;28.88;29.28;29.62;30.43;30.09;30.95;32.20;33.01;32.97;32.81;33.47;31.61;29.06;28.82;29.41;29.20;28.77;28.74;27.90;27.74;27.68;27.02;27.26;26.90;26.92,HALAL,"Business activity permissible — debt ratio not verified, cross-check Musaffa/Zoya",
BABA,INTERNET,INTERNET-E-COMMERCE,20,113.23999786376953,-0.15479632498576668,135.33;123.76;124.91;128.69;121.57;124.32;120.94;118.63;126.52;126.85;132.07;139.73;134.15;130.50;131.31;129.24;130.30;131.06;139.72;136.05;144.48;131.38;134.41;130.27;128.29;125.01;124.26;126.05;119.96;118.61;112.69;112.55;107.44;104.97;99.80;94.81;95.98;96.14;98.14;111.14;112.35;117.69;114.97;117.97;114.06;115.00;115.03;122.25;128.99;126.81;132.32;125.22;123.81;128.15;130.53;118.47;119.83;118.90;112.85;111.81;112.66;108.56;109.23;107.27;113.24,HALAL,"Business activity permissible — debt ratio not verified, cross-check Musaffa/Zoya",
PDD,INTERNET,INTERNET-E-COMMERCE,11,78.9000015258789,-0.23136872525045638,104.37;97.43;96.25;102.61;99.81;102.18;100.87;99.54;100.57;100.80;101.97;104.79;98.99;97.77;98.47;97.67;99.72;96.75;101.51;98.80;99.60;95.83;97.34;97.79;96.64;83.03;87.24;85.40;85.07;81.93;81.30;83.55;79.86;78.11;75.74;76.55;76.28;82.39;82.53;85.88;84.56;85.74;84.14;84.83;83.30;84.85;88.32;88.56;91.03;90.85;93.00;89.04;84.79;87.27;89.52;87.07;86.74;85.69;83.17;81.63;79.75;77.84;79.38;78.76;78.90,HALAL,"Business activity permissible — debt ratio not verified, cross-check Musaffa/Zoya",
SHOP,INTERNET,INTERNET-E-COMMERCE,40,128.5,0.04505531031861354,127.80;122.37;121.10;118.42;111.85;118.62;118.25;117.06;112.38;114.97;127.41;131.15;131.13;124.23;124.23;121.26;127.67;107.63;111.74;102.54;95.40;100.28;101.01;104.86;104.90;115.03;124.12;112.94;109.54;110.42;110.47;112.49;108.09;107.98;114.17;116.86;114.18;119.46;121.88;123.17;124.74;123.55;123.56;123.03;112.00;126.88;129.17;117.15;123.30;147.44;155.18;150.41;154.32;146.58;147.18;149.80;150.29;152.90;139.82;145.88;134.10;126.60;133.89;129.96;128.50,HALAL,"Business activity permissible — debt ratio not verified, cross-check Musaffa/Zoya",
W,INTERNET,INTERNET-E-COMMERCE,76,102.45999908447266,0.352607248639903,79.89;76.27;76.56;79.75;71.50;75.21;72.61;69.78;73.06;72.81;76.92;81.33;80.07;76.94;75.77;73.27;65.50;63.20;66.20;61.38;60.06;58.22;57.40;66.34;71.92;72.75;72.60;69.38;68.35;71.34;77.68;82.99;81.59;85.04;92.79;94.47;92.42;94.50;93.25;90.29;86.37;91.67;89.31;84.81;82.68;94.53;89.03;84.90;116.08;104.07;103.26;102.94;101.63;101.69;103.31;103.19;104.00;103.76;93.88;96.98;99.97;97.45;104.79;103.24;102.46,HALAL,"Business activity permissible — debt ratio not verified, cross-check Musaffa/Zoya",
REAL,INTERNET,INTERNET-E-COMMERCE,19,9.449999809265137,-0.011506339489885997,9.94;9.22;9.33;9.15;8.57;9.08;9.12;9.22;9.69;10.36;10.50;12.08;11.61;12.54;11.66;11.77;11.77;12.72;12.40;9.97;9.41;9.06;8.97;9.27;9.50;9.81;9.70;9.12;8.87;9.54;9.84;11.07;11.39;12.35;12.86;12.16;11.79;11.58;10.93;10.55;10.68;11.26;11.21;11.92;11.37;11.66;11.69;12.09;12.72;12.77;11.91;11.17;11.40;11.05;11.65;11.27;10.93;10.93;10.01;10.06;9.78;9.55;9.76;9.48;9.45,HALAL,"Business activity permissible — debt ratio not verified, cross-check Musaffa/Zoya",
WIX,INTERNET,INTERNET-E-COMMERCE,66,78.48999786376953,-0.10897944004104576,89.52;89.70;89.46;89.12;87.14;90.07;81.95;80.99;67.67;64.94;70.16;68.24;77.11;71.97;76.53;75.71;80.60;77.03;80.34;79.31;55.32;54.67;53.42;55.24;55.33;52.65;62.54;55.08;52.39;48.22;44.07;45.59;42.05;41.86;42.60;44.10;45.37;49.35;50.36;49.24;52.41;53.23;51.45;51.12;48.83;56.34;61.22;55.03;66.78;60.88;62.42;68.75;74.13;77.16;82.39;84.42;82.29;87.62;88.38;81.20;72.72;75.52;83.33;80.40;78.49,HALAL,"Business activity permissible — debt ratio not verified, cross-check Musaffa/Zoya",
GLBE,INTERNET,INTERNET-E-COMMERCE,60,38.040000915527344,0.09373209461327003,33.89;33.99;32.24;32.14;28.93;30.85;31.18;30.74;30.44;30.54;33.30;33.91;32.50;30.84;32.16;31.41;31.46;31.61;32.63;29.91;27.54;27.89;28.63;30.14;29.68;30.09;33.75;31.79;32.13;32.38;33.22;31.61;31.98;31.51;34.05;36.41;34.73;36.85;36.92;37.84;38.68;38.98;38.12;35.76;34.50;37.76;40.26;39.31;41.53;41.02;41.15;40.55;42.36;41.31;40.79;39.86;39.13;39.95;36.99;38.29;36.93;36.50;37.49;36.93;38.04,HALAL,"Business activity permissible — debt ratio not verified, cross-check Musaffa/Zoya",
NET,INTERNET,INTERNET-NETWORK SOLUTIONS,92,323.6000061035156,0.5231819757679366,211.52;221.36;220.65;218.00;203.02;206.34;211.69;216.29;193.05;184.02;190.13;200.99;207.67;205.00;212.36;211.97;217.50;244.43;256.79;193.52;192.62;197.56;206.73;212.65;217.54;228.11;270.82;265.33;250.11;236.13;227.44;235.71;226.87;218.38;223.48;237.24;245.28;242.41;268.83;275.80;269.53;273.04;277.66;272.31;262.32;265.61;270.38;278.98;301.33;284.43;310.59;311.45;315.78;301.36;278.91;280.35;284.89;299.84;285.51;284.51;284.30;311.17;330.36;324.65;323.60,HALAL,"Business activity permissible — debt ratio not verified, cross-check Musaffa/Zoya",
AKAM,INTERNET,INTERNET-NETWORK SOLUTIONS,46,104.5199966430664,-0.02925607485324022,105.84;110.00;114.43;119.15;114.50;114.85;118.00;113.89;109.61;94.94;90.38;95.89;98.08;96.18;95.93;99.80;103.87;117.94;116.69;153.01;161.14;150.88;141.34;146.24;148.21;143.13;154.01;160.36;149.32;137.81;132.46;134.20;127.86;120.74;119.48;113.29;118.21;113.17;114.37;129.52;125.13;120.01;120.19;124.91;117.37;112.85;107.41;115.18;123.35;118.55;117.65;122.78;124.99;115.20;110.09;105.66;108.06;107.47;106.46;106.50;105.61;107.13;105.57;104.48;104.52,HALAL,"Business activity permissible — debt ratio not verified, cross-check Musaffa/Zoya",
FFIV,INTERNET,INTERNET-NETWORK SOLUTIONS,89,432.0299987792969,0.4933116809826046,286.03;290.30;289.75;297.86;281.98;289.33;303.35;309.10;294.59;298.07;299.09;310.87;315.56;299.89;297.72;328.15;323.20;339.90;345.02;358.30;357.40;362.58;383.50;383.70;397.00;383.43;395.62;405.66;393.35;395.23;393.84;396.81;384.88;391.27;384.78;394.53;415.96;408.14;417.11;430.32;420.95;421.47;409.10;408.74;388.08;407.96;386.95;402.57;412.25;413.07;409.99;422.95;403.20;393.62;377.79;379.04;399.59;394.24;395.72;392.15;389.62;398.48;411.49;423.59;432.03,HALAL,"Business activity permissible — debt ratio not verified, cross-check Musaffa/Zoya",
FSLY,INTERNET,INTERNET-NETWORK SOLUTIONS,96,23.860000610351562,-0.029292079560183093,24.18;26.45;28.75;29.79;27.43;29.06;33.50;31.60;29.46;24.37;23.38;24.56;26.56;24.96;25.80;26.39;28.07;32.36;19.50;19.58;18.31;17.00;16.36;16.40;17.60;16.94;19.08;20.83;18.07;18.63;18.88;18.55;17.41;17.17;16.38;17.11;18.36;18.13;18.59;20.33;20.03;20.00;20.72;20.73;19.43;20.04;20.69;22.66;24.95;22.68;27.75;28.53;29.93;26.59;22.71;22.94;23.29;23.04;20.77;21.12;21.49;22.71;24.86;23.54;23.86,HALAL,"Business activity permissible — debt ratio not verified, cross-check Musaffa/Zoya",
OKTA,INTERNET,INTERNET-NETWORK SOLUTIONS,97,182.3699951171875,1.3038148898479713,78.53;80.76;81.10;78.12;73.23;78.71;80.19;79.34;67.76;65.46;67.35;72.25;77.64;76.04;76.14;76.16;75.78;77.75;80.88;81.69;78.20;82.77;85.70;89.44;93.81;94.72;139.79;124.65;118.72;119.96;117.50;118.12;113.03;115.94;118.58;124.28;136.45;141.42;148.47;148.84;139.53;150.86;149.35;141.71;136.10;137.43;136.91;141.93;147.82;143.51;150.77;147.30;147.43;143.92;134.16;130.97;134.42;166.23;166.43;170.42;167.60;171.11;186.45;188.12;182.37,HALAL,"Business activity permissible — debt ratio not verified, cross-check Musaffa/Zoya",
ZS,INTERNET,INTERNET-NETWORK SOLUTIONS,72,197.30999755859375,0.2832336407882847,156.00;155.40;151.80;139.44;133.16;140.29;138.56;142.09;122.23;122.62;131.01;134.68;139.61;132.97;134.11;134.73;139.81;141.36;152.79;148.87;152.43;161.05;175.25;171.01;184.60;130.04;155.71;134.37;130.78;125.84;126.11;130.42;124.38;124.06;127.27;132.26;141.15;147.33;149.50;147.12;141.82;148.19;149.94;148.72;139.70;147.30;153.77;151.20;163.22;162.60;176.68;177.32;183.60;185.70;174.95;176.06;170.31;184.23;178.37;177.80;161.94;163.48;191.73;191.58;197.31,HALAL,"Business activity permissible — debt ratio not verified, cross-check Musaffa/Zoya",
DDOG,INTERNET,INTERNET-NETWORK SOLUTIONS,90,229.9199981689453,0.8464504044921033,128.87;129.94;129.23;123.29;114.48;118.05;120.36;116.54;108.98;110.08;121.06;126.61;129.29;127.86;132.66;133.98;140.53;145.73;188.73;202.32;205.31;207.98;215.15;218.04;223.65;225.24;277.49;250.33;234.11;227.34;234.24;233.09;226.63;221.37;222.65;239.77;260.36;260.36;256.81;269.00;260.24;264.46;258.69;254.79;244.39;251.86;264.20;267.97;288.15;229.29;260.78;240.91;255.46;246.00;232.55;225.77;227.67;236.98;223.84;214.76;210.23;221.72;230.05;230.79;229.92,HALAL,"Business activity permissible — debt ratio not verified, cross-check Musaffa/Zoya",
EQIX,INTERNET,INTERNET-NETWORK SOLUTIONS,65,1021.3400268554688,0.06330109132121753,967.45;965.35;957.63;956.63;953.70;970.78;990.71;997.57;1021.61;1046.64;1042.81;1078.11;1083.78;1104.52;1079.33;1078.56;1074.56;1068.05;1056.46;1075.73;1066.88;1049.21;1038.31;1073.29;1072.51;1064.35;1045.77;1071.88;1075.81;1054.80;1038.22;1059.32;1083.34;1110.63;1089.79;1086.11;1037.43;997.26;1018.07;1029.95;1034.59;1017.74;1015.15;1022.99;1028.64;1041.81;1003.23;1014.43;1046.53;1047.85;1038.42;1064.09;1096.86;1079.93;1082.61;1055.20;1079.61;1044.41;1027.59;1040.83;1041.21;1023.81;998.72;1016.16;1021.34,HALAL,"Business activity permissible — debt ratio not verified, cross-check Musaffa/Zoya",
DLR,INTERNET,INTERNET-NETWORK SOLUTIONS,53,182.1199951171875,0.027734429591106835,177.97;177.44;174.11;174.07;173.07;177.80;179.26;179.98;185.63;189.28;193.07;200.89;198.58;197.32;193.71;191.96;198.01;194.06;192.17;193.61;190.72;185.99;183.79;191.67;191.08;188.87;182.52;181.04;184.29;182.45;180.39;183.64;185.81;194.21;191.71;191.69;178.36;172.12;173.71;178.11;176.71;174.87;172.70;178.09;178.12;194.43;186.90;187.24;192.57;191.25;190.00;195.72;198.79;193.92;192.98;187.27;192.11;184.21;182.02;186.51;188.21;184.11;177.92;181.07;182.12,HALAL,"Business activity permissible — debt ratio not verified, cross-check Musaffa/Zoya",
VRSN,INTERNET,INTERNET-NETWORK SOLUTIONS,70,303.1199951171875,0.2775294173407341,240.80;238.31;239.58;250.30;246.10;246.98;258.40;273.22;268.38;269.93;273.73;272.52;268.28;275.41;266.41;271.08;270.92;274.23;276.92;284.87;293.50;295.91;301.74;305.03;305.96;295.27;295.72;296.21;294.06;283.06;278.75;272.16;264.14;246.97;251.34;254.87;250.82;255.68;266.00;269.19;269.52;269.73;276.85;265.37;260.81;274.02;290.07;289.17;298.32;291.67;292.48;282.11;283.41;275.93;276.90;290.79;292.99;291.93;288.37;293.35;282.20;288.85;298.60;298.46;303.12,HALAL,"Business activity permissible — debt ratio not verified, cross-check Musaffa/Zoya",
UBER,INTERNET,INTERNET-SERVICES,19,70.5,-0.03859268730927812,77.79;75.34;75.12;73.08;69.18;71.93;71.84;71.73;71.81;72.34;77.28;77.12;77.26;74.70;76.27;74.47;75.12;72.95;76.73;76.15;74.70;75.09;74.09;73.61;70.12;70.92;73.77;71.69;70.71;70.38;69.55;72.85;70.91;71.43;73.85;76.20;72.16;74.43;74.33;74.35;74.26;72.67;72.46;71.55;68.91;68.18;71.20;70.36;71.99;70.47;78.03;75.36;75.95;74.66;78.55;79.29;78.49;78.82;75.24;75.96;73.13;72.56;72.63;70.97;70.50,HALAL,"Business activity permissible — debt ratio not verified, cross-check Musaffa/Zoya",
LYFT,INTERNET,INTERNET-SERVICES,34,15.100000381469727,0.15531757720311168,14.04;13.38;13.34;13.26;12.86;13.30;13.34;13.77;13.22;13.60;14.66;14.95;14.75;14.03;14.49;14.34;14.42;14.09;14.16;13.87;13.68;12.97;13.18;13.48;13.58;13.82;14.86;14.09;13.65;13.87;13.71;14.24;14.15;14.22;14.40;14.27;14.61;15.37;15.44;15.74;15.67;16.23;15.52;15.19;14.02;15.09;15.44;15.86;16.73;16.30;17.26;16.58;17.48;16.93;17.40;17.68;17.39;17.70;16.77;17.28;16.24;15.02;15.90;15.69;15.10,HALAL,"Business activity permissible — debt ratio not verified, cross-check Musaffa/Zoya",
DASH,INTERNET,INTERNET-SERVICES,45,192.94000244140625,0.19571146325980338,169.81;159.26;159.98;152.92;146.60;150.15;156.45;155.90;154.55;159.61;179.93;183.89;182.45;177.00;174.06;169.33;175.84;166.14;171.35;157.33;149.07;159.20;154.65;159.27;154.00;156.70;164.78;154.58;156.80;155.67;154.59;168.09;165.66;172.08;177.93;183.09;184.53;192.01;195.72;192.35;189.57;190.16;184.14;188.04;169.77;184.37;193.53;196.16;202.37;213.26;209.86;212.49;217.02;216.35;222.36;229.06;236.93;236.74;225.66;222.00;200.44;201.03;203.54;196.76;192.94,HALAL,"Business activity permissible — debt ratio not verified, cross-check Musaffa/Zoya",
ABNB,INTERNET,INTERNET-SERVICES,81,166.22000122070312,0.3160728203037815,131.95;130.79;132.59;131.81;122.87;126.28;124.95;124.97;129.16;130.32;137.51;141.55;142.65;141.87;141.06;140.28;141.66;139.73;140.46;137.05;132.97;132.85;131.16;134.25;132.68;134.50;137.87;133.59;133.54;131.35;130.87;138.96;140.54;139.19;144.40;145.56;143.10;148.93;148.80;146.89;146.33;148.38;145.98;144.10;137.57;146.86;153.01;151.52;149.92;151.64;184.70;180.10;184.06;183.25;185.00;190.21;188.07;189.43;182.54;185.25;174.54;167.65;170.65;167.51;166.22,HALAL,"Business activity permissible — debt ratio not verified, cross-check Musaffa/Zoya",
BKNG,INTERNET,INTERNET-SERVICES,21,167.89999389648438,-0.0054336694803955865,176.82;170.93;175.01;168.68;161.69;167.59;166.95;172.56;175.73;176.38;184.78;191.07;189.92;175.88;176.65;173.13;168.80;166.81;170.44;157.03;154.27;153.37;153.78;158.90;162.50;168.99;168.42;163.97;165.44;163.59;163.20;174.22;171.22;167.37;180.81;181.02;177.81;184.12;181.51;175.10;175.38;182.36;181.24;178.97;172.41;186.34;200.82;192.44;193.80;206.89;212.37;211.75;211.55;207.75;209.36;212.85;208.39;205.13;195.22;194.66;179.87;173.91;175.35;171.40;167.90,HALAL,"Business activity permissible — debt ratio not verified, cross-check Musaffa/Zoya",
EXPE,INTERNET,INTERNET-SERVICES,72,279.3500061035156,0.22759849312514002,240.39;238.56;235.81;235.42;225.01;230.07;224.50;223.50;229.44;239.36;256.52;264.89;272.83;249.48;244.35;249.68;250.94;247.77;251.89;220.67;216.78;216.96;214.24;217.34;222.18;227.22;228.04;225.09;228.55;230.73;224.34;236.64;239.13;237.68;261.77;262.42;255.51;268.30;269.48;267.39;265.25;266.73;268.38;264.56;257.24;277.97;303.83;294.32;311.61;306.13;313.56;325.10;332.21;320.96;323.70;338.64;332.96;329.44;304.23;303.14;274.55;276.88;287.86;286.97;279.35,HALAL,"Business activity permissible — debt ratio not verified, cross-check Musaffa/Zoya",
TRIP,INTERNET,INTERNET-SERVICES,5,8.84000015258789,-0.0432900030777672,9.51;9.29;10.04;9.51;10.11;10.66;10.85;10.75;11.49;11.13;11.48;11.39;11.23;10.86;11.19;11.18;11.56;11.28;11.23;9.66;9.63;9.46;9.30;9.90;10.04;10.90;12.10;11.94;11.86;11.95;11.91;12.56;12.61;12.36;12.98;13.76;13.71;14.29;13.72;13.33;14.40;14.60;14.58;13.80;13.49;14.28;14.58;14.17;14.33;10.42;10.78;10.71;10.74;10.23;10.03;10.19;9.87;9.87;9.46;9.29;9.09;8.83;9.23;8.94;8.84,HALAL,"Business activity permissible — debt ratio not verified, cross-check Musaffa/Zoya",
TRVG,INTERNET,INTERNET-SERVICES,97,6.550000190734863,1.3309609694354165,2.81;2.81;2.67;2.83;2.74;2.71;2.92;2.89;2.68;2.69;2.77;2.79;2.81;2.77;2.78;2.80;2.85;2.88;3.58;3.26;2.97;3.07;3.14;3.23;3.49;3.73;3.94;4.11;4.29;4.64;4.31;4.30;4.49;4.71;5.14;5.31;5.47;5.41;5.26;5.34;5.31;5.52;5.64;5.54;5.24;5.40;5.45;5.28;5.31;5.49;5.32;5.20;5.10;4.79;4.89;5.58;5.71;6.00;5.86;6.40;5.82;5.65;5.77;5.59;6.55,HALAL,"Business activity permissible — debt ratio not verified, cross-check Musaffa/Zoya",
CARG,INTERNET,INTERNET-SERVICES,,,,,HALAL,"Business activity permissible — debt ratio not verified, cross-check Musaffa/Zoya",
CARS,INTERNET,INTERNET-SERVICES,57,11.140000343322754,0.46965705217001164,8.02;8.16;8.23;8.27;7.96;8.12;8.30;9.31;9.09;9.87;10.18;10.59;10.97;10.78;11.07;10.97;11.07;11.16;12.33;10.93;10.40;9.85;9.79;9.57;9.74;10.18;9.91;9.18;9.21;9.64;9.56;9.74;9.82;9.89;10.32;10.75;10.94;11.32;11.22;11.03;11.10;11.79;11.99;11.87;11.42;11.80;12.91;11.85;11.95;11.74;12.19;12.10;12.38;11.87;12.27;12.36;11.97;11.94;11.59;11.79;11.25;11.41;11.71;11.53;11.14,HALAL,"Business activity permissible — debt ratio not verified, cross-check Musaffa/Zoya",
LVS,LEISURE,LEISURE-GAMING/EQUIPMENT,8,39.97999954223633,-0.24609898850609435,53.50;53.40;53.35;53.51;51.06;53.23;53.68;53.37;53.82;54.18;55.58;56.94;56.84;51.32;53.81;53.07;53.14;51.93;53.44;51.74;50.99;50.84;49.60;49.14;49.43;50.79;52.93;50.54;49.93;51.32;50.29;49.42;47.82;47.50;47.46;46.82;45.90;46.69;45.77;46.16;45.61;44.51;45.07;45.18;45.74;47.46;48.24;48.58;46.02;46.11;45.46;45.68;46.23;45.47;45.97;46.97;46.23;45.04;43.84;44.51;43.98;42.60;42.40;41.06;39.98,HARAM,Group classification: LEISURE-GAMING/EQUIPMENT,
WYNN,LEISURE,LEISURE-GAMING/EQUIPMENT,7,81.68000030517578,-0.1825644937279578,102.81;102.64;100.62;101.37;96.10;101.04;101.51;99.92;104.36;102.54;106.30;108.64;107.12;105.08;104.98;103.71;105.44;105.70;106.31;98.87;95.72;94.94;94.55;98.30;97.63;101.29;106.27;104.69;104.22;107.18;107.49;105.70;102.06;103.37;103.50;100.19;96.85;95.68;96.11;98.59;96.89;96.81;96.40;94.40;96.53;99.46;98.77;99.07;97.36;101.25;102.25;102.72;102.53;101.29;99.60;99.41;97.17;95.26;90.60;91.56;92.22;88.42;87.76;84.23;81.68,HARAM,Group classification: LEISURE-GAMING/EQUIPMENT,
MGM,LEISURE,LEISURE-GAMING/EQUIPMENT,29,37.810001373291016,0.03080700814377546,36.86;37.14;36.95;37.49;36.32;37.01;36.68;37.89;36.93;36.75;38.36;38.59;39.11;38.94;40.55;39.27;38.50;37.91;38.11;37.30;37.41;36.97;36.02;37.66;38.45;42.93;50.69;48.30;47.51;47.15;47.22;48.62;46.94;46.57;47.09;49.19;47.81;47.10;46.64;46.44;47.24;46.84;46.13;45.67;44.99;46.30;45.83;44.57;45.72;44.70;43.36;43.98;44.10;43.32;43.17;43.69;43.46;42.28;40.77;41.13;40.74;40.73;39.83;38.39;37.81,HARAM,Group classification: LEISURE-GAMING/EQUIPMENT,
PENN,LEISURE,LEISURE-GAMING/EQUIPMENT,26,16.450000762939453,0.14954579179390937,13.97;14.16;14.44;14.66;13.77;15.03;14.77;15.05;15.66;15.29;16.01;15.85;15.47;17.26;17.83;17.82;17.27;17.10;16.77;15.94;15.83;16.20;16.12;16.70;17.06;19.44;20.24;19.65;19.23;20.32;21.21;21.84;21.23;20.83;20.38;21.88;21.36;22.02;20.78;20.69;20.48;21.12;20.57;21.23;20.27;21.18;21.20;20.53;20.04;20.13;18.85;19.17;18.79;18.29;18.44;18.26;17.85;17.36;16.40;17.20;16.95;17.11;18.00;17.69;16.45,HARAM,Group classification: LEISURE-GAMING/EQUIPMENT,
BYD,LEISURE,LEISURE-GAMING/EQUIPMENT,18,72.97000122070312,-0.09961520303394167,81.43;82.66;81.54;84.46;79.77;81.78;83.33;82.98;86.41;85.74;85.56;87.09;86.97;88.72;87.10;85.87;84.09;83.66;84.82;82.35;80.18;78.70;77.71;79.26;80.29;82.80;86.42;86.52;87.44;87.34;86.13;87.44;83.66;86.13;86.67;89.47;88.10;87.67;88.44;87.14;85.53;87.41;87.49;86.94;86.34;89.06;90.55;84.84;86.10;83.90;81.25;82.76;83.91;82.27;80.74;80.79;80.42;79.26;76.19;77.59;76.32;76.25;76.95;75.60;72.97,HARAM,Group classification: LEISURE-GAMING/EQUIPMENT,
CZR,LEISURE,LEISURE-GAMING/EQUIPMENT,59,29.639999389648438,0.05630790997069579,27.33;27.44;26.44;26.82;25.85;26.43;26.53;26.58;26.44;26.75;27.29;27.22;27.64;27.93;28.03;27.38;28.38;28.10;27.78;27.77;26.79;27.80;27.50;27.90;28.38;29.08;29.15;29.18;29.20;29.45;29.51;29.50;29.21;29.29;29.60;30.19;30.18;30.39;30.35;29.77;29.66;30.13;29.86;30.03;29.90;29.97;29.77;29.75;30.12;30.05;30.07;29.63;29.75;29.63;29.64;29.66;29.66;29.73;29.67;29.68;29.66;29.65;29.68;29.67;29.64,HARAM,Group classification: LEISURE-GAMING/EQUIPMENT,
DKNG,LEISURE,LEISURE-GAMING/EQUIPMENT,5,21.75,-0.15925785487355582,25.22;24.91;23.96;21.42;20.72;21.62;23.16;22.95;22.25;22.51;23.64;22.82;22.99;22.17;23.53;23.14;23.00;24.17;25.22;24.51;25.03;25.00;25.54;25.40;23.81;24.53;26.33;25.11;24.93;27.59;30.02;28.79;26.32;25.65;24.53;25.70;25.26;25.89;26.91;26.29;26.45;25.25;24.94;23.85;22.81;24.11;24.55;23.48;23.61;22.17;24.27;25.51;26.14;24.04;25.03;25.97;24.78;25.26;23.44;24.19;23.87;23.71;24.85;24.33;21.75,HARAM,Group classification: LEISURE-GAMING/EQUIPMENT,
FLUT,LEISURE,LEISURE-GAMING/EQUIPMENT,3,89.55999755859375,-0.17357206525106916,109.25;106.41;109.38;103.40;100.50;101.95;106.38;103.63;105.25;105.33;111.79;110.08;109.50;106.05;110.93;107.60;106.13;103.33;101.20;93.96;95.01;92.38;97.50;97.12;93.81;95.58;104.31;100.70;100.49;111.31;110.80;108.98;101.65;97.44;98.51;104.19;102.17;106.03;108.35;110.79;112.40;110.00;106.56;100.95;100.82;105.84;107.78;104.47;104.96;93.01;94.27;98.08;101.41;92.89;99.57;102.58;98.06;101.78;97.00;102.34;100.70;98.68;100.65;97.56;89.56,HARAM,Group classification: LEISURE-GAMING/EQUIPMENT,
RSI,LEISURE,LEISURE-GAMING/EQUIPMENT,46,23.299999237060547,0.15061724627459494,20.53;21.24;21.75;21.92;20.98;21.75;22.68;22.06;21.41;21.43;22.80;22.89;23.24;23.32;24.28;27.98;28.33;29.17;27.90;28.13;27.01;26.77;28.00;27.40;26.14;26.37;25.39;25.42;26.14;27.59;29.31;30.12;28.28;30.52;29.83;31.56;29.74;31.68;32.31;32.63;34.18;32.93;32.50;33.65;31.32;31.62;30.77;26.91;28.39;25.08;24.72;24.28;25.58;24.55;25.61;26.42;26.38;26.41;25.75;26.77;27.02;26.36;26.22;25.89;23.30,HARAM,Group classification: LEISURE-GAMING/EQUIPMENT,
INSE,LEISURE,LEISURE-GAMING/EQUIPMENT,2,4.579999923706055,-0.30395137130541783,6.96;6.55;6.50;6.70;6.68;7.13;6.92;6.74;6.84;6.59;6.88;7.40;7.01;6.75;7.00;7.00;7.23;7.08;8.10;7.72;7.35;7.34;7.24;7.20;7.32;7.62;7.93;7.43;7.47;8.18;8.18;8.11;8.00;7.74;8.05;8.13;8.25;7.88;7.53;7.09;7.29;7.06;6.52;6.56;6.57;7.10;6.86;6.88;6.87;6.62;6.11;6.18;6.22;5.95;5.90;6.03;5.85;5.93;5.45;5.59;5.45;5.27;5.19;4.91;4.58,HARAM,Group classification: LEISURE-GAMING/EQUIPMENT,
GAN,LEISURE,LEISURE-GAMING/EQUIPMENT,,,,,HARAM,Group classification: LEISURE-GAMING/EQUIPMENT,
GENI,LEISURE,LEISURE-GAMING/EQUIPMENT,7,5.639999866485596,0.05816134094125691,4.99;4.70;4.70;4.60;4.33;4.43;4.56;4.23;4.07;4.14;4.81;4.89;4.65;4.35;4.42;4.25;4.35;4.33;4.78;4.41;4.21;4.24;5.01;4.89;5.31;5.60;6.05;5.89;5.93;6.76;7.03;6.87;6.20;5.94;5.66;6.20;6.06;6.43;6.47;6.17;6.61;6.41;6.30;6.65;6.43;7.27;7.31;6.93;8.08;7.83;7.56;7.65;8.38;7.49;7.93;7.99;7.62;8.02;7.18;7.63;7.31;6.72;6.80;6.62;5.64,HARAM,Group classification: LEISURE-GAMING/EQUIPMENT,
MAR,LEISURE,LEISURE-HOTELS & MOTELS,53,338.9200134277344,0.08434750498347166,325.97;323.59;325.22;325.48;316.27;325.76;330.60;329.61;351.52;358.12;362.29;376.42;373.95;366.77;359.23;352.54;353.55;353.10;350.64;351.91;348.79;351.76;357.26;369.08;373.05;384.98;376.20;375.99;391.71;392.81;396.09;399.82;393.81;383.41;382.78;376.54;369.84;372.19;379.98;371.71;362.13;368.30;365.50;367.06;363.73;382.28;380.35;372.07;344.50;358.94;347.73;353.86;356.00;356.61;356.60;360.20;358.67;351.08;334.55;336.07;328.79;329.07;340.46;334.97;338.92,QUESTIONABLE,Marriott — alcohol/pork revenue at properties,
HLT,LEISURE,LEISURE-HOTELS & MOTELS,43,305.7300109863281,0.04960195810795587,301.03;297.56;300.39;302.88;293.77;303.80;304.67;301.88;322.21;326.96;328.61;340.72;339.90;333.97;332.14;314.21;318.32;312.48;320.01;315.24;311.12;315.88;315.10;322.46;323.66;337.40;332.50;331.22;342.94;342.41;341.70;346.95;349.14;342.77;343.26;332.71;330.31;337.97;340.96;337.50;322.30;328.33;321.17;323.79;320.03;330.70;321.57;320.34;311.93;321.83;310.86;322.38;327.06;327.59;329.46;330.07;332.56;321.85;311.99;314.35;304.47;306.24;310.60;305.63;305.73,QUESTIONABLE,Hilton — alcohol/pork revenue at properties,
H,LEISURE,LEISURE-HOTELS & MOTELS,31,155.0399932861328,0.11483610626025054,147.25;144.10;145.30;147.33;142.07;143.55;143.23;144.66;155.43;158.94;163.19;172.19;170.46;164.19;163.69;158.65;163.46;161.71;170.19;164.88;166.98;168.50;164.13;175.23;179.22;185.15;183.49;185.76;192.90;193.92;197.69;198.78;201.71;196.16;197.15;197.51;193.68;191.12;193.00;189.79;184.56;190.84;190.49;189.35;183.46;191.02;185.86;173.91;173.45;178.73;169.94;178.22;180.83;178.57;179.33;179.94;177.42;172.25;162.55;165.39;161.11;161.39;163.71;158.65;155.04,QUESTIONABLE,Hyatt — alcohol/pork revenue at properties,
IHG,LEISURE,LEISURE-HOTELS & MOTELS,,,,,QUESTIONABLE,Group classification: LEISURE-HOTELS & MOTELS,
CHH,LEISURE,LEISURE-HOTELS & MOTELS,28,96.8499984741211,0.020056202107735732,98.39;98.99;99.34;98.84;100.08;102.94;103.60;103.23;112.77;115.17;116.20;118.88;119.93;119.69;118.65;117.05;100.44;102.45;106.25;103.96;106.70;106.66;105.88;111.20;113.41;113.06;111.22;106.28;109.52;108.30;107.13;111.71;113.49;109.59;111.75;112.43;109.98;112.37;110.95;109.61;108.74;109.10;111.84;108.13;108.00;113.12;115.65;111.49;108.61;109.73;102.75;105.54;104.44;107.18;109.25;111.12;109.86;108.86;98.12;99.40;100.01;98.23;96.54;98.19;96.85,QUESTIONABLE,Group classification: LEISURE-HOTELS & MOTELS,
WH,LEISURE,LEISURE-HOTELS & MOTELS,17,68.05999755859375,-0.05687211006675763,76.75;77.73;76.26;78.27;78.51;80.29;81.21;80.27;85.12;84.91;86.52;88.24;86.97;85.44;84.35;83.11;79.90;79.45;82.87;81.11;80.27;78.82;76.37;79.80;79.76;81.65;78.20;79.18;81.01;79.55;76.52;80.84;83.05;81.51;85.28;86.83;83.69;81.90;81.09;79.38;76.71;78.55;76.08;75.25;73.02;74.71;75.11;74.39;75.56;74.74;70.91;73.56;73.17;72.90;74.84;73.89;76.36;75.55;70.57;70.55;69.44;68.19;68.77;68.17;68.06,QUESTIONABLE,Group classification: LEISURE-HOTELS & MOTELS,
PLYA,LEISURE,LEISURE-HOTELS & MOTELS,,,,,QUESTIONABLE,Group classification: LEISURE-HOTELS & MOTELS,
DIS,LEISURE,LEISURE-MOVIES & RELATED,37,102.66999816894531,0.0419649688114998,99.54;98.45;97.21;95.22;91.72;95.65;95.88;95.05;99.03;100.41;102.26;105.48;103.50;102.86;101.57;100.53;102.30;99.72;107.83;103.92;104.10;101.94;101.51;102.79;102.49;102.94;102.07;98.63;98.95;98.57;99.58;100.92;100.09;101.67;100.35;98.04;96.25;99.50;97.48;96.17;96.00;97.15;97.67;96.14;92.83;96.65;98.48;96.19;98.18;104.68;103.18;103.22;106.85;103.95;107.32;110.61;109.63;108.10;106.22;107.16;105.06;105.82;108.59;106.99;102.67,QUESTIONABLE,Mixed content; scholar-disputed,
NFLX,LEISURE,LEISURE-MOVIES & RELATED,9,71.79000091552734,-0.2467736569671719,94.36;91.74;93.38;92.28;93.43;96.15;98.66;98.82;102.05;103.16;107.71;97.31;92.58;92.82;91.37;92.12;92.06;87.89;88.25;85.45;87.56;87.02;89.33;89.30;87.68;86.36;85.85;81.52;82.18;81.41;81.27;81.67;76.96;72.88;71.84;73.81;71.40;77.65;76.18;75.47;73.83;73.68;68.95;68.67;68.89;70.40;73.63;71.71;73.57;73.69;76.29;74.21;78.16;77.77;80.14;80.01;81.46;81.72;80.81;82.67;76.77;76.01;80.32;76.41;71.79,HARAM,Streaming content includes substantial haram material,
WBD,LEISURE,LEISURE-MOVIES & RELATED,82,27.799999237060547,0.024318344224570687,27.64;27.63;27.40;27.22;27.07;27.46;27.32;27.37;27.53;27.39;27.20;27.47;27.31;26.90;26.82;27.05;26.97;27.22;27.12;27.24;27.25;26.98;27.09;27.10;27.00;27.04;27.25;27.00;26.24;26.56;26.86;26.83;26.24;26.95;27.20;26.74;26.66;26.48;26.12;26.63;27.09;27.27;26.87;25.83;25.95;25.28;25.64;26.30;25.79;26.40;26.87;27.65;27.99;28.48;28.23;28.70;28.75;28.77;28.32;28.37;28.12;28.20;28.10;28.07;27.80,QUESTIONABLE,Group classification: LEISURE-MOVIES & RELATED,
PARA,LEISURE,LEISURE-MOVIES & RELATED,1,0.9297999739646912,-0.9561415122404094,20.40;18.60;19.54;19.38;21.40;19.02;16.82;11.80;11.84;13.74;14.82;12.56;11.36;10.80;8.28;6.10;6.02;5.62;6.38;6.52;5.05;7.66;3.81;3.48;4.08;3.46;3.52;3.15;3.01;3.11;3.02;3.22;3.29;3.19;2.95;2.97;3.02;2.98;3.36;3.04;2.40;2.69;2.42;2.02;2.23;2.12;1.75;1.85;1.90;1.91;1.66;1.74;1.70;1.36;1.39;1.20;1.18;1.09;1.07;1.06;1.05;0.98;1.01;0.97;0.93,QUESTIONABLE,Group classification: LEISURE-MOVIES & RELATED,
AMC,LEISURE,LEISURE-MOVIES & RELATED,,,,,QUESTIONABLE,Group classification: LEISURE-MOVIES & RELATED,
CNK,LEISURE,LEISURE-MOVIES & RELATED,81,34.9900016784668,0.365047815044768,26.61;26.22;27.65;27.51;27.90;28.36;29.07;29.71;30.69;30.20;29.73;29.84;28.71;28.44;29.27;28.84;27.46;26.85;27.31;26.61;26.14;25.81;26.15;26.45;27.14;27.17;30.96;29.67;31.15;31.94;33.93;32.09;33.03;33.53;33.08;33.36;31.65;31.45;29.35;29.54;29.08;29.76;30.35;31.40;32.61;33.58;34.81;36.50;37.98;37.86;37.66;37.22;37.29;36.61;36.80;38.31;37.10;35.99;34.78;34.99;36.17;35.15;34.83;34.03;34.99,QUESTIONABLE,Group classification: LEISURE-MOVIES & RELATED,
IMAX,LEISURE,LEISURE-MOVIES & RELATED,89,52.77000045776367,0.38503943756341563,39.05;36.62;38.04;38.19;36.55;38.01;40.13;38.80;37.85;36.94;37.06;35.09;35.75;36.61;37.12;37.24;36.51;35.74;35.64;33.84;33.79;33.59;33.09;33.88;40.61;39.23;40.49;38.98;38.97;40.11;42.12;42.32;44.29;44.00;43.92;41.08;39.86;39.88;37.48;38.27;38.35;39.24;39.25;37.85;43.96;45.11;48.66;47.84;51.26;49.73;51.21;51.32;52.88;50.55;52.74;54.79;52.76;50.38;51.13;51.92;52.66;51.35;53.43;52.07;52.77,QUESTIONABLE,Group classification: LEISURE-MOVIES & RELATED,
POOL,LEISURE,LEISURE-PRODUCTS,8,167.9600067138672,-0.1757415323963245,207.81;201.52;202.41;199.36;195.98;199.52;200.11;198.68;210.55;214.31;223.44;224.46;229.89;225.51;222.15;206.70;205.20;184.44;187.80;182.20;172.94;174.21;177.38;180.51;181.16;183.50;180.88;179.51;184.31;191.17;191.09;189.78;193.07;194.33;204.02;210.23;213.50;218.04;208.25;206.61;209.45;201.05;199.86;195.08;182.13;183.41;192.19;184.50;202.11;199.77;198.68;198.11;194.84;187.50;190.33;188.24;188.38;188.07;182.76;184.07;177.34;175.76;171.76;167.76;167.96,HALAL,"Business activity permissible — debt ratio not verified, cross-check Musaffa/Zoya",
BC,LEISURE,LEISURE-PRODUCTS,26,67.55000305175781,-0.008798426779674129,70.80;70.39;73.23;72.55;70.17;71.96;72.49;72.74;77.13;76.94;76.38;80.33;83.04;79.10;79.31;78.47;78.54;77.55;79.88;78.65;77.32;76.69;73.09;78.32;82.92;83.18;82.03;81.68;79.97;82.69;81.18;81.69;80.29;81.08;84.39;86.61;83.79;78.66;76.91;77.57;76.54;78.57;80.02;80.16;79.13;80.22;80.03;78.57;82.82;80.81;80.00;79.90;82.22;80.57;81.06;81.25;79.67;76.64;73.37;72.76;71.95;69.88;70.14;67.72;67.55,HALAL,"Business activity permissible — debt ratio not verified, cross-check Musaffa/Zoya",
PII,LEISURE,LEISURE-PRODUCTS,20,54.06999969482422,0.09413895950733764,52.38;51.38;54.71;55.67;53.04;53.41;52.96;52.66;55.33;54.11;46.92;56.75;60.18;58.22;59.82;65.87;65.09;64.78;65.71;64.95;62.31;63.35;58.94;64.94;67.34;68.63;67.04;67.60;65.36;68.74;68.66;69.37;67.91;68.04;70.17;71.80;67.72;62.45;63.50;65.14;66.22;70.74;72.43;72.63;71.79;73.91;66.57;66.37;72.98;69.32;69.03;67.80;68.76;66.90;63.75;63.66;63.07;63.11;61.38;61.09;61.38;57.94;58.92;55.28;54.07,HALAL,"Business activity permissible — debt ratio not verified, cross-check Musaffa/Zoya",
LCII,LEISURE,LEISURE-PRODUCTS,15,85.5999984741211,-0.2911646802011164,121.14;118.51;118.82;120.34;118.80;120.40;120.13;118.83;124.11;120.61;118.11;120.84;118.63;118.02;116.09;115.22;114.34;109.68;113.99;110.77;108.63;108.70;105.13;106.89;109.42;110.49;105.63;105.62;93.23;92.41;90.59;91.45;88.75;90.33;93.11;94.82;104.73;102.23;104.67;100.77;100.93;102.98;106.99;103.64;103.46;102.39;105.39;101.24;105.88;104.66;103.71;105.98;104.94;102.14;104.29;104.51;102.99;102.96;100.77;101.04;99.11;93.40;90.19;87.11;85.60,HALAL,"Business activity permissible — debt ratio not verified, cross-check Musaffa/Zoya",
MBUU,LEISURE,LEISURE-PRODUCTS,12,23.270000457763672,-0.0963106618344205,26.05;25.41;26.25;26.87;26.08;25.92;24.48;24.15;25.35;25.83;24.76;26.54;26.10;26.34;25.50;25.22;25.71;25.00;25.40;29.66;28.14;26.22;24.86;26.86;28.68;27.84;28.01;27.28;26.39;28.02;27.14;27.69;26.95;26.37;27.39;28.75;27.43;25.07;25.64;26.23;26.77;27.97;28.17;28.08;27.23;28.34;27.91;27.57;29.24;28.61;28.95;29.34;29.33;29.33;29.53;29.47;26.64;27.36;26.39;26.68;26.57;25.06;24.52;23.33;23.27,HALAL,"Business activity permissible — debt ratio not verified, cross-check Musaffa/Zoya",
RGR,LEISURE,LEISURE-PRODUCTS,65,40.959999084472656,0.08045705669879433,38.45;39.12;39.36;43.17;40.49;39.75;40.67;40.29;40.80;41.22;42.00;41.86;41.73;41.98;42.64;42.50;42.80;41.42;38.81;37.27;38.90;39.25;39.17;39.12;39.99;39.15;38.72;38.53;38.55;38.66;39.08;38.20;37.82;40.26;38.33;38.12;37.64;37.44;38.07;38.34;38.22;37.77;37.64;38.56;37.85;38.69;37.59;36.96;38.91;37.60;36.96;37.33;37.67;37.60;37.97;38.46;38.27;37.26;37.97;37.22;38.09;37.59;37.63;37.08;40.96,HALAL,"Business activity permissible — debt ratio not verified, cross-check Musaffa/Zoya",
VSTO,LEISURE,LEISURE-PRODUCTS,,,,,HALAL,"Business activity permissible — debt ratio not verified, cross-check Musaffa/Zoya",
AOUT,LEISURE,LEISURE-PRODUCTS,97,16.420000076293945,1.0537836536999166,8.20;8.12;8.50;9.03;9.10;9.34;9.03;8.81;9.63;9.24;9.31;9.63;9.27;9.66;9.47;9.33;9.60;9.71;9.60;9.28;8.72;8.71;8.67;9.66;9.85;10.31;10.34;9.60;9.81;10.16;10.29;10.21;9.80;9.97;10.29;11.60;11.74;13.37;13.92;14.27;14.21;14.49;13.89;13.81;12.80;12.60;12.67;12.36;12.59;12.54;12.76;12.73;12.81;11.53;11.17;11.28;10.81;10.38;10.00;10.01;14.77;15.03;15.23;15.44;16.42,HALAL,"Business activity permissible — debt ratio not verified, cross-check Musaffa/Zoya",
MCD,LEISURE,LEISURE-RESTAURANTS,14,248.24000549316406,-0.2290018840067194,321.81;305.32;304.23;307.42;301.69;306.52;302.92;300.66;305.29;300.32;302.05;307.08;297.69;298.37;286.22;286.09;282.70;281.25;279.80;270.83;271.91;272.59;276.94;280.27;275.42;274.15;272.31;271.36;277.86;280.26;282.76;284.10;281.82;268.19;271.95;267.86;268.40;278.65;280.22;274.54;270.69;263.08;265.82;262.05;260.95;268.76;269.60;268.73;266.45;274.31;271.79;273.75;270.90;265.11;267.23;270.62;265.05;263.13;261.11;259.63;255.81;253.05;257.49;248.56;248.24,QUESTIONABLE,Some alcohol revenue in international markets,
SBUX,LEISURE,LEISURE-RESTAURANTS,49,95.83000183105469,-0.02223494360151035,96.45;94.73;92.75;91.63;85.81;88.56;89.33;94.11;95.80;96.36;97.21;98.85;96.67;98.39;96.76;104.29;104.68;103.73;103.06;104.52;104.73;106.21;105.77;103.54;100.84;100.17;95.96;95.34;94.75;96.85;101.70;101.01;99.25;99.58;102.94;104.00;101.61;103.67;103.02;105.80;106.73;104.51;104.89;103.85;102.62;103.06;103.55;104.65;104.37;104.56;104.05;107.87;107.69;106.01;103.99;107.49;108.49;107.85;106.15;105.82;102.01;99.22;99.07;97.34;95.83,HALAL,"No alcohol/pork in core menu — debt ratio not verified, cross-check Musaffa/Zoya",
CMG,LEISURE,LEISURE-RESTAURANTS,35,33.43000030517578,0.027982774741777794,34.41;32.94;33.36;32.50;30.86;32.01;33.16;33.06;34.24;34.59;35.25;35.83;36.05;33.90;33.64;32.99;32.98;32.31;33.27;31.92;32.11;32.65;33.04;32.80;32.31;32.42;30.55;28.74;29.34;29.88;31.25;32.73;31.86;30.54;31.69;33.34;34.00;35.39;34.35;34.60;36.63;34.63;34.44;33.32;32.01;33.20;34.24;37.22;33.82;33.71;32.14;32.64;33.50;33.36;35.29;38.02;37.34;38.03;37.51;37.57;36.96;36.13;37.03;33.68;33.43,QUESTIONABLE,"Some alcohol revenue (margaritas, beer)",
YUM,LEISURE,LEISURE-RESTAURANTS,24,137.99000549316406,-0.13114475474784182,162.08;154.71;156.98;157.59;152.44;153.95;154.55;155.38;159.20;159.84;160.34;161.18;158.76;159.14;153.64;158.26;156.80;152.37;155.70;148.81;148.29;148.49;150.69;152.80;152.49;149.28;146.77;147.70;150.11;150.87;152.50;153.89;153.30;149.98;152.25;155.63;159.06;163.90;166.65;161.58;160.87;151.80;147.18;146.43;146.63;147.06;151.16;152.51;146.94;151.52;144.60;149.59;147.37;144.13;151.57;156.56;153.64;153.09;151.27;151.77;148.76;143.89;146.33;137.96;137.99,QUESTIONABLE,KFC/Pizza Hut/Taco Bell — pork in some menus,
QSR,LEISURE,LEISURE-RESTAURANTS,49,72.87999725341797,0.021262949903679162,73.72;73.46;74.33;72.26;70.77;73.23;75.89;75.82;76.17;76.81;78.01;77.61;77.98;80.50;78.16;77.99;79.31;80.93;78.42;77.52;75.75;75.15;75.08;75.56;74.74;73.64;72.20;72.10;72.00;72.01;73.23;74.97;73.50;71.20;72.76;74.34;72.51;74.79;73.94;74.94;75.57;74.18;75.01;73.82;72.38;74.41;75.52;74.02;73.88;72.92;72.86;74.90;77.64;76.56;79.55;81.57;79.26;78.26;78.22;80.26;78.27;76.49;78.89;74.95;72.88,QUESTIONABLE,Restaurant Brands — pork in some menus,
DPZ,LEISURE,LEISURE-RESTAURANTS,11,294.20001220703125,-0.2583982993621685,391.33;370.70;362.31;358.09;343.87;354.39;366.28;363.64;368.73;364.31;363.56;367.50;364.68;367.83;331.19;328.24;333.63;327.67;328.46;309.38;304.70;298.59;308.92;312.59;306.62;306.55;309.87;303.01;310.14;313.80;308.43;314.57;312.43;293.30;285.85;296.35;294.22;309.74;311.22;299.03;307.95;308.96;320.20;324.33;321.26;341.42;357.79;345.30;365.37;356.23;345.71;351.55;344.14;334.18;332.31;346.86;342.44;347.85;338.28;344.90;333.35;315.35;321.78;301.30;294.20,HALAL,"Domino's — pizza, no alcohol — debt ratio not verified, cross-check Musaffa/Zoya",
WEN,LEISURE,LEISURE-RESTAURANTS,22,6.739999771118164,-0.03442079712247259,6.82;6.87;6.97;6.95;6.62;6.77;6.70;6.71;6.91;6.52;6.72;6.77;6.92;6.75;6.72;6.58;6.52;6.44;6.77;6.58;7.97;7.81;7.91;7.42;7.17;7.30;7.78;6.79;6.65;6.65;6.73;6.85;6.89;6.12;7.79;7.73;8.22;8.53;7.71;7.53;7.44;7.39;7.69;7.57;7.11;7.25;7.59;7.30;7.63;7.33;7.24;8.59;8.57;8.37;8.74;8.77;8.96;8.20;8.27;7.88;7.61;7.44;7.63;7.03;6.74,HALAL,"Wendy's — quick service, no alcohol — debt ratio not verified, cross-check Musaffa/Zoya",
TXRH,LEISURE,LEISURE-RESTAURANTS,41,167.55999755859375,-0.003345593794341961,169.56;170.24;165.85;167.71;158.88;163.80;161.66;158.65;163.25;161.16;161.71;163.74;159.75;159.14;156.59;158.53;157.01;156.75;156.65;182.05;177.85;176.53;172.41;176.61;180.73;178.89;173.98;165.55;169.81;163.37;167.06;166.90;172.87;179.08;186.30;195.84;192.49;193.54;186.31;186.32;191.29;189.13;196.27;193.56;190.13;200.27;208.36;204.65;207.44;207.37;206.66;213.46;206.31;202.61;200.42;204.50;203.10;198.23;191.57;189.06;182.84;181.05;181.12;170.07;167.56,HARAM,Texas Roadhouse — significant alcohol revenue,
DRI,LEISURE,LEISURE-RESTAURANTS,54,209.27999877929688,0.050535306483307396,200.68;201.23;192.91;198.51;189.49;192.98;193.27;187.66;193.28;190.35;198.08;199.46;195.37;200.72;197.11;194.72;193.20;192.94;193.60;194.23;191.26;194.32;192.18;195.49;202.19;202.83;200.29;196.68;196.53;199.30;209.15;207.09;209.63;210.30;211.74;212.01;204.36;202.68;202.86;200.30;196.69;196.06;198.53;193.39;194.12;204.10;212.23;203.58;204.57;210.94;217.97;227.68;225.26;218.86;217.95;225.56;218.81;215.63;215.56;218.04;212.92;207.53;218.57;208.08;209.28,HARAM,"Darden — Olive Garden etc., heavy alcohol revenue",
BLMN,LEISURE,LEISURE-RESTAURANTS,71,8.069999694824219,0.4646096841382332,5.69;6.03;5.59;5.62;5.26;5.40;5.49;5.66;6.08;5.83;6.55;6.73;6.49;6.39;6.08;6.01;5.92;5.76;7.95;8.37;8.28;8.04;7.61;7.75;7.92;8.32;8.14;7.49;7.27;7.43;8.06;7.65;7.68;8.33;8.55;8.97;9.14;8.70;7.98;8.06;8.44;8.42;8.54;8.44;8.19;8.54;8.81;8.66;8.92;10.88;11.02;11.39;10.55;10.66;10.48;11.44;11.15;10.58;9.74;9.73;9.58;8.67;8.91;8.04;8.07,HARAM,"Bloomin' Brands — Outback steakhouse, alcohol",
EAT,LEISURE,LEISURE-RESTAURANTS,84,196.7100067138672,0.36585197110344403,142.77;144.76;146.96;147.11;133.67;142.77;144.69;148.41;154.87;154.15;157.23;158.14;147.71;143.85;134.13;147.80;148.14;144.94;146.30;139.61;126.36;137.22;126.33;136.57;139.68;140.02;141.76;140.26;140.46;150.83;158.73;156.24;158.80;164.46;169.87;171.46;168.00;177.71;175.30;180.63;189.27;178.64;189.35;192.83;185.00;195.44;205.73;213.70;218.25;227.27;227.54;245.89;237.15;235.65;233.10;253.94;240.93;230.19;233.98;228.88;222.49;214.69;214.16;210.61;196.71,HARAM,"Brinker — Chili's, alcohol revenue",
CAVA,LEISURE,LEISURE-RESTAURANTS,6,51.63999938964844,-0.37024390988233613,90.52;87.64;87.07;80.29;75.42;80.90;79.63;83.42;86.15;84.21;88.44;94.78;96.27;93.11;94.23;91.11;90.98;90.34;84.47;79.99;72.30;76.87;78.12;81.27;80.32;78.20;74.67;71.33;72.60;76.28;88.25;89.52;88.05;80.88;82.24;83.40;78.48;76.88;69.74;68.20;72.54;69.65;68.85;63.69;63.21;64.54;65.36;65.23;63.44;62.23;61.58;69.47;74.42;68.24;72.03;71.93;67.77;66.94;61.08;61.67;60.14;54.00;54.89;49.76;51.64,QUESTIONABLE,Group classification: LEISURE-RESTAURANTS,
WING,LEISURE,LEISURE-RESTAURANTS,2,104.08000183105469,-0.4856157653299388,197.01;186.28;182.25;165.41;153.62;154.13;151.68;165.14;178.08;185.30;190.36;195.28;188.17;185.73;176.77;170.28;159.86;145.95;134.15;126.64;119.96;128.84;126.43;132.27;140.22;157.15;157.70;143.63;141.82;143.44;153.43;165.74;149.62;156.29;155.34;166.28;172.91;177.47;169.72;157.26;153.61;145.28;141.92;134.56;134.47;136.84;139.05;129.11;121.15;116.28;117.18;111.76;126.12;114.55;113.63;116.84;112.24;113.58;109.60;110.28;109.45;110.52;114.71;101.06;104.08,QUESTIONABLE,Group classification: LEISURE-RESTAURANTS,
DNUT,LEISURE,LEISURE-RESTAURANTS,13,3.0199999809265137,-0.07645259983431729,3.59;3.76;3.35;3.35;3.23;3.39;3.40;3.32;3.37;3.31;3.46;3.61;3.98;3.82;4.02;3.65;3.82;3.67;3.64;3.38;3.31;3.23;3.21;3.33;3.37;3.42;3.53;3.30;3.51;3.73;4.20;3.99;3.78;3.50;3.73;3.54;3.53;3.51;3.32;3.42;3.47;3.32;3.30;3.19;3.11;3.26;3.26;3.18;3.08;3.23;3.14;3.30;3.33;3.24;3.54;3.61;3.44;3.47;3.36;3.34;3.31;3.20;3.20;3.11;3.02,QUESTIONABLE,Group classification: LEISURE-RESTAURANTS,
SHAK,LEISURE,LEISURE-RESTAURANTS,7,54.880001068115234,-0.36861479263442154,90.50;88.16;90.87;89.50;81.32;88.47;89.33;92.80;97.55;100.65;101.17;103.73;101.78;97.59;101.45;100.61;98.36;96.61;69.24;64.50;63.91;60.41;64.12;62.83;61.82;62.13;62.22;55.53;52.34;53.78;58.33;58.40;58.79;55.71;54.75;56.87;56.02;56.47;54.92;56.32;62.18;60.00;58.00;56.44;55.99;61.57;63.05;62.75;66.22;70.24;71.45;72.86;74.84;70.99;73.85;75.44;72.94;69.89;67.62;69.30;67.40;61.70;63.51;56.65;54.88,QUESTIONABLE,Beer/wine on menu,
JACK,LEISURE,LEISURE-RESTAURANTS,20,13.0600004196167,0.03159562219792256,12.50;11.19;11.16;11.00;9.70;9.67;9.99;10.96;12.02;11.38;11.72;12.98;12.70;12.71;13.20;12.30;12.28;12.84;13.87;13.40;12.79;10.87;11.44;11.35;10.89;11.56;13.48;11.95;11.32;11.96;12.44;12.92;12.40;11.41;13.35;13.81;15.81;17.20;15.68;15.17;15.12;15.27;14.98;14.81;13.77;15.67;16.47;16.37;17.27;17.38;17.84;18.77;17.03;16.73;16.60;17.83;16.47;16.19;15.63;15.16;15.16;14.66;14.66;13.21;13.06,QUESTIONABLE,Group classification: LEISURE-RESTAURANTS,
MAT,LEISURE,LEISURE-TOYS/GAMES/HOBBY,12,13.260000228881836,-0.17434616003558168,15.70;15.00;15.08;14.87;14.30;14.53;14.36;14.42;14.64;14.53;14.84;15.19;14.88;14.76;14.72;14.89;14.93;14.72;15.00;14.99;14.82;15.15;15.00;14.97;15.07;14.89;14.86;14.34;14.08;14.49;14.66;14.35;13.67;13.89;13.88;13.98;13.88;13.34;13.42;13.18;13.84;13.86;14.30;14.20;14.24;14.80;15.37;15.09;14.86;14.49;14.74;14.65;15.03;14.50;14.72;14.82;15.23;15.14;14.59;14.30;14.14;13.81;14.03;13.17;13.26,HALAL,"Business activity permissible — debt ratio not verified, cross-check Musaffa/Zoya",
HAS,LEISURE,LEISURE-TOYS/GAMES/HOBBY,53,87.56999969482422,-0.04764822614346553,91.83;89.94;91.55;90.76;87.22;92.15;88.76;88.01;91.62;91.06;92.47;95.64;89.66;95.08;93.22;92.56;93.79;93.29;95.88;93.71;92.55;93.77;95.67;88.68;86.63;85.04;84.44;83.50;83.55;83.63;83.15;84.36;82.85;83.76;82.66;84.69;81.97;79.55;76.16;76.81;78.94;79.91;80.94;88.12;86.70;89.94;94.46;93.24;90.83;91.01;93.79;94.18;95.98;93.29;93.56;95.41;96.29;94.23;93.20;93.00;90.31;90.16;90.76;89.30;87.57,HALAL,"Business activity permissible — debt ratio not verified, cross-check Musaffa/Zoya",
FNKO,LEISURE,LEISURE-TOYS/GAMES/HOBBY,87,5.380000114440918,0.3026634298699562,3.83;3.51;3.42;3.30;2.93;3.15;3.25;3.64;3.75;3.57;3.97;4.37;4.39;4.37;4.31;4.27;4.44;4.32;4.46;5.44;5.24;5.06;4.69;5.16;5.27;5.50;5.59;5.22;5.10;5.18;5.42;5.48;5.09;5.30;5.65;5.80;5.88;5.51;5.40;5.37;5.69;5.65;5.82;5.81;5.72;6.12;6.20;5.83;5.76;5.28;6.19;5.92;6.14;6.19;6.22;6.87;6.38;7.10;6.20;5.69;5.68;5.41;5.44;5.26;5.38,HALAL,"Business activity permissible — debt ratio not verified, cross-check Musaffa/Zoya",
BBW,LEISURE,LEISURE-TOYS/GAMES/HOBBY,2,24.440000534057617,-0.39483231834459787,39.45;40.30;41.08;39.13;37.02;37.19;37.80;36.93;37.58;36.96;36.76;38.77;38.77;37.54;38.27;36.45;35.77;36.38;37.16;36.82;35.49;35.07;37.22;36.90;37.40;38.63;36.12;35.02;33.73;32.80;33.65;32.28;31.38;31.59;32.35;31.34;30.61;31.50;29.84;31.15;33.62;34.40;34.13;33.97;33.84;34.12;35.52;33.92;34.28;34.71;37.26;36.98;38.34;37.44;37.78;38.87;39.10;29.85;30.40;29.07;29.14;28.18;27.16;26.37;24.44,HALAL,"Business activity permissible — debt ratio not verified, cross-check Musaffa/Zoya",
JAKK,LEISURE,LEISURE-TOYS/GAMES/HOBBY,82,24.1299991607666,0.24998310442296567,19.47;19.54;19.57;19.96;19.27;19.51;19.75;20.64;21.71;21.20;21.25;22.08;22.09;22.13;21.49;21.06;23.56;22.47;22.80;22.06;21.07;20.88;20.85;21.70;21.81;22.41;21.62;21.36;21.45;21.68;22.13;21.97;21.38;21.80;22.58;23.67;23.05;23.21;22.54;21.86;22.42;22.70;23.99;24.17;23.58;25.67;26.25;26.07;25.77;25.22;25.21;24.91;25.45;25.04;24.85;25.26;25.37;25.42;24.71;24.05;24.44;23.79;24.33;24.24;24.13,HALAL,"Business activity permissible — debt ratio not verified, cross-check Musaffa/Zoya",
BKNG,LEISURE,LEISURE-TRAVEL BOOKING,21,167.89999389648438,-0.0054336694803955865,176.82;170.93;175.01;168.68;161.69;167.59;166.95;172.56;175.73;176.38;184.78;191.07;189.92;175.88;176.65;173.13;168.80;166.81;170.44;157.03;154.27;153.37;153.78;158.90;162.50;168.99;168.42;163.97;165.44;163.59;163.20;174.22;171.22;167.37;180.81;181.02;177.81;184.12;181.51;175.10;175.38;182.36;181.24;178.97;172.41;186.34;200.82;192.44;193.80;206.89;212.37;211.75;211.55;207.75;209.36;212.85;208.39;205.13;195.22;194.66;179.87;173.91;175.35;171.40;167.90,HALAL,"Business activity permissible — debt ratio not verified, cross-check Musaffa/Zoya",
EXPE,LEISURE,LEISURE-TRAVEL BOOKING,72,279.3500061035156,0.22759849312514002,240.39;238.56;235.81;235.42;225.01;230.07;224.50;223.50;229.44;239.36;256.52;264.89;272.83;249.48;244.35;249.68;250.94;247.77;251.89;220.67;216.78;216.96;214.24;217.34;222.18;227.22;228.04;225.09;228.55;230.73;224.34;236.64;239.13;237.68;261.77;262.42;255.51;268.30;269.48;267.39;265.25;266.73;268.38;264.56;257.24;277.97;303.83;294.32;311.61;306.13;313.56;325.10;332.21;320.96;323.70;338.64;332.96;329.44;304.23;303.14;274.55;276.88;287.86;286.97;279.35,HALAL,"Business activity permissible — debt ratio not verified, cross-check Musaffa/Zoya",
TRIP,LEISURE,LEISURE-TRAVEL BOOKING,5,8.84000015258789,-0.0432900030777672,9.51;9.29;10.04;9.51;10.11;10.66;10.85;10.75;11.49;11.13;11.48;11.39;11.23;10.86;11.19;11.18;11.56;11.28;11.23;9.66;9.63;9.46;9.30;9.90;10.04;10.90;12.10;11.94;11.86;11.95;11.91;12.56;12.61;12.36;12.98;13.76;13.71;14.29;13.72;13.33;14.40;14.60;14.58;13.80;13.49;14.28;14.58;14.17;14.33;10.42;10.78;10.71;10.74;10.23;10.03;10.19;9.87;9.87;9.46;9.29;9.09;8.83;9.23;8.94;8.84,HALAL,"Business activity permissible — debt ratio not verified, cross-check Musaffa/Zoya",
TCOM,LEISURE,LEISURE-TRAVEL BOOKING,7,40.68000030517578,-0.21345708922969076,52.41;51.73;51.32;51.34;48.49;49.79;50.48;50.22;51.34;51.77;54.12;55.19;54.65;52.95;53.20;52.78;54.22;52.40;53.37;52.20;52.28;49.61;48.95;48.06;47.35;47.08;48.29;47.94;47.69;47.04;47.39;47.40;46.73;46.42;46.30;40.89;39.84;41.00;40.81;41.43;42.36;42.87;42.45;43.65;43.02;44.77;46.00;47.01;46.84;46.24;47.12;45.58;44.98;44.55;46.43;46.02;45.14;45.35;43.84;41.40;40.50;38.70;39.08;40.43;40.68,HALAL,"Business activity permissible — debt ratio not verified, cross-check Musaffa/Zoya",
DESP,LEISURE,LEISURE-TRAVEL BOOKING,,,,,HALAL,"Business activity permissible — debt ratio not verified, cross-check Musaffa/Zoya",
CAT,MACHINERY,MACHINERY-CONSTRUCTION/MINING,79,808.989990234375,0.17009436680593581,699.37;686.07;699.07;716.34;692.79;705.80;714.53;721.72;784.12;788.76;767.28;791.67;798.97;833.69;827.26;808.55;888.02;902.92;894.03;925.07;900.63;886.67;858.56;864.35;906.87;886.03;863.76;924.47;902.61;913.01;895.97;932.20;954.15;1020.39;992.61;995.62;1062.93;961.75;938.38;936.65;929.75;912.61;878.65;889.97;894.54;873.28;782.71;814.81;876.54;856.96;837.58;855.60;856.57;840.87;815.39;811.02;821.93;800.25;779.16;800.14;822.48;805.00;784.00;782.72;808.99,HALAL,"Business activity permissible — debt ratio not verified, cross-check Musaffa/Zoya",
DE,MACHINERY,MACHINERY-CONSTRUCTION/MINING,83,683.989990234375,0.19094129435798535,571.11;564.46;565.90;574.81;563.53;561.84;574.22;574.51;616.40;601.48;575.15;588.93;585.78;590.42;566.22;558.57;575.77;574.30;579.04;587.22;579.15;560.38;556.63;529.98;527.75;537.61;541.03;586.77;581.93;575.84;567.17;573.98;586.95;597.04;599.20;611.65;634.33;621.27;603.61;592.90;585.64;589.48;597.24;586.88;610.02;625.02;610.95;592.67;617.37;614.84;609.28;619.77;608.85;588.72;620.94;648.64;634.54;630.33;676.08;694.41;680.73;677.94;681.46;669.47;683.99,HALAL,"Business activity permissible — debt ratio not verified, cross-check Musaffa/Zoya",
AGCO,MACHINERY,MACHINERY-CONSTRUCTION/MINING,56,119.79000091552734,0.015943617451015468,115.87;110.31;113.47;116.71;112.90;115.23;113.95;113.73;121.49;120.66;114.63;117.94;118.68;118.87;116.86;113.79;117.85;113.91;117.05;118.17;115.31;112.94;111.18;111.75;114.02;113.53;111.69;119.26;116.06;112.80;110.70;112.20;111.63;113.58;114.23;117.00;119.34;116.14;113.41;112.92;113.74;114.54;114.98;111.45;116.92;119.88;115.82;101.85;106.88;101.32;100.57;101.24;101.33;98.45;104.02;110.13;111.56;113.39;122.32;125.82;127.31;121.93;122.30;119.89;119.79,HALAL,"Business activity permissible — debt ratio not verified, cross-check Musaffa/Zoya",
CNHI,MACHINERY,MACHINERY-CONSTRUCTION/MINING,,,,,HALAL,"Business activity permissible — debt ratio not verified, cross-check Musaffa/Zoya",
OSK,MACHINERY,MACHINERY-CONSTRUCTION/MINING,56,146.61000061035156,0.0043789987855336054,147.07;143.05;143.70;146.69;139.18;146.02;146.32;145.50;155.29;150.51;139.08;146.68;148.90;151.84;149.49;146.18;154.04;152.03;151.82;132.95;124.30;119.42;118.15;126.09;128.95;129.18;125.69;133.56;130.05;132.13;133.47;136.15;137.25;141.78;142.83;151.04;152.92;142.18;141.31;142.25;145.32;145.01;143.13;145.86;151.41;154.38;142.30;141.89;156.15;152.88;154.82;155.09;152.89;147.69;152.73;156.33;157.48;153.96;147.68;156.36;153.78;147.77;143.40;145.04;146.61,HALAL,"Business activity permissible — debt ratio not verified, cross-check Musaffa/Zoya",
TEX,MACHINERY,MACHINERY-CONSTRUCTION/MINING,48,59.040000915527344,-0.0008635048976918247,59.24;57.59;59.20;60.57;56.14;58.78;58.21;59.30;64.04;62.98;58.35;60.49;60.57;62.47;62.33;60.37;61.54;60.58;62.48;63.79;62.30;59.81;55.09;56.99;58.95;58.85;57.91;62.33;60.10;63.51;62.62;65.12;64.02;68.76;69.92;71.63;72.20;67.99;66.44;64.46;65.44;65.35;65.22;64.60;68.34;68.88;64.39;62.68;65.91;65.18;66.17;68.20;67.92;64.43;64.20;65.88;65.36;63.73;59.29;62.76;62.91;59.64;58.68;58.82;59.04,HALAL,"Business activity permissible — debt ratio not verified, cross-check Musaffa/Zoya",
MTW,MACHINERY,MACHINERY-CONSTRUCTION/MINING,97,22.350000381469727,0.8334701518313716,12.18;11.64;11.76;12.10;11.61;11.65;11.75;11.67;13.02;13.21;13.00;13.01;12.52;13.36;13.41;13.01;13.51;13.67;13.62;13.02;12.67;12.20;11.35;11.69;11.80;12.06;11.60;12.22;11.85;12.04;12.21;12.58;12.71;13.25;13.47;14.34;13.89;12.52;12.27;12.38;12.72;12.95;13.03;13.20;14.02;14.56;13.66;13.85;14.45;14.21;18.89;20.16;20.68;19.30;19.09;19.68;19.45;19.59;18.96;20.45;20.99;20.56;20.18;20.88;22.35,HALAL,"Business activity permissible — debt ratio not verified, cross-check Musaffa/Zoya",
ETN,MACHINERY,MACHINERY-ELECTRIC UTILITY,68,424.7699890136719,0.20144024055627074,362.06;358.36;357.87;373.05;355.50;355.81;359.22;366.93;398.36;401.26;393.00;404.10;407.57;422.29;414.60;408.63;423.34;408.72;397.07;417.97;405.94;398.46;370.97;380.57;402.14;400.95;399.10;420.18;394.97;400.73;392.67;406.06;408.63;434.71;403.60;401.69;425.07;397.54;394.71;404.83;401.86;411.85;399.01;401.96;414.11;397.66;360.99;414.18;443.68;447.09;444.96;459.96;451.51;431.33;415.29;408.67;419.44;402.78;390.71;397.12;422.13;409.15;393.16;397.80;424.77,HALAL,"Business activity permissible — debt ratio not verified, cross-check Musaffa/Zoya",
EMR,MACHINERY,MACHINERY-ELECTRIC UTILITY,58,149.9199981689453,0.1421383254462143,131.51;128.94;128.87;129.89;124.47;130.05;130.73;133.64;143.60;143.39;139.36;145.27;143.76;141.39;140.42;135.55;136.43;137.36;140.05;138.40;136.74;132.60;130.21;134.44;140.49;141.31;141.17;140.40;137.65;141.94;141.61;146.02;148.50;149.70;140.96;143.01;142.67;138.58;137.44;137.33;134.92;135.79;139.07;138.79;144.41;148.80;145.24;149.31;158.30;156.38;158.17;163.25;163.17;157.78;154.72;157.57;158.29;155.18;147.63;150.21;152.15;148.37;148.30;145.83;149.92,HALAL,"Business activity permissible — debt ratio not verified, cross-check Musaffa/Zoya",
ROK,MACHINERY,MACHINERY-ELECTRIC UTILITY,51,415.6199951171875,0.15863558535741684,355.20;353.55;355.63;358.44;349.34;356.68;362.78;367.10;392.48;405.28;394.96;413.18;407.52;406.40;404.42;397.74;404.93;433.25;445.80;453.86;452.20;445.99;420.99;438.90;454.90;453.40;455.31;460.31;445.34;459.06;456.18;462.15;457.28;476.61;458.96;475.36;493.56;470.25;467.46;466.04;459.04;460.50;460.43;463.39;459.24;464.57;457.98;478.61;443.86;440.44;433.88;450.00;447.99;433.67;431.45;429.69;431.75;430.86;417.53;428.28;429.13;421.37;418.85;414.92;415.62,HALAL,"Business activity permissible — debt ratio not verified, cross-check Musaffa/Zoya",
PWR,MACHINERY,MACHINERY-ELECTRIC UTILITY,74,636.7100219726562,0.13937317888382283,571.44;577.75;567.25;573.30;549.79;548.83;560.54;555.49;581.97;595.75;591.73;601.79;605.80;633.34;637.18;628.50;742.10;771.49;750.62;781.26;773.60;769.87;714.02;716.80;742.07;729.99;687.37;715.56;695.00;691.84;683.19;724.24;714.74;740.03;701.77;687.76;719.93;668.31;656.79;668.17;646.70;648.84;628.53;639.20;653.80;620.28;561.14;667.36;693.00;667.84;660.86;678.02;685.78;696.15;662.47;616.78;616.73;602.70;611.39;620.06;639.05;618.73;622.02;619.28;636.71,HALAL,"Business activity permissible — debt ratio not verified, cross-check Musaffa/Zoya",
DE,MACHINERY,MACHINERY-FARM,83,683.989990234375,0.19094129435798535,571.11;564.46;565.90;574.81;563.53;561.84;574.22;574.51;616.40;601.48;575.15;588.93;585.78;590.42;566.22;558.57;575.77;574.30;579.04;587.22;579.15;560.38;556.63;529.98;527.75;537.61;541.03;586.77;581.93;575.84;567.17;573.98;586.95;597.04;599.20;611.65;634.33;621.27;603.61;592.90;585.64;589.48;597.24;586.88;610.02;625.02;610.95;592.67;617.37;614.84;609.28;619.77;608.85;588.72;620.94;648.64;634.54;630.33;676.08;694.41;680.73;677.94;681.46;669.47;683.99,HALAL,"Business activity permissible — debt ratio not verified, cross-check Musaffa/Zoya",
AGCO,MACHINERY,MACHINERY-FARM,56,119.79000091552734,0.015943617451015468,115.87;110.31;113.47;116.71;112.90;115.23;113.95;113.73;121.49;120.66;114.63;117.94;118.68;118.87;116.86;113.79;117.85;113.91;117.05;118.17;115.31;112.94;111.18;111.75;114.02;113.53;111.69;119.26;116.06;112.80;110.70;112.20;111.63;113.58;114.23;117.00;119.34;116.14;113.41;112.92;113.74;114.54;114.98;111.45;116.92;119.88;115.82;101.85;106.88;101.32;100.57;101.24;101.33;98.45;104.02;110.13;111.56;113.39;122.32;125.82;127.31;121.93;122.30;119.89;119.79,HALAL,"Business activity permissible — debt ratio not verified, cross-check Musaffa/Zoya",
LNN,MACHINERY,MACHINERY-FARM,30,115.12999725341797,-0.07549629299617167,116.03;114.52;117.85;119.72;116.92;118.26;102.32;105.03;111.15;112.09;106.29;107.56;106.13;109.78;109.73;109.02;110.91;108.97;111.58;108.12;104.79;104.98;108.32;108.82;110.36;109.66;109.69;112.91;112.30;114.17;114.30;114.42;115.72;116.34;120.13;124.44;123.39;121.72;114.86;110.81;114.55;115.27;115.16;111.71;113.06;114.22;112.06;110.45;117.34;114.27;114.83;115.33;114.69;111.80;116.14;116.24;114.13;113.88;114.82;122.85;123.14;117.31;118.34;118.23;115.13,HALAL,"Business activity permissible — debt ratio not verified, cross-check Musaffa/Zoya",
ALG,MACHINERY,MACHINERY-FARM,39,166.64999389648438,-0.020247014673454244,166.12;162.51;166.59;168.47;166.33;164.31;167.52;167.52;178.32;175.85;168.40;171.75;168.83;173.99;171.67;168.02;170.99;166.62;165.85;154.48;151.31;146.96;149.65;149.52;152.26;152.16;149.55;149.81;149.06;152.64;154.09;151.74;155.84;160.71;163.18;168.45;164.15;169.89;165.81;161.81;161.90;162.39;162.43;161.18;165.04;164.43;156.95;159.08;170.33;166.17;168.98;165.22;164.93;159.25;162.46;165.24;164.79;165.27;164.10;171.54;172.53;167.28;168.46;168.42;166.65,HALAL,"Business activity permissible — debt ratio not verified, cross-check Musaffa/Zoya",
TWI,MACHINERY,MACHINERY-FARM,20,7.0,-0.0410959154652657,7.18;7.16;7.20;7.10;6.80;6.91;7.49;7.54;8.45;8.53;8.12;8.14;8.02;8.19;8.24;7.99;7.88;7.63;8.01;7.67;7.57;7.57;7.13;7.37;7.26;7.27;7.30;7.68;7.29;7.46;7.39;7.59;7.36;7.56;7.51;8.02;7.71;7.21;7.32;7.17;7.35;7.64;7.66;7.76;7.89;8.06;7.65;7.22;7.49;7.21;7.08;6.97;6.90;6.42;6.67;7.03;7.05;7.02;7.41;7.64;7.88;7.36;7.10;7.09;7.00,HALAL,"Business activity permissible — debt ratio not verified, cross-check Musaffa/Zoya",
GE,MACHINERY,MACHINERY-GENERAL INDUSTRIAL,44,314.2699890136719,0.0499574021902085,301.71;291.25;291.18;296.19;282.46;283.42;280.81;288.24;312.63;311.51;313.54;303.75;286.37;281.99;284.21;283.22;286.15;286.32;302.25;300.40;294.34;281.18;284.92;301.38;314.10;320.42;324.20;314.25;327.59;330.03;332.35;341.83;356.59;354.68;365.42;368.54;373.26;377.05;366.98;359.04;353.42;360.35;348.83;340.70;349.00;361.61;350.63;360.07;377.28;374.55;366.70;365.33;368.38;375.09;344.64;341.84;354.39;342.58;331.09;333.48;334.91;324.15;317.56;312.90;314.27,HALAL,"Business activity permissible — debt ratio not verified, cross-check Musaffa/Zoya",
HON,MACHINERY,MACHINERY-GENERAL INDUSTRIAL,25,206.4600067138672,-0.15336692526799856,240.66;238.17;231.91;234.80;232.03;235.05;238.61;232.77;245.48;242.97;241.46;242.87;231.09;222.90;220.51;218.69;220.98;217.40;224.69;227.86;226.66;222.97;227.06;234.01;242.29;243.63;247.33;233.45;223.73;225.54;229.12;237.79;239.04;238.52;237.80;242.81;223.23;229.17;224.38;222.75;221.59;222.17;224.35;229.17;245.53;245.01;240.40;242.32;248.05;240.02;242.20;234.64;233.96;227.71;218.32;214.77;220.67;217.43;209.98;207.63;208.24;202.18;201.38;207.66;206.46,HALAL,"Business activity permissible — debt ratio not verified, cross-check Musaffa/Zoya",
ITW,MACHINERY,MACHINERY-GENERAL INDUSTRIAL,50,269.4200134277344,0.02163291293926828,264.46;257.42;259.53;263.18;255.86;258.72;256.66;257.48;271.54;272.86;262.80;270.62;269.42;271.49;268.12;264.07;253.93;253.02;253.99;250.57;248.59;246.19;245.88;248.43;248.90;248.14;244.33;248.75;251.20;255.01;252.92;260.93;260.53;263.71;262.09;266.10;270.47;272.76;271.09;265.48;271.50;271.41;276.05;271.99;276.91;284.82;292.45;286.95;295.06;294.70;294.52;292.51;290.81;284.66;282.74;283.95;285.51;280.10;269.88;271.65;268.69;265.20;269.04;267.33;269.42,HALAL,"Business activity permissible — debt ratio not verified, cross-check Musaffa/Zoya",
PH,MACHINERY,MACHINERY-GENERAL INDUSTRIAL,57,943.5399780273438,0.06486116230465533,889.50;896.18;902.20;917.63;884.65;891.43;904.19;909.08;978.80;985.27;959.65;984.59;968.55;969.73;970.19;943.46;878.47;868.97;883.07;872.60;880.60;860.99;850.85;862.99;866.29;851.10;821.65;849.05;880.57;903.71;900.56;917.01;944.07;960.21;959.16;966.97;976.15;960.95;955.59;947.26;949.35;951.03;951.29;957.65;983.50;985.33;949.16;974.57;990.65;1067.65;1058.37;1067.37;1053.73;1039.76;998.12;1012.20;1037.40;993.02;952.09;964.52;955.87;934.34;928.83;918.75;943.54,HALAL,"Business activity permissible — debt ratio not verified, cross-check Musaffa/Zoya",
DOV,MACHINERY,MACHINERY-GENERAL INDUSTRIAL,27,187.4199981689453,-0.07626385067592079,212.73;210.42;211.21;214.07;205.55;207.39;204.34;206.49;217.21;218.13;214.36;217.96;219.16;226.99;225.08;221.12;224.64;222.33;219.78;218.85;213.53;209.70;206.50;206.71;214.31;211.43;206.99;212.95;214.19;220.39;217.95;220.09;220.21;228.79;223.72;225.36;223.69;213.15;213.48;211.01;213.70;211.70;213.61;210.86;197.28;205.31;197.47;204.08;209.38;210.28;209.54;207.52;206.52;202.52;199.35;203.08;204.12;198.15;189.93;191.07;194.74;187.37;189.15;188.36;187.42,HALAL,"Business activity permissible — debt ratio not verified, cross-check Musaffa/Zoya",
IR,MACHINERY,MACHINERY-GENERAL INDUSTRIAL,22,71.83000183105469,-0.12495925650782891,84.02;82.12;82.25;83.61;79.41;80.08;77.87;79.51;86.99;87.64;83.35;85.76;84.77;84.91;83.97;77.42;77.95;75.78;77.46;74.66;71.35;70.33;68.52;70.26;72.41;70.97;70.94;70.05;72.23;73.89;73.18;76.75;77.05;77.85;78.30;81.35;81.97;80.57;78.69;77.03;78.54;79.12;82.22;80.88;84.29;84.64;84.59;83.36;89.44;88.22;86.61;84.74;83.34;80.77;79.33;79.99;79.97;78.58;74.64;75.40;75.11;73.09;72.13;71.44;71.83,HALAL,"Business activity permissible — debt ratio not verified, cross-check Musaffa/Zoya",
FLS,MACHINERY,MACHINERY-GENERAL INDUSTRIAL,52,73.87999725341797,0.00042760649870965395,74.68;73.46;73.82;76.13;71.94;73.29;75.02;77.16;84.20;84.23;78.59;83.57;81.80;81.67;87.66;84.00;71.44;70.01;71.33;70.56;66.27;64.88;64.20;68.53;73.13;74.99;74.86;75.20;73.28;75.75;77.87;79.76;78.70;81.34;72.72;72.56;74.16;72.34;71.37;69.69;68.36;68.89;68.46;67.52;71.66;72.68;69.94;75.99;79.55;78.64;79.49;80.95;80.87;78.79;78.10;80.46;82.80;80.33;76.64;77.19;76.98;72.83;71.39;72.31;73.88,HALAL,"Business activity permissible — debt ratio not verified, cross-check Musaffa/Zoya",
WAB,MACHINERY,MACHINERY-GENERAL INDUSTRIAL,75,280.2300109863281,0.18626665474704218,237.45;236.61;241.14;247.76;240.57;249.35;253.34;255.48;270.33;268.44;256.80;262.78;257.05;268.85;266.62;260.78;264.36;262.85;264.98;267.53;264.19;263.31;254.72;254.59;261.20;260.93;255.75;262.51;260.13;265.50;261.82;268.61;271.58;276.46;272.20;269.25;269.32;261.92;258.92;259.50;260.59;259.44;261.81;263.26;297.68;300.59;291.46;290.56;298.76;294.93;293.86;295.24;298.71;294.72;292.31;297.62;300.54;292.23;279.80;280.83;284.45;280.27;278.42;276.37;280.23,HALAL,"Business activity permissible — debt ratio not verified, cross-check Musaffa/Zoya",
SPXC,MACHINERY,MACHINERY-GENERAL INDUSTRIAL,17,181.77000427246094,-0.0886437350027599,204.62;202.36;194.52;201.27;200.00;199.94;197.29;195.43;215.54;221.27;219.99;223.52;216.49;223.96;222.45;211.36;208.13;207.81;205.27;203.24;203.79;200.99;195.79;205.39;219.08;213.82;220.92;234.08;227.80;228.01;233.49;237.06;235.29;246.41;237.22;231.87;245.17;227.74;218.83;216.63;215.14;217.59;211.73;217.02;219.80;219.16;187.65;219.62;215.97;214.16;212.35;218.18;217.32;212.66;204.48;200.90;205.69;198.73;192.13;193.92;197.19;186.95;183.19;178.68;181.77,HALAL,"Business activity permissible — debt ratio not verified, cross-check Musaffa/Zoya",
GTLS,MACHINERY,MACHINERY-GENERAL INDUSTRIAL,,,,,HALAL,"Business activity permissible — debt ratio not verified, cross-check Musaffa/Zoya",
ATKR,MACHINERY,MACHINERY-GENERAL INDUSTRIAL,91,94.31999969482422,0.693824971027353,55.69;56.34;57.66;60.41;58.66;58.44;61.02;63.26;67.31;68.15;67.14;68.57;68.90;71.50;76.60;74.75;73.95;75.78;73.38;74.04;74.85;73.68;71.49;75.91;85.11;81.77;81.62;84.72;80.33;80.50;78.71;78.97;76.57;81.66;77.62;77.56;75.77;68.97;69.02;70.35;71.43;73.57;73.16;74.28;72.79;75.02;71.18;72.70;93.20;93.33;93.42;93.48;93.47;93.44;93.49;93.49;93.63;93.60;93.63;93.65;93.87;94.16;94.07;94.52;94.32,HALAL,"Business activity permissible — debt ratio not verified, cross-check Musaffa/Zoya",
KMT,MACHINERY,MACHINERY-MATERIAL HANDLING,36,29.770000457763672,-0.21125434281108424,37.08;34.77;35.21;35.94;35.66;35.71;35.57;35.93;38.64;39.11;37.64;38.49;38.43;39.02;39.19;38.10;38.02;37.07;41.22;36.64;34.86;34.43;34.36;35.00;36.71;33.45;31.54;32.46;32.42;33.79;34.38;35.32;36.13;35.22;34.23;35.55;34.83;33.28;33.14;32.93;33.47;34.54;33.53;34.17;34.64;35.10;33.34;33.75;35.83;33.64;31.39;30.78;31.22;30.74;29.78;29.30;30.01;29.54;29.19;29.43;30.47;29.13;29.42;29.70;29.77,HALAL,"Business activity permissible — debt ratio not verified, cross-check Musaffa/Zoya",
HOLI,MACHINERY,MACHINERY-MATERIAL HANDLING,,,,,HALAL,"Business activity permissible — debt ratio not verified, cross-check Musaffa/Zoya",
SSYS,MACHINERY,MACHINERY-MATERIAL HANDLING,,,,,HALAL,"Business activity permissible — debt ratio not verified, cross-check Musaffa/Zoya",
DDD,MACHINERY,MACHINERY-MATERIAL HANDLING,90,3.630000114440918,0.5,2.30;2.04;2.04;2.11;1.95;1.88;1.85;1.82;1.89;1.97;2.03;2.24;2.35;2.21;2.21;2.16;2.37;2.60;2.40;2.51;3.20;3.02;2.67;2.99;3.49;3.50;3.72;3.61;2.91;2.95;3.02;3.02;3.45;3.26;3.01;3.04;3.02;2.80;2.87;3.11;3.00;2.96;2.69;2.78;2.59;2.63;2.48;2.64;3.56;3.54;3.68;3.63;3.71;3.44;3.16;3.12;3.30;3.28;3.29;3.32;3.38;3.27;3.21;3.14;3.63,HALAL,"Business activity permissible — debt ratio not verified, cross-check Musaffa/Zoya",
MTRX,MACHINERY,MACHINERY-MATERIAL HANDLING,10,9.869999885559082,-0.03894844735885161,10.43;10.16;10.92;11.41;11.39;11.48;11.68;11.74;12.26;12.18;12.13;12.19;12.01;12.56;12.80;12.90;13.52;13.93;12.16;12.31;11.80;11.85;12.16;12.53;13.10;13.23;13.39;13.81;13.56;13.29;13.47;13.90;13.59;13.95;13.38;13.87;13.70;12.53;12.45;12.75;12.29;12.47;12.15;12.51;12.83;12.32;11.10;11.60;12.18;11.73;11.60;11.74;11.91;11.65;11.18;10.70;10.74;10.83;10.70;10.55;10.81;10.36;10.00;9.90;9.87,HALAL,"Business activity permissible — debt ratio not verified, cross-check Musaffa/Zoya",
AIMC,MACHINERY,MACHINERY-MATERIAL HANDLING,,,,,HALAL,"Business activity permissible — debt ratio not verified, cross-check Musaffa/Zoya",
RXN,MACHINERY,MACHINERY-MATERIAL HANDLING,,,,,HALAL,"Business activity permissible — debt ratio not verified, cross-check Musaffa/Zoya",
WTS,MACHINERY,MACHINERY-THERMAL PROCESSING,70,350.6600036621094,0.1819433945243183,300.12;292.30;293.44;296.67;285.93;289.20;287.83;289.01;303.05;308.33;302.52;301.31;295.68;302.25;302.72;296.16;292.50;290.59;293.03;297.04;298.87;295.69;294.97;299.38;310.55;309.92;306.45;314.11;313.67;319.28;320.34;332.71;335.74;349.40;354.42;358.64;390.78;367.92;356.67;347.40;346.22;348.61;345.83;340.81;343.08;345.10;335.57;345.19;357.47;376.47;383.44;385.70;383.76;375.15;369.26;372.16;377.49;365.71;355.74;355.53;360.98;350.26;351.93;348.78;350.66,HALAL,"Business activity permissible — debt ratio not verified, cross-check Musaffa/Zoya",
CIR,MACHINERY,MACHINERY-THERMAL PROCESSING,,37.08570098876953,,;;;;;;;;;;;;;;;;;;;;;;;;;;;;;;;;;;;;;;22.50;20.93;20.87;22.54;19.02;25.85;19.58;21.67;18.93;19.64;20.34;20.26;22.35;25.16;25.36;25.56;33.67;36.92;38.77;36.29;37.53;48.77;42.68;37.63;43.13;28.82;37.09,HALAL,"Business activity permissible — debt ratio not verified, cross-check Musaffa/Zoya",
CSWI,MACHINERY,MACHINERY-THERMAL PROCESSING,,,,,HALAL,"Business activity permissible — debt ratio not verified, cross-check Musaffa/Zoya",
SXI,MACHINERY,MACHINERY-THERMAL PROCESSING,45,261.2099914550781,0.030889794480946975,254.77;257.99;253.61;259.48;250.07;254.28;257.11;253.19;272.03;271.81;266.40;277.77;275.86;274.17;268.99;252.49;248.07;259.05;267.93;259.74;252.65;248.44;244.90;252.11;269.23;275.20;282.11;292.10;290.16;294.57;303.70;308.97;295.48;320.29;317.52;340.16;357.31;327.54;310.23;309.32;307.23;307.16;302.42;306.96;308.27;309.41;274.18;296.20;322.40;337.29;328.14;330.53;331.18;320.89;309.42;302.99;305.13;298.44;285.12;276.37;271.63;266.87;257.26;259.28;261.21,HALAL,"Business activity permissible — debt ratio not verified, cross-check Musaffa/Zoya",
EVI,MACHINERY,MACHINERY-THERMAL PROCESSING,31,18.110000610351562,-0.04834472112970356,20.54;20.57;21.07;20.76;20.38;20.58;21.21;21.49;22.63;22.52;21.28;21.49;20.64;19.99;18.81;18.20;18.25;19.49;20.10;19.26;15.96;16.89;17.36;18.60;17.23;17.68;17.29;17.23;17.63;17.16;17.14;16.22;15.76;15.91;15.06;14.50;14.78;16.09;16.03;15.34;15.97;16.41;16.52;15.00;14.27;14.21;15.19;14.07;14.17;14.00;14.08;16.01;16.39;15.69;15.19;14.75;14.28;14.35;13.41;13.03;14.51;15.45;17.20;17.23;18.11,HALAL,"Business activity permissible — debt ratio not verified, cross-check Musaffa/Zoya",
SNA,MACHINERY,MACHINERY-TOOLS & RELATED,50,372.1499938964844,0.025862227061047793,362.66;356.11;357.87;362.88;354.41;358.53;360.86;361.97;378.83;376.78;363.26;375.36;378.63;385.71;379.51;373.58;375.48;373.91;365.89;365.68;361.87;355.01;355.31;360.08;369.81;372.15;364.19;375.06;377.43;384.87;382.30;384.25;378.91;388.29;389.72;394.65;399.92;409.55;406.22;397.56;398.64;401.21;408.46;401.51;392.97;404.91;412.27;407.88;415.76;412.12;408.58;405.92;401.07;393.27;391.27;394.49;397.48;391.86;381.20;384.19;379.88;374.83;377.78;372.98;372.15,HALAL,"Business activity permissible — debt ratio not verified, cross-check Musaffa/Zoya",
MIDD,MACHINERY,MACHINERY-TOOLS & RELATED,30,112.27999877929688,-0.024573364135843434,115.28;112.70;110.75;110.21;103.48;106.66;106.27;108.80;116.97;114.67;112.13;115.93;114.68;116.96;114.84;111.70;111.72;112.20;127.30;125.70;118.62;115.51;113.85;116.81;121.27;123.98;125.87;125.68;124.64;129.85;127.06;131.55;132.56;134.07;135.89;139.47;138.38;140.88;139.26;133.29;134.92;133.94;133.22;131.11;131.14;136.00;133.02;133.58;138.78;133.28;130.30;118.95;117.91;114.00;112.52;115.22;115.44;112.75;111.60;112.40;108.63;105.72;109.72;112.31;112.28,HALAL,"Business activity permissible — debt ratio not verified, cross-check Musaffa/Zoya",
GGG,MACHINERY,MACHINERY-TOOLS & RELATED,29,76.26000213623047,-0.12324265673969503,86.02;83.66;84.57;85.41;83.15;84.03;84.00;84.35;87.96;87.86;84.87;86.40;86.93;81.85;80.22;79.26;78.88;78.37;78.36;77.08;76.32;75.42;75.02;75.01;76.03;75.52;73.67;73.50;74.05;75.56;73.83;74.85;74.97;75.21;74.70;76.12;75.31;74.94;74.90;72.90;73.63;73.21;74.29;73.13;77.75;80.44;81.21;79.38;82.31;83.05;83.38;82.49;81.94;81.01;81.71;80.16;79.60;79.29;76.83;77.88;77.03;75.97;76.54;76.28;76.26,HALAL,"Business activity permissible — debt ratio not verified, cross-check Musaffa/Zoya",
LECO,MACHINERY,MACHINERY-TOOLS & RELATED,41,257.20001220703125,0.001387315544421508,259.16;255.17;251.13;254.97;246.46;248.34;242.94;241.33;255.34;259.37;254.59;260.62;259.46;262.38;260.42;256.74;265.45;265.88;270.31;270.42;264.47;260.14;253.06;259.30;264.52;258.17;251.42;262.03;261.35;264.66;256.98;267.06;268.76;273.93;268.11;265.76;265.51;258.43;255.81;246.35;251.20;253.21;252.74;249.02;250.38;256.85;257.99;261.31;277.64;278.91;277.33;286.97;286.87;281.97;276.88;282.24;290.12;284.90;268.68;273.83;277.05;251.06;251.27;255.30;257.20,HALAL,"Business activity permissible — debt ratio not verified, cross-check Musaffa/Zoya",
RBC,MACHINERY,MACHINERY-TOOLS & RELATED,38,501.010009765625,-0.06592461486186785,544.55;540.83;537.20;561.66;532.25;543.12;548.11;553.31;595.11;595.74;586.98;589.77;591.32;601.39;591.00;584.49;595.76;607.50;611.54;613.59;618.91;569.06;565.22;566.96;584.40;577.83;566.14;584.18;590.09;592.41;607.46;616.95;625.73;645.73;638.94;630.36;644.06;604.56;600.26;595.61;584.59;590.14;575.22;585.35;595.31;584.97;550.27;551.31;565.96;566.61;556.50;555.65;560.49;545.65;504.61;495.90;513.95;500.62;488.69;490.78;492.23;478.06;478.81;487.14;501.01,HALAL,"Business activity permissible — debt ratio not verified, cross-check Musaffa/Zoya",
KAI,MACHINERY,MACHINERY-TOOLS & RELATED,20,265.55999755859375,-0.1234427958301364,300.99;297.73;311.60;314.76;290.00;291.68;285.95;293.53;322.99;327.19;324.47;331.44;321.45;326.19;315.89;305.78;285.51;288.51;340.18;333.41;328.71;317.43;303.23;306.53;329.18;322.40;315.29;311.88;292.93;293.18;288.22;294.62;292.66;300.89;308.02;324.15;313.85;308.63;302.61;289.66;291.58;300.51;311.01;306.41;307.70;312.15;302.96;307.50;334.92;334.64;333.48;334.08;334.22;309.64;314.06;312.57;305.92;302.24;292.48;297.56;299.54;286.23;267.30;270.00;265.56,HALAL,"Business activity permissible — debt ratio not verified, cross-check Musaffa/Zoya",
CMCSA,MEDIA,MEDIA-CABLE/SATELLITE TV,19,22.739999771118164,-0.22686150220249923,29.33;28.26;28.29;28.02;27.63;28.00;27.55;27.42;27.93;27.67;27.92;29.23;28.66;31.21;27.14;26.40;26.82;26.10;25.89;24.69;24.60;24.43;24.47;24.74;24.81;24.82;24.71;23.20;23.50;23.53;23.65;23.65;22.39;22.02;22.34;22.86;24.22;23.79;23.41;23.35;23.97;23.49;23.79;23.81;21.92;22.80;24.61;23.96;24.93;25.17;25.20;25.47;26.18;26.20;26.42;27.02;27.20;27.06;26.30;26.65;26.33;25.17;24.88;23.73;22.74,QUESTIONABLE,Group classification: MEDIA-CABLE/SATELLITE TV,
CHTR,MEDIA,MEDIA-CABLE/SATELLITE TV,5,128.1699981689453,-0.4125762100242669,222.52;211.63;216.61;218.91;219.14;215.88;219.79;223.80;223.23;226.30;220.29;236.62;241.95;241.78;174.61;158.65;171.74;158.23;160.24;147.79;143.06;140.33;142.50;148.90;144.00;147.26;142.60;129.01;132.12;135.37;139.14;143.71;132.00;125.54;131.42;133.64;142.21;137.20;138.02;134.35;131.37;131.24;131.37;127.79;126.50;131.61;145.20;144.98;153.07;157.44;153.29;150.22;154.27;148.35;147.76;150.30;153.89;153.62;146.19;151.38;145.74;140.56;143.35;135.00;128.17,QUESTIONABLE,Group classification: MEDIA-CABLE/SATELLITE TV,
DISH,MEDIA,MEDIA-CABLE/SATELLITE TV,,,,,QUESTIONABLE,Group classification: MEDIA-CABLE/SATELLITE TV,
ATUS,MEDIA,MEDIA-CABLE/SATELLITE TV,,,,,QUESTIONABLE,Group classification: MEDIA-CABLE/SATELLITE TV,
CABO,MEDIA,MEDIA-CABLE/SATELLITE TV,1,17.3700008392334,-0.8463375734381524,107.00;97.32;93.73;96.24;95.21;91.21;96.76;92.61;93.08;97.19;95.88;107.52;116.96;114.78;99.79;90.04;75.01;63.30;60.77;56.04;52.27;48.77;47.49;47.68;52.10;56.52;51.34;48.06;43.82;41.96;41.57;46.46;43.07;40.93;45.28;52.87;53.11;48.91;42.63;35.27;37.93;40.10;39.30;37.63;37.19;39.54;41.85;39.99;44.84;44.48;35.74;33.61;34.48;28.07;26.22;22.83;25.83;25.50;23.87;26.06;23.03;21.47;20.44;18.94;17.37,QUESTIONABLE,Group classification: MEDIA-CABLE/SATELLITE TV,
WOW,MEDIA,MEDIA-CABLE/SATELLITE TV,,,,,QUESTIONABLE,Group classification: MEDIA-CABLE/SATELLITE TV,
LBRDA,MEDIA,MEDIA-CABLE/SATELLITE TV,,,,51.71;49.06;50.22;50.92;50.96;50.22;51.06;52.02;52.08;52.71;51.42;55.13;56.41;56.41;40.55;37.04;39.99;36.86;37.30;34.41;33.31;32.70;33.28;34.80;33.68;34.46;33.34;30.09;30.88;31.69;32.48;33.55;30.83;29.36;30.72;31.31;33.28;32.13;32.27;31.55;30.73;30.82;30.86;;;;;;;;;;;;;;;;;;;;;;,QUESTIONABLE,Group classification: MEDIA-CABLE/SATELLITE TV,
LBRDK,MEDIA,MEDIA-CABLE/SATELLITE TV,,,,;;;;;;;;;;;;;;;;;;;;;;;;;;;;;;;;;;;;;;;;;;30.84;;;;;;;;;;;;;;;;;;;;;;,QUESTIONABLE,Group classification: MEDIA-CABLE/SATELLITE TV,
NFLX,MEDIA,MEDIA-DIVERSIFIED,9,71.79000091552734,-0.2467736569671719,94.36;91.74;93.38;92.28;93.43;96.15;98.66;98.82;102.05;103.16;107.71;97.31;92.58;92.82;91.37;92.12;92.06;87.89;88.25;85.45;87.56;87.02;89.33;89.30;87.68;86.36;85.85;81.52;82.18;81.41;81.27;81.67;76.96;72.88;71.84;73.81;71.40;77.65;76.18;75.47;73.83;73.68;68.95;68.67;68.89;70.40;73.63;71.71;73.57;73.69;76.29;74.21;78.16;77.77;80.14;80.01;81.46;81.72;80.81;82.67;76.77;76.01;80.32;76.41;71.79,HARAM,Streaming content includes substantial haram material,
DIS,MEDIA,MEDIA-DIVERSIFIED,37,102.66999816894531,0.0419649688114998,99.54;98.45;97.21;95.22;91.72;95.65;95.88;95.05;99.03;100.41;102.26;105.48;103.50;102.86;101.57;100.53;102.30;99.72;107.83;103.92;104.10;101.94;101.51;102.79;102.49;102.94;102.07;98.63;98.95;98.57;99.58;100.92;100.09;101.67;100.35;98.04;96.25;99.50;97.48;96.17;96.00;97.15;97.67;96.14;92.83;96.65;98.48;96.19;98.18;104.68;103.18;103.22;106.85;103.95;107.32;110.61;109.63;108.10;106.22;107.16;105.06;105.82;108.59;106.99;102.67,QUESTIONABLE,Mixed content; scholar-disputed,
WBD,MEDIA,MEDIA-DIVERSIFIED,82,27.799999237060547,0.024318344224570687,27.64;27.63;27.40;27.22;27.07;27.46;27.32;27.37;27.53;27.39;27.20;27.47;27.31;26.90;26.82;27.05;26.97;27.22;27.12;27.24;27.25;26.98;27.09;27.10;27.00;27.04;27.25;27.00;26.24;26.56;26.86;26.83;26.24;26.95;27.20;26.74;26.66;26.48;26.12;26.63;27.09;27.27;26.87;25.83;25.95;25.28;25.64;26.30;25.79;26.40;26.87;27.65;27.99;28.48;28.23;28.70;28.75;28.77;28.32;28.37;28.12;28.20;28.10;28.07;27.80,QUESTIONABLE,Group classification: MEDIA-DIVERSIFIED,
PARA,MEDIA,MEDIA-DIVERSIFIED,1,0.9297999739646912,-0.9561415122404094,20.40;18.60;19.54;19.38;21.40;19.02;16.82;11.80;11.84;13.74;14.82;12.56;11.36;10.80;8.28;6.10;6.02;5.62;6.38;6.52;5.05;7.66;3.81;3.48;4.08;3.46;3.52;3.15;3.01;3.11;3.02;3.22;3.29;3.19;2.95;2.97;3.02;2.98;3.36;3.04;2.40;2.69;2.42;2.02;2.23;2.12;1.75;1.85;1.90;1.91;1.66;1.74;1.70;1.36;1.39;1.20;1.18;1.09;1.07;1.06;1.05;0.98;1.01;0.97;0.93,QUESTIONABLE,Group classification: MEDIA-DIVERSIFIED,
FOX,MEDIA,MEDIA-DIVERSIFIED,61,57.7400016784668,0.11522327202852556,52.45;51.76;51.38;52.09;53.12;52.84;52.61;53.49;55.70;55.97;56.77;58.24;57.35;57.46;56.84;56.34;56.65;55.64;56.22;60.88;59.18;57.59;57.80;57.35;57.79;58.94;59.55;57.16;59.59;60.60;61.06;49.71;46.50;44.71;45.15;45.68;46.61;50.31;48.96;48.20;49.97;50.14;51.38;51.22;48.94;50.56;52.47;51.68;52.56;55.10;56.05;55.70;61.11;60.93;60.15;61.29;61.92;61.02;58.74;60.47;58.24;58.06;61.14;59.15;57.74,QUESTIONABLE,Group classification: MEDIA-DIVERSIFIED,
FOXA,MEDIA,MEDIA-DIVERSIFIED,63,64.44999694824219,0.12797939949006132,58.04;57.43;57.03;58.23;58.85;58.14;58.36;59.39;62.48;62.18;63.38;64.78;64.03;64.25;63.58;62.66;63.07;61.96;62.41;67.42;66.18;64.56;64.27;63.98;64.67;65.54;66.52;64.00;66.60;68.02;68.00;54.52;51.09;49.17;49.58;49.88;51.93;56.23;54.68;53.50;55.65;55.74;57.37;57.32;54.85;56.39;58.69;57.97;58.82;61.52;63.14;62.77;68.74;68.73;67.66;68.91;69.29;68.12;65.64;67.71;65.23;65.18;68.53;66.16;64.45,QUESTIONABLE,Group classification: MEDIA-DIVERSIFIED,
NWSA,MEDIA,MEDIA-DIVERSIFIED,67,29.780000686645508,0.26076802430757784,24.26;23.85;24.18;24.19;24.16;24.85;24.32;24.35;24.51;24.86;25.25;25.92;26.33;26.22;26.32;26.15;26.15;25.35;26.95;26.92;26.57;25.83;26.15;26.17;26.11;26.43;26.71;25.96;27.17;27.11;26.21;25.61;25.89;24.53;25.15;25.32;24.75;26.55;26.83;27.40;27.64;27.89;28.33;27.44;26.24;27.20;28.72;27.47;28.49;29.57;28.39;28.57;29.06;29.29;29.55;30.66;30.86;30.87;30.53;30.85;29.72;29.38;30.56;30.19;29.78,QUESTIONABLE,Group classification: MEDIA-DIVERSIFIED,
NWS,MEDIA,MEDIA-DIVERSIFIED,61,32.68000030517578,0.2248997255835683,27.29;27.16;27.38;27.51;27.71;28.42;28.03;28.02;28.31;28.74;29.06;29.87;30.33;30.31;30.46;30.16;30.32;29.29;30.76;31.08;30.59;29.65;30.02;29.99;29.86;30.25;30.59;29.73;31.10;30.97;30.04;29.16;29.51;27.84;28.44;28.64;27.98;30.08;30.38;31.04;31.32;31.57;32.32;31.12;29.66;30.83;32.54;31.18;32.62;33.77;32.40;32.58;33.07;33.39;33.68;34.94;35.13;34.75;34.13;34.62;33.24;32.78;33.86;33.44;32.68,QUESTIONABLE,Group classification: MEDIA-DIVERSIFIED,
SIRI,MEDIA,MEDIA-DIVERSIFIED,66,27.309999465942383,0.2658529946139181,22.20;21.98;22.05;22.56;22.41;22.64;23.34;23.26;22.99;23.44;23.75;25.00;25.69;27.47;26.05;26.25;26.71;25.90;26.24;26.55;26.12;25.60;25.81;28.73;29.36;29.60;28.78;27.83;26.77;27.36;27.34;27.21;27.68;27.69;27.65;28.09;29.27;30.23;30.43;30.41;30.39;30.37;30.31;30.02;29.60;30.94;32.30;29.35;30.47;29.61;28.78;28.44;28.46;28.62;28.39;28.45;28.51;28.54;27.62;29.77;28.80;28.88;29.37;28.56;27.31,QUESTIONABLE,Group classification: MEDIA-DIVERSIFIED,
NYT,MEDIA,MEDIA-NEWSPAPERS,45,70.20999908447266,-0.10952300960808448,79.76;80.80;82.21;84.67;82.31;83.24;85.42;85.59;82.22;79.09;80.85;79.23;81.37;80.18;79.36;78.78;78.47;77.02;79.93;77.09;76.76;74.25;75.03;74.03;74.76;74.77;75.97;74.94;76.64;73.36;73.97;73.57;74.23;71.86;71.00;70.66;69.76;73.62;73.49;74.30;75.04;75.22;75.93;74.69;70.17;72.37;77.69;74.89;75.61;64.77;64.80;63.95;64.79;65.07;65.30;67.49;68.42;68.16;67.73;67.06;67.96;66.57;70.34;72.41;70.21,HALAL,"Business activity permissible — debt ratio not verified, cross-check Musaffa/Zoya",
GCI,MEDIA,MEDIA-NEWSPAPERS,,,,,HALAL,"Business activity permissible — debt ratio not verified, cross-check Musaffa/Zoya",
LEE,MEDIA,MEDIA-NEWSPAPERS,72,7.329999923706055,-0.22186837958181282,8.92;8.52;8.43;8.40;8.50;8.61;8.23;8.78;8.85;8.35;8.30;8.30;8.76;8.37;8.34;8.41;8.32;8.17;8.00;7.91;7.82;8.71;8.85;9.45;9.72;11.76;10.71;10.67;10.36;10.39;10.29;9.57;9.06;8.97;8.74;9.01;8.96;8.73;9.34;8.33;7.87;8.15;7.86;7.84;7.60;7.79;7.89;7.73;8.15;8.12;8.13;8.15;8.53;8.05;8.44;8.24;8.27;8.37;7.81;7.99;7.68;7.43;7.54;7.32;7.33,HALAL,"Business activity permissible — debt ratio not verified, cross-check Musaffa/Zoya",
TPCO,MEDIA,MEDIA-NEWSPAPERS,,,,,HALAL,"Business activity permissible — debt ratio not verified, cross-check Musaffa/Zoya",
MDP,MEDIA,MEDIA-PERIODICALS,,,,,HALAL,"Business activity permissible — debt ratio not verified, cross-check Musaffa/Zoya",
NWSA,MEDIA,MEDIA-PERIODICALS,67,29.780000686645508,0.26076802430757784,24.26;23.85;24.18;24.19;24.16;24.85;24.32;24.35;24.51;24.86;25.25;25.92;26.33;26.22;26.32;26.15;26.15;25.35;26.95;26.92;26.57;25.83;26.15;26.17;26.11;26.43;26.71;25.96;27.17;27.11;26.21;25.61;25.89;24.53;25.15;25.32;24.75;26.55;26.83;27.40;27.64;27.89;28.33;27.44;26.24;27.20;28.72;27.47;28.49;29.57;28.39;28.57;29.06;29.29;29.55;30.66;30.86;30.87;30.53;30.85;29.72;29.38;30.56;30.19;29.78,HALAL,"Business activity permissible — debt ratio not verified, cross-check Musaffa/Zoya",
SIRI,MEDIA,MEDIA-RADIO/TV,66,27.309999465942383,0.2658529946139181,22.20;21.98;22.05;22.56;22.41;22.64;23.34;23.26;22.99;23.44;23.75;25.00;25.69;27.47;26.05;26.25;26.71;25.90;26.24;26.55;26.12;25.60;25.81;28.73;29.36;29.60;28.78;27.83;26.77;27.36;27.34;27.21;27.68;27.69;27.65;28.09;29.27;30.23;30.43;30.41;30.39;30.37;30.31;30.02;29.60;30.94;32.30;29.35;30.47;29.61;28.78;28.44;28.46;28.62;28.39;28.45;28.51;28.54;27.62;29.77;28.80;28.88;29.37;28.56;27.31,QUESTIONABLE,Group classification: MEDIA-RADIO/TV,
IHRT,MEDIA,MEDIA-RADIO/TV,9,2.359999895095825,-0.1161049334606804,2.91;2.58;2.86;2.80;2.80;2.92;3.15;3.28;3.51;3.73;3.93;4.10;4.18;4.01;5.25;5.10;6.33;6.28;5.67;5.49;5.21;4.78;4.70;4.88;4.91;4.85;4.34;3.94;3.89;3.83;3.95;3.99;3.74;3.86;3.99;4.32;4.29;4.38;4.03;4.07;4.02;3.95;3.83;3.74;3.65;3.62;3.51;3.59;3.85;3.80;3.71;2.91;2.95;3.01;2.89;2.68;2.68;2.75;2.70;2.84;2.66;2.72;2.73;2.55;2.36,QUESTIONABLE,Group classification: MEDIA-RADIO/TV,
TGNA,MEDIA,MEDIA-RADIO/TV,,,,,QUESTIONABLE,Group classification: MEDIA-RADIO/TV,
SBGI,MEDIA,MEDIA-RADIO/TV,34,13.079999923706055,-0.037868032625310466,13.58;12.78;12.92;12.77;12.68;12.49;12.55;13.04;13.33;14.00;15.67;16.20;15.88;15.21;15.19;14.71;14.64;14.26;13.68;13.77;13.55;13.52;13.07;13.14;13.48;14.05;13.89;13.29;13.61;13.83;14.20;13.20;13.42;13.37;13.79;13.56;14.00;15.15;14.52;14.29;14.00;14.11;13.58;13.58;13.14;13.25;13.95;13.50;13.75;14.50;13.52;13.64;14.58;14.11;14.10;14.26;14.08;14.10;13.86;13.93;13.80;13.82;14.39;14.03;13.08,QUESTIONABLE,Group classification: MEDIA-RADIO/TV,
SSP,MEDIA,MEDIA-RADIO/TV,35,3.0199999809265137,-0.2392947206139645,3.62;3.27;3.77;3.54;3.73;3.72;3.65;3.81;4.01;4.29;4.81;4.94;4.93;4.86;4.63;4.46;4.97;4.92;4.68;3.79;3.48;3.38;3.23;3.49;3.42;3.50;3.44;3.56;3.41;3.38;3.02;2.89;2.65;2.82;2.81;2.90;2.77;3.12;3.15;2.89;2.97;3.09;3.10;3.26;2.94;2.96;2.95;2.81;2.85;2.95;3.33;3.39;3.45;3.30;3.29;3.32;3.15;3.26;3.26;3.33;3.21;3.10;3.16;3.14;3.02,QUESTIONABLE,Group classification: MEDIA-RADIO/TV,
GTN,MEDIA,MEDIA-RADIO/TV,44,4.440000057220459,-0.004877527975330587,4.50;4.23;4.64;4.50;4.41;4.18;4.33;4.67;4.78;5.06;5.48;5.70;5.97;5.49;5.45;5.33;5.45;5.28;4.26;4.22;4.01;4.00;3.76;3.98;3.92;4.02;3.92;3.71;3.86;3.92;3.91;3.74;3.67;3.78;3.89;3.74;3.91;4.04;3.84;3.71;3.84;3.99;3.90;4.02;3.83;3.92;4.18;3.97;4.22;4.21;4.90;4.76;5.14;4.78;4.83;4.84;4.84;4.75;4.66;4.90;4.69;4.79;4.84;4.76;4.44,QUESTIONABLE,Group classification: MEDIA-RADIO/TV,
EVC,MEDIA,MEDIA-RADIO/TV,98,7.800000190734863,1.683601345624338,3.15;3.00;3.07;3.04;2.98;2.94;2.99;3.13;3.17;3.23;3.41;3.49;3.46;3.60;3.81;3.70;3.79;3.93;6.87;8.77;8.82;7.74;7.99;9.39;8.65;9.27;9.17;8.50;8.67;9.07;9.86;9.11;9.34;9.81;11.14;11.96;12.96;12.97;11.83;12.01;11.07;11.00;10.62;10.78;10.47;11.01;10.97;11.15;11.56;11.34;11.63;8.96;8.95;8.37;7.98;8.06;7.94;8.02;7.98;8.36;8.26;8.62;8.27;7.89;7.80,QUESTIONABLE,Group classification: MEDIA-RADIO/TV,
AMGN,MEDICAL,MEDICAL-BIOMED/BIOTECH,72,385.6499938964844,0.06723742047856107,356.34;345.28;345.13;349.24;344.14;347.18;343.33;335.49;350.88;345.18;343.60;350.59;340.29;344.00;335.67;333.54;325.45;325.22;324.73;325.22;331.99;324.41;328.83;335.46;333.99;334.53;327.22;336.25;347.55;342.57;352.00;348.49;339.67;342.72;349.39;356.25;360.02;371.98;365.96;361.51;358.36;356.24;364.16;364.11;369.34;374.07;385.39;382.92;387.75;402.50;414.78;413.76;412.80;422.81;431.21;443.84;440.34;432.42;438.12;444.12;393.17;382.47;381.50;376.35;385.65,HALAL,"Business activity permissible — debt ratio not verified, cross-check Musaffa/Zoya",
GILD,MEDICAL,MEDICAL-BIOMED/BIOTECH,76,150.11000061035156,0.047986434225584684,142.65;139.40;135.68;136.59;132.63;137.68;138.02;137.12;140.37;137.35;138.08;135.98;131.68;132.02;126.21;127.28;130.06;131.87;132.44;131.91;131.44;128.01;128.92;128.92;132.11;134.57;129.51;127.43;127.60;123.98;124.35;123.60;124.75;124.17;124.46;127.16;125.63;130.53;135.60;134.08;130.66;130.96;133.53;129.55;130.13;129.79;131.99;129.48;134.49;130.13;132.31;135.11;137.59;142.64;142.64;145.92;147.26;144.86;149.08;150.37;145.82;144.00;145.59;147.68;150.11,HALAL,"Business activity permissible — debt ratio not verified, cross-check Musaffa/Zoya",
REGN,MEDICAL,MEDICAL-BIOMED/BIOTECH,78,784.8499755859375,0.05520470458329907,757.03;735.49;734.57;747.48;735.75;770.59;759.83;758.25;765.81;744.48;751.93;748.58;745.38;763.99;742.46;684.54;699.56;700.40;707.22;710.88;717.97;696.40;628.63;641.84;633.88;620.80;599.96;618.23;634.71;615.46;610.77;614.26;607.22;611.79;622.70;632.16;622.81;653.51;675.44;667.17;662.32;663.68;675.90;674.40;651.15;666.39;694.61;761.74;759.77;771.21;807.11;797.06;802.54;810.24;826.64;828.50;814.79;794.19;823.82;843.47;810.31;793.26;793.74;774.61;784.85,HALAL,"Business activity permissible — debt ratio not verified, cross-check Musaffa/Zoya",
VRTX,MEDICAL,MEDICAL-BIOMED/BIOTECH,67,508.3399963378906,0.08309541122492115,462.49;458.05;451.24;454.97;433.07;446.54;438.71;431.86;446.78;440.05;441.70;441.20;436.59;435.10;426.01;423.24;423.92;424.36;425.00;435.17;453.06;436.95;434.31;433.54;435.93;447.97;438.40;428.34;446.83;445.77;445.04;450.46;458.99;466.79;475.20;491.34;496.73;528.04;522.25;496.50;480.25;477.08;485.65;482.00;473.09;479.00;483.33;477.10;478.71;484.03;523.91;525.73;505.75;528.19;540.26;547.59;547.29;541.69;547.65;557.96;528.90;514.56;519.51;513.26;508.34,HALAL,"Business activity permissible — debt ratio not verified, cross-check Musaffa/Zoya",
BIIB,MEDICAL,MEDICAL-BIOMED/BIOTECH,78,215.5,0.1870008062658277,185.29;183.41;183.64;189.18;183.84;183.33;177.34;175.61;177.11;176.37;180.54;177.35;185.95;187.88;180.67;194.38;187.06;189.13;191.38;197.95;204.53;192.95;190.56;189.47;193.08;196.39;192.23;195.96;195.34;199.10;199.96;198.64;198.67;199.71;199.59;216.03;216.06;216.12;205.70;198.91;209.03;197.24;205.99;203.16;200.62;200.14;209.23;202.95;208.45;206.28;207.13;208.87;209.83;212.55;214.35;218.12;221.07;218.50;216.04;224.51;212.50;215.43;217.36;216.01;215.50,HALAL,"Business activity permissible — debt ratio not verified, cross-check Musaffa/Zoya",
MRNA,MEDICAL,MEDICAL-BIOMED/BIOTECH,99,154.0399932861328,1.9307456099955518,53.93;52.37;51.28;53.54;49.56;50.80;49.20;50.11;51.28;50.68;54.26;53.72;54.23;52.85;48.70;45.72;45.37;46.71;48.54;52.88;50.42;49.04;45.72;47.26;47.03;47.57;46.06;49.06;47.44;47.73;49.64;52.13;61.80;59.35;60.42;67.27;70.03;79.76;79.77;76.56;67.01;68.28;61.82;59.66;57.02;55.63;54.49;54.82;56.99;53.86;59.81;63.67;63.32;62.96;133.32;138.89;149.66;137.99;154.27;148.87;140.33;136.62;146.69;145.62;154.04,HALAL,"Business activity permissible — debt ratio not verified, cross-check Musaffa/Zoya",
BNTX,MEDICAL,MEDICAL-BIOMED/BIOTECH,42,96.05999755859375,0.053404923640798074,94.86;89.31;88.41;88.77;85.68;88.88;91.18;89.62;91.98;96.70;99.47;102.92;111.60;105.56;102.06;101.57;97.54;95.50;93.02;93.34;92.23;89.55;87.79;90.93;92.25;93.44;91.70;88.45;88.08;86.50;89.54;90.80;92.22;90.19;90.21;91.22;93.05;97.54;94.29;92.98;90.07;91.99;91.48;92.33;92.06;91.09;92.95;90.58;91.35;91.19;92.80;92.74;93.09;92.75;110.89;112.82;112.56;102.07;101.94;102.88;98.66;96.40;98.86;95.83;96.06,HALAL,"Business activity permissible — debt ratio not verified, cross-check Musaffa/Zoya",
ALNY,MEDICAL,MEDICAL-BIOMED/BIOTECH,6,239.55999755859375,-0.23563385099581602,320.42;311.10;306.66;328.70;317.36;330.87;318.85;319.52;321.28;333.00;333.39;309.66;308.43;313.79;308.51;301.19;296.11;301.11;295.91;284.84;291.48;286.98;294.30;300.51;295.50;305.06;295.63;292.58;303.05;297.69;289.39;287.80;282.72;286.41;294.06;291.37;301.03;312.78;321.59;312.79;288.06;279.14;267.47;271.37;268.74;278.40;286.62;205.52;219.00;216.12;216.98;223.95;228.65;228.61;229.30;236.01;239.00;237.10;246.11;264.50;260.10;247.51;249.99;239.36;239.56,HALAL,"Business activity permissible — debt ratio not verified, cross-check Musaffa/Zoya",
BMRN,MEDICAL,MEDICAL-BIOMED/BIOTECH,66,63.939998626708984,0.0928046566560472,56.05;55.03;54.78;55.59;54.14;56.49;55.50;56.22;56.30;54.88;55.27;54.64;54.62;53.98;53.81;54.21;54.06;53.24;54.12;52.58;53.55;51.81;49.81;54.10;52.88;52.74;55.03;54.66;56.77;57.91;55.54;55.65;55.02;55.90;57.33;59.00;57.22;58.99;60.35;59.97;59.20;58.95;59.59;59.21;58.87;60.27;61.37;60.02;60.72;61.46;68.88;70.24;67.36;66.99;67.68;65.07;65.61;64.67;64.84;66.43;64.63;65.51;66.41;64.73;63.94,HALAL,"Business activity permissible — debt ratio not verified, cross-check Musaffa/Zoya",
INCY,MEDICAL,MEDICAL-BIOMED/BIOTECH,85,125.30999755859375,0.35411709875580843,94.22;92.95;90.45;92.23;90.30;94.12;95.93;93.69;96.96;95.55;97.10;97.82;96.22;95.47;95.72;99.10;96.91;97.47;97.77;100.32;98.82;95.31;95.60;97.41;97.10;97.50;95.59;97.98;102.38;103.23;107.83;101.98;98.99;103.66;108.46;113.75;113.36;116.86;118.05;118.52;114.23;115.09;117.25;117.39;116.69;118.87;127.10;119.52;120.60;118.38;121.55;120.77;120.16;123.47;127.22;127.98;128.12;124.37;125.01;128.00;124.40;123.28;122.19;124.75;125.31,HALAL,"Business activity permissible — debt ratio not verified, cross-check Musaffa/Zoya",
EXAS,MEDICAL,MEDICAL-BIOMED/BIOTECH,,,,,HALAL,"Business activity permissible — debt ratio not verified, cross-check Musaffa/Zoya",
ARGX,MEDICAL,MEDICAL-BIOMED/BIOTECH,77,990.3200073242188,0.41383394969734244,706.03;684.50;681.85;697.05;691.40;730.25;746.42;765.43;800.50;809.27;840.87;849.04;805.38;787.95;783.74;776.02;783.50;794.70;787.31;813.28;802.70;799.32;797.77;816.22;808.43;838.49;836.09;813.14;891.32;884.00;898.94;884.20;892.26;903.75;852.50;887.18;927.77;939.68;919.94;909.49;876.25;862.93;860.55;874.74;924.60;888.82;882.56;853.82;844.50;875.30;866.11;876.00;851.29;992.99;1038.12;1011.11;1047.10;1023.21;1028.51;1053.46;1007.07;984.04;990.54;984.69;990.32,HALAL,"Business activity permissible — debt ratio not verified, cross-check Musaffa/Zoya",
TECH,MEDICAL,MEDICAL-BIOMED/BIOTECH,84,72.37000274658203,0.4274188912588044,50.91;51.44;51.85;52.53;50.80;52.11;52.97;53.67;55.41;57.36;58.32;59.06;59.49;52.05;54.95;51.80;54.86;56.51;50.76;47.28;44.76;43.17;45.42;47.32;47.92;50.78;50.73;50.79;51.93;54.35;53.96;56.11;54.94;55.55;58.81;70.92;70.57;70.75;70.53;71.07;71.28;71.40;72.04;71.55;71.69;71.54;71.95;72.01;72.01;71.82;72.04;72.15;72.32;72.14;72.20;72.39;72.38;72.35;72.18;72.45;72.31;72.08;72.27;72.33;72.37,HALAL,"Business activity permissible — debt ratio not verified, cross-check Musaffa/Zoya",
CRSP,MEDICAL,MEDICAL-BIOMED/BIOTECH,56,56.560001373291016,0.16020515637520027,50.09;46.95;46.88;47.09;45.75;47.57;49.51;49.70;51.72;54.83;56.76;57.99;55.54;55.18;50.99;50.71;51.63;52.38;52.42;54.01;52.75;48.41;47.59;49.90;51.59;56.38;54.19;52.08;51.84;51.48;50.23;52.61;53.09;54.36;53.55;54.92;54.54;60.08;60.77;56.34;50.63;51.37;47.78;48.15;47.53;46.73;47.64;47.99;53.07;51.64;53.51;53.99;53.55;52.97;58.12;57.08;59.23;57.72;56.82;56.49;54.78;52.26;52.96;52.21;56.56,HALAL,"Business activity permissible — debt ratio not verified, cross-check Musaffa/Zoya",
BEAM,MEDICAL,MEDICAL-BIOMED/BIOTECH,29,24.950000762939453,-0.008346545538403749,25.83;25.17;25.17;23.12;22.19;23.83;24.66;24.49;26.33;30.18;30.68;31.39;30.69;30.16;29.17;29.38;30.70;28.90;31.47;31.75;31.85;27.93;26.33;27.67;29.79;32.80;31.14;29.55;29.40;30.47;29.41;31.12;32.48;35.53;33.90;34.81;34.32;34.79;37.92;35.82;31.00;30.84;27.53;27.29;25.91;25.07;26.02;25.52;28.35;27.25;27.28;26.71;26.75;26.57;28.39;28.33;30.19;29.32;29.02;29.46;26.83;24.37;24.12;23.10;24.95,HALAL,"Business activity permissible — debt ratio not verified, cross-check Musaffa/Zoya",
NTLA,MEDICAL,MEDICAL-BIOMED/BIOTECH,36,12.140000343322754,-0.048589331852497364,13.48;13.15;13.11;13.26;12.37;12.82;13.13;13.55;13.83;14.26;14.94;14.95;15.31;15.87;13.04;12.44;13.26;13.31;13.71;14.42;14.28;13.67;11.94;12.37;12.61;13.68;13.73;13.02;13.54;12.89;12.35;14.92;15.20;15.75;15.50;16.68;16.92;17.56;17.43;15.44;13.02;13.04;11.38;11.47;11.10;10.67;10.80;10.68;11.32;11.24;12.02;12.09;11.91;11.60;12.44;12.56;13.19;12.87;12.69;12.68;12.74;11.93;11.87;11.49;12.14,HALAL,"Business activity permissible — debt ratio not verified, cross-check Musaffa/Zoya",
EDIT,MEDICAL,MEDICAL-BIOMED/BIOTECH,59,2.700000047683716,0.10655737064180126,2.46;2.35;2.40;2.32;2.23;2.47;2.67;2.74;2.89;3.20;3.37;3.49;3.30;3.21;2.89;2.82;2.90;3.04;3.03;3.06;2.90;2.62;2.46;2.67;3.08;3.43;3.34;2.78;2.71;2.65;2.44;2.46;2.55;2.80;2.80;2.85;3.24;3.65;3.75;3.30;3.16;3.04;2.98;2.89;2.73;2.68;2.60;2.58;2.77;2.90;2.81;2.84;2.82;2.88;2.94;3.00;3.18;3.16;3.07;3.08;3.03;2.65;2.74;2.71;2.70,HALAL,"Business activity permissible — debt ratio not verified, cross-check Musaffa/Zoya",
ARWR,MEDICAL,MEDICAL-BIOMED/BIOTECH,79,66.4800033569336,0.2076295055092059,57.57;56.96;56.67;60.77;57.78;62.70;61.03;61.18;66.23;63.79;70.95;69.51;71.05;74.40;73.60;70.53;74.81;74.93;77.95;77.74;77.88;76.67;73.18;75.54;78.68;79.05;75.20;72.55;73.09;73.33;74.41;77.15;81.04;82.00;79.81;78.89;81.51;83.99;86.97;84.00;74.11;71.82;74.30;74.52;86.78;85.53;86.22;84.65;89.59;85.83;88.33;87.25;86.64;87.90;87.47;86.73;89.12;84.91;82.74;86.49;85.11;82.76;80.67;65.79;66.48,HALAL,"Business activity permissible — debt ratio not verified, cross-check Musaffa/Zoya",
IONS,MEDICAL,MEDICAL-BIOMED/BIOTECH,3,44.439998626708984,-0.37575506247122503,72.33;71.32;70.79;72.70;72.15;75.09;74.79;73.89;76.43;74.95;76.82;75.71;74.78;74.09;72.23;74.83;75.28;75.25;76.02;75.38;77.60;74.23;73.84;75.78;76.07;77.33;75.38;73.82;74.48;74.58;73.82;73.96;74.31;75.89;76.52;81.18;79.29;81.80;86.33;64.27;56.75;54.73;54.39;53.39;55.87;55.96;54.04;51.77;55.07;54.49;56.94;56.53;57.24;59.62;58.76;62.04;63.36;61.05;59.88;58.13;56.71;55.65;51.44;44.84;44.44,HALAL,"Business activity permissible — debt ratio not verified, cross-check Musaffa/Zoya",
SRPT,MEDICAL,MEDICAL-BIOMED/BIOTECH,68,20.110000610351562,0.22621957793397618,16.84;16.65;17.71;23.77;19.97;21.76;23.23;23.08;22.23;21.79;21.73;21.55;20.68;20.42;20.98;20.67;21.49;21.79;20.80;19.40;18.84;17.55;16.64;16.96;16.67;17.30;17.61;16.24;15.75;15.89;15.00;15.77;16.96;17.65;16.70;16.85;17.97;19.28;19.79;20.52;18.82;17.61;17.22;16.21;15.88;15.89;15.54;14.86;16.39;16.78;17.18;18.38;18.10;18.02;19.22;18.13;19.46;20.86;21.33;22.99;20.94;20.52;20.92;19.76;20.11,HALAL,"Business activity permissible — debt ratio not verified, cross-check Musaffa/Zoya",
BLUE,MEDICAL,MEDICAL-BIOMED/BIOTECH,,,,,HALAL,"Business activity permissible — debt ratio not verified, cross-check Musaffa/Zoya",
RXRX,MEDICAL,MEDICAL-BIOMED/BIOTECH,48,3.8299999237060547,0.11988299364495991,3.42;3.37;3.23;3.17;2.94;3.07;3.11;3.19;3.31;3.42;3.75;3.78;3.56;3.50;3.48;3.30;3.39;3.37;3.27;3.26;3.05;2.93;2.85;3.11;2.97;3.44;3.79;3.47;3.32;3.22;3.15;3.29;3.11;3.18;3.23;3.52;3.67;3.80;3.84;3.76;3.30;3.31;2.94;3.08;3.01;3.01;2.97;3.00;3.31;3.18;3.29;3.29;3.16;3.09;3.34;3.25;3.49;3.34;3.33;3.44;3.44;3.16;3.41;3.19;3.83,HALAL,"Business activity permissible — debt ratio not verified, cross-check Musaffa/Zoya",
MRUS,MEDICAL,MEDICAL-BIOMED/BIOTECH,,,,,HALAL,"Business activity permissible — debt ratio not verified, cross-check Musaffa/Zoya",
JNJ,MEDICAL,MEDICAL-ETHICAL DRUGS,81,269.989990234375,0.12985242050561707,235.59;235.08;232.93;237.39;237.90;241.85;240.46;235.88;238.75;235.44;236.14;231.70;223.76;228.21;222.95;224.94;224.78;223.16;220.15;219.08;227.98;224.31;227.56;229.27;229.05;229.67;222.41;222.14;231.63;235.84;237.16;234.50;233.05;230.15;239.82;253.41;252.72;261.75;265.93;257.83;256.50;245.81;251.80;249.38;258.00;264.64;264.23;255.09;253.68;255.72;260.53;259.58;259.07;269.78;266.06;271.70;270.00;268.04;271.19;278.43;269.12;266.35;266.32;267.28;269.99,HALAL,"Business activity permissible — debt ratio not verified, cross-check Musaffa/Zoya",
PFE,MEDICAL,MEDICAL-ETHICAL DRUGS,62,27.65999984741211,0.07631471798054479,26.54;26.50;25.88;26.38;26.14;27.15;27.38;26.20;26.32;26.43;26.29;26.65;26.40;25.79;25.90;25.39;25.46;25.57;25.60;25.37;25.51;24.89;25.22;25.50;25.41;25.69;25.19;24.90;25.59;25.26;25.72;25.55;25.47;24.65;23.63;23.87;23.67;23.90;23.66;23.83;24.06;24.39;24.62;24.51;24.58;24.67;25.15;25.01;25.41;26.20;27.05;26.31;26.79;27.25;27.79;27.97;28.30;27.96;28.55;28.81;27.79;27.65;27.72;27.46;27.66,HALAL,"Business activity permissible — debt ratio not verified, cross-check Musaffa/Zoya",
LLY,MEDICAL,MEDICAL-ETHICAL DRUGS,74,1152.9300537109375,0.17408712666482695,927.42;914.61;907.68;913.43;875.48;916.88;932.64;928.16;952.18;926.62;902.18;924.11;900.18;914.76;865.54;848.53;960.30;985.76;971.89;963.95;1012.55;1003.48;1019.95;1040.16;1063.22;1125.19;1080.65;1077.24;1129.80;1143.04;1159.29;1127.73;1110.41;1100.50;1115.66;1206.39;1197.71;1212.17;1233.79;1215.21;1180.18;1154.97;1177.42;1173.73;1184.17;1195.82;1208.29;1147.20;1114.08;1190.23;1230.18;1218.53;1180.16;1225.73;1244.40;1246.93;1189.41;1174.61;1160.00;1159.60;1123.91;1123.00;1138.28;1137.82;1152.93,HALAL,"Business activity permissible — debt ratio not verified, cross-check Musaffa/Zoya",
MRK,MEDICAL,MEDICAL-ETHICAL DRUGS,90,146.8699951171875,0.2966132072993557,114.37;112.72;114.18;117.82;118.08;118.73;119.30;117.73;121.09;118.59;116.37;117.53;111.10;113.13;108.80;109.51;110.71;111.68;110.84;109.84;111.98;109.94;112.76;114.38;118.17;118.34;113.68;113.21;119.22;118.05;119.19;114.23;114.76;114.80;119.89;127.91;127.75;128.80;128.10;124.34;123.30;122.88;126.75;125.52;129.71;129.99;129.60;129.44;127.25;127.62;130.15;132.14;135.04;134.38;148.12;149.78;152.20;147.48;148.98;151.45;147.59;143.86;144.00;144.91;146.87,HALAL,"Business activity permissible — debt ratio not verified, cross-check Musaffa/Zoya",
ABBV,MEDICAL,MEDICAL-ETHICAL DRUGS,78,263.9599914550781,0.22015777306956097,216.41;203.09;201.81;204.02;206.21;214.18;205.66;203.23;209.16;203.32;206.95;206.91;203.67;199.53;195.99;202.45;205.14;204.65;201.28;201.35;207.03;208.90;212.25;212.98;211.61;217.08;211.43;215.60;225.62;223.83;223.18;220.02;219.67;228.38;233.23;251.56;249.86;259.22;252.85;248.14;246.25;244.11;254.49;256.10;256.92;256.91;263.30;250.94;243.80;243.87;247.97;248.76;249.46;258.92;261.83;264.52;262.90;255.48;259.99;260.21;248.78;255.00;261.77;262.51;263.96,HALAL,"Business activity permissible — debt ratio not verified, cross-check Musaffa/Zoya",
BMY,MEDICAL,MEDICAL-ETHICAL DRUGS,75,63.060001373291016,0.09054480793883424,58.44;56.87;55.79;57.69;57.30;59.36;58.93;57.03;58.81;57.41;57.24;59.50;58.73;58.36;57.14;56.95;57.57;56.31;55.62;55.05;55.76;56.36;57.66;58.89;57.38;56.27;54.34;54.11;56.63;55.85;56.26;55.61;54.66;54.09;54.39;56.88;56.98;58.13;57.97;57.94;59.34;58.72;60.74;60.93;61.51;62.56;63.10;65.31;65.89;64.15;64.84;63.70;63.83;66.05;65.47;67.28;67.57;66.58;66.92;68.09;64.69;63.75;64.10;63.60;63.06,HALAL,"Business activity permissible — debt ratio not verified, cross-check Musaffa/Zoya",
AZN,MEDICAL,MEDICAL-ETHICAL DRUGS,27,166.0800018310547,-0.12543440142717488,191.29;188.93;184.07;187.14;188.42;197.22;203.49;200.81;204.99;202.24;201.21;204.80;195.78;192.30;187.51;185.20;184.74;181.24;182.52;181.86;187.72;181.58;184.64;189.75;187.19;185.33;179.71;176.28;185.95;183.43;182.28;177.27;177.89;176.43;183.02;188.41;189.62;195.15;193.12;178.49;169.47;168.37;168.90;169.34;168.27;169.64;173.30;169.64;155.62;161.07;161.91;158.50;156.45;160.10;164.49;166.71;166.27;162.70;162.47;164.77;160.04;159.64;163.78;162.89;166.08,HALAL,"Business activity permissible — debt ratio not verified, cross-check Musaffa/Zoya",
NVS,MEDICAL,MEDICAL-ETHICAL DRUGS,40,140.3699951171875,-0.08517992124778384,154.85;148.19;148.09;150.75;148.18;152.75;154.03;151.22;155.06;154.47;152.08;151.97;147.97;147.48;144.19;142.94;146.57;145.50;145.39;145.23;149.75;148.08;150.44;151.76;150.80;151.40;145.68;143.66;149.16;149.12;153.92;151.56;150.88;148.93;153.12;155.41;156.72;159.90;157.03;154.62;153.37;150.80;153.76;153.87;156.14;156.11;158.83;156.15;153.27;154.21;156.79;152.32;150.88;154.55;156.24;158.02;157.54;153.81;161.25;163.09;137.70;137.48;138.99;138.70;140.37,HALAL,"Business activity permissible — debt ratio not verified, cross-check Musaffa/Zoya",
SNY,MEDICAL,MEDICAL-ETHICAL DRUGS,34,42.47999954223633,0.0283635135254936,41.74;42.96;42.42;43.61;44.32;45.65;45.37;44.37;44.61;44.49;45.50;45.53;44.65;45.03;43.49;43.61;43.66;43.36;43.18;42.50;42.42;42.69;43.55;44.92;44.15;44.29;42.96;42.37;45.02;44.73;44.11;43.80;42.50;41.78;41.33;42.95;42.66;43.16;42.98;43.90;44.00;43.68;44.66;43.75;43.36;44.00;44.85;43.08;42.68;42.89;43.48;43.71;43.72;44.97;45.15;45.69;45.42;44.82;44.37;44.33;43.16;42.72;43.33;42.59;42.48,HALAL,"Business activity permissible — debt ratio not verified, cross-check Musaffa/Zoya",
GSK,MEDICAL,MEDICAL-ETHICAL DRUGS,52,50.220001220703125,-0.04220626603265176,52.45;51.43;51.06;53.72;52.87;54.20;55.67;54.84;57.31;57.88;56.77;57.30;55.11;54.63;53.25;50.48;50.68;49.48;49.59;48.92;50.08;49.22;50.59;51.07;51.04;50.78;48.87;49.27;51.06;50.79;52.39;51.76;51.68;50.29;50.63;52.03;51.95;53.18;52.84;52.00;51.82;50.99;51.30;50.33;50.29;51.51;52.74;51.23;51.07;51.70;51.69;49.85;49.52;51.15;51.96;51.78;51.43;50.82;50.66;50.87;48.54;48.12;50.05;50.29;50.22,HALAL,"Business activity permissible — debt ratio not verified, cross-check Musaffa/Zoya",
TAK,MEDICAL,MEDICAL-ETHICAL DRUGS,76,18.90999984741211,0.06415303096688296,18.39;18.11;17.86;18.29;17.91;18.52;18.74;18.29;18.46;17.82;17.85;17.82;17.06;16.65;16.36;16.30;16.62;16.55;16.64;16.36;16.64;16.61;16.58;16.48;15.87;16.15;15.19;15.03;15.60;15.72;15.87;15.77;15.42;15.47;15.72;15.91;16.03;16.77;16.96;16.61;16.49;16.45;17.15;17.23;16.82;17.44;17.75;17.09;16.56;17.02;17.55;17.41;17.63;18.05;18.13;18.24;18.23;18.03;18.23;18.71;18.32;18.11;18.60;18.64;18.91,HALAL,"Business activity permissible — debt ratio not verified, cross-check Musaffa/Zoya",
VTRS,MEDICAL,MEDICAL-ETHICAL DRUGS,86,16.950000762939453,0.2733189442809534,13.60;13.30;13.09;13.30;12.86;13.31;13.24;12.97;13.41;13.63;13.66;14.46;14.51;14.53;14.59;14.75;14.82;15.29;17.13;16.67;17.12;16.24;15.93;16.22;16.14;15.99;15.69;15.44;15.76;16.08;16.19;16.20;15.61;15.27;15.81;16.21;15.76;16.58;16.83;16.22;16.27;16.56;17.16;17.46;17.15;17.51;17.69;17.43;17.57;16.17;16.16;15.98;16.11;16.05;16.00;16.54;16.85;16.34;16.63;16.94;16.61;16.38;16.66;17.02;16.95,HALAL,"Business activity permissible — debt ratio not verified, cross-check Musaffa/Zoya",
ZTS,MEDICAL,MEDICAL-ETHICAL DRUGS,6,71.4000015258789,-0.37545019142833247,120.31;114.69;113.94;115.40;112.08;116.88;116.62;115.49;118.64;118.73;119.40;121.01;117.36;115.26;117.05;113.04;113.37;111.76;86.71;76.14;73.83;73.71;78.37;79.52;79.67;77.73;77.02;77.05;78.89;81.63;80.84;79.40;76.73;75.36;77.63;75.56;71.36;74.28;75.76;74.56;74.87;74.01;76.03;75.35;74.57;76.92;77.93;77.29;76.04;77.27;74.83;73.54;73.79;73.96;75.02;77.17;77.52;77.34;77.25;76.29;73.56;72.86;73.67;73.00;71.40,HALAL,"Business activity permissible — debt ratio not verified, cross-check Musaffa/Zoya",
TEVA,MEDICAL,MEDICAL-GENERIC DRUGS,90,38.97999954223633,0.3643682169621443,30.09;29.44;28.77;29.46;28.74;30.12;30.08;29.33;30.96;31.15;31.61;32.40;31.29;31.21;31.26;35.38;34.95;35.86;36.01;35.84;36.25;34.29;34.07;34.16;34.61;34.52;34.64;32.83;34.19;34.45;34.56;33.69;32.56;32.20;34.22;33.21;33.88;34.64;34.65;33.10;32.18;31.56;32.03;31.35;31.18;31.08;34.71;35.01;34.43;34.81;36.14;36.74;36.77;36.58;36.81;36.93;37.92;36.44;36.19;36.62;36.76;36.35;38.72;38.53;38.98,HALAL,"Business activity permissible — debt ratio not verified, cross-check Musaffa/Zoya",
VTRS,MEDICAL,MEDICAL-GENERIC DRUGS,86,16.950000762939453,0.2733189442809534,13.60;13.30;13.09;13.30;12.86;13.31;13.24;12.97;13.41;13.63;13.66;14.46;14.51;14.53;14.59;14.75;14.82;15.29;17.13;16.67;17.12;16.24;15.93;16.22;16.14;15.99;15.69;15.44;15.76;16.08;16.19;16.20;15.61;15.27;15.81;16.21;15.76;16.58;16.83;16.22;16.27;16.56;17.16;17.46;17.15;17.51;17.69;17.43;17.57;16.17;16.16;15.98;16.11;16.05;16.00;16.54;16.85;16.34;16.63;16.94;16.61;16.38;16.66;17.02;16.95,HALAL,"Business activity permissible — debt ratio not verified, cross-check Musaffa/Zoya",
PRGO,MEDICAL,MEDICAL-GENERIC DRUGS,71,13.5600004196167,0.5267996257171088,9.84;9.22;9.14;9.25;9.10;10.26;10.36;10.08;10.12;10.80;10.90;11.27;11.20;11.16;10.97;10.78;11.38;11.12;11.19;10.57;10.42;10.13;10.13;10.84;10.31;10.92;10.54;10.25;10.61;10.95;10.68;10.48;9.95;9.41;9.56;9.75;10.18;10.80;10.96;10.20;9.96;9.95;10.50;10.26;9.90;9.94;10.22;9.91;10.56;12.29;12.38;12.43;12.78;12.71;13.42;13.98;14.46;14.48;14.43;14.27;14.58;13.59;13.65;13.54;13.56,HALAL,"Business activity permissible — debt ratio not verified, cross-check Musaffa/Zoya",
AMRX,MEDICAL,MEDICAL-GENERIC DRUGS,92,18.709999084472656,0.5815722066895215,12.43;12.34;11.92;12.26;11.85;12.43;12.48;12.32;12.80;12.83;13.05;13.91;13.02;12.65;12.57;12.80;12.83;13.41;13.72;12.78;12.39;11.93;11.81;12.42;12.79;12.95;12.90;12.88;13.75;14.69;16.34;16.24;16.28;16.11;17.27;17.23;17.31;17.15;17.05;17.02;17.18;17.20;17.85;18.10;17.97;18.09;19.10;18.32;18.48;18.07;17.88;17.66;18.15;18.19;17.90;17.78;17.99;17.54;17.68;17.87;17.05;16.87;17.22;18.08;18.71,HALAL,"Business activity permissible — debt ratio not verified, cross-check Musaffa/Zoya",
HCA,MEDICAL,MEDICAL-HOSPITALS,35,427.7099914550781,-0.1932077645284993,507.91;497.73;492.68;482.16;470.04;471.42;470.03;487.70;505.24;495.51;486.71;486.13;469.37;472.21;444.06;433.11;431.43;427.14;427.37;424.73;425.90;421.38;403.14;391.05;390.91;382.92;369.54;361.84;370.70;373.46;377.06;388.47;387.45;376.30;387.05;390.96;389.17;409.74;422.33;408.26;390.02;378.15;370.50;372.40;375.81;388.90;407.43;401.85;399.99;408.14;413.27;413.83;403.94;410.97;405.52;428.45;426.37;417.05;412.82;408.45;401.28;420.43;424.71;430.43;427.71,HALAL,"Business activity permissible — debt ratio not verified, cross-check Musaffa/Zoya",
UHS,MEDICAL,MEDICAL-HOSPITALS,43,176.69000244140625,-0.07940046160535341,192.97;186.74;187.61;186.24;183.57;178.51;176.25;180.15;187.40;182.73;179.69;181.94;178.09;180.72;179.05;167.54;166.57;164.98;170.13;167.80;170.57;168.21;166.03;162.04;156.23;149.74;144.32;145.61;144.80;146.42;145.88;145.80;141.09;142.47;145.24;145.52;148.52;158.14;161.07;155.02;152.59;147.85;150.98;149.73;151.09;159.12;167.96;168.24;167.67;169.52;172.54;172.25;169.82;172.89;172.67;176.19;178.48;171.46;170.75;169.21;171.89;172.72;173.25;181.21;176.69,HALAL,"Business activity permissible — debt ratio not verified, cross-check Musaffa/Zoya",
THC,MEDICAL,MEDICAL-HOSPITALS,85,261.989990234375,0.15094664417923087,211.64;205.11;203.41;200.04;191.86;188.71;188.17;194.60;201.87;192.99;193.56;196.64;185.47;188.33;185.53;180.10;183.27;186.91;194.13;191.68;195.86;196.66;191.40;178.00;176.38;173.20;170.09;164.84;162.06;166.36;173.17;179.11;178.50;178.75;182.96;189.00;187.08;203.72;208.82;206.77;194.81;192.34;194.91;196.49;199.02;243.36;257.62;254.78;253.33;256.64;259.93;266.79;267.90;270.21;272.60;278.59;274.19;266.80;265.84;263.49;259.06;263.46;264.51;265.78;261.99,HALAL,"Business activity permissible — debt ratio not verified, cross-check Musaffa/Zoya",
CYH,MEDICAL,MEDICAL-HOSPITALS,24,2.869999885559082,-0.10312504912726506,3.11;3.00;2.98;2.94;2.86;2.94;2.96;3.03;3.15;3.06;3.15;3.16;3.10;2.49;2.81;2.87;2.98;2.82;2.90;2.81;2.91;2.82;2.80;2.77;2.85;2.80;2.75;2.80;2.74;2.87;3.05;3.07;3.00;3.03;3.16;3.28;3.34;3.90;3.82;3.70;3.48;3.22;3.30;3.21;2.78;2.72;2.71;2.79;2.96;2.95;2.94;2.91;3.00;2.98;2.98;3.01;2.92;2.93;2.93;2.91;2.84;2.89;2.95;2.98;2.87,HALAL,"Business activity permissible — debt ratio not verified, cross-check Musaffa/Zoya",
AMED,MEDICAL,MEDICAL-HOSPITALS,,,,,HALAL,"Business activity permissible — debt ratio not verified, cross-check Musaffa/Zoya",
EHC,MEDICAL,MEDICAL-HOSPITALS,67,121.75,0.2176880341019456,101.18;97.51;97.15;98.44;97.20;96.36;97.21;105.47;108.13;107.36;105.04;106.19;102.58;101.67;100.73;102.42;107.28;104.96;106.95;104.62;107.29;106.44;104.56;104.25;104.71;105.16;102.54;102.98;103.81;103.99;102.19;99.17;97.71;98.49;102.06;101.14;100.89;106.46;110.72;111.02;110.04;109.88;112.21;112.10;111.06;113.88;113.80;111.07;110.50;124.82;125.81;124.83;123.59;122.10;120.91;120.92;120.78;120.85;122.05;122.59;120.47;121.04;122.53;123.91;121.75,HALAL,"Business activity permissible — debt ratio not verified, cross-check Musaffa/Zoya",
ENSG,MEDICAL,MEDICAL-LONG-TERM CARE,42,173.91000366210938,-0.17010194013115276,210.23;202.34;202.28;203.74;200.51;201.42;196.54;200.31;201.48;200.22;197.84;200.03;191.66;189.26;189.86;186.32;183.64;175.88;174.23;169.34;177.93;177.60;175.82;171.61;172.35;170.87;164.93;166.61;170.23;155.19;147.07;150.65;155.78;156.72;164.00;162.98;160.30;168.22;170.87;168.92;168.39;167.38;171.28;170.87;167.52;178.07;181.89;178.16;176.13;181.66;183.94;181.62;181.65;182.49;179.85;179.37;180.63;172.98;173.20;172.09;170.54;172.79;174.93;177.85;173.91,HALAL,"Business activity permissible — debt ratio not verified, cross-check Musaffa/Zoya",
BKD,MEDICAL,MEDICAL-LONG-TERM CARE,43,11.449999809265137,-0.17862265753738982,14.55;14.14;13.89;13.82;13.82;13.68;13.95;13.75;13.77;13.60;14.07;13.74;13.12;13.64;13.95;14.09;14.32;14.03;13.56;12.81;12.86;13.04;13.25;13.38;13.48;13.03;12.19;12.25;12.34;12.86;12.94;13.61;13.62;13.99;14.69;15.71;16.09;15.87;15.42;15.28;14.40;14.32;15.01;15.19;14.50;15.47;14.86;14.60;14.23;14.36;13.69;12.98;12.64;12.22;11.81;12.12;12.20;11.72;11.90;11.94;12.09;12.20;11.91;11.67;11.45,HALAL,"Business activity permissible — debt ratio not verified, cross-check Musaffa/Zoya",
CSU,MEDICAL,MEDICAL-LONG-TERM CARE,,,,,HALAL,"Business activity permissible — debt ratio not verified, cross-check Musaffa/Zoya",
PNTG,MEDICAL,MEDICAL-LONG-TERM CARE,84,39.619998931884766,0.2046214553702448,33.03;32.06;31.37;31.11;29.84;30.48;29.66;30.55;31.67;31.32;30.54;30.74;28.90;30.11;30.89;30.71;31.30;31.46;35.73;34.13;35.59;35.55;34.98;34.59;33.92;34.36;32.00;30.35;31.71;32.77;32.78;33.04;34.58;33.63;34.58;35.91;36.95;38.52;39.70;40.46;39.86;40.07;41.95;41.47;39.81;41.34;41.08;40.32;38.61;39.06;39.64;38.38;39.32;39.40;39.00;38.89;38.28;37.08;37.74;38.54;39.31;39.30;40.11;42.48;39.62,HALAL,"Business activity permissible — debt ratio not verified, cross-check Musaffa/Zoya",
UNH,MEDICAL,MEDICAL-MANAGED CARE,64,376.8999938964844,0.35200354513073817,284.19;277.14;266.37;267.37;255.97;267.41;274.00;304.11;303.30;309.32;310.36;320.81;341.94;350.39;350.52;366.38;364.44;359.59;365.39;379.92;396.44;389.22;384.66;377.98;372.43;378.03;375.39;372.56;394.77;408.14;400.78;408.52;397.08;404.19;403.32;425.27;413.09;422.76;425.57;429.04;426.46;415.96;423.48;433.68;420.97;415.08;418.00;411.86;405.06;401.50;406.24;403.11;399.27;391.52;382.49;396.32;398.56;390.55;393.87;398.49;398.39;385.90;383.55;375.26;376.90,HALAL,"Business activity permissible — debt ratio not verified, cross-check Musaffa/Zoya",
ELV,MEDICAL,MEDICAL-MANAGED CARE,78,410.95001220703125,0.4210406513777045,293.27;288.71;286.82;293.61;283.99;290.30;298.22;309.22;314.22;313.42;308.58;320.35;325.36;343.39;353.15;373.48;369.56;365.98;369.80;378.56;396.30;389.39;398.90;386.56;384.60;389.46;399.29;388.00;412.05;420.88;397.45;400.15;389.57;393.11;382.34;393.47;385.05;416.08;417.03;418.57;423.33;388.64;371.49;391.73;377.67;376.72;374.35;374.21;376.36;389.70;395.98;397.41;398.59;396.54;394.56;400.89;400.80;392.72;401.29;412.98;400.20;416.54;424.24;412.56;410.95,HALAL,"Business activity permissible — debt ratio not verified, cross-check Musaffa/Zoya",
CI,MEDICAL,MEDICAL-MANAGED CARE,37,275.2799987792969,0.04200274767704859,260.51;261.59;258.55;267.32;259.01;263.75;266.98;271.16;275.32;272.02;265.61;275.50;273.58;276.57;279.40;289.03;279.72;272.56;280.84;285.82;297.33;282.06;288.00;278.85;277.67;281.13;271.10;267.68;287.88;293.37;293.21;292.21;283.52;280.52;277.92;281.23;274.16;286.18;285.04;290.19;302.82;296.17;279.90;288.89;284.71;289.41;294.83;277.51;272.54;273.73;276.86;275.88;281.00;276.96;272.89;278.90;279.32;277.34;281.50;284.68;275.83;280.91;290.05;280.45;275.28,HALAL,"Business activity permissible — debt ratio not verified, cross-check Musaffa/Zoya",
HUM,MEDICAL,MEDICAL-MANAGED CARE,91,386.2200012207031,1.3520363014379013,169.51;165.22;168.88;172.95;168.69;172.98;177.41;196.69;196.86;197.76;197.90;204.66;216.85;214.44;223.09;242.55;233.08;238.97;246.54;273.61;304.13;304.40;309.82;302.97;300.98;307.97;327.54;326.77;349.26;362.33;367.82;379.36;361.15;359.87;360.79;383.84;397.22;396.75;394.62;397.76;406.00;407.78;400.00;404.34;394.50;381.15;365.41;363.86;362.16;367.24;385.70;388.83;389.05;382.00;380.73;386.61;391.06;385.54;394.88;406.52;403.09;400.73;407.02;384.72;386.22,HALAL,"Business activity permissible — debt ratio not verified, cross-check Musaffa/Zoya",
CNC,MEDICAL,MEDICAL-MANAGED CARE,94,65.11000061035156,0.8899854620727747,34.94;35.57;32.81;32.73;32.00;32.74;35.11;36.31;37.55;37.47;37.60;38.17;39.14;41.09;43.50;53.98;53.34;52.98;54.98;56.36;58.81;58.27;59.15;57.77;57.21;58.91;62.00;59.55;62.33;66.21;63.54;63.40;60.64;63.68;62.97;65.73;64.19;67.86;66.12;67.60;68.29;66.61;66.44;67.59;63.74;64.08;61.82;62.22;64.07;64.20;66.57;67.07;67.47;65.22;64.14;65.65;65.47;64.75;65.23;68.02;64.58;65.40;69.41;66.01;65.11,HALAL,"Business activity permissible — debt ratio not verified, cross-check Musaffa/Zoya",
MOH,MEDICAL,MEDICAL-MANAGED CARE,69,200.7899932861328,0.3457774624203733,143.96;142.21;135.24;139.84;134.03;133.30;139.38;141.53;145.05;149.98;146.80;148.97;151.00;174.70;179.22;196.49;192.70;192.17;191.85;185.19;191.97;184.99;184.38;181.26;176.20;178.02;183.25;184.82;190.86;203.06;193.20;201.87;195.53;197.42;201.42;229.74;228.70;229.87;232.90;232.09;242.88;233.36;225.37;226.54;200.29;199.48;199.02;195.62;191.36;191.88;198.84;206.06;212.43;203.61;196.94;198.50;202.43;200.00;203.06;202.91;196.30;200.28;214.07;202.22;200.79,HALAL,"Business activity permissible — debt ratio not verified, cross-check Musaffa/Zoya",
BKD,MEDICAL,MEDICAL-NURSING HOMES,43,11.449999809265137,-0.17862265753738982,14.55;14.14;13.89;13.82;13.82;13.68;13.95;13.75;13.77;13.60;14.07;13.74;13.12;13.64;13.95;14.09;14.32;14.03;13.56;12.81;12.86;13.04;13.25;13.38;13.48;13.03;12.19;12.25;12.34;12.86;12.94;13.61;13.62;13.99;14.69;15.71;16.09;15.87;15.42;15.28;14.40;14.32;15.01;15.19;14.50;15.47;14.86;14.60;14.23;14.36;13.69;12.98;12.64;12.22;11.81;12.12;12.20;11.72;11.90;11.94;12.09;12.20;11.91;11.67;11.45,HALAL,"Business activity permissible — debt ratio not verified, cross-check Musaffa/Zoya",
ENSG,MEDICAL,MEDICAL-NURSING HOMES,42,173.91000366210938,-0.17010194013115276,210.23;202.34;202.28;203.74;200.51;201.42;196.54;200.31;201.48;200.22;197.84;200.03;191.66;189.26;189.86;186.32;183.64;175.88;174.23;169.34;177.93;177.60;175.82;171.61;172.35;170.87;164.93;166.61;170.23;155.19;147.07;150.65;155.78;156.72;164.00;162.98;160.30;168.22;170.87;168.92;168.39;167.38;171.28;170.87;167.52;178.07;181.89;178.16;176.13;181.66;183.94;181.62;181.65;182.49;179.85;179.37;180.63;172.98;173.20;172.09;170.54;172.79;174.93;177.85;173.91,HALAL,"Business activity permissible — debt ratio not verified, cross-check Musaffa/Zoya",
PNTG,MEDICAL,MEDICAL-NURSING HOMES,84,39.619998931884766,0.2046214553702448,33.03;32.06;31.37;31.11;29.84;30.48;29.66;30.55;31.67;31.32;30.54;30.74;28.90;30.11;30.89;30.71;31.30;31.46;35.73;34.13;35.59;35.55;34.98;34.59;33.92;34.36;32.00;30.35;31.71;32.77;32.78;33.04;34.58;33.63;34.58;35.91;36.95;38.52;39.70;40.46;39.86;40.07;41.95;41.47;39.81;41.34;41.08;40.32;38.61;39.06;39.64;38.38;39.32;39.40;39.00;38.89;38.28;37.08;37.74;38.54;39.31;39.30;40.11;42.48;39.62,HALAL,"Business activity permissible — debt ratio not verified, cross-check Musaffa/Zoya",
NHC,MEDICAL,MEDICAL-NURSING HOMES,92,222.11000061035156,0.385748709993913,161.50;156.60;160.59;160.26;159.87;159.18;162.22;165.88;176.24;169.05;158.68;167.44;160.09;170.03;175.81;174.50;174.29;166.51;170.86;189.13;194.08;193.02;195.36;195.36;189.38;184.24;178.82;185.83;191.51;191.50;195.31;194.95;190.48;200.75;202.15;205.87;211.36;218.44;216.40;214.18;207.87;216.17;228.16;222.85;221.51;226.09;228.66;226.03;208.20;219.45;221.04;221.64;223.59;234.17;236.75;228.38;225.09;222.70;218.97;221.64;220.97;224.92;227.76;225.36;222.11,HALAL,"Business activity permissible — debt ratio not verified, cross-check Musaffa/Zoya",
AMED,MEDICAL,MEDICAL-OUTPATIENT/HOME CARE,,,,,HALAL,"Business activity permissible — debt ratio not verified, cross-check Musaffa/Zoya",
EHC,MEDICAL,MEDICAL-OUTPATIENT/HOME CARE,67,121.75,0.2176880341019456,101.18;97.51;97.15;98.44;97.20;96.36;97.21;105.47;108.13;107.36;105.04;106.19;102.58;101.67;100.73;102.42;107.28;104.96;106.95;104.62;107.29;106.44;104.56;104.25;104.71;105.16;102.54;102.98;103.81;103.99;102.19;99.17;97.71;98.49;102.06;101.14;100.89;106.46;110.72;111.02;110.04;109.88;112.21;112.10;111.06;113.88;113.80;111.07;110.50;124.82;125.81;124.83;123.59;122.10;120.91;120.92;120.78;120.85;122.05;122.59;120.47;121.04;122.53;123.91;121.75,HALAL,"Business activity permissible — debt ratio not verified, cross-check Musaffa/Zoya",
DVA,MEDICAL,MEDICAL-OUTPATIENT/HOME CARE,71,183.86000061035156,0.21987791349019892,149.98;149.76;152.21;155.11;154.43;153.69;145.58;149.70;150.68;151.56;144.57;147.91;149.90;155.03;150.05;151.99;151.65;157.04;196.26;198.93;198.10;199.74;194.61;198.66;195.57;197.10;189.81;195.03;192.16;198.19;203.83;209.75;210.58;209.68;213.04;217.04;222.48;234.91;234.31;229.48;235.58;231.61;236.97;237.28;234.27;236.31;240.96;240.09;227.99;180.67;183.69;181.50;180.06;177.91;175.24;176.50;180.05;180.68;176.14;181.66;180.06;181.33;189.32;193.86;183.86,HALAL,"Business activity permissible — debt ratio not verified, cross-check Musaffa/Zoya",
FMS,MEDICAL,MEDICAL-OUTPATIENT/HOME CARE,33,22.200000762939453,0.013385714956127615,22.26;21.25;21.05;21.40;21.21;21.69;21.54;21.87;22.69;22.80;21.95;22.50;22.06;21.86;21.74;21.30;21.62;19.41;20.81;20.92;20.56;20.76;21.24;21.63;21.58;21.63;21.04;20.90;22.03;22.35;22.37;23.45;23.57;23.39;23.85;23.24;22.61;23.53;24.20;23.91;24.45;24.06;24.11;24.68;24.44;24.87;24.86;25.66;24.01;24.10;24.35;23.72;23.77;23.56;23.43;23.53;23.40;23.10;22.74;22.47;22.45;22.23;22.86;22.97;22.20,HALAL,"Business activity permissible — debt ratio not verified, cross-check Musaffa/Zoya",
ADUS,MEDICAL,MEDICAL-OUTPATIENT/HOME CARE,66,117.06999969482422,0.1551060824605448,101.52;100.02;99.78;99.32;95.19;93.65;91.59;93.15;92.77;95.09;93.32;94.32;91.65;94.46;98.14;96.96;99.56;98.44;97.29;97.79;94.51;90.98;92.59;93.26;93.18;93.53;89.45;88.49;92.10;92.70;93.04;94.83;93.87;95.03;97.20;96.95;100.47;105.17;105.97;109.72;108.86;110.17;114.52;113.31;111.92;115.65;119.13;115.48;113.66;118.78;119.34;118.06;116.06;118.13;120.55;120.82;120.71;115.55;114.55;118.69;119.32;118.52;117.33;118.51;117.07,HALAL,"Business activity permissible — debt ratio not verified, cross-check Musaffa/Zoya",
MDT,MEDICAL,MEDICAL-PRODUCTS,55,92.12999725341797,0.07551346602525943,86.94;85.40;85.69;86.40;86.36;85.88;85.86;85.65;87.12;87.21;86.32;85.42;81.27;83.04;82.18;78.66;79.28;77.09;77.26;73.87;75.53;75.47;77.88;77.45;76.91;74.89;73.32;77.25;80.94;81.25;79.61;79.66;77.44;78.56;79.41;80.98;78.23;83.19;83.83;82.39;83.57;80.47;83.20;82.35;82.01;84.22;87.54;85.39;86.20;85.92;89.41;90.76;91.27;92.09;92.30;92.90;92.02;91.23;92.04;93.10;92.39;91.62;93.80;92.60;92.13,HALAL,"Business activity permissible — debt ratio not verified, cross-check Musaffa/Zoya",
ABT,MEDICAL,MEDICAL-PRODUCTS,35,102.61000061035156,-0.037395383751445244,109.24;105.77;103.46;103.44;102.61;101.31;101.50;100.48;101.36;99.35;100.84;96.12;92.06;91.83;92.14;90.68;88.83;86.55;86.39;81.98;83.24;83.87;88.19;87.15;86.06;85.69;87.16;86.37;90.43;90.60;89.02;88.04;87.87;87.21;89.85;93.45;90.10;94.72;95.16;93.73;91.46;89.27;100.68;99.67;100.75;104.49;108.00;105.70;105.46;107.96;108.62;110.91;111.25;112.68;114.14;116.67;114.10;112.47;108.93;108.79;105.52;103.36;103.09;102.36;102.61,HALAL,"Business activity permissible — debt ratio not verified, cross-check Musaffa/Zoya",
BSX,MEDICAL,MEDICAL-PRODUCTS,4,43.34000015258789,-0.37306521228821476,71.20;69.89;69.54;69.78;69.17;62.75;62.82;61.86;61.28;63.18;64.61;64.23;59.52;65.69;59.95;57.15;56.50;55.98;56.57;53.37;53.06;52.68;56.81;57.15;57.64;49.11;47.98;47.69;48.55;48.96;47.17;46.76;44.95;44.33;44.46;44.23;42.68;45.14;45.30;44.99;44.65;43.04;44.03;43.19;43.58;45.51;46.04;46.73;49.09;49.30;50.46;51.42;51.83;50.47;49.37;49.01;48.17;46.84;48.08;46.95;44.98;43.10;45.05;43.91;43.34,HALAL,"Business activity permissible — debt ratio not verified, cross-check Musaffa/Zoya",
EW,MEDICAL,MEDICAL-PRODUCTS,50,88.26000213623047,0.07884127576237998,84.27;82.46;82.02;82.67;79.34;80.08;81.05;80.84;79.15;78.12;78.20;80.99;79.71;79.72;83.46;81.22;83.98;82.91;82.76;77.17;81.39;81.38;82.16;83.20;87.54;85.96;88.16;86.00;85.96;87.54;85.76;86.28;86.68;85.88;89.66;90.78;90.46;94.37;94.82;91.33;91.79;87.27;85.73;84.55;83.82;83.04;85.76;86.07;89.60;89.32;92.03;93.05;91.60;90.98;89.83;90.50;90.78;90.21;90.74;89.78;86.72;86.77;85.52;89.28;88.26,HALAL,"Business activity permissible — debt ratio not verified, cross-check Musaffa/Zoya",
BDX,MEDICAL,MEDICAL-PRODUCTS,78,180.94000244140625,0.1501641237078204,159.57;154.52;154.23;156.24;152.53;155.21;152.53;152.97;153.47;153.44;153.53;156.51;154.68;152.86;148.29;143.45;147.40;142.32;151.29;141.31;142.33;141.63;145.07;144.37;145.86;146.51;143.47;143.74;149.22;151.15;146.49;144.67;140.78;139.89;146.90;155.01;150.44;157.15;155.38;149.97;152.93;153.97;157.24;152.94;152.07;157.99;167.41;164.65;169.12;176.03;178.58;182.50;182.32;179.71;186.52;189.62;189.09;188.41;186.02;186.52;178.05;176.42;182.91;181.85;180.94,HALAL,"Business activity permissible — debt ratio not verified, cross-check Musaffa/Zoya",
SYK,MEDICAL,MEDICAL-PRODUCTS,13,275.1199951171875,-0.17866532655478695,347.24;337.94;330.81;325.90;325.69;327.72;330.66;331.19;338.24;346.32;340.33;342.41;326.43;328.77;328.13;314.29;293.95;294.46;293.45;281.83;301.29;305.94;316.90;312.67;312.17;306.81;298.66;294.21;304.85;313.17;304.83;307.12;300.34;303.88;312.84;331.82;314.84;326.54;329.74;327.11;331.45;316.44;319.87;314.58;318.97;336.74;352.25;325.70;335.96;337.43;345.81;347.21;339.21;331.37;327.70;327.81;329.67;330.69;317.40;307.99;276.43;270.01;281.87;284.76;275.12,HALAL,"Business activity permissible — debt ratio not verified, cross-check Musaffa/Zoya",
ZBH,MEDICAL,MEDICAL-PRODUCTS,46,95.36000061035156,0.02868070061083694,92.02;89.36;87.33;87.17;88.10;90.18;90.65;91.16;92.78;95.09;93.95;94.53;92.44;92.20;92.34;79.86;82.68;82.79;83.15;79.37;82.50;83.48;85.85;85.08;84.19;82.60;82.72;84.75;87.10;89.39;86.91;88.03;86.93;86.86;90.32;93.10;86.09;87.47;89.41;89.23;94.08;90.14;91.12;88.92;89.65;92.07;97.15;93.93;95.81;97.19;97.78;97.89;100.65;99.15;98.97;100.98;101.38;100.91;99.40;98.92;94.22;92.44;96.54;96.78;95.36,HALAL,"Business activity permissible — debt ratio not verified, cross-check Musaffa/Zoya",
BAX,MEDICAL,MEDICAL-PRODUCTS,67,22.799999237060547,0.3115316101324108,17.60;16.64;16.59;17.10;15.96;16.78;16.66;16.60;17.28;17.61;17.58;18.69;18.47;18.39;18.47;16.88;17.19;16.73;17.47;17.51;17.29;17.28;18.31;19.01;19.36;19.23;18.39;18.53;19.37;20.02;20.48;20.80;19.38;19.65;21.03;22.03;21.31;22.64;22.85;22.45;22.56;22.14;22.60;22.20;21.66;23.33;24.76;26.15;28.34;27.00;27.77;26.94;26.72;25.93;26.40;26.48;26.49;26.13;25.48;25.57;24.86;24.18;23.86;23.53;22.80,HALAL,"Business activity permissible — debt ratio not verified, cross-check Musaffa/Zoya",
RMD,MEDICAL,MEDICAL-PRODUCTS,,,,,HALAL,"Business activity permissible — debt ratio not verified, cross-check Musaffa/Zoya",
STE,MEDICAL,MEDICAL-PRODUCTS,24,205.0399932861328,-0.038646583330537165,218.81;216.61;219.67;222.04;218.08;219.80;217.40;217.90;222.41;223.50;220.17;224.44;218.13;222.18;220.86;211.37;213.11;211.69;212.42;200.64;209.83;210.84;213.13;218.35;214.97;214.11;209.80;208.93;211.08;212.23;206.59;205.30;198.79;199.79;206.54;215.01;209.93;217.54;214.73;215.34;216.39;210.82;217.18;211.11;210.00;217.74;234.12;227.71;232.14;231.07;238.18;235.88;232.57;231.68;235.02;237.15;236.05;233.07;228.95;226.14;218.44;212.45;213.66;209.90;205.04,HALAL,"Business activity permissible — debt ratio not verified, cross-check Musaffa/Zoya",
TFX,MEDICAL,MEDICAL-PRODUCTS,46,124.5199966430664,0.16615320991270077,108.45;106.51;105.32;107.63;115.63;119.01;117.22;114.93;119.66;122.56;125.70;130.92;124.12;135.96;134.39;132.63;121.16;120.08;131.02;129.07;129.38;129.06;132.07;131.23;131.56;129.34;127.25;128.24;129.52;135.41;128.99;129.77;124.65;121.37;126.20;129.54;126.45;133.66;133.21;133.71;136.06;131.42;134.28;134.68;130.84;130.73;134.32;136.37;139.77;138.55;132.67;135.98;137.17;131.92;134.96;138.31;138.74;139.67;140.48;139.96;137.00;132.00;130.30;128.00;124.52,HALAL,"Business activity permissible — debt ratio not verified, cross-check Musaffa/Zoya",
PEN,MEDICAL,MEDICAL-PRODUCTS,47,317.6000061035156,-0.05526797244648807,338.00;337.35;335.56;336.27;335.10;328.37;330.36;329.96;329.52;331.48;332.42;332.13;327.00;333.00;327.98;324.82;325.33;323.86;324.65;321.71;322.59;322.32;326.55;327.89;328.20;318.95;318.95;319.37;320.53;321.06;318.32;318.21;316.16;316.20;316.36;316.63;315.75;318.57;318.31;317.95;318.94;316.73;318.32;317.39;317.90;319.49;320.13;321.19;324.22;324.86;325.98;326.58;327.02;324.75;323.76;323.75;323.05;321.68;322.58;321.14;319.26;317.78;319.86;318.40;317.60,HALAL,"Business activity permissible — debt ratio not verified, cross-check Musaffa/Zoya",
ICUI,MEDICAL,MEDICAL-PRODUCTS,63,152.64999389648438,0.21295189310530072,130.55;126.63;129.93;131.38;124.19;129.15;123.31;119.83;125.83;129.32;126.21;129.96;128.15;124.55;122.85;115.45;118.85;117.01;123.07;124.68;122.04;118.72;123.66;131.31;134.97;138.87;131.64;130.52;136.61;142.00;142.86;143.72;137.94;136.14;142.95;148.27;146.60;154.97;155.37;156.52;157.60;157.96;157.51;158.77;153.46;161.46;166.53;168.51;171.96;166.37;182.42;179.34;182.98;183.76;182.53;182.55;179.59;175.10;170.81;166.29;160.89;157.26;157.60;155.62;152.65,HALAL,"Business activity permissible — debt ratio not verified, cross-check Musaffa/Zoya",
GMED,MEDICAL,MEDICAL-PRODUCTS,33,74.08000183105469,-0.12610587749605728,88.16;86.30;87.21;87.35;83.78;86.16;87.92;90.00;91.40;92.98;94.55;95.25;93.83;94.38;93.70;87.79;91.34;90.03;85.07;76.68;75.57;76.64;79.93;84.61;85.10;82.45;79.78;77.95;80.00;82.52;80.52;77.32;75.42;79.19;82.12;86.25;79.01;80.12;78.83;76.64;79.75;78.56;77.00;76.09;75.42;78.25;81.42;78.79;81.51;81.08;86.15;85.67;85.90;86.44;85.67;84.08;83.10;82.97;80.48;78.12;75.04;73.56;75.77;75.26;74.08,HALAL,"Business activity permissible — debt ratio not verified, cross-check Musaffa/Zoya",
IQV,MEDICAL,MEDICAL-RESEARCH EQUIP/SVCS,91,266.4200134277344,0.6174114342724331,168.43;166.47;166.96;165.64;163.85;170.54;173.26;170.62;168.98;171.99;178.10;176.46;175.69;160.68;163.84;156.66;157.77;176.42;178.64;173.55;172.38;169.12;173.18;168.02;162.00;181.09;186.82;182.05;183.45;186.25;181.06;178.39;170.67;167.81;185.62;191.14;193.22;207.04;208.23;208.97;207.55;206.81;206.26;201.62;207.32;213.22;247.56;235.02;228.20;232.43;241.99;241.71;236.66;240.03;256.05;260.24;261.51;261.75;258.35;271.62;259.21;257.30;265.67;268.82;266.42,HALAL,"Business activity permissible — debt ratio not verified, cross-check Musaffa/Zoya",
CRL,MEDICAL,MEDICAL-RESEARCH EQUIP/SVCS,94,278.05999755859375,0.7886272066768831,153.71;153.05;158.00;165.89;159.16;172.50;173.89;169.54;175.55;178.34;180.56;183.88;183.10;167.74;171.23;163.84;165.78;185.39;181.68;168.46;162.85;150.85;152.43;158.86;156.73;181.34;182.07;179.87;181.34;189.85;188.06;188.47;182.34;181.56;202.10;215.75;226.79;230.69;228.68;233.60;229.75;228.22;224.35;219.40;229.29;224.30;234.80;232.51;234.12;265.51;277.00;284.37;280.05;279.19;291.45;298.58;295.10;291.50;282.34;293.35;280.76;273.00;273.11;273.41;278.06,HALAL,"Business activity permissible — debt ratio not verified, cross-check Musaffa/Zoya",
ICLR,MEDICAL,MEDICAL-RESEARCH EQUIP/SVCS,69,164.11000061035156,0.6689718046819171,100.49;98.05;100.35;99.99;102.08;110.66;114.19;107.16;106.70;110.37;116.50;119.68;115.18;106.34;103.21;116.17;112.85;121.32;125.00;118.96;117.38;116.38;113.55;116.57;113.85;136.80;138.03;143.90;149.45;151.82;149.92;147.72;143.27;140.73;158.17;169.86;173.71;173.06;168.72;168.77;166.10;172.08;170.00;166.62;170.32;168.78;178.18;163.57;156.85;161.17;166.05;167.17;163.15;167.05;174.27;173.48;168.93;170.02;161.40;163.58;158.34;165.69;168.93;173.94;164.11,HALAL,"Business activity permissible — debt ratio not verified, cross-check Musaffa/Zoya",
MEDP,MEDICAL,MEDICAL-RESEARCH EQUIP/SVCS,82,612.3300170898438,0.3594947095118346,455.15;460.92;456.93;466.80;451.20;480.19;498.34;508.52;501.50;501.23;518.54;520.60;514.90;393.42;421.37;413.59;417.54;430.32;428.71;417.29;423.76;415.27;419.91;430.10;429.11;448.12;451.47;450.82;454.25;466.79;475.07;467.50;457.09;455.66;512.79;527.07;529.59;557.60;546.29;535.50;530.19;529.23;537.73;531.67;605.82;589.37;584.93;577.11;575.08;585.01;602.43;596.98;578.50;590.30;612.64;620.03;619.05;600.65;583.21;593.39;590.89;583.16;595.41;616.44;612.33,HALAL,"Business activity permissible — debt ratio not verified, cross-check Musaffa/Zoya",
WST,MEDICAL,MEDICAL-RESEARCH EQUIP/SVCS,84,362.30999755859375,0.5408982297841192,239.08;239.99;241.06;246.67;243.01;250.29;254.44;258.99;258.18;259.59;266.13;273.35;274.33;309.26;301.78;295.17;300.48;309.77;321.80;322.09;302.20;302.69;303.73;315.92;315.96;321.59;316.09;316.10;314.29;334.44;330.12;331.21;323.38;329.49;340.19;350.62;358.77;365.50;355.85;357.43;359.47;358.77;358.01;359.01;355.25;331.03;337.46;340.96;348.76;348.60;352.13;352.29;349.42;346.59;353.77;353.32;349.92;337.47;338.65;342.73;337.75;344.25;355.20;362.01;362.31,HALAL,"Business activity permissible — debt ratio not verified, cross-check Musaffa/Zoya",
LH,MEDICAL,MEDICAL-SERVICES,76,320.7099914550781,0.2216858783260025,269.30;262.80;263.13;264.72;262.91;265.51;272.39;267.86;271.93;262.89;265.43;269.36;272.09;263.63;262.15;255.89;254.59;255.89;256.79;253.84;253.18;249.18;252.45;254.50;257.19;261.47;256.32;258.37;264.58;270.66;264.70;264.46;259.00;253.89;264.61;270.89;279.40;286.37;283.25;277.04;276.09;271.41;282.75;278.80;290.40;300.53;306.49;308.54;311.67;315.85;320.62;322.79;317.45;321.49;332.10;338.61;335.00;335.11;327.61;331.50;324.86;306.96;315.31;324.51;320.71,HALAL,"Business activity permissible — debt ratio not verified, cross-check Musaffa/Zoya",
DGX,MEDICAL,MEDICAL-SERVICES,82,246.4499969482422,0.244523743147407,196.95;192.53;193.96;194.81;193.87;194.34;196.36;196.01;197.02;192.13;190.64;194.23;204.21;198.72;195.83;188.55;191.89;190.07;190.07;189.04;190.08;185.85;189.62;193.04;192.10;195.41;191.42;192.89;199.48;203.70;203.00;201.36;196.96;192.80;202.29;209.03;211.09;214.85;211.52;208.05;207.35;201.77;210.68;206.84;227.90;231.84;235.22;233.01;233.72;238.50;237.63;237.77;234.40;236.25;241.30;243.87;245.00;242.76;236.22;239.40;235.50;231.14;237.89;247.08;246.45,HALAL,"Business activity permissible — debt ratio not verified, cross-check Musaffa/Zoya",
EXAS,MEDICAL,MEDICAL-SERVICES,,,,,HALAL,"Business activity permissible — debt ratio not verified, cross-check Musaffa/Zoya",
DVA,MEDICAL,MEDICAL-SERVICES,71,183.86000061035156,0.21987791349019892,149.98;149.76;152.21;155.11;154.43;153.69;145.58;149.70;150.68;151.56;144.57;147.91;149.90;155.03;150.05;151.99;151.65;157.04;196.26;198.93;198.10;199.74;194.61;198.66;195.57;197.10;189.81;195.03;192.16;198.19;203.83;209.75;210.58;209.68;213.04;217.04;222.48;234.91;234.31;229.48;235.58;231.61;236.97;237.28;234.27;236.31;240.96;240.09;227.99;180.67;183.69;181.50;180.06;177.91;175.24;176.50;180.05;180.68;176.14;181.66;180.06;181.33;189.32;193.86;183.86,HALAL,"Business activity permissible — debt ratio not verified, cross-check Musaffa/Zoya",
FMS,MEDICAL,MEDICAL-SERVICES,33,22.200000762939453,0.013385714956127615,22.26;21.25;21.05;21.40;21.21;21.69;21.54;21.87;22.69;22.80;21.95;22.50;22.06;21.86;21.74;21.30;21.62;19.41;20.81;20.92;20.56;20.76;21.24;21.63;21.58;21.63;21.04;20.90;22.03;22.35;22.37;23.45;23.57;23.39;23.85;23.24;22.61;23.53;24.20;23.91;24.45;24.06;24.11;24.68;24.44;24.87;24.86;25.66;24.01;24.10;24.35;23.72;23.77;23.56;23.43;23.53;23.40;23.10;22.74;22.47;22.45;22.23;22.86;22.97;22.20,HALAL,"Business activity permissible — debt ratio not verified, cross-check Musaffa/Zoya",
AGL,MEDICAL,MEDICAL-SERVICES,99,89.16000366210938,4.944000244140625,15.35;11.80;11.00;10.68;9.90;7.91;10.74;16.59;19.84;21.63;26.88;30.05;24.48;26.32;25.32;27.89;29.58;26.74;60.66;59.61;72.01;81.73;88.20;80.57;85.27;90.37;92.54;82.70;96.85;102.16;116.16;114.34;104.67;113.11;106.96;119.25;107.18;111.01;107.47;115.67;115.85;124.29;129.84;125.78;100.27;98.43;92.66;91.61;94.78;86.83;96.78;86.26;96.90;95.40;92.73;93.79;95.74;92.54;87.47;86.48;91.37;92.60;92.38;89.66;89.16,HALAL,"Business activity permissible — debt ratio not verified, cross-check Musaffa/Zoya",
OSCR,MEDICAL,MEDICAL-SERVICES,95,32.130001068115234,1.4285715933353806,13.51;13.30;12.21;12.21;11.14;11.47;11.92;12.97;14.54;15.48;15.59;15.79;16.17;16.43;17.18;17.93;18.49;17.94;20.87;22.00;23.62;23.32;24.52;22.14;21.89;22.33;22.97;20.50;24.51;27.22;28.91;29.14;28.27;28.54;29.16;29.79;28.52;32.18;31.12;31.20;31.60;30.61;29.10;30.77;28.92;28.34;30.57;31.22;30.38;26.54;27.67;29.61;32.76;31.28;31.57;31.81;31.24;30.47;29.83;32.24;33.01;32.58;33.81;32.34;32.13,HALAL,"Business activity permissible — debt ratio not verified, cross-check Musaffa/Zoya",
BDX,MEDICAL,MEDICAL-SUPPLIES,78,180.94000244140625,0.1501641237078204,159.57;154.52;154.23;156.24;152.53;155.21;152.53;152.97;153.47;153.44;153.53;156.51;154.68;152.86;148.29;143.45;147.40;142.32;151.29;141.31;142.33;141.63;145.07;144.37;145.86;146.51;143.47;143.74;149.22;151.15;146.49;144.67;140.78;139.89;146.90;155.01;150.44;157.15;155.38;149.97;152.93;153.97;157.24;152.94;152.07;157.99;167.41;164.65;169.12;176.03;178.58;182.50;182.32;179.71;186.52;189.62;189.09;188.41;186.02;186.52;178.05;176.42;182.91;181.85;180.94,HALAL,"Business activity permissible — debt ratio not verified, cross-check Musaffa/Zoya",
DHR,MEDICAL,MEDICAL-SUPPLIES,60,211.80999755859375,0.13549992515172105,194.39;189.31;189.20;186.37;181.14;189.21;190.72;190.61;192.59;195.46;197.73;194.35;194.14;178.20;180.25;178.43;174.79;174.27;175.30;166.18;165.65;161.57;166.69;172.97;172.45;180.26;179.50;177.71;183.92;188.02;180.42;180.73;177.39;177.82;188.48;196.19;190.48;197.93;194.19;195.98;200.16;200.79;203.83;179.01;192.50;196.50;196.49;194.98;194.78;199.98;209.37;205.79;202.45;199.58;215.91;215.11;215.36;216.07;206.93;211.03;205.23;200.53;203.25;208.36;211.81,HALAL,"Business activity permissible — debt ratio not verified, cross-check Musaffa/Zoya",
WAT,MEDICAL,MEDICAL-SUPPLIES,80,421.6300048828125,0.4712984405440237,296.99;299.57;301.81;302.32;289.16;297.80;304.24;307.38;317.65;324.68;326.20;327.77;335.23;311.20;299.79;292.13;307.12;342.75;350.49;348.07;334.93;329.22;333.26;340.99;338.64;366.67;378.16;379.77;365.36;371.15;359.74;357.76;357.00;358.25;369.18;374.41;375.04;379.29;374.93;377.13;373.22;374.92;368.98;367.55;382.41;371.20;379.48;377.31;396.08;399.70;411.77;416.15;412.17;401.25;404.69;410.75;414.17;414.69;405.84;413.56;402.91;401.64;410.01;418.64;421.63,HALAL,"Business activity permissible — debt ratio not verified, cross-check Musaffa/Zoya",
WST,MEDICAL,MEDICAL-SUPPLIES,84,362.30999755859375,0.5408982297841192,239.08;239.99;241.06;246.67;243.01;250.29;254.44;258.99;258.18;259.59;266.13;273.35;274.33;309.26;301.78;295.17;300.48;309.77;321.80;322.09;302.20;302.69;303.73;315.92;315.96;321.59;316.09;316.10;314.29;334.44;330.12;331.21;323.38;329.49;340.19;350.62;358.77;365.50;355.85;357.43;359.47;358.77;358.01;359.01;355.25;331.03;337.46;340.96;348.76;348.60;352.13;352.29;349.42;346.59;353.77;353.32;349.92;337.47;338.65;342.73;337.75;344.25;355.20;362.01;362.31,HALAL,"Business activity permissible — debt ratio not verified, cross-check Musaffa/Zoya",
AVTR,MEDICAL,MEDICAL-SUPPLIES,,,,,HALAL,"Business activity permissible — debt ratio not verified, cross-check Musaffa/Zoya",
PKI,MEDICAL,MEDICAL-SUPPLIES,,,,,HALAL,"Business activity permissible — debt ratio not verified, cross-check Musaffa/Zoya",
ALC,MEDICAL,MEDICAL-SUPPLIES,21,65.04000091552734,-0.15470211483046636,77.40;74.64;73.78;74.89;72.98;74.98;74.20;74.31;77.02;79.35;80.34;80.92;77.44;75.49;75.64;72.46;73.73;74.45;63.88;62.02;63.44;63.64;66.28;67.93;67.70;65.66;65.70;64.22;66.81;67.90;66.51;66.29;64.14;65.18;67.93;67.80;67.10;69.66;66.87;67.14;69.00;68.50;70.26;67.35;67.21;67.28;69.65;68.94;70.99;69.54;73.63;73.58;74.25;73.55;72.93;73.70;72.67;72.01;71.75;72.08;69.12;66.55;67.74;66.30;65.04,HALAL,"Business activity permissible — debt ratio not verified, cross-check Musaffa/Zoya",
COO,MEDICAL,MEDICAL-SUPPLIES,10,55.290000915527344,-0.2092390966325257,72.05;70.71;70.24;71.45;69.77;71.50;70.17;69.66;71.46;71.70;70.29;70.06;67.30;64.95;64.34;61.34;62.36;61.25;61.11;58.98;59.47;59.61;61.45;62.85;62.03;61.04;60.19;60.34;67.34;68.62;67.51;67.76;65.05;65.42;68.83;71.02;71.71;74.20;71.89;71.02;71.32;70.60;71.71;71.01;70.23;70.29;73.06;72.32;74.69;73.32;76.32;76.73;76.17;75.76;76.16;75.80;72.68;71.17;69.28;70.64;67.69;54.17;54.22;54.61;55.29,HALAL,"Business activity permissible — debt ratio not verified, cross-check Musaffa/Zoya",
HOLX,MEDICAL,MEDICAL-SUPPLIES,,,,,HALAL,"Business activity permissible — debt ratio not verified, cross-check Musaffa/Zoya",
VAR,MEDICAL,MEDICAL-SUPPLIES,,,,,HALAL,"Business activity permissible — debt ratio not verified, cross-check Musaffa/Zoya",
ISRG,MEDICAL,MEDICAL-SYSTEMS/EQUIPMENT,16,393.3299865722656,-0.16695615147075582,482.76;479.93;478.04;469.98;452.66;460.99;452.07;452.95;454.94;458.96;468.36;469.21;451.29;478.82;470.99;453.83;457.78;451.38;453.49;420.06;432.27;421.12;441.58;439.80;436.64;423.63;412.26;407.29;422.06;426.61;412.90;416.55;402.18;402.95;401.83;404.70;397.68;426.01;427.30;411.55;407.12;388.97;345.42;350.06;332.02;356.83;353.10;353.33;368.27;373.71;393.38;401.27;394.51;391.18;374.48;373.57;370.42;372.60;369.25;369.83;350.16;360.46;377.94;382.29;393.33,HALAL,"Business activity permissible — debt ratio not verified, cross-check Musaffa/Zoya",
MDT,MEDICAL,MEDICAL-SYSTEMS/EQUIPMENT,55,92.12999725341797,0.07551346602525943,86.94;85.40;85.69;86.40;86.36;85.88;85.86;85.65;87.12;87.21;86.32;85.42;81.27;83.04;82.18;78.66;79.28;77.09;77.26;73.87;75.53;75.47;77.88;77.45;76.91;74.89;73.32;77.25;80.94;81.25;79.61;79.66;77.44;78.56;79.41;80.98;78.23;83.19;83.83;82.39;83.57;80.47;83.20;82.35;82.01;84.22;87.54;85.39;86.20;85.92;89.41;90.76;91.27;92.09;92.30;92.90;92.02;91.23;92.04;93.10;92.39;91.62;93.80;92.60;92.13,HALAL,"Business activity permissible — debt ratio not verified, cross-check Musaffa/Zoya",
BSX,MEDICAL,MEDICAL-SYSTEMS/EQUIPMENT,4,43.34000015258789,-0.37306521228821476,71.20;69.89;69.54;69.78;69.17;62.75;62.82;61.86;61.28;63.18;64.61;64.23;59.52;65.69;59.95;57.15;56.50;55.98;56.57;53.37;53.06;52.68;56.81;57.15;57.64;49.11;47.98;47.69;48.55;48.96;47.17;46.76;44.95;44.33;44.46;44.23;42.68;45.14;45.30;44.99;44.65;43.04;44.03;43.19;43.58;45.51;46.04;46.73;49.09;49.30;50.46;51.42;51.83;50.47;49.37;49.01;48.17;46.84;48.08;46.95;44.98;43.10;45.05;43.91;43.34,HALAL,"Business activity permissible — debt ratio not verified, cross-check Musaffa/Zoya",
PHG,MEDICAL,MEDICAL-SYSTEMS/EQUIPMENT,26,24.68000030517578,-0.07730546739218103,27.24;25.85;25.80;26.41;25.78;26.37;26.09;26.00;27.07;27.48;28.00;28.59;27.41;26.59;26.51;24.62;25.18;25.46;26.14;25.73;25.63;25.23;26.05;27.15;26.94;26.45;26.08;25.35;26.11;26.50;26.11;26.69;26.24;26.98;26.73;27.10;27.19;27.74;28.23;27.26;27.34;27.02;26.95;26.58;26.03;25.02;26.10;26.30;26.47;26.33;26.94;26.80;27.29;27.10;27.50;27.52;26.99;26.72;26.59;26.05;25.29;24.60;25.08;24.73;24.68,HALAL,"Business activity permissible — debt ratio not verified, cross-check Musaffa/Zoya",
GEHC,MEDICAL,MEDICAL-SYSTEMS/EQUIPMENT,23,64.12999725341797,-0.09287206649529145,72.26;70.31;71.57;72.12;69.16;71.11;70.31;69.69;72.87;73.79;73.47;74.62;72.22;69.85;70.44;59.45;61.00;61.01;61.31;61.67;61.86;60.73;61.55;64.29;64.14;62.82;62.65;61.99;64.63;65.97;64.47;64.72;61.12;60.61;64.84;65.72;63.97;65.53;64.85;64.66;65.27;63.16;63.03;62.00;61.96;61.12;71.90;68.02;70.26;70.31;72.94;72.28;73.69;72.63;74.06;74.19;73.31;71.72;70.42;69.72;66.78;64.24;64.25;63.49;64.13,HALAL,"Business activity permissible — debt ratio not verified, cross-check Musaffa/Zoya",
HOLX,MEDICAL,MEDICAL-SYSTEMS/EQUIPMENT,,,,,HALAL,"Business activity permissible — debt ratio not verified, cross-check Musaffa/Zoya",
PEN,MEDICAL,MEDICAL-SYSTEMS/EQUIPMENT,47,317.6000061035156,-0.05526797244648807,338.00;337.35;335.56;336.27;335.10;328.37;330.36;329.96;329.52;331.48;332.42;332.13;327.00;333.00;327.98;324.82;325.33;323.86;324.65;321.71;322.59;322.32;326.55;327.89;328.20;318.95;318.95;319.37;320.53;321.06;318.32;318.21;316.16;316.20;316.36;316.63;315.75;318.57;318.31;317.95;318.94;316.73;318.32;317.39;317.90;319.49;320.13;321.19;324.22;324.86;325.98;326.58;327.02;324.75;323.76;323.75;323.05;321.68;322.58;321.14;319.26;317.78;319.86;318.40;317.60,HALAL,"Business activity permissible — debt ratio not verified, cross-check Musaffa/Zoya",
NVCR,MEDICAL,MEDICAL-SYSTEMS/EQUIPMENT,76,16.690000534057617,0.383913760642147,12.35;12.15;11.82;11.61;10.97;10.90;10.55;10.35;11.00;10.72;12.17;12.83;12.23;12.59;12.48;11.93;16.62;15.88;16.83;18.10;18.10;17.58;17.01;17.90;18.26;17.25;16.56;16.15;17.16;17.24;17.71;17.60;17.85;13.61;14.72;15.43;15.15;17.20;17.72;17.29;16.09;16.03;15.92;16.00;19.99;17.03;15.20;14.84;16.27;15.69;17.31;17.59;16.95;17.24;17.77;16.76;17.89;17.82;17.38;17.64;16.85;15.35;16.22;16.22;16.69,HALAL,"Business activity permissible — debt ratio not verified, cross-check Musaffa/Zoya",
SILK,MEDICAL,MEDICAL-SYSTEMS/EQUIPMENT,,,,,HALAL,"Business activity permissible — debt ratio not verified, cross-check Musaffa/Zoya",
SHC,MEDICAL,MEDICAL-SYSTEMS/EQUIPMENT,76,18.729999542236328,0.3961982553482717,13.85;13.56;13.88;13.70;13.13;14.34;14.96;14.64;15.28;15.70;16.03;16.30;15.97;15.33;15.81;15.45;15.50;15.33;15.67;15.43;15.48;15.27;15.23;15.71;15.96;15.75;15.54;15.27;15.62;16.53;16.39;16.23;15.46;15.74;16.69;17.38;17.75;17.93;18.02;18.39;18.17;18.15;17.75;17.40;17.49;17.24;17.53;17.86;18.11;18.91;18.97;18.89;18.89;18.51;19.22;19.17;19.54;19.27;18.68;19.03;18.59;18.26;18.52;19.33;18.73,HALAL,"Business activity permissible — debt ratio not verified, cross-check Musaffa/Zoya",
FCX,METALS,METAL ORES-DIVERSIFIED,83,71.54000091552734,0.27477030042961625,57.82;53.37;54.69;56.83;55.98;58.51;61.10;60.48;66.14;67.72;68.53;70.04;67.41;61.33;60.42;56.79;56.41;57.54;60.46;64.21;67.00;62.86;58.56;62.16;64.20;65.71;66.88;70.47;63.22;64.09;66.18;69.96;68.89;69.04;61.69;62.30;62.74;60.82;59.19;60.38;59.82;60.97;58.38;62.56;63.50;62.72;59.99;62.63;67.30;68.18;70.51;69.22;66.49;66.32;71.22;77.80;79.00;76.45;72.47;72.56;76.62;71.21;69.34;69.24;71.54,HALAL,"Business activity permissible — debt ratio not verified, cross-check Musaffa/Zoya",
BHP,METALS,METAL ORES-DIVERSIFIED,82,86.2699966430664,0.28240724516626936,68.97;65.93;66.75;68.51;68.02;71.19;71.68;71.74;75.58;76.43;77.77;78.73;76.03;78.13;78.13;75.41;77.37;77.55;80.79;85.78;88.87;82.60;80.12;83.13;84.64;85.92;89.27;88.91;80.95;82.92;86.12;90.16;88.43;83.95;79.00;79.29;81.53;81.55;78.52;78.20;79.63;83.65;78.92;81.67;81.86;82.14;81.34;82.69;85.59;86.02;88.67;88.20;84.93;87.19;91.63;95.06;94.27;93.12;90.84;90.73;91.99;87.35;84.74;84.14;86.27,HALAL,"Business activity permissible — debt ratio not verified, cross-check Musaffa/Zoya",
RIO,METALS,METAL ORES-DIVERSIFIED,75,97.37000274658203,0.1329626531454864,87.87;83.81;84.00;85.66;84.78;91.29;92.42;92.63;95.04;97.07;96.44;98.00;95.62;96.73;97.80;94.42;98.42;98.34;100.89;105.58;109.63;101.46;98.75;102.51;104.64;104.18;106.62;105.54;98.53;99.24;101.41;103.61;100.46;97.23;92.01;91.73;92.89;92.39;89.29;87.57;87.92;91.61;88.21;88.60;89.54;89.97;91.65;94.77;96.88;97.51;99.72;99.05;95.68;96.69;102.17;104.80;104.70;103.30;101.86;102.84;103.83;99.39;97.64;95.79;97.37,HALAL,"Business activity permissible — debt ratio not verified, cross-check Musaffa/Zoya",
VALE,METALS,METAL ORES-DIVERSIFIED,60,14.210000038146973,-0.004399141179236787,14.68;14.22;14.38;14.72;14.61;15.47;15.74;15.73;16.19;16.97;17.13;17.29;16.97;16.66;16.60;15.41;15.73;15.49;15.74;16.60;16.37;15.87;15.57;16.01;16.04;16.09;15.85;15.61;14.81;14.72;14.93;15.56;15.10;15.27;14.43;14.65;14.62;14.57;14.28;13.83;13.79;14.26;13.80;13.85;14.42;14.37;14.24;14.64;14.42;14.31;14.48;14.02;13.63;13.68;14.23;15.04;15.16;15.03;15.12;15.31;15.56;15.28;14.61;14.13;14.21,HALAL,"Business activity permissible — debt ratio not verified, cross-check Musaffa/Zoya",
TECK,METALS,METAL ORES-DIVERSIFIED,86,65.5199966430664,0.32645488241738163,49.82;47.23;48.09;50.22;48.41;51.61;52.69;52.40;54.51;57.24;58.12;59.22;56.56;60.58;60.06;56.09;57.79;57.64;60.59;65.11;66.66;61.18;59.22;62.83;65.03;65.91;67.66;67.05;61.50;61.73;63.43;66.07;65.67;63.45;57.62;58.14;59.38;59.93;58.29;59.15;58.39;57.87;54.98;56.75;59.77;59.67;57.40;60.16;64.65;66.03;66.78;65.86;63.44;63.82;66.07;70.10;71.02;69.25;66.70;68.73;71.87;65.81;66.16;64.25;65.52,HALAL,"Business activity permissible — debt ratio not verified, cross-check Musaffa/Zoya",
SCCO,METALS,METAL ORES-DIVERSIFIED,87,195.6999969482422,0.1835678955768132,171.34;154.68;154.47;160.18;156.87;166.54;172.12;168.39;182.01;190.08;183.22;188.08;177.64;176.40;172.40;163.02;165.69;165.54;173.78;179.29;188.57;173.72;166.08;176.02;186.60;191.51;191.26;193.19;169.98;172.14;179.01;189.88;188.37;186.63;168.87;168.30;171.25;169.04;166.82;171.41;171.51;178.40;169.50;184.76;179.07;176.22;172.44;179.55;191.79;189.69;196.65;194.89;184.61;187.80;198.73;214.25;213.75;209.80;201.61;199.53;208.56;194.14;188.35;189.88;195.70,HALAL,"Business activity permissible — debt ratio not verified, cross-check Musaffa/Zoya",
FNV,METALS,METAL ORES-DIVERSIFIED,77,265.92999267578125,0.059812494302774244,253.91;230.18;226.00;232.79;233.07;246.12;256.77;260.25;259.19;259.05;255.86;261.51;246.57;243.12;240.10;227.65;225.59;224.22;227.19;236.71;239.88;224.53;221.90;224.99;228.33;224.71;227.32;228.26;217.92;211.36;207.57;221.98;226.55;220.36;209.41;214.78;208.09;217.22;209.25;207.75;200.16;202.21;200.44;207.06;213.86;214.07;214.01;212.57;218.50;230.70;240.50;235.55;233.82;232.57;257.71;269.68;266.93;265.72;255.00;269.86;263.87;260.66;261.67;259.41;265.93,HALAL,"Business activity permissible — debt ratio not verified, cross-check Musaffa/Zoya",
WPM,METALS,METAL ORES-DIVERSIFIED,81,151.00999450683594,0.08440544743133649,136.59;120.72;119.35;122.10;124.15;130.64;135.18;135.59;140.49;144.42;147.19;151.95;141.41;141.15;136.13;124.54;125.49;124.89;131.19;143.39;141.82;130.04;123.79;126.88;129.90;129.90;128.65;124.78;116.08;112.43;112.51;123.78;125.68;121.56;112.64;113.17;112.17;115.58;111.74;110.50;107.69;108.39;104.04;109.81;109.88;111.86;109.32;108.89;115.26;125.13;133.21;134.70;134.03;132.52;150.25;160.19;156.02;153.33;144.93;156.63;155.11;150.98;149.67;146.73;151.01,HALAL,"Business activity permissible — debt ratio not verified, cross-check Musaffa/Zoya",
NEM,METALS,METAL ORES-GOLD,82,123.41000366210938,0.13118872050241248,110.55;98.76;97.71;101.07;101.65;107.77;113.55;114.15;118.49;115.99;112.54;115.99;108.82;110.57;115.57;107.14;108.14;108.53;112.99;120.14;118.44;108.58;104.63;107.85;111.12;108.01;107.97;107.25;99.50;98.34;97.39;105.58;105.45;101.59;93.84;95.93;93.21;96.84;94.86;94.61;92.91;95.01;89.51;92.30;94.52;93.28;91.15;93.52;97.53;105.21;117.02;117.60;117.52;115.74;127.37;131.57;131.33;127.71;122.38;130.43;127.09;126.14;123.07;121.76;123.41,HALAL,"Business activity permissible — debt ratio not verified, cross-check Musaffa/Zoya",
GOLD,METALS,METAL ORES-GOLD,86,45.459999084472656,-0.012705597514852007,46.45;42.65;42.58;41.84;38.24;38.88;40.03;42.17;42.80;42.64;43.64;46.73;44.43;45.49;45.79;43.81;41.35;41.64;42.20;42.08;40.06;37.57;38.49;40.73;42.05;41.75;38.59;38.25;38.63;40.84;42.20;42.56;41.64;40.76;40.28;40.87;40.57;42.89;42.26;40.66;37.09;38.57;37.35;38.94;38.54;40.08;39.14;40.32;41.62;40.97;42.38;43.56;42.90;40.79;44.51;44.65;44.35;44.41;42.08;40.44;46.28;44.73;46.13;46.82;45.46,HALAL,"Business activity permissible — debt ratio not verified, cross-check Musaffa/Zoya",
AEM,METALS,METAL ORES-GOLD,69,199.49000549316406,-0.034280452428932406,208.47;183.92;183.18;191.17;192.50;202.03;207.57;208.64;215.43;216.37;213.40;219.07;202.14;198.03;197.21;182.70;182.70;177.31;186.89;195.92;195.06;179.49;172.59;176.92;179.73;177.14;176.18;171.27;163.30;159.58;157.41;171.42;172.61;166.48;153.12;156.88;154.79;153.52;150.00;148.70;143.19;141.91;136.67;141.31;144.19;145.64;144.11;144.95;150.28;167.55;180.08;184.77;186.05;186.53;211.57;217.41;213.57;205.79;193.46;207.13;201.84;196.68;197.55;195.57;199.49,HALAL,"Business activity permissible — debt ratio not verified, cross-check Musaffa/Zoya",
KGC,METALS,METAL ORES-GOLD,53,28.079999923706055,-0.07893467290027767,30.92;27.35;27.73;28.94;28.66;30.44;31.42;31.53;32.75;33.49;33.30;34.84;31.97;32.03;32.05;29.78;29.47;28.73;30.34;31.72;31.18;28.30;27.36;28.64;29.45;29.25;29.10;28.13;26.18;25.24;24.83;27.30;27.24;26.26;23.67;24.23;23.59;24.68;23.85;24.17;23.45;23.63;22.54;23.38;23.64;23.89;23.18;23.07;23.57;25.59;27.36;27.44;27.27;27.08;31.43;32.98;32.32;31.27;29.43;31.59;30.15;28.93;28.18;27.82;28.08,HALAL,"Business activity permissible — debt ratio not verified, cross-check Musaffa/Zoya",
AU,METALS,METAL ORES-GOLD,83,103.29000091552734,0.10872717990320524,94.45;84.13;84.04;87.92;87.55;95.59;99.38;99.24;106.57;107.13;102.57;107.16;98.62;95.00;96.44;88.82;91.07;89.24;98.40;106.37;100.50;90.56;87.71;90.18;95.71;94.56;91.50;89.29;83.59;83.90;82.66;91.71;90.35;85.69;78.10;81.11;80.38;84.12;81.57;81.40;79.26;78.65;76.28;78.01;77.93;79.98;77.38;78.82;80.99;87.04;96.64;97.31;95.70;97.34;114.42;120.47;118.11;113.19;108.13;111.67;107.83;103.88;100.48;99.74;103.29,HALAL,"Business activity permissible — debt ratio not verified, cross-check Musaffa/Zoya",
GFI,METALS,METAL ORES-GOLD,61,42.5099983215332,-0.045343633307487474,45.38;39.85;39.98;41.33;41.40;44.39;46.52;45.10;47.75;47.87;46.34;48.85;44.56;42.98;43.99;40.57;41.15;40.82;43.92;45.12;43.79;39.38;38.33;39.18;40.24;39.34;37.17;37.10;35.81;34.70;35.10;38.71;38.03;33.86;31.17;32.79;32.84;34.67;32.84;33.28;32.79;32.26;31.28;31.57;31.56;32.18;31.52;31.70;33.35;36.51;40.19;39.83;39.35;40.01;44.44;46.28;46.76;44.94;43.67;47.09;46.14;44.67;43.12;41.96;42.51,HALAL,"Business activity permissible — debt ratio not verified, cross-check Musaffa/Zoya",
EGO,METALS,METAL ORES-GOLD,88,43.220001220703125,0.18003375582798387,36.97;32.22;32.82;34.35;33.67;34.20;35.67;35.00;35.56;36.75;34.60;34.38;31.71;31.54;31.74;29.49;29.74;29.22;33.02;34.27;35.40;31.54;30.20;31.57;32.34;32.79;33.27;31.56;29.54;29.20;29.92;33.70;34.05;32.32;29.69;31.31;31.04;33.62;31.97;30.55;29.09;29.39;27.90;30.41;31.94;32.49;31.92;30.14;31.77;35.87;39.03;39.62;39.66;38.65;42.58;46.29;46.88;45.40;42.86;43.79;43.88;42.79;41.16;40.57;43.22,HALAL,"Business activity permissible — debt ratio not verified, cross-check Musaffa/Zoya",
HMY,METALS,METAL ORES-GOLD,78,19.920000076293945,0.341917912348251,15.57;13.39;13.81;14.28;14.07;15.08;15.80;15.54;16.40;16.24;16.54;18.32;16.92;16.22;16.46;15.06;15.61;15.58;17.59;18.13;17.55;15.71;16.37;17.19;18.03;18.26;17.61;17.12;15.71;15.02;15.21;17.52;17.10;16.14;14.59;15.53;15.21;16.09;15.40;15.02;14.99;15.15;14.65;15.33;15.49;15.87;15.53;15.75;16.88;18.05;19.90;19.86;19.44;19.28;22.02;22.81;22.43;20.23;19.23;20.76;20.23;20.19;19.63;19.22;19.92,HALAL,"Business activity permissible — debt ratio not verified, cross-check Musaffa/Zoya",
BTG,METALS,METAL ORES-GOLD,78,5.489999771118164,0.1417403011171705,4.80;4.17;4.05;4.15;4.21;4.49;4.69;4.70;4.84;4.82;4.88;4.96;4.68;4.91;4.50;4.27;4.32;4.20;4.91;5.34;5.31;4.86;4.58;4.59;4.66;4.56;4.62;4.51;4.14;3.99;4.08;4.45;4.39;4.18;3.88;3.93;3.73;4.07;3.93;3.85;3.77;3.79;3.66;3.81;3.83;3.86;3.73;3.74;3.88;4.08;5.04;5.19;5.12;4.96;5.36;5.70;5.72;5.64;5.18;5.67;5.43;5.36;5.22;5.14;5.49,HALAL,"Business activity permissible — debt ratio not verified, cross-check Musaffa/Zoya",
OR,METALS,METAL ORES-GOLD,44,36.7400016784668,-0.08573370252670387,39.61;34.48;34.24;34.65;35.10;37.94;40.19;40.04;39.57;39.39;40.05;42.53;39.46;39.96;38.81;36.43;36.65;36.02;37.40;39.72;39.12;36.35;35.42;35.50;36.83;35.80;35.88;35.24;33.80;32.97;32.67;36.09;35.99;33.82;31.35;32.18;31.63;31.44;30.11;29.75;28.73;28.80;28.30;29.22;29.05;29.54;29.49;29.76;30.76;32.15;33.74;33.71;33.36;32.31;35.29;37.49;38.43;37.40;35.59;37.68;36.91;35.84;35.52;35.47;36.74,HALAL,"Business activity permissible — debt ratio not verified, cross-check Musaffa/Zoya",
FCX,METALS,METAL ORES-NON-FERROUS,83,71.54000091552734,0.27477030042961625,57.82;53.37;54.69;56.83;55.98;58.51;61.10;60.48;66.14;67.72;68.53;70.04;67.41;61.33;60.42;56.79;56.41;57.54;60.46;64.21;67.00;62.86;58.56;62.16;64.20;65.71;66.88;70.47;63.22;64.09;66.18;69.96;68.89;69.04;61.69;62.30;62.74;60.82;59.19;60.38;59.82;60.97;58.38;62.56;63.50;62.72;59.99;62.63;67.30;68.18;70.51;69.22;66.49;66.32;71.22;77.80;79.00;76.45;72.47;72.56;76.62;71.21;69.34;69.24;71.54,HALAL,"Business activity permissible — debt ratio not verified, cross-check Musaffa/Zoya",
SCCO,METALS,METAL ORES-NON-FERROUS,87,195.6999969482422,0.1835678955768132,171.34;154.68;154.47;160.18;156.87;166.54;172.12;168.39;182.01;190.08;183.22;188.08;177.64;176.40;172.40;163.02;165.69;165.54;173.78;179.29;188.57;173.72;166.08;176.02;186.60;191.51;191.26;193.19;169.98;172.14;179.01;189.88;188.37;186.63;168.87;168.30;171.25;169.04;166.82;171.41;171.51;178.40;169.50;184.76;179.07;176.22;172.44;179.55;191.79;189.69;196.65;194.89;184.61;187.80;198.73;214.25;213.75;209.80;201.61;199.53;208.56;194.14;188.35;189.88;195.70,HALAL,"Business activity permissible — debt ratio not verified, cross-check Musaffa/Zoya",
TECK,METALS,METAL ORES-NON-FERROUS,86,65.5199966430664,0.32645488241738163,49.82;47.23;48.09;50.22;48.41;51.61;52.69;52.40;54.51;57.24;58.12;59.22;56.56;60.58;60.06;56.09;57.79;57.64;60.59;65.11;66.66;61.18;59.22;62.83;65.03;65.91;67.66;67.05;61.50;61.73;63.43;66.07;65.67;63.45;57.62;58.14;59.38;59.93;58.29;59.15;58.39;57.87;54.98;56.75;59.77;59.67;57.40;60.16;64.65;66.03;66.78;65.86;63.44;63.82;66.07;70.10;71.02;69.25;66.70;68.73;71.87;65.81;66.16;64.25;65.52,HALAL,"Business activity permissible — debt ratio not verified, cross-check Musaffa/Zoya",
AA,METALS,METAL ORES-NON-FERROUS,22,44.43000030517578,-0.2988290979839766,65.19;58.44;55.88;58.49;58.20;66.10;71.28;72.70;73.01;73.05;70.13;65.39;66.91;65.14;67.12;62.24;62.41;62.84;62.42;65.11;68.20;62.31;63.81;66.14;74.43;75.43;77.61;80.70;71.75;72.27;68.85;64.04;61.61;58.24;52.20;54.00;52.04;48.59;48.92;48.63;48.63;48.49;43.89;44.26;45.18;43.99;42.80;45.17;46.74;47.39;51.53;51.22;49.98;50.02;50.55;49.39;49.72;50.32;50.90;51.05;51.74;48.30;46.95;46.26;44.43,HALAL,"Business activity permissible — debt ratio not verified, cross-check Musaffa/Zoya",
CENX,METALS,METAL ORES-NON-FERROUS,51,39.0099983215332,-0.2872282359251923,56.49;49.65;46.48;50.19;49.65;58.69;62.57;66.03;66.31;67.94;64.09;62.24;61.40;59.87;61.63;58.98;58.98;62.28;60.58;60.18;64.34;56.82;58.44;60.46;66.88;67.53;63.91;67.04;60.12;60.91;60.94;54.55;54.31;49.53;44.50;46.33;46.01;43.76;45.28;45.11;45.41;43.94;41.50;44.80;46.36;44.87;42.66;44.77;47.12;45.95;51.88;48.17;46.72;45.66;43.40;43.66;43.95;46.59;46.78;47.51;47.95;44.36;41.54;39.80;39.01,HALAL,"Business activity permissible — debt ratio not verified, cross-check Musaffa/Zoya",
WPM,METALS,METAL ORES-SILVER,81,151.00999450683594,0.08440544743133649,136.59;120.72;119.35;122.10;124.15;130.64;135.18;135.59;140.49;144.42;147.19;151.95;141.41;141.15;136.13;124.54;125.49;124.89;131.19;143.39;141.82;130.04;123.79;126.88;129.90;129.90;128.65;124.78;116.08;112.43;112.51;123.78;125.68;121.56;112.64;113.17;112.17;115.58;111.74;110.50;107.69;108.39;104.04;109.81;109.88;111.86;109.32;108.89;115.26;125.13;133.21;134.70;134.03;132.52;150.25;160.19;156.02;153.33;144.93;156.63;155.11;150.98;149.67;146.73;151.01,HALAL,"Business activity permissible — debt ratio not verified, cross-check Musaffa/Zoya",
PAAS,METALS,METAL ORES-SILVER,58,49.9900016784668,-0.10320618366215684,55.44;48.02;48.81;51.11;51.35;54.26;55.40;55.82;56.47;56.89;56.95;58.66;55.24;54.75;54.86;50.94;51.46;50.18;57.42;61.87;63.23;56.02;52.69;54.61;55.16;54.97;55.31;52.41;47.42;45.97;46.37;50.79;50.29;48.74;44.24;45.29;44.63;46.13;44.01;43.97;42.55;43.42;41.63;44.28;44.04;43.98;42.40;42.96;44.75;47.88;51.62;52.20;47.26;46.44;51.74;53.63;52.63;52.87;50.00;52.60;51.00;50.65;48.64;47.56;49.99,HALAL,"Business activity permissible — debt ratio not verified, cross-check Musaffa/Zoya",
AG,METALS,METAL ORES-SILVER,83,19.84000015258789,-0.11906778932541473,21.70;18.92;19.17;20.74;20.64;21.44;21.80;21.22;20.55;20.74;21.12;21.45;20.05;20.22;20.45;18.92;19.82;19.07;21.33;23.54;23.94;20.39;18.77;19.88;20.26;20.56;20.81;19.75;16.98;16.53;16.91;18.88;18.54;17.71;16.05;16.88;16.95;17.81;16.44;17.15;16.39;16.83;15.80;16.86;16.44;16.21;15.21;15.02;16.48;17.27;18.83;19.14;19.26;18.48;21.19;20.83;20.99;20.76;19.86;21.39;20.75;20.15;18.80;18.33;19.84,HALAL,"Business activity permissible — debt ratio not verified, cross-check Musaffa/Zoya",
HL,METALS,METAL ORES-SILVER,84,18.920000076293945,-0.03477842880350146,19.61;17.60;17.80;18.35;17.92;18.62;19.17;19.34;19.29;19.26;19.11;19.53;18.08;18.42;18.61;17.46;18.05;17.04;18.06;20.66;21.04;17.63;16.35;17.29;17.58;17.59;17.54;16.67;14.78;14.51;14.99;16.66;16.06;15.98;14.52;15.54;15.43;16.33;15.56;15.79;15.25;15.46;14.33;15.29;15.32;15.19;14.15;14.12;15.39;15.86;17.55;18.10;18.37;17.95;20.82;20.40;20.70;20.38;19.11;21.21;20.46;20.02;18.82;17.99;18.92,HALAL,"Business activity permissible — debt ratio not verified, cross-check Musaffa/Zoya",
CDE,METALS,METAL ORES-SILVER,66,19.760000228881836,-0.020198607821572012,21.02;18.25;17.87;17.82;17.11;18.75;19.07;18.98;19.70;20.29;19.65;20.36;18.42;18.84;18.86;17.31;17.63;17.11;18.10;19.78;19.72;17.59;16.74;17.81;18.37;18.59;19.32;18.15;16.37;16.09;16.40;18.66;17.53;17.47;15.47;16.02;16.32;17.30;16.04;16.02;15.59;15.91;14.35;15.30;15.24;15.36;14.63;14.91;16.21;15.65;18.15;18.80;18.81;18.51;21.11;20.88;21.44;21.13;20.20;21.65;20.66;20.34;19.88;18.98;19.76,HALAL,"Business activity permissible — debt ratio not verified, cross-check Musaffa/Zoya",
ASM,METALS,METAL ORES-SILVER,57,6.380000114440918,-0.0672514660650897,6.93;5.66;5.76;6.07;5.94;6.32;6.53;6.73;7.01;6.91;7.16;7.75;6.99;6.99;6.78;6.23;6.58;6.22;6.86;7.52;7.83;7.14;6.48;6.65;6.90;7.16;7.29;6.82;5.84;5.77;5.98;6.83;6.83;6.42;5.64;6.15;6.34;6.57;6.07;6.15;5.74;5.93;5.50;6.05;5.69;5.69;5.27;5.33;5.91;6.38;7.31;7.14;7.02;6.83;7.60;7.36;7.59;7.47;7.01;7.69;7.30;7.12;6.23;5.97;6.38,HALAL,"Business activity permissible — debt ratio not verified, cross-check Musaffa/Zoya",
MAG,METALS,METAL ORES-SILVER,,,,,HALAL,"Business activity permissible — debt ratio not verified, cross-check Musaffa/Zoya",
SVM,METALS,METAL ORES-SILVER,89,11.9399995803833,0.10672049996906141,10.83;9.47;9.35;10.36;10.22;10.73;10.98;11.17;11.18;11.78;12.34;12.83;11.91;12.13;12.49;11.47;12.25;12.03;13.44;14.73;15.69;13.56;12.31;12.22;12.48;12.41;12.86;12.25;10.64;10.07;10.51;12.18;11.88;11.17;10.40;10.87;10.10;10.27;9.37;9.59;9.22;9.33;8.92;9.53;9.62;9.76;9.13;9.36;10.21;10.79;12.21;12.10;12.02;11.54;12.64;12.65;13.07;12.77;11.90;13.11;12.43;12.12;11.44;11.18;11.94,HALAL,"Business activity permissible — debt ratio not verified, cross-check Musaffa/Zoya",
RS,METALS,METAL PROC & FABRICATION,73,390.1499938964844,0.32008832643401375,297.14;292.93;289.90;297.09;297.68;301.99;303.44;304.69;320.13;322.31;317.88;323.47;333.85;342.36;358.57;357.16;363.52;369.67;366.75;366.13;366.50;359.43;355.22;362.16;375.19;376.76;381.69;392.79;393.25;400.62;409.22;404.73;402.92;402.30;395.69;384.65;372.50;370.92;378.23;375.39;384.27;390.76;394.77;382.29;394.21;403.16;402.43;404.91;413.69;416.90;427.23;425.85;426.54;421.40;380.31;382.49;391.16;387.59;390.11;398.24;398.31;392.40;384.23;394.30;390.15,HALAL,"Business activity permissible — debt ratio not verified, cross-check Musaffa/Zoya",
STLD,METALS,METAL PROC & FABRICATION,80,235.25999450683594,0.3864201851569762,171.71;166.67;165.75;172.54;170.06;179.59;179.79;176.79;189.57;195.03;193.67;199.87;219.71;224.54;224.53;223.86;228.75;236.92;232.39;235.44;236.54;228.82;222.86;231.32;249.92;260.16;261.00;274.51;267.89;269.19;278.92;271.57;269.52;250.41;240.88;244.93;229.46;220.39;229.62;222.06;234.14;235.56;235.51;233.52;240.57;250.27;252.34;251.26;265.10;261.48;268.60;263.18;255.77;249.81;219.00;229.27;235.90;234.67;234.09;246.03;240.31;237.08;234.53;238.23;235.26,HALAL,"Business activity permissible — debt ratio not verified, cross-check Musaffa/Zoya",
WOR,METALS,METAL PROC & FABRICATION,45,57.380001068115234,0.22037168470715596,48.06;47.66;48.83;49.17;50.36;51.79;51.69;51.75;54.94;55.09;53.43;54.78;54.23;54.47;55.40;53.47;54.01;54.27;55.29;54.03;54.29;53.02;53.14;54.17;55.29;55.91;56.59;56.56;56.92;57.92;58.32;59.63;58.83;61.27;57.09;56.15;53.57;54.37;52.90;52.57;53.66;55.60;55.57;54.48;54.99;56.43;55.35;56.01;58.91;57.68;56.77;56.69;58.45;56.78;56.19;56.58;57.76;57.11;56.53;61.05;62.18;57.40;55.05;58.84;57.38,HALAL,"Business activity permissible — debt ratio not verified, cross-check Musaffa/Zoya",
HAYN,METALS,METAL PROC & FABRICATION,,,,,HALAL,"Business activity permissible — debt ratio not verified, cross-check Musaffa/Zoya",
CMC,METALS,METAL PROC & FABRICATION,33,64.5,0.06321299784047185,61.55;60.75;61.48;62.01;57.90;61.03;61.39;60.97;65.36;66.04;64.70;65.96;67.30;67.81;69.30;66.44;68.44;69.56;70.29;70.93;70.10;71.02;69.11;70.47;73.49;76.73;75.50;76.33;73.91;75.51;77.50;76.78;72.98;73.05;71.05;68.98;62.55;61.53;61.58;60.12;63.67;67.41;66.41;67.70;68.04;68.04;68.09;68.72;72.63;73.69;73.21;72.34;71.63;70.98;65.28;64.87;68.41;67.63;67.14;68.75;70.76;66.62;64.99;65.82;64.50,HALAL,"Business activity permissible — debt ratio not verified, cross-check Musaffa/Zoya",
ROCK,METALS,METAL PROC & FABRICATION,22,41.4900016784668,0.005330778247222945,41.76;40.03;40.85;41.99;40.39;39.87;38.89;38.47;41.03;41.55;38.07;39.40;38.74;39.88;39.91;37.53;39.20;38.31;37.59;39.24;38.22;35.38;33.82;35.54;37.48;39.23;37.74;37.63;36.97;39.31;39.41;40.48;40.52;40.01;43.20;44.20;45.10;43.92;43.15;42.09;41.29;44.21;43.18;43.59;44.38;45.91;43.10;42.26;48.06;50.78;48.86;49.10;47.88;46.41;46.39;46.27;46.33;45.27;42.86;45.77;47.45;44.52;45.01;44.84;41.49,HALAL,"Business activity permissible — debt ratio not verified, cross-check Musaffa/Zoya",
TKR,METALS,METAL PROC & FABRICATION,70,117.13999938964844,0.20803790559934687,98.01;96.87;98.41;101.30;96.99;99.98;98.34;98.59;106.29;106.27;103.12;107.03;108.11;108.06;108.06;105.90;108.36;108.99;115.66;116.70;115.06;113.82;109.07;118.61;127.08;126.44;126.20;131.47;131.48;136.72;137.03;138.75;139.03;141.59;137.62;140.84;144.93;138.79;137.69;137.56;137.97;139.10;137.41;138.74;140.51;140.72;131.86;137.18;131.68;128.30;126.23;129.90;133.14;129.17;124.52;122.72;126.15;120.82;119.09;121.09;123.86;118.16;116.50;116.70;117.14,HALAL,"Business activity permissible — debt ratio not verified, cross-check Musaffa/Zoya",
VMI,METALS,METAL PROC & FABRICATION,54,474.6400146484375,0.16250505461223552,407.75;395.17;397.26;405.07;391.52;399.04;402.37;411.20;425.75;431.51;411.35;412.08;458.16;493.79;497.33;491.03;509.69;517.50;508.49;515.32;512.95;506.08;490.50;505.43;528.55;524.11;528.04;546.42;533.10;532.75;527.86;539.91;564.56;582.23;562.67;568.75;577.60;555.35;539.51;546.73;539.79;544.38;531.66;505.35;488.60;494.81;456.29;481.70;503.50;491.91;492.24;492.91;495.25;487.36;481.67;481.47;476.98;476.28;467.96;475.12;483.57;477.03;472.20;475.35;474.64,HALAL,"Business activity permissible — debt ratio not verified, cross-check Musaffa/Zoya",
NWPX,METALS,STEEL-PIPE & TUBE,85,101.33000183105469,0.42839016554516496,73.36;71.56;76.04;79.22;76.52;77.86;79.68;78.76;83.81;87.85;83.84;81.65;81.08;83.96;84.18;86.01;107.00;111.41;109.48;111.18;113.48;110.80;107.20;109.02;117.49;120.30;118.33;119.70;117.76;123.26;129.22;131.10;138.89;140.92;143.53;148.01;149.94;136.92;135.41;132.65;133.19;135.11;138.20;135.41;132.76;128.26;123.21;123.08;126.89;118.50;114.62;113.67;116.16;113.75;109.82;110.51;112.39;112.03;109.08;110.34;106.48;103.63;100.52;102.35;101.33,HALAL,"Business activity permissible — debt ratio not verified, cross-check Musaffa/Zoya",
FFG,METALS,STEEL-PIPE & TUBE,,,,,HALAL,"Business activity permissible — debt ratio not verified, cross-check Musaffa/Zoya",
NCS,METALS,STEEL-PIPE & TUBE,,,,,HALAL,"Business activity permissible — debt ratio not verified, cross-check Musaffa/Zoya",
NUE,METALS,STEEL-PRODUCERS,88,248.3800048828125,0.5282557003408708,161.13;161.00;159.68;164.21;162.42;168.69;172.04;172.84;183.55;189.21;189.14;195.39;207.55;212.43;214.47;221.85;225.49;231.50;226.14;231.43;231.77;226.46;221.19;225.89;239.70;248.69;250.87;257.10;253.77;253.70;260.26;258.68;251.98;244.33;239.93;239.19;222.75;220.75;227.42;222.28;233.00;236.87;236.61;233.20;241.15;247.86;256.02;257.29;274.04;272.00;274.61;271.81;268.91;264.19;240.48;244.64;252.80;250.50;251.92;262.47;256.40;255.46;254.63;260.68;248.38,HALAL,"Business activity permissible — debt ratio not verified, cross-check Musaffa/Zoya",
STLD,METALS,STEEL-PRODUCERS,80,235.25999450683594,0.3864201851569762,171.71;166.67;165.75;172.54;170.06;179.59;179.79;176.79;189.57;195.03;193.67;199.87;219.71;224.54;224.53;223.86;228.75;236.92;232.39;235.44;236.54;228.82;222.86;231.32;249.92;260.16;261.00;274.51;267.89;269.19;278.92;271.57;269.52;250.41;240.88;244.93;229.46;220.39;229.62;222.06;234.14;235.56;235.51;233.52;240.57;250.27;252.34;251.26;265.10;261.48;268.60;263.18;255.77;249.81;219.00;229.27;235.90;234.67;234.09;246.03;240.31;237.08;234.53;238.23;235.26,HALAL,"Business activity permissible — debt ratio not verified, cross-check Musaffa/Zoya",
X,METALS,STEEL-PRODUCERS,,,,,HALAL,"Business activity permissible — debt ratio not verified, cross-check Musaffa/Zoya",
CLF,METALS,STEEL-PRODUCERS,59,12.5,0.4775413644960129,8.35;8.18;8.03;8.54;8.11;8.45;8.40;8.71;9.23;9.34;9.66;9.94;9.13;9.09;10.61;10.25;10.51;10.65;10.65;11.24;10.99;10.31;10.15;10.70;11.98;13.29;13.58;14.15;13.53;12.72;13.71;13.63;12.68;11.89;10.57;9.95;9.39;9.86;9.54;9.40;9.71;9.85;9.28;9.25;10.96;12.25;11.38;11.52;12.31;12.23;12.49;12.25;11.90;11.88;10.74;11.30;11.54;11.62;11.54;12.28;12.29;11.83;11.65;12.15;12.50,HALAL,"Business activity permissible — debt ratio not verified, cross-check Musaffa/Zoya",
TX,METALS,STEEL-PRODUCERS,90,57.22999954223633,0.5613822756870654,36.98;36.81;37.23;38.44;37.65;39.00;38.68;38.65;40.06;41.81;41.46;41.09;41.55;41.20;41.76;41.54;42.15;42.85;44.90;44.71;44.26;42.78;42.19;44.82;49.41;49.04;49.08;49.82;48.02;48.01;48.61;49.92;47.49;46.63;44.96;44.44;42.70;41.75;42.75;43.42;44.83;44.94;44.70;44.84;47.14;47.74;48.06;49.24;50.34;51.89;54.80;54.89;53.81;53.69;54.21;55.11;55.13;54.84;55.67;57.98;58.10;57.61;55.96;56.98;57.23,HALAL,"Business activity permissible — debt ratio not verified, cross-check Musaffa/Zoya",
GGB,METALS,STEEL-PRODUCERS,87,4.940000057220459,0.5243415124511281,3.28;3.24;3.35;3.44;3.36;3.55;3.71;3.72;4.10;4.13;4.23;4.22;4.22;4.23;4.24;4.35;4.43;4.71;4.66;4.72;4.60;4.55;4.51;4.65;4.63;4.60;4.51;4.70;4.54;4.51;4.61;4.62;4.44;4.21;4.05;4.11;4.00;4.03;4.24;4.36;4.44;4.75;4.67;4.59;4.72;4.78;4.81;4.91;5.05;4.99;4.91;4.78;4.69;4.62;4.28;4.33;4.46;4.59;4.69;4.95;5.06;5.10;4.89;4.99;4.94,HALAL,"Business activity permissible — debt ratio not verified, cross-check Musaffa/Zoya",
SID,METALS,STEEL-PRODUCERS,16,1.100000023841858,-0.009009000301245074,1.20;1.19;1.25;1.29;1.21;1.24;1.26;1.24;1.35;1.32;1.37;1.36;1.30;1.29;1.29;1.27;1.29;1.30;1.34;1.37;1.28;1.26;1.18;1.28;1.34;1.36;1.31;1.31;1.18;1.17;1.21;1.22;1.12;1.05;0.98;0.94;0.92;0.91;0.93;0.95;1.03;1.03;0.99;1.00;1.06;1.12;1.03;0.99;0.94;0.94;0.90;0.87;0.89;0.90;0.89;1.03;1.03;1.02;1.13;1.26;1.24;1.38;1.18;1.21;1.10,HALAL,"Business activity permissible — debt ratio not verified, cross-check Musaffa/Zoya",
PKX,METALS,STEEL-PRODUCERS,42,58.209999084472656,0.023202666707435426,58.61;57.41;57.83;57.81;56.44;58.49;58.21;58.31;63.53;62.57;62.49;66.62;69.12;68.23;71.02;76.41;78.71;85.32;88.94;88.61;82.24;79.38;74.28;74.36;75.48;71.88;70.11;68.53;61.59;60.38;61.15;65.21;62.57;57.84;53.52;49.96;51.38;52.12;51.25;50.03;51.22;51.89;50.80;51.76;53.34;53.10;48.68;53.17;54.68;56.08;58.36;57.09;58.60;57.02;57.28;58.66;58.43;60.25;61.11;63.13;61.51;61.60;59.64;59.19;58.21,HALAL,"Business activity permissible — debt ratio not verified, cross-check Musaffa/Zoya",
ATI,METALS,STEEL-SPECIALTY ALLOYS,93,191.6300048828125,0.34979223240907875,148.83;147.54;146.38;149.00;140.43;145.46;146.63;147.28;159.63;163.78;156.83;164.66;158.95;154.05;153.45;146.23;155.26;155.35;162.66;161.16;164.83;154.22;150.44;160.41;168.76;170.53;178.98;179.94;177.47;187.13;199.50;195.81;196.86;204.09;197.59;197.40;197.10;188.10;183.26;188.36;183.75;193.59;186.17;197.21;199.84;192.64;177.92;187.44;200.15;223.43;228.19;230.43;228.48;226.46;209.22;209.81;212.86;210.76;200.95;204.54;207.32;199.00;188.15;189.65;191.63,HALAL,"Business activity permissible — debt ratio not verified, cross-check Musaffa/Zoya",
CRS,METALS,STEEL-SPECIALTY ALLOYS,62,408.1199951171875,0.13065170457466113,381.12;377.83;372.86;406.28;376.59;393.80;391.16;393.65;430.83;443.28;428.29;445.30;438.49;426.28;428.06;406.36;429.23;444.80;444.95;428.88;436.16;408.76;406.20;438.14;453.50;461.82;486.73;486.85;483.40;523.55;562.21;563.36;575.23;587.52;580.71;591.53;616.58;596.99;590.10;590.69;566.61;576.86;557.54;588.74;601.29;580.01;530.40;519.44;569.89;557.01;559.75;528.42;544.36;531.74;488.87;476.90;483.70;476.43;473.06;467.48;458.56;448.25;420.38;411.80;408.12,HALAL,"Business activity permissible — debt ratio not verified, cross-check Musaffa/Zoya",
HAYN,METALS,STEEL-SPECIALTY ALLOYS,,,,,HALAL,"Business activity permissible — debt ratio not verified, cross-check Musaffa/Zoya",
CMP,METALS,STEEL-SPECIALTY ALLOYS,43,23.8700008392334,0.08598732194535685,23.03;21.99;22.80;24.51;23.05;23.35;22.73;22.94;25.14;24.95;24.81;25.32;25.55;25.39;26.53;25.36;26.26;26.46;28.24;29.26;30.21;29.35;28.22;29.84;31.52;32.48;33.51;32.64;29.63;29.32;30.21;31.08;31.09;28.87;28.66;31.10;31.13;29.95;28.86;29.03;29.53;30.02;29.46;29.91;29.84;29.77;29.32;29.34;29.81;25.66;27.02;26.63;26.37;24.72;24.62;24.50;24.65;24.62;24.43;25.14;25.79;25.07;24.06;23.87;23.87,HALAL,"Business activity permissible — debt ratio not verified, cross-check Musaffa/Zoya",
RYI,METALS,STEEL-SPECIALTY ALLOYS,,,,,HALAL,"Business activity permissible — debt ratio not verified, cross-check Musaffa/Zoya",
VALE,MINING,MINING-IRON/MANGANESE/MISC,60,14.210000038146973,-0.004399141179236787,14.68;14.22;14.38;14.72;14.61;15.47;15.74;15.73;16.19;16.97;17.13;17.29;16.97;16.66;16.60;15.41;15.73;15.49;15.74;16.60;16.37;15.87;15.57;16.01;16.04;16.09;15.85;15.61;14.81;14.72;14.93;15.56;15.10;15.27;14.43;14.65;14.62;14.57;14.28;13.83;13.79;14.26;13.80;13.85;14.42;14.37;14.24;14.64;14.42;14.31;14.48;14.02;13.63;13.68;14.23;15.04;15.16;15.03;15.12;15.31;15.56;15.28;14.61;14.13;14.21,HALAL,"Business activity permissible — debt ratio not verified, cross-check Musaffa/Zoya",
RIO,MINING,MINING-IRON/MANGANESE/MISC,75,97.37000274658203,0.1329626531454864,87.87;83.81;84.00;85.66;84.78;91.29;92.42;92.63;95.04;97.07;96.44;98.00;95.62;96.73;97.80;94.42;98.42;98.34;100.89;105.58;109.63;101.46;98.75;102.51;104.64;104.18;106.62;105.54;98.53;99.24;101.41;103.61;100.46;97.23;92.01;91.73;92.89;92.39;89.29;87.57;87.92;91.61;88.21;88.60;89.54;89.97;91.65;94.77;96.88;97.51;99.72;99.05;95.68;96.69;102.17;104.80;104.70;103.30;101.86;102.84;103.83;99.39;97.64;95.79;97.37,HALAL,"Business activity permissible — debt ratio not verified, cross-check Musaffa/Zoya",
BHP,MINING,MINING-IRON/MANGANESE/MISC,82,86.2699966430664,0.28240724516626936,68.97;65.93;66.75;68.51;68.02;71.19;71.68;71.74;75.58;76.43;77.77;78.73;76.03;78.13;78.13;75.41;77.37;77.55;80.79;85.78;88.87;82.60;80.12;83.13;84.64;85.92;89.27;88.91;80.95;82.92;86.12;90.16;88.43;83.95;79.00;79.29;81.53;81.55;78.52;78.20;79.63;83.65;78.92;81.67;81.86;82.14;81.34;82.69;85.59;86.02;88.67;88.20;84.93;87.19;91.63;95.06;94.27;93.12;90.84;90.73;91.99;87.35;84.74;84.14;86.27,HALAL,"Business activity permissible — debt ratio not verified, cross-check Musaffa/Zoya",
CLF,MINING,MINING-IRON/MANGANESE/MISC,59,12.5,0.4775413644960129,8.35;8.18;8.03;8.54;8.11;8.45;8.40;8.71;9.23;9.34;9.66;9.94;9.13;9.09;10.61;10.25;10.51;10.65;10.65;11.24;10.99;10.31;10.15;10.70;11.98;13.29;13.58;14.15;13.53;12.72;13.71;13.63;12.68;11.89;10.57;9.95;9.39;9.86;9.54;9.40;9.71;9.85;9.28;9.25;10.96;12.25;11.38;11.52;12.31;12.23;12.49;12.25;11.90;11.88;10.74;11.30;11.54;11.62;11.54;12.28;12.29;11.83;11.65;12.15;12.50,HALAL,"Business activity permissible — debt ratio not verified, cross-check Musaffa/Zoya",
MTRN,MINING,MINING-IRON/MANGANESE/MISC,95,251.52999877929688,0.8519250425281935,144.29;135.25;137.81;147.93;141.21;144.47;148.93;150.67;162.77;167.12;162.72;181.72;178.14;183.02;181.32;172.33;187.99;196.68;190.82;202.78;210.79;204.76;193.76;209.86;222.65;222.10;222.94;228.38;220.62;231.13;245.85;251.99;263.75;277.52;269.46;286.85;297.21;265.27;247.05;256.58;246.60;250.85;244.98;254.68;248.46;241.68;189.23;210.72;226.97;278.10;279.50;283.09;282.97;263.87;232.72;229.84;236.05;237.74;234.19;240.56;255.69;251.67;240.22;248.31;251.53,HALAL,"Business activity permissible — debt ratio not verified, cross-check Musaffa/Zoya",
XRX,OFFICE,OFFICE EQUIPMENT/SUPPLIES,83,3.4200000762939453,1.117984936776883,1.41;1.43;1.31;1.37;1.36;1.28;1.25;1.26;1.27;1.26;1.46;1.72;1.80;1.66;1.61;1.56;2.68;2.62;2.35;2.64;2.52;2.56;2.55;2.48;2.99;3.02;3.07;3.22;3.29;3.36;3.44;3.39;3.12;3.04;3.12;3.28;3.13;2.80;2.67;2.78;2.77;2.70;2.77;2.74;2.61;2.73;2.64;2.95;3.23;3.23;3.25;3.14;3.10;2.97;2.84;2.85;2.98;3.06;3.16;3.30;3.20;3.17;3.31;3.48;3.42,HALAL,"Business activity permissible — debt ratio not verified, cross-check Musaffa/Zoya",
PBI,OFFICE,OFFICE EQUIPMENT/SUPPLIES,88,16.850000381469727,0.6820093743538425,10.25;10.06;10.44;10.78;10.74;10.92;10.90;10.87;11.27;11.43;11.74;12.69;14.45;15.18;15.55;15.56;15.34;15.35;15.39;15.71;15.16;15.56;15.52;15.41;15.42;15.71;16.82;16.41;16.76;16.68;17.04;17.14;17.28;17.04;17.27;18.02;17.42;16.72;16.94;17.60;18.03;18.09;18.40;18.35;17.75;18.05;17.56;17.43;18.28;17.85;16.97;16.60;16.42;16.17;16.17;16.53;17.01;17.21;17.11;17.58;16.99;16.97;17.33;17.31;16.85,HALAL,"Business activity permissible — debt ratio not verified, cross-check Musaffa/Zoya",
ESND,OFFICE,OFFICE EQUIPMENT/SUPPLIES,,,,,HALAL,"Business activity permissible — debt ratio not verified, cross-check Musaffa/Zoya",
ACCO,OFFICE,OFFICE EQUIPMENT/SUPPLIES,70,4.170000076293945,0.3135726935766756,3.01;2.84;2.80;2.89;2.83;2.89;2.77;2.74;2.79;2.86;3.08;3.23;3.17;3.13;3.16;3.12;3.80;3.87;3.91;3.78;3.73;3.62;3.62;3.71;3.91;3.98;3.84;3.77;3.75;3.91;3.89;3.86;3.78;3.75;3.91;4.14;4.09;4.13;3.99;3.76;3.87;3.90;4.01;3.95;3.85;4.06;4.25;4.15;4.29;4.33;4.27;4.24;4.26;4.20;4.16;4.19;4.19;4.29;4.25;4.34;4.34;4.20;4.24;4.25;4.17,HALAL,"Business activity permissible — debt ratio not verified, cross-check Musaffa/Zoya",
HNI,OFFICE,OFFICE EQUIPMENT/SUPPLIES,79,46.11000061035156,0.15932679696248186,36.48;33.89;35.99;36.17;33.76;32.79;31.89;31.74;34.26;34.59;35.27;37.26;36.63;36.54;36.97;35.76;36.77;35.58;34.08;31.86;30.50;29.36;28.73;30.32;30.80;31.19;30.87;29.96;30.92;32.45;32.89;32.41;32.18;33.92;37.07;39.33;40.13;41.14;40.00;38.75;39.43;40.17;41.44;40.60;40.29;42.65;42.48;44.69;48.10;48.55;48.65;48.90;48.52;47.19;47.47;48.68;49.57;49.13;47.46;48.23;48.23;46.30;46.70;46.21;46.11,HALAL,"Business activity permissible — debt ratio not verified, cross-check Musaffa/Zoya",
MLHR,OFFICE,OFFICE EQUIPMENT/SUPPLIES,,,,,HALAL,"Business activity permissible — debt ratio not verified, cross-check Musaffa/Zoya",
SCS,OFFICE,OFFICE EQUIPMENT/SUPPLIES,,,,,HALAL,"Business activity permissible — debt ratio not verified, cross-check Musaffa/Zoya",
ZBRA,OFFICE,OFFICE-AUTOMATION,90,346.6300048828125,0.7098954360474437,209.06;206.19;205.87;208.45;202.64;209.08;202.84;212.51;223.07;226.09;229.64;234.43;236.67;226.87;221.00;215.54;227.08;228.39;228.62;216.96;246.76;259.35;247.15;242.26;252.44;247.90;249.96;249.30;232.11;234.20;222.44;240.05;232.98;245.69;247.78;251.53;263.26;267.18;264.65;272.65;266.71;255.17;267.40;262.40;256.95;264.59;282.98;293.82;368.83;364.24;378.08;378.37;376.03;366.42;360.52;363.30;359.84;356.45;343.70;357.50;352.54;344.01;351.81;341.18;346.63,HALAL,"Business activity permissible — debt ratio not verified, cross-check Musaffa/Zoya",
ABM,OFFICE,OFFICE-AUTOMATION,69,49.77000045776367,0.30189332181940665,37.63;36.98;37.70;37.98;36.97;37.98;38.47;38.05;39.19;39.26;39.47;40.09;40.00;40.25;39.85;39.52;40.72;40.44;40.49;39.13;38.52;39.12;38.63;39.86;39.77;39.57;38.85;38.93;42.26;43.93;45.86;43.71;43.20;43.57;44.28;45.17;43.95;44.27;45.17;44.43;45.36;46.47;47.58;46.95;47.34;48.46;49.36;47.91;49.18;48.55;47.92;48.43;48.13;47.10;47.10;46.86;47.77;47.20;46.41;47.23;50.60;49.07;49.59;50.34;49.77,HALAL,"Business activity permissible — debt ratio not verified, cross-check Musaffa/Zoya",
VRRM,OFFICE,OFFICE-AUTOMATION,1,3.4800000190734863,-0.7672240760219418,14.85;14.51;14.64;14.28;13.88;14.29;14.52;14.56;14.91;14.90;14.98;15.22;15.35;15.11;15.08;14.87;14.89;14.50;14.63;13.79;13.43;13.10;13.28;13.37;13.08;4.13;4.89;4.13;4.31;4.61;4.50;4.98;4.71;4.47;4.39;4.50;4.25;4.30;4.22;4.22;4.52;4.29;4.12;4.12;3.90;4.19;5.10;5.29;5.58;5.12;4.74;4.70;4.72;4.45;4.66;4.47;4.42;4.39;4.17;4.20;3.91;3.65;3.63;3.54;3.48,HALAL,"Business activity permissible — debt ratio not verified, cross-check Musaffa/Zoya",
G,OFFICE,OFFICE-OUTSOURCING SVCS,25,34.13999938964844,-0.09414431489167452,37.91;37.88;38.33;37.24;36.17;36.84;37.32;37.07;35.14;35.14;35.84;36.52;36.62;34.12;33.45;33.50;33.95;33.70;34.10;30.95;29.11;28.73;31.32;31.64;30.84;32.06;34.07;31.94;32.26;32.27;31.72;30.83;30.15;27.96;28.38;28.38;27.35;28.94;29.58;29.48;30.32;29.91;30.72;30.02;30.21;32.01;36.51;34.98;35.60;35.97;33.95;33.77;33.68;34.46;36.73;37.39;36.68;37.82;37.49;37.87;35.16;34.41;36.43;35.27;34.14,HALAL,"Business activity permissible — debt ratio not verified, cross-check Musaffa/Zoya",
EXLS,OFFICE,OFFICE-OUTSOURCING SVCS,54,35.150001525878906,0.18589751179801972,30.83;30.75;30.88;30.28;29.84;30.45;30.94;30.76;29.77;30.08;31.26;31.86;31.87;30.56;30.38;31.19;31.74;31.26;31.34;30.19;27.16;27.48;28.97;29.23;28.95;29.11;30.59;29.45;29.67;29.71;28.59;28.41;27.86;25.61;26.34;26.00;25.86;27.02;27.84;27.60;28.49;27.58;28.16;27.35;26.88;28.56;35.99;33.93;34.39;34.66;35.07;34.33;34.82;35.47;37.05;37.66;37.50;38.40;37.42;37.32;35.52;34.62;36.45;35.85;35.15,HALAL,"Business activity permissible — debt ratio not verified, cross-check Musaffa/Zoya",
WNS,OFFICE,OFFICE-OUTSOURCING SVCS,,,,,HALAL,"Business activity permissible — debt ratio not verified, cross-check Musaffa/Zoya",
GENI,OFFICE,OFFICE-OUTSOURCING SVCS,7,5.639999866485596,0.05816134094125691,4.99;4.70;4.70;4.60;4.33;4.43;4.56;4.23;4.07;4.14;4.81;4.89;4.65;4.35;4.42;4.25;4.35;4.33;4.78;4.41;4.21;4.24;5.01;4.89;5.31;5.60;6.05;5.89;5.93;6.76;7.03;6.87;6.20;5.94;5.66;6.20;6.06;6.43;6.47;6.17;6.61;6.41;6.30;6.65;6.43;7.27;7.31;6.93;8.08;7.83;7.56;7.65;8.38;7.49;7.93;7.99;7.62;8.02;7.18;7.63;7.31;6.72;6.80;6.62;5.64,HALAL,"Business activity permissible — debt ratio not verified, cross-check Musaffa/Zoya",
GPS,RETAIL,RETAIL-APPAREL/SHOES/ACC,,,,,HALAL,"Business activity permissible — debt ratio not verified, cross-check Musaffa/Zoya",
URBN,RETAIL,RETAIL-APPAREL/SHOES/ACC,50,75.01000213623047,0.18293648189137746,65.39;65.19;61.75;61.47;61.21;63.35;64.57;64.74;68.72;67.42;68.20;74.18;74.71;73.85;72.34;68.69;69.01;70.05;70.44;68.40;66.41;68.95;68.88;73.76;75.42;74.85;71.52;72.57;71.30;73.78;77.38;77.01;72.47;72.75;72.32;73.54;70.86;70.72;68.21;69.27;69.85;72.95;72.98;73.74;69.61;72.61;75.40;74.18;78.88;77.67;79.49;77.47;77.81;74.59;72.65;76.05;82.95;81.09;79.29;80.58;79.43;75.60;77.01;77.08;75.01,HALAL,"Business activity permissible — debt ratio not verified, cross-check Musaffa/Zoya",
ANF,RETAIL,RETAIL-APPAREL/SHOES/ACC,93,135.75999450683594,0.6584411616736352,86.42;88.74;87.51;88.55;89.13;91.37;92.25;97.96;103.49;93.30;91.45;94.36;95.24;89.23;86.59;84.09;84.54;78.51;78.51;72.33;71.90;70.57;72.14;76.49;74.78;82.18;75.65;76.42;75.34;83.67;90.62;91.10;84.71;86.07;88.83;91.51;90.01;92.42;89.02;89.23;91.59;97.19;95.24;92.06;90.89;99.35;102.49;99.54;110.20;110.48;118.53;112.23;108.13;103.38;105.02;112.36;147.75;148.42;140.68;143.54;151.43;142.93;140.62;139.89;135.76,HALAL,"Business activity permissible — debt ratio not verified, cross-check Musaffa/Zoya",
AEO,RETAIL,RETAIL-APPAREL/SHOES/ACC,13,15.0600004196167,-0.1310174964696591,17.28;17.25;16.63;16.29;15.90;16.46;16.60;17.11;18.28;17.94;19.27;19.27;19.17;18.05;17.76;16.99;16.81;16.54;16.52;15.40;15.30;15.18;15.24;16.43;17.00;17.79;16.02;16.22;16.32;17.44;18.15;18.32;16.97;17.66;18.36;17.75;17.07;16.34;16.40;16.56;16.03;17.41;17.03;17.36;17.08;17.77;17.54;17.18;18.08;17.72;18.32;16.24;16.17;16.35;16.00;16.87;17.59;16.87;16.58;17.01;17.22;14.53;15.43;14.81;15.06,HALAL,"Business activity permissible — debt ratio not verified, cross-check Musaffa/Zoya",
BURL,RETAIL,RETAIL-APPAREL/SHOES/ACC,10,237.1199951171875,-0.2008089472145691,308.55;311.99;318.59;329.27;312.75;325.38;328.73;327.69;338.40;332.39;339.20;347.26;341.69;329.62;326.32;316.53;318.00;312.71;306.60;292.21;286.26;293.60;286.10;316.04;326.57;300.52;314.01;328.70;317.05;324.42;342.37;336.60;330.76;340.27;337.79;320.77;316.80;313.18;316.12;321.44;327.59;345.24;345.31;354.70;339.48;358.01;371.13;368.48;367.82;371.15;371.50;353.63;347.67;336.95;333.23;330.64;313.99;272.95;262.15;258.56;255.42;238.04;232.24;230.71;237.12,HALAL,"Business activity permissible — debt ratio not verified, cross-check Musaffa/Zoya",
ROST,RETAIL,RETAIL-APPAREL/SHOES/ACC,70,226.61000061035156,0.10283651313832842,208.38;209.84;212.26;215.19;210.87;215.79;219.13;215.50;224.04;220.09;223.28;226.94;224.71;226.04;225.29;224.21;227.95;226.54;223.61;213.72;210.94;211.92;211.85;216.35;233.77;226.32;223.20;231.72;229.48;229.01;238.65;236.31;232.80;236.51;228.15;212.85;212.44;213.02;214.26;220.17;219.04;225.37;233.01;235.36;231.94;242.88;251.47;250.59;250.58;253.82;254.34;247.77;244.89;235.92;228.55;241.05;235.81;228.11;228.80;231.22;229.31;225.48;230.04;224.80;226.61,HALAL,"Business activity permissible — debt ratio not verified, cross-check Musaffa/Zoya",
TJX,RETAIL,RETAIL-APPAREL/SHOES/ACC,,,,,HALAL,"Business activity permissible — debt ratio not verified, cross-check Musaffa/Zoya",
DKS,RETAIL,RETAIL-APPAREL/SHOES/ACC,2,121.1500015258789,-0.3558015605471456,186.58;188.92;188.41;189.87;186.54;195.33;188.89;197.36;209.45;207.43;213.74;221.01;225.40;221.11;225.92;216.72;221.27;212.28;218.89;216.96;211.42;213.25;208.39;218.42;229.65;222.93;213.72;220.83;211.63;216.30;220.61;217.97;222.72;236.33;234.71;236.92;224.68;233.96;221.04;215.28;214.07;206.93;215.32;206.45;202.44;203.67;204.06;194.07;198.86;196.76;212.09;200.76;200.07;189.72;177.66;177.65;128.44;133.82;131.70;138.46;131.13;131.89;130.77;123.65;121.15,HALAL,"Business activity permissible — debt ratio not verified, cross-check Musaffa/Zoya",
FL,RETAIL,RETAIL-APPAREL/SHOES/ACC,,,,,HALAL,"Business activity permissible — debt ratio not verified, cross-check Musaffa/Zoya",
BOOT,RETAIL,RETAIL-APPAREL/SHOES/ACC,6,122.91999816894531,-0.25099020345021017,160.49;162.40;161.19;157.10;149.23;146.36;135.16;149.87;157.82;156.40;157.95;163.09;165.89;163.19;170.28;166.74;171.47;165.90;163.37;153.10;145.24;143.85;141.54;154.49;164.09;170.77;169.84;170.69;167.60;170.81;174.98;165.88;165.72;178.46;177.48;177.58;164.27;157.72;158.03;157.37;164.32;154.19;152.47;149.05;147.76;155.12;150.89;148.99;163.28;164.04;168.59;160.74;163.32;158.09;160.22;161.81;159.72;154.85;148.78;147.36;152.60;140.68;142.84;122.75;122.92,HALAL,"Business activity permissible — debt ratio not verified, cross-check Musaffa/Zoya",
ZUMZ,RETAIL,RETAIL-APPAREL/SHOES/ACC,3,13.199999809265137,-0.384041081601055,21.51;21.05;21.57;22.33;21.34;22.16;21.61;22.65;24.51;24.54;24.42;24.97;25.02;24.64;24.58;23.96;24.37;24.02;25.03;23.17;23.28;22.65;22.96;23.48;24.08;25.32;23.32;23.11;17.39;19.10;18.51;18.36;17.46;18.20;19.11;18.25;17.80;17.55;17.55;17.89;18.17;18.71;18.69;18.83;18.79;19.46;19.55;19.67;19.94;19.65;19.53;18.82;18.64;18.05;17.47;18.51;18.45;18.18;17.82;17.70;17.70;16.71;14.38;13.38;13.20,HALAL,"Business activity permissible — debt ratio not verified, cross-check Musaffa/Zoya",
BKE,RETAIL,RETAIL-APPAREL/SHOES/ACC,15,40.290000915527344,-0.1866906203363884,49.76;48.76;49.28;50.05;48.55;49.62;49.40;50.54;54.89;53.69;52.27;54.17;55.25;55.94;56.03;54.85;54.81;53.17;51.93;49.77;48.06;47.83;47.50;48.62;48.55;50.06;43.32;43.16;44.45;43.99;44.73;43.65;43.81;44.45;44.20;42.88;41.85;41.84;42.34;41.24;42.20;43.23;42.47;42.64;41.99;43.61;45.00;43.77;45.59;45.72;46.65;45.32;44.11;43.11;42.64;44.41;44.17;43.43;42.47;43.41;41.99;40.29;40.27;40.06;40.29,HALAL,"Business activity permissible — debt ratio not verified, cross-check Musaffa/Zoya",
EXPR,RETAIL,RETAIL-APPAREL/SHOES/ACC,,,,,HALAL,"Business activity permissible — debt ratio not verified, cross-check Musaffa/Zoya",
CHS,RETAIL,RETAIL-APPAREL/SHOES/ACC,,,,,HALAL,"Business activity permissible — debt ratio not verified, cross-check Musaffa/Zoya",
TLYS,RETAIL,RETAIL-APPAREL/SHOES/ACC,94,4.139999866485596,0.5390333748778438,2.89;3.67;4.01;4.15;4.09;4.05;4.20;4.60;5.03;5.10;5.18;5.15;5.06;4.27;3.68;3.93;4.40;4.40;4.16;3.91;3.62;4.04;4.34;4.26;4.48;4.57;4.33;4.44;5.13;5.31;5.31;5.10;4.56;4.70;4.30;4.10;4.20;3.94;4.25;4.18;4.12;4.15;3.96;3.84;3.80;3.83;3.74;3.81;4.25;4.12;4.25;3.97;3.99;3.67;3.83;3.74;3.93;3.96;3.96;4.40;4.17;4.29;4.92;4.38;4.14,HALAL,"Business activity permissible — debt ratio not verified, cross-check Musaffa/Zoya",
BBY,RETAIL,RETAIL-CONSUMER ELECTRONICS,87,92.8499984741211,0.5421059607482575,60.24;61.75;61.58;58.99;61.51;62.70;62.99;62.52;63.02;59.43;61.91;64.19;65.03;60.06;57.88;57.36;58.65;55.93;57.17;56.27;54.22;54.96;57.90;59.72;61.74;72.99;73.23;70.05;69.87;73.36;75.30;75.60;71.39;75.22;76.82;76.90;75.09;77.18;77.90;79.16;80.80;84.48;84.52;84.34;83.55;87.53;89.23;85.36;85.45;79.19;81.57;82.14;85.52;86.36;84.84;86.57;86.53;81.58;81.77;86.58;88.40;87.18;93.85;91.49;92.85,HALAL,"Business activity permissible — debt ratio not verified, cross-check Musaffa/Zoya",
GME,RETAIL,RETAIL-CONSUMER ELECTRONICS,42,22.639999389648438,-0.03782410841586559,23.59;23.23;23.03;23.08;22.10;23.04;23.36;23.43;22.87;23.40;24.79;24.55;24.46;25.01;25.41;24.52;26.53;24.23;23.97;23.17;22.08;21.59;22.10;22.49;21.91;21.68;21.36;22.18;21.80;22.28;22.18;21.74;21.51;21.14;21.44;21.76;22.08;22.82;22.20;21.95;22.03;22.26;21.89;21.79;21.35;21.52;21.84;21.72;19.21;19.23;18.79;18.54;18.66;17.95;18.04;18.04;17.97;17.87;18.81;19.23;18.89;20.39;21.62;21.98;22.64,HALAL,"Business activity permissible — debt ratio not verified, cross-check Musaffa/Zoya",
HSII,RETAIL,RETAIL-CONSUMER ELECTRONICS,,,,,HALAL,"Business activity permissible — debt ratio not verified, cross-check Musaffa/Zoya",
CASY,RETAIL,RETAIL-CONVENIENCE STORES,23,597.47998046875,-0.09461343238303821,690.78;664.20;676.04;713.20;713.21;726.81;742.35;740.75;757.67;733.94;735.77;753.63;780.69;788.68;803.34;780.37;835.29;861.70;850.31;876.41;887.69;852.11;851.51;824.18;808.80;780.38;745.02;773.61;761.34;760.61;915.59;871.74;850.21;831.05;800.75;778.05;794.19;796.82;801.39;821.38;858.46;807.88;858.48;857.62;874.59;852.74;866.51;871.00;850.66;832.42;854.46;839.03;846.45;855.00;828.38;854.21;807.12;755.47;766.91;758.42;733.49;627.64;621.61;589.00;597.48,HALAL,"Business activity permissible — debt ratio not verified, cross-check Musaffa/Zoya",
MUSA,RETAIL,RETAIL-CONVENIENCE STORES,66,526.0900268554688,0.1545186470147759,457.46;479.18;457.72;476.27;505.09;492.84;501.26;524.65;495.10;494.30;499.41;490.01;511.28;531.55;516.46;513.28;595.56;603.14;579.48;576.62;587.29;560.40;568.93;543.89;530.55;510.99;515.09;541.54;545.89;555.70;621.36;586.16;571.22;550.69;530.48;525.73;538.26;560.11;574.98;584.07;610.10;592.98;617.86;610.40;622.04;609.74;615.53;607.07;588.87;535.57;552.21;546.31;568.47;573.46;569.55;567.90;531.64;503.19;536.45;522.30;517.81;525.78;527.17;513.27;526.09,HALAL,"Business activity permissible — debt ratio not verified, cross-check Musaffa/Zoya",
SVH,RETAIL,RETAIL-CONVENIENCE STORES,,,,,HALAL,"Business activity permissible — debt ratio not verified, cross-check Musaffa/Zoya",
M,RETAIL,RETAIL-DEPARTMENT STORES,58,21.940000534057617,0.307736199901228,16.65;17.76;17.74;18.20;17.65;17.80;17.53;17.81;18.83;18.92;18.84;19.23;19.92;19.86;19.69;18.99;19.37;18.97;18.92;18.39;18.13;18.12;18.75;20.29;21.32;22.09;21.45;21.45;21.81;21.82;24.64;24.47;23.69;24.45;25.12;25.74;23.35;23.05;22.93;22.49;22.59;23.56;23.48;23.60;23.13;24.75;24.55;24.61;25.99;24.92;24.69;23.59;23.21;23.03;22.39;22.98;22.63;21.82;21.74;22.28;22.26;20.33;22.39;21.81;21.94,HALAL,"Business activity permissible — debt ratio not verified, cross-check Musaffa/Zoya",
JWN,RETAIL,RETAIL-DEPARTMENT STORES,,,,,HALAL,"Business activity permissible — debt ratio not verified, cross-check Musaffa/Zoya",
KSS,RETAIL,RETAIL-DEPARTMENT STORES,45,16.549999237060547,0.28677961858854384,12.38;12.66;12.96;12.52;12.28;12.71;12.63;12.71;13.50;13.27;14.09;14.31;15.64;14.84;15.04;13.78;14.45;14.04;14.14;12.90;11.91;11.60;11.57;12.52;13.10;15.36;14.68;15.30;15.24;15.82;17.20;17.08;16.48;17.48;18.78;19.13;17.60;18.07;16.65;16.20;16.44;16.99;17.18;18.01;18.08;18.37;18.93;19.01;19.96;18.33;18.90;19.14;19.08;18.57;17.21;18.18;17.82;17.38;17.70;19.21;18.49;16.79;17.17;16.46;16.55,HALAL,"Business activity permissible — debt ratio not verified, cross-check Musaffa/Zoya",
DDS,RETAIL,RETAIL-DEPARTMENT STORES,61,636.260009765625,0.09319242460374144,580.05;601.48;568.34;566.66;554.40;571.79;572.04;574.63;606.37;593.36;606.15;605.43;622.53;603.19;594.82;561.77;565.20;558.81;553.15;556.48;532.62;538.39;530.70;551.54;576.43;608.34;587.86;610.80;605.93;608.85;613.94;565.46;558.48;569.04;581.21;577.64;528.42;547.21;521.45;510.39;525.51;536.56;550.93;568.27;560.97;573.95;589.15;588.34;618.14;617.07;633.98;636.02;560.88;584.60;597.94;642.63;632.05;620.29;626.36;652.07;645.10;624.33;652.39;647.49;636.26,HALAL,"Business activity permissible — debt ratio not verified, cross-check Musaffa/Zoya",
WMT,RETAIL,RETAIL-DISCOUNT & VARIETY,26,106.7300033569336,-0.15104586379183815,124.29;120.32;120.20;122.53;122.36;123.75;125.25;121.96;128.58;124.04;124.22;126.95;129.04;131.46;127.04;127.46;131.04;130.23;129.64;127.29;131.16;131.14;133.88;121.05;118.29;118.62;114.33;116.61;118.60;118.60;120.21;120.53;117.85;116.90;118.72;115.41;112.99;111.57;111.27;111.94;114.51;112.26;113.97;110.13;108.14;111.47;113.95;110.93;111.28;111.80;112.39;115.73;114.99;114.92;103.59;106.49;104.34;103.09;105.92;108.42;106.05;105.73;109.08;107.50;106.73,HALAL,"Business activity permissible — debt ratio not verified, cross-check Musaffa/Zoya",
TGT,RETAIL,RETAIL-DISCOUNT & VARIETY,91,158.19000244140625,0.3713162659431386,114.79;112.53;112.99;114.40;117.81;119.15;118.41;117.50;121.93;115.89;120.79;125.68;129.87;127.97;127.53;125.71;126.71;126.64;123.75;116.44;120.55;120.61;126.27;125.19;124.47;127.67;122.77;123.85;121.64;125.65;131.63;132.16;126.84;128.74;140.12;139.32;129.62;129.22;126.58;131.26;133.74;137.24;138.54;137.43;133.46;139.27;144.79;143.39;146.98;145.96;150.86;154.00;154.48;152.48;158.25;169.89;164.04;163.18;163.75;164.01;162.71;155.73;158.70;154.68;158.19,HALAL,"Business activity permissible — debt ratio not verified, cross-check Musaffa/Zoya",
DG,RETAIL,RETAIL-DISCOUNT & VARIETY,52,122.41000366210938,-0.06236528223379323,129.65;122.24;123.89;118.38;116.02;117.57;118.57;120.59;119.14;118.65;120.94;126.04;123.48;121.44;116.75;113.55;113.85;116.42;115.88;104.10;101.23;101.86;102.95;104.58;103.08;109.34;109.37;104.56;103.17;108.82;113.76;115.80;108.14;111.89;118.57;118.90;114.53;117.57;115.43;115.73;123.44;121.28;125.75;123.20;115.16;123.22;128.68;127.05;127.26;127.45;122.42;119.60;123.28;120.84;120.58;125.33;122.78;122.89;131.09;131.26;127.87;122.99;129.17;123.01;122.41,HALAL,"Business activity permissible — debt ratio not verified, cross-check Musaffa/Zoya",
DLTR,RETAIL,RETAIL-DISCOUNT & VARIETY,45,111.95999908447266,0.04187604725794403,111.84;105.56;108.27;106.64;107.00;109.51;108.44;106.42;102.60;102.13;101.33;105.93;103.83;102.25;98.00;95.70;94.67;93.69;96.76;90.02;86.80;89.58;90.61;95.71;93.70;113.00;111.35;112.50;108.80;112.15;114.89;112.88;106.41;113.93;119.35;123.87;120.95;124.05;122.65;120.92;126.38;127.03;125.94;125.74;117.65;125.54;128.95;127.21;130.71;129.68;129.37;128.61;129.39;130.48;128.45;136.75;132.18;128.26;131.71;131.04;124.04;118.66;119.17;112.40;111.96,HALAL,"Business activity permissible — debt ratio not verified, cross-check Musaffa/Zoya",
FIVE,RETAIL,RETAIL-DISCOUNT & VARIETY,82,234.13999938964844,0.11304429887003287,214.00;235.17;230.50;233.65;221.72;228.48;235.39;226.53;225.19;221.19;223.32;236.26;237.10;238.20;234.25;228.14;230.52;226.72;221.25;208.15;209.99;213.64;214.39;219.79;221.07;224.90;226.22;222.89;190.47;190.83;201.97;193.92;191.26;193.45;187.75;188.37;179.79;182.43;176.25;184.24;191.53;193.03;202.63;203.71;201.31;207.14;209.49;217.13;222.30;231.12;235.36;238.15;244.54;238.51;236.31;262.72;257.35;241.89;245.08;239.96;254.07;241.28;249.59;237.68;234.14,HALAL,"Business activity permissible — debt ratio not verified, cross-check Musaffa/Zoya",
OLLI,RETAIL,RETAIL-DISCOUNT & VARIETY,7,75.83999633789062,-0.305812390499857,104.09;101.74;94.45;91.01;89.24;92.04;95.22;96.08;92.39;91.69;95.23;94.82;88.14;88.25;92.05;85.40;85.61;81.78;81.77;75.73;74.22;78.49;79.69;83.07;80.62;82.54;80.86;79.74;76.70;77.88;83.65;85.00;77.47;73.42;74.09;71.91;76.88;74.21;68.03;63.72;65.33;65.46;66.51;66.00;65.24;66.77;71.37;73.47;77.10;77.97;79.38;78.25;76.49;76.21;74.75;76.35;74.27;72.42;72.34;73.69;76.88;71.92;77.02;73.23;75.84,HALAL,"Business activity permissible — debt ratio not verified, cross-check Musaffa/Zoya",
BIG,RETAIL,RETAIL-DISCOUNT & VARIETY,,,,,HALAL,"Business activity permissible — debt ratio not verified, cross-check Musaffa/Zoya",
PSMT,RETAIL,RETAIL-DISCOUNT & VARIETY,73,168.66000366210938,0.13811695955928793,149.20;142.12;145.17;146.61;146.95;149.92;151.89;150.17;160.63;157.41;154.79;161.15;158.16;161.52;154.39;153.29;157.60;155.95;155.93;156.37;157.50;158.64;160.94;163.93;166.50;170.86;170.54;170.41;173.29;175.58;179.59;179.03;177.74;182.27;187.59;195.49;194.58;197.13;191.20;187.53;190.39;187.85;185.28;185.77;185.94;187.64;191.82;193.16;192.62;177.44;168.15;177.24;179.52;176.70;169.46;174.86;175.42;169.34;172.05;173.72;172.97;169.51;168.76;167.00;168.66,HALAL,"Business activity permissible — debt ratio not verified, cross-check Musaffa/Zoya",
RH,RETAIL,RETAIL-HOME FURNISHINGS,12,126.54000091552734,-0.014255622585243377,136.25;134.51;130.17;136.94;130.85;139.82;113.46;114.33;123.80;126.22;129.52;141.04;138.61;138.09;136.05;131.97;129.97;123.48;133.65;129.20;128.88;123.17;122.14;139.08;138.46;149.15;149.33;152.45;146.63;150.09;159.32;148.12;135.67;146.71;156.54;159.04;164.73;169.08;163.70;168.33;161.82;190.26;187.88;180.51;166.08;179.57;176.14;165.52;188.20;187.97;183.57;180.25;181.76;171.05;156.41;143.34;148.57;149.49;144.48;146.61;142.45;134.02;134.17;126.52;126.54,HALAL,"Business activity permissible — debt ratio not verified, cross-check Musaffa/Zoya",
WSM,RETAIL,RETAIL-HOME FURNISHINGS,64,224.1999969482422,0.25476346408380657,180.84;181.25;182.38;180.60;174.01;181.00;178.86;178.62;189.92;192.11;191.47;198.03;201.61;191.75;191.41;180.58;179.39;179.67;182.81;175.51;171.49;168.08;171.19;191.30;197.72;204.92;201.47;206.42;204.30;212.46;218.01;222.55;220.41;225.31;234.88;238.39;232.32;226.77;221.75;219.04;215.93;222.10;228.41;221.13;218.60;234.39;233.81;228.66;248.88;246.89;250.82;245.15;241.58;241.39;235.70;237.77;237.43;235.09;222.12;222.76;227.83;223.74;229.43;218.20;224.20,HALAL,"Business activity permissible — debt ratio not verified, cross-check Musaffa/Zoya",
BBY,RETAIL,RETAIL-HOME FURNISHINGS,87,92.8499984741211,0.5421059607482575,60.24;61.75;61.58;58.99;61.51;62.70;62.99;62.52;63.02;59.43;61.91;64.19;65.03;60.06;57.88;57.36;58.65;55.93;57.17;56.27;54.22;54.96;57.90;59.72;61.74;72.99;73.23;70.05;69.87;73.36;75.30;75.60;71.39;75.22;76.82;76.90;75.09;77.18;77.90;79.16;80.80;84.48;84.52;84.34;83.55;87.53;89.23;85.36;85.45;79.19;81.57;82.14;85.52;86.36;84.84;86.57;86.53;81.58;81.77;86.58;88.40;87.18;93.85;91.49;92.85,HALAL,"Business activity permissible — debt ratio not verified, cross-check Musaffa/Zoya",
BBBY,RETAIL,RETAIL-HOME FURNISHINGS,,,,;;;;;;;;;;;;;;;;;;;;;;;;;;;;;;;;;;;;;;;;;;5.03;5.20;4.94;5.37;5.03;5.05;5.56;4.50;4.44;4.23;4.35;4.26;4.17;3.90;4.01;3.93;3.69;3.89;3.85;3.55;3.62;3.34;,HALAL,"Business activity permissible — debt ratio not verified, cross-check Musaffa/Zoya",
ARHS,RETAIL,RETAIL-HOME FURNISHINGS,32,7.789999961853027,0.1512696138949965,7.10;7.09;6.84;6.85;6.50;6.78;6.38;6.27;6.61;6.85;7.12;7.79;7.97;7.52;7.53;7.34;7.58;7.26;7.07;6.12;5.87;5.75;5.78;6.39;6.44;6.86;6.61;6.51;6.33;6.68;7.07;7.45;6.88;6.95;7.83;8.41;8.42;8.62;8.14;7.90;7.73;8.03;7.69;7.54;7.18;7.88;7.59;7.41;8.28;9.68;9.44;9.65;9.81;10.03;9.65;9.24;8.94;8.98;8.36;8.40;8.47;7.94;8.12;7.20;7.79,HALAL,"Business activity permissible — debt ratio not verified, cross-check Musaffa/Zoya",
LZB,RETAIL,RETAIL-HOME FURNISHINGS,16,29.84000015258789,-0.10488570163303002,32.61;32.08;32.37;32.25;31.49;31.69;31.16;31.09;32.74;33.16;33.74;35.37;35.88;35.40;35.43;34.72;34.65;34.10;35.06;34.94;33.99;33.82;33.59;36.26;36.76;37.62;36.86;36.00;36.05;37.05;38.69;37.49;39.94;39.69;41.53;40.64;39.82;39.61;38.79;39.01;38.48;39.63;39.57;38.92;38.55;40.07;40.62;39.08;41.41;40.33;41.09;40.75;41.53;40.52;33.39;31.88;32.09;32.32;31.05;31.94;31.67;30.86;30.97;30.18;29.84,HALAL,"Business activity permissible — debt ratio not verified, cross-check Musaffa/Zoya",
FND,RETAIL,RETAIL-HOME FURNISHINGS,10,47.279998779296875,-0.17052633720531796,56.40;53.26;52.37;52.77;50.27;50.80;47.47;47.65;52.56;50.20;53.19;54.07;52.84;50.95;49.81;47.67;50.57;48.30;51.52;48.76;45.61;43.49;44.22;48.42;48.30;51.42;50.62;49.56;47.41;49.74;53.77;53.13;50.08;50.78;56.94;59.61;59.36;59.04;56.58;55.58;54.95;56.40;56.79;53.37;53.04;55.41;55.76;57.57;60.70;59.99;59.17;59.33;58.57;56.05;54.70;54.87;54.31;53.00;47.74;49.38;47.92;46.87;48.13;45.97;47.28,HALAL,"Business activity permissible — debt ratio not verified, cross-check Musaffa/Zoya",
HVT,RETAIL,RETAIL-HOME FURNISHINGS,76,27.280000686645508,0.3045617412159298,21.36;20.57;20.51;20.69;20.75;20.63;20.29;20.42;21.91;21.69;21.96;22.67;22.61;22.19;22.08;21.23;21.17;19.72;21.18;20.71;20.00;20.27;20.67;21.67;22.40;23.20;22.51;22.26;22.36;23.05;23.70;23.41;23.50;23.87;25.13;25.50;25.22;24.67;24.82;24.79;24.72;25.35;25.32;25.24;24.41;24.92;25.64;24.35;27.94;28.54;28.60;27.96;28.45;28.00;27.13;27.25;27.26;27.36;27.19;27.62;28.01;27.31;27.83;27.29;27.28,HALAL,"Business activity permissible — debt ratio not verified, cross-check Musaffa/Zoya",
ETD,RETAIL,RETAIL-HOME FURNISHINGS,60,21.40999984741211,0.1542650507855785,18.71;18.57;18.88;18.81;18.56;18.64;18.64;17.78;18.59;18.62;18.66;19.01;19.10;18.82;18.93;18.60;17.43;16.97;17.12;16.44;15.97;16.11;16.30;16.86;17.10;17.99;17.64;17.57;17.67;18.44;18.92;18.34;18.01;18.23;19.39;19.26;19.10;18.54;18.29;18.26;18.92;19.57;19.47;19.53;19.23;19.89;20.17;19.15;20.42;20.10;20.10;19.86;20.07;19.65;20.15;20.45;20.73;20.62;21.04;21.87;21.71;21.85;22.20;21.62;21.41,HALAL,"Business activity permissible — debt ratio not verified, cross-check Musaffa/Zoya",
AMZN,RETAIL,RETAIL-INTERNET,60,253.7100067138672,0.22169792917062114,215.20;208.76;210.14;211.71;199.34;208.27;209.77;213.77;233.65;239.89;248.50;250.56;249.91;255.08;261.12;263.04;268.26;273.55;271.17;268.99;270.13;264.14;259.34;268.46;265.29;274.00;261.26;250.02;246.03;244.19;241.51;246.02;237.50;232.79;234.27;232.69;238.34;242.67;245.98;247.04;247.31;254.96;247.23;247.55;233.66;231.39;226.65;271.58;277.42;272.26;278.09;267.28;262.65;259.45;260.11;262.07;260.28;266.43;254.92;258.90;256.97;251.89;253.54;245.96;253.71,HALAL,"E-commerce + AWS halal core; AWS dominant — debt ratio not verified, cross-check Musaffa/Zoya",
CHWY,RETAIL,RETAIL-INTERNET,12,20.6200008392334,-0.1904200473055424,25.22;24.28;23.59;26.57;26.12;27.00;26.87;26.22;26.00;25.36;27.17;27.52;27.74;25.65;25.22;25.96;25.54;24.54;23.67;22.49;21.65;21.28;19.66;19.93;21.25;21.38;22.28;21.04;20.64;20.40;18.77;19.34;17.77;17.51;19.01;18.55;19.65;20.85;20.73;20.67;20.32;21.21;20.93;21.51;20.46;21.80;23.30;22.60;24.10;23.43;22.59;22.35;22.42;23.04;23.88;24.50;22.97;23.26;23.72;23.96;23.27;21.08;21.35;20.91;20.62,HALAL,"Business activity permissible — debt ratio not verified, cross-check Musaffa/Zoya",
ETSY,RETAIL,RETAIL-INTERNET,76,72.5999984741211,0.39561702874391225,54.92;54.76;52.49;48.23;47.31;49.98;51.64;53.94;53.42;55.34;57.92;61.90;65.19;63.48;65.11;69.60;63.17;62.95;64.02;59.86;57.40;58.07;57.61;60.74;64.33;66.78;69.00;67.05;66.86;68.76;69.44;72.19;72.83;72.54;78.02;78.04;75.33;76.97;77.59;77.72;80.53;85.74;84.10;81.69;80.91;83.84;85.58;81.68;86.43;82.26;80.40;79.63;79.90;79.96;81.21;87.03;81.74;83.59;81.75;82.03;72.82;71.59;74.46;73.46;72.60,HALAL,"Business activity permissible — debt ratio not verified, cross-check Musaffa/Zoya",
W,RETAIL,RETAIL-INTERNET,76,102.45999908447266,0.352607248639903,79.89;76.27;76.56;79.75;71.50;75.21;72.61;69.78;73.06;72.81;76.92;81.33;80.07;76.94;75.77;73.27;65.50;63.20;66.20;61.38;60.06;58.22;57.40;66.34;71.92;72.75;72.60;69.38;68.35;71.34;77.68;82.99;81.59;85.04;92.79;94.47;92.42;94.50;93.25;90.29;86.37;91.67;89.31;84.81;82.68;94.53;89.03;84.90;116.08;104.07;103.26;102.94;101.63;101.69;103.31;103.19;104.00;103.76;93.88;96.98;99.97;97.45;104.79;103.24;102.46,HALAL,"Business activity permissible — debt ratio not verified, cross-check Musaffa/Zoya",
CVNA,RETAIL,RETAIL-INTERNET,23,65.11000061035156,0.084624386712576,62.95;58.84;59.92;61.71;60.41;62.88;62.78;64.04;65.39;71.85;74.22;77.51;80.18;80.60;81.35;79.32;76.52;75.82;80.00;76.23;69.90;67.17;63.35;64.39;70.15;73.49;71.00;63.65;66.51;69.61;67.82;68.90;62.86;66.67;67.91;62.35;65.82;68.60;67.49;67.12;64.99;70.59;67.34;65.58;60.19;64.04;66.32;62.36;68.03;68.34;74.16;72.48;75.59;65.00;71.52;72.33;73.95;74.04;72.18;73.43;74.72;70.28;70.87;65.40;65.11,HALAL,"Business activity permissible — debt ratio not verified, cross-check Musaffa/Zoya",
CARG,RETAIL,RETAIL-INTERNET,,,,,HALAL,"Business activity permissible — debt ratio not verified, cross-check Musaffa/Zoya",
CARS,RETAIL,RETAIL-INTERNET,57,11.140000343322754,0.46965705217001164,8.02;8.16;8.23;8.27;7.96;8.12;8.30;9.31;9.09;9.87;10.18;10.59;10.97;10.78;11.07;10.97;11.07;11.16;12.33;10.93;10.40;9.85;9.79;9.57;9.74;10.18;9.91;9.18;9.21;9.64;9.56;9.74;9.82;9.89;10.32;10.75;10.94;11.32;11.22;11.03;11.10;11.79;11.99;11.87;11.42;11.80;12.91;11.85;11.95;11.74;12.19;12.10;12.38;11.87;12.27;12.36;11.97;11.94;11.59;11.79;11.25;11.41;11.71;11.53;11.14,HALAL,"Business activity permissible — debt ratio not verified, cross-check Musaffa/Zoya",
VRT,RETAIL,RETAIL-INTERNET,74,249.38999938964844,-0.03599188592256397,268.29;269.05;255.88;276.03;250.96;250.47;261.17;262.18;287.51;299.82;301.02;307.20;312.30;321.60;322.28;306.04;328.16;340.87;339.86;367.75;369.82;370.77;322.48;323.25;323.76;314.04;323.24;331.29;300.37;289.39;297.75;311.85;317.50;357.87;316.35;303.88;334.74;300.46;305.51;323.84;305.80;304.50;289.49;304.43;303.97;287.53;222.99;241.51;269.86;275.10;270.03;288.29;293.77;272.47;264.57;254.91;263.75;257.02;255.91;268.76;290.76;248.07;237.39;239.41;249.39,HALAL,"Business activity permissible — debt ratio not verified, cross-check Musaffa/Zoya",
REAL,RETAIL,RETAIL-INTERNET,19,9.449999809265137,-0.011506339489885997,9.94;9.22;9.33;9.15;8.57;9.08;9.12;9.22;9.69;10.36;10.50;12.08;11.61;12.54;11.66;11.77;11.77;12.72;12.40;9.97;9.41;9.06;8.97;9.27;9.50;9.81;9.70;9.12;8.87;9.54;9.84;11.07;11.39;12.35;12.86;12.16;11.79;11.58;10.93;10.55;10.68;11.26;11.21;11.92;11.37;11.66;11.69;12.09;12.72;12.77;11.91;11.17;11.40;11.05;11.65;11.27;10.93;10.93;10.01;10.06;9.78;9.55;9.76;9.48;9.45,HALAL,"Business activity permissible — debt ratio not verified, cross-check Musaffa/Zoya",
SIG,RETAIL,RETAIL-JEWELRY,,,,,HALAL,"Business activity permissible — debt ratio not verified, cross-check Musaffa/Zoya",
BIRD,RETAIL,RETAIL-JEWELRY,3,2.299999952316284,-0.14883740136023327,2.85;2.79;2.81;3.12;2.78;2.63;2.33;2.20;2.23;2.21;14.86;9.44;7.43;7.00;5.86;5.89;5.65;4.91;5.44;4.67;4.05;3.86;3.51;3.64;3.35;3.73;3.66;3.59;3.35;3.44;3.39;3.36;4.79;4.82;4.26;3.86;3.50;3.37;3.03;3.03;2.62;2.59;2.36;2.40;2.24;2.19;1.93;1.94;1.99;2.10;2.26;2.24;2.23;2.11;2.16;2.41;2.38;2.54;2.35;2.46;2.50;2.43;2.51;2.37;2.30,HALAL,"Business activity permissible — debt ratio not verified, cross-check Musaffa/Zoya",
PNDORA,RETAIL,RETAIL-JEWELRY,,,,,HALAL,"Business activity permissible — debt ratio not verified, cross-check Musaffa/Zoya",
DKS,RETAIL,RETAIL-LEISURE PRODUCTS,2,121.1500015258789,-0.3558015605471456,186.58;188.92;188.41;189.87;186.54;195.33;188.89;197.36;209.45;207.43;213.74;221.01;225.40;221.11;225.92;216.72;221.27;212.28;218.89;216.96;211.42;213.25;208.39;218.42;229.65;222.93;213.72;220.83;211.63;216.30;220.61;217.97;222.72;236.33;234.71;236.92;224.68;233.96;221.04;215.28;214.07;206.93;215.32;206.45;202.44;203.67;204.06;194.07;198.86;196.76;212.09;200.76;200.07;189.72;177.66;177.65;128.44;133.82;131.70;138.46;131.13;131.89;130.77;123.65;121.15,HALAL,"Business activity permissible — debt ratio not verified, cross-check Musaffa/Zoya",
BOOT,RETAIL,RETAIL-LEISURE PRODUCTS,6,122.91999816894531,-0.25099020345021017,160.49;162.40;161.19;157.10;149.23;146.36;135.16;149.87;157.82;156.40;157.95;163.09;165.89;163.19;170.28;166.74;171.47;165.90;163.37;153.10;145.24;143.85;141.54;154.49;164.09;170.77;169.84;170.69;167.60;170.81;174.98;165.88;165.72;178.46;177.48;177.58;164.27;157.72;158.03;157.37;164.32;154.19;152.47;149.05;147.76;155.12;150.89;148.99;163.28;164.04;168.59;160.74;163.32;158.09;160.22;161.81;159.72;154.85;148.78;147.36;152.60;140.68;142.84;122.75;122.92,HALAL,"Business activity permissible — debt ratio not verified, cross-check Musaffa/Zoya",
ASO,RETAIL,RETAIL-LEISURE PRODUCTS,32,48.290000915527344,-0.13527518427669483,49.46;52.60;52.34;53.01;53.19;56.11;57.01;56.84;55.35;56.80;58.74;58.28;57.72;56.43;56.18;53.06;53.51;51.70;53.23;51.23;49.67;50.25;48.96;50.72;54.20;54.79;52.28;51.48;51.44;50.07;52.02;48.96;49.32;51.73;51.06;48.36;46.99;47.70;45.26;45.34;46.35;47.08;48.25;48.11;46.92;49.75;48.92;47.31;48.57;47.21;49.74;49.09;47.84;46.74;45.51;46.01;43.42;43.37;42.68;43.55;44.58;54.05;54.09;50.42;48.29,HALAL,"Business activity permissible — debt ratio not verified, cross-check Musaffa/Zoya",
HIBB,RETAIL,RETAIL-LEISURE PRODUCTS,,,,,HALAL,"Business activity permissible — debt ratio not verified, cross-check Musaffa/Zoya",
BGFV,RETAIL,RETAIL-LEISURE PRODUCTS,,,,,HALAL,"Business activity permissible — debt ratio not verified, cross-check Musaffa/Zoya",
VSTO,RETAIL,RETAIL-LEISURE PRODUCTS,,,,,HALAL,"Business activity permissible — debt ratio not verified, cross-check Musaffa/Zoya",
MCD,RETAIL,RETAIL-RESTAURANTS,14,248.24000549316406,-0.2290018840067194,321.81;305.32;304.23;307.42;301.69;306.52;302.92;300.66;305.29;300.32;302.05;307.08;297.69;298.37;286.22;286.09;282.70;281.25;279.80;270.83;271.91;272.59;276.94;280.27;275.42;274.15;272.31;271.36;277.86;280.26;282.76;284.10;281.82;268.19;271.95;267.86;268.40;278.65;280.22;274.54;270.69;263.08;265.82;262.05;260.95;268.76;269.60;268.73;266.45;274.31;271.79;273.75;270.90;265.11;267.23;270.62;265.05;263.13;261.11;259.63;255.81;253.05;257.49;248.56;248.24,QUESTIONABLE,Some alcohol revenue in international markets,
SBUX,RETAIL,RETAIL-RESTAURANTS,49,95.83000183105469,-0.02223494360151035,96.45;94.73;92.75;91.63;85.81;88.56;89.33;94.11;95.80;96.36;97.21;98.85;96.67;98.39;96.76;104.29;104.68;103.73;103.06;104.52;104.73;106.21;105.77;103.54;100.84;100.17;95.96;95.34;94.75;96.85;101.70;101.01;99.25;99.58;102.94;104.00;101.61;103.67;103.02;105.80;106.73;104.51;104.89;103.85;102.62;103.06;103.55;104.65;104.37;104.56;104.05;107.87;107.69;106.01;103.99;107.49;108.49;107.85;106.15;105.82;102.01;99.22;99.07;97.34;95.83,HALAL,"No alcohol/pork in core menu — debt ratio not verified, cross-check Musaffa/Zoya",
CMG,RETAIL,RETAIL-RESTAURANTS,35,33.43000030517578,0.027982774741777794,34.41;32.94;33.36;32.50;30.86;32.01;33.16;33.06;34.24;34.59;35.25;35.83;36.05;33.90;33.64;32.99;32.98;32.31;33.27;31.92;32.11;32.65;33.04;32.80;32.31;32.42;30.55;28.74;29.34;29.88;31.25;32.73;31.86;30.54;31.69;33.34;34.00;35.39;34.35;34.60;36.63;34.63;34.44;33.32;32.01;33.20;34.24;37.22;33.82;33.71;32.14;32.64;33.50;33.36;35.29;38.02;37.34;38.03;37.51;37.57;36.96;36.13;37.03;33.68;33.43,QUESTIONABLE,"Some alcohol revenue (margaritas, beer)",
YUM,RETAIL,RETAIL-RESTAURANTS,24,137.99000549316406,-0.13114475474784182,162.08;154.71;156.98;157.59;152.44;153.95;154.55;155.38;159.20;159.84;160.34;161.18;158.76;159.14;153.64;158.26;156.80;152.37;155.70;148.81;148.29;148.49;150.69;152.80;152.49;149.28;146.77;147.70;150.11;150.87;152.50;153.89;153.30;149.98;152.25;155.63;159.06;163.90;166.65;161.58;160.87;151.80;147.18;146.43;146.63;147.06;151.16;152.51;146.94;151.52;144.60;149.59;147.37;144.13;151.57;156.56;153.64;153.09;151.27;151.77;148.76;143.89;146.33;137.96;137.99,QUESTIONABLE,KFC/Pizza Hut/Taco Bell — pork in some menus,
QSR,RETAIL,RETAIL-RESTAURANTS,49,72.87999725341797,0.021262949903679162,73.72;73.46;74.33;72.26;70.77;73.23;75.89;75.82;76.17;76.81;78.01;77.61;77.98;80.50;78.16;77.99;79.31;80.93;78.42;77.52;75.75;75.15;75.08;75.56;74.74;73.64;72.20;72.10;72.00;72.01;73.23;74.97;73.50;71.20;72.76;74.34;72.51;74.79;73.94;74.94;75.57;74.18;75.01;73.82;72.38;74.41;75.52;74.02;73.88;72.92;72.86;74.90;77.64;76.56;79.55;81.57;79.26;78.26;78.22;80.26;78.27;76.49;78.89;74.95;72.88,QUESTIONABLE,Restaurant Brands — pork in some menus,
DPZ,RETAIL,RETAIL-RESTAURANTS,11,294.20001220703125,-0.2583982993621685,391.33;370.70;362.31;358.09;343.87;354.39;366.28;363.64;368.73;364.31;363.56;367.50;364.68;367.83;331.19;328.24;333.63;327.67;328.46;309.38;304.70;298.59;308.92;312.59;306.62;306.55;309.87;303.01;310.14;313.80;308.43;314.57;312.43;293.30;285.85;296.35;294.22;309.74;311.22;299.03;307.95;308.96;320.20;324.33;321.26;341.42;357.79;345.30;365.37;356.23;345.71;351.55;344.14;334.18;332.31;346.86;342.44;347.85;338.28;344.90;333.35;315.35;321.78;301.30;294.20,HALAL,"Domino's — pizza, no alcohol — debt ratio not verified, cross-check Musaffa/Zoya",
WEN,RETAIL,RETAIL-RESTAURANTS,22,6.739999771118164,-0.03442079712247259,6.82;6.87;6.97;6.95;6.62;6.77;6.70;6.71;6.91;6.52;6.72;6.77;6.92;6.75;6.72;6.58;6.52;6.44;6.77;6.58;7.97;7.81;7.91;7.42;7.17;7.30;7.78;6.79;6.65;6.65;6.73;6.85;6.89;6.12;7.79;7.73;8.22;8.53;7.71;7.53;7.44;7.39;7.69;7.57;7.11;7.25;7.59;7.30;7.63;7.33;7.24;8.59;8.57;8.37;8.74;8.77;8.96;8.20;8.27;7.88;7.61;7.44;7.63;7.03;6.74,HALAL,"Wendy's — quick service, no alcohol — debt ratio not verified, cross-check Musaffa/Zoya",
TXRH,RETAIL,RETAIL-RESTAURANTS,41,167.55999755859375,-0.003345593794341961,169.56;170.24;165.85;167.71;158.88;163.80;161.66;158.65;163.25;161.16;161.71;163.74;159.75;159.14;156.59;158.53;157.01;156.75;156.65;182.05;177.85;176.53;172.41;176.61;180.73;178.89;173.98;165.55;169.81;163.37;167.06;166.90;172.87;179.08;186.30;195.84;192.49;193.54;186.31;186.32;191.29;189.13;196.27;193.56;190.13;200.27;208.36;204.65;207.44;207.37;206.66;213.46;206.31;202.61;200.42;204.50;203.10;198.23;191.57;189.06;182.84;181.05;181.12;170.07;167.56,HARAM,Texas Roadhouse — significant alcohol revenue,
DRI,RETAIL,RETAIL-RESTAURANTS,54,209.27999877929688,0.050535306483307396,200.68;201.23;192.91;198.51;189.49;192.98;193.27;187.66;193.28;190.35;198.08;199.46;195.37;200.72;197.11;194.72;193.20;192.94;193.60;194.23;191.26;194.32;192.18;195.49;202.19;202.83;200.29;196.68;196.53;199.30;209.15;207.09;209.63;210.30;211.74;212.01;204.36;202.68;202.86;200.30;196.69;196.06;198.53;193.39;194.12;204.10;212.23;203.58;204.57;210.94;217.97;227.68;225.26;218.86;217.95;225.56;218.81;215.63;215.56;218.04;212.92;207.53;218.57;208.08;209.28,HARAM,"Darden — Olive Garden etc., heavy alcohol revenue",
BLMN,RETAIL,RETAIL-RESTAURANTS,71,8.069999694824219,0.4646096841382332,5.69;6.03;5.59;5.62;5.26;5.40;5.49;5.66;6.08;5.83;6.55;6.73;6.49;6.39;6.08;6.01;5.92;5.76;7.95;8.37;8.28;8.04;7.61;7.75;7.92;8.32;8.14;7.49;7.27;7.43;8.06;7.65;7.68;8.33;8.55;8.97;9.14;8.70;7.98;8.06;8.44;8.42;8.54;8.44;8.19;8.54;8.81;8.66;8.92;10.88;11.02;11.39;10.55;10.66;10.48;11.44;11.15;10.58;9.74;9.73;9.58;8.67;8.91;8.04;8.07,HARAM,"Bloomin' Brands — Outback steakhouse, alcohol",
EAT,RETAIL,RETAIL-RESTAURANTS,84,196.7100067138672,0.36585197110344403,142.77;144.76;146.96;147.11;133.67;142.77;144.69;148.41;154.87;154.15;157.23;158.14;147.71;143.85;134.13;147.80;148.14;144.94;146.30;139.61;126.36;137.22;126.33;136.57;139.68;140.02;141.76;140.26;140.46;150.83;158.73;156.24;158.80;164.46;169.87;171.46;168.00;177.71;175.30;180.63;189.27;178.64;189.35;192.83;185.00;195.44;205.73;213.70;218.25;227.27;227.54;245.89;237.15;235.65;233.10;253.94;240.93;230.19;233.98;228.88;222.49;214.69;214.16;210.61;196.71,HARAM,"Brinker — Chili's, alcohol revenue",
CAVA,RETAIL,RETAIL-RESTAURANTS,6,51.63999938964844,-0.37024390988233613,90.52;87.64;87.07;80.29;75.42;80.90;79.63;83.42;86.15;84.21;88.44;94.78;96.27;93.11;94.23;91.11;90.98;90.34;84.47;79.99;72.30;76.87;78.12;81.27;80.32;78.20;74.67;71.33;72.60;76.28;88.25;89.52;88.05;80.88;82.24;83.40;78.48;76.88;69.74;68.20;72.54;69.65;68.85;63.69;63.21;64.54;65.36;65.23;63.44;62.23;61.58;69.47;74.42;68.24;72.03;71.93;67.77;66.94;61.08;61.67;60.14;54.00;54.89;49.76;51.64,HALAL,"Business activity permissible — debt ratio not verified, cross-check Musaffa/Zoya",
WING,RETAIL,RETAIL-RESTAURANTS,2,104.08000183105469,-0.4856157653299388,197.01;186.28;182.25;165.41;153.62;154.13;151.68;165.14;178.08;185.30;190.36;195.28;188.17;185.73;176.77;170.28;159.86;145.95;134.15;126.64;119.96;128.84;126.43;132.27;140.22;157.15;157.70;143.63;141.82;143.44;153.43;165.74;149.62;156.29;155.34;166.28;172.91;177.47;169.72;157.26;153.61;145.28;141.92;134.56;134.47;136.84;139.05;129.11;121.15;116.28;117.18;111.76;126.12;114.55;113.63;116.84;112.24;113.58;109.60;110.28;109.45;110.52;114.71;101.06;104.08,HALAL,"Business activity permissible — debt ratio not verified, cross-check Musaffa/Zoya",
DNUT,RETAIL,RETAIL-RESTAURANTS,13,3.0199999809265137,-0.07645259983431729,3.59;3.76;3.35;3.35;3.23;3.39;3.40;3.32;3.37;3.31;3.46;3.61;3.98;3.82;4.02;3.65;3.82;3.67;3.64;3.38;3.31;3.23;3.21;3.33;3.37;3.42;3.53;3.30;3.51;3.73;4.20;3.99;3.78;3.50;3.73;3.54;3.53;3.51;3.32;3.42;3.47;3.32;3.30;3.19;3.11;3.26;3.26;3.18;3.08;3.23;3.14;3.30;3.33;3.24;3.54;3.61;3.44;3.47;3.36;3.34;3.31;3.20;3.20;3.11;3.02,HALAL,"Business activity permissible — debt ratio not verified, cross-check Musaffa/Zoya",
SHAK,RETAIL,RETAIL-RESTAURANTS,7,54.880001068115234,-0.36861479263442154,90.50;88.16;90.87;89.50;81.32;88.47;89.33;92.80;97.55;100.65;101.17;103.73;101.78;97.59;101.45;100.61;98.36;96.61;69.24;64.50;63.91;60.41;64.12;62.83;61.82;62.13;62.22;55.53;52.34;53.78;58.33;58.40;58.79;55.71;54.75;56.87;56.02;56.47;54.92;56.32;62.18;60.00;58.00;56.44;55.99;61.57;63.05;62.75;66.22;70.24;71.45;72.86;74.84;70.99;73.85;75.44;72.94;69.89;67.62;69.30;67.40;61.70;63.51;56.65;54.88,QUESTIONABLE,Beer/wine on menu,
JACK,RETAIL,RETAIL-RESTAURANTS,20,13.0600004196167,0.03159562219792256,12.50;11.19;11.16;11.00;9.70;9.67;9.99;10.96;12.02;11.38;11.72;12.98;12.70;12.71;13.20;12.30;12.28;12.84;13.87;13.40;12.79;10.87;11.44;11.35;10.89;11.56;13.48;11.95;11.32;11.96;12.44;12.92;12.40;11.41;13.35;13.81;15.81;17.20;15.68;15.17;15.12;15.27;14.98;14.81;13.77;15.67;16.47;16.37;17.27;17.38;17.84;18.77;17.03;16.73;16.60;17.83;16.47;16.19;15.63;15.16;15.16;14.66;14.66;13.21;13.06,HALAL,"Business activity permissible — debt ratio not verified, cross-check Musaffa/Zoya",
BROS,RETAIL,RETAIL-RESTAURANTS,4,40.029998779296875,-0.15369980074053513,51.29;50.93;52.43;51.33;46.69;50.66;50.35;53.03;55.85;52.86;51.72;53.44;53.63;54.54;57.38;55.34;56.95;57.17;53.54;51.13;48.40;51.01;52.77;53.46;53.57;56.56;58.89;56.60;55.52;57.79;65.03;66.51;65.72;67.03;67.15;71.85;71.81;72.16;66.28;65.64;66.46;63.86;68.36;66.13;63.99;65.70;64.61;65.83;64.11;53.33;51.29;51.02;52.02;48.44;49.37;51.95;51.23;49.91;46.31;46.24;45.88;43.44;44.05;41.37;40.03,HALAL,"Business activity permissible — debt ratio not verified, cross-check Musaffa/Zoya",
PTLO,RETAIL,RETAIL-RESTAURANTS,8,3.75,-0.2964352619741596,5.82;5.57;5.40;5.42;5.18;5.29;5.56;5.61;5.85;5.38;5.52;5.91;6.24;6.39;6.39;5.92;6.49;4.78;4.36;4.12;4.04;3.98;3.98;4.10;3.98;4.26;4.17;3.96;3.99;3.96;4.47;4.44;4.22;4.04;4.34;4.74;4.74;4.98;4.80;4.60;4.75;4.59;4.67;4.48;4.34;4.67;4.76;4.57;4.53;4.38;4.48;4.76;5.16;4.73;4.77;4.98;4.75;4.70;4.41;4.40;4.42;4.10;4.06;3.72;3.75,HALAL,"Business activity permissible — debt ratio not verified, cross-check Musaffa/Zoya",
ARKR,RETAIL,RETAIL-RESTAURANTS,5,4.650000095367432,-0.3100889831935413,6.70;6.87;6.77;6.90;6.90;6.56;6.60;6.83;6.95;6.78;7.00;7.03;6.77;6.90;6.97;6.73;6.86;7.25;7.40;7.01;6.61;6.59;6.80;6.75;6.31;6.44;6.30;6.25;6.25;6.06;6.06;6.20;6.33;6.20;6.29;5.60;5.86;5.85;5.60;5.85;5.76;5.75;5.85;5.90;5.94;5.73;5.76;5.65;5.61;5.82;5.85;5.60;5.60;5.48;5.50;5.46;5.33;5.49;5.49;5.36;4.85;4.97;4.68;4.50;4.65,HALAL,"Business activity permissible — debt ratio not verified, cross-check Musaffa/Zoya",
KR,RETAIL,RETAIL-SUPER/MINI MARKETS,23,60.0,-0.19669407710605902,73.23;72.87;71.83;69.51;72.34;71.49;71.48;71.81;69.50;67.21;65.83;67.37;67.98;68.27;65.11;66.29;66.96;66.12;65.61;64.02;65.44;65.57;70.12;66.61;64.11;63.23;61.10;60.81;63.14;62.56;63.68;63.62;61.40;55.38;58.08;57.34;55.15;57.82;58.14;59.45;58.91;56.17;58.42;57.39;55.38;57.58;59.46;57.35;57.40;56.93;56.10;55.68;56.69;56.34;56.32;59.08;58.51;57.72;57.94;58.51;57.20;56.95;60.91;61.14;60.00,HALAL,"Business activity permissible — debt ratio not verified, cross-check Musaffa/Zoya",
SFM,RETAIL,RETAIL-SUPER/MINI MARKETS,10,70.79000091552734,-0.13733849595863357,81.07;84.52;78.90;75.26;77.40;77.13;77.54;77.12;76.02;76.05;74.93;74.15;75.29;72.55;71.62;71.13;81.19;78.75;81.01;81.58;88.27;85.51;90.02;85.39;85.63;86.69;79.74;78.98;82.87;84.74;88.12;85.39;79.66;80.84;85.39;82.14;84.58;89.94;84.09;80.38;79.67;73.30;75.78;74.69;73.49;76.84;79.16;87.16;86.07;87.20;85.33;86.07;82.50;78.84;78.38;86.13;86.83;81.46;80.81;79.13;76.11;72.20;75.09;71.06;70.79,HALAL,"Business activity permissible — debt ratio not verified, cross-check Musaffa/Zoya",
ACI,RETAIL,RETAIL-SUPER/MINI MARKETS,9,12.350000381469727,-0.2667062968773145,17.19;16.91;16.71;16.16;16.65;16.62;17.02;17.60;17.04;16.43;16.19;16.29;16.68;16.44;16.32;16.24;16.37;15.89;15.94;15.68;16.29;16.16;16.94;16.03;15.50;15.68;15.24;15.48;16.12;15.43;15.16;14.64;14.20;13.42;13.92;13.39;13.33;13.92;13.93;14.13;14.57;14.34;14.89;14.50;11.27;11.37;12.06;11.58;12.07;12.08;12.13;12.01;12.42;12.21;11.98;12.61;12.40;12.53;12.46;12.59;12.14;11.70;12.72;12.56;12.35,HALAL,"Business activity permissible — debt ratio not verified, cross-check Musaffa/Zoya",
WMK,RETAIL,RETAIL-SUPER/MINI MARKETS,43,72.26000213623047,0.10642312716421731,67.04;65.74;66.44;65.15;67.62;67.75;69.62;70.77;72.35;70.48;68.09;70.40;69.45;70.20;67.22;68.66;70.28;68.90;70.03;68.95;69.60;69.97;72.51;71.91;71.58;73.95;73.96;73.51;77.86;78.89;82.16;78.87;76.10;77.77;79.99;79.72;77.95;79.73;80.12;78.80;78.33;77.19;77.69;77.13;74.39;74.73;77.79;77.05;78.22;76.24;72.09;71.74;70.93;70.31;70.18;71.04;70.70;71.20;69.98;71.46;70.87;71.18;72.64;72.99;72.26,HALAL,"Business activity permissible — debt ratio not verified, cross-check Musaffa/Zoya",
GO,RETAIL,RETAIL-SUPER/MINI MARKETS,64,11.270000457763672,0.7609375452855596,5.85;5.83;6.45;6.54;7.07;7.05;7.22;6.99;7.02;7.04;7.23;7.58;7.90;7.84;8.01;7.69;8.35;7.84;8.04;7.85;7.74;7.40;8.12;8.01;7.92;8.62;8.19;8.27;8.56;8.87;9.42;9.62;9.48;9.36;9.80;9.92;9.98;10.39;10.21;10.20;9.91;9.69;9.44;9.29;8.94;9.42;9.14;9.19;9.99;9.69;9.83;10.17;11.13;11.06;11.11;12.04;12.21;12.17;12.11;12.30;11.75;11.08;11.66;11.46;11.27,HALAL,"Business activity permissible — debt ratio not verified, cross-check Musaffa/Zoya",
IMKTA,RETAIL,RETAIL-SUPER/MINI MARKETS,47,82.73999786376953,-0.06206004187342762,86.86;83.46;84.82;86.26;88.68;89.57;90.80;92.21;95.06;92.20;90.01;91.22;87.81;90.69;89.87;88.88;91.14;89.29;85.62;85.26;85.09;86.00;87.61;87.20;87.28;89.10;88.65;87.20;90.98;92.68;92.88;88.16;86.91;89.59;90.02;89.23;88.42;90.01;91.97;91.21;90.71;90.81;90.15;89.69;84.88;87.88;90.76;90.01;91.74;86.71;85.51;87.53;87.01;85.78;84.82;85.45;83.54;82.12;80.59;82.63;81.91;82.02;83.19;82.68;82.74,HALAL,"Business activity permissible — debt ratio not verified, cross-check Musaffa/Zoya",
AAP,RETAIL,RETAIL/WHLSL-AUTO,9,42.54999923706055,-0.1700334911532312,51.46;47.91;50.29;52.26;51.11;52.28;51.37;52.20;56.02;56.10;56.62;57.23;58.46;57.90;57.61;55.51;58.66;56.64;56.97;51.59;49.04;46.96;49.30;58.35;54.88;59.59;59.03;56.86;56.55;59.77;60.34;60.76;57.84;55.17;57.68;61.90;61.94;61.25;55.61;54.75;55.31;52.09;53.16;55.64;53.42;57.73;58.43;55.54;58.83;57.92;55.73;53.52;56.55;56.96;42.39;43.63;44.05;42.90;42.76;42.72;42.56;43.31;45.01;41.90;42.55,HALAL,"Business activity permissible — debt ratio not verified, cross-check Musaffa/Zoya",
AZO,RETAIL,RETAIL/WHLSL-AUTO,12,2855.31005859375,-0.1985882143983383,3439.64;3341.58;3353.24;3386.14;3316.71;3377.78;3400.54;3387.00;3548.19;3514.47;3536.42;3572.38;3606.18;3597.20;3562.26;3523.56;3594.08;3540.92;3554.88;3427.80;3366.79;3321.15;3347.28;3438.18;3100.11;3007.08;3020.95;3061.65;3116.43;3137.75;3081.62;3105.48;3059.63;2949.06;3087.77;3128.70;3195.94;3159.28;3074.86;3010.39;3078.98;2970.57;3046.44;3013.03;2923.50;3075.26;3142.17;3016.25;3028.03;3069.62;3067.99;3045.87;3025.00;3073.20;2961.99;3009.44;2999.00;2961.96;2965.83;2968.04;2951.61;2881.47;2965.52;2849.04;2855.31,HALAL,"Business activity permissible — debt ratio not verified, cross-check Musaffa/Zoya",
ORLY,RETAIL,RETAIL/WHLSL-AUTO,21,84.70999908447266,-0.0746122106482977,89.39;87.91;88.70;91.16;90.11;92.31;91.42;91.36;94.40;94.01;93.60;93.71;93.81;93.24;91.97;91.69;96.67;95.00;94.58;91.35;89.70;88.49;91.92;92.34;89.87;89.23;86.64;87.38;90.33;89.49;90.10;90.26;88.40;85.63;87.82;89.55;92.09;90.25;86.65;85.12;87.28;82.73;86.05;87.97;86.11;90.59;90.63;89.35;91.83;93.37;92.23;92.05;91.05;90.76;89.08;90.68;89.55;88.50;87.95;87.38;85.89;85.51;87.22;83.68;84.71,HALAL,"Business activity permissible — debt ratio not verified, cross-check Musaffa/Zoya",
MNRO,RETAIL,RETAIL/WHLSL-AUTO,8,12.100000381469727,-0.17740555049961138,15.02;14.73;14.62;15.71;14.86;15.41;15.33;15.12;16.04;16.08;15.92;17.17;16.70;16.59;16.81;16.09;16.89;16.45;16.75;16.12;15.26;15.14;14.68;15.74;15.91;15.97;15.08;15.23;14.21;14.34;15.73;15.90;14.86;15.02;15.37;16.85;16.74;16.84;16.94;16.46;16.15;16.84;16.59;16.70;16.35;16.57;12.97;11.98;12.81;12.14;11.50;11.23;11.23;11.59;11.70;12.58;12.61;12.96;12.43;12.60;12.51;12.57;12.86;12.18;12.10,HALAL,"Business activity permissible — debt ratio not verified, cross-check Musaffa/Zoya",
PAG,RETAIL,RETAIL/WHLSL-AUTO,81,212.61000061035156,0.47934140598921826,143.04;142.12;143.34;145.87;146.16;147.25;147.08;145.93;152.80;154.42;152.78;158.88;158.27;157.58;157.71;169.06;167.27;166.25;169.01;170.64;164.06;159.72;154.09;159.28;165.49;167.06;169.32;170.75;169.89;179.01;179.83;178.88;170.20;173.85;182.23;181.01;177.77;178.24;183.75;190.23;191.95;199.08;201.33;193.90;214.12;214.28;221.97;215.88;217.61;214.97;214.85;216.56;219.85;216.21;216.55;218.07;217.24;217.01;216.92;219.62;216.86;216.61;217.15;214.15;212.61,HALAL,"Business activity permissible — debt ratio not verified, cross-check Musaffa/Zoya",
GPI,RETAIL,RETAIL/WHLSL-AUTO,5,246.4199981689453,-0.1752120526822213,296.30;315.11;321.00;325.63;323.95;329.38;328.21;322.74;336.83;336.74;331.47;348.62;343.39;338.50;338.24;347.89;352.33;340.06;348.84;347.28;326.54;312.44;304.32;318.90;328.39;325.21;310.87;305.13;310.37;327.62;324.25;325.08;304.45;314.61;316.86;301.12;290.58;287.80;295.87;302.34;295.06;318.75;325.39;310.98;326.01;336.74;357.24;286.18;285.30;270.27;264.58;265.57;263.41;249.50;263.28;258.85;262.09;263.41;269.50;284.33;281.60;281.84;284.01;262.22;246.42,HALAL,"Business activity permissible — debt ratio not verified, cross-check Musaffa/Zoya",
AN,RETAIL,RETAIL/WHLSL-AUTO,15,168.2899932861328,-0.08273836503826959,184.47;184.73;189.39;193.55;192.48;195.26;197.68;193.51;200.42;202.25;195.81;207.99;205.31;202.97;204.00;205.69;210.00;202.29;205.29;200.48;191.11;184.15;178.59;186.43;191.76;193.74;189.02;190.25;187.72;195.00;194.07;193.39;186.36;188.30;194.85;191.64;185.79;186.41;191.68;192.31;193.43;203.54;205.72;198.48;205.10;212.20;229.98;212.40;215.60;211.33;208.09;208.62;209.41;196.90;200.09;195.13;196.57;200.09;204.08;207.18;209.30;207.22;205.59;195.37;168.29,HALAL,"Business activity permissible — debt ratio not verified, cross-check Musaffa/Zoya",
LAD,RETAIL,RETAIL/WHLSL-AUTO,51,316.2699890136719,0.24649340344591986,250.01;247.36;251.62;253.23;249.49;248.77;250.86;260.54;265.52;277.99;273.43;281.96;278.82;275.33;275.80;289.89;289.79;285.43;289.99;286.14;272.71;261.43;256.61;274.02;282.52;295.07;292.97;290.13;288.30;303.30;312.08;307.95;292.47;294.60;304.73;291.56;289.95;305.66;311.11;311.40;317.37;330.75;334.66;330.17;333.40;344.84;426.68;384.70;370.30;375.08;379.84;378.55;377.55;356.55;370.67;368.55;370.15;370.36;369.61;378.98;368.70;366.15;360.27;339.23;316.27,HALAL,"Business activity permissible — debt ratio not verified, cross-check Musaffa/Zoya",
SAH,RETAIL,RETAIL/WHLSL-AUTO,19,63.65999984741211,0.07389598849042778,59.88;60.35;62.19;64.64;65.26;67.87;64.21;62.85;67.14;67.38;65.22;69.98;69.36;70.49;70.85;72.56;75.65;77.99;79.31;80.00;75.34;73.21;72.13;75.13;77.89;82.89;83.02;82.44;81.32;83.96;83.39;83.26;77.71;80.15;83.17;84.06;84.33;83.28;86.79;94.80;90.02;99.19;99.83;97.01;98.58;102.43;112.05;91.09;87.80;84.43;79.59;80.58;80.40;76.89;77.36;74.92;77.62;79.25;77.47;78.99;75.59;76.11;75.88;72.69;63.66,HALAL,"Business activity permissible — debt ratio not verified, cross-check Musaffa/Zoya",
ABG,RETAIL,RETAIL/WHLSL-AUTO,16,183.05999755859375,-0.06820731292547388,189.11;188.97;191.70;194.08;195.56;195.41;194.76;195.14;202.05;205.73;202.54;211.44;207.99;202.01;200.03;201.39;203.01;198.50;200.45;197.49;192.85;179.17;177.50;185.38;190.02;194.75;186.62;186.92;190.98;201.04;199.48;199.55;190.13;196.20;206.33;205.17;201.08;205.40;208.74;211.73;210.73;218.43;220.36;216.11;222.14;226.64;248.26;231.70;222.85;215.99;210.76;209.41;210.66;203.94;215.37;210.86;209.89;211.62;209.36;215.41;212.91;208.81;208.91;195.21;183.06,HALAL,"Business activity permissible — debt ratio not verified, cross-check Musaffa/Zoya",
CVNA,RETAIL,RETAIL/WHLSL-AUTO,23,65.11000061035156,0.084624386712576,62.95;58.84;59.92;61.71;60.41;62.88;62.78;64.04;65.39;71.85;74.22;77.51;80.18;80.60;81.35;79.32;76.52;75.82;80.00;76.23;69.90;67.17;63.35;64.39;70.15;73.49;71.00;63.65;66.51;69.61;67.82;68.90;62.86;66.67;67.91;62.35;65.82;68.60;67.49;67.12;64.99;70.59;67.34;65.58;60.19;64.04;66.32;62.36;68.03;68.34;74.16;72.48;75.59;65.00;71.52;72.33;73.95;74.04;72.18;73.43;74.72;70.28;70.87;65.40;65.11,HALAL,"Business activity permissible — debt ratio not verified, cross-check Musaffa/Zoya",
KMX,RETAIL,RETAIL/WHLSL-AUTO,73,57.209999084472656,0.36735178957531867,42.33;42.38;42.89;41.88;40.86;41.58;41.23;43.31;45.32;49.08;40.51;40.88;39.04;38.55;38.17;38.35;38.53;37.25;39.91;39.08;37.07;36.93;36.27;38.92;40.64;43.90;45.02;46.03;47.15;48.01;51.57;52.21;47.43;52.40;50.79;52.76;52.89;50.98;51.05;51.01;54.87;58.94;57.33;57.61;58.39;58.40;59.11;57.26;57.51;58.06;58.78;58.71;59.92;57.40;61.05;62.80;63.84;62.11;61.00;62.64;60.57;60.52;61.69;58.80;57.21,HALAL,"Business activity permissible — debt ratio not verified, cross-check Musaffa/Zoya",
AAP,RETAIL,RETAIL/WHLSL-AUTOMOTIVE PARTS,9,42.54999923706055,-0.1700334911532312,51.46;47.91;50.29;52.26;51.11;52.28;51.37;52.20;56.02;56.10;56.62;57.23;58.46;57.90;57.61;55.51;58.66;56.64;56.97;51.59;49.04;46.96;49.30;58.35;54.88;59.59;59.03;56.86;56.55;59.77;60.34;60.76;57.84;55.17;57.68;61.90;61.94;61.25;55.61;54.75;55.31;52.09;53.16;55.64;53.42;57.73;58.43;55.54;58.83;57.92;55.73;53.52;56.55;56.96;42.39;43.63;44.05;42.90;42.76;42.72;42.56;43.31;45.01;41.90;42.55,HALAL,"Business activity permissible — debt ratio not verified, cross-check Musaffa/Zoya",
AZO,RETAIL,RETAIL/WHLSL-AUTOMOTIVE PARTS,12,2855.31005859375,-0.1985882143983383,3439.64;3341.58;3353.24;3386.14;3316.71;3377.78;3400.54;3387.00;3548.19;3514.47;3536.42;3572.38;3606.18;3597.20;3562.26;3523.56;3594.08;3540.92;3554.88;3427.80;3366.79;3321.15;3347.28;3438.18;3100.11;3007.08;3020.95;3061.65;3116.43;3137.75;3081.62;3105.48;3059.63;2949.06;3087.77;3128.70;3195.94;3159.28;3074.86;3010.39;3078.98;2970.57;3046.44;3013.03;2923.50;3075.26;3142.17;3016.25;3028.03;3069.62;3067.99;3045.87;3025.00;3073.20;2961.99;3009.44;2999.00;2961.96;2965.83;2968.04;2951.61;2881.47;2965.52;2849.04;2855.31,HALAL,"Business activity permissible — debt ratio not verified, cross-check Musaffa/Zoya",
ORLY,RETAIL,RETAIL/WHLSL-AUTOMOTIVE PARTS,21,84.70999908447266,-0.0746122106482977,89.39;87.91;88.70;91.16;90.11;92.31;91.42;91.36;94.40;94.01;93.60;93.71;93.81;93.24;91.97;91.69;96.67;95.00;94.58;91.35;89.70;88.49;91.92;92.34;89.87;89.23;86.64;87.38;90.33;89.49;90.10;90.26;88.40;85.63;87.82;89.55;92.09;90.25;86.65;85.12;87.28;82.73;86.05;87.97;86.11;90.59;90.63;89.35;91.83;93.37;92.23;92.05;91.05;90.76;89.08;90.68;89.55;88.50;87.95;87.38;85.89;85.51;87.22;83.68;84.71,HALAL,"Business activity permissible — debt ratio not verified, cross-check Musaffa/Zoya",
GPC,RETAIL,RETAIL/WHLSL-AUTOMOTIVE PARTS,63,128.0800018310547,0.234001505408592,100.93;97.26;99.20;103.18;103.09;103.80;101.56;101.93;106.56;107.77;108.41;111.69;112.88;107.77;104.60;101.38;103.06;102.37;103.31;99.55;97.05;91.16;90.77;95.82;95.26;97.43;95.47;96.47;97.39;98.64;101.47;103.83;105.30;104.30;109.87;115.12;117.07;131.55;127.68;123.31;122.57;120.07;123.86;118.20;119.12;126.71;128.98;123.41;131.53;131.76;133.50;132.97;133.99;130.87;131.89;134.64;138.41;136.45;133.80;136.56;134.06;134.16;133.21;130.52;128.08,HALAL,"Business activity permissible — debt ratio not verified, cross-check Musaffa/Zoya",
DORM,RETAIL,RETAIL/WHLSL-AUTOMOTIVE PARTS,35,122.44000244140625,0.19093478600293623,101.30;102.40;103.86;106.95;104.56;104.36;100.90;101.24;109.92;109.71;106.72;110.66;110.26;109.35;110.25;110.07;112.88;119.52;124.52;121.01;116.32;116.16;112.83;118.70;120.28;125.05;122.71;124.75;127.03;127.98;128.21;126.14;122.77;124.72;131.87;134.69;136.45;137.65;139.64;136.48;138.91;137.55;141.97;137.47;132.35;136.44;141.29;133.16;147.80;137.58;133.27;133.63;136.39;132.82;131.37;131.09;129.40;129.35;127.18;129.66;128.78;126.63;126.60;124.96;122.44,HALAL,"Business activity permissible — debt ratio not verified, cross-check Musaffa/Zoya",
HD,RETAIL,RETAIL/WHLSL-BUILDING PRODUCTS,17,299.9800109863281,-0.10197539476650941,336.41;323.38;326.03;327.62;316.92;324.05;316.90;314.08;334.59;336.14;333.93;344.26;338.86;335.16;327.41;318.06;319.12;310.78;317.90;306.82;298.10;293.13;297.99;309.17;305.97;316.49;306.12;308.37;308.51;318.98;323.63;327.41;325.08;324.23;340.35;346.31;350.10;355.28;342.68;336.25;334.64;338.94;336.39;329.17;322.33;333.63;335.80;329.53;345.69;346.96;348.21;340.92;336.38;335.02;332.04;334.96;332.40;327.77;317.43;318.07;313.70;305.69;310.87;302.47;299.98,HALAL,"Business activity permissible — debt ratio not verified, cross-check Musaffa/Zoya",
LOW,RETAIL,RETAIL/WHLSL-BUILDING PRODUCTS,12,192.49000549316406,-0.1809027414348504,237.10;227.21;231.70;233.61;227.80;233.71;228.51;229.09;245.11;244.39;241.33;248.98;248.45;245.03;241.06;232.07;231.90;223.85;229.46;224.67;219.10;217.08;217.03;216.07;210.78;216.58;206.42;206.37;209.45;216.03;219.69;218.84;215.94;213.08;220.09;221.11;219.14;226.10;219.54;211.69;206.42;208.37;207.45;202.26;201.92;211.55;215.68;207.81;218.08;218.40;218.88;215.97;218.47;215.64;217.34;216.98;210.36;208.05;200.05;201.90;200.80;196.59;198.17;194.10;192.49,HALAL,"Business activity permissible — debt ratio not verified, cross-check Musaffa/Zoya",
BLDR,RETAIL,RETAIL/WHLSL-BUILDING PRODUCTS,3,58.119998931884766,-0.34022021400760016,90.68;84.49;84.66;85.41;80.43;82.33;79.12;78.93;85.21;87.53;85.13;88.50;89.76;90.14;89.88;83.38;75.72;74.56;79.41;74.88;72.32;70.41;66.39;73.86;74.41;76.72;75.62;74.26;73.64;77.54;78.57;77.81;76.14;77.33;85.41;89.14;89.48;84.69;78.42;74.54;73.51;76.05;74.26;69.74;70.55;72.72;67.76;66.44;75.37;72.51;71.98;72.41;72.51;67.62;70.32;70.22;68.67;67.72;62.79;64.18;62.58;58.97;60.24;59.65;58.12,HALAL,"Business activity permissible — debt ratio not verified, cross-check Musaffa/Zoya",
FERG,RETAIL,RETAIL/WHLSL-BUILDING PRODUCTS,25,214.42999267578125,-0.026981089225178945,224.22;216.07;220.82;227.11;223.07;231.50;233.30;234.14;251.77;256.50;255.22;258.53;261.03;261.38;262.23;254.23;262.28;250.90;244.67;242.14;231.86;222.99;220.75;222.91;226.46;225.65;223.55;225.25;228.73;234.56;227.18;234.68;228.77;236.40;235.80;237.72;236.45;229.38;222.35;223.79;232.32;229.66;231.16;225.66;227.82;233.23;225.36;233.46;254.56;252.43;262.80;244.27;244.03;243.56;238.55;236.45;235.73;228.49;218.91;223.23;226.30;220.97;222.31;214.35;214.43,HALAL,"Business activity permissible — debt ratio not verified, cross-check Musaffa/Zoya",
POOL,RETAIL,RETAIL/WHLSL-BUILDING PRODUCTS,8,167.9600067138672,-0.1757415323963245,207.81;201.52;202.41;199.36;195.98;199.52;200.11;198.68;210.55;214.31;223.44;224.46;229.89;225.51;222.15;206.70;205.20;184.44;187.80;182.20;172.94;174.21;177.38;180.51;181.16;183.50;180.88;179.51;184.31;191.17;191.09;189.78;193.07;194.33;204.02;210.23;213.50;218.04;208.25;206.61;209.45;201.05;199.86;195.08;182.13;183.41;192.19;184.50;202.11;199.77;198.68;198.11;194.84;187.50;190.33;188.24;188.38;188.07;182.76;184.07;177.34;175.76;171.76;167.76;167.96,HALAL,"Business activity permissible — debt ratio not verified, cross-check Musaffa/Zoya",
FND,RETAIL,RETAIL/WHLSL-BUILDING PRODUCTS,10,47.279998779296875,-0.17052633720531796,56.40;53.26;52.37;52.77;50.27;50.80;47.47;47.65;52.56;50.20;53.19;54.07;52.84;50.95;49.81;47.67;50.57;48.30;51.52;48.76;45.61;43.49;44.22;48.42;48.30;51.42;50.62;49.56;47.41;49.74;53.77;53.13;50.08;50.78;56.94;59.61;59.36;59.04;56.58;55.58;54.95;56.40;56.79;53.37;53.04;55.41;55.76;57.57;60.70;59.99;59.17;59.33;58.57;56.05;54.70;54.87;54.31;53.00;47.74;49.38;47.92;46.87;48.13;45.97;47.28,HALAL,"Business activity permissible — debt ratio not verified, cross-check Musaffa/Zoya",
BBY,RETAIL,RETAIL/WHLSL-COMPUTER/CELL,87,92.8499984741211,0.5421059607482575,60.24;61.75;61.58;58.99;61.51;62.70;62.99;62.52;63.02;59.43;61.91;64.19;65.03;60.06;57.88;57.36;58.65;55.93;57.17;56.27;54.22;54.96;57.90;59.72;61.74;72.99;73.23;70.05;69.87;73.36;75.30;75.60;71.39;75.22;76.82;76.90;75.09;77.18;77.90;79.16;80.80;84.48;84.52;84.34;83.55;87.53;89.23;85.36;85.45;79.19;81.57;82.14;85.52;86.36;84.84;86.57;86.53;81.58;81.77;86.58;88.40;87.18;93.85;91.49;92.85,HALAL,"Business activity permissible — debt ratio not verified, cross-check Musaffa/Zoya",
INSG,RETAIL,RETAIL/WHLSL-COMPUTER/CELL,1,4.130000114440918,-0.6541038308555505,12.03;12.08;11.31;12.01;11.42;11.12;12.09;12.21;13.11;13.91;14.14;15.18;14.55;14.82;14.83;14.79;20.29;18.05;18.80;15.76;15.06;13.67;12.66;12.10;12.55;13.15;13.75;13.82;11.42;10.45;10.66;11.38;10.12;10.32;9.93;9.79;10.33;8.87;8.18;8.60;8.32;7.86;7.49;7.60;7.08;7.02;6.36;7.03;7.75;5.31;5.34;5.03;4.69;4.33;4.02;4.39;4.52;4.40;4.06;4.03;4.36;4.28;4.35;4.11;4.13,HALAL,"Business activity permissible — debt ratio not verified, cross-check Musaffa/Zoya",
COST,RETAIL,RETAIL/WHLSL-FOOD,26,895.3099975585938,-0.10947251118246859,993.14;971.82;962.80;971.90;980.87;993.41;1011.88;1010.14;1028.90;977.87;981.76;996.86;1002.76;1011.30;994.98;995.64;1010.09;1014.81;1010.45;997.88;1031.44;1047.28;1092.58;1048.78;1001.34;993.62;944.61;960.30;970.33;967.05;974.14;977.90;964.06;949.84;959.56;951.03;933.98;950.16;946.00;911.52;924.96;915.09;939.38;927.74;924.59;951.58;974.03;951.89;947.85;949.15;952.75;949.58;961.10;961.35;933.51;971.40;956.12;945.47;939.96;925.41;910.18;902.38;918.91;893.74;895.31,HALAL,"Business activity permissible — debt ratio not verified, cross-check Musaffa/Zoya",
BJ,RETAIL,RETAIL/WHLSL-FOOD,38,92.02999877929688,-0.05822761328620163,96.53;96.70;96.04;97.81;99.61;98.42;98.06;95.15;93.66;93.17;90.70;92.07;96.00;96.96;92.89;91.43;93.51;94.32;94.33;91.11;95.00;96.36;97.66;94.43;84.91;86.00;88.04;89.18;89.21;89.57;90.93;90.21;86.79;83.82;87.51;88.87;87.22;89.18;87.52;85.63;90.12;90.24;93.40;92.34;91.29;94.72;99.99;97.78;96.65;97.18;96.20;92.71;93.41;92.69;91.30;98.49;93.33;90.60;91.48;93.19;89.85;89.65;95.31;92.98;92.03,HALAL,"Business activity permissible — debt ratio not verified, cross-check Musaffa/Zoya",
USFD,RETAIL,RETAIL/WHLSL-FOOD,58,93.41999816894531,-0.01278663341004116,92.16;89.33;89.33;92.48;90.86;92.21;89.91;89.36;92.07;91.39;90.21;93.69;91.70;92.83;91.00;91.28;93.04;91.93;86.88;83.61;85.16;82.38;81.25;81.24;81.30;81.15;81.23;83.16;84.61;89.25;91.23;93.44;93.75;92.76;95.35;98.31;102.25;104.29;103.99;99.48;101.31;97.05;97.27;94.75;95.58;99.29;102.35;100.59;99.04;106.97;108.63;110.94;108.92;106.91;108.46;109.37;108.46;107.27;106.66;104.41;103.09;96.06;94.80;92.51;93.42,HALAL,"Business activity permissible — debt ratio not verified, cross-check Musaffa/Zoya",
SYY,RETAIL,RETAIL/WHLSL-FOOD,42,79.05000305175781,-0.0621845548001434,83.11;80.53;80.46;81.64;80.65;70.33;70.69;72.76;74.50;72.88;73.60;75.77;74.30;75.31;74.86;73.48;73.56;72.36;72.40;72.09;72.71;72.09;74.69;76.49;74.82;75.42;73.23;74.74;75.79;77.04;79.12;79.17;78.48;77.47;80.06;82.27;83.03;84.83;84.62;82.03;83.46;80.73;81.69;81.22;81.73;84.09;85.32;85.24;82.79;84.35;83.87;84.69;82.99;81.96;83.06;83.86;83.27;81.94;82.11;81.08;79.84;82.31;83.54;78.71;79.05,HALAL,"Business activity permissible — debt ratio not verified, cross-check Musaffa/Zoya",
PFGC,RETAIL,RETAIL/WHLSL-FOOD,27,91.93000030517578,0.04252664988684396,86.83;83.69;83.18;85.66;83.01;85.66;84.01;84.17;88.81;88.25;88.86;93.50;90.75;90.22;88.67;88.15;88.69;87.12;92.71;94.07;95.83;95.97;93.89;95.18;93.91;97.21;97.59;96.54;97.12;99.76;104.06;104.10;103.41;102.61;106.43;110.44;111.79;113.09;115.50;112.04;113.31;110.41;111.76;110.34;110.31;114.30;116.65;114.39;112.41;114.58;113.79;107.41;107.25;104.54;103.98;105.78;102.47;100.85;99.20;99.15;96.79;94.35;93.16;91.06;91.93,HALAL,"Business activity permissible — debt ratio not verified, cross-check Musaffa/Zoya",
CHEF,RETAIL,RETAIL/WHLSL-FOOD,93,110.8499984741211,0.7159442893567227,62.78;60.01;58.16;60.84;59.52;59.45;57.59;59.24;64.59;64.65;64.49;65.82;65.33;64.95;66.85;75.70;78.83;79.03;80.34;80.69;80.50;80.34;77.07;78.08;76.88;77.91;76.97;77.69;80.74;82.69;89.76;94.06;92.37;93.79;95.63;95.92;96.10;95.62;98.21;97.06;97.44;97.71;97.09;95.16;94.48;95.68;105.63;115.35;110.02;109.14;108.83;111.07;109.08;108.30;108.84;113.45;112.01;115.00;115.52;114.21;108.86;109.77;112.84;109.68;110.85,HALAL,"Business activity permissible — debt ratio not verified, cross-check Musaffa/Zoya",
HFFG,RETAIL,RETAIL/WHLSL-FOOD,6,1.600000023841858,-0.24882632024560913,1.78;1.85;1.77;1.81;1.73;1.85;2.03;2.00;2.12;2.17;2.08;2.16;2.01;1.97;1.97;1.93;1.90;1.88;1.83;1.90;2.01;2.02;2.00;1.93;2.10;2.03;1.93;1.84;1.87;1.84;1.88;1.80;1.83;1.84;1.77;1.65;1.41;1.82;1.87;1.72;1.69;1.69;1.65;1.63;1.52;1.53;1.51;1.50;1.48;1.46;1.56;1.84;1.84;1.90;1.84;1.81;1.85;1.80;1.80;1.76;1.73;1.69;1.67;1.63;1.60,HALAL,"Business activity permissible — debt ratio not verified, cross-check Musaffa/Zoya",
ODP,RETAIL,RETAIL/WHLSL-OFFICE SUPPLIES,,,,,HALAL,"Business activity permissible — debt ratio not verified, cross-check Musaffa/Zoya",
SCSC,RETAIL,RETAIL/WHLSL-OFFICE SUPPLIES,85,56.880001068115234,0.5870535944740534,35.56;35.00;35.96;36.76;36.05;36.30;36.49;37.17;38.21;39.16;38.19;39.55;40.40;39.94;40.66;40.30;41.15;42.23;43.29;43.73;42.01;42.11;42.48;42.69;44.95;45.82;48.13;45.87;46.71;48.87;49.54;49.35;48.64;49.33;49.71;50.87;52.09;50.87;51.53;53.46;53.86;53.34;54.79;55.51;53.88;55.62;57.38;56.62;58.89;56.94;53.99;51.98;53.19;52.29;56.39;54.13;56.17;56.55;56.24;57.86;57.69;55.53;58.59;56.72;56.88,HALAL,"Business activity permissible — debt ratio not verified, cross-check Musaffa/Zoya",
ESND,RETAIL,RETAIL/WHLSL-OFFICE SUPPLIES,,,,,HALAL,"Business activity permissible — debt ratio not verified, cross-check Musaffa/Zoya",
ORCL,SOFTWARE,COMPUTER SFTWR-DATABASE,9,147.61000061035156,-0.041706761606729814,153.62;154.44;153.27;145.01;138.69;146.09;145.36;142.18;137.38;155.08;169.22;174.45;180.54;175.67;172.36;163.26;171.23;184.71;193.92;193.17;189.10;192.28;180.83;189.11;192.39;202.99;247.29;229.53;212.94;205.10;183.46;191.97;182.89;174.46;156.98;148.02;146.04;139.78;141.11;143.72;131.54;132.49;126.41;127.05;120.04;119.90;117.74;129.87;145.74;143.47;151.05;153.28;150.52;142.79;142.07;142.45;148.87;150.85;141.32;154.04;162.52;152.94;144.79;143.16;147.61,HALAL,"Business activity permissible — debt ratio not verified, cross-check Musaffa/Zoya",
MDB,SOFTWARE,COMPUTER SFTWR-DATABASE,68,383.55999755859375,0.4723992228736804,272.27;270.16;273.25;246.54;235.51;244.77;253.12;254.08;229.49;236.14;244.06;263.38;261.43;258.11;264.38;258.29;263.46;266.68;293.42;294.65;303.00;312.16;334.68;317.50;307.35;325.68;403.88;368.32;350.74;340.28;354.41;354.18;334.69;319.16;302.44;314.01;335.90;354.88;361.32;362.87;337.97;333.04;312.33;307.65;299.14;309.71;321.10;337.48;380.04;370.00;416.67;437.83;460.33;434.62;420.37;402.69;406.11;446.62;434.21;384.45;356.00;373.87;382.29;376.34;383.56,HALAL,"Business activity permissible — debt ratio not verified, cross-check Musaffa/Zoya",
TDC,SOFTWARE,COMPUTER SFTWR-DATABASE,47,28.889999389648438,0.08690742936692608,27.24;27.02;26.94;26.01;25.31;25.63;25.48;25.87;25.12;26.02;26.67;27.10;27.51;25.91;26.47;26.27;27.96;30.08;29.63;32.31;32.70;33.81;32.65;32.77;33.34;31.63;36.83;34.97;33.70;33.47;32.80;33.62;31.74;29.67;31.69;32.85;34.65;34.56;36.46;34.83;33.96;31.31;30.52;29.33;27.68;29.79;30.63;30.99;34.39;26.95;27.69;26.74;27.68;28.47;27.57;27.52;27.06;28.77;28.65;28.79;27.76;27.36;29.37;29.17;28.89,HALAL,"Business activity permissible — debt ratio not verified, cross-check Musaffa/Zoya",
CLDR,SOFTWARE,COMPUTER SFTWR-DATABASE,,,,,HALAL,"Business activity permissible — debt ratio not verified, cross-check Musaffa/Zoya",
SNOW,SOFTWARE,COMPUTER SFTWR-DATABASE,93,332.42999267578125,0.860685021055352,174.60;175.40;174.20;160.61;152.80;150.82;151.85;149.24;132.24;134.24;144.48;143.98;150.84;146.40;144.25;141.22;141.00;141.71;153.72;151.50;152.37;157.47;169.55;165.54;177.60;239.20;280.16;241.28;238.26;239.66;240.39;240.78;234.52;226.59;225.95;248.96;254.50;260.15;262.74;267.49;268.65;271.87;268.90;271.73;265.13;272.92;282.90;293.28;316.77;318.00;334.70;332.26;328.92;325.33;321.29;322.78;315.37;328.00;319.80;356.47;335.50;329.72;332.35;331.02;332.43,HALAL,"Business activity permissible — debt ratio not verified, cross-check Musaffa/Zoya",
ADBE,SOFTWARE,COMPUTER SFTWR-DESIGN,34,248.9199981689453,-0.0016044005435683628,254.20;245.99;247.64;237.25;234.84;243.08;242.92;240.14;229.94;240.11;244.66;244.45;247.18;238.98;239.31;243.57;250.71;255.62;256.51;246.15;236.07;247.60;254.99;244.10;240.49;241.44;274.03;256.24;251.44;237.88;218.80;206.36;196.28;194.90;196.57;202.73;205.02;219.72;221.54;222.65;230.61;224.56;237.25;227.16;212.17;237.75;263.43;250.41;257.49;260.24;272.96;258.75;264.02;263.14;272.22;276.27;273.47;291.52;286.08;285.75;257.26;248.83;265.60;250.50;248.92,HALAL,"Business activity permissible — debt ratio not verified, cross-check Musaffa/Zoya",
ANSS,SOFTWARE,COMPUTER SFTWR-DESIGN,,,,,HALAL,"Business activity permissible — debt ratio not verified, cross-check Musaffa/Zoya",
ADSK,SOFTWARE,COMPUTER SFTWR-DESIGN,,,,,HALAL,"Business activity permissible — debt ratio not verified, cross-check Musaffa/Zoya",
PTC,SOFTWARE,COMPUTER SFTWR-DESIGN,24,135.88999938964844,-0.1282955935486908,154.12;150.67;149.23;143.56;137.61;142.49;142.65;143.92;139.19;134.21;136.58;139.74;140.93;135.83;136.41;137.50;136.53;137.55;147.65;145.92;140.81;141.91;145.19;145.84;144.88;138.79;145.08;139.72;137.00;136.97;118.39;114.85;116.94;115.00;112.93;115.72;113.61;124.55;125.04;123.79;125.42;123.61;124.37;120.77;113.05;125.21;132.46;137.20;141.68;147.66;151.02;147.99;149.75;146.48;153.52;154.31;151.61;157.15;152.81;150.08;133.26;128.72;136.65;131.16;135.89,HALAL,"Business activity permissible — debt ratio not verified, cross-check Musaffa/Zoya",
CDNS,SOFTWARE,COMPUTER SFTWR-DESIGN,13,282.8999938964844,-0.014388756925676427,293.75;287.40;292.52;281.39;271.77;277.87;278.72;279.48;281.01;288.20;304.10;311.03;325.84;314.33;336.54;329.95;340.94;353.63;356.90;364.20;354.55;347.24;338.12;358.46;381.75;373.85;414.16;408.00;376.19;390.90;383.74;394.50;389.60;389.04;372.40;377.27;375.32;373.14;371.06;385.95;377.92;371.50;330.11;344.64;330.46;338.61;332.76;340.02;340.62;338.42;331.91;323.13;324.82;316.52;313.59;315.92;334.68;340.39;313.04;304.88;284.11;284.95;279.06;279.90;282.90,HALAL,"Business activity permissible — debt ratio not verified, cross-check Musaffa/Zoya",
SNPS,SOFTWARE,COMPUTER SFTWR-DESIGN,14,384.9700012207031,-0.06703342785255006,429.29;428.25;432.48;410.13;380.47;396.48;395.95;397.90;404.92;417.77;438.45;449.58;467.58;456.85;498.54;481.22;489.02;502.51;505.19;516.19;509.28;502.42;493.87;503.98;534.56;480.64;492.29;498.02;464.85;465.27;456.29;454.38;461.74;464.58;463.93;454.34;446.07;437.16;436.63;443.37;433.82;425.28;384.28;389.07;373.52;388.99;373.69;388.76;403.86;405.98;411.68;412.32;421.50;404.41;397.92;394.51;410.00;442.61;414.82;416.31;392.03;397.17;381.43;378.47;384.97,HALAL,"Business activity permissible — debt ratio not verified, cross-check Musaffa/Zoya",
U,SOFTWARE,COMPUTER SFTWR-DESIGN,89,41.400001525878906,1.1307257270011846,20.09;19.15;18.65;17.80;19.45;21.94;22.75;22.01;21.57;22.80;25.26;25.92;25.41;24.31;26.64;26.11;27.13;27.34;26.73;26.87;26.89;27.16;26.20;25.54;26.77;29.94;32.17;29.22;29.17;28.44;26.71;28.49;26.47;27.14;27.15;28.23;28.58;29.32;29.66;30.73;30.68;31.27;28.99;29.87;28.94;30.44;32.04;31.71;35.22;40.81;43.10;44.53;46.25;46.74;46.54;46.16;44.38;43.31;40.92;42.08;42.75;42.07;43.45;42.13;41.40,HALAL,"Business activity permissible — debt ratio not verified, cross-check Musaffa/Zoya",
PLAN,SOFTWARE,COMPUTER SFTWR-DESIGN,,,,,HALAL,"Business activity permissible — debt ratio not verified, cross-check Musaffa/Zoya",
BSY,SOFTWARE,COMPUTER SFTWR-DESIGN,19,32.58000183105469,-0.14519907284199507,37.80;37.81;38.15;35.02;34.69;35.05;34.53;34.28;33.38;32.75;33.98;35.01;34.93;32.59;32.76;32.77;33.49;33.08;33.55;32.58;31.19;32.01;32.94;33.27;32.67;32.14;35.17;32.62;32.93;33.11;30.57;30.53;29.34;28.87;28.66;30.00;29.89;32.26;32.44;31.61;31.75;31.54;32.34;31.26;30.12;33.71;36.96;35.44;36.08;35.36;35.31;35.73;36.24;34.64;36.40;37.68;36.94;37.30;35.62;35.59;32.84;31.00;31.70;31.10;32.58,HALAL,"Business activity permissible — debt ratio not verified, cross-check Musaffa/Zoya",
MSFT,SOFTWARE,COMPUTER SFTWR-ENTERPRISE,68,493.7799987792969,0.2533966820842528,397.80;387.45;381.45;369.54;355.33;368.68;371.95;370.79;371.56;382.82;409.56;421.08;422.45;414.07;423.11;422.75;412.77;409.72;419.07;410.99;403.57;420.22;415.74;418.30;415.25;426.19;459.65;426.54;415.89;402.65;389.61;399.01;378.20;366.65;364.77;372.27;372.32;389.76;388.11;383.64;390.26;394.89;393.08;397.00;380.86;388.37;389.81;463.85;491.88;498.92;505.11;491.50;494.47;480.73;481.15;487.31;496.37;513.53;501.02;510.12;493.95;492.44;505.41;490.30;493.78,HALAL,"Software/cloud — halal core; financials typically pass — debt ratio not verified, cross-check Musaffa/Zoya",
CRM,SOFTWARE,COMPUTER SFTWR-ENTERPRISE,77,237.9199981689453,0.24229279829384298,193.98;193.66;193.85;180.72;178.09;185.40;185.91;181.71;170.11;172.07;176.83;181.35;186.30;172.55;179.40;180.44;183.02;186.18;185.53;176.72;165.12;172.76;178.64;175.55;178.31;175.41;208.69;189.79;184.86;174.59;166.16;164.26;154.75;149.86;152.49;158.09;156.38;165.82;169.22;162.21;170.92;166.71;170.47;169.76;156.65;173.30;188.05;183.70;190.65;186.44;197.16;192.98;195.87;195.80;205.07;208.69;205.26;255.55;257.66;263.97;248.68;242.57;258.97;250.10;237.92,HALAL,"Business activity permissible — debt ratio not verified, cross-check Musaffa/Zoya",
NOW,SOFTWARE,COMPUTER SFTWR-ENTERPRISE,57,135.47000122070312,0.1923076742292933,116.72;113.27;110.95;103.06;99.41;104.55;102.00;100.55;89.81;89.06;94.19;96.66;100.14;84.78;90.45;88.89;91.16;92.01;93.59;91.49;87.05;95.07;101.83;99.69;99.92;108.73;135.86;117.90;112.45;106.97;103.08;104.15;95.48;93.01;93.80;98.34;99.28;106.32;110.73;108.84;111.26;104.73;103.24;102.06;91.94;105.56;115.76;111.23;118.14;117.35;127.44;124.94;124.00;119.49;129.75;128.05;125.80;144.71;142.90;145.59;134.21;131.17;142.35;139.82;135.47,HALAL,"Business activity permissible — debt ratio not verified, cross-check Musaffa/Zoya",
WDAY,SOFTWARE,COMPUTER SFTWR-ENTERPRISE,,,,,HALAL,"Business activity permissible — debt ratio not verified, cross-check Musaffa/Zoya",
SAP,SOFTWARE,COMPUTER SFTWR-ENTERPRISE,55,209.4499969482422,0.12188588431016534,186.87;181.85;175.12;166.06;161.22;168.28;168.84;166.58;161.69;166.67;169.95;178.12;173.43;160.46;170.48;167.19;167.84;172.39;174.71;170.10;160.82;169.48;178.80;176.28;175.15;175.46;196.11;180.67;184.77;178.92;163.64;164.33;158.79;149.51;152.75;155.09;154.11;162.59;162.77;158.46;159.97;155.91;159.04;154.34;146.38;171.01;185.99;183.62;195.49;199.46;208.55;204.15;207.97;210.47;217.09;218.66;211.68;221.54;212.04;217.03;211.49;205.95;218.28;213.20;209.45,HALAL,"Business activity permissible — debt ratio not verified, cross-check Musaffa/Zoya",
INTU,SOFTWARE,COMPUTER SFTWR-ENTERPRISE,8,303.19000244140625,-0.30567745985323314,455.85;451.84;453.60;423.67;413.33;429.15;419.32;407.17;360.09;367.81;388.00;391.52;403.06;381.61;388.20;393.34;397.28;396.56;404.99;391.56;370.07;391.27;397.95;305.72;303.01;311.62;352.20;310.07;295.45;292.48;275.69;280.53;267.89;256.63;261.08;266.54;259.85;274.14;279.93;273.38;289.76;279.70;291.09;289.92;281.53;303.91;333.13;316.07;323.60;321.91;334.43;334.71;345.66;350.41;361.87;369.92;345.88;358.06;344.93;344.30;318.93;312.77;339.15;318.13;303.19,HALAL,"Business activity permissible — debt ratio not verified, cross-check Musaffa/Zoya",
TEAM,SOFTWARE,COMPUTER SFTWR-ENTERPRISE,96,192.02000427246094,1.553118024330678,74.91;74.60;74.41;66.46;65.12;68.25;68.29;64.83;58.96;61.30;66.00;66.94;71.22;67.62;69.22;70.49;88.88;92.35;92.37;87.31;80.62;87.46;86.62;82.18;84.92;93.29;115.95;101.53;99.47;95.61;89.20;91.55;84.39;79.96;81.55;78.74;77.79;83.84;88.39;90.71;96.16;91.77;93.29;90.60;80.15;95.87;104.28;101.01;110.31;110.17;151.87;155.24;162.22;163.00;174.91;171.33;168.47;190.41;187.03;194.68;176.42;179.57;192.77;190.28;192.02,HALAL,"Business activity permissible — debt ratio not verified, cross-check Musaffa/Zoya",
PANW,SOFTWARE,COMPUTER SFTWR-ENTERPRISE,95,363.5799865722656,1.1768649100209276,169.19;169.74;164.05;153.22;147.02;160.32;163.21;169.87;166.99;162.51;164.11;167.85;174.96;173.21;182.90;181.54;181.08;183.98;196.53;213.66;227.79;242.83;240.13;252.92;256.75;257.77;300.48;280.43;272.05;260.52;279.53;284.54;282.13;286.40;285.26;304.20;341.02;348.06;337.04;338.31;330.30;354.02;358.68;342.15;325.63;317.32;314.15;331.83;366.34;359.49;385.04;387.01;384.27;374.14;349.56;350.90;339.31;371.59;362.09;331.94;336.98;338.49;373.94;375.65;363.58,HALAL,"Business activity permissible — debt ratio not verified, cross-check Musaffa/Zoya",
PLTR,SOFTWARE,COMPUTER SFTWR-ENTERPRISE,74,177.63999938964844,0.17681353415699452,155.08;155.68;160.84;154.96;143.06;146.28;148.46;150.07;130.49;132.37;142.15;146.39;145.97;141.57;143.10;137.97;144.07;135.91;137.05;136.89;130.05;133.99;135.26;137.41;136.60;143.34;160.65;142.20;135.53;132.07;131.08;134.71;130.63;119.50;113.50;112.93;116.67;129.30;134.37;129.04;130.04;133.76;132.38;132.66;123.37;131.53;123.00;123.06;162.66;155.92;175.23;171.04;174.04;171.54;173.96;175.89;177.50;186.29;179.92;182.53;170.30;165.86;173.31;174.34;177.64,HALAL,"Business activity permissible — debt ratio not verified, cross-check Musaffa/Zoya",
DDOG,SOFTWARE,COMPUTER SFTWR-ENTERPRISE,90,229.9199981689453,0.8464504044921033,128.87;129.94;129.23;123.29;114.48;118.05;120.36;116.54;108.98;110.08;121.06;126.61;129.29;127.86;132.66;133.98;140.53;145.73;188.73;202.32;205.31;207.98;215.15;218.04;223.65;225.24;277.49;250.33;234.11;227.34;234.24;233.09;226.63;221.37;222.65;239.77;260.36;260.36;256.81;269.00;260.24;264.46;258.69;254.79;244.39;251.86;264.20;267.97;288.15;229.29;260.78;240.91;255.46;246.00;232.55;225.77;227.67;236.98;223.84;214.76;210.23;221.72;230.05;230.79;229.92,HALAL,"Business activity permissible — debt ratio not verified, cross-check Musaffa/Zoya",
MDB,SOFTWARE,COMPUTER SFTWR-ENTERPRISE,68,383.55999755859375,0.4723992228736804,272.27;270.16;273.25;246.54;235.51;244.77;253.12;254.08;229.49;236.14;244.06;263.38;261.43;258.11;264.38;258.29;263.46;266.68;293.42;294.65;303.00;312.16;334.68;317.50;307.35;325.68;403.88;368.32;350.74;340.28;354.41;354.18;334.69;319.16;302.44;314.01;335.90;354.88;361.32;362.87;337.97;333.04;312.33;307.65;299.14;309.71;321.10;337.48;380.04;370.00;416.67;437.83;460.33;434.62;420.37;402.69;406.11;446.62;434.21;384.45;356.00;373.87;382.29;376.34;383.56,HALAL,"Business activity permissible — debt ratio not verified, cross-check Musaffa/Zoya",
ZS,SOFTWARE,COMPUTER SFTWR-ENTERPRISE,72,197.30999755859375,0.2832336407882847,156.00;155.40;151.80;139.44;133.16;140.29;138.56;142.09;122.23;122.62;131.01;134.68;139.61;132.97;134.11;134.73;139.81;141.36;152.79;148.87;152.43;161.05;175.25;171.01;184.60;130.04;155.71;134.37;130.78;125.84;126.11;130.42;124.38;124.06;127.27;132.26;141.15;147.33;149.50;147.12;141.82;148.19;149.94;148.72;139.70;147.30;153.77;151.20;163.22;162.60;176.68;177.32;183.60;185.70;174.95;176.06;170.31;184.23;178.37;177.80;161.94;163.48;191.73;191.58;197.31,HALAL,"Business activity permissible — debt ratio not verified, cross-check Musaffa/Zoya",
OKTA,SOFTWARE,COMPUTER SFTWR-ENTERPRISE,97,182.3699951171875,1.3038148898479713,78.53;80.76;81.10;78.12;73.23;78.71;80.19;79.34;67.76;65.46;67.35;72.25;77.64;76.04;76.14;76.16;75.78;77.75;80.88;81.69;78.20;82.77;85.70;89.44;93.81;94.72;139.79;124.65;118.72;119.96;117.50;118.12;113.03;115.94;118.58;124.28;136.45;141.42;148.47;148.84;139.53;150.86;149.35;141.71;136.10;137.43;136.91;141.93;147.82;143.51;150.77;147.30;147.43;143.92;134.16;130.97;134.42;166.23;166.43;170.42;167.60;171.11;186.45;188.12;182.37,HALAL,"Business activity permissible — debt ratio not verified, cross-check Musaffa/Zoya",
CRWD,SOFTWARE,COMPUTER SFTWR-ENTERPRISE,96,237.64999389648438,1.151749690372097,108.30;107.04;103.33;96.46;92.39;97.60;99.78;105.81;98.67;100.56;102.79;105.99;112.40;111.35;113.65;113.10;113.91;119.13;126.43;135.57;140.64;148.52;154.22;162.06;167.89;167.75;195.54;186.90;167.76;161.23;172.88;173.23;170.74;168.86;168.26;175.27;190.79;193.98;194.62;198.40;187.91;206.77;203.08;191.15;183.42;180.11;179.38;190.86;211.22;207.39;225.16;221.78;216.95;212.92;190.34;190.68;189.18;218.40;215.07;214.97;210.02;208.86;235.38;241.36;237.65,HALAL,"Business activity permissible — debt ratio not verified, cross-check Musaffa/Zoya",
GTLB,SOFTWARE,COMPUTER SFTWR-ENTERPRISE,95,49.22999954223633,1.1696782011239821,22.88;22.89;22.27;20.67;20.35;21.64;22.57;23.15;19.67;20.03;21.76;21.42;22.15;20.66;21.45;21.91;24.05;24.84;25.92;25.64;22.05;23.66;25.46;25.62;26.77;27.93;33.79;30.93;31.12;30.30;28.40;28.31;26.47;25.83;28.27;29.07;30.53;32.07;32.59;33.86;33.47;32.83;32.72;32.85;30.22;32.88;34.03;34.51;36.48;35.68;40.73;40.81;42.62;41.50;42.08;42.03;41.31;44.87;45.09;49.31;47.15;47.30;49.25;48.77;49.23,HALAL,"Business activity permissible — debt ratio not verified, cross-check Musaffa/Zoya",
S,SOFTWARE,COMPUTER SFTWR-ENTERPRISE,91,22.510000228881836,0.550275448982235,14.49;14.56;14.38;13.36;12.58;12.88;13.33;13.38;12.77;12.79;13.26;14.02;14.46;13.92;14.63;14.70;14.90;15.86;15.92;16.33;16.08;16.86;17.66;18.11;18.56;18.02;17.81;16.30;15.95;15.24;14.76;15.19;14.80;14.74;15.12;15.91;16.97;17.51;18.16;18.86;18.55;19.58;19.57;18.81;17.38;18.14;18.52;19.06;20.98;20.76;22.23;22.30;23.11;22.49;20.94;20.82;20.51;21.54;20.63;19.80;19.43;19.81;22.61;23.17;22.51,HALAL,"Business activity permissible — debt ratio not verified, cross-check Musaffa/Zoya",
SPLK,SOFTWARE,COMPUTER SFTWR-ENTERPRISE,,,,,HALAL,"Business activity permissible — debt ratio not verified, cross-check Musaffa/Zoya",
VEEV,SOFTWARE,COMPUTER SFTWR-ENTERPRISE,86,260.2099914550781,0.45466225599415844,186.70;185.59;185.23;178.11;172.59;175.66;173.98;172.52;157.08;158.45;167.30;167.95;167.79;156.15;160.45;158.22;171.60;171.19;168.25;159.33;155.73;158.86;163.31;158.27;158.54;164.38;188.66;178.72;172.61;167.68;161.55;162.17;154.85;153.16;161.35;171.36;177.47;192.74;192.30;189.70;196.81;193.67;195.38;189.24;179.58;194.46;207.91;203.78;211.86;217.80;234.69;241.51;243.75;242.75;250.53;248.46;244.91;276.69;279.23;284.38;264.84;260.98;265.67;264.90;260.21,HALAL,"Business activity permissible — debt ratio not verified, cross-check Musaffa/Zoya",
MNDY,SOFTWARE,COMPUTER SFTWR-ENTERPRISE,18,85.12999725341797,0.1371893742897763,75.28;74.73;75.47;69.28;66.47;69.11;68.34;66.71;62.39;63.55;65.43;64.99;67.86;64.60;68.02;66.66;72.74;75.95;76.39;76.91;67.70;71.97;78.00;76.26;76.83;77.49;95.47;85.95;85.74;83.23;79.58;77.26;73.38;70.36;70.92;73.02;72.39;79.77;84.10;83.65;86.84;80.71;78.69;72.84;71.74;82.10;90.25;87.15;93.80;87.57;88.62;85.95;87.52;88.04;91.30;94.25;92.55;100.71;96.51;97.33;83.67;85.17;96.11;94.06;85.13,HALAL,"Business activity permissible — debt ratio not verified, cross-check Musaffa/Zoya",
HUBS,SOFTWARE,COMPUTER SFTWR-ENTERPRISE,15,216.1199951171875,-0.182292829742851,265.55;262.32;262.06;238.07;230.79;244.10;244.67;227.61;205.04;205.28;218.62;222.49;230.46;214.69;225.07;227.25;239.89;246.08;243.72;191.34;179.00;198.38;208.19;198.37;197.99;198.80;262.20;222.45;212.64;197.69;186.43;186.06;176.71;172.80;180.73;185.47;182.51;192.12;205.20;205.95;217.59;215.33;224.26;218.56;190.01;223.01;251.12;237.36;248.89;202.43;215.91;210.12;224.14;226.24;239.86;244.17;237.08;260.68;251.11;255.12;240.42;223.55;250.61;236.46;216.12,HALAL,"Business activity permissible — debt ratio not verified, cross-check Musaffa/Zoya",
BILL,SOFTWARE,COMPUTER SFTWR-ENTERPRISE,70,47.56999969482422,0.19552647902204168,41.17;40.87;40.49;38.17;37.00;38.30;38.63;38.28;36.18;36.76;39.31;38.81;39.78;36.66;37.55;37.25;39.07;38.32;37.66;41.50;39.96;40.07;37.75;36.45;34.90;34.85;39.51;35.20;35.97;34.09;32.13;33.54;32.19;31.96;33.46;35.52;36.16;40.48;40.68;40.52;42.86;44.63;44.71;44.26;41.26;44.90;47.41;45.13;48.57;47.00;49.26;48.70;49.78;49.17;47.40;48.16;48.11;50.31;47.62;50.86;47.60;47.63;49.67;49.00;47.57,HALAL,"Business activity permissible — debt ratio not verified, cross-check Musaffa/Zoya",
PCTY,SOFTWARE,COMPUTER SFTWR-ENTERPRISE,71,143.72999572753906,0.31392263030892953,110.80;110.90;115.09;109.60;105.39;108.04;106.14;106.29;95.18;99.49;100.52;100.78;103.60;100.08;101.38;107.94;109.60;107.68;109.12;109.88;104.23;107.12;113.22;111.72;109.64;110.88;122.49;112.82;113.46;113.14;108.23;106.93;100.51;99.51;103.79;106.35;104.53;115.10;118.84;116.62;124.50;123.05;126.00;123.88;120.60;130.16;144.79;137.90;143.32;151.49;145.65;145.67;148.28;147.32;152.36;152.45;152.04;157.93;156.02;154.43;143.53;142.86;147.97;147.32;143.73,HALAL,"Business activity permissible — debt ratio not verified, cross-check Musaffa/Zoya",
PAYC,SOFTWARE,COMPUTER SFTWR-ENTERPRISE,,,,,HALAL,"Business activity permissible — debt ratio not verified, cross-check Musaffa/Zoya",
DBX,SOFTWARE,COMPUTER SFTWR-ENTERPRISE,85,36.47999954223633,0.4166990113489837,25.54;25.17;24.42;22.70;22.15;22.72;23.40;23.60;22.23;22.71;23.69;24.27;24.59;23.90;23.91;24.31;24.93;25.41;25.13;26.49;26.20;26.82;27.53;27.25;26.49;26.19;28.91;27.59;27.52;27.43;26.98;27.23;26.41;25.80;26.33;26.64;27.47;28.56;28.85;29.41;29.58;30.35;30.62;29.42;28.43;30.54;33.33;32.56;34.51;34.54;34.59;33.63;34.42;33.87;34.00;34.88;34.80;35.70;34.26;35.70;33.81;35.05;37.31;37.74;36.48,HALAL,"Business activity permissible — debt ratio not verified, cross-check Musaffa/Zoya",
BOX,SOFTWARE,COMPUTER SFTWR-ENTERPRISE,77,33.720001220703125,0.3547610304372695,24.46;23.86;24.52;23.66;23.07;23.64;24.02;24.01;22.44;22.35;23.81;23.75;24.33;23.54;24.06;24.66;25.01;25.21;25.69;24.50;23.72;24.67;25.70;25.40;25.62;25.25;28.79;26.69;26.68;26.54;25.49;25.51;24.94;24.36;25.46;26.46;26.54;27.89;28.85;28.80;29.41;30.47;30.48;29.94;28.28;30.15;32.42;31.55;31.76;31.85;33.60;32.35;32.65;32.44;32.90;33.47;33.39;34.98;35.16;35.96;34.30;34.12;34.86;34.66;33.72,HALAL,"Business activity permissible — debt ratio not verified, cross-check Musaffa/Zoya",
WDAY,SOFTWARE,COMPUTER SFTWR-ENTERPRISE,,,,,HALAL,"Business activity permissible — debt ratio not verified, cross-check Musaffa/Zoya",
ASAN,SOFTWARE,COMPUTER SFTWR-ENTERPRISE,54,9.510000228881836,0.3566333692400998,6.85;6.68;6.61;6.05;6.17;6.40;6.37;6.20;5.73;5.80;6.08;5.84;6.36;6.10;6.24;6.40;6.99;7.35;7.05;6.34;5.71;6.20;6.63;6.36;6.58;6.66;9.07;7.97;7.84;7.54;7.46;7.43;7.10;6.75;6.65;6.97;7.00;7.34;7.49;7.37;7.69;7.54;7.69;7.39;6.57;7.75;8.51;8.32;8.76;8.68;9.23;8.99;9.14;9.16;9.50;9.76;9.44;10.19;9.83;10.09;8.79;8.56;9.66;9.65;9.51,HALAL,"Business activity permissible — debt ratio not verified, cross-check Musaffa/Zoya",
FROG,SOFTWARE,COMPUTER SFTWR-ENTERPRISE,94,92.80999755859375,1.2598002982281487,43.83;43.46;42.64;47.13;43.33;46.93;50.61;49.08;44.46;45.23;42.87;44.12;46.10;43.97;46.18;46.27;49.89;54.41;57.02;69.01;64.18;66.16;70.63;71.44;73.01;72.77;88.31;83.86;84.00;81.26;78.48;80.39;81.35;79.89;76.66;87.58;90.88;94.81;96.20;95.50;92.02;91.28;88.54;86.56;81.25;81.23;73.28;79.79;86.22;83.04;88.15;86.04;96.17;91.60;89.72;90.14;92.80;98.74;91.78;90.61;86.73;88.65;93.00;92.62;92.81,HALAL,"Business activity permissible — debt ratio not verified, cross-check Musaffa/Zoya",
ESTC,SOFTWARE,COMPUTER SFTWR-ENTERPRISE,88,86.95999908447266,0.6888715527239819,55.40;55.15;52.89;49.94;48.52;49.99;50.67;49.82;45.00;45.59;47.51;47.56;48.39;45.75;47.83;47.40;48.61;50.15;51.62;50.38;48.57;50.60;53.72;53.84;54.41;57.61;68.06;64.10;61.79;61.26;60.22;62.30;58.56;58.73;58.71;56.24;57.02;58.04;59.46;62.06;62.43;62.24;61.59;60.18;57.33;61.24;64.44;65.79;71.06;69.95;76.32;77.16;86.68;85.01;85.90;83.24;79.25;99.91;92.39;96.13;88.42;83.48;85.11;85.03;86.96,HALAL,"Business activity permissible — debt ratio not verified, cross-check Musaffa/Zoya",
NTNX,SOFTWARE,COMPUTER SFTWR-ENTERPRISE,90,69.80000305175781,0.7765335053523241,41.70;41.03;40.39;38.99;37.61;38.01;41.10;39.50;36.94;37.30;38.26;40.05;41.07;39.15;40.76;42.00;42.60;43.43;45.93;45.16;44.50;46.34;48.27;44.69;46.55;48.81;55.87;53.04;53.64;50.74;49.21;49.40;46.47;46.61;47.50;49.72;50.96;51.28;53.76;55.53;55.22;54.59;55.08;54.19;52.63;56.85;59.57;59.01;61.50;60.12;64.46;64.65;66.61;65.83;66.33;66.68;65.39;69.16;66.69;68.08;67.49;65.42;67.69;68.70;69.80,HALAL,"Business activity permissible — debt ratio not verified, cross-check Musaffa/Zoya",
CFLT,SOFTWARE,COMPUTER SFTWR-ENTERPRISE,,,,,HALAL,"Business activity permissible — debt ratio not verified, cross-check Musaffa/Zoya",
RBLX,SOFTWARE,COMPUTER SFTWR-ENTERPRISE,7,47.81999969482422,-0.15242819484625048,57.79;57.52;56.84;56.65;52.31;56.56;60.11;57.50;55.17;57.66;59.79;60.34;61.26;55.45;57.52;56.28;45.13;44.04;44.78;41.31;41.96;42.85;44.45;46.14;46.00;46.83;47.00;43.68;41.82;43.00;43.49;45.66;48.02;47.27;47.94;47.56;54.38;55.41;56.71;56.43;55.03;57.07;51.68;52.50;47.55;48.42;50.13;35.60;37.00;36.04;37.05;35.54;38.23;37.67;38.63;38.76;37.56;38.53;40.67;41.51;44.82;44.88;51.29;47.43;47.82,QUESTIONABLE,Gaming platform — mixed content,
INTU,SOFTWARE,COMPUTER SFTWR-FINANCIAL,8,303.19000244140625,-0.30567745985323314,455.85;451.84;453.60;423.67;413.33;429.15;419.32;407.17;360.09;367.81;388.00;391.52;403.06;381.61;388.20;393.34;397.28;396.56;404.99;391.56;370.07;391.27;397.95;305.72;303.01;311.62;352.20;310.07;295.45;292.48;275.69;280.53;267.89;256.63;261.08;266.54;259.85;274.14;279.93;273.38;289.76;279.70;291.09;289.92;281.53;303.91;333.13;316.07;323.60;321.91;334.43;334.71;345.66;350.41;361.87;369.92;345.88;358.06;344.93;344.30;318.93;312.77;339.15;318.13;303.19,HALAL,"Business activity permissible — debt ratio not verified, cross-check Musaffa/Zoya",
ADP,SOFTWARE,COMPUTER SFTWR-FINANCIAL,70,271.2200012207031,0.3189462780174557,206.83;207.74;206.81;199.31;198.46;200.37;201.19;200.79;193.31;192.68;194.19;197.70;200.06;195.78;194.50;212.08;211.25;207.69;211.13;208.74;205.74;211.51;217.39;217.03;215.33;216.82;230.50;224.60;228.74;227.97;222.65;221.80;217.37;213.24;218.46;222.13;222.53;240.73;244.04;239.75;249.45;245.90;253.65;244.65;241.34;253.36;271.63;264.77;268.90;271.77;271.94;267.62;271.22;267.60;277.43;281.21;279.60;285.65;281.69;281.73;266.26;265.63;276.63;273.19;271.22,HALAL,"Business activity permissible — debt ratio not verified, cross-check Musaffa/Zoya",
PAYX,SOFTWARE,COMPUTER SFTWR-FINANCIAL,63,116.13999938964844,0.2834317628895393,90.32;89.61;91.36;91.22;89.58;90.01;89.60;89.51;85.85;87.28;88.20;89.86;91.54;88.87;87.87;91.90;90.89;90.73;92.10;91.73;88.99;90.60;93.51;93.28;93.82;94.53;101.38;97.44;99.49;99.25;98.25;99.86;96.57;94.94;95.31;98.87;97.32;105.25;107.01;105.17;109.61;108.87;113.21;110.81;109.52;114.29;122.13;116.84;118.66;120.13;121.18;120.37;122.02;119.93;122.91;126.01;124.88;127.04;125.64;125.08;116.93;115.18;118.51;116.72;116.14,HALAL,"Business activity permissible — debt ratio not verified, cross-check Musaffa/Zoya",
PCTY,SOFTWARE,COMPUTER SFTWR-FINANCIAL,71,143.72999572753906,0.31392263030892953,110.80;110.90;115.09;109.60;105.39;108.04;106.14;106.29;95.18;99.49;100.52;100.78;103.60;100.08;101.38;107.94;109.60;107.68;109.12;109.88;104.23;107.12;113.22;111.72;109.64;110.88;122.49;112.82;113.46;113.14;108.23;106.93;100.51;99.51;103.79;106.35;104.53;115.10;118.84;116.62;124.50;123.05;126.00;123.88;120.60;130.16;144.79;137.90;143.32;151.49;145.65;145.67;148.28;147.32;152.36;152.45;152.04;157.93;156.02;154.43;143.53;142.86;147.97;147.32;143.73,HALAL,"Business activity permissible — debt ratio not verified, cross-check Musaffa/Zoya",
PAYC,SOFTWARE,COMPUTER SFTWR-FINANCIAL,,,,,HALAL,"Business activity permissible — debt ratio not verified, cross-check Musaffa/Zoya",
WK,SOFTWARE,COMPUTER SFTWR-FINANCIAL,,,,,HALAL,"Business activity permissible — debt ratio not verified, cross-check Musaffa/Zoya",
BILL,SOFTWARE,COMPUTER SFTWR-FINANCIAL,70,47.56999969482422,0.19552647902204168,41.17;40.87;40.49;38.17;37.00;38.30;38.63;38.28;36.18;36.76;39.31;38.81;39.78;36.66;37.55;37.25;39.07;38.32;37.66;41.50;39.96;40.07;37.75;36.45;34.90;34.85;39.51;35.20;35.97;34.09;32.13;33.54;32.19;31.96;33.46;35.52;36.16;40.48;40.68;40.52;42.86;44.63;44.71;44.26;41.26;44.90;47.41;45.13;48.57;47.00;49.26;48.70;49.78;49.17;47.40;48.16;48.11;50.31;47.62;50.86;47.60;47.63;49.67;49.00;47.57,HALAL,"Business activity permissible — debt ratio not verified, cross-check Musaffa/Zoya",
SSNC,SOFTWARE,COMPUTER SFTWR-FINANCIAL,55,79.93000030517578,0.12144426162702882,72.07;71.31;70.73;66.93;64.92;67.06;67.81;68.35;67.70;68.66;70.92;71.56;70.92;69.53;68.11;68.96;68.76;68.75;69.57;66.53;64.28;64.09;65.75;66.44;66.23;65.61;68.83;67.72;69.66;68.44;67.50;67.18;66.12;64.89;65.73;63.43;61.83;65.28;66.06;66.49;67.81;68.34;69.31;67.67;66.71;74.77;78.03;76.77;80.77;79.55;79.48;79.85;81.21;80.24;81.82;83.24;82.75;83.12;81.91;84.63;80.45;78.92;81.22;80.55;79.93,HALAL,"Business activity permissible — debt ratio not verified, cross-check Musaffa/Zoya",
JKHY,SOFTWARE,COMPUTER SFTWR-FINANCIAL,48,154.85000610351562,-0.07500378721381928,165.42;163.10;161.98;156.13;152.07;156.76;156.21;157.04;152.14;150.18;152.16;152.81;154.24;149.38;149.79;152.51;152.79;148.13;144.85;142.49;140.29;135.76;139.36;138.43;136.25;135.12;139.69;132.65;129.64;126.89;125.50;129.88;123.77;122.97;127.60;134.51;137.24;146.34;146.18;149.68;150.18;147.93;151.12;148.36;147.69;152.43;160.57;153.48;156.06;156.37;154.52;151.76;152.75;152.57;164.48;169.89;171.77;169.12;167.49;167.76;159.83;161.42;164.55;158.98;154.85,HALAL,"Business activity permissible — debt ratio not verified, cross-check Musaffa/Zoya",
EEFT,SOFTWARE,COMPUTER SFTWR-FINANCIAL,,,,,HALAL,"Business activity permissible — debt ratio not verified, cross-check Musaffa/Zoya",
EA,SOFTWARE,COMPUTER SFTWR-GAMING,,,,;;;;;;;;;;;;;;;;;;;;;;;;;;;;;;;;;;;;;;;;;;;;;;;;209.70;;;;;;;;;;;;;;;;,QUESTIONABLE,Group classification: COMPUTER SFTWR-GAMING,
TTWO,SOFTWARE,COMPUTER SFTWR-GAMING,21,205.4499969482422,-0.015006255898625143,206.72;201.75;200.84;193.05;189.69;197.50;199.87;198.33;198.05;201.36;214.15;212.04;217.65;209.90;213.77;215.34;216.03;223.11;223.50;221.47;226.99;242.44;238.14;238.08;220.67;217.87;226.98;215.80;214.39;212.05;212.08;216.23;228.03;239.57;235.77;238.53;249.98;254.99;257.79;246.10;244.10;243.80;236.68;235.93;230.25;243.95;246.43;242.92;240.22;232.47;253.57;243.00;246.95;242.40;240.15;233.50;233.45;235.39;216.68;214.13;213.29;216.96;222.91;211.81;205.45,QUESTIONABLE,Group classification: COMPUTER SFTWR-GAMING,
ATVI,SOFTWARE,COMPUTER SFTWR-GAMING,,,,,QUESTIONABLE,Group classification: COMPUTER SFTWR-GAMING,
RBLX,SOFTWARE,COMPUTER SFTWR-GAMING,7,47.81999969482422,-0.15242819484625048,57.79;57.52;56.84;56.65;52.31;56.56;60.11;57.50;55.17;57.66;59.79;60.34;61.26;55.45;57.52;56.28;45.13;44.04;44.78;41.31;41.96;42.85;44.45;46.14;46.00;46.83;47.00;43.68;41.82;43.00;43.49;45.66;48.02;47.27;47.94;47.56;54.38;55.41;56.71;56.43;55.03;57.07;51.68;52.50;47.55;48.42;50.13;35.60;37.00;36.04;37.05;35.54;38.23;37.67;38.63;38.76;37.56;38.53;40.67;41.51;44.82;44.88;51.29;47.43;47.82,QUESTIONABLE,Gaming platform — mixed content,
U,SOFTWARE,COMPUTER SFTWR-GAMING,89,41.400001525878906,1.1307257270011846,20.09;19.15;18.65;17.80;19.45;21.94;22.75;22.01;21.57;22.80;25.26;25.92;25.41;24.31;26.64;26.11;27.13;27.34;26.73;26.87;26.89;27.16;26.20;25.54;26.77;29.94;32.17;29.22;29.17;28.44;26.71;28.49;26.47;27.14;27.15;28.23;28.58;29.32;29.66;30.73;30.68;31.27;28.99;29.87;28.94;30.44;32.04;31.71;35.22;40.81;43.10;44.53;46.25;46.74;46.54;46.16;44.38;43.31;40.92;42.08;42.75;42.07;43.45;42.13;41.40,QUESTIONABLE,Group classification: COMPUTER SFTWR-GAMING,
SCPL,SOFTWARE,COMPUTER SFTWR-GAMING,,,,,QUESTIONABLE,Group classification: COMPUTER SFTWR-GAMING,
GLUU,SOFTWARE,COMPUTER SFTWR-GAMING,,,,,QUESTIONABLE,Group classification: COMPUTER SFTWR-GAMING,
ZNGA,SOFTWARE,COMPUTER SFTWR-GAMING,,,,,QUESTIONABLE,Group classification: COMPUTER SFTWR-GAMING,
VEEV,SOFTWARE,COMPUTER SFTWR-HEALTHCARE,86,260.2099914550781,0.45466225599415844,186.70;185.59;185.23;178.11;172.59;175.66;173.98;172.52;157.08;158.45;167.30;167.95;167.79;156.15;160.45;158.22;171.60;171.19;168.25;159.33;155.73;158.86;163.31;158.27;158.54;164.38;188.66;178.72;172.61;167.68;161.55;162.17;154.85;153.16;161.35;171.36;177.47;192.74;192.30;189.70;196.81;193.67;195.38;189.24;179.58;194.46;207.91;203.78;211.86;217.80;234.69;241.51;243.75;242.75;250.53;248.46;244.91;276.69;279.23;284.38;264.84;260.98;265.67;264.90;260.21,HALAL,"Business activity permissible — debt ratio not verified, cross-check Musaffa/Zoya",
DOCS,SOFTWARE,COMPUTER SFTWR-HEALTHCARE,22,26.110000610351562,0.07139924953621368,24.91;24.80;25.03;24.18;23.69;23.30;22.77;22.50;21.16;22.66;23.90;24.71;24.15;23.17;24.66;24.20;24.98;25.77;26.03;26.26;23.39;18.97;19.26;19.39;19.52;21.07;22.55;21.04;20.59;20.45;20.02;20.68;20.45;20.07;20.83;20.88;20.74;21.86;22.74;22.01;22.29;22.26;21.52;21.11;20.45;20.99;21.63;20.91;21.89;20.66;25.63;24.99;24.80;24.94;25.94;25.30;24.74;26.73;26.35;27.10;24.42;24.71;26.39;25.94;26.11,HALAL,"Business activity permissible — debt ratio not verified, cross-check Musaffa/Zoya",
TDOC,SOFTWARE,COMPUTER SFTWR-HEALTHCARE,21,6.300000190734863,0.17318441806241425,5.61;5.52;5.48;5.57;5.14;5.45;5.27;5.32;5.25;5.22;5.54;5.69;6.00;5.70;5.85;5.95;6.46;6.66;6.96;6.92;6.79;6.36;6.61;6.57;6.59;7.51;7.91;7.09;7.05;6.93;7.31;7.46;7.59;7.58;7.81;8.39;8.48;9.20;9.52;9.21;9.65;9.72;9.43;9.71;8.66;8.91;9.18;6.71;6.71;6.68;7.08;6.71;6.81;6.47;6.49;6.20;6.33;6.50;6.26;6.47;6.26;6.09;6.50;6.43;6.30,HALAL,"Business activity permissible — debt ratio not verified, cross-check Musaffa/Zoya",
OMCL,SOFTWARE,COMPUTER SFTWR-HEALTHCARE,17,32.22999954223633,-0.06308145021476519,35.09;33.40;34.31;34.94;32.75;33.38;34.15;34.50;35.47;35.01;37.53;38.28;36.75;36.37;37.63;43.10;42.80;43.56;43.33;43.30;43.17;43.12;43.82;43.76;44.10;44.72;43.16;41.89;43.00;40.69;37.82;39.99;38.50;38.68;39.49;40.13;41.52;43.03;44.36;45.59;46.68;46.82;45.87;41.83;39.86;41.49;41.40;35.37;37.15;36.16;37.31;37.13;37.30;35.97;35.50;34.66;33.45;33.08;34.51;34.82;33.88;32.25;33.51;32.43;32.23,HALAL,"Business activity permissible — debt ratio not verified, cross-check Musaffa/Zoya",
HSTM,SOFTWARE,COMPUTER SFTWR-HEALTHCARE,73,29.229999542236328,0.4438712903899307,20.87;20.50;21.07;21.17;21.04;20.65;20.39;20.49;19.86;20.31;20.98;21.67;21.32;20.84;21.37;21.16;20.66;24.29;23.48;23.06;22.83;22.64;24.40;23.64;24.34;24.60;25.56;24.51;25.21;25.97;26.19;25.84;25.97;25.33;26.08;26.70;27.22;28.38;28.42;27.99;28.69;28.22;28.45;27.81;26.36;27.84;29.49;28.01;29.76;28.09;29.33;28.33;28.91;28.51;28.59;28.78;28.76;29.38;29.67;29.74;28.72;28.88;29.63;29.42;29.23,HALAL,"Business activity permissible — debt ratio not verified, cross-check Musaffa/Zoya",
HQY,SOFTWARE,COMPUTER SFTWR-HEALTHCARE,61,95.13999938964844,0.22272204568576903,79.40;81.13;81.64;82.47;82.51;83.57;84.67;81.08;84.20;79.91;83.67;86.04;84.30;77.75;83.52;81.48;82.40;82.63;83.99;81.65;82.18;82.17;84.65;86.43;87.25;90.52;90.64;85.21;88.67;89.23;88.96;86.97;86.33;84.61;85.00;88.46;90.32;95.31;96.98;94.81;95.66;95.07;97.67;97.77;94.33;99.05;104.13;100.61;104.97;103.44;106.79;105.50;104.73;102.79;104.27;105.40;104.42;96.37;97.00;98.78;93.36;94.55;96.04;96.00;95.14,HALAL,"Business activity permissible — debt ratio not verified, cross-check Musaffa/Zoya",
PRGS,SOFTWARE,COMPUTER SFTWR-HEALTHCARE,62,40.11000061035156,0.16938779890739508,33.62;31.82;31.28;27.33;27.67;25.65;25.76;29.02;27.42;27.73;29.57;30.93;30.07;27.46;27.40;27.26;28.95;29.06;29.37;28.37;26.37;27.81;28.99;28.92;29.49;30.54;35.32;31.96;31.36;31.42;31.59;31.01;30.08;27.66;29.96;33.15;33.58;38.42;39.21;38.50;38.23;38.93;40.55;39.46;36.92;38.66;42.71;40.59;41.85;41.81;43.29;43.58;43.73;43.22;43.21;43.42;43.53;44.76;45.22;44.61;42.18;40.61;43.13;41.85;40.11,HALAL,"Business activity permissible — debt ratio not verified, cross-check Musaffa/Zoya",
CRWD,SOFTWARE,COMPUTER SFTWR-SECURITY,96,237.64999389648438,1.151749690372097,108.30;107.04;103.33;96.46;92.39;97.60;99.78;105.81;98.67;100.56;102.79;105.99;112.40;111.35;113.65;113.10;113.91;119.13;126.43;135.57;140.64;148.52;154.22;162.06;167.89;167.75;195.54;186.90;167.76;161.23;172.88;173.23;170.74;168.86;168.26;175.27;190.79;193.98;194.62;198.40;187.91;206.77;203.08;191.15;183.42;180.11;179.38;190.86;211.22;207.39;225.16;221.78;216.95;212.92;190.34;190.68;189.18;218.40;215.07;214.97;210.02;208.86;235.38;241.36;237.65,HALAL,"Business activity permissible — debt ratio not verified, cross-check Musaffa/Zoya",
PANW,SOFTWARE,COMPUTER SFTWR-SECURITY,95,363.5799865722656,1.1768649100209276,169.19;169.74;164.05;153.22;147.02;160.32;163.21;169.87;166.99;162.51;164.11;167.85;174.96;173.21;182.90;181.54;181.08;183.98;196.53;213.66;227.79;242.83;240.13;252.92;256.75;257.77;300.48;280.43;272.05;260.52;279.53;284.54;282.13;286.40;285.26;304.20;341.02;348.06;337.04;338.31;330.30;354.02;358.68;342.15;325.63;317.32;314.15;331.83;366.34;359.49;385.04;387.01;384.27;374.14;349.56;350.90;339.31;371.59;362.09;331.94;336.98;338.49;373.94;375.65;363.58,HALAL,"Business activity permissible — debt ratio not verified, cross-check Musaffa/Zoya",
ZS,SOFTWARE,COMPUTER SFTWR-SECURITY,72,197.30999755859375,0.2832336407882847,156.00;155.40;151.80;139.44;133.16;140.29;138.56;142.09;122.23;122.62;131.01;134.68;139.61;132.97;134.11;134.73;139.81;141.36;152.79;148.87;152.43;161.05;175.25;171.01;184.60;130.04;155.71;134.37;130.78;125.84;126.11;130.42;124.38;124.06;127.27;132.26;141.15;147.33;149.50;147.12;141.82;148.19;149.94;148.72;139.70;147.30;153.77;151.20;163.22;162.60;176.68;177.32;183.60;185.70;174.95;176.06;170.31;184.23;178.37;177.80;161.94;163.48;191.73;191.58;197.31,HALAL,"Business activity permissible — debt ratio not verified, cross-check Musaffa/Zoya",
FTNT,SOFTWARE,COMPUTER SFTWR-SECURITY,96,169.83999633789062,1.0354744890756291,83.16;83.12;82.77;78.89;78.20;81.72;82.53;83.72;80.66;78.74;79.64;81.84;85.26;82.76;85.67;86.11;86.29;89.92;107.97;115.44;117.69;122.78;127.64;129.46;133.96;129.70;147.14;146.48;144.68;138.39;145.06;149.49;144.14;145.39;145.28;151.35;153.62;156.25;158.67;163.73;160.62;164.51;161.61;158.10;151.54;152.38;153.22;161.95;168.29;160.11;164.21;160.84;160.01;158.01;150.79;151.99;157.54;166.00;161.85;156.36;157.47;158.85;170.18;171.77;169.84,HALAL,"Business activity permissible — debt ratio not verified, cross-check Musaffa/Zoya",
S,SOFTWARE,COMPUTER SFTWR-SECURITY,91,22.510000228881836,0.550275448982235,14.49;14.56;14.38;13.36;12.58;12.88;13.33;13.38;12.77;12.79;13.26;14.02;14.46;13.92;14.63;14.70;14.90;15.86;15.92;16.33;16.08;16.86;17.66;18.11;18.56;18.02;17.81;16.30;15.95;15.24;14.76;15.19;14.80;14.74;15.12;15.91;16.97;17.51;18.16;18.86;18.55;19.58;19.57;18.81;17.38;18.14;18.52;19.06;20.98;20.76;22.23;22.30;23.11;22.49;20.94;20.82;20.51;21.54;20.63;19.80;19.43;19.81;22.61;23.17;22.51,HALAL,"Business activity permissible — debt ratio not verified, cross-check Musaffa/Zoya",
OKTA,SOFTWARE,COMPUTER SFTWR-SECURITY,97,182.3699951171875,1.3038148898479713,78.53;80.76;81.10;78.12;73.23;78.71;80.19;79.34;67.76;65.46;67.35;72.25;77.64;76.04;76.14;76.16;75.78;77.75;80.88;81.69;78.20;82.77;85.70;89.44;93.81;94.72;139.79;124.65;118.72;119.96;117.50;118.12;113.03;115.94;118.58;124.28;136.45;141.42;148.47;148.84;139.53;150.86;149.35;141.71;136.10;137.43;136.91;141.93;147.82;143.51;150.77;147.30;147.43;143.92;134.16;130.97;134.42;166.23;166.43;170.42;167.60;171.11;186.45;188.12;182.37,HALAL,"Business activity permissible — debt ratio not verified, cross-check Musaffa/Zoya",
RPD,SOFTWARE,COMPUTER SFTWR-SECURITY,84,11.970000267028809,0.7551319597859882,6.18;6.31;6.33;5.60;5.27;5.51;5.37;5.85;5.05;5.24;5.76;5.68;6.34;5.78;5.98;5.85;6.35;6.68;6.71;6.37;6.18;6.50;6.96;7.08;7.19;7.44;8.74;7.66;7.51;7.10;7.13;7.17;6.77;6.34;7.08;7.61;8.10;9.29;11.20;11.41;11.92;12.25;12.20;10.61;9.56;9.62;9.39;9.65;10.78;10.38;11.61;12.27;13.00;12.59;11.85;12.19;11.79;13.29;12.01;11.47;10.46;10.50;12.79;12.46;11.97,HALAL,"Business activity permissible — debt ratio not verified, cross-check Musaffa/Zoya",
QLYS,SOFTWARE,COMPUTER SFTWR-SECURITY,91,174.9600067138672,0.7546886803764181,95.08;96.59;97.34;89.90;85.63;87.85;88.36;88.24;76.68;81.40;85.17;83.17;86.28;84.04;85.16;89.60;88.53;92.14;94.97;91.53;86.50;90.02;100.09;100.85;102.31;100.37;114.02;111.61;109.90;109.71;110.83;114.65;112.18;108.51;115.34;123.27;137.49;148.12;157.55;159.39;151.54;159.32;159.43;143.78;133.74;134.79;135.13;144.75;161.06;181.78;185.80;187.15;186.05;187.98;182.21;178.46;176.67;187.05;177.01;174.35;170.32;161.57;172.91;183.06;174.96,HALAL,"Business activity permissible — debt ratio not verified, cross-check Musaffa/Zoya",
TENB,SOFTWARE,COMPUTER SFTWR-SECURITY,89,35.43000030517578,0.7461803206752071,20.24;20.19;20.27;18.11;16.54;16.92;17.58;18.20;16.41;17.41;18.93;19.35;20.11;19.48;20.47;21.47;21.23;21.02;21.54;21.31;20.58;21.49;25.25;25.17;25.82;25.95;29.32;29.69;27.85;26.69;26.87;27.72;26.88;26.34;27.92;30.22;36.88;38.60;40.62;41.37;39.20;40.19;39.88;34.09;31.62;32.44;31.48;32.64;35.94;36.17;36.70;37.00;38.33;36.34;34.11;33.94;33.66;37.67;35.47;34.49;33.70;32.03;35.08;36.37;35.43,HALAL,"Business activity permissible — debt ratio not verified, cross-check Musaffa/Zoya",
CYBR,SOFTWARE,COMPUTER SFTWR-SECURITY,,,,,HALAL,"Business activity permissible — debt ratio not verified, cross-check Musaffa/Zoya",
VRNS,SOFTWARE,COMPUTER SFTWR-SECURITY,90,47.560001373291016,0.9266762164167359,24.29;24.02;23.72;21.39;21.21;21.47;22.53;23.29;21.53;21.97;23.14;24.22;24.59;23.92;25.05;27.29;26.50;27.41;28.68;28.00;27.01;28.18;29.77;30.66;31.05;31.81;36.11;33.51;32.69;32.48;33.46;33.89;33.08;32.71;37.29;40.30;41.96;42.86;45.84;45.81;45.38;47.33;47.54;46.18;44.78;46.67;40.65;39.95;43.32;42.44;42.44;41.93;44.99;43.72;40.85;41.05;41.40;43.92;42.35;46.51;45.46;45.50;47.48;46.76;47.56,HALAL,"Business activity permissible — debt ratio not verified, cross-check Musaffa/Zoya",
RBRK,SOFTWARE,COMPUTER SFTWR-SECURITY,92,106.70999908447266,0.9971925598910323,52.06;50.92;51.18;47.18;45.73;48.97;51.44;52.78;46.18;48.61;51.36;52.34;54.02;51.03;53.26;53.68;55.07;57.13;61.49;62.17;59.48;63.77;64.33;64.79;68.31;70.32;85.07;79.46;73.41;71.74;71.45;69.79;69.24;70.53;74.52;72.33;80.28;83.64;87.04;88.75;83.84;80.38;78.97;75.80;72.63;74.82;71.91;72.36;80.99;84.60;97.91;96.73;102.23;100.55;97.52;98.04;96.13;93.05;88.40;92.14;91.63;88.91;100.20;104.98;106.71,HALAL,"Business activity permissible — debt ratio not verified, cross-check Musaffa/Zoya",
NET,SOFTWARE,COMPUTER SFTWR-SECURITY,92,323.6000061035156,0.5231819757679366,211.52;221.36;220.65;218.00;203.02;206.34;211.69;216.29;193.05;184.02;190.13;200.99;207.67;205.00;212.36;211.97;217.50;244.43;256.79;193.52;192.62;197.56;206.73;212.65;217.54;228.11;270.82;265.33;250.11;236.13;227.44;235.71;226.87;218.38;223.48;237.24;245.28;242.41;268.83;275.80;269.53;273.04;277.66;272.31;262.32;265.61;270.38;278.98;301.33;284.43;310.59;311.45;315.78;301.36;278.91;280.35;284.89;299.84;285.51;284.51;284.30;311.17;330.36;324.65;323.60,HALAL,"Business activity permissible — debt ratio not verified, cross-check Musaffa/Zoya",
DDOG,SOFTWARE,COMPUTER SFTWR-SECURITY,90,229.9199981689453,0.8464504044921033,128.87;129.94;129.23;123.29;114.48;118.05;120.36;116.54;108.98;110.08;121.06;126.61;129.29;127.86;132.66;133.98;140.53;145.73;188.73;202.32;205.31;207.98;215.15;218.04;223.65;225.24;277.49;250.33;234.11;227.34;234.24;233.09;226.63;221.37;222.65;239.77;260.36;260.36;256.81;269.00;260.24;264.46;258.69;254.79;244.39;251.86;264.20;267.97;288.15;229.29;260.78;240.91;255.46;246.00;232.55;225.77;227.67;236.98;223.84;214.76;210.23;221.72;230.05;230.79;229.92,HALAL,"Business activity permissible — debt ratio not verified, cross-check Musaffa/Zoya",
ADBE,SOFTWARE,COMPUTER SFTWR-SPECIALTY,34,248.9199981689453,-0.0016044005435683628,254.20;245.99;247.64;237.25;234.84;243.08;242.92;240.14;229.94;240.11;244.66;244.45;247.18;238.98;239.31;243.57;250.71;255.62;256.51;246.15;236.07;247.60;254.99;244.10;240.49;241.44;274.03;256.24;251.44;237.88;218.80;206.36;196.28;194.90;196.57;202.73;205.02;219.72;221.54;222.65;230.61;224.56;237.25;227.16;212.17;237.75;263.43;250.41;257.49;260.24;272.96;258.75;264.02;263.14;272.22;276.27;273.47;291.52;286.08;285.75;257.26;248.83;265.60;250.50;248.92,HALAL,"Business activity permissible — debt ratio not verified, cross-check Musaffa/Zoya",
INTU,SOFTWARE,COMPUTER SFTWR-SPECIALTY,8,303.19000244140625,-0.30567745985323314,455.85;451.84;453.60;423.67;413.33;429.15;419.32;407.17;360.09;367.81;388.00;391.52;403.06;381.61;388.20;393.34;397.28;396.56;404.99;391.56;370.07;391.27;397.95;305.72;303.01;311.62;352.20;310.07;295.45;292.48;275.69;280.53;267.89;256.63;261.08;266.54;259.85;274.14;279.93;273.38;289.76;279.70;291.09;289.92;281.53;303.91;333.13;316.07;323.60;321.91;334.43;334.71;345.66;350.41;361.87;369.92;345.88;358.06;344.93;344.30;318.93;312.77;339.15;318.13;303.19,HALAL,"Business activity permissible — debt ratio not verified, cross-check Musaffa/Zoya",
VEEV,SOFTWARE,COMPUTER SFTWR-SPECIALTY,86,260.2099914550781,0.45466225599415844,186.70;185.59;185.23;178.11;172.59;175.66;173.98;172.52;157.08;158.45;167.30;167.95;167.79;156.15;160.45;158.22;171.60;171.19;168.25;159.33;155.73;158.86;163.31;158.27;158.54;164.38;188.66;178.72;172.61;167.68;161.55;162.17;154.85;153.16;161.35;171.36;177.47;192.74;192.30;189.70;196.81;193.67;195.38;189.24;179.58;194.46;207.91;203.78;211.86;217.80;234.69;241.51;243.75;242.75;250.53;248.46;244.91;276.69;279.23;284.38;264.84;260.98;265.67;264.90;260.21,HALAL,"Business activity permissible — debt ratio not verified, cross-check Musaffa/Zoya",
TYL,SOFTWARE,COMPUTER SFTWR-SPECIALTY,24,337.5,-0.03513539050485348,348.45;350.07;349.09;331.47;334.03;342.38;338.03;333.70;323.68;320.85;337.61;342.61;341.46;335.74;337.58;356.01;335.50;327.82;331.08;312.27;298.59;311.89;322.74;308.74;307.39;306.04;329.83;303.77;312.07;308.92;295.48;289.84;287.71;275.27;286.03;294.40;292.46;318.10;321.45;311.01;314.22;303.52;319.51;299.74;288.16;315.88;333.50;309.60;313.33;306.33;318.63;317.64;328.64;332.21;348.14;355.79;352.65;377.94;376.43;379.27;347.82;335.48;359.54;346.44;337.50,HALAL,"Business activity permissible — debt ratio not verified, cross-check Musaffa/Zoya",
GWRE,SOFTWARE,COMPUTER SFTWR-SPECIALTY,26,144.2899932861328,-0.10138888519332112,163.11;156.03;156.81;149.44;144.68;149.56;150.79;146.08;124.30;124.18;136.57;140.36;141.04;131.25;136.62;139.23;141.26;140.02;139.58;134.32;125.60;130.14;140.01;135.71;137.36;142.13;171.42;155.01;136.06;124.51;118.52;120.03;111.17;102.69;110.33;121.48;123.05;134.47;137.06;135.05;140.31;140.54;150.02;142.53;131.38;149.28;167.26;151.94;160.31;160.03;172.94;173.08;175.59;177.76;181.79;191.89;191.07;205.85;201.09;202.86;149.71;140.09;153.00;146.73;144.29,HALAL,"Business activity permissible — debt ratio not verified, cross-check Musaffa/Zoya",
ALRM,SOFTWARE,COMPUTER SFTWR-SPECIALTY,59,53.959999084472656,0.15806411998755587,46.15;46.31;45.00;42.87;42.49;43.19;43.67;44.43;43.54;43.41;45.80;46.51;46.04;43.46;44.86;44.44;47.13;46.63;47.00;43.72;42.34;42.52;43.47;43.72;43.88;44.10;45.77;44.99;45.37;45.38;46.41;45.47;45.23;43.70;44.47;46.34;46.72;49.69;50.84;51.69;52.24;52.25;53.20;52.20;50.50;53.62;55.69;54.75;55.87;56.29;56.45;55.46;55.57;55.57;57.06;57.58;56.71;57.47;55.61;56.73;56.01;55.17;55.39;55.48;53.96,HALAL,"Business activity permissible — debt ratio not verified, cross-check Musaffa/Zoya",
NICE,SOFTWARE,COMPUTER SFTWR-SPECIALTY,42,104.97000122070312,-0.10580116052066801,118.87;119.40;117.01;109.51;108.35;110.26;113.20;111.78;104.46;102.82;102.00;105.25;106.26;98.73;100.96;101.87;112.90;125.01;95.64;91.39;86.38;89.76;94.76;95.35;94.16;90.64;99.45;94.91;93.14;88.62;88.08;86.54;83.15;84.07;87.41;91.99;90.85;96.74;98.63;97.86;103.48;101.53;100.15;94.13;86.82;95.01;105.02;98.79;103.29;97.11;102.57;98.56;102.26;99.56;100.37;100.25;101.10;108.84;106.59;108.31;101.47;98.04;106.69;105.43;104.97,HALAL,"Business activity permissible — debt ratio not verified, cross-check Musaffa/Zoya",
EVBG,SOFTWARE,COMPUTER SFTWR-SPECIALTY,,,,,HALAL,"Business activity permissible — debt ratio not verified, cross-check Musaffa/Zoya",
BL,SOFTWARE,COMPUTER SFTWR-SPECIALTY,8,28.139999389648438,-0.23698485426625981,38.19;38.52;40.02;37.07;36.05;37.00;36.29;35.28;32.04;31.37;32.57;31.51;31.56;29.39;30.63;31.16;33.91;32.34;31.17;27.50;25.23;27.25;30.03;28.94;28.87;27.11;31.32;28.81;28.66;28.34;27.93;28.49;26.80;25.88;27.03;28.34;28.07;29.88;29.02;29.04;30.09;29.45;30.29;29.36;27.44;30.66;32.43;31.40;33.12;30.00;29.29;28.42;30.53;30.23;31.92;31.98;31.32;32.98;32.21;33.23;30.14;28.75;30.29;28.16;28.14,HALAL,"Business activity permissible — debt ratio not verified, cross-check Musaffa/Zoya",
MIME,SOFTWARE,COMPUTER SFTWR-SPECIALTY,,,,,HALAL,"Business activity permissible — debt ratio not verified, cross-check Musaffa/Zoya",
CSCO,TELECOM,TELECOM-CABLE/SATELLITE EQUIP,80,109.51000213623047,0.410893600005819,78.55;77.80;78.10;81.09;79.19;76.88;78.73;80.38;82.86;82.04;82.05;85.93;89.37;88.26;87.93;89.24;91.51;93.95;91.82;98.35;101.49;117.77;114.95;117.76;117.89;118.20;120.88;126.03;121.19;119.91;121.38;119.72;116.89;121.08;119.28;113.35;117.02;112.27;111.79;118.31;119.25;111.77;111.94;112.18;112.76;114.57;112.48;115.99;121.74;120.88;122.57;123.88;111.68;111.61;109.59;110.23;112.36;109.93;109.74;108.61;109.17;107.44;110.06;107.74;109.51,HALAL,"Business activity permissible — debt ratio not verified, cross-check Musaffa/Zoya",
ANET,TELECOM,TELECOM-CABLE/SATELLITE EQUIP,88,199.38999938964844,0.49277523737542905,133.07;136.26;135.88;135.01;120.77;122.78;126.68;133.64;146.05;152.02;154.33;164.23;172.86;172.55;172.47;168.68;172.70;170.22;141.75;136.43;140.69;141.97;141.58;148.59;158.01;155.27;170.68;174.37;154.27;152.16;156.40;169.09;164.93;174.56;161.74;157.60;169.88;159.99;166.46;184.69;181.15;171.92;168.61;174.58;176.61;170.76;157.97;180.35;190.51;192.32;191.52;210.50;198.82;193.18;183.75;188.15;202.25;195.38;189.26;191.44;194.96;188.99;187.81;197.54;199.39,HALAL,"Business activity permissible — debt ratio not verified, cross-check Musaffa/Zoya",
JNPR,TELECOM,TELECOM-CABLE/SATELLITE EQUIP,,,,,HALAL,"Business activity permissible — debt ratio not verified, cross-check Musaffa/Zoya",
NTGR,TELECOM,TELECOM-CABLE/SATELLITE EQUIP,18,21.709999084472656,0.006490467854852522,21.66;21.35;22.06;22.39;21.57;21.84;23.38;24.20;23.31;23.60;24.81;27.51;26.74;25.32;25.45;25.89;25.25;25.62;25.89;26.42;25.68;24.75;24.52;24.88;26.09;25.71;26.71;26.19;24.09;24.15;24.33;24.53;22.77;23.49;23.21;22.84;23.35;21.50;21.45;22.94;22.86;22.35;22.43;24.24;25.05;25.36;22.79;24.16;24.56;24.30;23.08;24.20;24.15;22.12;21.10;20.72;21.66;21.09;20.87;21.09;21.13;20.98;21.43;22.72;21.71,HALAL,"Business activity permissible — debt ratio not verified, cross-check Musaffa/Zoya",
CMTL,TELECOM,TELECOM-CABLE/SATELLITE EQUIP,2,1.5,-0.6788008617784902,3.66;3.74;3.64;3.62;3.10;3.32;3.55;3.73;3.78;3.77;3.75;4.11;4.02;3.89;3.80;3.50;3.68;3.71;3.74;3.76;3.73;3.76;3.70;4.21;4.98;5.75;5.72;5.64;4.72;4.18;4.59;2.76;2.56;2.42;2.35;2.07;2.10;1.93;1.87;1.87;1.90;1.75;1.62;1.73;1.76;1.82;1.66;1.68;1.69;1.72;1.72;1.74;1.76;1.75;1.74;1.77;1.76;1.70;1.57;1.53;1.57;1.46;1.50;1.49;1.50,HALAL,"Business activity permissible — debt ratio not verified, cross-check Musaffa/Zoya",
MSI,TELECOM,TELECOM-CONSUMER PRODUCTS,59,458.6700134277344,-0.022546016209932462,465.25;455.40;454.10;448.50;435.88;431.56;436.52;439.99;440.04;437.46;437.76;439.50;443.00;440.71;429.20;426.84;433.48;435.56;430.79;389.99;395.68;391.09;396.51;398.01;408.20;409.25;409.29;406.12;408.06;411.77;408.07;409.43;399.67;391.22;399.57;401.85;414.22;421.57;423.12;416.13;416.98;406.13;412.24;405.23;405.97;422.71;433.08;434.63;441.71;472.85;460.79;468.53;465.31;468.29;472.41;480.28;486.02;484.75;489.97;471.01;461.79;462.68;472.91;460.53;458.67,HALAL,"Business activity permissible — debt ratio not verified, cross-check Musaffa/Zoya",
VOXX,TELECOM,TELECOM-CONSUMER PRODUCTS,,,,,HALAL,"Business activity permissible — debt ratio not verified, cross-check Musaffa/Zoya",
TESS,TELECOM,TELECOM-CONSUMER PRODUCTS,,,,,HALAL,"Business activity permissible — debt ratio not verified, cross-check Musaffa/Zoya",
GPRO,TELECOM,TELECOM-CONSUMER PRODUCTS,87,1.309999942779541,0.8093922433608327,0.70;0.68;0.67;0.68;0.64;0.77;0.77;0.74;0.74;0.94;1.12;1.28;1.40;1.29;1.38;1.49;1.73;1.46;1.39;1.32;1.10;1.11;1.00;0.99;1.20;1.22;1.10;1.04;0.90;0.86;0.78;0.75;0.80;0.74;0.71;0.75;0.78;0.72;0.70;0.76;0.71;0.70;0.66;0.72;0.69;0.69;0.69;0.75;0.77;0.73;0.70;0.57;0.60;0.59;0.62;0.60;0.60;0.60;1.23;1.39;1.46;1.40;1.35;1.27;1.31,HALAL,"Business activity permissible — debt ratio not verified, cross-check Musaffa/Zoya",
LITE,TELECOM,TELECOM-FIBER OPTICS,99,930.9099731445312,0.4954377078627008,649.56;772.13;728.95;777.17;702.73;702.76;826.88;815.75;894.13;871.18;824.01;894.07;836.92;846.89;859.68;858.32;949.93;994.56;892.58;1053.09;1030.37;970.70;890.09;964.50;910.81;860.62;905.00;938.00;863.66;821.76;889.59;957.24;869.98;893.93;842.53;816.98;858.06;728.32;698.91;785.77;768.15;752.00;732.82;837.56;833.64;711.96;602.35;713.94;849.47;838.06;813.51;932.47;926.14;873.31;879.28;830.17;939.03;895.00;868.95;847.37;978.53;935.70;835.03;919.40;930.91,HALAL,"Business activity permissible — debt ratio not verified, cross-check Musaffa/Zoya",
VIAV,TELECOM,TELECOM-FIBER OPTICS,93,35.36000061035156,0.17984656057684023,30.84;34.25;33.61;37.27;34.64;33.28;36.89;38.54;42.74;41.48;39.26;44.14;44.26;46.15;44.92;45.53;55.33;53.97;51.05;54.93;53.63;51.43;49.28;48.98;53.79;48.49;47.49;52.42;47.56;46.43;50.24;54.05;48.73;52.94;49.41;47.63;47.75;41.66;40.22;42.88;40.92;40.12;38.16;43.02;41.80;38.16;32.23;36.95;40.32;40.59;37.20;43.11;43.54;41.37;38.56;36.95;38.78;36.54;34.81;33.63;38.75;37.40;33.82;34.47;35.36,HALAL,"Business activity permissible — debt ratio not verified, cross-check Musaffa/Zoya",
FNSR,TELECOM,TELECOM-FIBER OPTICS,,,,,HALAL,"Business activity permissible — debt ratio not verified, cross-check Musaffa/Zoya",
ACIA,TELECOM,TELECOM-FIBER OPTICS,,,,,HALAL,"Business activity permissible — debt ratio not verified, cross-check Musaffa/Zoya",
AAOI,TELECOM,TELECOM-FIBER OPTICS,98,105.16999816894531,0.08635472390433341,86.33;101.92;95.76;114.41;98.21;84.59;103.91;117.64;133.30;153.19;142.55;159.42;150.57;137.73;145.78;152.83;183.51;180.57;157.55;184.90;223.10;190.36;171.33;176.81;177.62;169.02;185.67;184.07;177.00;162.88;172.78;191.55;167.34;171.23;146.97;135.69;148.16;120.95;114.41;122.21;111.88;109.09;102.41;119.26;112.02;97.82;76.52;94.32;131.63;124.22;132.81;138.08;150.28;131.41;129.10;107.63;113.76;106.23;103.39;100.38;111.55;103.29;95.76;96.74;105.17,HALAL,"Business activity permissible — debt ratio not verified, cross-check Musaffa/Zoya",
OCC,TELECOM,TELECOM-FIBER OPTICS,92,14.819999694824219,1.0027026356529207,6.68;7.81;8.26;10.12;9.14;8.25;9.11;9.75;9.57;11.57;10.58;11.25;10.97;12.88;10.60;9.12;11.00;9.93;10.01;11.36;11.50;11.78;10.28;10.84;13.62;14.38;13.64;14.02;12.30;21.01;23.40;20.72;21.73;22.24;18.82;18.37;20.97;16.00;15.02;16.41;14.87;16.41;14.73;17.15;15.77;14.78;12.80;14.86;16.12;15.63;15.37;16.89;17.80;16.20;14.12;13.18;13.13;13.55;13.13;13.11;13.70;14.28;13.20;13.75;14.82,HALAL,"Business activity permissible — debt ratio not verified, cross-check Musaffa/Zoya",
CLFD,TELECOM,TELECOM-FIBER OPTICS,22,30.15999984741211,0.06010541436259631,29.09;28.36;29.17;29.56;27.66;26.47;26.61;26.00;26.99;27.71;27.82;29.98;32.34;30.37;29.27;27.91;29.43;29.81;37.49;46.73;42.51;43.50;41.67;42.78;47.04;46.70;48.24;45.13;40.04;39.37;39.99;40.09;38.88;40.01;36.96;38.63;39.79;33.97;32.49;33.77;32.74;32.12;30.64;32.02;30.50;32.12;29.51;30.26;33.74;26.66;28.79;29.09;28.79;28.15;27.54;27.23;29.88;29.53;28.25;28.32;28.90;28.28;28.73;30.09;30.16,HALAL,"Business activity permissible — debt ratio not verified, cross-check Musaffa/Zoya",
AMT,TELECOM,TELECOM-INFRASTRUCTURE,30,173.97999572753906,-0.038036604537006635,181.51;179.24;173.10;164.05;166.26;169.26;170.38;170.73;176.47;177.46;175.32;180.64;173.11;177.32;173.64;176.51;179.89;176.44;178.07;175.79;172.23;169.02;181.27;182.04;183.20;184.91;185.76;180.52;192.28;189.03;187.52;185.76;181.09;176.43;174.46;175.59;163.57;166.03;165.25;165.00;169.50;168.63;170.06;163.39;164.65;166.74;179.26;173.36;175.25;171.20;169.11;170.43;175.58;172.33;175.72;178.39;175.73;176.23;176.02;177.75;175.73;172.98;176.94;176.39;173.98,HALAL,"Business activity permissible — debt ratio not verified, cross-check Musaffa/Zoya",
CCI,TELECOM,TELECOM-INFRASTRUCTURE,15,73.05999755859375,-0.14270904486128733,85.67;82.88;79.24;74.98;76.57;79.22;82.60;82.73;84.35;84.84;83.43;86.43;82.74;85.27;81.30;83.66;86.97;86.81;88.73;88.34;87.32;84.43;89.97;89.67;88.31;88.75;88.69;86.34;92.06;90.19;89.67;87.47;84.54;81.93;80.96;81.44;74.64;75.50;76.11;75.58;78.70;78.33;78.04;75.11;73.50;73.07;77.96;75.21;76.55;73.85;72.56;72.91;74.89;72.97;74.31;75.31;74.46;75.05;74.75;76.15;74.88;72.81;73.11;73.22;73.06,HALAL,"Business activity permissible — debt ratio not verified, cross-check Musaffa/Zoya",
SBAC,TELECOM,TELECOM-INFRASTRUCTURE,27,178.58999633789062,-0.03792297234547459,184.75;179.94;169.78;163.03;164.92;169.90;201.42;203.22;215.66;217.42;211.45;220.28;210.37;216.79;212.24;213.20;215.78;214.59;215.82;214.48;205.00;197.06;204.85;205.40;200.35;203.22;202.65;195.23;206.59;203.38;202.25;194.48;190.26;186.30;184.19;182.50;175.25;183.30;181.97;181.23;185.82;185.81;184.42;175.61;173.65;171.43;185.01;179.74;186.61;181.35;179.81;181.83;183.93;180.16;180.54;185.07;185.98;190.95;188.81;191.52;188.69;181.42;183.07;180.02;178.59,HALAL,"Business activity permissible — debt ratio not verified, cross-check Musaffa/Zoya",
UNIT,TELECOM,TELECOM-INFRASTRUCTURE,65,9.449999809265137,0.2240932728096019,8.10;7.92;7.77;7.87;7.88;9.38;10.33;10.39;10.67;10.88;11.05;11.63;11.72;11.75;11.80;11.21;11.77;11.50;11.12;11.37;11.30;11.05;10.67;11.12;11.27;11.43;11.13;11.23;11.68;11.41;12.52;12.61;11.69;11.20;11.32;11.07;11.47;10.75;10.77;11.11;11.04;11.19;11.04;11.07;11.02;10.77;10.37;9.72;10.05;9.61;9.39;9.51;10.01;9.91;10.06;9.85;10.16;10.02;9.75;10.17;10.25;9.87;9.72;9.54;9.45,HALAL,"Business activity permissible — debt ratio not verified, cross-check Musaffa/Zoya",
DY,TELECOM,TELECOM-INFRASTRUCTURE,13,291.79998779296875,-0.15963488592448272,361.43;355.60;349.74;353.52;341.96;338.82;348.15;356.79;391.62;396.95;395.00;399.45;404.81;414.35;416.01;390.31;433.60;457.14;426.36;430.95;444.81;437.37;413.35;414.43;420.47;535.20;493.89;484.11;466.28;453.79;464.57;471.30;461.38;468.01;483.48;488.25;505.59;437.76;413.15;427.21;410.11;428.77;407.11;423.23;440.39;424.21;371.92;401.07;415.08;399.57;400.79;410.17;419.07;414.70;400.23;380.95;310.91;294.34;287.30;295.56;302.91;295.93;286.83;287.38;291.80,HALAL,"Business activity permissible — debt ratio not verified, cross-check Musaffa/Zoya",
MTZ,TELECOM,TELECOM-INFRASTRUCTURE,12,214.3800048828125,-0.2607586038523707,304.67;312.72;310.63;323.55;316.01;321.74;336.25;338.19;357.37;365.55;365.07;370.89;371.41;382.88;385.89;370.55;417.41;437.51;412.27;421.37;423.79;414.90;385.00;388.77;390.75;383.33;362.09;369.66;363.89;353.08;358.50;371.85;374.91;406.32;393.14;396.25;416.06;373.43;358.85;384.72;360.21;357.71;329.59;351.40;358.86;336.79;287.42;263.10;271.71;258.63;268.28;281.11;297.59;280.13;271.86;255.36;248.73;241.00;237.74;232.28;246.18;232.20;227.70;225.62;214.38,HALAL,"Business activity permissible — debt ratio not verified, cross-check Musaffa/Zoya",
VIAV,TELECOM,TELECOM-INFRASTRUCTURE,93,35.36000061035156,0.17984656057684023,30.84;34.25;33.61;37.27;34.64;33.28;36.89;38.54;42.74;41.48;39.26;44.14;44.26;46.15;44.92;45.53;55.33;53.97;51.05;54.93;53.63;51.43;49.28;48.98;53.79;48.49;47.49;52.42;47.56;46.43;50.24;54.05;48.73;52.94;49.41;47.63;47.75;41.66;40.22;42.88;40.92;40.12;38.16;43.02;41.80;38.16;32.23;36.95;40.32;40.59;37.20;43.11;43.54;41.37;38.56;36.95;38.78;36.54;34.81;33.63;38.75;37.40;33.82;34.47;35.36,HALAL,"Business activity permissible — debt ratio not verified, cross-check Musaffa/Zoya",
VSAT,TELECOM,TELECOM-INFRASTRUCTURE,96,76.37999725341797,0.6553965813565639,50.18;52.12;49.16;49.96;46.58;45.80;53.69;53.88;55.39;56.55;59.92;62.85;62.53;62.58;58.66;59.28;65.12;65.57;66.33;73.07;70.58;69.50;70.95;70.76;81.40;86.69;72.86;69.62;67.18;63.94;72.71;65.87;64.55;64.23;62.23;61.95;89.81;83.06;76.72;70.39;69.54;70.44;71.48;73.69;74.27;74.87;70.19;76.93;86.16;81.99;84.83;87.23;82.87;76.07;74.03;72.28;71.51;67.37;66.28;71.72;77.75;74.18;71.64;70.95;76.38,HALAL,"Business activity permissible — debt ratio not verified, cross-check Musaffa/Zoya",
GLW,TELECOM,TELECOM-INFRASTRUCTURE,87,150.1300048828125,0.16669170665059996,129.45;132.63;130.52;145.85;136.34;135.51;147.42;148.01;169.22;174.57;167.70;163.82;164.89;168.92;167.44;151.38;157.72;161.55;181.78;206.68;205.81;191.16;175.23;191.24;195.50;182.35;176.37;200.38;177.25;173.61;176.22;187.53;175.07;209.44;205.44;220.63;254.95;196.42;185.03;192.02;182.77;174.08;154.32;162.10;155.77;143.09;123.82;137.99;159.59;156.88;157.46;167.13;165.68;159.60;151.17;145.28;152.49;148.70;145.56;146.00;165.96;163.12;143.60;144.16;150.13,HALAL,"Business activity permissible — debt ratio not verified, cross-check Musaffa/Zoya",
T,TELECOM,TELECOM-SVCS-DOMESTIC,46,25.399999618530273,-0.06170632580396651,27.20;27.09;28.09;28.13;28.42;28.31;27.67;27.38;26.21;25.27;25.12;26.16;25.54;26.26;25.18;25.41;25.77;25.56;24.93;24.54;24.41;23.71;24.65;25.01;24.69;24.55;24.23;23.24;22.45;22.41;22.70;22.98;22.14;21.81;22.07;22.42;20.43;20.31;20.81;20.76;21.55;21.43;21.81;22.26;22.96;24.42;23.94;23.25;23.38;23.71;24.05;24.25;24.89;24.90;25.15;25.69;25.87;26.01;26.00;26.19;25.60;25.55;26.51;25.86;25.40,HALAL,"Business activity permissible — debt ratio not verified, cross-check Musaffa/Zoya",
VZ,TELECOM,TELECOM-SVCS-DOMESTIC,58,48.09000015258789,-0.033759501444167395,48.94;47.93;49.00;48.79;48.73;48.63;47.85;47.10;46.28;44.66;44.28;45.77;45.49;46.43;46.31;45.83;47.30;46.55;46.30;46.44;46.42;45.59;46.94;47.46;47.68;47.21;46.93;45.87;44.61;45.01;46.15;46.28;45.07;44.60;44.91;45.76;41.63;41.85;41.88;41.53;42.68;42.83;43.59;43.78;43.82;47.32;47.22;46.81;46.88;46.99;47.03;46.98;48.48;48.54;49.19;50.15;50.19;50.10;50.30;50.59;50.41;49.97;51.29;49.76;48.09,HALAL,"Business activity permissible — debt ratio not verified, cross-check Musaffa/Zoya",
TMUS,TELECOM,TELECOM-SVCS-DOMESTIC,14,168.17999267578125,-0.21768052834496698,210.98;204.30;206.44;209.01;208.48;207.70;199.16;198.31;195.35;190.29;188.08;195.48;193.22;191.92;180.72;195.97;193.88;192.15;192.04;188.73;188.17;183.16;191.27;188.78;188.99;186.91;185.67;180.41;177.08;178.43;184.75;187.78;180.27;179.03;179.75;181.63;166.77;176.50;183.67;180.44;187.33;186.54;191.33;189.68;169.44;176.19;180.48;171.72;176.19;178.94;177.18;176.11;181.56;181.70;180.18;181.57;178.58;181.37;182.16;188.02;181.69;177.16;182.90;176.26;168.18,HALAL,"Business activity permissible — debt ratio not verified, cross-check Musaffa/Zoya",
LUMN,TELECOM,TELECOM-SVCS-DOMESTIC,25,6.400000095367432,-0.0361445445698767,6.81;6.76;6.77;6.97;6.67;6.95;6.99;6.81;7.48;7.79;8.59;8.57;8.73;9.01;8.94;8.69;9.32;9.23;8.46;8.34;9.40;10.05;9.19;9.44;10.17;10.70;10.60;9.98;8.91;8.47;8.49;8.53;8.10;8.09;8.06;8.08;7.68;6.43;6.44;6.75;6.45;6.45;6.28;6.76;6.53;6.26;6.24;6.38;6.71;5.90;6.64;6.29;6.72;6.13;6.01;5.67;6.09;6.04;6.38;6.91;6.64;6.81;7.03;6.67;6.40,HALAL,"Business activity permissible — debt ratio not verified, cross-check Musaffa/Zoya",
USM,TELECOM,TELECOM-SVCS-DOMESTIC,,,,,HALAL,"Business activity permissible — debt ratio not verified, cross-check Musaffa/Zoya",
FYBR,TELECOM,TELECOM-SVCS-DOMESTIC,,,,,HALAL,"Business activity permissible — debt ratio not verified, cross-check Musaffa/Zoya",
CNSL,TELECOM,TELECOM-SVCS-DOMESTIC,,,,,HALAL,"Business activity permissible — debt ratio not verified, cross-check Musaffa/Zoya",
SHEN,TELECOM,TELECOM-SVCS-DOMESTIC,15,11.569999694824219,-0.2118528982083916,14.85;14.35;14.61;14.77;14.69;15.42;15.10;14.52;15.04;15.24;15.52;16.28;16.91;17.10;16.10;15.09;16.29;16.05;16.23;16.00;15.85;15.91;16.46;16.13;16.11;16.08;16.19;15.79;16.12;16.28;16.14;16.01;14.50;13.85;14.62;15.45;15.08;13.55;12.82;12.66;12.67;12.21;11.38;11.53;11.48;11.52;12.71;11.99;13.40;13.41;13.31;13.03;13.27;12.17;12.32;12.30;12.37;12.46;12.20;12.55;12.19;11.98;11.79;11.59;11.57,HALAL,"Business activity permissible — debt ratio not verified, cross-check Musaffa/Zoya",
QCOM,TELECOM,TELECOM-WIRELESS EQUIPMENT,51,177.72000122070312,0.38150676124806826,130.40;130.09;127.19;129.17;125.96;127.61;125.65;122.94;126.59;130.05;131.84;134.96;134.33;132.73;148.90;154.58;175.40;184.86;200.71;235.37;211.24;199.66;193.84;211.47;246.56;241.08;226.91;247.74;214.77;204.31;201.86;219.61;211.82;220.70;196.34;188.36;183.79;175.30;181.98;190.08;182.98;177.02;170.85;172.56;170.18;169.12;154.84;146.81;161.79;159.52;161.29;162.19;164.89;159.32;159.87;157.67;162.83;163.30;165.71;168.57;174.09;176.88;180.15;184.84;177.72,HALAL,"Business activity permissible — debt ratio not verified, cross-check Musaffa/Zoya",
ERIC,TELECOM,TELECOM-WIRELESS EQUIPMENT,41,10.170000076293945,-0.09793595677543776,11.74;11.41;11.16;11.45;10.98;11.11;11.62;11.51;11.90;12.03;11.87;11.37;11.56;11.32;11.06;11.44;11.76;11.93;11.76;12.49;12.53;12.50;12.78;13.24;13.72;12.74;13.32;13.16;12.56;11.86;12.14;12.22;11.39;11.72;11.16;10.96;11.15;10.79;10.82;11.58;11.72;10.07;9.82;9.59;9.31;9.67;9.79;9.81;10.27;10.16;9.98;10.18;10.27;10.09;10.11;10.16;10.06;9.95;10.06;10.13;10.07;10.01;10.05;10.03;10.17,HALAL,"Business activity permissible — debt ratio not verified, cross-check Musaffa/Zoya",
NOK,TELECOM,TELECOM-WIRELESS EQUIPMENT,89,10.680000305175781,0.29611657789239354,8.55;8.30;8.06;8.41;7.98;8.04;8.82;8.85;9.55;10.37;9.99;10.31;10.40;10.33;10.76;12.46;13.30;13.42;12.35;13.92;14.71;13.95;13.67;14.18;16.46;15.28;16.25;16.73;14.38;13.85;14.09;14.82;13.83;14.43;13.81;13.01;13.28;12.07;11.85;12.90;11.69;11.25;10.12;10.63;9.73;9.28;8.41;9.14;9.92;9.43;9.13;10.32;10.76;10.39;10.15;9.96;10.41;10.21;9.93;9.77;10.65;10.62;9.65;10.14;10.68,HALAL,"Business activity permissible — debt ratio not verified, cross-check Musaffa/Zoya",
UI,TELECOM,TELECOM-WIRELESS EQUIPMENT,37,589.47998046875,-0.2219098577683214,786.19;791.89;806.97;836.57;777.62;787.96;838.42;834.43;904.55;948.23;1003.59;1081.30;1024.41;1034.81;1006.45;968.14;1016.74;1011.91;923.96;736.43;662.81;621.41;582.93;585.33;607.15;594.02;574.49;575.17;566.38;562.84;580.80;573.78;561.88;578.48;549.08;525.45;533.14;524.50;524.94;543.52;539.77;541.63;545.04;535.05;528.48;538.71;522.00;555.59;559.07;566.27;569.52;576.80;571.84;582.16;572.91;552.19;595.80;598.35;586.78;595.96;580.53;536.84;552.91;570.37;589.48,HALAL,"Business activity permissible — debt ratio not verified, cross-check Musaffa/Zoya",
CIEN,TELECOM,TELECOM-WIRELESS EQUIPMENT,91,348.79998779296875,0.03384902111825783,370.05;412.58;407.90;437.70;401.61;388.23;447.76;447.88;487.38;479.90;475.76;507.43;505.93;515.85;506.34;475.39;535.29;544.75;538.76;581.47;577.90;554.46;541.92;587.23;602.39;570.18;569.61;620.37;488.21;439.34;445.22;463.41;436.72;460.33;463.51;479.50;490.56;422.46;418.91;462.34;445.44;418.46;374.41;408.73;407.53;377.27;330.37;377.05;411.13;403.76;387.70;432.05;428.77;405.54;392.48;371.95;404.03;378.44;360.33;317.46;341.29;334.56;319.64;340.50;348.80,HALAL,"Business activity permissible — debt ratio not verified, cross-check Musaffa/Zoya",
INFN,TELECOM,TELECOM-WIRELESS EQUIPMENT,,,,,HALAL,"Business activity permissible — debt ratio not verified, cross-check Musaffa/Zoya",
DZSI,TELECOM,TELECOM-WIRELESS EQUIPMENT,,,,,HALAL,"Business activity permissible — debt ratio not verified, cross-check Musaffa/Zoya",
TMUS,TELECOM,TELECOM-WIRELESS SVCS,14,168.17999267578125,-0.21768052834496698,210.98;204.30;206.44;209.01;208.48;207.70;199.16;198.31;195.35;190.29;188.08;195.48;193.22;191.92;180.72;195.97;193.88;192.15;192.04;188.73;188.17;183.16;191.27;188.78;188.99;186.91;185.67;180.41;177.08;178.43;184.75;187.78;180.27;179.03;179.75;181.63;166.77;176.50;183.67;180.44;187.33;186.54;191.33;189.68;169.44;176.19;180.48;171.72;176.19;178.94;177.18;176.11;181.56;181.70;180.18;181.57;178.58;181.37;182.16;188.02;181.69;177.16;182.90;176.26;168.18,HALAL,"Business activity permissible — debt ratio not verified, cross-check Musaffa/Zoya",
VZ,TELECOM,TELECOM-WIRELESS SVCS,58,48.09000015258789,-0.033759501444167395,48.94;47.93;49.00;48.79;48.73;48.63;47.85;47.10;46.28;44.66;44.28;45.77;45.49;46.43;46.31;45.83;47.30;46.55;46.30;46.44;46.42;45.59;46.94;47.46;47.68;47.21;46.93;45.87;44.61;45.01;46.15;46.28;45.07;44.60;44.91;45.76;41.63;41.85;41.88;41.53;42.68;42.83;43.59;43.78;43.82;47.32;47.22;46.81;46.88;46.99;47.03;46.98;48.48;48.54;49.19;50.15;50.19;50.10;50.30;50.59;50.41;49.97;51.29;49.76;48.09,HALAL,"Business activity permissible — debt ratio not verified, cross-check Musaffa/Zoya",
T,TELECOM,TELECOM-WIRELESS SVCS,46,25.399999618530273,-0.06170632580396651,27.20;27.09;28.09;28.13;28.42;28.31;27.67;27.38;26.21;25.27;25.12;26.16;25.54;26.26;25.18;25.41;25.77;25.56;24.93;24.54;24.41;23.71;24.65;25.01;24.69;24.55;24.23;23.24;22.45;22.41;22.70;22.98;22.14;21.81;22.07;22.42;20.43;20.31;20.81;20.76;21.55;21.43;21.81;22.26;22.96;24.42;23.94;23.25;23.38;23.71;24.05;24.25;24.89;24.90;25.15;25.69;25.87;26.01;26.00;26.19;25.60;25.55;26.51;25.86;25.40,HALAL,"Business activity permissible — debt ratio not verified, cross-check Musaffa/Zoya",
DISH,TELECOM,TELECOM-WIRELESS SVCS,,,,,HALAL,"Business activity permissible — debt ratio not verified, cross-check Musaffa/Zoya",
USM,TELECOM,TELECOM-WIRELESS SVCS,,,,,HALAL,"Business activity permissible — debt ratio not verified, cross-check Musaffa/Zoya",
ATEX,TELECOM,TELECOM-WIRELESS SVCS,98,76.98999786376953,1.0796865724409663,37.76;39.97;38.62;40.57;38.24;38.19;40.39;41.15;37.56;35.95;37.67;42.19;44.14;44.20;47.21;45.44;49.59;50.55;53.21;55.72;55.29;57.06;58.78;60.00;63.73;65.04;65.36;66.92;66.64;64.55;81.44;83.01;79.16;77.02;79.09;89.67;102.94;105.14;100.90;106.86;103.35;105.34;100.35;105.82;100.42;93.76;88.20;93.02;106.35;100.32;92.79;88.80;91.53;90.75;85.31;90.38;94.16;92.33;89.55;87.10;85.44;82.79;77.59;76.22;76.99,HALAL,"Business activity permissible — debt ratio not verified, cross-check Musaffa/Zoya",
UPS,TRANSPORTATION,TRANSPORTATION-AIR FREIGHT,50,99.05999755859375,0.052729932120606726,94.64;93.47;94.54;95.22;91.77;95.23;95.04;94.45;98.39;98.75;100.25;103.03;102.91;104.27;104.78;103.20;104.13;94.93;96.90;96.80;95.30;95.76;95.31;96.71;100.37;105.00;107.31;106.96;106.84;106.18;106.94;107.12;103.48;105.56;104.47;106.44;105.81;108.92;110.20;109.00;111.12;111.17;115.87;114.51;112.31;111.18;102.92;102.58;107.40;101.58;103.08;102.28;102.86;101.93;102.58;102.72;105.65;105.33;102.66;103.50;100.48;99.97;102.46;98.77;99.06,HALAL,"Business activity permissible — debt ratio not verified, cross-check Musaffa/Zoya",
FDX,TRANSPORTATION,TRANSPORTATION-AIR FREIGHT,73,303.6499938964844,0.07975771763378381,283.60;284.76;284.50;285.89;275.06;284.82;289.18;285.47;301.47;297.38;291.81;313.77;315.53;314.01;310.18;310.74;314.80;290.07;300.61;302.99;295.63;300.49;299.84;310.99;319.86;328.98;335.91;321.98;328.47;329.23;335.42;336.16;323.44;327.49;315.59;317.28;311.91;311.78;311.66;309.62;312.51;312.19;311.76;313.96;314.39;309.57;307.40;306.20;312.11;314.63;323.81;325.49;333.33;327.10;324.77;332.74;334.68;329.59;323.61;323.04;312.90;310.58;312.57;301.72;303.65,HALAL,"Business activity permissible — debt ratio not verified, cross-check Musaffa/Zoya",
ATSG,TRANSPORTATION,TRANSPORTATION-AIR FREIGHT,,,,,HALAL,"Business activity permissible — debt ratio not verified, cross-check Musaffa/Zoya",
AAWW,TRANSPORTATION,TRANSPORTATION-AIR FREIGHT,,,,,HALAL,"Business activity permissible — debt ratio not verified, cross-check Musaffa/Zoya",
EXPD,TRANSPORTATION,TRANSPORTATION-AIR FREIGHT,85,190.94000244140625,0.3463624488272925,142.43;146.49;139.82;142.45;140.50;142.50;145.06;143.79;144.09;143.14;143.28;146.54;150.21;148.98;147.34;148.03;146.48;152.30;151.08;154.74;155.00;154.65;156.79;156.38;159.88;158.15;160.03;158.70;160.44;166.34;166.44;163.23;160.61;163.15;160.16;160.73;162.98;167.57;165.74;170.62;175.50;177.70;182.80;178.58;176.18;171.34;170.13;167.89;181.48;178.56;179.00;184.47;186.12;185.95;186.40;187.83;190.18;190.97;187.70;187.13;185.96;189.32;193.61;189.04;190.94,HALAL,"Business activity permissible — debt ratio not verified, cross-check Musaffa/Zoya",
FWRD,TRANSPORTATION,TRANSPORTATION-AIR FREIGHT,15,14.829999923706055,-0.06139242122272992,16.45;15.51;16.00;16.61;16.24;16.71;17.41;17.47;18.87;19.31;19.19;22.18;23.10;22.75;22.85;21.51;21.33;17.03;17.33;10.46;8.74;8.76;8.31;8.35;9.63;10.36;10.46;9.67;10.36;11.63;12.57;13.58;13.56;13.71;13.39;14.87;13.51;13.45;13.10;12.90;12.80;12.62;13.75;16.21;15.48;14.72;14.59;14.05;15.30;17.80;18.77;19.49;18.96;19.18;17.79;17.57;17.63;16.99;16.38;16.31;17.27;16.42;16.69;15.49;14.83,HALAL,"Business activity permissible — debt ratio not verified, cross-check Musaffa/Zoya",
DAL,TRANSPORTATION,TRANSPORTATION-AIRLINE,69,79.62000274658203,0.36148956709563906,64.50;64.68;64.80;67.64;64.50;66.14;66.42;65.29;67.48;66.71;71.62;71.35;69.86;68.02;67.85;65.93;68.63;70.50;72.74;70.84;70.69;70.06;67.59;75.46;79.19;82.29;81.27;78.59;79.22;80.97;81.63;83.86;82.05;85.71;90.43;92.34;93.43;92.52;88.41;89.00;86.19;85.96;84.17;84.63;81.97;86.67;86.25;87.44;92.77;91.98;89.21;89.93;89.35;85.70;81.06;82.48;83.08;80.07;76.38;78.75;78.96;78.24;79.80;77.87;79.62,HALAL,"Business activity permissible — debt ratio not verified, cross-check Musaffa/Zoya",
UAL,TRANSPORTATION,TRANSPORTATION-AIRLINE,48,108.70999908447266,0.2553117898374877,93.19;94.15;93.96;92.95;88.44;92.07;92.21;89.29;97.67;95.20;94.27;101.80;97.13;91.25;91.90;88.62;92.52;93.67;99.70;96.62;95.70;92.85;89.12;99.64;105.92;115.06;111.76;105.14;105.73;109.63;112.61;119.97;115.83;118.68;130.54;136.11;135.99;133.32;128.31;129.05;121.16;120.97;115.41;117.70;115.35;120.57;119.42;121.33;132.62;129.12;123.76;125.12;125.34;118.72;111.71;113.57;114.83;110.60;104.63;108.66;108.24;106.49;108.96;106.30;108.71,HALAL,"Business activity permissible — debt ratio not verified, cross-check Musaffa/Zoya",
AAL,TRANSPORTATION,TRANSPORTATION-AIRLINE,31,12.960000038146973,0.258252407587803,10.86;10.80;10.81;10.74;10.30;10.74;10.84;10.81;11.37;11.23;12.17;12.78;11.77;11.78;11.68;11.31;11.84;12.37;13.18;12.79;12.71;12.31;12.06;13.59;14.85;14.65;14.34;13.57;13.50;14.09;14.65;15.46;15.42;16.08;17.44;17.87;18.07;17.92;17.20;17.06;16.31;15.63;14.98;15.28;13.56;14.95;14.84;15.27;16.56;16.03;15.00;14.93;14.83;14.05;13.52;13.63;13.84;13.64;12.95;12.97;12.91;12.85;13.10;12.70;12.96,HALAL,"Business activity permissible — debt ratio not verified, cross-check Musaffa/Zoya",
LUV,TRANSPORTATION,TRANSPORTATION-AIRLINE,52,40.97999954223633,0.06714143691061003,40.75;40.50;39.99;39.83;37.02;37.23;37.26;37.53;39.85;39.10;41.33;42.32;40.55;37.41;37.86;36.89;38.41;39.35;41.02;39.63;39.06;38.15;37.01;40.41;41.90;42.92;42.38;40.50;41.17;42.78;44.08;45.87;46.44;48.34;50.70;51.67;51.18;50.02;49.20;48.99;47.70;49.02;47.86;48.46;44.50;45.17;44.17;44.76;48.47;46.72;44.69;44.77;44.05;42.29;39.70;40.52;40.48;39.46;37.50;38.73;38.67;38.69;39.52;39.15;40.98,HALAL,"Business activity permissible — debt ratio not verified, cross-check Musaffa/Zoya",
ALK,TRANSPORTATION,TRANSPORTATION-AIRLINE,15,40.540000915527344,0.06684212935598266,38.95;37.93;38.63;39.28;36.16;36.78;37.33;36.93;39.90;39.97;42.54;45.40;41.45;41.16;40.44;38.31;38.55;38.51;40.59;39.06;38.56;36.94;36.21;41.09;43.79;46.59;44.52;41.87;42.82;45.13;46.66;49.08;48.27;48.80;51.56;53.86;52.20;51.09;49.09;50.14;46.80;47.88;45.51;45.46;44.75;47.50;45.84;47.45;52.55;50.69;47.26;47.37;45.96;42.41;40.18;41.56;43.00;42.32;40.69;41.40;40.74;40.11;40.71;39.68;40.54,HALAL,"Business activity permissible — debt ratio not verified, cross-check Musaffa/Zoya",
JBLU,TRANSPORTATION,TRANSPORTATION-AIRLINE,21,4.369999885559082,0.06067961333597838,4.21;4.11;4.20;4.75;4.22;4.42;4.52;4.55;4.93;4.79;5.66;5.87;5.46;5.25;4.94;4.84;4.86;4.84;5.13;4.96;4.70;4.58;4.38;5.01;5.28;5.38;5.15;4.77;4.85;4.92;4.98;5.36;5.13;5.49;5.79;6.00;5.73;6.02;5.72;5.92;5.60;5.59;5.42;5.35;4.99;5.43;5.72;6.03;6.41;6.19;5.64;5.78;5.65;5.04;4.74;4.95;4.99;4.80;4.47;4.61;4.52;4.39;4.36;4.30;4.37,HALAL,"Business activity permissible — debt ratio not verified, cross-check Musaffa/Zoya",
SAVE,TRANSPORTATION,TRANSPORTATION-AIRLINE,,,,,HALAL,"Business activity permissible — debt ratio not verified, cross-check Musaffa/Zoya",
ALGT,TRANSPORTATION,TRANSPORTATION-AIRLINE,33,78.16000366210938,0.04157786125421592,80.00;79.23;82.34;84.89;79.40;81.04;82.84;80.74;86.88;85.24;88.24;91.79;85.57;78.74;79.39;74.51;75.02;75.75;82.18;79.38;75.21;74.90;69.87;81.39;87.20;90.73;89.16;82.98;84.12;86.69;86.04;95.24;95.89;102.18;107.32;116.10;117.60;118.67;111.14;114.65;106.89;107.75;100.90;101.35;94.48;99.14;95.69;98.08;105.09;97.17;89.54;84.44;85.75;81.70;76.41;81.63;82.60;78.94;72.41;75.86;76.06;76.07;78.50;78.64;78.16,HALAL,"Business activity permissible — debt ratio not verified, cross-check Musaffa/Zoya",
HA,TRANSPORTATION,TRANSPORTATION-AIRLINE,,,,,HALAL,"Business activity permissible — debt ratio not verified, cross-check Musaffa/Zoya",
MESA,TRANSPORTATION,TRANSPORTATION-AIRLINE,,,,,HALAL,"Business activity permissible — debt ratio not verified, cross-check Musaffa/Zoya",
SKYW,TRANSPORTATION,TRANSPORTATION-AIRLINE,36,96.375,0.07657510739489659,92.18;89.36;91.19;94.13;89.66;91.83;91.51;92.63;94.87;94.91;96.89;99.30;94.33;92.75;83.53;80.50;83.54;83.22;87.67;86.06;84.92;81.25;78.40;84.75;86.78;86.22;81.90;81.19;84.45;87.78;89.71;91.96;91.72;93.10;96.70;99.31;99.33;96.88;97.82;100.01;97.78;99.48;97.23;95.17;96.24;110.29;109.66;106.97;114.92;113.44;107.67;107.23;107.58;103.11;100.79;101.68;100.93;98.87;93.34;96.24;94.98;95.78;97.08;97.13;96.38,HALAL,"Business activity permissible — debt ratio not verified, cross-check Musaffa/Zoya",
UNP,TRANSPORTATION,TRANSPORTATION-RAIL,68,279.3699951171875,0.16368851437383602,239.95;231.89;236.04;238.97;236.46;240.25;242.32;243.71;248.70;248.89;245.61;248.69;248.80;268.61;266.28;262.19;263.72;261.43;262.30;260.78;262.07;267.92;268.91;262.85;268.45;264.39;262.28;260.92;271.06;270.03;267.04;266.09;256.86;258.71;258.76;267.11;270.74;280.95;281.81;283.72;287.79;287.03;300.36;291.78;302.92;297.92;290.84;290.78;294.98;294.02;290.89;292.37;292.32;297.36;302.57;308.43;309.19;305.99;290.62;289.15;288.45;285.78;285.08;280.92;279.37,HALAL,"Business activity permissible — debt ratio not verified, cross-check Musaffa/Zoya",
CSX,TRANSPORTATION,TRANSPORTATION-RAIL,74,47.099998474121094,0.20543823606453482,40.08;38.27;38.72;39.34;39.44;40.81;40.98;41.18;42.24;42.11;41.86;43.07;43.12;45.91;45.20;44.42;44.83;44.77;44.20;44.48;44.14;45.40;45.81;45.63;46.34;45.55;45.73;46.31;46.86;47.15;47.24;47.26;45.45;46.07;45.93;47.53;47.40;48.76;48.38;49.22;49.50;49.30;50.61;49.75;52.67;51.66;50.60;50.26;50.89;50.56;49.98;49.94;50.02;50.10;50.83;51.30;51.62;51.14;48.70;48.99;49.00;49.04;48.91;47.90;47.10,HALAL,"Business activity permissible — debt ratio not verified, cross-check Musaffa/Zoya",
NSC,TRANSPORTATION,TRANSPORTATION-RAIL,56,314.1600036621094,0.0946811850091216,288.92;275.90;282.60;280.28;280.92;284.64;285.63;286.12;292.87;295.11;295.26;299.89;299.73;318.79;316.26;309.55;313.30;310.99;310.81;309.88;309.36;314.70;316.95;310.21;318.96;306.67;303.96;303.91;312.21;311.09;309.31;309.06;299.35;302.97;302.62;311.58;313.35;321.44;321.47;322.49;326.30;327.24;338.82;329.99;347.18;342.00;334.42;334.16;339.92;341.11;333.95;335.41;334.41;338.91;346.62;352.98;352.68;348.68;332.96;327.83;327.92;323.30;320.05;317.00;314.16,HALAL,"Business activity permissible — debt ratio not verified, cross-check Musaffa/Zoya",
CP,TRANSPORTATION,TRANSPORTATION-RAIL,56,87.4800033569336,0.07981422136260341,80.25;78.13;79.12;79.72;78.06;78.49;78.80;79.91;81.02;81.25;80.83;81.30;82.31;85.99;87.17;84.10;86.03;83.32;85.03;84.59;85.45;84.89;85.94;86.52;88.93;90.40;88.49;88.93;89.73;90.00;89.12;89.08;85.42;85.48;84.60;87.73;86.65;87.79;88.72;90.33;91.35;90.47;93.71;91.16;92.32;91.40;91.29;88.89;90.63;90.25;90.51;92.69;93.50;93.68;94.83;94.68;94.71;94.12;88.97;91.30;91.13;88.84;89.77;87.68;87.48,HALAL,"Business activity permissible — debt ratio not verified, cross-check Musaffa/Zoya",
CNI,TRANSPORTATION,TRANSPORTATION-RAIL,65,118.94999694824219,0.1449784832951968,100.89;98.03;99.61;100.79;100.34;101.66;103.06;104.77;108.95;109.75;108.76;109.10;108.98;112.82;113.71;106.92;110.75;108.80;109.65;109.41;110.66;110.59;111.98;112.94;115.14;117.52;118.13;118.16;119.08;119.66;117.63;116.91;113.35;113.52;115.29;119.91;118.60;120.91;122.12;123.67;124.64;123.33;128.34;126.42;129.88;128.19;129.14;126.53;126.62;125.72;124.47;125.64;126.16;125.87;127.54;126.72;126.85;125.33;119.77;122.51;122.76;121.16;122.09;119.49;118.95,HALAL,"Business activity permissible — debt ratio not verified, cross-check Musaffa/Zoya",
WAB,TRANSPORTATION,TRANSPORTATION-RAIL,75,280.2300109863281,0.18626665474704218,237.45;236.61;241.14;247.76;240.57;249.35;253.34;255.48;270.33;268.44;256.80;262.78;257.05;268.85;266.62;260.78;264.36;262.85;264.98;267.53;264.19;263.31;254.72;254.59;261.20;260.93;255.75;262.51;260.13;265.50;261.82;268.61;271.58;276.46;272.20;269.25;269.32;261.92;258.92;259.50;260.59;259.44;261.81;263.26;297.68;300.59;291.46;290.56;298.76;294.93;293.86;295.24;298.71;294.72;292.31;297.62;300.54;292.23;279.80;280.83;284.45;280.27;278.42;276.37;280.23,HALAL,"Business activity permissible — debt ratio not verified, cross-check Musaffa/Zoya",
GBX,TRANSPORTATION,TRANSPORTATION-RAIL,18,41.81999969482422,-0.18059341539511176,50.99;49.82;50.98;51.77;50.41;51.92;52.01;46.99;52.90;52.16;50.70;49.63;47.87;49.27;48.70;47.46;49.69;49.81;50.05;49.83;49.40;47.30;47.33;48.38;47.96;47.56;45.75;46.53;46.56;47.66;47.05;48.10;48.94;49.85;49.53;50.01;48.66;47.20;45.46;46.33;47.83;47.75;50.02;50.06;51.54;50.28;50.72;49.25;50.32;47.68;46.13;45.48;45.44;45.09;45.81;46.08;46.24;45.91;42.00;42.79;42.76;42.66;43.08;42.63;41.82,HALAL,"Business activity permissible — debt ratio not verified, cross-check Musaffa/Zoya",
TRN,TRANSPORTATION,TRANSPORTATION-RAIL,26,28.0,-0.03434112685058044,29.97;29.21;30.08;31.12;30.65;31.62;32.40;31.57;33.88;34.36;33.20;32.67;30.57;31.34;31.32;30.50;35.91;35.55;36.33;36.18;36.24;33.97;32.95;34.01;31.97;31.87;31.65;31.83;32.48;33.86;33.94;34.50;33.99;34.83;35.02;35.80;34.28;33.83;33.64;34.53;36.20;36.06;36.47;36.92;36.77;37.10;36.70;31.24;32.04;30.97;28.84;28.88;29.59;29.67;29.74;29.69;29.51;29.27;27.86;28.11;28.01;28.36;28.08;28.33;28.00,HALAL,"Business activity permissible — debt ratio not verified, cross-check Musaffa/Zoya",
EXPD,TRANSPORTATION,TRANSPORTATION-SVCS/LOGISTICS,85,190.94000244140625,0.3463624488272925,142.43;146.49;139.82;142.45;140.50;142.50;145.06;143.79;144.09;143.14;143.28;146.54;150.21;148.98;147.34;148.03;146.48;152.30;151.08;154.74;155.00;154.65;156.79;156.38;159.88;158.15;160.03;158.70;160.44;166.34;166.44;163.23;160.61;163.15;160.16;160.73;162.98;167.57;165.74;170.62;175.50;177.70;182.80;178.58;176.18;171.34;170.13;167.89;181.48;178.56;179.00;184.47;186.12;185.95;186.40;187.83;190.18;190.97;187.70;187.13;185.96;189.32;193.61;189.04;190.94,HALAL,"Business activity permissible — debt ratio not verified, cross-check Musaffa/Zoya",
CHRW,TRANSPORTATION,TRANSPORTATION-SVCS/LOGISTICS,31,152.99000549316406,-0.0898158371733685,170.40;173.47;165.56;168.43;160.33;164.79;166.55;164.82;168.89;163.65;166.79;180.84;182.23;182.33;186.97;185.00;175.94;165.84;170.05;168.67;162.00;162.33;171.69;176.76;176.54;174.06;178.51;179.35;183.30;190.83;190.29;189.43;184.40;186.27;176.52;178.56;187.53;189.03;190.13;191.93;195.66;196.65;207.60;208.52;204.63;173.71;173.00;147.10;154.09;146.03;147.65;146.07;147.93;144.05;143.21;142.25;151.08;149.74;147.24;146.06;150.10;152.42;157.31;153.47;152.99,HALAL,"Business activity permissible — debt ratio not verified, cross-check Musaffa/Zoya",
XPO,TRANSPORTATION,TRANSPORTATION-SVCS/LOGISTICS,48,174.25,-0.04105446281565672,188.35;187.37;185.60;192.86;189.05;194.55;200.52;200.31;211.73;212.15;210.33;225.02;227.61;224.76;220.00;216.71;215.28;207.55;206.88;201.60;198.28;204.23;202.30;203.57;210.75;214.03;221.21;218.69;218.94;227.58;227.65;220.74;201.79;201.19;196.83;201.46;205.29;206.33;202.79;208.03;209.45;204.82;215.02;214.72;214.16;208.20;199.38;200.97;203.29;196.35;200.48;208.94;211.06;202.72;196.84;191.99;192.46;188.56;185.09;184.80;190.06;182.34;180.49;174.41;174.25,HALAL,"Business activity permissible — debt ratio not verified, cross-check Musaffa/Zoya",
JBHT,TRANSPORTATION,TRANSPORTATION-SVCS/LOGISTICS,67,234.25,0.17394204529230883,199.41;199.49;202.06;208.36;204.86;211.15;214.15;216.94;224.42;226.80;223.38;244.21;250.20;252.81;249.27;245.44;247.85;242.18;241.33;240.34;237.40;261.77;256.10;258.79;267.18;272.06;278.99;279.58;284.47;286.71;288.65;282.68;266.79;273.02;268.61;279.83;288.94;285.35;274.54;282.13;282.52;275.81;290.92;292.77;288.88;280.49;275.68;271.29;274.02;266.80;266.14;275.96;279.71;274.19;274.47;259.88;263.64;261.03;256.48;266.28;274.78;267.83;274.99;236.73;234.25,HALAL,"Business activity permissible — debt ratio not verified, cross-check Musaffa/Zoya",
LSTR,TRANSPORTATION,TRANSPORTATION-SVCS/LOGISTICS,52,170.2899932861328,0.15628198583611885,147.83;148.91;149.70;156.36;155.82;159.59;162.53;166.09;169.64;167.51;165.76;172.09;177.94;179.09;179.32;183.76;180.74;179.51;181.13;178.11;174.20;175.25;181.74;190.68;201.67;202.99;212.91;214.76;217.56;222.95;224.69;218.77;207.66;208.54;207.21;208.73;206.34;207.74;203.49;207.23;212.39;207.34;211.08;213.72;207.50;191.19;177.43;174.37;181.21;176.66;177.94;185.43;189.76;186.16;182.42;179.92;181.63;180.03;175.41;174.33;177.46;173.70;172.09;169.14;170.29,HALAL,"Business activity permissible — debt ratio not verified, cross-check Musaffa/Zoya",
HUBG,TRANSPORTATION,TRANSPORTATION-SVCS/LOGISTICS,13,32.720001220703125,-0.04332125776286677,34.02;34.41;35.21;36.25;35.28;35.94;36.40;36.91;38.65;39.09;39.14;42.54;43.70;43.38;43.70;42.65;43.06;41.69;42.89;41.74;37.84;37.24;38.25;40.56;42.65;42.46;43.47;42.90;42.93;44.86;45.80;45.53;43.63;43.98;43.00;43.75;43.79;44.94;46.08;46.90;47.69;47.80;51.22;50.92;49.22;47.89;47.69;46.53;47.73;46.23;47.35;40.21;40.30;39.69;40.05;40.21;40.00;39.61;37.94;36.54;36.06;35.67;35.26;33.12;32.72,HALAL,"Business activity permissible — debt ratio not verified, cross-check Musaffa/Zoya",
FWRD,TRANSPORTATION,TRANSPORTATION-SVCS/LOGISTICS,15,14.829999923706055,-0.06139242122272992,16.45;15.51;16.00;16.61;16.24;16.71;17.41;17.47;18.87;19.31;19.19;22.18;23.10;22.75;22.85;21.51;21.33;17.03;17.33;10.46;8.74;8.76;8.31;8.35;9.63;10.36;10.46;9.67;10.36;11.63;12.57;13.58;13.56;13.71;13.39;14.87;13.51;13.45;13.10;12.90;12.80;12.62;13.75;16.21;15.48;14.72;14.59;14.05;15.30;17.80;18.77;19.49;18.96;19.18;17.79;17.57;17.63;16.99;16.38;16.31;17.27;16.42;16.69;15.49;14.83,HALAL,"Business activity permissible — debt ratio not verified, cross-check Musaffa/Zoya",
MATX,TRANSPORTATION,TRANSPORTATION-SVCS/LOGISTICS,95,232.9199981689453,0.5614370997285911,154.57;157.56;159.33;163.67;157.43;163.32;165.76;167.47;171.45;171.82;169.85;175.88;170.03;169.71;176.06;172.69;172.89;186.55;179.81;181.57;181.38;179.55;179.73;182.41;184.19;180.32;187.76;185.47;186.97;193.87;198.61;194.82;193.21;196.47;195.23;194.13;191.87;203.15;198.16;205.65;204.77;208.51;221.77;218.78;213.20;205.07;201.47;202.22;213.05;206.26;208.68;214.45;217.30;218.28;216.77;222.68;221.65;224.31;219.26;222.27;223.29;227.99;236.62;235.62;232.92,HALAL,"Business activity permissible — debt ratio not verified, cross-check Musaffa/Zoya",
ARCB,TRANSPORTATION,TRANSPORTATION-SVCS/LOGISTICS,87,128.72999572753906,0.5196345938039819,85.80;89.09;91.86;95.59;92.30;98.18;100.32;103.36;109.02;108.36;107.99;118.42;118.32;119.67;126.50;126.82;125.58;117.95;121.55;118.21;111.38;122.60;118.59;124.30;129.38;133.66;140.68;142.00;154.95;173.07;172.52;163.95;145.72;145.47;145.05;146.16;143.41;139.55;145.02;150.72;149.37;147.34;159.67;160.75;156.85;148.74;141.36;144.22;144.18;135.13;137.43;140.63;142.88;138.81;135.89;134.45;139.09;136.54;132.72;137.34;138.10;134.97;135.69;129.97;128.73,HALAL,"Business activity permissible — debt ratio not verified, cross-check Musaffa/Zoya",
RXO,TRANSPORTATION,TRANSPORTATION-SVCS/LOGISTICS,70,20.260000228881836,0.6716171963847559,13.00;13.62;13.31;14.38;13.88;14.62;14.94;15.49;16.01;16.06;16.47;18.70;19.58;19.30;19.43;19.08;19.59;18.19;23.11;20.70;19.81;18.69;21.13;24.36;25.00;25.90;26.87;26.83;26.86;29.12;28.50;27.71;24.82;25.82;25.30;27.12;27.59;26.61;26.87;26.85;27.09;27.07;29.29;29.30;27.77;24.11;22.29;20.25;22.13;20.24;21.33;22.71;23.52;22.63;21.67;21.28;22.19;21.91;20.11;20.00;19.92;19.51;19.46;19.08;20.26,HALAL,"Business activity permissible — debt ratio not verified, cross-check Musaffa/Zoya",
GXO,TRANSPORTATION,TRANSPORTATION-SVCS/LOGISTICS,20,45.91999816894531,-0.12549991169749242,53.70;51.27;51.46;52.16;49.64;51.85;53.08;53.27;55.99;56.60;55.76;58.79;58.62;56.66;57.15;55.15;56.22;49.85;51.88;50.82;49.92;48.18;45.52;46.72;47.93;50.76;50.00;49.11;48.68;50.24;49.81;50.32;48.08;49.73;49.98;50.19;50.70;51.95;51.84;51.72;48.99;52.29;54.05;54.06;52.57;53.29;51.53;50.16;52.37;47.01;46.96;47.98;48.58;46.63;45.37;46.98;48.00;47.60;46.17;47.18;46.71;45.43;46.93;46.15;45.92,HALAL,"Business activity permissible — debt ratio not verified, cross-check Musaffa/Zoya",
KEX,TRANSPORTATION,TRANSPORTATION-SHIPPING,,,,,HALAL,"Business activity permissible — debt ratio not verified, cross-check Musaffa/Zoya",
MATX,TRANSPORTATION,TRANSPORTATION-SHIPPING,95,232.9199981689453,0.5614370997285911,154.57;157.56;159.33;163.67;157.43;163.32;165.76;167.47;171.45;171.82;169.85;175.88;170.03;169.71;176.06;172.69;172.89;186.55;179.81;181.57;181.38;179.55;179.73;182.41;184.19;180.32;187.76;185.47;186.97;193.87;198.61;194.82;193.21;196.47;195.23;194.13;191.87;203.15;198.16;205.65;204.77;208.51;221.77;218.78;213.20;205.07;201.47;202.22;213.05;206.26;208.68;214.45;217.30;218.28;216.77;222.68;221.65;224.31;219.26;222.27;223.29;227.99;236.62;235.62;232.92,HALAL,"Business activity permissible — debt ratio not verified, cross-check Musaffa/Zoya",
ZIM,TRANSPORTATION,TRANSPORTATION-SHIPPING,92,30.100000381469727,0.15285828854073658,26.52;26.08;25.92;26.44;26.19;26.35;26.30;26.30;26.40;26.53;26.70;27.01;26.24;26.08;26.09;26.01;26.28;28.55;26.09;26.47;25.75;25.57;25.55;25.14;25.25;24.19;24.72;24.50;25.24;25.50;25.91;24.92;23.98;25.27;25.58;25.58;26.00;25.57;23.92;24.14;23.80;24.80;24.30;24.92;25.59;24.56;24.58;25.19;27.29;26.38;25.21;25.27;28.14;28.49;27.16;28.38;27.64;27.44;27.01;27.59;30.08;29.47;29.72;29.33;30.10,HALAL,"Business activity permissible — debt ratio not verified, cross-check Musaffa/Zoya",
DAC,TRANSPORTATION,TRANSPORTATION-SHIPPING,92,161.19000244140625,0.5272141627770979,109.91;112.25;112.51;111.62;109.20;111.08;113.83;113.66;114.81;114.72;114.64;116.17;113.42;115.90;118.71;118.16;118.11;125.74;130.43;131.49;130.56;128.37;128.01;130.84;128.54;125.03;127.67;127.47;128.26;129.42;129.15;130.39;125.77;126.49;124.41;122.15;121.51;121.46;124.02;126.43;128.44;128.59;124.98;131.46;137.44;140.31;138.60;141.63;138.72;143.15;138.32;139.81;141.92;145.30;148.70;150.50;147.78;150.68;151.09;154.15;153.07;156.89;158.26;159.16;161.19,HALAL,"Business activity permissible — debt ratio not verified, cross-check Musaffa/Zoya",
GSL,TRANSPORTATION,TRANSPORTATION-SHIPPING,84,45.84000015258789,0.2706791953723504,37.02;37.58;37.10;37.36;35.57;36.13;37.28;36.78;37.14;37.80;37.76;37.80;36.25;36.54;38.00;38.27;39.38;40.28;40.31;40.55;40.04;39.66;39.10;39.73;37.00;35.93;37.38;36.99;37.58;38.00;38.12;38.77;37.43;37.77;38.13;37.25;37.06;37.56;38.40;38.87;40.22;40.55;39.58;41.44;42.40;42.52;42.72;43.70;42.82;42.18;41.28;40.65;41.56;42.60;42.76;44.64;44.20;44.52;44.48;45.74;44.71;45.54;45.74;45.40;45.84,HALAL,"Business activity permissible — debt ratio not verified, cross-check Musaffa/Zoya",
GLNG,TRANSPORTATION,TRANSPORTATION-SHIPPING,71,51.790000915527344,0.2180490455275106,45.86;50.46;52.28;52.57;54.49;53.58;54.75;53.91;52.87;52.90;53.30;51.33;52.31;52.16;52.31;53.40;55.15;56.53;54.49;56.26;56.12;56.48;55.10;51.80;51.31;48.84;50.35;51.43;50.43;50.47;50.31;50.95;49.21;50.51;49.59;49.52;49.60;48.77;50.26;50.63;50.82;50.46;49.41;49.52;49.59;48.74;47.12;48.91;49.19;50.77;50.46;50.82;52.24;51.92;51.89;51.41;51.19;50.29;52.33;51.99;51.46;52.69;51.47;50.36;51.79,HALAL,"Business activity permissible — debt ratio not verified, cross-check Musaffa/Zoya",
SBLK,TRANSPORTATION,TRANSPORTATION-SHIPPING,93,32.47999954223633,0.5618432693494726,21.17;21.64;21.73;21.77;21.19;21.87;23.16;22.59;23.03;23.55;23.46;23.28;23.20;23.01;23.40;23.69;24.07;25.40;25.53;25.46;25.41;25.20;24.83;25.63;26.23;25.88;26.86;25.87;26.01;25.47;25.85;26.26;25.95;25.73;24.90;23.67;24.22;24.40;25.42;25.11;25.75;25.56;24.15;25.88;26.34;26.29;26.57;27.89;27.38;27.73;27.57;27.05;28.18;29.23;29.16;30.70;29.58;30.48;31.05;31.87;31.02;30.74;30.83;30.87;32.48,HALAL,"Business activity permissible — debt ratio not verified, cross-check Musaffa/Zoya",
SB,TRANSPORTATION,TRANSPORTATION-SHIPPING,95,9.180000305175781,0.5760178907038316,5.97;6.16;6.15;6.16;5.96;6.21;6.46;6.35;6.34;6.42;6.38;6.51;6.37;6.35;6.47;6.47;6.54;6.97;6.81;6.93;7.13;6.90;6.67;6.71;6.74;6.45;6.49;6.34;6.37;6.53;6.62;6.68;6.32;6.87;6.65;6.27;6.25;6.34;6.66;6.63;6.89;7.09;6.75;7.38;7.47;7.44;7.50;7.73;7.67;7.59;7.42;7.38;7.75;8.03;8.28;8.65;8.28;8.52;8.75;9.01;8.93;8.38;8.35;8.75;9.18,HALAL,"Business activity permissible — debt ratio not verified, cross-check Musaffa/Zoya",
INSW,TRANSPORTATION,TRANSPORTATION-SHIPPING,97,111.1500015258789,0.9333736588053672,59.08;62.40;62.95;63.19;63.99;65.54;67.79;66.25;67.40;67.63;66.99;68.77;68.31;69.07;72.48;73.04;76.56;79.22;81.10;80.67;76.72;76.06;74.91;76.54;74.39;69.07;71.10;70.12;72.90;73.04;74.24;77.48;77.52;84.14;83.49;75.67;72.89;78.42;81.12;78.97;82.01;84.37;82.57;86.10;86.94;86.31;89.99;91.54;88.10;88.71;86.04;87.92;92.37;94.00;94.56;95.13;89.15;94.04;94.94;97.30;98.80;102.14;105.84;109.38;111.15,HALAL,"Business activity permissible — debt ratio not verified, cross-check Musaffa/Zoya",
DHT,TRANSPORTATION,TRANSPORTATION-SHIPPING,95,23.270000457763672,0.52640023080829,15.28;16.16;16.08;16.09;16.38;16.53;16.88;15.91;16.10;15.90;15.98;16.57;16.28;16.10;16.59;16.53;17.07;17.28;17.21;16.95;16.11;15.96;15.92;16.65;16.31;15.33;15.61;15.37;15.61;15.67;15.61;17.32;16.98;18.53;18.18;16.55;15.50;16.11;16.21;15.87;16.23;16.88;16.32;17.32;17.26;17.15;17.39;17.41;17.01;17.20;17.18;17.55;18.30;19.31;19.80;19.72;18.32;19.66;19.69;20.19;20.82;21.43;22.15;23.04;23.27,HALAL,"Business activity permissible — debt ratio not verified, cross-check Musaffa/Zoya",
FRO,TRANSPORTATION,TRANSPORTATION-SHIPPING,96,51.41999816894531,0.7780002568181967,29.99;31.51;32.42;32.34;32.25;33.40;35.07;33.52;33.37;33.39;34.01;35.58;33.90;33.44;34.49;34.77;35.47;36.51;36.53;36.56;35.64;35.13;35.88;36.84;35.04;33.10;33.40;33.02;33.70;34.76;35.58;39.43;38.85;41.58;40.72;35.52;34.79;36.75;37.66;36.56;36.92;37.90;36.49;38.45;38.85;38.59;39.13;39.37;38.97;39.56;38.45;39.57;41.21;43.50;43.56;44.05;41.20;44.19;44.32;45.42;46.62;48.40;50.52;53.67;51.42,HALAL,"Business activity permissible — debt ratio not verified, cross-check Musaffa/Zoya",
ODFL,TRANSPORTATION,TRANSPORTATION-TRUCKING,30,173.0,-0.040175275073673244,183.91;181.85;187.17;188.52;187.81;194.85;197.44;198.37;208.91;207.05;204.61;217.15;223.79;222.15;219.91;208.76;205.23;195.53;197.50;194.57;188.65;202.55;203.88;207.11;216.00;220.24;227.89;235.69;242.19;248.34;247.38;237.05;218.02;219.18;218.70;218.45;216.26;217.31;215.18;225.50;232.54;224.88;233.48;234.43;230.35;226.42;222.44;211.81;218.98;211.08;212.22;212.22;210.64;207.68;204.20;201.17;199.12;198.32;186.72;185.75;187.01;180.55;181.91;174.36;173.00,HALAL,"Business activity permissible — debt ratio not verified, cross-check Musaffa/Zoya",
SAIA,TRANSPORTATION,TRANSPORTATION-TRUCKING,28,342.2200012207031,0.06610592280592864,328.96;321.17;329.48;344.36;334.31;351.28;354.28;375.61;401.67;396.74;397.79;434.22;441.81;440.98;444.32;422.04;441.26;422.31;448.94;446.18;431.42;460.38;448.95;458.25;467.89;469.21;482.22;464.49;466.51;479.30;487.14;474.19;425.86;436.05;428.44;430.51;421.16;416.69;416.00;421.29;432.06;417.05;436.85;433.22;426.55;419.92;394.44;347.63;374.33;361.82;355.77;364.66;384.32;368.92;359.63;349.54;349.83;352.25;331.62;345.81;354.84;346.00;351.03;343.53;342.22,HALAL,"Business activity permissible — debt ratio not verified, cross-check Musaffa/Zoya",
WERN,TRANSPORTATION,TRANSPORTATION-TRUCKING,60,35.66999816894531,0.30128407273860836,27.11;26.95;27.82;28.92;28.38;29.19;30.23;30.62;31.41;31.70;30.73;32.47;33.39;33.80;34.03;36.27;35.79;34.56;36.26;35.30;34.47;37.19;37.65;39.69;40.63;41.39;42.38;42.89;43.32;43.36;43.70;42.93;39.75;40.73;40.86;42.63;43.47;43.06;43.32;44.78;44.09;43.61;46.04;47.29;43.91;40.43;36.65;37.42;38.31;36.87;36.68;37.85;38.88;38.43;38.05;37.67;38.89;38.42;37.84;38.50;39.82;38.59;37.58;35.84;35.67,HALAL,"Business activity permissible — debt ratio not verified, cross-check Musaffa/Zoya",
KNX,TRANSPORTATION,TRANSPORTATION-TRUCKING,72,66.68000030517578,0.2910244292770807,52.10;53.08;53.88;56.04;55.25;57.27;58.28;59.20;60.99;61.51;61.23;64.07;64.51;65.41;64.34;63.02;63.65;61.29;63.10;61.58;59.45;68.69;68.00;69.87;72.54;74.61;77.50;77.85;78.14;80.12;82.21;79.02;72.80;75.18;74.31;76.39;77.65;76.13;74.13;76.95;74.12;73.36;76.46;76.49;72.12;70.53;70.84;69.33;71.41;69.08;68.47;71.10;72.21;70.52;69.21;68.92;69.35;67.05;66.54;69.37;70.79;69.03;68.43;65.78;66.68,HALAL,"Business activity permissible — debt ratio not verified, cross-check Musaffa/Zoya",
SNDR,TRANSPORTATION,TRANSPORTATION-TRUCKING,68,32.61000061035156,0.38305292932116886,23.93;23.48;24.30;25.71;25.30;26.21;26.88;27.29;27.94;27.95;27.19;29.23;30.07;29.96;30.39;30.20;31.30;29.86;30.48;29.67;29.01;31.76;31.98;33.15;34.45;35.25;36.17;36.34;37.00;37.82;37.90;37.58;35.24;35.37;34.87;36.18;36.42;35.69;35.66;36.94;36.57;36.33;38.08;38.27;37.64;36.67;35.16;35.63;36.21;35.12;35.16;35.63;35.99;35.20;35.04;34.74;35.12;34.34;33.51;33.95;34.54;33.92;34.13;32.75;32.61,HALAL,"Business activity permissible — debt ratio not verified, cross-check Musaffa/Zoya",
USX,TRANSPORTATION,TRANSPORTATION-TRUCKING,,,,;;;;;;;;;;;;;;;;;;;;;;;;;;;24.67;23.57;23.52;23.64;24.60;23.77;24.09;23.40;23.51;24.40;24.15;24.27;24.47;24.25;24.56;23.89;24.15;23.47;23.54;22.92;23.97;25.52;25.27;25.56;25.59;25.82;25.20;24.85;24.89;25.04;25.16;24.54;25.31;24.84;24.26;24.44;23.97;,HALAL,"Business activity permissible — debt ratio not verified, cross-check Musaffa/Zoya",
MRTN,TRANSPORTATION,TRANSPORTATION-TRUCKING,46,13.5,0.16375326396193057,11.60;12.01;12.64;12.99;12.79;13.03;13.66;13.54;13.84;13.85;13.64;14.76;14.70;14.72;14.92;14.79;15.03;14.57;15.02;14.92;14.88;15.40;16.01;16.46;16.98;17.39;17.42;17.39;17.61;17.89;18.14;17.63;16.52;16.85;16.77;17.39;17.28;17.38;17.17;17.38;17.34;17.10;17.57;17.55;16.81;15.42;14.95;14.73;14.94;14.80;14.62;14.90;15.14;14.84;14.67;14.61;14.40;14.30;13.80;14.10;14.23;13.86;13.93;13.68;13.50,HALAL,"Business activity permissible — debt ratio not verified, cross-check Musaffa/Zoya",
HTLD,TRANSPORTATION,TRANSPORTATION-TRUCKING,60,11.869999885559082,0.24975055890168596,9.52;9.55;9.92;10.37;10.21;10.39;10.63;10.73;11.11;11.01;10.74;11.61;11.80;12.00;13.25;13.23;13.45;12.75;12.96;12.65;12.30;13.28;13.93;14.26;14.64;15.04;15.50;15.16;15.72;15.99;16.20;15.80;14.31;14.67;14.59;15.51;15.22;14.90;14.89;14.96;14.87;14.52;15.39;15.31;14.83;13.69;12.99;12.23;12.78;12.29;11.75;12.29;12.79;12.75;12.36;12.51;12.47;12.18;11.91;12.36;12.32;12.19;12.45;11.88;11.87,HALAL,"Business activity permissible — debt ratio not verified, cross-check Musaffa/Zoya",
DUK,UTILITY,UTILITY-DIVERSIFIED,33,117.52999877929688,-0.10185580454752752,130.66;127.51;125.15;125.95;127.75;128.69;129.94;129.55;130.71;128.16;125.78;125.83;123.51;125.84;124.90;124.33;126.39;125.38;122.72;122.75;121.77;119.90;123.47;123.57;123.88;122.68;118.85;119.99;123.14;122.74;123.11;124.19;122.65;122.44;125.43;127.28;125.48;128.47;127.10;124.17;125.75;123.26;123.92;124.81;128.13;127.71;127.95;124.34;123.19;122.82;120.13;122.41;123.92;123.99;122.69;121.97;121.89;120.25;120.39;121.40;121.24;119.37;119.02;117.76;117.53,HALAL,"Business activity permissible — debt ratio not verified, cross-check Musaffa/Zoya",
SO,UTILITY,UTILITY-DIVERSIFIED,28,85.5199966430664,-0.11294666233952977,96.66;94.66;92.22;93.06;93.99;94.94;95.86;95.24;96.00;94.36;93.09;92.97;90.42;92.38;92.24;91.98;95.13;94.33;90.92;91.58;91.62;91.04;93.37;93.47;93.32;91.76;88.30;89.75;91.84;92.19;92.51;93.05;91.77;92.66;95.00;96.36;94.93;97.18;96.49;94.39;95.68;93.83;94.52;93.08;95.81;95.69;95.26;93.77;92.49;92.14;90.59;91.76;92.04;92.07;91.43;90.10;89.76;88.25;88.09;88.77;88.99;87.75;87.00;86.23;85.52,HALAL,"Business activity permissible — debt ratio not verified, cross-check Musaffa/Zoya",
D,UTILITY,UTILITY-DIVERSIFIED,48,63.58000183105469,0.02618878097231314,61.78;59.81;58.63;59.46;59.67;60.59;61.53;61.45;62.84;61.72;61.14;61.18;59.88;61.28;61.26;61.26;62.67;61.74;60.39;61.32;61.48;60.51;66.78;66.94;65.95;66.04;63.96;64.81;66.23;65.59;66.02;67.47;67.34;67.36;68.57;68.70;67.61;69.05;69.13;68.76;70.09;70.26;70.33;69.15;70.75;69.57;69.84;68.48;68.53;66.13;66.48;67.36;68.08;67.92;66.80;65.94;66.24;64.89;65.72;66.12;66.22;65.05;64.46;63.51;63.58,HALAL,"Business activity permissible — debt ratio not verified, cross-check Musaffa/Zoya",
AEP,UTILITY,UTILITY-DIVERSIFIED,39,120.0,-0.08845350328393753,131.65;126.83;126.04;126.41;128.19;129.15;130.73;130.96;135.13;132.48;132.41;131.69;129.95;133.09;133.08;132.46;134.90;135.02;129.82;129.71;126.98;124.20;127.95;128.63;129.91;126.79;122.85;125.36;128.16;126.79;127.51;128.33;127.30;129.32;133.94;137.64;135.78;137.46;136.49;132.84;134.61;131.50;131.14;129.49;133.90;132.58;128.42;126.88;127.38;124.31;122.84;124.65;125.60;126.35;125.70;121.98;123.36;122.31;122.96;124.71;125.42;123.47;122.23;120.69;120.00,HALAL,"Business activity permissible — debt ratio not verified, cross-check Musaffa/Zoya",
EXC,UTILITY,UTILITY-DIVERSIFIED,28,42.06999969482422,-0.1395025321260691,49.11;47.11;46.29;46.78;47.42;48.11;48.41;48.13;48.52;47.25;46.99;46.14;45.41;45.88;45.72;46.14;45.63;45.32;43.58;43.37;43.44;42.57;43.79;44.50;45.17;44.73;43.88;44.24;45.32;44.90;45.08;45.74;45.13;45.51;46.46;46.95;46.18;47.43;47.12;45.94;46.65;45.31;45.82;45.46;46.83;46.71;46.59;45.39;45.41;44.89;44.08;44.79;45.43;44.88;44.64;43.92;44.02;43.52;43.42;44.11;43.95;43.39;42.72;42.44;42.07,HALAL,"Business activity permissible — debt ratio not verified, cross-check Musaffa/Zoya",
XEL,UTILITY,UTILITY-DIVERSIFIED,31,72.30000305175781,-0.10349823254029267,80.15;78.30;75.76;76.50;76.89;78.21;79.49;79.30;81.49;79.21;77.44;79.83;77.86;78.25;78.19;77.60;81.31;80.19;79.19;79.36;78.68;76.72;78.50;78.96;79.53;78.04;75.23;76.20;77.82;76.67;77.06;78.72;76.84;78.18;80.82;81.57;79.66;81.30;80.02;78.39;79.84;78.62;78.14;78.09;80.12;80.06;78.12;77.57;77.13;76.35;76.26;77.97;78.54;78.54;78.08;76.71;77.06;75.84;75.28;75.73;76.27;74.81;73.57;72.71;72.30,HALAL,"Business activity permissible — debt ratio not verified, cross-check Musaffa/Zoya",
WEC,UTILITY,UTILITY-DIVERSIFIED,29,103.16999816894531,-0.10557440728181744,115.29;113.67;110.14;110.80;112.41;113.79;115.57;114.94;116.75;114.34;112.89;113.89;111.64;113.60;113.16;112.56;115.46;113.25;110.86;110.85;110.29;108.22;110.53;111.14;112.01;110.70;107.66;109.10;111.97;112.12;112.09;113.01;111.57;112.06;114.61;117.82;115.76;117.80;116.66;113.90;114.87;111.99;112.37;110.85;113.73;112.84;110.33;108.47;108.31;107.04;105.20;108.17;110.52;111.05;108.51;107.58;107.52;106.22;106.20;106.70;107.06;105.35;105.17;103.38;103.17,HALAL,"Business activity permissible — debt ratio not verified, cross-check Musaffa/Zoya",
ED,UTILITY,UTILITY-DIVERSIFIED,47,105.43000030517578,-0.06698239152975316,113.02;109.86;107.32;108.23;109.85;111.33;113.54;112.59;113.10;110.06;108.47;108.35;106.42;108.44;107.05;107.10;108.68;107.36;104.65;104.47;105.30;104.50;107.26;106.53;106.82;105.44;102.76;102.64;105.40;105.53;105.97;106.84;106.17;106.05;109.82;111.15;109.73;113.06;112.07;109.37;110.91;109.41;111.46;108.92;111.87;110.59;111.34;107.96;107.53;108.06;105.44;106.90;107.91;108.27;108.31;107.71;108.05;107.49;107.70;108.75;108.27;106.73;105.78;105.42;105.43,HALAL,"Business activity permissible — debt ratio not verified, cross-check Musaffa/Zoya",
ETR,UTILITY,UTILITY-DIVERSIFIED,46,102.01000213623047,-0.02274102524427901,104.87;102.76;100.19;101.60;108.64;111.09;113.60;112.58;116.11;114.02;113.65;114.21;109.98;112.63;112.15;113.37;115.74;116.66;111.36;112.30;111.68;108.38;109.89;111.60;111.31;108.97;104.35;108.02;110.08;109.01;109.24;110.42;110.20;111.53;114.01;115.22;114.18;114.43;114.51;113.25;114.16;113.56;112.57;111.55;115.11;113.08;107.15;106.98;108.21;105.86;105.02;107.21;107.84;108.08;107.34;105.79;107.23;105.75;107.02;107.78;108.53;105.73;103.64;102.32;102.01,HALAL,"Business activity permissible — debt ratio not verified, cross-check Musaffa/Zoya",
ES,UTILITY,UTILITY-DIVERSIFIED,42,67.72000122070312,-0.0626007502407867,71.59;68.80;66.86;66.25;66.80;68.47;68.66;68.67;69.74;67.87;67.96;68.44;66.04;67.96;67.91;67.91;70.24;68.09;66.25;66.45;67.45;66.38;68.81;69.63;69.70;69.09;66.61;68.18;70.60;69.41;68.43;69.26;69.05;70.12;71.71;73.48;72.27;74.44;74.75;73.93;74.86;73.79;74.62;73.05;74.62;74.69;74.76;71.59;72.70;72.06;71.17;71.55;72.36;72.22;72.15;71.25;71.67;70.84;70.50;71.47;71.49;68.99;68.33;67.86;67.72,HALAL,"Business activity permissible — debt ratio not verified, cross-check Musaffa/Zoya",
PEG,UTILITY,UTILITY-DIVERSIFIED,19,69.7699966430664,-0.15182791801507045,83.25;81.33;78.42;79.65;79.29;79.53;80.38;80.18;82.46;79.83;79.52;80.15;77.18;78.75;78.80;78.19;78.74;78.33;76.46;76.32;75.86;75.10;75.97;77.10;78.66;77.76;75.32;76.38;78.08;77.88;78.07;79.43;78.68;79.88;81.21;82.83;80.43;80.88;81.05;79.45;80.16;79.16;77.93;76.73;79.05;78.50;77.05;75.99;75.58;74.36;73.89;75.19;75.35;74.92;73.95;72.87;73.36;72.53;72.82;73.14;73.57;72.48;70.92;70.39;69.77,HALAL,"Business activity permissible — debt ratio not verified, cross-check Musaffa/Zoya",
DTE,UTILITY,UTILITY-DIVERSIFIED,25,128.52000427246094,-0.12709974616240738,148.16;145.98;141.17;142.32;143.33;145.07;146.87;147.10;149.79;146.35;145.59;145.82;142.34;146.24;145.34;145.87;147.62;142.37;140.88;141.31;140.88;138.68;142.02;142.62;143.48;142.25;138.73;140.69;144.62;144.80;144.64;146.87;146.03;146.83;151.10;154.43;152.37;154.06;153.84;149.27;150.64;146.95;148.19;145.03;148.13;147.23;143.52;141.87;141.72;139.97;136.78;138.68;140.84;140.21;138.15;135.66;137.71;135.86;136.06;137.07;137.26;134.34;131.13;130.70;128.52,HALAL,"Business activity permissible — debt ratio not verified, cross-check Musaffa/Zoya",
NEE,UTILITY,UTILITY-ELECTRIC POWER,38,80.47000122070312,-0.11975684194977099,91.17;91.05;88.91;89.82;90.06;91.52;91.78;92.29;93.09;90.94;89.90;90.63;89.27;94.84;93.44;92.79;95.53;94.87;91.95;93.45;93.46;91.99;88.74;88.37;86.36;85.97;82.43;83.34;85.20;84.20;84.21;85.48;85.09;85.44;86.97;87.90;87.11;87.68;87.81;86.45;87.72;88.43;88.14;87.27;89.12;88.17;87.80;86.27;86.55;83.97;84.07;85.14;85.55;85.58;84.40;83.47;83.59;81.84;82.93;84.06;83.83;82.44;81.63;80.37;80.47,HALAL,"Business activity permissible — debt ratio not verified, cross-check Musaffa/Zoya",
SRE,UTILITY,UTILITY-ELECTRIC POWER,25,81.30999755859375,-0.13298285899491735,94.60;94.57;92.80;94.64;95.20;96.48;98.50;97.76;99.04;95.55;94.79;93.35;92.49;93.24;91.80;91.98;94.00;93.70;90.92;92.17;91.03;89.79;90.66;90.90;90.90;89.39;86.51;88.89;90.77;90.23;90.89;91.28;89.61;90.97;92.07;94.27;92.71;93.06;94.59;94.62;94.41;92.78;92.25;90.59;93.44;91.25;88.82;88.55;86.65;84.35;84.31;85.92;86.41;87.18;87.38;84.57;85.28;84.31;84.26;84.57;85.47;84.00;82.99;81.70;81.31,HALAL,"Business activity permissible — debt ratio not verified, cross-check Musaffa/Zoya",
PCG,UTILITY,UTILITY-ELECTRIC POWER,13,13.199999809265137,-0.26811630144050114,18.25;18.09;17.29;17.34;17.07;17.52;17.72;17.57;18.58;17.69;17.34;17.21;16.93;16.78;16.34;16.32;16.40;16.28;16.14;16.16;16.55;16.08;16.36;16.39;16.37;16.24;16.10;16.80;17.06;16.53;16.74;16.53;16.39;16.58;17.07;17.33;16.82;17.05;17.18;17.18;17.37;17.51;17.32;17.49;17.54;17.60;17.71;17.38;17.45;17.00;17.04;17.38;17.84;17.82;17.96;18.11;18.22;16.60;14.06;13.96;14.82;14.03;13.60;13.35;13.20,HALAL,"Business activity permissible — debt ratio not verified, cross-check Musaffa/Zoya",
AEE,UTILITY,UTILITY-ELECTRIC POWER,36,102.2300033569336,-0.07460762218026029,110.66;108.03;105.40;106.29;107.20;108.38;110.12;109.77;112.72;110.22;109.19;111.13;108.42;110.48;110.34;109.73;111.97;110.08;107.25;108.45;107.56;104.87;107.47;108.30;109.48;107.41;103.62;104.74;107.74;107.23;107.49;108.80;108.15;108.93;112.52;117.49;112.24;114.21;113.62;110.98;112.63;110.60;110.76;109.17;112.47;111.32;109.20;108.84;108.67;107.51;106.25;108.05;108.97;108.90;108.02;106.41;106.99;105.37;105.34;105.66;106.73;104.95;103.97;103.04;102.23,HALAL,"Business activity permissible — debt ratio not verified, cross-check Musaffa/Zoya",
CMS,UTILITY,UTILITY-ELECTRIC POWER,22,65.33999633789062,-0.1471299359917544,77.06;76.24;73.45;74.26;75.02;76.37;77.35;77.36;78.69;77.22;76.27;76.53;74.40;75.42;74.86;73.56;74.84;73.76;72.80;72.60;72.23;71.07;72.72;73.05;73.61;72.58;70.01;69.66;71.46;72.05;72.27;73.06;72.72;73.21;75.88;78.18;75.89;77.11;76.40;74.40;75.14;73.43;73.06;71.92;73.56;73.68;73.76;71.41;71.16;70.63;69.06;70.02;71.11;71.06;69.83;68.42;69.23;68.21;67.96;68.59;68.79;67.68;66.82;65.99;65.34,HALAL,"Business activity permissible — debt ratio not verified, cross-check Musaffa/Zoya",
PPL,UTILITY,UTILITY-ELECTRIC POWER,29,33.34000015258789,-0.12003482454222059,37.81;37.04;36.30;36.56;37.04;37.58;38.02;38.23;39.17;38.86;38.72;38.39;37.59;37.92;38.11;38.04;36.99;36.75;36.18;35.65;35.17;34.32;34.68;35.59;35.54;34.76;33.96;34.45;35.16;35.17;35.17;35.87;35.04;35.30;36.62;36.71;36.05;36.59;36.09;35.37;35.77;35.42;35.55;35.12;35.94;35.71;35.41;34.92;34.89;34.33;34.70;35.17;35.72;35.33;34.91;34.75;34.73;33.92;34.19;34.82;34.79;34.21;33.79;33.41;33.34,HALAL,"Business activity permissible — debt ratio not verified, cross-check Musaffa/Zoya",
EIX,UTILITY,UTILITY-ELECTRIC POWER,20,55.310001373291016,-0.21033909400651807,71.20;70.20;69.01;69.52;68.65;71.46;71.73;71.76;74.93;71.54;70.51;69.92;68.91;69.51;67.77;67.14;69.06;68.06;67.77;69.75;69.79;68.35;69.85;69.50;70.40;69.46;68.28;70.03;72.47;70.42;71.49;71.29;70.07;71.35;73.35;74.78;73.58;74.77;75.74;74.64;75.97;76.68;77.63;78.17;79.64;78.64;78.63;73.37;70.69;67.23;67.83;69.40;71.41;73.69;74.66;73.97;74.51;70.17;58.80;56.30;59.33;56.75;56.13;54.81;55.31,HALAL,"Business activity permissible — debt ratio not verified, cross-check Musaffa/Zoya",
FE,UTILITY,UTILITY-ELECTRIC POWER,37,45.2599983215332,-0.09733924900436097,50.19;48.70;47.80;48.53;49.03;49.65;50.29;49.98;50.88;50.03;49.54;49.10;47.54;48.63;48.45;47.96;45.99;44.97;44.73;44.16;43.69;43.39;44.63;45.05;46.18;45.74;44.93;45.09;45.96;45.46;46.21;46.88;45.69;46.30;47.35;47.99;47.07;48.05;47.91;47.16;47.95;48.16;48.05;47.91;49.00;48.84;48.65;47.84;47.81;46.90;46.76;47.01;47.41;47.26;47.18;46.57;46.73;45.88;46.16;47.04;46.45;46.25;45.83;45.38;45.26,HALAL,"Business activity permissible — debt ratio not verified, cross-check Musaffa/Zoya",
CNP,UTILITY,UTILITY-ELECTRIC POWER,29,38.220001220703125,-0.12158811500112876,43.16;42.76;41.29;41.59;41.90;42.67;43.21;43.10;43.63;42.24;42.00;42.51;41.77;42.69;42.40;42.33;42.86;43.04;41.76;41.79;41.68;41.06;42.02;42.22;42.67;41.97;41.04;41.29;42.44;42.14;42.30;42.81;42.38;42.86;43.60;44.77;43.78;44.34;44.22;43.06;43.87;42.47;42.87;42.47;43.97;43.75;42.67;41.79;41.33;40.43;39.79;40.29;40.59;40.30;40.20;39.10;39.59;39.24;39.47;39.98;40.12;39.12;38.65;38.33;38.22,HALAL,"Business activity permissible — debt ratio not verified, cross-check Musaffa/Zoya",
EVRG,UTILITY,UTILITY-ELECTRIC POWER,48,79.77999877929688,-0.018272635472225796,81.44;79.72;78.10;78.66;79.51;80.57;81.47;81.47;83.02;81.09;80.19;81.01;79.02;80.54;80.24;79.99;81.25;80.26;81.36;82.05;81.10;79.17;81.60;82.27;83.41;82.16;79.72;80.40;82.58;81.59;82.12;82.75;82.16;82.56;85.11;86.49;85.71;87.40;86.40;84.57;85.73;84.71;84.88;84.22;85.93;85.13;83.30;82.32;83.15;82.33;81.41;82.63;83.33;83.42;83.16;81.39;82.23;80.65;81.52;81.93;82.24;81.36;80.86;80.39;79.78,HALAL,"Business activity permissible — debt ratio not verified, cross-check Musaffa/Zoya",
LNT,UTILITY,UTILITY-ELECTRIC POWER,32,65.6050033569336,-0.08505634487682434,71.55;70.26;68.14;68.73;69.47;70.69;71.76;71.57;72.62;71.43;71.10;71.74;70.08;71.55;71.34;70.93;73.50;72.52;71.15;71.92;71.75;70.36;72.45;72.73;73.12;71.63;69.04;70.26;72.32;71.82;72.07;72.99;72.27;72.66;75.02;76.67;75.71;77.44;77.06;75.13;76.05;73.99;74.26;72.56;73.86;73.37;71.46;70.78;70.66;69.52;68.21;70.24;70.60;69.98;69.46;68.42;68.92;68.03;67.92;68.00;68.61;67.25;66.92;66.11;65.61,HALAL,"Business activity permissible — debt ratio not verified, cross-check Musaffa/Zoya",
PNW,UTILITY,UTILITY-ELECTRIC POWER,39,94.20999908447266,-0.0680248717036257,100.78;98.30;95.84;95.97;97.92;98.96;100.88;100.47;102.60;100.81;100.98;102.20;99.19;101.62;100.59;99.87;101.71;100.39;98.63;98.81;98.19;97.51;100.59;100.92;101.90;99.94;96.60;98.49;102.13;101.73;101.48;102.34;101.46;101.51;104.42;107.11;106.04;108.38;107.63;105.79;107.65;106.11;106.76;104.70;104.48;104.43;101.36;100.08;101.45;100.82;99.23;100.40;101.48;100.15;99.38;97.71;98.69;97.64;97.66;98.00;98.04;96.59;95.40;94.99;94.21,HALAL,"Business activity permissible — debt ratio not verified, cross-check Musaffa/Zoya",
OGE,UTILITY,UTILITY-ELECTRIC POWER,,,,,HALAL,"Business activity permissible — debt ratio not verified, cross-check Musaffa/Zoya",
IDA,UTILITY,UTILITY-ELECTRIC POWER,37,131.5800018310547,-0.06464456018842424,140.57;138.03;135.00;136.89;138.76;141.25;142.53;143.26;146.61;143.10;144.74;146.18;142.76;147.03;143.99;142.51;145.32;144.14;142.30;144.52;141.43;139.11;141.09;140.74;141.78;139.73;134.19;135.85;140.48;139.45;140.70;142.07;141.09;141.85;146.37;151.95;150.38;153.61;150.72;147.10;150.05;148.41;147.82;144.91;148.45;147.12;143.52;142.04;143.69;140.91;139.69;141.95;142.61;142.03;140.11;138.23;138.13;135.78;136.39;136.12;137.89;135.45;133.94;132.69;131.58,HALAL,"Business activity permissible — debt ratio not verified, cross-check Musaffa/Zoya",
POR,UTILITY,UTILITY-ELECTRIC POWER,38,47.2400016784668,-0.09996187967714376,52.39;51.17;50.35;50.71;51.16;52.21;53.10;52.98;53.65;52.34;51.93;51.86;50.03;50.89;50.88;50.51;49.20;48.60;48.11;47.85;47.70;46.78;48.77;49.05;49.31;50.13;47.96;48.40;50.00;49.71;49.52;49.93;49.27;49.66;51.53;52.53;51.83;52.72;52.58;52.19;53.05;52.16;52.43;52.25;52.39;51.23;50.30;49.33;50.05;48.54;48.11;48.80;50.76;50.55;50.17;49.70;50.19;49.60;49.06;49.17;49.47;48.56;48.08;47.91;47.24,HALAL,"Business activity permissible — debt ratio not verified, cross-check Musaffa/Zoya",
AVA,UTILITY,UTILITY-ELECTRIC POWER,30,36.25,-0.06800882058597035,38.80;38.57;37.84;38.40;38.96;39.16;40.33;40.44;41.06;40.28;40.40;40.73;39.37;40.24;40.05;39.53;39.72;39.93;39.98;39.69;39.79;39.42;40.40;40.40;40.98;40.76;39.99;40.56;41.88;41.53;41.48;40.46;38.90;39.21;40.61;41.24;40.39;40.88;40.72;40.63;41.55;40.94;41.27;41.04;41.65;41.03;40.96;39.94;38.71;37.93;37.73;38.04;38.66;38.43;38.23;37.93;38.15;37.66;37.64;37.63;37.61;37.13;36.65;36.74;36.25,HALAL,"Business activity permissible — debt ratio not verified, cross-check Musaffa/Zoya",
PNM,UTILITY,UTILITY-ELECTRIC POWER,,,,,HALAL,"Business activity permissible — debt ratio not verified, cross-check Musaffa/Zoya",
ALE,UTILITY,UTILITY-ELECTRIC POWER,,,,,HALAL,"Business activity permissible — debt ratio not verified, cross-check Musaffa/Zoya",
BKH,UTILITY,UTILITY-ELECTRIC POWER,49,70.44999694824219,-0.00909443959938494,70.24;69.59;66.95;67.55;67.41;68.10;69.50;71.62;72.62;70.81;75.12;74.64;72.13;73.26;73.80;72.91;74.08;72.45;73.80;72.06;72.66;72.15;72.60;73.46;74.05;72.40;69.75;70.79;72.09;67.14;71.10;73.10;71.36;72.23;73.85;75.32;73.70;73.09;72.56;72.59;75.08;73.51;73.90;73.60;74.39;73.95;72.25;70.54;71.56;72.06;73.00;72.47;73.59;73.15;73.29;72.03;73.78;72.80;72.40;73.30;74.19;72.28;70.62;70.50;70.45,HALAL,"Business activity permissible — debt ratio not verified, cross-check Musaffa/Zoya",
ATO,UTILITY,UTILITY-GAS DISTRIBUTION,30,160.3000030517578,-0.14000092831971922,184.81;182.76;178.93;179.45;181.07;182.58;186.78;186.51;190.06;185.58;184.10;184.38;180.81;185.63;183.47;183.56;186.36;185.08;179.75;180.02;177.87;174.44;175.67;175.40;176.65;171.99;166.15;167.29;169.22;166.62;167.22;168.58;168.62;168.57;171.56;174.12;171.24;175.81;176.52;173.67;178.42;173.93;176.62;174.00;176.97;177.15;176.61;171.74;171.62;170.95;166.91;168.57;168.90;169.49;169.50;167.82;169.46;166.65;167.70;169.12;168.07;164.81;163.84;161.96;160.30,HALAL,"Business activity permissible — debt ratio not verified, cross-check Musaffa/Zoya",
NJR,UTILITY,UTILITY-GAS DISTRIBUTION,55,53.31999969482422,-0.02315635369668534,53.76;53.32;53.51;53.65;54.12;54.45;55.48;56.21;57.06;55.50;55.45;55.20;54.63;56.01;55.30;54.92;55.52;55.51;55.05;55.34;56.70;56.83;57.69;56.69;57.03;55.08;53.20;53.37;54.93;54.47;54.48;54.56;55.28;54.81;56.56;57.61;56.04;57.49;57.47;57.88;59.21;57.91;58.60;58.40;59.41;59.52;59.45;57.89;57.39;54.47;53.68;55.36;55.60;55.52;54.84;53.74;54.49;53.60;54.10;53.72;54.00;53.34;53.10;53.50;53.32,HALAL,"Business activity permissible — debt ratio not verified, cross-check Musaffa/Zoya",
OGS,UTILITY,UTILITY-GAS DISTRIBUTION,34,75.19000244140625,-0.12609528450950358,85.45;84.72;83.66;83.81;83.54;84.70;87.43;87.96;89.14;86.97;87.14;87.48;85.60;87.29;86.25;86.16;87.44;85.25;83.92;83.55;82.56;81.00;82.40;81.66;81.05;78.44;75.38;76.16;77.74;75.36;75.45;76.73;75.41;75.79;77.41;78.97;76.42;76.67;77.19;78.17;79.71;77.39;79.07;77.95;79.31;79.30;79.14;77.00;76.68;78.95;78.21;79.71;80.30;81.05;81.39;80.35;81.10;79.47;80.36;80.54;80.75;78.16;77.28;76.45;75.19,HALAL,"Business activity permissible — debt ratio not verified, cross-check Musaffa/Zoya",
SR,UTILITY,UTILITY-GAS DISTRIBUTION,40,79.2300033569336,-0.12816072992198235,90.00;89.71;88.58;88.41;88.84;88.70;90.77;91.84;93.26;90.51;90.18;90.44;87.63;89.46;88.57;87.91;88.57;87.99;83.78;84.02;83.82;83.70;85.21;85.03;84.49;81.95;79.08;79.45;80.71;78.62;77.05;77.94;76.49;75.17;78.68;80.04;77.30;78.87;80.22;79.76;81.59;79.33;80.59;79.77;81.66;81.61;80.19;79.05;78.75;80.02;80.22;81.87;82.00;82.29;82.46;81.54;82.81;81.72;81.94;82.49;82.60;80.65;81.36;79.90;79.23,HALAL,"Business activity permissible — debt ratio not verified, cross-check Musaffa/Zoya",
SWX,UTILITY,UTILITY-GAS DISTRIBUTION,49,85.8499984741211,-0.010573230216926799,86.14;85.00;84.62;84.61;85.49;85.67;87.98;87.72;90.97;90.10;89.75;89.71;87.46;89.23;89.06;90.60;91.88;92.35;89.48;87.87;87.47;87.09;88.42;88.27;88.58;86.13;83.90;85.13;88.10;87.41;87.41;87.80;86.49;87.93;88.15;90.30;88.06;89.18;90.46;90.53;91.18;90.61;91.42;91.58;92.36;91.37;91.16;88.78;88.43;91.76;89.93;91.53;91.95;91.71;91.30;89.57;90.61;89.10;89.35;88.69;88.88;86.90;86.40;86.74;85.85,HALAL,"Business activity permissible — debt ratio not verified, cross-check Musaffa/Zoya",
CPK,UTILITY,UTILITY-GAS DISTRIBUTION,55,131.3800048828125,0.02272775865386678,127.30;125.97;125.14;122.01;122.70;124.91;127.96;128.41;131.19;127.37;126.56;125.07;123.00;126.43;125.58;123.68;125.47;124.39;125.76;124.11;124.94;123.33;126.24;125.55;125.63;121.64;119.22;119.22;122.35;121.62;120.89;121.27;119.35;118.30;121.35;125.19;121.79;124.29;123.63;127.19;133.15;129.70;132.54;131.17;133.85;134.84;136.01;132.03;132.34;132.74;131.61;133.97;134.34;135.79;136.80;134.48;133.42;131.96;131.55;131.49;132.27;128.86;129.25;129.75;131.38,HALAL,"Business activity permissible — debt ratio not verified, cross-check Musaffa/Zoya",
NWN,UTILITY,UTILITY-GAS DISTRIBUTION,50,48.34000015258789,-0.06243474816296035,51.40;52.05;51.16;51.47;51.82;52.21;53.62;53.99;54.74;53.54;53.35;53.01;51.22;52.49;52.55;52.11;52.34;52.18;49.70;49.96;49.22;47.94;49.71;49.33;49.40;48.67;47.37;47.76;49.29;49.18;48.79;49.15;48.39;48.22;50.03;50.33;48.58;49.24;49.32;49.14;50.74;49.85;50.70;50.09;50.82;50.87;50.67;48.92;48.71;50.77;49.57;50.34;50.86;51.02;50.59;50.22;50.39;49.50;49.41;49.39;49.96;49.06;48.56;48.67;48.34,HALAL,"Business activity permissible — debt ratio not verified, cross-check Musaffa/Zoya",
SJI,UTILITY,UTILITY-GAS DISTRIBUTION,,,,,HALAL,"Business activity permissible — debt ratio not verified, cross-check Musaffa/Zoya",
NFG,UTILITY,UTILITY-GAS DISTRIBUTION,38,80.91999816894531,-0.14893893254297275,92.27;92.29;91.88;93.21;94.08;93.30;93.77;95.30;94.36;90.60;88.86;86.89;85.65;88.52;88.22;87.45;82.39;81.46;79.65;78.88;80.09;80.66;84.00;80.70;79.28;77.57;76.40;76.90;76.87;76.27;76.26;76.30;75.40;75.58;76.09;77.90;77.21;79.34;80.04;79.02;80.91;79.99;80.94;80.88;82.06;80.74;80.94;82.31;81.59;80.63;81.82;81.72;81.92;83.37;83.94;82.46;83.52;82.97;83.83;83.53;83.81;82.33;80.72;80.35;80.92,HALAL,"Business activity permissible — debt ratio not verified, cross-check Musaffa/Zoya",
UGI,UTILITY,UTILITY-GAS DISTRIBUTION,59,37.65999984741211,0.04610999837451679,35.58;36.13;35.24;35.66;35.92;35.67;36.01;36.26;37.59;36.81;36.34;36.02;35.77;36.44;36.47;36.80;34.67;34.47;31.66;31.78;32.57;33.29;34.13;35.10;35.12;33.90;32.87;33.80;34.13;33.86;34.06;34.02;33.29;33.45;34.50;35.08;34.20;34.80;34.92;35.71;35.95;35.86;36.26;36.13;36.58;36.52;36.35;35.76;35.87;33.94;33.65;34.75;35.02;38.01;37.51;37.81;38.07;37.63;38.06;37.42;37.89;37.62;37.35;38.18;37.66,HALAL,"Business activity permissible — debt ratio not verified, cross-check Musaffa/Zoya",
AWK,UTILITY,UTILITY-WATER SUPPLY,48,135.89999389648438,-0.013654807943616842,136.34;135.23;133.88;132.75;134.99;134.23;136.25;133.52;137.35;132.57;128.53;129.81;130.25;133.13;130.16;130.17;125.64;124.33;124.48;124.29;126.53;123.47;123.34;123.06;123.03;121.54;120.33;122.99;123.65;124.70;123.63;126.03;124.58;124.09;128.78;131.80;130.71;135.96;133.93;129.69;130.66;128.36;134.22;130.66;133.52;133.67;137.18;133.28;133.12;133.93;134.55;134.92;136.20;136.27;137.21;139.91;137.49;138.30;137.40;140.89;140.38;139.84;138.92;137.76;135.90,HALAL,"Business activity permissible — debt ratio not verified, cross-check Musaffa/Zoya",
AWR,UTILITY,UTILITY-WATER SUPPLY,67,85.56999969482422,0.14634706241583806,73.26;71.90;72.63;72.46;74.14;74.66;76.60;75.91;78.25;74.48;74.32;74.95;76.84;79.77;78.31;76.88;74.25;75.23;75.86;76.17;76.54;74.75;75.05;75.82;75.74;75.91;75.93;75.80;77.89;78.69;76.41;77.12;76.42;77.18;79.38;82.06;82.12;84.24;82.67;83.35;84.53;84.11;88.73;86.07;86.64;85.56;87.32;85.11;84.88;85.14;86.04;87.41;88.42;88.91;89.31;91.10;89.83;89.88;89.19;89.65;88.68;87.47;87.12;87.17;85.57,HALAL,"Business activity permissible — debt ratio not verified, cross-check Musaffa/Zoya",
WTRG,UTILITY,UTILITY-WATER SUPPLY,57,41.040000915527344,0.0035400602531294734,40.08;39.74;39.28;38.93;39.61;39.54;40.34;39.74;40.32;38.87;37.88;38.29;38.49;39.60;38.70;38.77;37.34;36.81;37.02;36.89;37.56;36.67;36.77;36.65;36.81;36.36;35.92;36.66;37.02;37.18;36.80;37.22;36.61;36.35;37.44;38.30;37.96;39.02;38.73;38.18;38.24;37.59;39.33;38.57;39.23;39.18;40.33;39.49;39.20;39.52;39.42;39.86;40.38;40.35;40.41;41.34;40.76;41.10;41.11;41.87;41.94;41.80;41.61;41.37;41.04,HALAL,"Business activity permissible — debt ratio not verified, cross-check Musaffa/Zoya",
CWT,UTILITY,UTILITY-WATER SUPPLY,55,47.380001068115234,0.06342118588183232,43.71;43.61;43.82;43.31;44.37;44.69;45.59;45.06;46.41;44.47;44.04;44.32;45.54;46.84;45.77;44.73;41.75;42.43;43.00;42.60;43.02;42.19;42.63;42.92;43.21;43.53;43.57;44.45;45.52;46.08;45.05;45.07;44.70;44.90;46.99;48.75;48.33;49.90;49.36;48.78;49.67;49.40;51.54;50.28;50.62;50.45;51.39;49.78;49.97;49.10;49.48;49.98;50.40;49.86;50.02;50.85;50.26;50.48;49.74;50.53;49.87;48.86;48.23;48.05;47.38,HALAL,"Business activity permissible — debt ratio not verified, cross-check Musaffa/Zoya",
SJW,UTILITY,UTILITY-WATER SUPPLY,,,,,HALAL,"Business activity permissible — debt ratio not verified, cross-check Musaffa/Zoya",
MSEX,UTILITY,UTILITY-WATER SUPPLY,55,55.31999969482422,0.06965311044046896,50.64;50.34;50.26;50.44;51.13;51.37;53.10;52.46;54.75;51.27;49.93;50.64;52.16;53.62;52.49;51.31;50.27;50.27;50.74;51.16;51.35;49.96;50.66;51.43;51.76;51.86;51.46;51.61;53.04;53.52;52.14;52.39;51.52;51.46;53.69;55.14;55.82;57.20;55.48;54.20;55.08;54.42;57.09;55.67;55.96;55.83;56.90;56.95;57.28;57.02;57.39;57.91;58.37;58.82;58.76;59.47;58.51;58.49;58.15;58.48;58.33;57.18;56.50;56.31;55.32,HALAL,"Business activity permissible — debt ratio not verified, cross-check Musaffa/Zoya",
YORW,UTILITY,UTILITY-WATER SUPPLY,56,32.689998626708984,0.04650637674384406,30.92;30.02;30.14;29.95;30.01;30.22;31.06;31.23;32.08;31.16;30.61;29.86;29.63;29.96;29.52;28.88;28.93;28.89;28.96;29.34;29.33;28.86;29.05;29.58;29.71;29.57;29.31;29.14;30.06;30.04;29.47;29.62;29.34;29.28;30.20;30.53;30.65;31.42;30.51;30.29;30.97;30.35;31.45;30.66;31.06;30.94;31.55;30.97;30.99;31.61;31.91;32.54;33.31;33.36;34.20;34.58;34.19;34.12;34.13;34.34;34.17;33.35;33.06;32.99;32.69,HALAL,"Business activity permissible — debt ratio not verified, cross-check Musaffa/Zoya",
ARTNA,UTILITY,UTILITY-WATER SUPPLY,57,34.439998626708984,0.07275658944203989,31.05;31.01;30.86;31.09;31.46;31.25;31.58;31.27;32.10;31.78;31.51;31.84;31.36;31.54;31.07;30.82;30.61;30.82;31.08;31.55;31.76;31.06;31.57;32.04;32.19;32.29;32.08;31.77;32.67;32.69;32.34;32.22;31.97;31.85;32.72;33.32;33.69;34.08;33.82;33.62;34.17;33.38;33.68;32.99;33.62;34.11;34.56;34.04;33.68;34.09;34.28;34.77;35.46;35.21;35.65;35.89;35.43;35.63;35.67;36.30;36.69;35.90;35.33;35.07;34.44,HALAL,"Business activity permissible — debt ratio not verified, cross-check Musaffa/Zoya",
GWRS,UTILITY,UTILITY-WATER SUPPLY,64,8.5,0.18166764377786992,7.38;7.56;7.29;7.23;7.23;7.44;7.69;7.48;7.62;7.49;7.57;7.59;7.17;7.29;7.33;7.08;6.99;6.92;7.04;6.85;6.55;6.62;6.71;6.90;7.63;7.31;7.29;7.01;7.15;6.94;6.90;6.66;6.79;6.84;7.04;7.19;7.17;7.13;6.97;6.79;7.04;7.12;7.03;7.05;7.11;7.31;7.44;7.12;7.29;7.42;7.33;7.57;8.55;8.74;8.84;9.33;9.25;9.10;8.90;8.89;8.78;8.74;8.66;8.71;8.50,HALAL,"Business activity permissible — debt ratio not verified, cross-check Musaffa/Zoya",
