ticker,sector,group,rs_rating,last_close,six_month_change,history,shariah_status,shariah_reason,debt_to_market_cap
BA,AEROSPACE,AEROSPACE-DEFENSE,21,209.82000732421875,-0.08948097074608619,230.36;227.53;224.12;222.06;225.00;214.10;209.89;210.82;201.18;198.41;199.61;190.52;199.03;208.22;210.00;220.06;222.14;223.93;223.38;219.16;234.15;231.33;224.11;227.38;224.38;231.03;238.21;240.60;220.49;215.01;219.61;218.90;228.78;224.30;210.58;215.45;214.51;221.63;228.95;225.63;220.83;220.25;217.25;216.47;226.49;231.68;223.11;215.51;218.12;214.03;204.80;209.23;211.50;214.01;216.14;237.16;232.19;232.79;231.20;231.67;223.06;215.10;210.46;212.09;209.82,QUESTIONABLE,"Boeing — commercial + defense, debt ratio borderline",
LMT,AEROSPACE,AEROSPACE-DEFENSE,51,563.8499755859375,-0.1363684636230479,639.92;650.37;663.48;650.74;659.83;645.25;641.80;632.19;633.36;612.24;620.14;611.83;600.46;618.74;623.62;619.81;615.66;607.13;588.34;568.23;526.34;510.01;506.49;509.43;505.62;509.08;508.92;516.56;512.65;523.20;519.39;529.43;533.72;516.50;512.03;523.76;530.13;548.68;530.36;532.32;493.60;491.64;507.40;509.46;545.91;535.38;518.26;520.68;514.46;508.77;507.09;568.59;580.00;569.20;582.74;589.33;582.85;603.16;606.72;608.68;607.17;571.48;564.14;565.62;563.85,QUESTIONABLE,"Defense — scholar-disputed, financials typically pass AAOIFI",
RTX,AEROSPACE,AEROSPACE-DEFENSE,70,211.7100067138672,0.05634960074241113,194.52;201.11;204.98;202.34;206.68;205.72;203.00;201.82;199.24;193.37;193.55;188.30;191.46;194.75;196.45;201.68;199.91;196.91;194.96;185.78;177.97;172.09;171.50;172.69;171.58;175.46;177.28;176.78;169.91;173.19;174.67;178.38;178.37;173.83;171.98;180.39;180.96;183.60;183.03;191.94;181.23;184.45;187.37;189.10;198.59;200.18;194.55;195.74;195.24;192.87;193.03;208.47;217.70;214.54;214.51;217.21;222.51;223.38;222.02;222.97;225.49;212.29;209.22;211.99;211.71,QUESTIONABLE,Defense — scholar-disputed,
NOC,AEROSPACE,AEROSPACE-DEFENSE,17,545.5700073242188,-0.24458408182333857,700.57;721.21;755.78;736.77;744.07;729.97;730.49;720.86;711.02;677.02;688.18;676.02;679.25;699.42;687.47;687.54;678.32;675.62;662.34;608.45;585.08;572.76;569.90;565.65;556.15;549.85;545.81;549.38;538.32;553.90;549.16;554.36;556.84;539.22;526.06;544.40;548.67;552.52;544.73;550.15;507.33;503.01;500.03;509.31;549.01;549.04;532.23;541.82;525.22;521.57;512.29;533.48;547.58;535.05;542.48;551.55;567.74;577.89;577.32;585.87;589.14;563.86;549.28;549.95;545.57,QUESTIONABLE,Defense — scholar-disputed,
GD,AEROSPACE,AEROSPACE-DEFENSE,56,379.32000732421875,0.09679377161347369,340.06;353.84;361.42;357.46;358.73;350.67;348.36;353.09;346.49;344.25;349.33;343.64;340.14;345.95;345.30;340.81;339.27;337.40;334.82;324.09;317.31;311.16;337.25;344.32;347.63;346.24;342.52;339.86;333.03;338.65;337.23;343.13;347.43;337.71;335.56;344.92;344.17;357.29;357.95;361.24;341.86;342.81;345.19;352.69;373.54;374.64;374.60;372.78;365.63;368.58;367.73;381.79;389.14;380.96;383.42;385.76;386.92;395.97;394.21;395.78;393.48;386.07;383.77;382.02;379.32,QUESTIONABLE,Defense — scholar-disputed,
TXT,AEROSPACE,AEROSPACE-DEFENSE,19,83.04000091552734,-0.15915109342922706,96.60;98.61;98.51;96.36;94.10;93.23;91.03;91.47;88.67;89.01;90.69;87.45;87.54;88.03;87.66;91.39;93.09;90.47;91.59;90.77;90.35;88.46;89.76;94.70;91.61;91.57;91.64;91.36;88.75;88.16;90.22;92.66;91.90;89.57;91.36;91.06;93.27;93.73;93.75;92.69;86.94;86.54;91.22;91.73;92.50;91.58;90.43;89.42;88.75;91.48;90.53;93.19;96.13;85.65;85.26;89.12;87.89;89.20;88.89;89.00;87.13;84.37;82.13;83.31;83.04,QUESTIONABLE,Group classification: AEROSPACE-DEFENSE,
TDG,AEROSPACE,AEROSPACE-DEFENSE,16,1185.969970703125,-0.08500563332608468,1295.12;1302.79;1326.34;1294.96;1277.93;1258.34;1214.66;1232.51;1191.94;1152.97;1156.49;1140.03;1158.96;1167.00;1169.57;1225.52;1233.11;1274.69;1265.88;1205.67;1165.76;1158.36;1142.74;1154.45;1191.33;1241.98;1198.67;1201.40;1148.97;1179.08;1209.32;1226.00;1265.06;1238.41;1211.57;1238.74;1257.24;1257.59;1277.35;1316.75;1295.90;1322.67;1324.56;1332.04;1348.49;1329.63;1295.71;1235.00;1232.18;1214.43;1205.49;1213.83;1286.27;1264.60;1254.38;1275.05;1262.07;1223.48;1235.48;1256.90;1233.78;1180.40;1199.08;1207.06;1185.97,QUESTIONABLE,Group classification: AEROSPACE-DEFENSE,
HEI,AEROSPACE,AEROSPACE-DEFENSE,42,336.5299987792969,-0.027773492003568157,344.59;319.34;326.59;307.25;310.18;306.73;288.34;292.10;277.06;279.54;278.99;273.29;274.10;271.67;275.28;293.11;293.68;292.25;291.46;275.92;268.64;266.02;260.89;268.24;277.23;289.49;289.66;291.69;288.73;292.26;301.09;308.75;344.94;333.13;328.99;331.31;326.30;339.10;336.06;337.21;331.03;335.18;345.08;356.06;362.09;358.02;352.13;344.11;351.59;342.66;340.40;340.54;357.15;355.23;356.36;367.66;363.29;363.94;373.10;374.67;368.01;350.58;352.67;346.15;336.53,QUESTIONABLE,Group classification: AEROSPACE-DEFENSE,
LHX,AEROSPACE,AEROSPACE-DEFENSE,11,262.82000732421875,-0.25436723709196774,338.49;361.81;365.24;357.40;369.76;362.79;357.51;367.37;362.23;344.09;350.60;341.62;343.76;354.56;352.57;356.53;356.51;354.48;348.94;338.93;328.89;319.17;320.10;312.11;301.43;299.96;301.13;303.70;302.17;306.91;305.09;312.21;313.51;308.34;302.23;307.83;308.17;312.17;304.17;313.17;285.83;287.27;291.25;290.59;302.07;295.40;289.87;288.69;286.82;282.01;277.71;299.67;303.48;297.53;277.06;285.30;289.53;289.72;290.74;291.82;279.54;270.44;262.83;262.96;262.82,QUESTIONABLE,L3Harris — defense,
HII,AEROSPACE,AEROSPACE-DEFENSE,16,294.2099914550781,-0.3232940057019029,432.36;442.61;438.44;419.36;427.73;411.92;413.92;421.12;416.62;394.86;400.83;380.15;378.27;394.91;400.55;401.64;392.76;396.42;393.11;376.58;368.55;356.86;360.61;359.05;324.73;313.37;316.38;332.78;324.77;323.20;316.18;319.57;319.52;296.41;287.54;293.04;297.52;300.95;299.66;296.89;278.19;279.62;281.99;279.89;291.50;289.46;286.21;284.86;277.79;269.13;268.76;287.09;288.25;280.40;326.45;323.06;321.76;330.81;326.80;327.71;317.61;301.40;294.63;296.40;294.21,QUESTIONABLE,Huntington Ingalls — naval defense,
KTOS,AEROSPACE,AEROSPACE-DEFENSE,6,52.0,-0.448626854563399,88.23;86.18;88.95;85.54;92.47;88.92;87.53;95.31;92.78;83.69;79.98;71.94;70.51;67.31;71.96;68.33;73.55;74.66;70.99;68.55;65.52;63.16;59.56;62.05;59.31;57.00;56.99;52.49;52.09;53.47;54.67;56.80;65.19;63.49;58.43;58.52;56.19;58.78;57.02;56.16;51.09;47.95;47.21;49.86;55.35;50.34;48.85;46.96;49.68;46.03;48.21;49.44;49.45;43.88;46.60;51.87;57.41;62.42;63.82;64.58;61.99;56.18;53.07;52.93;52.00,QUESTIONABLE,Group classification: AEROSPACE-DEFENSE,
MRCY,AEROSPACE,AEROSPACE-DEFENSE,49,88.54000091552734,0.03073340329165286,89.30;89.03;89.43;84.96;89.36;86.00;78.16;81.35;77.81;78.29;78.71;71.40;72.91;74.22;77.53;79.23;82.52;85.51;84.05;83.36;78.91;77.06;74.75;78.55;82.96;88.06;91.95;92.50;92.03;92.80;96.36;99.32;108.11;111.28;111.59;111.27;108.82;119.32;115.93;115.50;111.76;105.00;109.38;122.33;126.21;115.83;114.25;98.26;102.97;96.08;98.64;106.34;103.80;90.17;97.10;112.80;108.83;108.64;111.64;111.12;105.00;94.23;89.59;89.76;88.54,QUESTIONABLE,Group classification: AEROSPACE-DEFENSE,
AVAV,AEROSPACE,AEROSPACE-DEFENSE,3,147.94000244140625,-0.43389580207820366,255.22;252.25;228.30;220.56;227.29;207.73;207.07;222.51;211.35;206.27;199.02;184.43;183.05;184.36;186.85;177.70;194.39;198.42;191.42;210.07;201.91;195.74;183.50;184.97;166.69;168.18;166.45;160.99;158.00;160.23;163.09;182.26;214.39;204.09;191.47;185.92;176.51;183.69;171.95;167.11;151.33;142.18;137.95;165.07;190.89;162.53;148.40;141.80;141.22;142.20;148.84;158.73;154.24;142.12;149.37;169.02;171.12;189.15;193.81;192.81;174.14;159.79;148.20;146.88;147.94,QUESTIONABLE,Group classification: AEROSPACE-DEFENSE,
HWM,AEROSPACE,AEROSPACE-DEFENSE EQUIPMENT,65,264.8500061035156,0.031336639369880404,259.40;262.29;258.60;252.16;253.91;251.42;236.53;240.02;232.72;235.82;241.40;227.69;230.25;232.47;235.80;253.83;255.90;253.81;255.45;247.49;245.93;241.48;236.30;239.29;242.47;272.29;273.45;272.97;260.22;253.00;259.76;261.76;259.76;255.40;248.51;251.78;257.04;264.47;270.31;283.09;280.22;275.93;268.74;268.73;270.28;275.30;273.64;271.15;279.11;272.30;278.87;286.95;287.80;272.66;282.12;288.06;289.58;283.71;281.63;289.18;292.65;273.64;263.29;269.34;264.85,QUESTIONABLE,Group classification: AEROSPACE-DEFENSE EQUIPMENT,
WWD,AEROSPACE,AEROSPACE-DEFENSE EQUIPMENT,50,341.80999755859375,-0.128187888223656,392.88;386.07;384.87;385.90;383.87;385.22;356.16;366.59;367.33;361.00;371.42;350.54;357.28;371.12;374.50;391.83;398.52;392.41;394.12;379.60;366.86;365.98;360.34;362.34;364.93;370.11;369.59;369.12;348.59;344.23;355.44;360.93;354.64;341.46;349.72;357.42;380.41;387.86;402.14;434.44;426.44;432.42;431.24;425.06;417.65;404.48;403.12;396.58;401.63;392.53;406.51;411.57;419.39;385.08;360.43;373.34;365.45;355.79;362.38;370.23;365.87;342.20;333.15;345.91;341.81,QUESTIONABLE,Group classification: AEROSPACE-DEFENSE EQUIPMENT,
CW,AEROSPACE,AEROSPACE-DEFENSE EQUIPMENT,22,596.3699951171875,-0.14653250765340176,698.24;699.85;701.51;678.22;705.98;692.11;655.57;679.11;691.15;688.07;701.77;663.33;680.89;694.64;699.64;722.27;733.76;731.69;735.40;719.26;725.25;716.91;695.99;712.90;728.70;724.18;728.33;750.74;712.48;704.71;726.63;750.40;747.47;719.74;733.63;732.89;733.32;756.97;762.59;777.29;783.82;762.92;747.27;757.76;760.23;766.54;759.71;740.06;751.64;707.84;722.09;750.03;743.83;679.41;724.00;757.31;714.04;694.35;723.71;699.31;695.67;648.28;614.97;619.46;596.37,QUESTIONABLE,Group classification: AEROSPACE-DEFENSE EQUIPMENT,
MOG-A,AEROSPACE,AEROSPACE-DEFENSE EQUIPMENT,88,374.6600036621094,0.08856577838667157,345.51;336.87;339.74;319.13;315.56;314.05;301.09;306.52;303.86;296.16;305.44;287.91;292.15;289.54;297.57;317.82;313.95;313.27;322.21;307.35;305.49;307.32;301.52;300.02;310.16;315.76;312.45;307.67;303.40;303.94;314.73;342.37;356.69;368.79;373.68;367.99;384.96;405.16;397.75;411.08;403.02;404.62;425.06;423.54;417.13;411.72;408.17;391.72;395.91;393.03;405.10;409.36;417.13;389.60;389.58;408.50;410.84;409.46;428.52;441.21;437.71;381.52;379.80;384.03;374.66,QUESTIONABLE,Group classification: AEROSPACE-DEFENSE EQUIPMENT,
AIR,AEROSPACE,AEROSPACE-DEFENSE EQUIPMENT,86,133.19000244140625,0.14140028841189856,117.06;117.17;116.84;110.71;107.87;108.32;101.91;108.76;109.21;103.49;118.52;107.25;109.46;109.78;113.86;123.04;123.77;122.75;123.04;116.54;112.08;110.20;105.69;110.35;111.90;117.82;117.57;107.47;104.55;100.89;108.44;112.74;114.97;109.99;111.36;116.65;120.13;127.23;131.18;132.14;134.28;132.94;143.14;142.93;140.11;136.63;136.57;130.90;135.73;135.34;141.40;129.47;136.92;135.40;140.04;149.43;146.40;142.69;148.16;145.25;149.02;132.39;134.64;138.58;133.19,QUESTIONABLE,Group classification: AEROSPACE-DEFENSE EQUIPMENT,
TGI,AEROSPACE,AEROSPACE-DEFENSE EQUIPMENT,,,,,QUESTIONABLE,Group classification: AEROSPACE-DEFENSE EQUIPMENT,
ATRO,AEROSPACE,AEROSPACE-DEFENSE EQUIPMENT,93,75.70999908447266,0.24331096759692228,62.92;64.34;60.40;60.27;59.33;58.41;51.02;56.07;54.59;52.70;54.57;51.70;53.26;55.74;57.33;58.89;59.32;60.86;61.43;60.56;58.12;58.59;53.46;56.83;58.88;62.21;60.49;63.92;62.72;63.35;63.76;67.39;70.37;67.92;66.65;67.61;67.51;75.66;75.69;80.06;81.85;84.86;84.32;81.26;70.83;70.19;71.86;72.03;71.46;67.26;69.00;71.00;70.24;65.14;69.49;75.58;76.04;75.46;87.89;93.45;86.12;76.06;74.75;77.51;75.71,QUESTIONABLE,Group classification: AEROSPACE-DEFENSE EQUIPMENT,
ADM,AGRICULTURE,AGRICULTURAL OPERATIONS,71,81.54000091552734,0.22024722779835315,66.59;68.16;67.12;65.68;67.05;69.92;71.06;71.20;67.76;67.12;70.74;71.30;71.76;72.88;71.23;69.45;68.93;66.09;66.18;68.94;69.13;69.64;73.32;73.98;78.18;76.54;78.82;81.83;79.37;78.37;76.63;77.52;79.54;82.10;83.58;80.41;79.61;78.40;78.77;76.02;75.81;74.61;76.31;75.92;76.31;77.71;78.48;81.52;81.78;85.36;85.66;85.81;82.67;79.87;78.77;79.37;77.02;79.98;79.23;79.94;81.93;81.70;78.16;80.09;81.54,HALAL,"Business activity permissible — debt ratio not verified, cross-check Musaffa/Zoya",
BG,AGRICULTURE,AGRICULTURAL OPERATIONS,53,115.4800033569336,-0.03637571160756958,119.90;119.18;115.20;111.82;117.34;121.22;123.21;124.42;120.55;119.35;123.87;127.15;125.65;127.84;125.48;121.46;121.99;118.54;117.80;124.29;124.88;122.53;124.77;123.09;128.79;122.24;124.60;124.48;120.96;120.77;118.99;119.35;122.92;129.16;130.59;125.67;125.89;124.50;122.23;115.41;110.72;108.31;109.85;106.06;105.79;110.22;112.91;116.66;114.99;118.40;120.79;121.53;116.76;107.10;105.56;106.06;108.32;111.94;111.05;112.98;114.36;116.57;110.16;113.25;115.48,HALAL,"Business activity permissible — debt ratio not verified, cross-check Musaffa/Zoya",
CALM,AGRICULTURE,AGRICULTURAL OPERATIONS,19,80.20999908447266,-0.042194676740128334,84.04;86.71;87.59;88.94;87.40;87.77;87.45;86.22;80.89;76.72;77.75;76.77;78.79;77.74;76.89;77.36;75.62;74.68;76.25;76.67;75.83;77.42;75.07;76.25;76.87;75.74;75.45;79.51;76.88;78.57;76.92;76.00;76.49;75.14;75.35;75.65;77.69;79.87;79.57;78.30;75.97;79.03;80.23;80.56;83.85;85.41;85.35;83.41;85.36;88.55;87.25;88.14;88.72;93.50;87.78;84.77;84.85;81.98;82.21;81.09;81.19;82.43;84.60;83.06;80.21,HALAL,"Business activity permissible — debt ratio not verified, cross-check Musaffa/Zoya",
FDP,AGRICULTURE,AGRICULTURAL OPERATIONS,,,,;;;;;;;;;;;;;;;;;;;;;;;;;;;;;;;;;;;;;;;;;;;;;;;;;29.33;;;;;;;;;;;;;;;,HALAL,"Business activity permissible — debt ratio not verified, cross-check Musaffa/Zoya",
ANDE,AGRICULTURE,AGRICULTURAL OPERATIONS,,,,,HALAL,"Business activity permissible — debt ratio not verified, cross-check Musaffa/Zoya",
VITL,AGRICULTURE,AGRICULTURAL OPERATIONS,3,10.789999961853027,-0.5780211149538224,24.79;21.09;20.30;19.89;19.10;17.62;17.21;15.70;15.33;13.69;13.54;13.14;14.12;12.59;13.55;12.99;12.75;12.26;12.29;13.13;12.73;13.17;12.10;14.18;12.80;9.52;8.74;8.33;8.48;9.17;9.24;9.87;10.45;10.07;9.87;10.04;10.48;11.00;10.61;10.85;10.08;11.11;11.19;11.63;12.76;13.15;12.96;12.78;13.59;13.55;13.11;12.75;13.29;13.68;12.73;12.15;12.51;11.26;11.52;10.90;11.01;10.62;11.08;10.94;10.79,HALAL,"Business activity permissible — debt ratio not verified, cross-check Musaffa/Zoya",
STZ,ALCOHOL_TOBACCO,BEVERAGES-ALCOHOLIC,13,130.69000244140625,-0.1682430417352644,152.89;155.59;153.77;145.18;146.82;147.80;147.98;149.48;149.72;150.27;149.38;149.22;147.84;149.02;151.62;160.72;162.23;161.59;159.94;154.69;157.02;152.85;149.22;151.63;148.63;149.08;141.30;139.42;141.24;145.32;149.65;146.49;141.02;135.18;134.34;139.81;138.99;142.00;146.97;137.87;140.40;141.90;145.16;138.00;136.40;130.73;131.40;133.46;130.61;131.83;129.64;128.26;128.70;130.72;130.23;131.42;132.52;133.39;133.96;139.18;131.00;134.14;137.60;134.45;130.69,HARAM,Group classification: BEVERAGES-ALCOHOLIC,
TAP,ALCOHOL_TOBACCO,BEVERAGES-ALCOHOLIC,16,41.459999084472656,-0.14314967699271397,46.47;47.92;47.01;46.07;45.47;44.44;43.09;42.10;41.78;41.44;40.78;42.89;42.55;43.52;44.52;44.15;44.12;43.79;44.06;43.07;42.36;42.09;41.91;41.64;41.69;42.62;40.95;40.93;40.36;41.45;42.03;40.74;40.09;39.03;38.62;39.06;40.52;40.93;40.89;39.05;39.64;40.53;41.48;38.96;39.78;39.27;38.74;39.88;39.61;40.93;40.86;40.04;41.13;42.76;41.56;42.29;42.41;42.52;41.57;42.77;41.13;42.61;42.99;42.09;41.46,HARAM,Group classification: BEVERAGES-ALCOHOLIC,
BUD,ALCOHOL_TOBACCO,BEVERAGES-ALCOHOLIC,52,80.12999725341797,0.016495552178248607,77.44;79.77;75.44;72.63;72.09;71.60;71.33;71.47;68.26;67.55;68.19;66.58;68.36;70.26;70.50;74.09;74.54;74.17;74.65;71.72;71.16;72.24;71.74;74.45;79.19;79.08;79.86;80.15;80.92;81.91;83.36;82.46;81.98;80.02;79.04;78.50;81.02;82.27;81.48;80.68;80.83;84.43;85.09;82.40;81.33;79.74;79.34;79.33;79.91;80.57;81.55;80.48;80.87;84.87;86.48;84.59;83.97;83.09;79.19;79.73;77.43;77.92;79.30;78.43;80.13,HARAM,Group classification: BEVERAGES-ALCOHOLIC,
DEO,ALCOHOL_TOBACCO,BEVERAGES-ALCOHOLIC,27,92.98999786376953,-0.05958332863962856,85.29;88.61;83.28;81.49;81.25;78.88;76.60;76.04;73.85;73.39;73.31;73.33;73.71;72.59;73.38;77.75;78.46;78.86;81.88;81.60;79.37;79.00;77.40;79.70;80.34;83.43;82.01;80.69;81.69;84.29;85.98;85.01;84.59;79.87;78.67;80.43;80.41;81.12;80.29;78.84;79.59;82.97;83.51;80.38;82.16;82.84;80.61;82.50;82.21;84.00;83.55;82.26;85.16;89.16;88.06;87.83;92.80;97.11;93.96;95.44;90.98;93.85;96.07;93.67;92.99,HARAM,Group classification: BEVERAGES-ALCOHOLIC,
SAM,ALCOHOL_TOBACCO,BEVERAGES-ALCOHOLIC,16,183.1300048828125,-0.18303889234916326,217.76;226.78;226.27;231.18;230.78;231.99;231.50;230.40;231.79;221.62;224.27;229.76;230.40;240.83;250.67;260.05;243.13;244.51;245.33;244.59;240.43;240.15;236.49;214.30;206.25;203.01;188.54;179.19;174.73;178.79;186.03;181.63;180.45;167.36;163.76;164.72;174.99;179.62;182.66;171.91;177.61;182.84;191.87;177.03;183.62;183.16;174.86;172.39;170.00;178.80;170.98;174.51;183.60;187.07;183.20;184.12;183.05;180.99;183.78;185.77;178.65;190.82;189.44;185.56;183.13,HARAM,Group classification: BEVERAGES-ALCOHOLIC,
MNST,ALCOHOL_TOBACCO,BEVERAGES-ALCOHOLIC,2,46.86000061035156,-0.4466879293955365,85.41;85.30;78.99;76.70;75.73;77.52;77.11;77.59;73.74;73.96;73.21;71.83;72.46;72.37;72.44;76.19;75.17;74.93;76.72;75.27;77.56;76.86;76.89;77.12;75.80;75.97;86.41;85.93;87.09;86.35;86.32;87.42;87.99;89.10;89.04;89.55;90.15;92.03;93.23;91.66;93.02;94.70;96.38;96.12;97.60;96.92;96.55;97.07;97.57;97.50;47.23;93.56;95.33;97.23;48.19;94.18;47.08;;45.98;46.82;47.38;47.49;48.92;47.81;46.86,HARAM,Group classification: BEVERAGES-ALCOHOLIC,
PM,ALCOHOL_TOBACCO,TOBACCO,55,191.88999938964844,0.0426666863442593,186.57;183.65;174.91;166.82;170.31;164.00;171.69;169.89;162.03;161.90;164.14;162.20;163.98;156.80;156.20;159.92;161.41;155.90;156.49;151.99;167.80;159.58;161.37;165.01;168.07;169.70;180.61;186.36;188.05;189.99;186.91;180.04;177.10;171.24;174.49;176.82;177.02;179.28;180.32;177.96;171.75;177.31;180.77;180.91;182.27;187.79;181.17;180.19;180.88;192.98;188.04;191.12;195.66;198.44;190.82;186.91;188.05;186.00;186.19;190.39;187.62;191.52;191.46;194.10;191.89,HARAM,Group classification: TOBACCO,
MO,ALCOHOL_TOBACCO,TOBACCO,42,68.6500015258789,0.027024809047038634,67.54;66.90;66.76;64.91;64.96;64.29;65.79;64.90;63.05;62.40;62.84;65.50;65.02;64.79;65.27;66.47;65.83;63.47;63.22;63.70;66.16;65.03;67.20;73.45;71.72;68.02;67.60;70.49;72.01;72.91;72.62;71.30;70.91;67.64;69.26;71.13;70.51;70.36;69.59;68.95;69.51;72.07;73.79;71.95;72.71;72.96;71.59;71.87;70.52;74.21;72.99;72.08;72.89;74.92;68.33;68.07;67.75;65.54;64.38;65.70;65.19;66.94;68.47;69.12;68.65,HARAM,Group classification: TOBACCO,
BTI,ALCOHOL_TOBACCO,TOBACCO,23,56.130001068115234,-0.07023816685151352,61.27;60.90;58.73;56.96;56.71;57.51;58.26;58.86;57.08;56.31;56.82;57.01;57.67;57.48;57.99;58.04;57.88;55.90;55.90;54.08;56.49;56.53;56.66;57.90;58.59;57.28;59.61;64.45;64.20;65.15;64.83;64.05;62.06;60.16;57.82;58.90;59.13;60.55;60.22;58.67;58.09;60.55;61.90;60.91;60.92;60.95;60.03;58.95;58.73;62.84;61.42;59.84;60.82;63.07;60.65;59.12;58.73;57.05;55.84;57.06;56.38;56.70;56.71;57.44;56.13,HARAM,Group classification: TOBACCO,
TPB,ALCOHOL_TOBACCO,TOBACCO,9,83.93000030517578,-0.3804375385858224,142.70;136.72;107.36;92.22;92.70;90.67;90.44;92.49;85.28;87.16;88.30;85.28;86.70;72.09;71.52;81.75;83.16;80.91;81.35;70.52;75.12;79.80;77.10;82.52;80.87;90.13;92.62;89.71;89.47;89.15;91.43;89.22;88.26;81.99;86.15;86.46;81.03;80.85;81.97;79.48;75.45;84.74;87.02;84.81;85.94;87.61;88.05;80.92;79.92;82.84;79.56;73.10;78.65;76.43;74.61;82.48;84.99;89.38;86.31;87.34;86.50;86.74;83.46;88.06;83.93,HARAM,Group classification: TOBACCO,
RL,APPAREL,APPAREL-CLOTHING MFG,37,354.0400085449219,-0.02509518848660708,375.12;360.73;359.01;351.59;342.34;337.20;329.02;347.41;338.45;337.36;344.14;327.02;343.15;347.17;348.68;384.20;376.06;368.46;385.94;385.83;370.24;369.48;358.57;361.33;359.14;352.69;342.26;330.81;326.01;319.91;373.99;380.85;369.87;365.42;358.55;365.66;390.21;392.34;411.35;402.87;409.92;413.24;411.16;401.41;398.22;395.31;387.58;374.49;374.08;380.45;382.93;371.69;379.94;375.68;380.34;377.92;395.83;406.89;396.35;388.92;378.25;372.52;370.82;362.32;354.04,HALAL,"Business activity permissible — debt ratio not verified, cross-check Musaffa/Zoya",
PVH,APPAREL,APPAREL-CLOTHING MFG,17,75.79000091552734,0.09755412283258424,68.61;68.53;66.50;65.62;64.53;61.01;60.85;63.45;63.97;66.28;67.05;66.37;69.73;77.08;82.60;91.05;88.98;87.16;94.13;98.77;95.31;93.35;90.96;91.60;88.29;88.59;83.27;80.26;79.42;79.39;86.68;94.38;96.75;93.35;98.00;77.80;79.92;81.81;83.26;76.42;77.97;72.71;74.38;74.26;75.23;77.05;77.29;77.78;78.67;78.15;78.65;77.80;83.93;88.34;86.66;88.78;86.55;87.13;81.59;82.47;78.73;76.09;77.03;78.51;75.79,HALAL,"Business activity permissible — debt ratio not verified, cross-check Musaffa/Zoya",
TPR,APPAREL,APPAREL-CLOTHING MFG,35,125.48999786376953,-0.1750947314109479,156.05;154.61;153.57;148.78;145.09;145.01;141.70;142.75;142.39;144.01;145.76;138.44;140.71;140.80;139.80;152.19;149.54;150.94;155.41;150.07;146.03;146.05;141.20;142.33;140.99;130.15;132.96;132.32;128.95;131.26;138.71;140.22;144.98;138.41;139.21;140.10;145.62;145.39;150.99;145.87;149.20;149.75;146.00;146.38;144.21;146.30;139.93;136.13;140.26;141.46;142.16;139.13;147.43;150.11;152.37;155.97;162.00;164.78;153.74;128.98;132.26;129.82;132.16;130.25;125.49,HALAL,"Business activity permissible — debt ratio not verified, cross-check Musaffa/Zoya",
CPRI,APPAREL,APPAREL-CLOTHING MFG,4,13.5,-0.34049826805843175,20.26;20.51;18.97;18.69;18.32;17.86;18.58;18.53;18.54;18.29;18.32;17.27;17.62;17.96;18.42;19.82;20.07;19.77;20.90;21.18;20.74;20.36;19.30;19.63;18.60;18.69;17.64;17.18;17.26;17.10;18.38;18.50;19.74;18.40;18.44;18.87;19.94;20.85;21.06;19.73;19.46;19.13;19.38;18.57;18.96;19.42;18.08;17.47;16.51;16.38;15.93;15.54;15.88;15.83;15.93;16.52;15.00;15.43;15.55;15.34;14.42;13.77;13.68;13.60;13.50,HALAL,"Business activity permissible — debt ratio not verified, cross-check Musaffa/Zoya",
LEVI,APPAREL,APPAREL-CLOTHING MFG,26,21.290000915527344,-0.009245750385420859,21.86;21.88;20.51;20.03;18.62;18.06;17.69;18.44;18.10;18.39;18.25;18.03;18.26;18.66;19.46;22.48;22.05;21.99;22.61;23.07;22.34;22.68;21.75;22.13;22.15;22.60;21.71;21.23;20.84;20.64;21.61;22.89;23.57;23.03;22.47;22.38;23.42;24.08;23.89;23.24;23.46;23.41;24.38;24.67;24.25;24.50;23.68;24.03;23.72;24.20;24.40;24.10;25.53;24.67;24.52;24.50;24.30;23.61;22.44;22.55;22.01;21.23;21.72;21.43;21.29,HALAL,"Business activity permissible — debt ratio not verified, cross-check Musaffa/Zoya",
VFC,APPAREL,APPAREL-CLOTHING MFG,11,13.670000076293945,-0.2980332145957423,19.34;19.22;18.59;18.07;17.09;16.27;15.88;16.50;16.40;16.85;17.12;16.31;16.90;16.78;16.86;18.27;18.34;19.54;20.89;21.38;19.91;19.26;18.15;18.91;18.22;18.96;17.85;17.04;16.59;16.65;16.09;16.62;17.84;16.61;16.32;16.50;16.92;17.49;17.97;16.70;17.03;17.22;17.37;16.68;16.30;16.45;16.53;16.88;17.24;16.98;16.91;16.53;17.12;15.08;14.32;15.23;14.75;14.90;14.57;14.87;14.31;13.95;14.31;13.89;13.67,HALAL,"Business activity permissible — debt ratio not verified, cross-check Musaffa/Zoya",
HBI,APPAREL,APPAREL-CLOTHING MFG,,,,,HALAL,"Business activity permissible — debt ratio not verified, cross-check Musaffa/Zoya",
GIL,APPAREL,APPAREL-CLOTHING MFG,13,53.119998931884766,-0.23866778594088356,70.34;67.20;65.95;64.93;60.81;60.92;57.89;57.98;56.00;56.61;57.39;53.95;55.15;53.97;53.62;56.88;58.48;56.76;59.35;59.97;59.31;57.35;55.76;60.96;59.19;58.87;57.17;56.19;55.99;54.21;57.90;59.61;60.87;58.90;57.93;57.36;58.93;59.44;61.70;52.90;51.86;53.84;52.59;51.37;51.28;51.78;50.67;51.45;52.22;53.84;53.50;49.38;50.46;51.03;55.14;56.51;57.92;57.24;57.01;56.47;55.52;55.45;54.95;53.58;53.12,HALAL,"Business activity permissible — debt ratio not verified, cross-check Musaffa/Zoya",
OXM,APPAREL,APPAREL-CLOTHING MFG,20,38.310001373291016,-0.01985530604680108,38.78;38.31;37.49;37.71;37.61;36.18;34.67;34.62;33.02;33.34;31.91;33.54;37.27;38.04;38.32;41.83;41.06;43.01;44.13;45.86;44.76;43.30;40.47;41.81;41.86;44.59;42.95;39.19;38.69;37.09;38.37;44.33;46.21;43.91;44.46;43.37;42.43;35.31;36.20;35.23;37.24;35.21;35.22;34.28;34.29;35.44;36.36;35.59;37.79;40.43;40.72;38.17;40.29;38.91;37.92;38.79;37.50;37.25;36.02;36.37;35.59;34.36;36.56;38.77;38.31,HALAL,"Business activity permissible — debt ratio not verified, cross-check Musaffa/Zoya",
GES,APPAREL,APPAREL-CLOTHING MFG,,,,,HALAL,"Business activity permissible — debt ratio not verified, cross-check Musaffa/Zoya",
NKE,APPAREL,APPAREL-SHOES & RELATED,4,39.599998474121094,-0.36250533041707933,62.42;61.22;58.86;57.51;56.03;55.21;53.50;54.63;52.97;52.24;52.51;50.91;52.35;43.80;42.31;43.61;42.53;45.04;45.62;45.98;44.38;44.74;44.00;44.01;42.68;44.02;42.01;41.96;41.51;42.04;44.00;44.54;46.95;45.93;43.81;42.98;44.65;45.96;45.20;44.19;43.19;41.82;40.75;41.05;44.09;43.21;42.78;43.76;42.77;43.76;42.96;40.99;42.14;43.22;41.71;41.53;42.00;42.11;40.51;40.73;40.06;40.21;40.75;38.59;39.60,HALAL,"Business activity permissible — debt ratio not verified, cross-check Musaffa/Zoya",
DECK,APPAREL,APPAREL-SHOES & RELATED,10,87.76000213623047,-0.2573410891420873,119.42;117.27;109.86;107.58;104.32;102.72;100.78;104.71;104.91;102.45;100.05;94.05;100.09;98.31;100.26;109.77;108.14;108.87;112.50;110.17;107.71;106.77;101.34;100.88;98.54;102.72;96.65;93.93;93.56;94.27;102.62;111.44;114.31;110.82;107.36;108.13;112.48;114.37;112.50;105.72;105.57;105.70;104.56;99.29;104.69;106.08;104.26;107.80;106.53;106.49;103.31;96.23;97.73;103.54;96.88;99.87;97.87;97.44;91.20;93.09;89.51;88.86;92.08;89.47;87.76,HALAL,"Business activity permissible — debt ratio not verified, cross-check Musaffa/Zoya",
CROX,APPAREL,APPAREL-SHOES & RELATED,76,122.2300033569336,0.2646663365463622,93.97;90.71;85.38;83.29;87.16;80.40;77.95;79.43;77.29;79.69;80.09;79.54;83.02;83.66;90.47;101.95;100.22;102.52;105.87;107.35;104.22;103.39;100.14;103.88;102.94;104.08;100.42;96.93;94.94;99.11;108.93;116.03;118.62;119.28;118.48;119.35;127.77;125.87;126.27;124.53;123.80;121.40;127.76;120.64;125.28;124.55;127.13;130.46;133.37;137.13;135.28;132.47;134.54;133.52;128.01;141.19;134.18;138.19;130.61;131.72;128.66;123.09;125.84;123.64;122.23,HALAL,"Business activity permissible — debt ratio not verified, cross-check Musaffa/Zoya",
SKX,APPAREL,APPAREL-SHOES & RELATED,,,,,HALAL,"Business activity permissible — debt ratio not verified, cross-check Musaffa/Zoya",
ONON,APPAREL,APPAREL-SHOES & RELATED,3,28.850000381469727,-0.3918633807626838,46.65;46.48;43.91;43.37;41.18;39.44;37.99;39.79;38.87;39.86;35.16;32.39;34.02;33.03;32.21;34.44;34.19;35.43;36.95;36.73;36.22;35.93;35.33;34.54;34.59;35.65;34.04;35.39;37.26;37.34;39.19;40.32;39.75;39.63;37.52;37.08;38.25;39.21;38.69;37.72;36.21;36.92;37.07;35.42;36.83;36.62;36.77;37.92;37.46;37.20;37.24;34.84;37.06;37.91;36.24;37.61;37.34;38.78;31.01;32.22;31.03;29.90;29.51;29.23;28.85,HALAL,"Business activity permissible — debt ratio not verified, cross-check Musaffa/Zoya",
BIRK,APPAREL,APPAREL-SHOES & RELATED,10,35.650001525878906,-0.07976251984277616,39.66;41.65;41.34;40.19;37.86;36.70;37.43;37.24;35.05;35.33;36.37;34.19;35.83;34.62;34.67;38.72;38.91;37.81;39.54;41.73;40.66;39.41;37.50;38.71;37.42;39.04;39.15;33.07;31.19;32.50;39.67;43.54;44.07;44.90;42.21;42.34;45.20;46.21;47.93;46.95;43.30;45.09;44.42;43.03;45.99;45.56;45.32;44.63;42.86;44.36;42.22;40.61;41.55;41.53;38.72;37.86;37.20;39.72;36.74;39.35;37.23;34.55;35.30;36.18;35.65,HALAL,"Business activity permissible — debt ratio not verified, cross-check Musaffa/Zoya",
WWW,APPAREL,APPAREL-SHOES & RELATED,54,20.34000015258789,0.19017128214400114,17.82;17.46;17.58;16.39;16.51;16.03;15.79;16.40;16.30;16.45;16.66;15.59;16.12;15.85;16.11;17.08;16.91;17.54;17.94;18.39;17.57;17.36;16.81;17.23;16.74;16.91;16.10;15.44;15.26;14.61;16.07;17.06;17.64;17.45;15.90;15.80;16.96;18.11;17.66;16.60;17.22;17.43;17.04;16.43;16.53;17.16;17.36;18.04;18.14;18.37;18.67;18.45;19.07;20.53;19.68;19.35;19.04;18.92;18.06;21.03;19.99;20.45;20.87;20.10;20.34,HALAL,"Business activity permissible — debt ratio not verified, cross-check Musaffa/Zoya",
SHOO,APPAREL,APPAREL-SHOES & RELATED,71,44.2400016784668,0.19999401930213323,35.43;35.71;35.47;34.37;33.26;33.88;31.22;32.88;33.04;33.48;33.83;32.95;33.76;33.83;34.96;38.00;37.44;38.20;39.61;39.21;37.78;37.65;36.79;37.32;37.51;39.45;38.70;38.33;38.60;38.05;41.15;42.55;43.19;42.97;43.59;43.82;44.96;45.89;45.42;42.84;42.73;42.29;43.22;42.10;39.92;39.89;40.32;42.36;43.26;43.42;43.05;42.09;43.53;43.40;46.08;48.86;48.26;48.88;47.70;47.14;46.75;45.71;45.91;45.11;44.24,HALAL,"Business activity permissible — debt ratio not verified, cross-check Musaffa/Zoya",
TSLA,AUTO,AUTO MANUFACTURERS,11,348.75,-0.12775426628246,417.40;402.51;392.43;405.55;398.68;407.82;391.20;399.27;380.30;380.85;385.95;361.83;371.75;360.59;346.65;345.62;352.42;391.95;400.62;386.42;373.72;378.67;372.80;390.82;389.37;411.79;445.00;445.27;422.24;404.11;417.85;433.59;442.10;415.88;423.70;391.00;396.68;399.15;411.15;396.38;405.05;375.53;379.71;420.60;393.45;402.90;406.55;394.76;394.46;380.84;378.93;319.69;309.22;298.32;311.21;327.35;319.53;330.88;327.51;342.27;336.87;345.13;348.95;345.82;348.75,HALAL,"Auto manufacturer — halal core; financing arm small — debt ratio not verified, cross-check Musaffa/Zoya",
F,AUTO,AUTO MANUFACTURERS,37,13.880000114440918,0.04158195093722972,14.10;13.77;12.41;12.06;11.91;11.83;11.40;11.67;11.37;11.49;11.40;11.11;11.27;11.33;11.25;11.96;11.88;12.42;12.57;12.49;12.19;12.20;11.96;11.61;11.42;11.90;11.77;13.42;13.26;12.92;13.52;15.16;16.47;16.45;15.54;14.74;14.79;14.55;14.61;13.81;13.96;13.69;13.98;13.75;13.22;13.41;13.46;13.70;14.03;14.08;14.12;14.00;14.52;15.12;14.52;14.09;13.64;13.85;13.83;14.37;13.93;13.99;13.93;13.90;13.88,QUESTIONABLE,Ford — high debt ratio plus Ford Credit lending arm,
GM,AUTO,AUTO MANUFACTURERS,66,86.2699966430664,0.08789482626614853,82.06;78.35;76.92;75.86;74.53;74.63;72.23;73.88;73.63;75.56;76.44;72.82;74.34;72.38;72.60;76.56;76.66;77.61;81.14;78.88;78.35;77.79;76.45;75.61;75.99;78.24;75.13;75.65;74.70;72.47;77.04;79.62;84.17;82.50;81.52;82.11;83.76;80.85;84.07;79.58;80.43;78.95;78.10;77.08;76.00;76.03;76.65;76.72;77.64;76.07;79.52;80.67;87.04;89.40;88.86;88.31;86.94;87.96;86.76;86.77;83.71;86.15;86.98;86.33;86.27,QUESTIONABLE,GM — GM Financial lending arm,
STLA,AUTO,AUTO MANUFACTURERS,3,5.420000076293945,-0.28684208627552843,7.71;8.09;7.49;7.27;7.07;6.89;6.50;6.71;6.50;6.59;6.88;6.71;7.09;7.55;7.42;7.93;7.98;8.30;8.62;8.59;8.29;7.99;7.70;7.13;7.20;7.48;7.46;7.60;7.49;7.35;7.56;7.81;8.20;7.82;7.35;7.11;7.04;6.89;7.04;6.47;6.38;5.84;5.68;5.74;5.81;5.65;5.33;5.57;5.90;5.79;5.78;5.75;5.70;6.01;5.76;5.86;5.55;5.58;5.35;5.36;5.05;5.26;5.22;5.15;5.42,HALAL,"Business activity permissible — debt ratio not verified, cross-check Musaffa/Zoya",
TM,AUTO,AUTO MANUFACTURERS,24,194.47999572753906,-0.1829601448350957,241.73;242.38;232.17;221.48;219.53;220.77;210.84;213.07;208.93;210.64;210.93;206.73;206.09;207.01;203.66;211.14;211.06;213.18;217.20;203.97;196.08;192.17;191.26;188.71;189.99;189.00;183.80;186.89;190.68;185.47;189.66;190.09;191.84;182.92;180.22;177.16;175.78;174.95;180.22;172.77;169.73;167.76;171.48;168.42;174.59;179.43;174.32;174.75;176.92;177.61;180.34;176.80;182.15;192.84;188.99;189.17;187.49;188.78;188.22;191.11;188.25;192.24;193.81;191.84;194.48,HALAL,"Business activity permissible — debt ratio not verified, cross-check Musaffa/Zoya",
HMC,AUTO,AUTO MANUFACTURERS,49,31.860000610351562,0.05952779959074772,30.12;30.16;28.30;27.47;27.87;27.54;25.78;25.48;24.61;24.74;24.77;24.34;24.31;24.15;23.49;24.37;24.20;24.26;25.00;24.94;24.48;24.37;24.00;24.09;24.16;24.06;23.98;24.37;26.18;25.32;26.26;26.42;27.29;26.24;27.71;26.70;26.71;27.07;26.97;26.19;25.99;25.76;26.83;27.11;28.02;28.50;27.59;27.84;27.89;28.16;28.56;27.99;29.13;30.68;30.11;30.12;30.73;31.72;31.31;31.58;31.95;32.60;32.59;31.41;31.86,HALAL,"Business activity permissible — debt ratio not verified, cross-check Musaffa/Zoya",
RIVN,AUTO,AUTO MANUFACTURERS,55,16.06999969482422,0.07419783782398559,15.25;15.33;15.10;15.19;15.87;16.65;14.86;15.82;16.12;15.77;15.62;14.77;15.05;15.40;14.69;15.24;15.90;16.41;17.23;17.15;16.95;16.72;16.06;15.02;14.60;14.18;14.08;14.27;13.79;12.90;14.15;14.39;15.20;16.95;18.27;16.35;15.73;15.54;16.68;16.26;15.10;14.64;15.63;17.35;18.63;16.49;18.12;17.31;17.80;17.45;17.76;16.46;16.48;16.33;15.22;15.76;15.38;16.39;15.93;15.36;14.78;16.01;16.60;16.33;16.07,HALAL,"Rivian — pure EV manufacturer — debt ratio not verified, cross-check Musaffa/Zoya",
LCID,AUTO,AUTO MANUFACTURERS,2,5.010000228881836,-0.4692796131799817,10.28;10.00;10.11;9.84;10.40;10.68;9.90;10.32;10.30;10.31;10.68;9.40;9.53;9.96;8.83;8.77;9.24;8.21;7.30;7.11;6.27;5.93;5.76;6.54;6.25;6.05;6.03;6.39;6.04;5.61;5.84;5.97;6.46;6.65;5.72;5.11;5.15;5.17;5.25;5.14;5.16;5.15;5.92;6.69;6.08;5.99;5.83;5.51;5.95;7.36;7.32;6.45;6.50;7.96;7.38;7.78;6.98;6.61;6.54;6.22;5.77;5.62;5.09;4.95;5.01,HALAL,"Lucid — pure EV manufacturer — debt ratio not verified, cross-check Musaffa/Zoya",
FFIE,AUTO,AUTO MANUFACTURERS,,,,,HALAL,"Business activity permissible — debt ratio not verified, cross-check Musaffa/Zoya",
APTV,AUTO,AUTO/TRUCK-ORIGINAL EQUIPMENT,3,45.75,-0.4048393604092301,76.44;73.54;71.40;72.21;72.85;70.32;70.50;72.02;69.17;70.98;70.89;67.04;69.44;60.99;58.22;60.12;59.36;58.46;59.62;60.80;60.41;60.07;58.33;60.49;54.83;57.11;55.41;54.21;54.34;52.57;55.85;58.76;63.67;68.60;76.82;68.60;68.48;67.96;66.62;62.87;63.57;60.42;60.32;61.38;58.89;58.85;59.86;59.23;58.96;57.47;57.91;56.10;57.45;57.97;56.47;47.72;46.30;49.81;48.48;49.56;48.60;47.03;47.34;46.27;45.75,HALAL,"Business activity permissible — debt ratio not verified, cross-check Musaffa/Zoya",
BWA,AUTO,AUTO/TRUCK-ORIGINAL EQUIPMENT,66,64.08999633789062,0.10765558235850592,59.13;57.26;53.99;52.61;53.12;52.84;50.44;52.19;52.31;53.98;55.99;54.11;54.13;52.70;52.27;54.84;53.43;52.37;55.53;54.61;56.01;55.26;54.08;56.64;57.12;58.04;63.00;66.71;63.06;60.99;63.40;68.10;71.14;71.06;76.55;72.63;73.27;74.85;73.52;70.54;72.34;68.19;68.11;66.40;63.52;64.07;64.73;63.64;64.01;62.44;63.63;64.33;63.68;62.20;63.74;63.04;65.80;69.28;68.85;68.66;67.95;64.80;64.36;64.69;64.09,HALAL,"Business activity permissible — debt ratio not verified, cross-check Musaffa/Zoya",
MGA,AUTO,AUTO/TRUCK-ORIGINAL EQUIPMENT,66,65.86000061035156,0.05432906689077854,63.15;62.11;60.86;60.00;56.95;56.97;54.24;55.13;51.82;52.98;55.28;53.57;54.98;54.34;53.33;56.91;57.40;55.59;59.66;60.76;61.28;61.36;60.86;59.93;59.16;60.33;61.61;61.49;59.97;59.00;62.64;64.74;65.65;64.69;67.67;65.62;65.62;65.30;66.59;64.43;65.49;63.62;64.10;65.20;62.25;63.85;63.79;63.62;65.82;65.99;67.39;65.29;66.68;68.61;68.11;69.54;67.34;69.40;69.22;70.24;70.27;70.39;67.80;66.00;65.86,HALAL,"Business activity permissible — debt ratio not verified, cross-check Musaffa/Zoya",
DAN,AUTO,AUTO/TRUCK-ORIGINAL EQUIPMENT,59,30.350000381469727,-0.11895190091419561,35.38;33.97;33.41;33.65;32.56;31.74;31.13;32.53;31.63;32.42;33.40;32.29;33.39;33.14;33.09;35.85;36.40;35.09;36.77;37.59;38.08;38.18;35.54;35.59;34.36;34.29;33.71;34.14;32.95;32.01;33.71;35.04;36.01;34.45;36.39;35.21;36.39;29.98;29.35;28.29;29.70;28.16;28.01;27.09;24.80;25.32;26.27;27.12;27.60;26.44;27.31;27.51;27.12;26.69;26.81;27.45;27.20;29.84;29.70;30.35;30.79;30.75;30.15;30.08;30.35,HALAL,"Business activity permissible — debt ratio not verified, cross-check Musaffa/Zoya",
LEA,AUTO,AUTO/TRUCK-ORIGINAL EQUIPMENT,35,124.0199966430664,-0.05571006288044067,132.08;129.75;122.19;121.33;119.65;117.32;113.56;118.00;114.98;118.26;121.59;117.64;120.45;117.92;117.38;124.53;122.58;118.17;124.73;127.80;129.04;124.95;123.19;131.72;130.96;134.58;136.66;136.89;132.03;128.11;137.71;142.67;146.16;143.19;144.88;141.50;142.16;145.00;144.44;137.92;140.71;135.58;136.84;134.06;130.85;131.35;134.76;135.30;140.39;141.72;142.82;142.43;145.00;147.51;130.64;125.93;119.08;120.87;121.23;124.95;123.90;125.43;122.90;124.42;124.02,HALAL,"Business activity permissible — debt ratio not verified, cross-check Musaffa/Zoya",
ALV,AUTO,AUTO/TRUCK-ORIGINAL EQUIPMENT,29,122.06999969482422,0.018068017553064752,118.94;116.72;111.36;109.60;108.63;106.82;102.14;103.42;100.97;103.57;104.32;101.76;104.37;104.50;103.35;109.15;109.55;108.34;118.02;116.80;115.43;115.11;112.46;115.30;116.56;120.10;119.62;120.47;113.99;114.68;120.24;127.26;128.94;127.71;130.42;127.56;126.14;129.20;125.79;116.32;118.34;118.90;119.17;116.17;116.24;118.96;118.95;121.88;122.78;120.26;117.51;115.21;119.62;124.77;123.17;124.58;120.57;121.74;120.82;122.11;120.28;121.69;123.18;123.53;122.07,HALAL,"Business activity permissible — debt ratio not verified, cross-check Musaffa/Zoya",
VC,AUTO,AUTO/TRUCK-ORIGINAL EQUIPMENT,18,102.0199966430664,0.08075304081801216,98.89;94.99;94.07;90.31;91.53;90.38;88.81;87.29;84.71;85.73;87.33;87.55;90.82;91.09;92.50;96.34;93.13;92.88;98.34;101.03;109.05;112.78;107.90;110.50;109.88;111.99;115.64;114.59;110.14;104.67;110.40;116.29;118.74;118.15;123.15;117.46;119.35;120.05;116.89;110.40;120.00;118.16;103.08;99.21;102.45;105.77;106.84;103.54;105.59;104.85;104.03;100.11;105.54;106.72;104.54;105.40;103.20;104.79;106.39;108.22;105.56;105.34;101.86;103.69;102.02,HALAL,"Business activity permissible — debt ratio not verified, cross-check Musaffa/Zoya",
GNTX,AUTO,AUTO/TRUCK-ORIGINAL EQUIPMENT,19,22.670000076293945,-0.027897701964862853,23.32;23.15;22.76;22.27;21.52;21.40;20.75;21.01;20.69;20.98;21.70;21.49;21.62;21.28;21.13;22.10;22.02;21.58;22.52;22.63;22.92;23.74;22.79;22.64;22.82;22.96;23.08;22.79;22.76;22.56;23.28;23.81;23.96;23.96;24.88;24.51;24.72;25.57;25.91;25.25;25.57;24.92;25.52;25.14;24.39;23.92;23.86;23.91;24.27;24.35;23.96;23.80;22.92;23.97;23.36;24.12;23.54;23.85;23.40;23.87;23.68;23.59;23.59;23.87;22.67,HALAL,"Business activity permissible — debt ratio not verified, cross-check Musaffa/Zoya",
MOD,AUTO,AUTO/TRUCK-ORIGINAL EQUIPMENT,19,177.6300048828125,-0.2016628994030899,230.19;227.25;212.32;204.77;201.07;200.63;188.54;196.09;200.87;211.47;232.89;213.96;216.71;219.32;214.00;241.52;256.99;238.14;243.71;247.49;250.57;244.95;233.39;266.83;271.60;269.65;284.80;279.20;271.26;244.49;250.11;295.88;270.70;288.52;302.03;276.51;278.18;271.51;285.72;283.88;295.58;276.70;255.99;267.02;230.97;230.41;243.50;234.28;231.96;229.34;247.09;249.62;230.40;178.04;201.06;201.71;192.52;191.01;199.53;209.50;200.66;190.74;188.37;187.30;177.63,HALAL,"Business activity permissible — debt ratio not verified, cross-check Musaffa/Zoya",
AAP,AUTO,AUTO/TRUCK-REPLACEMENT PARTS,6,42.900001525878906,-0.2182169569671597,49.99;52.69;51.45;50.80;50.63;52.85;51.27;51.46;47.91;50.29;52.26;51.11;52.28;51.37;52.20;56.02;56.10;56.62;57.23;58.46;57.90;57.61;55.51;58.66;56.64;56.97;51.59;49.04;46.96;49.30;58.35;54.88;59.59;59.03;56.86;56.55;59.77;60.34;60.76;57.84;55.17;57.68;61.90;61.94;61.25;55.61;54.75;55.31;52.09;53.16;55.64;53.42;57.73;58.43;55.54;58.83;57.92;55.73;53.52;56.55;56.96;42.39;43.63;44.05;42.90,HALAL,"Business activity permissible — debt ratio not verified, cross-check Musaffa/Zoya",
AZO,AUTO,AUTO/TRUCK-REPLACEMENT PARTS,10,2961.9599609375,-0.2264948813141987,3671.82;3755.58;3637.17;3742.02;3672.68;3712.42;3562.85;3439.64;3341.58;3353.24;3386.14;3316.71;3377.78;3400.54;3387.00;3548.19;3514.47;3536.42;3572.38;3606.18;3597.20;3562.26;3523.56;3594.08;3540.92;3554.88;3427.80;3366.79;3321.15;3347.28;3438.18;3100.11;3007.08;3020.95;3061.65;3116.43;3137.75;3081.62;3105.48;3059.63;2949.06;3087.77;3128.70;3195.94;3159.28;3074.86;3010.39;3078.98;2970.57;3046.44;3013.03;2923.50;3075.26;3142.17;3016.25;3028.03;3069.62;3067.99;3045.87;3025.00;3073.20;2961.99;3009.44;2999.00;2961.96,HALAL,"Business activity permissible — debt ratio not verified, cross-check Musaffa/Zoya",
ORLY,AUTO,AUTO/TRUCK-REPLACEMENT PARTS,17,88.5,-0.0718405724566451,91.44;93.88;93.87;94.36;94.61;94.39;91.54;89.39;87.91;88.70;91.16;90.11;92.31;91.42;91.36;94.40;94.01;93.60;93.71;93.81;93.24;91.97;91.69;96.67;95.00;94.58;91.35;89.70;88.49;91.92;92.34;89.87;89.23;86.64;87.38;90.33;89.49;90.10;90.26;88.40;85.63;87.82;89.55;92.09;90.25;86.65;85.12;87.28;82.73;86.05;87.97;86.11;90.59;90.63;89.35;91.83;93.37;92.23;92.05;91.05;90.76;89.08;90.68;89.55;88.50,HALAL,"Business activity permissible — debt ratio not verified, cross-check Musaffa/Zoya",
GPC,AUTO,AUTO/TRUCK-REPLACEMENT PARTS,72,137.50999450683594,0.20765751879072036,114.61;116.90;114.12;114.80;110.63;108.02;104.60;101.71;98.02;99.97;103.99;103.89;104.61;102.35;102.72;107.39;108.61;109.25;112.56;113.76;108.61;105.41;102.17;103.86;103.17;104.12;100.33;97.80;91.87;91.47;96.57;96.00;98.19;96.21;97.22;98.15;99.41;102.26;104.64;106.12;105.11;110.73;116.02;117.98;132.57;128.67;124.27;123.52;121.00;124.82;119.12;120.05;127.70;129.98;124.37;132.55;132.79;134.54;134.01;135.03;131.89;132.92;135.69;139.49;137.51,HALAL,"Business activity permissible — debt ratio not verified, cross-check Musaffa/Zoya",
DORM,AUTO,AUTO/TRUCK-REPLACEMENT PARTS,27,129.35000610351562,0.014509851792279482,114.50;117.86;116.22;112.12;107.75;105.66;102.81;101.30;102.40;103.86;106.95;104.56;104.36;100.90;101.24;109.92;109.71;106.72;110.66;110.26;109.35;110.25;110.07;112.88;119.52;124.52;121.01;116.32;116.16;112.83;118.70;120.28;125.05;122.71;124.75;127.03;127.98;128.21;126.14;122.77;124.72;131.87;134.69;136.45;137.65;139.64;136.48;138.91;137.55;141.97;137.47;132.35;136.44;141.29;133.16;147.80;137.58;133.27;133.63;136.39;132.82;131.37;131.09;129.40;129.35,HALAL,"Business activity permissible — debt ratio not verified, cross-check Musaffa/Zoya",
SMP,AUTO,AUTO/TRUCK-REPLACEMENT PARTS,20,37.0099983215332,-0.13788577415189884,42.37;39.01;38.30;37.10;36.25;35.69;35.79;34.91;34.33;35.10;36.04;35.20;34.15;34.95;34.83;37.08;37.10;36.07;37.23;37.43;37.43;37.24;36.27;37.86;38.45;38.67;38.34;37.66;36.69;35.80;37.32;37.81;40.25;38.38;38.53;38.90;38.98;38.83;38.69;37.87;38.57;39.10;40.29;38.64;37.61;37.12;36.81;37.32;37.74;38.26;38.00;37.77;38.61;40.17;37.91;40.76;39.00;39.29;38.94;38.94;38.90;38.22;37.52;37.11;37.01,HALAL,"Business activity permissible — debt ratio not verified, cross-check Musaffa/Zoya",
HSBC,BANKS,BANKS-FOREIGN,83,103.52999877929688,0.2305697541324192,90.68;89.68;82.29;82.54;82.29;82.76;77.39;80.07;78.64;79.01;80.38;78.38;81.64;83.54;84.27;89.34;90.04;89.99;91.21;89.71;88.72;89.03;88.36;91.00;86.50;88.05;89.62;89.70;87.96;88.04;91.61;93.29;92.50;92.73;93.19;90.36;88.91;90.28;92.47;94.77;96.05;93.40;93.30;94.63;96.31;96.93;97.55;97.62;99.98;100.13;100.63;101.26;103.47;102.11;105.91;105.53;102.07;102.82;103.62;103.79;103.18;102.33;104.09;103.65;103.53,HARAM,Group classification: BANKS-FOREIGN,
BCS,BANKS,BANKS-FOREIGN,65,26.860000610351562,0.0817080237517751,25.35;24.01;22.81;22.18;21.72;21.95;20.24;20.91;20.57;20.45;20.91;20.02;20.92;21.56;21.67;23.14;23.57;23.64;24.03;23.15;22.52;22.83;22.74;23.17;22.58;23.03;22.91;22.59;22.28;22.38;23.70;24.26;24.07;24.25;24.42;24.00;24.05;24.48;25.36;26.04;26.99;26.30;26.42;26.56;27.46;27.11;26.94;26.99;28.04;27.51;27.62;27.35;28.24;25.76;27.19;27.71;27.87;27.98;28.04;28.14;27.37;26.49;26.97;27.13;26.86,HARAM,Group classification: BANKS-FOREIGN,
MUFG,BANKS,BANKS-FOREIGN,80,22.899999618530273,0.20273101456917764,18.63;18.64;17.51;17.23;17.28;16.97;16.43;16.84;16.90;16.66;16.96;16.33;16.97;17.48;17.64;18.15;18.23;18.45;18.51;17.53;17.22;17.44;17.44;17.69;17.76;18.00;18.19;18.61;18.84;19.45;19.38;19.33;18.82;18.89;19.45;19.91;19.83;20.08;20.18;20.75;20.86;19.81;20.16;19.89;20.61;21.29;21.25;21.94;22.77;21.32;22.12;22.62;23.10;21.94;22.45;21.83;22.52;22.24;22.76;23.06;22.72;21.56;21.96;22.44;22.90,HARAM,Group classification: BANKS-FOREIGN,
SMFG,BANKS,BANKS-FOREIGN,79,25.920000076293945,0.12207790685087416,22.48;22.44;20.69;20.30;20.33;20.09;19.10;19.59;19.54;19.53;19.93;19.05;19.75;20.43;20.47;21.27;21.41;21.52;21.66;20.38;20.10;20.35;20.77;21.15;21.20;21.48;21.78;22.33;21.84;22.39;22.92;22.93;22.29;22.13;22.97;23.16;23.07;23.82;24.30;24.54;25.03;23.62;23.83;23.58;24.53;25.31;25.48;25.96;26.50;24.95;25.92;25.91;26.34;24.96;25.88;24.86;25.73;25.32;26.05;26.32;25.81;24.54;25.00;25.42;25.92,HARAM,Group classification: BANKS-FOREIGN,
ITUB,BANKS,BANKS-FOREIGN,31,7.5,-0.16546728693779178,9.08;8.87;8.24;8.10;8.13;8.28;7.82;7.98;7.96;8.05;8.12;7.78;8.29;8.25;8.30;8.91;9.07;9.29;9.28;8.99;8.72;8.71;8.44;8.53;8.48;8.10;8.10;7.77;7.76;7.60;7.92;7.86;7.80;7.71;7.51;7.46;7.46;7.83;7.87;7.89;7.92;7.87;8.22;8.16;8.12;8.23;8.28;8.47;8.45;8.20;8.40;8.35;8.37;8.15;8.46;8.19;8.18;7.88;7.40;7.40;7.27;7.17;7.52;7.61;7.50,HARAM,Group classification: BANKS-FOREIGN,
BSAC,BANKS,BANKS-FOREIGN,67,35.13999938964844,0.04023292299134362,34.17;32.30;29.49;29.48;30.69;30.81;29.11;30.02;30.65;30.58;30.92;30.05;31.82;31.63;31.55;33.20;33.65;33.86;34.36;32.54;31.86;31.84;30.58;31.33;30.36;30.53;29.79;29.97;30.18;30.23;31.51;32.09;31.80;30.98;30.25;30.02;31.40;32.42;33.18;32.82;32.88;31.46;32.12;32.93;32.66;33.70;33.43;33.56;33.72;32.83;34.03;33.74;34.46;34.20;34.61;34.73;35.70;35.48;34.01;34.55;34.44;34.57;36.10;35.31;35.14,HARAM,Group classification: BANKS-FOREIGN,
BBVA,BANKS,BANKS-FOREIGN,85,29.0,0.2623558814674938,23.05;22.43;20.25;20.88;20.92;21.22;19.83;20.25;20.31;20.79;20.84;19.80;21.00;21.26;21.55;22.70;23.42;23.31;23.85;22.47;21.62;22.01;21.29;22.00;21.39;21.87;21.94;21.80;21.89;21.63;22.71;23.25;23.13;23.17;22.65;22.22;22.53;23.15;23.83;24.47;24.85;24.16;24.37;25.06;25.60;26.07;25.36;25.39;25.54;25.14;25.66;25.31;26.59;25.66;27.95;28.12;28.14;28.35;28.50;28.70;28.79;28.63;29.21;29.03;29.00,HARAM,Group classification: BANKS-FOREIGN,
SAN,BANKS,BANKS-FOREIGN,79,14.670000076293945,0.16660396033521807,13.05;12.21;10.90;11.06;11.06;11.23;10.64;10.87;10.81;11.01;11.05;10.52;11.14;11.27;11.28;12.03;12.17;12.34;12.72;12.18;11.75;11.85;11.83;11.92;11.88;12.18;12.13;11.94;11.74;11.78;12.33;12.49;12.41;12.34;12.16;12.15;12.27;12.56;13.14;13.33;13.71;13.37;13.39;13.80;13.95;14.19;13.79;13.66;13.82;13.55;13.65;13.21;13.99;13.38;14.10;14.47;14.65;14.69;14.82;14.76;14.24;14.21;14.72;14.70;14.67,HARAM,Group classification: BANKS-FOREIGN,
DB,BANKS,BANKS-FOREIGN,67,40.36000061035156,0.1619968083926313,34.87;34.17;31.89;31.32;30.49;30.42;27.94;28.92;28.37;28.24;28.68;27.37;28.73;28.72;29.08;31.39;31.60;32.33;32.50;31.42;30.29;30.80;29.59;30.02;29.56;30.37;30.65;30.74;29.81;29.88;31.74;32.31;31.94;32.19;31.26;31.51;31.90;32.21;34.50;35.05;36.09;34.00;33.53;33.76;35.86;36.64;35.40;35.24;36.56;35.20;35.37;34.14;35.50;35.47;36.70;37.47;37.63;38.27;38.51;38.56;38.09;37.56;38.42;40.23;40.36,HARAM,Group classification: BANKS-FOREIGN,
ING,BANKS,BANKS-FOREIGN,79,35.2400016784668,0.25318138084629505,28.31;27.55;25.71;25.71;25.54;26.02;24.43;24.96;24.84;24.60;24.65;23.74;24.94;25.43;25.75;27.42;27.94;28.26;28.49;28.12;27.36;27.71;27.30;28.18;28.05;29.40;29.71;29.30;29.04;28.86;30.27;30.92;30.44;30.44;30.04;29.29;28.89;29.30;30.04;30.84;31.79;30.65;30.38;30.98;31.69;31.83;32.08;31.89;32.88;31.92;32.68;32.02;33.06;32.09;34.48;34.89;35.25;35.24;35.61;35.70;35.49;34.50;35.03;35.57;35.24,HARAM,Group classification: BANKS-FOREIGN,
FITB,BANKS,BANKS-MIDWEST,66,54.540000915527344,0.0929427604763764,50.74;48.68;48.78;47.91;46.23;44.34;42.71;43.52;42.96;44.65;45.08;43.83;46.13;46.78;47.45;49.87;49.49;49.49;49.99;50.74;50.53;49.98;49.44;50.07;49.95;49.32;48.31;46.84;47.02;47.26;48.81;49.47;49.53;48.22;49.14;51.64;52.34;53.04;52.63;52.21;53.23;54.57;55.91;56.37;57.16;57.92;56.54;57.18;57.94;58.01;57.66;57.15;57.00;56.57;56.50;57.77;56.96;57.13;58.01;58.06;57.29;54.50;54.90;55.10;54.54,HARAM,Group classification: BANKS-MIDWEST,
HBAN,BANKS,BANKS-MIDWEST,43,16.920000076293945,0.009747397903252075,16.95;16.48;16.43;16.36;15.81;15.34;14.92;15.10;15.03;15.15;15.40;14.95;15.51;15.65;15.74;16.44;16.47;16.52;16.70;16.82;16.68;16.38;16.16;16.48;16.26;16.05;15.82;15.21;15.27;15.32;15.71;15.92;15.98;15.69;15.79;16.37;16.67;17.06;17.06;16.85;17.05;17.58;17.79;17.73;17.86;18.01;17.76;17.93;18.12;18.25;18.17;17.40;17.16;16.84;17.04;17.56;17.36;17.60;17.86;17.91;17.66;17.01;17.04;17.04;16.92,HARAM,Group classification: BANKS-MIDWEST,
KEY,BANKS,BANKS-MIDWEST,57,21.90999984741211,0.06359427394319717,21.05;20.34;20.27;20.17;19.50;19.46;18.71;18.91;19.09;19.46;19.80;19.26;19.85;20.27;20.42;21.44;21.51;21.36;21.59;21.88;21.79;21.70;21.46;21.66;21.66;21.48;21.10;20.55;20.83;20.71;21.28;21.56;21.13;20.69;20.88;21.76;22.10;22.33;22.42;22.60;22.83;23.12;23.26;23.05;23.02;23.37;23.10;23.22;23.53;23.55;22.95;22.72;22.51;22.18;22.59;23.10;22.66;22.68;22.89;23.31;22.79;21.85;21.87;22.09;21.91,HARAM,Group classification: BANKS-MIDWEST,
CFG,BANKS,BANKS-MIDWEST,75,69.70999908447266,0.13085876922063933,62.21;59.37;58.87;58.73;57.52;57.72;54.89;56.32;56.28;57.19;58.62;57.00;59.16;60.16;60.77;64.09;63.88;64.31;63.58;64.42;64.29;63.90;63.53;64.00;63.94;63.81;61.76;60.04;60.47;60.93;62.38;63.24;62.01;60.39;61.13;63.57;65.25;66.08;66.22;66.35;67.55;69.01;69.95;69.62;70.52;71.32;69.41;69.91;70.66;71.92;71.54;71.34;70.64;70.85;71.65;73.68;72.43;72.67;73.91;74.73;73.46;69.71;70.23;70.49;69.71,HARAM,Group classification: BANKS-MIDWEST,
CMA,BANKS,BANKS-MIDWEST,,,,,HARAM,Group classification: BANKS-MIDWEST,
FCNCA,BANKS,BANKS-MIDWEST,58,2194.070068359375,0.11850780346452106,1991.52;1896.17;1971.12;1940.14;1905.54;1856.88;1766.19;1786.41;1801.35;1854.59;1872.93;1833.75;1882.69;1904.64;1918.95;1996.20;1998.72;1984.93;2028.04;2051.75;1974.30;1971.47;1970.35;1983.31;2000.05;1951.38;1917.93;1907.53;1926.37;1924.73;1987.40;1994.83;2006.93;1939.71;1955.08;2075.10;2100.68;2117.01;2068.75;2089.82;2084.99;2117.29;2078.93;2080.79;2082.99;2092.43;2083.00;2106.06;2070.62;2122.13;2071.16;2212.77;2137.36;2171.89;2186.65;2251.82;2237.51;2233.35;2271.31;2291.33;2207.67;2151.23;2183.05;2177.22;2194.07,HARAM,Group classification: BANKS-MIDWEST,
ONB,BANKS,BANKS-MIDWEST,61,25.850000381469727,0.0844805876314827,24.11;22.82;23.18;22.76;22.25;21.75;21.38;21.31;21.09;21.42;21.64;21.30;21.97;22.07;22.37;23.50;23.47;23.22;23.82;23.63;23.84;23.61;23.41;23.92;24.00;24.03;24.01;23.30;23.15;23.01;23.68;24.11;23.85;23.23;23.17;23.96;24.28;24.69;24.76;24.61;25.01;25.65;25.88;25.90;26.00;26.43;26.17;26.33;26.38;26.74;26.17;26.11;26.41;26.68;26.64;27.15;26.67;26.52;27.08;27.17;26.66;25.83;25.77;25.78;25.85,HARAM,Group classification: BANKS-MIDWEST,
JPM,BANKS,BANKS-NORTHEAST,70,357.6199951171875,0.21298566815852737,300.40;297.43;297.39;290.75;287.15;284.77;280.73;284.15;285.22;287.14;292.60;280.14;291.35;291.79;296.07;308.94;312.27;304.56;308.90;311.60;310.29;310.23;307.86;311.07;308.01;304.90;298.65;298.90;296.47;294.37;301.64;305.36;295.40;295.25;299.50;310.97;311.30;312.08;317.97;331.96;329.99;331.95;327.57;325.86;332.97;339.22;335.47;334.53;346.91;341.10;345.23;349.90;356.20;344.71;351.79;357.52;356.30;359.79;365.18;362.84;363.25;351.55;356.39;356.50;357.62,HARAM,Group classification: BANKS-NORTHEAST,
MTB,BANKS,BANKS-NORTHEAST,64,237.2899932861328,0.083251787211432,219.45;213.98;217.46;214.49;207.21;201.80;194.90;198.73;194.88;199.27;203.33;199.54;205.29;208.70;210.64;221.44;219.75;215.59;217.27;217.38;218.18;216.41;214.04;214.94;213.98;211.54;206.54;202.66;203.48;205.13;210.86;213.74;212.82;211.62;214.03;222.44;225.43;227.82;225.94;225.85;227.73;233.26;237.26;238.01;238.88;239.75;237.94;242.55;248.53;249.24;248.66;245.97;248.28;250.33;246.29;253.06;250.14;251.13;253.55;254.09;251.50;238.25;241.79;241.54;237.29,HARAM,Group classification: BANKS-NORTHEAST,
BPOP,BANKS,BANKS-NORTHEAST,80,169.75,0.21440863173016678,139.80;133.91;134.74;132.75;128.31;127.47;129.00;130.04;130.20;131.10;132.76;129.37;133.50;136.12;140.93;146.08;145.67;144.22;146.16;147.86;148.52;149.87;146.91;148.60;147.63;148.08;146.21;142.34;143.32;145.16;148.71;151.36;148.95;147.78;148.13;153.07;156.00;158.81;159.31;158.73;162.73;165.65;165.79;164.18;167.26;167.96;169.39;168.71;171.01;171.75;172.27;170.88;171.41;172.22;175.21;175.79;176.14;173.96;176.18;177.87;175.60;168.22;168.43;169.75;169.75,HARAM,Group classification: BANKS-NORTHEAST,
STBA,BANKS,BANKS-NORTHEAST,72,49.790000915527344,0.17605065069039028,43.37;41.16;41.96;40.87;39.67;39.41;39.57;39.33;39.51;40.31;40.53;40.30;41.18;41.84;42.44;43.85;43.20;42.99;43.46;42.76;42.86;43.38;43.08;43.59;44.07;43.83;43.34;43.04;42.99;43.83;44.65;45.01;44.59;44.02;43.75;45.27;46.17;46.80;46.92;46.21;46.97;48.22;48.90;48.72;48.77;48.41;48.50;48.53;48.97;49.61;49.50;50.61;51.75;52.57;51.77;52.30;51.28;50.41;51.10;50.77;50.75;50.20;50.25;49.86;49.79,HARAM,Group classification: BANKS-NORTHEAST,
TFC,BANKS,BANKS-SOUTHEAST,49,50.43000030517578,0.02750743800856381,49.55;48.32;48.31;47.50;45.81;44.73;42.95;43.69;43.00;43.96;44.47;43.63;45.04;46.21;46.87;49.46;49.00;48.59;49.55;50.04;50.36;50.20;49.63;49.90;48.94;48.74;47.50;46.08;46.50;46.31;47.42;48.20;47.33;46.41;46.95;48.72;48.94;50.18;48.00;47.70;48.28;49.30;49.99;49.33;50.48;50.86;50.87;51.44;52.28;51.98;50.88;50.70;51.61;51.80;51.33;52.14;52.07;51.35;52.15;53.10;52.41;50.23;50.81;50.67;50.43,HARAM,Group classification: BANKS-SOUTHEAST,
RF,BANKS,BANKS-SOUTHEAST,59,30.329999923706055,0.07677332881180754,28.45;27.30;27.48;27.48;26.70;25.96;24.76;25.21;24.97;25.22;25.52;24.92;25.87;26.22;26.36;27.88;27.57;27.59;27.86;28.08;28.13;27.99;27.74;27.92;27.77;27.69;26.58;26.38;26.41;26.59;27.45;27.98;27.57;27.34;27.40;28.54;28.60;28.89;28.60;28.65;28.75;29.49;30.06;30.20;30.28;30.59;30.58;31.07;31.48;31.65;30.82;30.66;30.74;30.94;30.95;31.95;31.39;31.46;31.60;31.90;31.70;30.22;30.63;30.70;30.33,HARAM,Group classification: BANKS-SOUTHEAST,
SNV,BANKS,BANKS-SOUTHEAST,,,,,HARAM,Group classification: BANKS-SOUTHEAST,
FHN,BANKS,BANKS-SOUTHEAST,48,24.649999618530273,0.037784956858730734,24.14;23.45;23.06;23.08;22.50;22.27;21.59;21.69;21.58;22.26;22.58;21.98;22.61;23.02;23.02;24.26;24.14;24.01;24.12;24.50;24.54;24.45;24.24;24.72;24.61;24.30;23.88;23.27;23.41;23.43;23.94;24.22;24.06;23.46;23.47;24.00;24.57;24.82;24.73;24.73;24.81;25.28;25.58;25.64;25.68;25.76;25.69;25.82;24.94;25.80;25.51;25.52;25.48;25.77;25.64;26.09;25.49;25.23;25.88;26.22;25.82;24.68;24.53;24.57;24.65,HARAM,Group classification: BANKS-SOUTHEAST,
CADE,BANKS,BANKS-SOUTHEAST,,,,,HARAM,Group classification: BANKS-SOUTHEAST,
BAC,BANKS,BANKS-SUPER REGIONAL,74,62.31999969482422,0.23356050676755746,51.13;49.29;49.43;49.27;47.65;48.27;46.48;47.04;46.77;47.27;48.50;46.73;48.50;49.12;50.02;52.44;53.07;54.04;53.63;53.20;52.20;52.36;52.61;52.96;52.85;52.48;50.29;49.58;49.51;50.44;51.22;51.93;50.51;51.24;52.13;53.83;54.42;55.16;55.87;56.53;57.37;57.73;57.88;56.98;58.73;59.86;59.25;59.50;61.59;61.27;61.22;61.28;62.13;61.07;61.95;62.90;63.00;63.86;64.81;64.49;64.23;61.86;62.33;62.23;62.32,HARAM,Group classification: BANKS-SUPER REGIONAL,
WFC,BANKS,BANKS-SUPER REGIONAL,51,86.69000244140625,0.02978469797139538,85.77;80.52;81.59;81.18;77.93;76.01;73.26;75.36;75.52;77.39;79.35;76.31;78.71;79.68;80.82;85.04;85.66;79.38;80.49;80.62;79.60;79.64;80.58;79.89;78.98;78.26;73.16;73.11;73.00;74.12;75.49;77.08;76.21;76.73;78.23;81.47;81.53;81.93;82.67;83.33;83.36;83.82;83.38;82.17;85.02;86.68;86.41;87.17;87.01;87.01;87.24;85.70;86.77;83.39;85.96;87.89;87.09;87.52;88.93;88.82;87.40;83.70;84.72;85.23;86.69,HARAM,Group classification: BANKS-SUPER REGIONAL,
USB,BANKS,BANKS-SUPER REGIONAL,74,62.470001220703125,0.1405697340884322,55.01;53.64;52.98;52.91;51.16;51.26;50.05;50.62;50.34;50.56;50.92;49.90;51.57;52.50;53.24;55.85;56.03;55.89;56.45;56.36;56.15;55.50;55.69;55.82;55.13;54.84;54.03;52.29;52.67;52.85;54.10;54.75;53.99;53.10;52.69;55.22;55.54;57.14;57.30;57.42;58.18;59.60;60.39;60.40;61.73;62.89;61.90;62.34;63.01;63.14;63.71;63.33;63.49;62.82;63.01;64.23;63.81;64.19;65.02;65.42;64.79;61.78;62.42;62.80;62.47,HARAM,Group classification: BANKS-SUPER REGIONAL,
PNC,BANKS,BANKS-SUPER REGIONAL,67,242.22000122070312,0.11440259131230812,218.52;209.06;209.75;209.08;202.16;202.46;198.02;200.76;198.92;200.77;202.76;199.26;204.87;208.42;210.61;219.78;219.55;220.30;223.03;226.25;223.31;219.58;216.98;218.96;219.88;217.56;212.89;208.20;211.16;211.58;216.64;219.06;218.04;214.36;216.54;226.56;230.34;232.09;228.74;231.29;232.85;238.02;243.05;244.27;247.52;252.00;248.93;250.85;252.14;250.86;250.38;249.26;249.64;248.49;249.87;254.14;252.76;251.76;255.46;256.97;254.28;241.62;243.68;244.67;242.22,HARAM,Group classification: BANKS-SUPER REGIONAL,
C,BANKS,BANKS-SUPER REGIONAL,72,132.89999389648438,0.21180635967330308,113.23;109.12;109.68;107.89;105.55;108.13;104.66;106.66;108.78;110.55;113.36;106.33;112.31;114.13;115.99;123.70;125.05;130.41;130.89;130.40;127.26;127.88;126.37;126.20;127.36;128.44;125.21;123.47;122.80;119.36;124.59;126.22;124.05;128.44;129.27;131.80;134.05;137.37;140.50;143.05;144.93;142.86;141.04;139.25;139.26;140.06;138.86;140.00;134.21;128.71;132.17;131.21;132.43;126.49;131.78;136.87;133.82;135.22;137.58;139.33;137.65;129.67;131.72;133.56;132.90,HARAM,Group classification: BANKS-SUPER REGIONAL,
ZION,BANKS,BANKS-WEST/SOUTHWEST,70,67.77999877929688,0.15942970903718057,59.54;56.47;56.83;56.67;54.99;54.07;52.35;53.25;53.51;54.27;56.39;54.62;56.80;57.31;58.25;60.89;60.66;60.97;61.84;61.14;61.74;61.72;61.69;62.36;62.24;61.84;59.94;58.79;59.23;59.82;61.38;62.32;61.82;60.67;60.35;62.81;64.40;66.00;65.83;65.71;66.67;67.84;68.68;68.73;68.89;70.22;69.55;69.89;71.07;71.79;68.59;68.70;68.06;68.46;69.23;71.29;70.11;70.15;71.44;72.20;70.93;67.89;67.87;68.32;67.78,HARAM,Group classification: BANKS-WEST/SOUTHWEST,
CFR,BANKS,BANKS-WEST/SOUTHWEST,74,161.69000244140625,0.15429677925922514,140.75;137.18;139.41;136.49;133.44;132.39;131.13;129.37;129.99;132.59;134.31;132.69;136.04;137.52;139.18;143.86;142.01;140.94;142.25;141.69;143.79;142.47;141.72;139.30;139.43;137.51;134.62;133.63;133.68;137.19;137.96;138.49;135.23;132.79;134.28;140.16;143.69;146.11;145.04;145.55;149.39;150.90;155.31;154.52;154.86;157.29;155.15;157.90;158.57;161.65;162.43;161.46;163.88;166.93;166.34;168.26;164.76;165.65;168.01;170.08;167.33;164.81;164.39;163.27;161.69,HARAM,Group classification: BANKS-WEST/SOUTHWEST,
WAL,BANKS,BANKS-WEST/SOUTHWEST,28,78.52999877929688,-0.094088919027982,87.94;79.46;78.70;79.88;72.61;68.86;67.25;67.43;66.63;68.40;69.99;67.08;70.09;71.30;71.19;75.93;76.30;77.67;78.54;77.00;79.08;80.12;78.82;79.94;80.99;81.43;76.13;74.17;74.04;75.72;78.13;79.18;78.24;78.00;77.35;79.74;81.48;81.90;81.39;78.03;78.36;79.88;81.63;81.78;81.13;81.40;79.60;80.08;81.37;81.88;80.09;82.55;82.34;80.29;80.08;83.90;80.92;80.07;82.20;82.32;80.75;79.15;78.39;79.60;78.53,HARAM,Group classification: BANKS-WEST/SOUTHWEST,
PB,BANKS,BANKS-WEST/SOUTHWEST,47,72.30000305175781,0.04483613784529372,70.39;69.15;68.82;68.25;66.42;64.69;63.75;64.03;63.73;65.44;65.65;64.82;66.63;66.47;66.76;69.03;68.61;68.55;69.47;69.03;69.06;68.91;68.26;68.76;68.98;68.85;67.88;65.74;65.95;67.35;68.55;69.27;68.74;66.85;66.99;68.79;69.90;70.95;71.16;70.78;71.57;72.60;74.36;73.03;70.90;72.01;71.50;72.68;72.49;73.49;73.16;72.68;72.54;74.23;74.87;74.89;74.08;73.34;74.46;75.05;74.33;72.58;72.75;73.08;72.30,HARAM,Group classification: BANKS-WEST/SOUTHWEST,
BOKF,BANKS,BANKS-WEST/SOUTHWEST,62,137.47999572753906,0.07239658833234808,129.13;124.56;127.28;127.14;124.17;124.26;123.79;123.70;124.53;124.87;124.59;123.45;126.88;127.40;129.77;134.47;133.96;133.74;136.85;132.90;132.72;131.84;131.04;132.28;133.52;132.22;128.69;126.38;125.81;126.43;129.16;131.85;128.48;124.28;124.85;128.66;130.29;131.63;131.48;130.27;132.30;136.42;138.50;138.28;138.68;139.82;137.29;137.46;138.72;140.63;139.37;140.61;140.52;140.52;140.68;144.06;143.84;142.54;144.15;145.44;144.39;139.84;140.46;138.36;137.48,HARAM,Group classification: BANKS-WEST/SOUTHWEST,
GBCI,BANKS,BANKS-WEST/SOUTHWEST,38,46.880001068115234,-0.00388829565539639,47.85;44.88;44.54;43.74;43.55;44.27;42.90;42.97;42.34;43.72;44.03;42.89;44.07;44.89;45.85;47.91;48.34;47.45;48.63;48.74;49.06;49.09;47.84;48.77;48.36;48.48;46.93;45.83;45.27;46.51;47.50;48.30;47.45;46.06;45.72;46.85;47.49;48.50;49.02;47.85;48.62;50.01;51.71;51.26;51.45;51.97;51.33;51.76;52.71;53.57;52.26;50.65;49.00;48.81;49.29;50.95;48.50;48.76;49.18;49.93;48.97;47.25;46.77;47.18;46.88,HARAM,Group classification: BANKS-WEST/SOUTHWEST,
NYCB,BANKS,SAVINGS & LOAN,,,,,HARAM,Group classification: SAVINGS & LOAN,
TFSL,BANKS,SAVINGS & LOAN,77,17.530000686645508,0.28030914858973355,13.96;13.50;13.80;13.39;13.36;13.28;13.28;13.32;13.20;13.34;13.47;13.38;13.81;14.06;14.09;14.68;14.51;14.37;14.74;14.56;14.48;14.71;14.47;14.78;14.77;14.79;14.62;14.70;15.05;15.18;15.59;15.73;15.55;15.39;15.59;16.14;16.41;16.80;16.51;16.27;16.61;17.04;17.49;17.72;17.84;17.78;17.58;17.66;17.86;18.28;18.35;18.16;18.08;18.21;18.41;18.61;17.86;17.21;17.45;17.64;17.55;17.50;17.65;17.92;17.53,HARAM,Group classification: SAVINGS & LOAN,
CFFN,BANKS,SAVINGS & LOAN,79,8.65999984741211,0.21938008349587745,7.34;7.03;7.07;6.95;6.85;6.85;6.78;6.85;6.90;6.98;6.98;6.78;6.98;7.10;7.27;7.50;7.47;7.43;7.55;7.40;7.59;7.72;7.40;7.60;7.71;7.75;7.70;7.51;7.45;7.56;7.72;7.78;7.73;7.62;7.55;7.78;7.88;8.07;8.04;7.93;8.11;8.31;8.40;8.43;8.37;8.29;8.40;8.41;8.57;8.54;8.52;8.47;8.56;8.67;8.76;9.10;8.90;8.77;8.88;8.73;8.64;8.49;8.53;8.66;8.66,HARAM,Group classification: SAVINGS & LOAN,
WAFD,BANKS,SAVINGS & LOAN,57,36.09000015258789,0.15829557703939856,32.08;30.69;30.97;31.11;30.38;30.20;30.58;30.52;30.61;31.19;31.08;30.59;30.93;31.34;31.40;32.67;32.24;32.00;34.71;34.45;34.89;34.97;34.54;34.93;34.98;35.14;34.94;34.07;33.81;34.35;34.92;35.70;35.33;34.74;34.31;35.31;35.84;36.30;36.32;35.94;36.53;37.46;37.67;38.09;38.06;37.37;37.49;37.81;38.11;37.84;36.81;36.45;36.16;36.37;36.50;37.39;37.19;37.05;37.48;37.66;37.18;36.38;36.29;36.22;36.09,HARAM,Group classification: SAVINGS & LOAN,
CARR,BUILDING,BUILDING-A/C & HEATING,22,58.790000915527344,-0.0669466250309223,61.06;63.94;60.73;59.97;58.30;58.27;55.25;56.57;58.55;57.88;58.83;53.86;55.91;55.31;55.05;61.02;63.86;58.13;60.88;61.27;61.10;61.47;61.30;67.14;63.95;66.98;65.64;65.34;64.44;61.22;61.96;64.66;63.58;64.88;67.34;66.92;70.98;69.49;70.88;69.24;71.59;73.79;73.33;73.09;69.82;68.42;67.57;68.36;68.49;68.44;66.69;69.15;69.33;59.92;61.81;65.69;63.96;63.44;63.08;62.78;61.42;60.15;59.97;58.74;58.79,HALAL,"Business activity permissible — debt ratio not verified, cross-check Musaffa/Zoya",
TT,BUILDING,BUILDING-A/C & HEATING,34,448.9599914550781,-0.019297771142963938,457.87;460.16;443.75;434.32;426.55;431.44;421.44;424.40;422.07;423.98;433.02;409.30;415.80;426.10;430.87;459.07;471.87;461.51;475.03;478.04;484.43;484.80;478.28;485.38;476.37;468.75;475.42;469.95;465.54;447.00;446.63;460.39;451.24;447.45;464.79;456.84;470.76;460.14;472.54;472.51;491.59;483.15;477.89;491.16;478.13;475.74;472.00;479.90;480.20;469.98;469.89;479.71;483.34;446.80;454.95;472.24;478.66;476.99;478.55;480.20;463.37;451.10;452.96;463.40;448.96,HALAL,"Business activity permissible — debt ratio not verified, cross-check Musaffa/Zoya",
LII,BUILDING,BUILDING-A/C & HEATING,6,393.3900146484375,-0.2871984517945887,537.08;566.91;549.37;525.91;514.21;505.96;478.41;484.39;474.68;474.43;479.12;435.54;463.02;453.55;449.57;487.51;516.64;483.13;485.95;491.51;492.49;501.04;516.38;525.07;520.95;525.35;520.23;506.29;498.79;481.54;479.36;501.36;495.83;495.58;514.07;507.21;527.78;515.79;522.92;514.88;534.76;550.43;562.52;572.95;570.03;556.93;537.50;551.18;548.67;543.93;529.88;537.89;547.35;430.02;415.88;446.74;435.73;423.28;420.91;422.01;411.05;406.05;399.10;393.72;393.39,HALAL,"Business activity permissible — debt ratio not verified, cross-check Musaffa/Zoya",
WSO,BUILDING,BUILDING-A/C & HEATING,,,,,HALAL,"Business activity permissible — debt ratio not verified, cross-check Musaffa/Zoya",
AAON,BUILDING,BUILDING-A/C & HEATING,4,75.87000274658203,-0.24808631024706973,98.86;101.00;95.14;92.22;90.15;91.33;83.74;79.34;79.99;80.23;87.77;81.42;82.69;81.30;80.82;90.71;93.47;92.54;93.91;95.67;98.64;91.58;86.41;93.52;93.59;129.16;141.60;135.28;135.40;130.18;132.30;141.02;142.16;138.56;148.15;132.62;129.66;128.64;131.26;133.36;136.16;131.60;126.78;126.86;107.62;109.94;110.25;112.19;113.11;111.42;105.61;107.68;101.02;84.87;89.06;95.55;90.28;89.24;85.23;87.80;82.06;80.84;76.10;79.78;75.87,HALAL,"Business activity permissible — debt ratio not verified, cross-check Musaffa/Zoya",
VMC,BUILDING,BUILDING-CEMENT/CONCRETE,23,274.510009765625,-0.11165458918114335,303.78;308.23;298.28;285.59;273.28;265.58;264.40;264.44;256.03;262.74;268.50;260.46;271.26;278.81;276.78;291.90;296.01;290.13;290.59;289.61;291.59;290.20;294.94;296.18;290.39;287.82;281.62;273.49;266.80;258.46;261.07;268.44;276.24;281.04;284.77;280.86;278.48;279.67;292.45;294.27;303.83;306.72;310.77;294.46;302.63;299.34;288.19;292.24;288.57;287.80;276.24;274.42;283.96;283.39;268.07;284.57;281.11;284.81;279.86;282.00;271.65;270.67;275.94;273.74;274.51,HALAL,"Business activity permissible — debt ratio not verified, cross-check Musaffa/Zoya",
MLM,BUILDING,BUILDING-CEMENT/CONCRETE,12,531.0499877929688,-0.22109111769418444,671.50;674.78;655.84;632.03;611.65;596.74;582.92;581.67;566.66;576.77;588.58;570.13;587.84;596.33;593.58;624.61;634.38;616.06;621.13;613.61;618.01;608.88;611.98;613.61;605.24;599.63;585.14;575.97;557.86;531.89;537.20;560.13;574.32;570.96;583.15;575.83;572.25;565.54;588.89;591.08;609.88;616.62;616.06;576.70;599.42;594.17;571.90;569.35;569.32;562.59;547.33;546.87;572.03;569.66;525.14;555.82;538.28;549.54;543.90;547.93;522.81;525.27;533.11;532.18;531.05,HALAL,"Business activity permissible — debt ratio not verified, cross-check Musaffa/Zoya",
EXP,BUILDING,BUILDING-CEMENT/CONCRETE,15,197.55999755859375,-0.12053613549048792,221.71;223.24;213.35;205.07;196.00;190.75;186.00;188.28;176.78;182.25;186.47;182.11;189.23;187.74;184.92;197.06;201.60;196.87;201.05;205.51;208.16;209.65;204.32;210.58;209.49;211.46;204.69;199.13;194.43;199.65;198.90;206.32;218.71;220.75;218.24;212.47;217.13;216.81;217.96;213.24;223.50;233.65;233.83;225.00;220.15;213.02;205.62;205.14;206.53;205.93;205.01;207.11;216.69;209.91;204.94;215.99;211.34;210.98;210.98;208.52;200.46;202.92;204.25;200.08;197.56,HALAL,"Business activity permissible — debt ratio not verified, cross-check Musaffa/Zoya",
SUM,BUILDING,BUILDING-CEMENT/CONCRETE,,,,,HALAL,"Business activity permissible — debt ratio not verified, cross-check Musaffa/Zoya",
CX,BUILDING,BUILDING-CEMENT/CONCRETE,26,10.869999885559082,-0.11512451117667577,12.68;12.45;11.35;11.29;10.88;10.58;10.39;10.53;10.28;10.60;11.30;10.72;11.41;11.20;11.28;11.88;11.86;11.84;11.94;11.76;12.48;12.21;12.14;12.22;12.84;13.11;13.26;13.22;12.53;12.24;12.56;13.07;13.03;13.07;12.87;12.44;12.05;12.67;12.86;12.60;12.58;12.02;12.28;12.00;12.29;12.11;12.37;12.45;13.07;12.97;12.70;12.26;12.20;11.70;11.82;11.61;11.30;11.30;11.24;11.06;10.66;10.60;11.03;10.98;10.87,HALAL,"Business activity permissible — debt ratio not verified, cross-check Musaffa/Zoya",
MAS,BUILDING,BUILDING-CONSTRUCTION PRODUCTS,45,73.25,0.0014021263549168772,71.21;70.97;67.41;64.71;63.65;61.92;60.96;61.19;59.18;59.53;60.96;58.96;59.82;58.58;58.56;62.84;63.72;62.59;65.97;66.15;74.71;73.56;70.61;70.59;69.77;71.27;69.95;66.87;64.55;63.88;66.54;68.60;70.38;68.68;69.26;69.11;72.03;73.43;74.01;72.30;73.26;77.71;79.62;81.01;82.41;78.99;76.31;75.85;77.70;78.31;76.48;77.00;80.81;72.24;71.17;76.74;75.14;74.39;74.31;74.01;73.06;73.01;73.21;73.60;73.25,HALAL,"Business activity permissible — debt ratio not verified, cross-check Musaffa/Zoya",
FBHS,BUILDING,BUILDING-CONSTRUCTION PRODUCTS,,,,,HALAL,"Business activity permissible — debt ratio not verified, cross-check Musaffa/Zoya",
JELD,BUILDING,BUILDING-CONSTRUCTION PRODUCTS,50,2.5299999713897705,0.2524752451875445,1.96;1.96;2.01;1.86;1.67;1.54;1.49;1.42;1.33;1.30;1.24;1.14;1.24;1.10;0.95;1.08;1.13;1.18;1.28;1.25;1.30;1.53;1.43;1.45;1.64;1.69;1.61;1.51;1.47;1.43;1.60;1.80;2.11;1.99;2.05;1.86;1.75;1.79;1.79;1.67;1.66;1.69;1.44;1.50;1.44;1.25;1.24;1.17;1.18;1.17;1.19;1.10;1.16;1.28;1.42;1.81;1.77;1.87;1.89;1.93;1.84;2.08;2.49;2.42;2.53,HALAL,"Business activity permissible — debt ratio not verified, cross-check Musaffa/Zoya",
AWI,BUILDING,BUILDING-CONSTRUCTION PRODUCTS,28,175.08999633789062,-0.08658226066611441,171.19;172.47;168.87;171.04;165.82;167.06;166.64;169.50;164.74;165.16;166.52;161.53;164.15;164.38;165.92;173.66;177.67;175.63;178.81;176.96;178.67;177.06;168.17;167.80;163.73;164.43;159.14;157.75;154.88;152.55;156.86;159.40;160.04;154.88;152.93;154.86;156.16;154.80;156.37;153.61;156.55;157.41;161.86;160.12;158.27;155.07;153.80;155.40;155.61;155.68;151.15;157.76;164.91;174.16;174.34;182.88;183.97;183.35;183.46;182.20;177.15;178.11;178.25;177.78;175.09,HALAL,"Business activity permissible — debt ratio not verified, cross-check Musaffa/Zoya",
USLM,BUILDING,BUILDING-CONSTRUCTION PRODUCTS,42,119.95999908447266,0.11709730273602714,112.73;114.04;124.44;121.32;118.84;117.66;119.10;123.36;118.30;119.88;126.03;123.86;130.47;135.52;131.31;136.09;138.43;133.68;139.31;129.36;132.23;128.35;128.10;109.88;106.34;109.16;109.65;109.23;103.89;102.33;105.77;109.36;111.24;111.16;106.31;104.56;107.40;105.90;110.29;110.31;111.06;107.13;106.29;104.62;107.45;99.81;99.15;103.28;104.73;104.92;107.02;106.44;114.42;112.94;110.24;115.58;116.22;120.25;119.24;117.35;117.85;120.14;120.89;118.09;119.96,HALAL,"Business activity permissible — debt ratio not verified, cross-check Musaffa/Zoya",
ROCK,BUILDING,BUILDING-CONSTRUCTION PRODUCTS,25,45.27000045776367,-0.1017857323968756,49.21;45.48;43.83;41.23;39.18;42.32;41.27;41.76;40.03;40.85;41.99;40.39;39.87;38.89;38.47;41.03;41.55;38.07;39.40;38.74;39.88;39.91;37.53;39.20;38.31;37.59;39.24;38.22;35.38;33.82;35.54;37.48;39.23;37.74;37.63;36.97;39.31;39.41;40.48;40.52;40.01;43.20;44.20;45.10;43.92;43.15;42.09;41.29;44.21;43.18;43.59;44.38;45.91;43.10;42.26;48.06;50.78;48.86;49.10;47.88;46.41;46.39;46.27;46.33;45.27,HALAL,"Business activity permissible — debt ratio not verified, cross-check Musaffa/Zoya",
MTZ,BUILDING,BUILDING-HEAVY CONSTRUCTION,18,241.0,-0.13461880695540873,285.26;298.02;300.74;295.30;297.81;303.73;290.00;304.67;312.72;310.63;323.55;316.01;321.74;336.25;338.19;357.37;365.55;365.07;370.89;371.41;382.88;385.89;370.55;417.41;437.51;412.27;421.37;423.79;414.90;385.00;388.77;390.75;383.33;362.09;369.66;363.89;353.08;358.50;371.85;374.91;406.32;393.14;396.25;416.06;373.43;358.85;384.72;360.21;357.71;329.59;351.40;358.86;336.79;287.42;263.10;271.71;258.63;268.28;281.11;297.59;280.13;271.86;255.36;248.73;241.00,HALAL,"Business activity permissible — debt ratio not verified, cross-check Musaffa/Zoya",
PWR,BUILDING,BUILDING-HEAVY CONSTRUCTION,58,602.7000122070312,0.09797767871091456,562.57;562.88;565.80;549.03;567.84;567.51;558.82;571.44;577.75;567.25;573.30;549.79;548.83;560.54;555.49;581.97;595.75;591.73;601.79;605.80;633.34;637.18;628.50;742.10;771.49;750.62;781.26;773.60;769.87;714.02;716.80;742.07;729.99;687.37;715.56;695.00;691.84;683.19;724.24;714.74;740.03;701.77;687.76;719.93;668.31;656.79;668.17;646.70;648.84;628.53;639.20;653.80;620.28;561.14;667.36;693.00;667.84;660.86;678.02;685.78;696.15;662.47;616.78;616.73;602.70,HALAL,"Business activity permissible — debt ratio not verified, cross-check Musaffa/Zoya",
EME,BUILDING,BUILDING-HEAVY CONSTRUCTION,33,740.1699829101562,-0.08149509070646355,800.99;723.89;735.55;718.28;718.45;719.45;709.19;727.81;750.57;743.91;763.98;732.15;737.56;755.53;749.66;799.59;811.39;802.83;805.63;837.58;872.66;884.96;832.94;903.03;932.79;923.58;931.02;922.53;912.64;853.92;848.76;860.97;848.01;830.52;839.11;817.02;827.35;811.11;841.87;827.07;868.43;846.73;797.69;829.45;774.26;767.98;783.01;764.51;769.72;744.16;760.27;769.07;742.75;672.48;797.43;819.88;808.43;809.33;833.40;836.29;824.53;787.39;764.90;763.59;740.17,HALAL,"Business activity permissible — debt ratio not verified, cross-check Musaffa/Zoya",
FIX,BUILDING,BUILDING-HEAVY CONSTRUCTION,81,1518.72998046875,0.07592954685590692,1448.53;1427.33;1389.17;1346.29;1371.15;1406.04;1364.10;1423.16;1443.29;1406.97;1469.30;1365.53;1377.74;1415.90;1423.61;1573.02;1626.33;1647.46;1648.97;1672.64;1772.30;1792.41;1722.57;1865.32;1965.45;1940.25;2031.13;2032.78;1991.71;1824.56;1834.38;1882.59;1854.19;1786.95;1849.08;1842.99;1830.61;1842.47;1951.01;1930.77;2065.44;1953.46;1853.27;1980.92;1740.40;1682.57;1780.50;1731.13;1735.80;1673.19;1772.59;1830.20;1729.52;1519.17;1728.79;1774.94;1712.71;1673.97;1737.92;1774.06;1739.08;1672.94;1609.69;1615.69;1518.73,HALAL,"Business activity permissible — debt ratio not verified, cross-check Musaffa/Zoya",
DY,BUILDING,BUILDING-HEAVY CONSTRUCTION,6,294.3399963378906,-0.29975734190832226,425.47;420.02;403.49;369.98;360.29;366.95;347.23;361.43;355.60;349.74;353.52;341.96;338.82;348.15;356.79;391.62;396.95;395.00;399.45;404.81;414.35;416.01;390.31;433.60;457.14;426.36;430.95;444.81;437.37;413.35;414.43;420.47;535.20;493.89;484.11;466.28;453.79;464.57;471.30;461.38;468.01;483.48;488.25;505.59;437.76;413.15;427.21;410.11;428.77;407.11;423.23;440.39;424.21;371.92;401.07;415.08;399.57;400.79;410.17;419.07;414.70;400.23;380.95;310.91;294.34,HALAL,"Business activity permissible — debt ratio not verified, cross-check Musaffa/Zoya",
PRIM,BUILDING,BUILDING-HEAVY CONSTRUCTION,2,73.12000274658203,-0.5579341080937668,152.98;150.51;146.87;137.71;137.54;133.44;133.31;140.30;142.88;142.39;149.19;143.30;142.92;147.70;148.83;163.58;163.77;162.39;164.67;164.53;172.39;172.86;165.93;180.20;202.75;107.89;114.30;112.85;113.24;104.61;109.91;129.25;126.51;121.34;126.22;121.74;103.81;94.42;101.26;101.58;108.25;92.61;93.03;99.12;88.20;86.97;89.43;85.22;90.67;85.96;87.80;90.63;85.53;74.76;84.41;90.85;80.22;80.75;81.46;83.30;79.80;79.24;75.14;78.18;73.12,HALAL,"Business activity permissible — debt ratio not verified, cross-check Musaffa/Zoya",
MYRG,BUILDING,BUILDING-HEAVY CONSTRUCTION,41,294.4200134277344,0.07268558355486476,274.01;269.96;269.72;268.50;267.31;268.97;261.13;265.37;273.66;274.39;285.18;273.47;282.32;285.68;288.85;315.03;319.54;320.43;329.33;334.35;338.05;346.37;337.76;433.49;468.54;427.38;458.42;467.97;467.46;440.68;438.96;464.35;478.93;449.85;441.35;445.66;423.44;425.08;449.94;444.40;483.08;470.08;477.95;500.40;433.01;419.08;430.91;411.89;414.98;391.51;400.10;407.40;369.00;322.06;333.22;340.33;331.13;330.31;332.68;334.39;323.89;318.00;305.27;312.83;294.42,HALAL,"Business activity permissible — debt ratio not verified, cross-check Musaffa/Zoya",
RBA,BUILDING,BUILDING-MAINT & SVCS,9,86.05999755859375,-0.11891695435161087,98.32;100.27;99.83;105.67;105.06;101.54;98.00;99.32;95.18;96.55;96.80;93.96;95.19;97.67;97.10;99.20;102.31;103.03;103.46;103.03;105.49;107.01;104.53;104.16;105.80;102.72;103.71;101.08;101.39;102.58;102.00;104.47;105.50;104.86;101.78;104.08;105.77;105.70;109.98;106.90;108.20;112.11;114.86;115.99;112.37;112.85;110.98;108.35;110.88;111.21;110.10;108.73;115.89;114.75;109.31;110.62;92.31;93.45;86.12;83.93;85.42;87.05;83.74;85.76;86.06,HALAL,"Business activity permissible — debt ratio not verified, cross-check Musaffa/Zoya",
FERG,BUILDING,BUILDING-MAINT & SVCS,26,228.49000549316406,-0.08048556984632083,257.73;257.83;245.18;237.15;228.84;229.88;220.38;224.22;216.07;220.82;227.11;223.07;231.50;233.30;234.14;251.77;256.50;255.22;258.53;261.03;261.38;262.23;254.23;262.28;250.90;244.67;242.14;231.86;222.99;220.75;222.91;226.46;225.65;223.55;225.25;228.73;234.56;227.18;234.68;228.77;236.40;235.80;237.72;236.45;229.38;222.35;223.79;232.32;229.66;231.16;225.66;227.82;233.23;225.36;233.46;254.56;252.43;262.80;244.27;244.03;243.56;238.55;236.45;235.73;228.49,HALAL,"Business activity permissible — debt ratio not verified, cross-check Musaffa/Zoya",
WMS,BUILDING,BUILDING-MAINT & SVCS,19,136.99000549316406,-0.1848314780176875,169.58;170.91;161.98;148.79;149.68;147.03;137.07;139.65;134.46;137.67;138.77;132.51;136.93;137.47;139.97;149.07;151.83;147.54;153.15;153.11;152.80;152.28;146.20;147.10;142.44;143.87;143.60;137.74;135.45;131.40;134.96;137.89;139.85;135.65;132.51;130.15;135.69;135.06;136.79;139.16;141.40;149.05;154.50;156.96;152.18;149.07;147.85;147.62;151.26;147.55;138.85;140.46;143.19;138.31;138.48;149.75;148.45;141.67;140.53;150.91;144.10;142.44;140.46;141.46;136.99,HALAL,"Business activity permissible — debt ratio not verified, cross-check Musaffa/Zoya",
BCC,BUILDING,BUILDING-MAINT & SVCS,44,78.75,-0.01912987155652235,83.36;82.48;78.50;77.07;74.25;71.67;69.78;72.69;69.64;71.65;74.41;74.20;75.61;72.97;74.47;80.33;81.29;78.66;82.78;82.19;83.56;83.60;78.75;77.88;71.90;72.53;68.98;66.77;65.78;65.26;66.90;67.89;70.13;68.33;68.68;68.08;70.01;70.66;71.59;70.81;72.54;77.66;81.02;77.63;75.93;73.40;72.24;74.72;75.99;77.19;74.40;76.46;78.22;77.68;76.38;86.49;84.26;84.75;84.25;83.24;80.18;81.77;82.24;79.94;78.75,HALAL,"Business activity permissible — debt ratio not verified, cross-check Musaffa/Zoya",
BLDR,BUILDING,BUILDING-MAINT & SVCS,4,67.72000122070312,-0.36875464213957587,102.63;104.29;97.45;95.51;94.95;91.11;88.09;90.68;84.49;84.66;85.41;80.43;82.33;79.12;78.93;85.21;87.53;85.13;88.50;89.76;90.14;89.88;83.38;75.72;74.56;79.41;74.88;72.32;70.41;66.39;73.86;74.41;76.72;75.62;74.26;73.64;77.54;78.57;77.81;76.14;77.33;85.41;89.14;89.48;84.69;78.42;74.54;73.51;76.05;74.26;69.74;70.55;72.72;67.76;66.44;75.37;72.51;71.98;72.41;72.51;67.62;70.32;70.22;68.67;67.72,HALAL,"Business activity permissible — debt ratio not verified, cross-check Musaffa/Zoya",
LCII,BUILDING,BUILDING-MOBILE/MFG & RV,17,102.95999908447266,-0.2518899860535676,132.07;129.19;131.33;127.72;124.89;121.99;120.76;121.14;118.51;118.82;120.34;118.80;120.40;120.13;118.83;124.11;120.61;118.11;120.84;118.63;118.02;116.09;115.22;114.34;109.68;113.99;110.77;108.63;108.70;105.13;106.89;109.42;110.49;105.63;105.62;93.23;92.41;90.59;91.45;88.75;90.33;93.11;94.82;104.73;102.23;104.67;100.77;100.93;102.98;106.99;103.64;103.46;102.39;105.39;101.24;105.88;104.66;103.71;105.98;104.94;102.14;104.29;104.51;102.99;102.96,HALAL,"Business activity permissible — debt ratio not verified, cross-check Musaffa/Zoya",
WGO,BUILDING,BUILDING-MOBILE/MFG & RV,17,30.600000381469727,-0.28900768985387604,41.27;38.99;38.10;37.19;34.46;33.58;33.11;32.77;32.34;33.57;31.93;30.76;30.29;29.68;30.82;32.21;31.95;31.27;33.33;33.22;32.24;31.78;31.46;31.63;30.57;31.50;30.12;28.86;28.47;27.86;28.99;29.39;29.96;28.69;28.61;27.36;28.45;28.12;29.50;28.01;28.32;27.27;31.35;31.24;31.16;30.88;29.07;29.56;30.50;30.70;30.38;30.07;31.09;31.82;30.28;31.88;31.29;32.05;32.38;31.55;31.32;31.97;32.14;30.81;30.60,HALAL,"Business activity permissible — debt ratio not verified, cross-check Musaffa/Zoya",
THO,BUILDING,BUILDING-MOBILE/MFG & RV,10,77.0199966430664,-0.27722461365441076,102.34;94.82;89.14;89.03;84.72;83.56;81.22;80.10;75.31;79.36;80.51;78.04;78.80;76.31;75.72;79.72;78.74;75.65;79.99;79.96;78.26;78.14;77.21;77.64;74.72;76.41;74.14;74.34;73.57;71.63;75.00;77.67;79.76;77.21;79.21;75.18;78.26;76.20;75.45;71.42;72.03;74.97;78.20;74.64;76.50;75.50;73.24;71.96;74.96;76.27;75.32;74.99;76.54;78.07;74.97;79.94;77.68;79.51;78.97;79.00;77.78;78.74;79.42;77.85;77.02,HALAL,"Business activity permissible — debt ratio not verified, cross-check Musaffa/Zoya",
PATK,BUILDING,BUILDING-MOBILE/MFG & RV,8,83.47000122070312,-0.35097735019168286,126.99;122.46;121.51;118.23;114.96;113.81;113.08;113.22;109.51;110.45;110.79;106.23;109.87;113.31;110.36;117.31;110.80;98.19;105.78;102.49;99.02;95.28;92.29;87.98;89.09;94.33;93.98;94.47;90.21;87.83;89.24;91.80;92.66;89.71;90.14;84.64;87.38;85.24;85.71;85.13;85.98;89.77;94.79;89.27;84.55;87.24;83.20;82.96;84.12;87.59;84.85;84.97;84.21;86.13;82.08;86.44;86.02;85.02;86.27;85.58;83.26;85.00;85.12;83.66;83.47,HALAL,"Business activity permissible — debt ratio not verified, cross-check Musaffa/Zoya",
CWH,BUILDING,BUILDING-MOBILE/MFG & RV,3,6.53000020980835,-0.42109925847592866,9.06;8.32;7.63;7.75;7.47;6.96;6.46;6.26;6.09;6.95;6.98;6.91;6.83;6.48;6.37;7.16;7.08;6.86;7.69;7.18;6.90;6.91;6.93;7.76;7.38;7.59;6.76;6.68;6.63;6.82;7.38;7.68;7.66;7.52;7.12;6.41;7.29;7.74;7.74;7.20;7.35;7.56;7.60;7.63;7.23;6.69;6.46;6.14;6.56;6.18;5.96;5.63;6.12;6.05;6.19;6.54;6.23;6.15;6.38;6.41;6.30;6.49;6.42;6.51;6.53,HALAL,"Business activity permissible — debt ratio not verified, cross-check Musaffa/Zoya",
DHI,BUILDING,BUILDING-RESIDENTIAL/COMMERCIAL,25,147.38999938964844,-0.09725084131407236,156.52;159.43;151.70;148.98;146.81;141.82;139.65;141.29;137.16;137.99;136.87;133.39;136.40;138.85;136.25;142.88;143.47;143.34;148.91;161.23;163.24;158.38;150.74;149.08;145.59;145.54;144.53;140.31;134.99;134.32;143.71;145.17;146.48;146.54;144.07;145.17;150.62;153.97;154.63;152.03;155.48;166.02;165.80;162.40;158.10;155.26;149.11;148.41;151.10;148.95;143.09;141.70;147.21;146.72;142.63;149.92;146.01;146.66;145.82;148.81;145.68;147.33;148.97;149.25;147.39,HALAL,"Business activity permissible — debt ratio not verified, cross-check Musaffa/Zoya",
LEN,BUILDING,BUILDING-RESIDENTIAL/COMMERCIAL,8,86.33000183105469,-0.24866426536437614,109.49;113.08;107.20;103.13;98.82;95.49;93.90;95.95;92.67;92.42;91.16;89.24;85.87;85.52;84.66;87.94;88.79;87.45;91.75;93.75;93.62;92.70;88.18;87.93;85.69;87.22;86.57;84.47;81.81;82.51;88.30;88.76;89.22;89.58;88.93;89.95;92.01;94.39;89.22;85.97;86.92;92.40;92.97;89.95;87.69;86.23;83.85;82.84;85.29;83.89;81.84;82.13;85.04;84.56;82.35;87.02;84.82;85.60;85.20;86.83;84.94;85.42;88.16;87.15;86.33,HALAL,"Business activity permissible — debt ratio not verified, cross-check Musaffa/Zoya",
PHM,BUILDING,BUILDING-RESIDENTIAL/COMMERCIAL,39,128.5500030517578,-0.07925679574724809,134.04;136.62;131.47;129.10;126.12;122.86;118.68;121.70;117.60;118.39;117.93;114.39;117.36;117.04;114.85;121.97;121.49;120.56;126.26;128.37;130.36;128.01;120.45;118.96;117.72;116.57;115.21;112.73;109.88;110.81;116.05;117.59;117.76;117.45;116.96;118.15;122.52;123.74;122.58;121.88;125.62;135.71;137.61;137.21;133.67;129.92;123.72;123.75;125.39;126.08;124.26;124.67;130.59;132.31;126.47;131.68;129.55;130.05;129.16;130.18;126.05;127.67;129.61;130.03;128.55,HALAL,"Business activity permissible — debt ratio not verified, cross-check Musaffa/Zoya",
NVR,BUILDING,BUILDING-RESIDENTIAL/COMMERCIAL,16,6396.27001953125,-0.14222666300321873,7283.14;7517.79;7361.10;7074.84;6872.03;6610.91;6466.56;6596.75;6417.90;6530.69;6552.20;6450.76;6589.83;6663.14;6492.24;6798.75;6781.69;6767.21;7000.92;6933.50;6669.01;6482.53;6207.50;6154.14;6004.33;6008.85;5910.67;5720.10;5563.62;5773.52;6047.87;6032.82;6160.54;6121.31;6119.41;6182.55;6406.57;6479.70;6335.00;6275.94;6352.55;6764.83;6828.62;6813.40;6750.79;6693.69;6471.44;6437.99;6497.57;6490.04;6325.40;6155.02;6311.54;6381.79;6147.05;6267.35;6304.81;6292.28;6293.95;6307.93;6248.37;6300.00;6397.59;6368.12;6396.27,HALAL,"Business activity permissible — debt ratio not verified, cross-check Musaffa/Zoya",
TOL,BUILDING,BUILDING-RESIDENTIAL/COMMERCIAL,42,146.22000122070312,-0.07378841255677504,156.54;156.67;153.11;149.10;146.60;142.72;136.20;141.01;136.08;137.48;136.42;130.65;135.98;135.34;132.61;139.72;141.06;139.88;146.42;148.06;148.99;147.10;139.33;139.59;137.04;136.85;134.91;132.65;126.00;123.92;134.27;137.61;137.90;138.14;137.18;137.67;143.89;146.95;148.45;149.40;151.65;160.75;163.85;164.46;156.86;151.37;148.00;148.15;153.19;150.76;147.20;146.55;151.01;150.20;145.89;153.24;151.33;150.00;148.53;148.27;142.86;145.12;147.45;148.18;146.22,HALAL,"Business activity permissible — debt ratio not verified, cross-check Musaffa/Zoya",
KBH,BUILDING,BUILDING-RESIDENTIAL/COMMERCIAL,26,54.86000061035156,-0.13964722067409086,62.48;62.99;59.96;57.94;56.83;54.16;52.46;54.33;52.01;52.70;51.64;50.44;51.27;50.38;47.96;51.74;51.52;51.09;53.78;55.22;55.62;54.91;51.82;50.96;47.97;48.97;47.67;46.45;44.88;44.85;47.82;49.01;48.94;50.89;50.94;51.82;53.25;54.08;53.00;52.20;52.30;61.25;61.97;62.32;60.90;58.43;56.47;54.58;56.18;55.86;54.93;55.38;57.38;56.80;54.74;57.80;56.95;56.52;55.80;56.06;53.97;54.46;55.64;56.08;54.86,HALAL,"Business activity permissible — debt ratio not verified, cross-check Musaffa/Zoya",
MTH,BUILDING,BUILDING-RESIDENTIAL/COMMERCIAL,35,71.05999755859375,-0.06158323024559098,73.53;74.36;71.07;67.97;67.08;64.32;62.20;63.76;59.80;60.94;61.18;59.60;61.43;61.75;60.68;66.25;65.96;64.60;67.62;69.03;69.44;69.27;66.58;65.90;63.70;64.02;63.37;61.12;58.78;60.47;63.46;64.36;65.19;68.17;66.67;67.88;71.62;73.11;72.42;72.45;75.08;82.39;85.18;83.85;81.86;78.31;74.91;73.83;75.17;74.17;71.66;71.58;73.35;71.61;70.20;74.53;72.26;71.97;72.89;73.08;70.68;71.05;72.52;72.23;71.06,HALAL,"Business activity permissible — debt ratio not verified, cross-check Musaffa/Zoya",
TPH,BUILDING,BUILDING-RESIDENTIAL/COMMERCIAL,,,,,HALAL,"Business activity permissible — debt ratio not verified, cross-check Musaffa/Zoya",
MHO,BUILDING,BUILDING-RESIDENTIAL/COMMERCIAL,54,151.39999389648438,0.0734543470186777,140.40;142.16;142.21;138.37;133.94;129.85;128.71;128.94;122.87;123.59;123.10;118.55;122.45;121.62;117.69;125.11;124.13;120.47;126.38;128.88;134.67;134.20;129.99;130.09;128.48;130.02;130.24;127.08;121.33;122.39;128.96;132.11;132.52;137.66;135.93;137.33;140.78;141.95;141.29;142.78;149.09;158.83;163.00;160.79;156.84;150.28;146.87;146.07;149.62;149.53;146.91;146.84;149.01;154.48;146.13;150.12;146.83;148.10;151.07;152.11;148.54;149.95;152.04;152.29;151.40,HALAL,"Business activity permissible — debt ratio not verified, cross-check Musaffa/Zoya",
TMHC,BUILDING,BUILDING-RESIDENTIAL/COMMERCIAL,,,,;;;;;;;;;;;;;;;;;;;;;;;;;;;;;;;;;;;;;;;;;;;;;;;;;;;72.45;;;;;;;;;;;;;,HALAL,"Business activity permissible — debt ratio not verified, cross-check Musaffa/Zoya",
GRBK,BUILDING,BUILDING-RESIDENTIAL/COMMERCIAL,43,73.30999755859375,-0.05843826118790041,74.42;73.66;71.81;70.26;66.98;65.59;65.02;65.52;62.93;63.48;64.01;61.90;64.45;65.35;64.24;69.23;67.77;65.56;69.18;70.94;71.84;70.87;67.34;66.27;65.66;65.64;65.26;63.41;62.00;63.45;66.53;67.14;67.67;68.31;68.65;68.81;71.44;73.04;72.06;71.39;73.60;80.22;80.24;80.04;79.25;74.81;73.36;71.90;73.37;72.75;70.55;70.96;72.43;71.53;70.73;72.05;71.44;70.52;70.11;70.46;69.35;70.87;72.77;73.78;73.31,HALAL,"Business activity permissible — debt ratio not verified, cross-check Musaffa/Zoya",
WY,BUILDING,BUILDING-WOOD PRODUCTS,28,23.639999389648438,-0.04300556113249965,23.95;24.11;24.35;24.21;24.03;23.03;23.26;23.89;22.76;22.96;23.45;23.66;24.22;24.22;23.82;24.61;24.61;24.00;24.96;24.68;24.79;24.81;24.04;23.79;23.50;23.50;23.22;22.90;22.49;22.70;23.32;23.62;24.35;23.51;24.26;24.48;24.65;24.33;24.65;24.33;24.25;25.30;25.31;23.94;23.79;23.29;22.50;23.41;23.91;24.49;23.61;23.64;23.91;24.45;25.03;25.83;25.45;25.29;24.76;24.56;23.61;24.62;24.39;24.08;23.64,HALAL,"Business activity permissible — debt ratio not verified, cross-check Musaffa/Zoya",
PCH,BUILDING,BUILDING-WOOD PRODUCTS,,,,,HALAL,"Business activity permissible — debt ratio not verified, cross-check Musaffa/Zoya",
RYN,BUILDING,BUILDING-WOOD PRODUCTS,22,20.3799991607666,-0.04798889340021739,20.80;20.96;21.21;21.38;20.58;20.13;19.68;20.12;19.66;19.84;19.89;20.06;20.37;20.85;20.67;21.09;21.20;20.57;21.06;20.94;21.04;21.12;20.96;20.70;20.45;20.16;20.06;19.78;19.58;19.73;20.14;20.26;20.86;20.29;20.68;20.72;20.73;20.61;21.28;20.73;20.91;21.68;21.91;21.28;21.49;21.83;20.90;21.45;21.81;21.80;21.25;21.31;21.68;22.18;21.78;21.93;21.43;21.69;21.51;21.57;20.77;21.28;21.22;20.82;20.38,HALAL,"Business activity permissible — debt ratio not verified, cross-check Musaffa/Zoya",
LPX,BUILDING,BUILDING-WOOD PRODUCTS,13,71.26000213623047,-0.11406073530127347,81.35;84.04;81.97;79.79;77.02;76.39;75.18;76.45;71.65;72.04;73.79;70.70;72.15;70.22;69.31;75.37;74.87;73.20;76.33;70.12;74.08;75.88;71.49;70.67;69.17;74.86;72.37;69.66;69.58;66.75;69.86;73.20;75.78;74.23;73.49;70.31;72.20;74.46;76.92;74.99;75.43;79.37;82.05;78.34;78.99;74.48;72.43;71.91;73.14;73.68;69.97;71.85;73.93;73.31;72.14;76.50;75.60;74.09;73.36;73.89;71.23;73.75;72.62;71.22;71.26,HALAL,"Business activity permissible — debt ratio not verified, cross-check Musaffa/Zoya",
BCC,BUILDING,BUILDING-WOOD PRODUCTS,44,78.75,-0.01912987155652235,83.36;82.48;78.50;77.07;74.25;71.67;69.78;72.69;69.64;71.65;74.41;74.20;75.61;72.97;74.47;80.33;81.29;78.66;82.78;82.19;83.56;83.60;78.75;77.88;71.90;72.53;68.98;66.77;65.78;65.26;66.90;67.89;70.13;68.33;68.68;68.08;70.01;70.66;71.59;70.81;72.54;77.66;81.02;77.63;75.93;73.40;72.24;74.72;75.99;77.19;74.40;76.46;78.22;77.68;76.38;86.49;84.26;84.75;84.25;83.24;80.18;81.77;82.24;79.94;78.75,HALAL,"Business activity permissible — debt ratio not verified, cross-check Musaffa/Zoya",
IPG,BUSINESS_PRODUCTS,COMMERCIAL SVCS-ADVERTISING,,,,,HALAL,"Business activity permissible — debt ratio not verified, cross-check Musaffa/Zoya",
OMC,BUSINESS_PRODUCTS,COMMERCIAL SVCS-ADVERTISING,65,88.27999877929688,0.11596317130458789,81.03;83.55;82.90;83.04;82.28;79.21;76.98;77.56;75.04;74.84;74.94;73.04;74.51;74.02;74.85;74.09;75.20;76.67;77.84;77.24;76.01;75.21;75.38;76.11;76.82;76.11;74.36;73.45;70.08;71.07;72.99;73.62;73.31;75.17;72.96;74.51;74.83;75.59;76.51;76.31;72.55;73.66;73.09;72.83;78.62;80.84;80.83;82.55;80.93;81.73;79.21;77.90;82.41;82.58;78.70;81.81;82.51;84.65;85.51;87.57;86.31;87.07;88.94;87.89;88.28,HALAL,"Business activity permissible — debt ratio not verified, cross-check Musaffa/Zoya",
TTD,BUSINESS_PRODUCTS,COMMERCIAL SVCS-ADVERTISING,2,13.569999694824219,-0.4385602129917351,25.16;23.82;25.00;29.79;28.56;27.28;27.34;25.07;23.51;23.95;21.97;21.28;22.69;22.05;20.70;20.61;21.22;22.38;22.47;23.20;22.62;23.14;24.37;24.24;24.61;23.49;21.52;20.49;21.15;21.16;21.28;22.18;21.15;23.22;20.56;19.95;19.89;18.90;19.27;18.16;18.02;17.70;18.37;18.08;19.10;19.18;19.75;19.79;19.37;18.59;18.25;16.79;17.88;19.09;18.04;19.34;17.67;13.39;13.49;14.14;13.42;13.32;13.27;13.03;13.57,HALAL,"Business activity permissible — debt ratio not verified, cross-check Musaffa/Zoya",
CRTO,BUSINESS_PRODUCTS,COMMERCIAL SVCS-ADVERTISING,16,17.459999084472656,0.04864861768770923,17.80;17.87;18.85;19.29;18.86;18.56;17.72;18.02;17.46;17.41;17.72;17.18;17.93;18.50;18.47;18.12;18.33;19.37;19.48;19.35;18.51;19.31;19.42;19.58;20.12;16.45;16.11;16.15;16.06;17.14;17.17;17.03;18.29;19.11;17.15;17.73;17.05;17.41;17.70;17.49;16.57;18.12;17.66;18.28;19.08;23.16;23.14;23.28;22.60;22.48;21.57;20.83;20.85;22.63;21.82;22.40;17.58;17.95;17.36;19.00;17.88;17.49;17.09;16.97;17.46,HALAL,"Business activity permissible — debt ratio not verified, cross-check Musaffa/Zoya",
DV,BUSINESS_PRODUCTS,COMMERCIAL SVCS-ADVERTISING,78,13.380000114440918,0.5118643545435522,9.53;10.54;10.16;10.92;10.80;10.59;10.21;10.00;10.04;10.17;9.85;9.31;9.50;9.94;10.08;9.73;10.07;10.55;10.77;10.66;10.43;10.91;10.96;11.31;11.46;10.85;10.43;8.88;9.06;9.46;9.52;9.68;9.66;10.54;10.20;10.25;10.44;10.23;10.25;10.37;10.17;10.35;10.82;10.84;11.44;11.44;11.73;11.91;11.82;11.42;11.31;10.38;10.95;11.52;11.25;11.93;11.71;13.22;13.29;13.29;13.27;13.31;13.30;13.30;13.38,HALAL,"Business activity permissible — debt ratio not verified, cross-check Musaffa/Zoya",
NCMI,BUSINESS_PRODUCTS,COMMERCIAL SVCS-ADVERTISING,6,2.5999999046325684,-0.19494063888781643,3.34;3.49;3.47;3.44;3.49;3.37;3.26;3.41;3.23;3.28;3.18;3.01;3.02;2.97;3.22;3.37;3.35;3.46;3.59;3.48;3.47;3.51;3.53;3.38;3.43;3.67;3.45;2.95;2.77;2.95;2.97;3.03;3.09;3.62;3.57;3.55;3.55;3.58;3.57;3.63;3.36;3.58;3.75;3.80;3.97;3.82;3.88;3.99;3.99;3.78;3.90;3.74;3.86;4.03;4.01;4.14;4.03;3.95;2.22;2.86;2.52;2.55;2.67;2.64;2.60,HALAL,"Business activity permissible — debt ratio not verified, cross-check Musaffa/Zoya",
ACN,BUSINESS_PRODUCTS,COMMERCIAL SVCS-CONSULTING,19,189.61000061035156,-0.03808921122157427,187.63;204.51;205.65;209.68;205.13;197.41;192.68;194.65;199.44;195.98;188.41;188.71;194.29;197.27;193.32;183.82;189.67;191.70;195.30;192.11;176.16;174.87;178.12;177.69;176.88;178.05;170.30;157.74;166.81;174.70;175.76;174.90;176.28;194.25;175.32;176.13;171.41;165.53;163.40;154.16;123.35;127.62;127.45;122.96;135.72;140.45;139.06;138.52;137.02;143.57;140.86;138.74;154.06;173.17;165.92;170.43;171.11;178.25;180.14;176.89;172.93;181.35;186.53;181.38;189.61,HALAL,"Business activity permissible — debt ratio not verified, cross-check Musaffa/Zoya",
BAH,BUSINESS_PRODUCTS,COMMERCIAL SVCS-CONSULTING,15,75.23999786376953,0.02856697953829168,73.99;77.65;78.02;78.61;80.21;74.81;77.10;75.97;79.62;78.71;78.92;77.32;76.86;81.89;82.82;78.34;80.59;81.07;80.55;79.79;77.83;75.05;75.31;77.14;75.12;75.70;73.83;70.52;71.58;75.85;75.21;78.72;79.84;82.79;77.33;78.29;77.76;76.62;73.99;70.56;62.85;62.21;61.75;60.21;61.98;62.83;62.68;64.31;63.46;64.72;63.37;65.37;71.10;69.64;69.20;73.04;73.37;77.31;77.81;77.46;75.76;76.36;75.22;74.24;75.24,HALAL,"Business activity permissible — debt ratio not verified, cross-check Musaffa/Zoya",
CACI,BUSINESS_PRODUCTS,COMMERCIAL SVCS-CONSULTING,63,628.2000122070312,0.1001944393966927,590.03;610.17;629.75;612.52;633.21;604.38;606.72;612.93;612.93;589.28;578.94;563.67;543.87;575.63;569.11;563.21;539.84;531.68;527.16;518.38;526.49;501.90;503.03;513.29;494.04;489.88;482.57;503.87;486.96;493.32;490.07;501.13;522.85;524.92;528.07;531.41;525.04;525.42;507.56;494.94;449.72;462.04;453.92;463.26;502.83;497.36;483.29;477.97;471.83;461.56;440.76;480.61;495.89;487.79;497.75;524.19;628.79;648.24;680.08;670.54;656.06;646.35;636.50;624.74;628.20,HALAL,"Business activity permissible — debt ratio not verified, cross-check Musaffa/Zoya",
ICFI,BUSINESS_PRODUCTS,COMMERCIAL SVCS-CONSULTING,65,90.22000122070312,0.19868726725054953,74.85;82.78;77.23;74.59;75.04;71.45;69.52;67.36;66.09;68.57;65.88;64.64;65.16;66.96;67.43;68.82;69.94;72.91;70.39;68.47;66.81;66.09;68.43;73.21;74.38;74.35;67.13;59.78;61.00;66.42;67.89;68.05;69.12;70.75;68.19;69.88;71.40;72.49;72.15;72.20;64.54;67.89;71.51;72.86;74.99;76.98;76.34;79.13;77.96;78.86;75.00;77.09;80.01;83.03;80.92;86.22;85.31;91.51;89.58;88.39;88.00;89.07;88.84;89.34;90.22,HALAL,"Business activity permissible — debt ratio not verified, cross-check Musaffa/Zoya",
FCN,BUSINESS_PRODUCTS,COMMERCIAL SVCS-CONSULTING,24,153.74000549316406,-0.01644163588746972,159.98;164.42;166.30;165.51;167.57;162.84;162.58;163.42;169.37;171.89;168.56;170.34;176.77;183.33;184.51;181.01;179.64;179.49;179.50;187.03;185.20;185.00;179.33;173.82;166.95;161.85;159.09;144.83;143.76;154.64;153.24;152.76;154.90;155.00;154.66;159.70;159.92;155.71;156.60;150.60;141.00;144.35;151.10;149.01;153.59;158.49;154.78;161.62;160.90;162.55;155.40;157.45;161.88;170.42;159.38;157.28;150.87;150.87;152.68;151.85;151.45;153.49;155.52;151.92;153.74,HALAL,"Business activity permissible — debt ratio not verified, cross-check Musaffa/Zoya",
HURN,BUSINESS_PRODUCTS,COMMERCIAL SVCS-CONSULTING,80,159.83999633789062,0.2569989913071944,133.31;141.40;148.46;145.28;142.46;134.96;127.14;126.88;127.25;129.29;120.36;122.64;127.49;130.35;131.62;124.29;127.22;131.76;129.17;128.28;121.83;127.12;128.48;131.29;132.22;124.78;115.94;103.47;105.48;108.04;105.31;103.90;106.95;110.59;104.81;110.00;110.54;106.43;107.11;106.20;90.48;96.53;98.73;90.16;97.16;105.93;102.51;111.23;113.98;114.80;110.85;109.19;116.51;170.37;151.77;152.78;150.10;152.03;150.31;151.87;151.37;162.45;162.59;156.57;159.84,HALAL,"Business activity permissible — debt ratio not verified, cross-check Musaffa/Zoya",
EXPO,BUSINESS_PRODUCTS,COMMERCIAL SVCS-CONSULTING,56,71.52999877929688,0.040281421157316144,69.83;72.10;73.16;73.62;71.51;69.67;67.02;64.98;64.81;65.98;65.00;64.13;64.91;66.21;65.46;66.31;66.26;67.93;67.70;67.93;65.92;65.84;65.84;64.94;65.60;63.11;59.85;54.26;53.51;56.69;56.76;57.22;58.12;60.08;58.01;59.66;57.23;56.62;57.24;57.01;55.87;57.94;60.83;58.76;60.98;62.07;62.17;63.59;62.06;62.88;60.66;59.98;62.76;65.85;66.85;67.84;66.21;67.52;67.64;67.10;67.51;69.38;70.78;70.34;71.53,HALAL,"Business activity permissible — debt ratio not verified, cross-check Musaffa/Zoya",
ICLR,BUSINESS_PRODUCTS,COMMERCIAL SVCS-CONSULTING,81,170.02000427246094,0.6244983596729434,101.00;108.14;108.70;110.60;110.03;105.38;98.33;100.49;98.05;100.35;99.99;102.08;110.66;114.19;107.16;106.70;110.37;116.50;119.68;115.18;106.34;103.21;116.17;112.85;121.32;125.00;118.96;117.38;116.38;113.55;116.57;113.85;136.80;138.03;143.90;149.45;151.82;149.92;147.72;143.27;140.73;158.17;169.86;173.71;173.06;168.72;168.77;166.10;172.08;170.00;166.62;170.32;168.78;178.18;163.57;156.85;161.17;166.05;167.17;163.15;167.05;174.27;173.48;168.93;170.02,HALAL,"Business activity permissible — debt ratio not verified, cross-check Musaffa/Zoya",
IQV,BUSINESS_PRODUCTS,COMMERCIAL SVCS-HEALTHCARE,89,261.75,0.6126548206342528,161.91;178.81;173.96;178.50;178.55;171.58;164.72;168.43;166.47;166.96;165.64;163.85;170.54;173.26;170.62;168.98;171.99;178.10;176.46;175.69;160.68;163.84;156.66;157.77;176.42;178.64;173.55;172.38;169.12;173.18;168.02;162.00;181.09;186.82;182.05;183.45;186.25;181.06;178.39;170.67;167.81;185.62;191.14;193.22;207.04;208.23;208.97;207.55;206.81;206.26;201.62;207.32;213.22;247.56;235.02;228.20;232.43;241.99;241.71;236.66;240.03;256.05;260.24;261.51;261.75,HALAL,"Business activity permissible — debt ratio not verified, cross-check Musaffa/Zoya",
CRL,BUSINESS_PRODUCTS,COMMERCIAL SVCS-HEALTHCARE,96,291.5,0.7826565091956317,167.56;178.49;175.69;181.32;176.99;168.91;155.46;153.71;153.05;158.00;165.89;159.16;172.50;173.89;169.54;175.55;178.34;180.56;183.88;183.10;167.74;171.23;163.84;165.78;185.39;181.68;168.46;162.85;150.85;152.43;158.86;156.73;181.34;182.07;179.87;181.34;189.85;188.06;188.47;182.34;181.56;202.10;215.75;226.79;230.69;228.68;233.60;229.75;228.22;224.35;219.40;229.29;224.30;234.80;232.51;234.12;265.51;277.00;284.37;280.05;279.19;291.45;298.58;295.10;291.50,HALAL,"Business activity permissible — debt ratio not verified, cross-check Musaffa/Zoya",
MEDP,BUSINESS_PRODUCTS,COMMERCIAL SVCS-HEALTHCARE,80,600.6500244140625,0.34989670071202883,438.08;451.76;465.38;469.38;478.54;477.72;450.41;455.15;460.92;456.93;466.80;451.20;480.19;498.34;508.52;501.50;501.23;518.54;520.60;514.90;393.42;421.37;413.59;417.54;430.32;428.71;417.29;423.76;415.27;419.91;430.10;429.11;448.12;451.47;450.82;454.25;466.79;475.07;467.50;457.09;455.66;512.79;527.07;529.59;557.60;546.29;535.50;530.19;529.23;537.73;531.67;605.82;589.37;584.93;577.11;575.08;585.01;602.43;596.98;578.50;590.30;612.64;620.03;619.05;600.65,HALAL,"Business activity permissible — debt ratio not verified, cross-check Musaffa/Zoya",
PRVA,BUSINESS_PRODUCTS,COMMERCIAL SVCS-HEALTHCARE,20,20.790000915527344,-0.03972280453376342,22.65;23.75;23.77;23.84;23.30;22.07;21.68;22.10;21.77;21.52;20.54;20.02;20.57;21.21;22.38;22.71;23.01;23.44;24.02;23.60;23.50;24.41;24.69;24.85;24.29;23.99;22.76;22.63;22.95;23.29;22.64;22.20;21.59;21.31;20.66;21.63;22.17;23.36;23.02;23.41;23.49;24.51;25.57;25.73;27.36;27.23;27.77;27.89;28.10;26.90;26.31;24.97;24.67;24.12;23.67;23.79;22.00;22.37;21.54;22.00;21.52;21.20;21.02;21.07;20.79,HALAL,"Business activity permissible — debt ratio not verified, cross-check Musaffa/Zoya",
LFST,BUSINESS_PRODUCTS,COMMERCIAL SVCS-HEALTHCARE,96,12.3100004196167,0.7362482587709789,7.41;7.24;7.27;6.95;6.91;6.64;6.33;6.58;6.46;6.53;6.65;6.32;6.37;6.31;6.41;6.49;6.46;6.55;6.89;6.79;6.99;7.27;7.43;7.53;7.34;8.85;7.67;8.10;7.65;7.73;7.46;7.57;7.81;7.94;7.50;7.41;7.66;8.61;8.59;8.61;9.20;9.65;10.28;10.71;11.27;10.90;10.80;10.88;10.97;11.58;11.45;10.81;10.88;10.86;10.48;10.26;10.66;11.90;12.23;12.42;12.36;12.65;12.16;12.15;12.31,HALAL,"Business activity permissible — debt ratio not verified, cross-check Musaffa/Zoya",
URI,BUSINESS_PRODUCTS,COMMERCIAL SVCS-LEASING,57,1030.25,0.17158649329938624,851.23;836.82;830.32;839.74;817.58;777.62;734.43;742.20;717.23;729.28;744.76;731.52;725.81;729.32;729.97;764.46;776.58;762.40;793.14;803.17;983.05;956.22;948.53;945.64;930.42;940.55;934.60;933.65;959.49;926.02;930.57;961.26;986.72;996.10;1054.76;1065.93;1092.29;1066.65;1082.14;1047.16;1090.80;1081.85;1119.73;1130.94;1096.70;1054.20;1086.79;1083.47;1045.48;1043.41;1011.79;1137.75;1125.97;1053.29;1077.40;1148.15;1160.66;1135.56;1129.30;1153.83;1116.38;1095.26;1083.56;1057.66;1030.25,HALAL,"Business activity permissible — debt ratio not verified, cross-check Musaffa/Zoya",
WSC,BUSINESS_PRODUCTS,COMMERCIAL SVCS-LEASING,20,20.899999618530273,-0.0666769956413884,21.74;21.48;20.80;20.01;19.75;19.27;17.94;17.62;16.94;18.05;18.60;17.06;17.31;17.34;18.20;18.62;19.13;19.01;20.17;21.57;22.43;22.72;22.00;22.63;22.78;23.24;26.64;25.82;24.41;22.80;24.07;25.70;25.77;25.11;25.92;26.21;27.53;27.41;28.30;27.84;29.03;28.85;28.86;28.86;26.66;25.67;25.78;26.31;27.25;27.23;26.52;26.88;26.78;24.12;24.28;26.66;25.82;23.09;22.05;23.76;22.85;22.00;22.53;21.36;20.90,HALAL,"Business activity permissible — debt ratio not verified, cross-check Musaffa/Zoya",
HEES,BUSINESS_PRODUCTS,COMMERCIAL SVCS-LEASING,,,,,HALAL,"Business activity permissible — debt ratio not verified, cross-check Musaffa/Zoya",
MGRC,BUSINESS_PRODUCTS,COMMERCIAL SVCS-LEASING,35,112.27999877929688,0.0013962751298903786,114.72;110.02;107.34;108.88;104.46;103.87;102.72;104.64;104.95;107.78;108.52;109.08;109.36;106.63;110.60;112.90;113.37;114.19;116.39;108.73;114.53;117.63;118.31;108.93;112.60;113.86;113.43;113.72;111.29;109.47;109.23;111.25;110.91;107.07;106.50;108.43;112.32;114.37;113.71;113.29;117.94;121.29;122.81;120.53;117.43;113.12;114.11;116.69;117.13;118.27;116.63;118.96;120.00;117.00;115.15;120.38;121.75;120.53;120.54;122.28;118.88;116.44;116.51;114.15;112.28,HALAL,"Business activity permissible — debt ratio not verified, cross-check Musaffa/Zoya",
LRN,BUSINESS_PRODUCTS,COMMERCIAL SVCS-SCHOOLS,26,86.83999633789062,0.07355664474147106,84.22;84.38;86.65;86.32;85.31;85.24;84.36;87.08;87.41;87.33;88.60;85.61;88.17;89.64;88.95;90.38;91.88;94.01;98.44;98.11;98.36;97.79;95.16;93.08;93.76;91.66;87.34;88.13;88.29;90.19;87.65;89.48;91.97;96.50;99.63;100.01;97.13;99.47;83.54;84.28;82.32;84.81;87.12;86.24;90.44;91.07;91.09;92.02;83.39;87.32;84.69;86.07;90.08;97.71;80.29;80.45;80.00;80.23;78.59;83.36;83.76;84.07;85.07;84.58;86.84,HALAL,"Business activity permissible — debt ratio not verified, cross-check Musaffa/Zoya",
STRA,BUSINESS_PRODUCTS,COMMERCIAL SVCS-SCHOOLS,52,84.63999938964844,0.14690238369788577,74.85;81.06;84.65;82.91;81.55;78.27;80.15;79.92;80.37;83.22;82.85;80.84;82.33;83.04;82.94;81.83;78.54;79.81;82.58;82.97;71.64;75.38;78.37;77.64;78.34;78.49;77.02;78.14;78.19;79.43;78.21;77.83;77.20;79.39;79.05;81.58;80.51;79.85;74.03;75.17;76.45;76.91;78.85;76.62;80.98;83.94;83.48;85.72;75.81;76.53;75.54;75.00;78.55;87.62;82.00;83.71;82.46;81.45;80.02;82.33;81.96;82.38;84.00;85.31;84.64,HALAL,"Business activity permissible — debt ratio not verified, cross-check Musaffa/Zoya",
LAUR,BUSINESS_PRODUCTS,COMMERCIAL SVCS-SCHOOLS,75,38.79999923706055,0.160287106174414,33.86;32.34;32.57;31.92;34.25;33.31;34.26;34.24;33.64;34.35;35.38;34.78;34.84;33.56;34.30;33.39;33.35;33.01;33.84;33.27;31.25;31.18;31.59;31.24;32.30;32.17;32.70;32.67;32.12;32.90;32.97;33.54;32.50;33.10;33.46;33.82;35.22;37.95;35.40;36.04;37.19;36.85;37.12;36.32;38.20;39.86;40.38;40.11;37.26;36.45;36.11;36.60;37.48;38.41;38.31;37.74;37.31;37.26;36.99;37.62;38.20;37.56;37.31;38.67;38.80,HALAL,"Business activity permissible — debt ratio not verified, cross-check Musaffa/Zoya",
GHC,BUSINESS_PRODUCTS,COMMERCIAL SVCS-SCHOOLS,46,1161.1300048828125,0.08908476127208886,1047.82;1049.78;1042.16;1061.38;1074.02;1045.62;1053.11;1074.49;1060.87;1059.36;1066.74;1047.13;1053.81;1057.47;1070.57;1096.42;1097.88;1121.61;1151.09;1141.10;1130.20;1159.79;1148.17;1132.61;1125.72;1129.30;1102.27;1110.30;1091.26;1100.49;1094.46;1115.50;1121.73;1108.36;1098.72;1130.73;1139.48;1154.37;1128.23;1123.64;1138.71;1170.99;1158.11;1139.60;1181.39;1153.40;1156.12;1182.42;1178.53;1177.86;1151.71;1143.13;1178.79;1233.96;1203.54;1210.26;1195.16;1177.69;1187.38;1191.20;1173.27;1152.50;1175.29;1163.24;1161.13,HALAL,"Business activity permissible — debt ratio not verified, cross-check Musaffa/Zoya",
ADT,BUSINESS_PRODUCTS,COMMERCIAL SVCS-SECURITY/SAFETY,32,7.539999961853027,-0.010750133255256977,7.82;7.89;6.74;6.63;6.42;6.45;6.36;6.64;6.54;6.52;6.56;6.41;6.52;6.57;6.55;6.77;6.81;6.92;7.21;7.12;7.18;7.16;7.11;7.49;6.95;6.84;6.73;6.78;6.77;6.81;6.94;6.87;6.75;6.68;6.61;6.73;6.70;6.72;6.70;6.48;6.59;6.55;6.39;6.50;6.83;6.91;6.65;6.78;6.77;7.00;6.89;6.82;7.15;7.41;7.64;7.84;7.65;7.51;7.31;7.49;7.22;7.37;7.42;7.44;7.54,HALAL,"Business activity permissible — debt ratio not verified, cross-check Musaffa/Zoya",
BCO,BUSINESS_PRODUCTS,COMMERCIAL SVCS-SECURITY/SAFETY,29,110.97000122070312,-0.1257441062052137,128.99;116.24;125.26;122.32;114.48;109.20;106.58;104.94;100.05;100.93;101.79;100.31;103.16;102.85;102.28;105.57;106.35;108.23;113.86;110.27;110.37;106.31;106.85;107.03;103.83;107.26;104.72;104.10;103.30;102.09;104.57;106.80;106.86;102.80;100.67;100.78;102.36;100.94;100.34;97.17;97.35;96.04;93.89;94.29;101.29;103.69;103.13;107.20;111.65;119.87;122.93;120.84;117.95;121.71;118.45;117.98;112.85;110.51;113.96;114.27;109.14;113.12;112.78;111.52;110.97,HALAL,"Business activity permissible — debt ratio not verified, cross-check Musaffa/Zoya",
CXW,BUSINESS_PRODUCTS,COMMERCIAL SVCS-SECURITY/SAFETY,96,33.810001373291016,1.085749739842809,17.17;17.68;18.34;18.39;17.92;17.49;18.21;20.28;19.91;20.23;19.98;19.44;18.91;20.51;19.98;20.22;19.93;20.08;20.45;20.57;20.04;20.25;20.54;20.58;19.42;21.82;19.88;20.60;20.74;21.01;21.12;21.19;21.77;21.21;21.71;23.21;25.18;26.85;27.77;28.17;29.65;29.80;30.77;30.38;31.03;29.30;31.28;31.43;31.09;30.65;32.08;31.65;31.21;29.75;29.90;30.15;32.24;33.00;33.60;32.82;32.40;33.51;33.84;33.99;33.81,HALAL,"Business activity permissible — debt ratio not verified, cross-check Musaffa/Zoya",
GEO,BUSINESS_PRODUCTS,COMMERCIAL SVCS-SECURITY/SAFETY,96,32.279998779296875,1.4252440091377903,14.72;15.04;15.06;14.92;13.76;14.10;14.55;16.28;16.38;17.00;17.50;16.71;16.81;18.42;17.59;17.88;17.71;17.60;18.60;19.03;18.48;18.67;18.95;18.75;18.36;21.22;21.41;22.65;22.92;22.81;23.11;22.68;23.11;23.34;23.60;25.31;27.03;28.62;28.54;28.86;29.67;29.38;30.36;29.55;30.25;29.03;30.06;30.24;29.82;29.46;31.23;31.07;30.93;29.95;30.89;31.29;30.14;30.66;31.45;31.22;30.91;31.72;32.18;32.77;32.28,HALAL,"Business activity permissible — debt ratio not verified, cross-check Musaffa/Zoya",
RHI,BUSINESS_PRODUCTS,COMMERCIAL SVCS-STAFFING,95,45.310001373291016,1.0198209602330923,22.77;23.58;23.41;24.05;23.31;22.34;21.60;21.90;22.16;23.96;23.67;23.98;24.52;24.42;23.24;23.85;24.91;26.64;26.49;27.91;26.26;25.25;26.25;26.09;25.90;26.45;25.62;24.04;24.25;24.79;26.24;26.65;28.03;30.58;29.17;30.85;30.30;31.18;31.65;31.84;28.73;29.69;32.33;30.30;33.04;34.31;32.17;35.12;36.22;41.25;40.62;37.36;39.22;39.61;37.31;40.45;40.15;42.12;41.01;42.65;43.19;43.31;44.53;44.54;45.31,HALAL,"Business activity permissible — debt ratio not verified, cross-check Musaffa/Zoya",
MAN,BUSINESS_PRODUCTS,COMMERCIAL SVCS-STAFFING,98,62.38999938964844,1.443294292556124,25.24;27.33;27.41;28.05;27.76;26.69;25.23;25.82;25.69;27.22;27.59;27.77;28.79;28.68;27.66;28.07;28.53;30.03;30.42;31.11;28.59;29.28;29.98;29.83;28.97;29.76;28.29;25.49;25.38;26.62;28.13;28.05;29.64;32.93;30.37;32.30;32.65;34.00;33.35;34.29;31.33;32.59;36.20;33.77;38.79;39.34;37.47;40.62;39.02;52.34;51.68;49.95;53.67;55.86;52.42;54.80;55.34;56.52;56.22;58.30;59.48;60.74;61.39;61.96;62.39,HALAL,"Business activity permissible — debt ratio not verified, cross-check Musaffa/Zoya",
ASGN,BUSINESS_PRODUCTS,COMMERCIAL SVCS-STAFFING,,,,,HALAL,"Business activity permissible — debt ratio not verified, cross-check Musaffa/Zoya",
KFY,BUSINESS_PRODUCTS,COMMERCIAL SVCS-STAFFING,83,86.27999877929688,0.47328814112226314,59.00;61.64;61.44;64.01;61.60;61.43;59.68;60.25;60.75;61.86;61.98;61.86;62.45;62.86;62.81;63.45;62.76;63.82;65.24;66.40;64.83;65.60;65.81;65.99;66.40;66.61;66.04;64.00;63.30;64.86;66.11;67.56;69.41;71.71;68.91;71.75;73.18;72.68;70.81;71.10;67.24;70.07;71.62;66.05;69.13;72.77;71.88;75.39;75.12;78.61;78.04;77.84;81.17;84.69;82.27;83.20;82.67;83.64;83.30;84.19;83.87;84.59;84.73;83.99;86.28,HALAL,"Business activity permissible — debt ratio not verified, cross-check Musaffa/Zoya",
KELYA,BUSINESS_PRODUCTS,COMMERCIAL SVCS-STAFFING,94,17.280000686645508,0.8863168743558512,9.22;9.59;9.20;9.24;8.88;8.74;8.42;8.41;8.42;8.62;8.80;8.67;8.74;8.67;8.58;8.61;8.93;9.21;9.39;9.39;9.34;9.47;9.65;9.53;9.69;9.58;9.63;9.65;9.48;9.66;10.62;10.76;11.61;11.96;11.31;11.72;11.66;11.99;11.57;11.35;10.96;11.58;12.67;12.22;13.02;13.45;13.38;14.24;14.26;15.25;15.28;14.99;15.65;15.74;14.77;15.16;15.55;15.60;15.37;15.99;16.42;16.71;16.79;16.98;17.28,HALAL,"Business activity permissible — debt ratio not verified, cross-check Musaffa/Zoya",
HSII,BUSINESS_PRODUCTS,COMMERCIAL SVCS-STAFFING,,,,,HALAL,"Business activity permissible — debt ratio not verified, cross-check Musaffa/Zoya",
WM,BUSINESS_PRODUCTS,COMMERCIAL SVCS-WASTE MGMT,31,219.66000366210938,-0.03934282349822804,226.22;238.85;241.43;244.06;244.47;234.55;237.50;235.03;232.82;226.55;223.88;224.09;228.80;234.40;232.30;232.09;230.00;223.96;222.98;222.46;231.80;225.22;229.32;227.78;223.52;220.49;213.19;215.51;218.87;221.38;216.81;214.55;213.47;211.59;217.06;220.40;221.30;218.79;216.94;215.85;213.31;223.26;225.53;222.88;230.40;237.21;231.67;236.71;232.80;239.31;233.18;237.27;237.90;236.60;226.55;225.25;229.01;226.60;226.32;224.55;223.58;224.92;226.46;221.24;219.66,HALAL,"Business activity permissible — debt ratio not verified, cross-check Musaffa/Zoya",
RSG,BUSINESS_PRODUCTS,COMMERCIAL SVCS-WASTE MGMT,38,222.11000061035156,0.00995159084953201,220.32;227.69;230.94;230.34;228.82;222.51;222.99;223.48;221.74;215.49;214.31;214.59;217.76;222.54;219.74;216.37;212.86;210.26;207.06;204.70;213.42;205.51;207.70;205.96;203.29;200.96;197.15;203.08;207.71;214.34;207.48;206.45;203.10;200.25;203.61;209.43;209.57;207.44;207.48;206.83;203.77;212.96;215.76;212.46;217.34;222.46;218.69;223.38;217.34;222.31;214.63;217.42;216.90;218.91;210.55;207.66;209.59;214.62;214.26;214.71;216.97;219.50;223.08;222.18;222.11,HALAL,"Business activity permissible — debt ratio not verified, cross-check Musaffa/Zoya",
WCN,BUSINESS_PRODUCTS,COMMERCIAL SVCS-WASTE MGMT,34,165.92999267578125,0.024582797026309722,165.88;171.38;171.82;169.99;170.98;165.97;165.80;166.31;164.11;161.60;156.38;155.34;161.73;165.36;163.29;163.09;161.01;159.11;158.94;157.24;168.16;160.84;163.04;160.53;156.98;153.24;150.66;151.84;156.28;157.04;155.44;153.35;150.73;149.19;150.57;154.89;157.24;155.14;154.65;154.79;153.10;166.10;167.54;166.34;168.46;172.56;169.78;170.81;169.76;171.54;168.07;167.63;168.99;172.44;167.02;165.22;167.39;166.22;165.34;166.29;165.53;168.33;168.97;167.15;165.93,HALAL,"Business activity permissible — debt ratio not verified, cross-check Musaffa/Zoya",
CWST,BUSINESS_PRODUCTS,COMMERCIAL SVCS-WASTE MGMT,36,93.68000030517578,0.010462746524453115,89.09;93.16;91.64;97.48;95.75;88.23;88.09;88.44;84.26;78.01;76.43;74.97;79.34;87.18;85.83;86.77;84.89;81.54;81.22;77.96;83.87;76.75;78.11;86.83;86.76;85.45;83.15;84.31;85.18;86.74;87.22;87.11;84.22;85.09;84.02;85.90;87.81;89.76;88.10;86.10;84.58;91.24;94.35;96.97;97.49;99.01;95.37;98.09;96.31;95.70;90.54;90.03;89.30;90.48;89.71;91.50;90.46;89.99;90.56;90.72;89.91;93.05;94.78;93.74;93.68,HALAL,"Business activity permissible — debt ratio not verified, cross-check Musaffa/Zoya",
SRCL,BUSINESS_PRODUCTS,COMMERCIAL SVCS-WASTE MGMT,,,,,HALAL,"Business activity permissible — debt ratio not verified, cross-check Musaffa/Zoya",
IP,BUSINESS_PRODUCTS,PAPER & PAPER PRODUCTS,44,39.310001373291016,-0.09140388493910268,42.53;42.43;40.97;40.24;37.40;37.66;36.29;36.43;33.12;34.64;35.53;34.54;34.78;33.89;33.65;35.83;35.70;35.57;36.17;34.53;32.67;31.81;32.71;30.94;31.04;32.23;31.63;31.16;29.48;28.62;30.69;31.60;32.94;33.31;33.02;33.23;33.74;34.56;35.98;35.75;36.47;37.87;38.32;37.67;38.35;37.49;36.76;36.58;36.33;37.14;35.94;37.48;41.93;42.16;40.37;41.83;40.07;40.87;40.68;40.74;40.05;40.36;41.04;41.39;39.31,HALAL,"Business activity permissible — debt ratio not verified, cross-check Musaffa/Zoya",
PKG,BUSINESS_PRODUCTS,PAPER & PAPER PRODUCTS,61,240.38999938964844,0.07914800580707726,228.06;229.27;228.56;223.42;220.04;219.83;213.09;214.55;203.05;207.69;211.96;210.86;210.83;203.12;202.17;206.75;209.10;205.71;211.99;209.15;213.61;211.14;214.63;216.63;221.25;221.96;220.06;216.79;210.69;201.83;212.36;217.03;216.71;220.21;222.92;221.36;225.84;222.93;229.96;229.26;234.03;237.85;241.55;238.28;238.20;232.40;224.49;225.86;227.86;233.07;228.21;233.90;252.37;249.43;245.84;255.48;252.75;254.75;256.31;255.48;250.30;249.56;248.88;246.68;240.39,HALAL,"Business activity permissible — debt ratio not verified, cross-check Musaffa/Zoya",
WRK,BUSINESS_PRODUCTS,PAPER & PAPER PRODUCTS,,,,,HALAL,"Business activity permissible — debt ratio not verified, cross-check Musaffa/Zoya",
SLVM,BUSINESS_PRODUCTS,PAPER & PAPER PRODUCTS,12,36.369998931884766,-0.20086732866994073,44.80;45.28;46.09;44.13;42.04;42.53;40.59;40.41;37.91;37.79;39.66;39.24;41.31;41.79;40.69;41.26;42.42;41.82;43.14;41.86;40.67;42.50;42.85;43.15;43.48;43.20;40.70;37.82;36.98;35.40;37.73;37.60;38.97;38.70;38.16;38.20;39.60;41.12;40.55;39.13;38.32;39.36;38.89;37.37;38.10;38.72;38.29;39.28;37.58;38.34;37.44;37.50;37.71;38.25;37.41;39.38;37.78;40.30;38.43;38.39;36.92;36.72;36.91;36.69;36.37,HALAL,"Business activity permissible — debt ratio not verified, cross-check Musaffa/Zoya",
GLT,BUSINESS_PRODUCTS,PAPER & PAPER PRODUCTS,,,,,HALAL,"Business activity permissible — debt ratio not verified, cross-check Musaffa/Zoya",
DCI,BUSINESS_PRODUCTS,POLLUTION CONTROL,47,91.88999938964844,-0.13319388193890935,103.69;92.11;92.34;91.05;88.32;87.88;85.20;84.56;83.51;85.05;86.51;83.28;84.27;84.63;84.93;88.47;88.30;87.90;88.57;87.78;87.35;89.16;86.39;85.61;85.67;85.31;84.99;83.34;81.36;80.98;82.04;84.16;82.76;81.22;84.64;83.06;85.55;84.79;86.14;85.07;85.66;85.78;88.22;89.47;88.79;89.24;88.22;88.98;88.97;90.10;89.88;90.84;92.88;92.19;93.93;97.81;98.01;96.42;95.95;95.63;93.97;92.44;92.43;95.24;91.89,HALAL,"Business activity permissible — debt ratio not verified, cross-check Musaffa/Zoya",
CECE,BUSINESS_PRODUCTS,POLLUTION CONTROL,,,,,HALAL,"Business activity permissible — debt ratio not verified, cross-check Musaffa/Zoya",
CLH,BUSINESS_PRODUCTS,POLLUTION CONTROL,71,310.7099914550781,0.1064382285851524,286.04;293.20;297.15;289.74;285.90;289.53;288.93;290.55;289.46;286.10;288.29;279.00;286.73;297.00;298.86;302.16;303.60;296.00;300.70;304.82;310.32;307.33;306.44;311.43;313.70;282.37;293.45;302.95;303.76;291.98;282.56;286.67;280.71;281.00;286.63;283.03;287.99;286.78;284.03;287.25;289.36;298.78;301.65;298.75;291.20;297.93;301.91;303.64;303.37;310.58;305.16;306.47;301.75;326.34;312.88;310.61;307.64;310.00;316.65;321.98;319.50;321.95;313.74;313.67;310.71,HALAL,"Business activity permissible — debt ratio not verified, cross-check Musaffa/Zoya",
ECOL,BUSINESS_PRODUCTS,POLLUTION CONTROL,,,,,HALAL,"Business activity permissible — debt ratio not verified, cross-check Musaffa/Zoya",
TISI,BUSINESS_PRODUCTS,POLLUTION CONTROL,92,24.739999771118164,0.7875722180893272,14.72;14.70;14.17;14.39;14.40;14.51;15.71;13.78;13.78;16.12;15.41;15.62;15.94;16.20;17.01;16.23;16.14;16.32;17.19;17.22;16.78;17.06;17.29;17.50;17.25;17.29;15.99;15.75;16.05;16.21;16.50;16.40;15.81;15.46;17.00;17.72;17.50;16.54;16.98;16.84;16.81;16.89;16.88;17.28;17.54;16.76;16.36;16.41;16.73;16.41;16.55;16.64;17.00;17.64;17.40;16.75;17.01;16.55;22.00;22.12;23.32;22.80;22.97;23.01;24.74,HALAL,"Business activity permissible — debt ratio not verified, cross-check Musaffa/Zoya",
CTVA,CHEMICAL,CHEMICALS-AGRICULTURAL,57,83.9000015258789,0.10231120726829634,77.32;79.76;78.75;76.41;78.12;78.45;79.03;79.87;77.89;77.58;81.84;81.80;83.52;85.26;85.13;83.37;83.32;81.13;80.16;80.17;79.45;79.24;79.19;80.66;83.71;78.89;82.64;83.16;82.02;78.81;78.86;78.91;80.41;77.68;77.80;77.03;75.01;74.86;75.71;77.37;78.86;80.09;82.62;84.69;85.80;86.75;83.86;86.07;84.45;87.30;86.94;88.78;87.58;90.51;78.71;78.31;76.86;76.47;75.53;76.68;77.91;79.46;82.81;82.88;83.90,HALAL,"Business activity permissible — debt ratio not verified, cross-check Musaffa/Zoya",
FMC,CHEMICAL,CHEMICALS-AGRICULTURAL,5,11.329999923706055,-0.1607869880216629,14.80;14.57;13.68;14.12;13.96;14.07;13.88;14.09;13.77;14.06;15.26;15.58;17.10;17.63;17.52;17.09;17.94;17.30;17.05;15.76;14.35;15.45;14.55;14.72;14.77;13.59;13.02;12.64;14.07;12.67;12.92;12.89;13.48;13.25;12.26;11.56;11.42;11.19;11.43;11.90;10.95;11.24;11.67;11.50;11.35;11.59;10.89;10.91;10.83;11.21;11.37;11.69;11.12;10.01;10.71;10.55;10.55;10.46;10.24;10.15;10.12;10.88;11.28;11.08;11.33,HALAL,"Business activity permissible — debt ratio not verified, cross-check Musaffa/Zoya",
AGRO,CHEMICAL,CHEMICALS-AGRICULTURAL,51,10.739999771118164,0.21460908077188678,8.89;8.80;9.05;9.62;9.90;10.25;10.73;12.34;14.48;13.08;14.57;13.93;14.89;15.09;14.90;13.94;14.14;13.19;12.36;13.38;13.15;12.94;14.29;13.78;14.24;13.37;13.49;13.65;13.11;13.32;13.62;12.51;12.63;12.58;12.19;11.42;11.29;11.69;10.90;9.64;9.15;9.11;9.41;9.55;9.64;9.62;10.00;10.38;10.25;10.07;10.78;10.77;10.24;9.71;9.97;9.19;9.36;9.66;9.29;8.91;9.81;10.94;11.26;11.08;10.74,HALAL,"Business activity permissible — debt ratio not verified, cross-check Musaffa/Zoya",
SQM,CHEMICAL,CHEMICALS-AGRICULTURAL,69,78.62999725341797,0.08832916901493681,78.65;75.44;68.03;69.83;74.16;76.96;73.61;76.24;73.82;74.54;78.27;81.77;80.03;82.27;77.64;81.25;86.64;86.63;87.80;86.24;84.49;90.26;89.99;91.64;91.60;90.57;93.42;91.62;84.26;80.45;79.29;80.43;84.05;83.42;78.58;75.43;75.66;80.44;83.27;82.99;78.65;75.58;71.59;74.04;72.70;73.40;74.09;71.94;71.52;69.81;68.84;69.32;68.79;67.55;67.06;68.58;72.45;72.84;71.25;74.32;74.47;78.45;82.33;78.28;78.63,HALAL,"Business activity permissible — debt ratio not verified, cross-check Musaffa/Zoya",
DOW,CHEMICAL,CHEMICALS-BASIC,55,30.510000228881836,0.0292174100362812,29.37;30.42;30.43;33.38;33.96;34.02;36.25;36.54;37.11;35.68;39.22;40.41;41.23;40.98;40.99;37.66;39.71;38.45;35.24;37.92;38.14;37.72;39.15;39.88;40.39;36.94;38.37;38.45;38.36;37.36;35.55;34.92;34.42;34.69;35.40;33.97;33.22;33.63;33.23;32.50;30.79;29.38;29.04;27.36;27.71;28.64;28.50;30.37;29.70;29.92;30.47;30.90;28.75;30.45;30.29;30.33;30.30;30.58;30.57;31.07;31.19;32.90;31.44;30.33;30.51,HALAL,"Business activity permissible — debt ratio not verified, cross-check Musaffa/Zoya",
LYB,CHEMICAL,CHEMICALS-BASIC,64,63.66999816894531,0.16112592853959162,54.92;55.67;57.02;64.53;65.45;65.99;70.82;69.74;73.04;70.01;75.61;78.80;78.91;77.97;78.62;70.79;73.96;71.63;64.91;69.96;69.27;69.57;71.79;73.46;76.17;70.05;72.03;72.23;73.52;71.55;68.65;67.60;66.95;66.45;66.61;63.84;62.99;62.82;62.65;61.18;57.92;55.55;55.16;52.11;52.81;54.04;54.82;57.72;57.41;58.57;60.56;61.09;58.02;59.87;61.45;60.49;60.81;62.01;62.16;63.11;64.66;67.40;65.20;62.62;63.67,HALAL,"Business activity permissible — debt ratio not verified, cross-check Musaffa/Zoya",
CE,CHEMICAL,CHEMICALS-BASIC,24,45.0,-0.13876478371727174,49.97;49.88;51.26;52.49;51.39;51.88;57.67;60.11;60.26;56.07;62.59;63.34;65.70;63.99;63.50;62.24;68.14;64.66;61.96;65.70;65.16;65.05;65.05;69.19;68.96;58.36;59.51;59.93;56.76;53.45;52.86;52.33;53.23;55.24;55.44;51.00;50.89;51.64;53.73;51.20;49.70;48.01;49.39;45.97;47.65;48.65;46.61;47.89;47.18;45.67;46.38;47.32;44.37;43.93;44.72;45.24;43.95;44.46;43.31;45.66;44.65;46.98;45.26;44.70;45.00,HALAL,"Business activity permissible — debt ratio not verified, cross-check Musaffa/Zoya",
WLK,CHEMICAL,CHEMICALS-BASIC,23,75.70999908447266,-0.17134202452706981,101.26;103.50;101.59;104.15;104.97;105.65;110.60;110.00;109.80;107.10;112.75;111.83;115.31;117.86;121.80;115.70;118.60;113.76;111.16;114.16;110.80;109.76;109.97;113.51;103.43;96.12;96.30;91.08;87.45;87.52;86.96;87.63;87.06;85.78;85.79;84.05;85.51;86.66;86.84;82.90;77.41;75.34;76.09;72.49;74.25;75.74;73.96;75.54;76.51;77.09;75.69;74.71;71.83;71.75;70.01;80.07;76.93;78.54;78.62;79.00;76.98;78.30;75.96;74.61;75.71,HALAL,"Business activity permissible — debt ratio not verified, cross-check Musaffa/Zoya",
OLN,CHEMICAL,CHEMICALS-BASIC,6,17.149999618530273,-0.2506501310096074,23.38;24.71;23.90;24.17;23.36;23.33;24.28;25.31;25.13;24.80;27.52;28.48;29.18;28.04;29.59;27.88;28.89;27.25;25.61;26.67;25.74;26.34;26.88;28.08;28.18;26.27;27.90;27.87;26.47;25.66;25.72;25.83;26.44;25.45;25.47;24.26;24.23;23.92;25.01;22.74;21.29;20.75;21.48;19.59;19.81;20.50;19.96;20.91;21.61;21.74;22.89;23.37;21.63;21.94;18.30;18.83;18.53;18.61;18.51;18.88;18.27;18.42;17.37;17.32;17.15,HALAL,"Business activity permissible — debt ratio not verified, cross-check Musaffa/Zoya",
HUN,CHEMICAL,CHEMICALS-BASIC,10,9.470000267028809,-0.23225229775020106,12.26;12.49;12.23;12.39;11.96;11.60;11.96;12.14;11.45;10.77;12.30;12.59;13.24;12.84;13.19;13.44;13.96;13.51;13.28;13.66;13.47;13.64;13.18;14.55;14.91;14.66;14.76;14.31;13.62;13.25;14.30;14.66;15.38;14.92;14.65;14.13;14.46;15.00;15.89;12.73;11.50;11.32;11.41;10.62;10.82;10.97;10.81;11.61;11.95;11.79;12.61;12.81;11.74;11.96;9.76;10.43;10.14;10.36;10.15;10.30;10.05;10.16;9.60;9.63;9.47,HALAL,"Business activity permissible — debt ratio not verified, cross-check Musaffa/Zoya",
TROX,CHEMICAL,CHEMICALS-BASIC,50,5.400000095367432,-0.20683756218041316,7.10;7.38;6.86;7.18;6.77;6.67;6.89;7.74;7.27;7.25;8.81;9.00;9.64;9.06;9.21;8.78;9.38;9.16;9.00;9.47;9.31;10.01;9.53;10.19;10.34;8.31;9.26;8.72;7.93;7.63;7.64;7.59;8.24;7.98;8.01;7.28;7.03;7.68;7.97;7.51;7.28;6.80;6.64;6.25;6.16;6.07;6.06;6.07;6.02;5.80;6.44;6.33;6.05;6.01;5.80;5.89;6.90;6.22;6.17;5.96;5.54;5.61;5.39;5.47;5.40,HALAL,"Business activity permissible — debt ratio not verified, cross-check Musaffa/Zoya",
CF,CHEMICAL,CHEMICALS-FERTILIZERS,81,125.79000091552734,0.33006114351292615,95.26;98.63;105.33;109.76;110.02;119.03;128.38;122.16;124.41;119.08;126.94;135.20;128.65;128.78;132.55;118.29;120.56;119.70;111.65;120.20;124.44;122.50;125.62;121.56;126.87;117.59;123.34;124.35;124.60;127.20;121.07;118.55;115.90;112.72;116.00;112.91;108.02;106.01;106.35;105.31;103.07;102.56;105.16;107.71;109.97;114.35;113.44;120.30;117.22;120.80;122.33;126.06;119.17;126.70;124.55;117.50;116.13;120.86;119.39;118.30;119.72;125.70;129.24;125.70;125.79,HALAL,"Business activity permissible — debt ratio not verified, cross-check Musaffa/Zoya",
MOS,CHEMICAL,CHEMICALS-FERTILIZERS,15,23.600000381469727,-0.1632107928601978,26.49;27.33;26.29;25.80;26.65;28.86;29.02;28.54;25.94;23.84;25.93;24.75;25.24;25.91;26.10;25.02;24.29;23.49;24.32;23.96;24.04;22.99;22.80;22.92;23.03;22.68;21.57;22.55;21.54;21.18;21.94;22.62;24.06;23.33;23.30;22.24;21.28;21.09;22.52;22.51;22.00;20.86;22.38;21.19;21.13;21.12;20.75;22.31;23.04;22.13;21.97;22.28;22.34;22.62;22.12;22.71;23.46;23.47;22.60;21.61;21.14;23.35;24.00;24.16;23.60,HALAL,"Business activity permissible — debt ratio not verified, cross-check Musaffa/Zoya",
NTR,CHEMICAL,CHEMICALS-FERTILIZERS,61,73.51000213623047,0.038988222841235265,71.36;73.86;73.22;73.19;74.59;78.03;81.52;78.27;74.82;71.69;75.39;74.43;74.78;74.79;76.19;72.13;73.71;72.69;69.99;72.02;71.54;71.72;73.46;74.54;76.55;67.77;70.65;70.65;70.92;70.95;69.61;69.31;69.02;68.94;68.19;66.60;65.75;64.97;65.54;63.70;61.69;59.83;60.43;62.95;65.06;65.32;64.57;67.60;68.33;67.28;66.84;68.54;67.40;70.59;69.07;66.92;66.76;66.31;67.18;68.24;69.40;73.12;74.29;73.61;73.51,HALAL,"Business activity permissible — debt ratio not verified, cross-check Musaffa/Zoya",
ICL,CHEMICAL,CHEMICALS-FERTILIZERS,20,5.599999904632568,0.07884777647076646,5.01;4.72;4.86;4.83;5.25;5.18;5.33;5.34;5.15;5.03;5.11;5.16;5.14;5.20;5.30;5.28;5.40;5.29;5.20;5.16;5.17;5.49;5.29;5.40;5.55;5.95;6.45;6.76;6.36;6.45;6.42;6.52;6.69;6.43;6.12;5.60;5.59;5.67;5.75;5.24;5.07;5.07;5.02;4.98;5.03;4.95;4.85;4.93;5.10;5.05;5.25;5.30;5.15;5.10;5.06;5.15;5.27;5.34;5.47;5.55;5.41;5.52;5.75;5.68;5.60,HALAL,"Business activity permissible — debt ratio not verified, cross-check Musaffa/Zoya",
UAN,CHEMICAL,CHEMICALS-FERTILIZERS,80,125.27999877929688,0.41641962325189175,92.07;91.43;102.31;110.44;107.53;118.66;120.76;118.90;121.00;117.59;127.34;126.29;116.76;116.15;120.29;110.15;116.21;114.06;113.37;117.07;120.05;123.86;122.85;117.99;124.52;117.38;125.84;124.28;123.28;120.73;116.85;117.78;116.87;114.23;115.90;112.91;111.16;107.99;106.03;105.93;104.73;102.85;104.22;106.12;108.52;109.41;110.66;112.33;110.58;113.30;114.79;117.95;114.28;116.67;122.79;120.03;120.42;117.01;119.53;123.50;121.11;124.49;125.07;126.23;125.28,HALAL,"Business activity permissible — debt ratio not verified, cross-check Musaffa/Zoya",
SHW,CHEMICAL,CHEMICALS-PAINTS,37,344.8599853515625,-0.04653241159958921,354.72;360.02;347.13;333.81;331.77;321.16;318.22;319.13;308.86;312.42;320.38;313.83;318.98;316.45;312.43;334.09;332.75;327.23;343.86;332.98;336.01;334.46;316.30;316.45;310.93;318.65;311.17;304.84;298.63;297.59;307.83;310.53;304.44;294.18;295.81;304.60;309.83;316.16;319.50;313.08;316.17;332.36;343.28;343.53;351.67;341.47;331.26;328.21;331.52;330.56;317.73;309.82;326.52;343.09;340.06;360.74;362.58;361.87;359.37;358.27;344.47;346.11;346.73;348.66;344.86,HALAL,"Business activity permissible — debt ratio not verified, cross-check Musaffa/Zoya",
PPG,CHEMICAL,CHEMICALS-PAINTS,39,114.22000122070312,-0.0771462989119962,121.57;121.71;116.69;110.46;106.88;102.77;100.60;102.59;97.14;100.79;105.34;102.51;105.53;101.94;100.95;108.32;108.84;106.36;113.40;109.52;108.90;108.91;103.37;106.15;105.07;107.56;107.28;104.81;102.01;101.07;105.97;108.86;112.16;111.38;110.70;113.10;115.64;117.51;120.78;116.42;118.18;120.23;122.48;120.54;124.56;119.48;115.24;113.14;114.60;116.63;114.99;113.05;117.74;111.14;109.84;117.07;116.44;115.48;114.60;114.11;112.81;112.44;113.23;114.42;114.22,HALAL,"Business activity permissible — debt ratio not verified, cross-check Musaffa/Zoya",
RPM,CHEMICAL,CHEMICALS-PAINTS,25,106.6500015258789,-0.07106811262574686,113.04;112.94;107.79;103.82;101.58;100.48;98.73;100.17;95.57;95.37;97.82;96.54;98.37;96.96;95.71;109.82;108.31;104.60;109.23;106.72;105.14;104.44;100.16;100.81;98.89;100.86;99.02;96.64;94.74;94.50;98.69;102.36;106.35;104.07;103.26;104.41;106.84;106.96;108.28;106.46;106.99;109.12;111.87;110.56;111.03;107.71;102.82;101.97;103.04;105.08;101.53;104.77;107.77;108.37;107.07;115.09;115.65;115.93;115.07;113.82;110.55;110.31;106.36;107.05;106.65,HALAL,"Business activity permissible — debt ratio not verified, cross-check Musaffa/Zoya",
AXTA,CHEMICAL,CHEMICALS-PAINTS,69,37.02000045776367,0.08722470740823196,33.73;33.41;31.68;30.26;29.29;28.35;27.59;28.10;26.10;26.42;27.66;26.85;27.70;26.82;26.13;28.50;28.62;28.09;30.00;29.09;29.34;29.43;28.21;27.73;27.16;28.57;28.39;27.91;26.81;27.76;29.13;30.01;30.19;30.39;31.18;32.18;32.85;32.68;33.77;34.00;34.33;34.66;34.50;34.22;35.11;34.25;32.55;32.07;32.43;32.34;32.46;31.68;33.74;34.83;35.81;37.61;37.54;37.44;37.28;37.31;35.42;35.50;36.06;36.61;37.02,HALAL,"Business activity permissible — debt ratio not verified, cross-check Musaffa/Zoya",
EMN,CHEMICAL,CHEMICALS-PLASTICS,47,73.02999877929688,-0.023845063228041807,73.74;73.78;72.46;70.52;68.00;66.17;68.48;70.47;67.99;67.25;70.60;70.40;75.47;74.23;73.72;71.90;73.18;71.94;72.96;71.65;71.12;71.30;69.63;76.66;76.43;72.87;73.81;73.01;70.78;67.39;72.37;73.56;75.51;74.65;73.99;71.04;72.12;72.50;75.28;72.12;71.96;70.40;70.71;66.98;68.86;69.62;67.21;67.21;67.85;68.60;68.99;67.92;67.68;67.28;69.95;73.90;73.50;73.42;72.54;74.07;73.00;73.79;72.69;72.93;73.03,HALAL,"Business activity permissible — debt ratio not verified, cross-check Musaffa/Zoya",
ASH,CHEMICAL,CHEMICALS-PLASTICS,85,74.37000274658203,0.1963202550853882,61.36;61.91;59.19;56.95;54.47;52.19;49.61;51.12;49.83;49.56;53.22;52.79;55.21;54.00;53.96;55.91;56.14;55.27;58.10;56.94;56.40;57.28;48.79;51.44;51.88;54.06;53.69;56.09;54.10;54.28;55.85;57.44;56.90;58.01;57.00;56.20;62.50;65.53;65.44;64.36;67.69;63.44;63.94;65.89;67.01;65.73;65.00;65.92;68.27;68.64;68.51;66.56;66.38;72.84;72.61;72.32;72.46;75.40;74.72;73.71;73.63;72.82;73.71;74.32;74.37,HALAL,"Business activity permissible — debt ratio not verified, cross-check Musaffa/Zoya",
BCPC,CHEMICAL,CHEMICALS-PLASTICS,50,178.44000244140625,0.01571043875621414,179.62;181.43;181.38;175.70;172.65;170.91;169.03;167.13;164.29;164.29;166.96;166.95;169.48;170.42;170.02;175.07;176.51;174.50;177.66;175.68;176.53;175.12;173.33;161.52;161.13;159.50;158.93;160.65;159.02;159.21;161.75;161.50;160.26;156.30;156.62;159.91;162.32;165.34;163.68;164.38;165.57;169.28;171.22;168.95;168.80;168.11;163.53;161.44;162.70;163.35;161.12;161.00;164.79;163.71;167.56;174.78;180.42;177.19;179.76;178.51;177.00;179.63;177.50;179.79;178.44,HALAL,"Business activity permissible — debt ratio not verified, cross-check Musaffa/Zoya",
GPRE,CHEMICAL,CHEMICALS-PLASTICS,70,14.65999984741211,0.05924853220979842,13.95;13.73;14.67;15.51;14.94;15.72;15.81;16.70;16.51;15.36;16.19;16.89;16.45;16.96;15.70;15.21;15.67;15.41;14.82;16.21;16.32;16.46;17.25;17.76;18.25;16.46;17.15;16.81;17.14;16.20;15.07;15.83;15.81;16.15;15.90;14.97;14.80;14.91;14.39;14.53;15.06;14.64;15.09;15.38;15.51;15.80;16.63;17.31;16.77;19.23;17.67;17.20;16.44;16.37;16.85;17.03;15.20;15.09;15.11;15.59;16.18;16.02;14.97;14.88;14.66,HALAL,"Business activity permissible — debt ratio not verified, cross-check Musaffa/Zoya",
LIN,CHEMICAL,CHEMICALS-SPECIALTY,35,489.510009765625,-0.011005039105351666,504.97;504.78;498.42;486.88;480.48;480.03;492.36;492.49;488.26;476.54;490.79;489.57;494.20;501.02;493.03;501.71;507.27;496.37;490.68;493.28;506.46;509.14;503.12;506.32;498.71;492.29;502.81;511.64;504.51;504.47;512.89;513.35;500.40;495.84;505.97;507.90;515.59;515.44;521.48;515.85;516.71;515.73;519.62;518.94;546.64;538.23;525.56;524.06;514.15;513.22;505.03;506.32;507.02;511.17;478.38;484.64;490.11;492.46;479.43;482.74;478.71;481.29;490.03;490.33;489.51,HALAL,"Business activity permissible — debt ratio not verified, cross-check Musaffa/Zoya",
APD,CHEMICAL,CHEMICALS-SPECIALTY,53,308.0899963378906,0.10131529569880748,276.83;272.26;269.66;272.93;271.01;274.26;284.42;282.61;280.64;275.21;286.50;288.58;286.90;291.74;290.58;295.90;296.81;293.39;290.01;292.96;301.78;300.51;300.63;299.21;302.05;293.17;302.62;304.31;293.56;289.97;288.40;287.81;281.90;277.17;280.53;280.61;281.23;276.40;281.21;280.01;281.36;277.01;276.08;291.37;314.19;305.05;295.85;301.96;293.69;295.62;296.39;294.29;292.58;294.27;294.89;294.71;299.92;308.18;304.07;308.97;303.23;300.33;306.24;306.66;308.09,HALAL,"Business activity permissible — debt ratio not verified, cross-check Musaffa/Zoya",
ECL,CHEMICAL,CHEMICALS-SPECIALTY,42,286.75,-0.056819072679311744,304.87;306.69;296.85;285.39;280.34;275.51;272.70;271.85;258.00;260.42;267.81;260.66;265.30;263.56;261.55;271.73;274.45;269.64;274.05;270.10;270.71;267.15;255.91;258.80;256.95;255.85;250.42;248.94;246.95;245.06;249.50;253.54;259.54;249.79;254.98;257.27;263.72;262.91;267.85;269.06;269.34;276.29;283.65;278.61;283.36;283.08;273.03;271.85;270.25;272.83;264.20;263.14;271.38;283.70;277.63;283.14;283.46;284.40;278.43;276.11;280.00;281.48;286.98;290.60;286.75,HALAL,"Business activity permissible — debt ratio not verified, cross-check Musaffa/Zoya",
ALB,CHEMICAL,CHEMICALS-SPECIALTY,37,137.36000061035156,-0.22233112896525142,194.89;177.77;163.90;163.11;168.72;167.16;157.82;165.90;162.84;167.13;180.93;178.99;179.07;177.64;173.09;171.91;184.96;184.91;197.25;197.91;192.65;199.02;190.39;193.39;194.32;197.84;209.46;200.43;179.92;168.57;169.47;174.25;175.87;170.69;167.91;155.04;152.40;158.65;168.90;166.56;156.69;147.84;133.70;135.03;135.56;129.02;128.42;125.79;124.74;120.78;118.62;116.91;116.18;113.88;117.64;120.82;125.42;131.21;128.34;136.15;132.71;134.19;141.51;134.51;137.36,HALAL,"Business activity permissible — debt ratio not verified, cross-check Musaffa/Zoya",
FUL,CHEMICAL,CHEMICALS-SPECIALTY,17,56.349998474121094,-0.134591671166003,64.49;65.16;64.01;61.12;58.06;56.85;53.80;54.34;49.88;51.59;56.23;58.67;61.16;60.00;57.29;63.14;64.02;60.87;63.88;62.67;62.60;62.32;59.33;59.69;59.39;60.40;60.08;59.09;57.80;56.66;56.12;60.29;63.31;61.56;61.25;59.62;61.76;63.32;64.14;64.49;64.03;64.32;62.97;58.03;57.80;57.32;54.86;55.81;56.75;56.71;55.75;54.88;56.28;55.51;55.30;58.90;59.17;61.25;60.17;62.75;59.89;59.16;57.99;58.05;56.35,HALAL,"Business activity permissible — debt ratio not verified, cross-check Musaffa/Zoya",
CC,CHEMICAL,CHEMICALS-SPECIALTY,21,15.619999885559082,-0.1210802732477958,17.76;18.07;16.61;16.59;17.26;17.72;17.41;18.81;18.76;18.33;20.58;21.40;21.83;21.35;22.13;21.64;22.84;22.82;22.96;23.50;23.97;26.23;26.10;27.47;27.68;22.20;25.03;24.95;23.00;21.62;21.32;21.97;22.59;22.19;22.48;20.38;20.10;21.40;22.30;21.89;21.34;21.05;20.62;20.40;18.90;18.74;17.29;18.02;18.40;17.42;17.82;17.37;16.88;16.39;16.51;17.83;15.02;14.51;15.15;15.85;15.42;15.69;15.39;15.78;15.62,HALAL,"Business activity permissible — debt ratio not verified, cross-check Musaffa/Zoya",
AVNT,CHEMICAL,CHEMICALS-SPECIALTY,79,44.66999816894531,0.07739218208873067,41.02;40.44;39.43;38.44;36.06;34.90;33.75;33.84;31.80;33.21;36.00;35.28;36.03;34.81;34.46;37.17;37.51;37.23;38.26;37.80;36.81;36.88;35.91;36.49;36.87;36.25;35.72;34.07;33.52;32.40;33.87;35.03;35.91;34.35;34.24;33.69;35.19;36.25;37.26;36.58;37.28;36.82;37.91;36.96;37.31;38.10;35.98;35.57;35.86;36.97;36.90;36.64;36.44;35.92;36.32;38.17;42.65;45.65;45.33;46.34;43.46;43.73;44.42;44.78;44.67,HALAL,"Business activity permissible — debt ratio not verified, cross-check Musaffa/Zoya",
VVV,CHEMICAL,CHEMICALS-SPECIALTY,14,32.11000061035156,-0.17455014522326373,38.04;37.80;37.50;36.06;34.81;34.73;33.60;34.03;32.82;33.69;35.20;33.42;33.68;33.33;33.59;34.81;33.31;33.09;34.56;33.79;32.33;32.99;32.30;32.61;32.43;35.87;34.50;32.09;32.39;32.17;33.22;33.96;34.18;33.43;34.65;35.73;37.10;37.81;38.14;37.44;37.54;39.61;40.20;39.54;39.08;38.85;37.98;38.55;39.38;39.97;39.45;38.31;39.56;39.65;38.41;39.28;35.62;33.72;33.30;34.19;33.63;33.81;33.37;32.72;32.11,HALAL,"Business activity permissible — debt ratio not verified, cross-check Musaffa/Zoya",
KOP,CHEMICAL,CHEMICALS-SYNTHETIC FIBERS,86,46.560001373291016,0.3870827262334975,34.36;37.63;36.56;37.85;38.45;37.20;37.69;37.64;37.37;36.02;37.79;37.84;38.60;37.21;36.59;36.96;38.34;37.46;37.61;37.44;38.57;41.26;39.71;41.82;41.26;41.07;42.99;42.60;40.59;38.23;39.54;41.45;41.20;41.19;43.09;40.81;41.86;41.52;44.40;43.65;44.42;43.88;45.12;44.90;46.21;46.76;46.59;47.77;48.47;49.14;51.47;49.96;49.61;49.21;49.02;51.99;52.33;50.54;45.34;47.14;45.44;45.88;45.83;46.34;46.56,HALAL,"Business activity permissible — debt ratio not verified, cross-check Musaffa/Zoya",
GEF,CHEMICAL,CHEMICALS-SYNTHETIC FIBERS,81,84.08000183105469,0.16483867026262344,71.88;71.43;70.77;68.92;68.51;66.58;66.27;65.58;62.81;64.34;66.15;65.79;66.48;66.37;66.82;69.58;68.84;66.86;69.27;68.09;66.76;65.79;64.87;66.24;67.05;67.40;66.03;64.80;62.14;60.78;63.54;63.78;63.25;61.85;62.56;63.03;64.87;66.49;68.75;69.90;69.22;72.68;74.86;74.49;75.18;73.46;72.09;71.36;73.26;76.32;75.69;76.79;80.33;87.21;86.55;89.34;89.18;87.41;88.02;87.35;86.81;86.43;85.99;85.51;84.08,HALAL,"Business activity permissible — debt ratio not verified, cross-check Musaffa/Zoya",
AMAT,CHIPS,ELEC-SEMICONDUCTOR EQUIPMENT,93,461.6700134277344,0.23875854276889164,394.04;371.44;350.51;345.73;338.16;350.26;340.74;351.65;356.39;360.95;368.49;336.39;341.00;347.67;353.49;396.89;394.82;393.35;396.02;393.42;402.98;403.93;381.71;388.18;409.87;409.69;442.60;435.60;435.61;405.97;426.90;454.40;449.20;457.68;500.24;452.53;498.68;552.05;585.15;592.29;639.50;588.34;626.17;722.23;602.40;553.91;588.03;574.78;578.81;529.09;563.95;562.20;516.34;435.98;507.13;546.04;526.92;521.56;547.56;506.64;513.78;496.21;484.19;479.76;461.67,HALAL,"Business activity permissible — debt ratio not verified, cross-check Musaffa/Zoya",
LRCX,CHIPS,ELEC-SEMICONDUCTOR EQUIPMENT,94,301.8999938964844,0.24850221581129284,249.01;233.45;216.86;214.53;211.00;218.72;212.05;226.31;233.83;233.15;233.29;211.26;213.51;218.29;224.19;258.58;267.13;264.97;267.41;258.19;258.38;259.29;248.57;256.54;275.61;286.32;295.84;295.23;284.52;273.19;302.03;322.45;317.78;316.90;343.47;303.07;326.93;362.26;388.65;374.18;409.54;374.80;379.09;433.33;351.41;326.13;353.17;329.92;335.43;313.30;322.00;319.78;291.61;252.35;293.02;317.74;305.77;306.40;326.11;332.36;327.92;310.53;310.17;312.88;301.90,HALAL,"Business activity permissible — debt ratio not verified, cross-check Musaffa/Zoya",
KLAC,CHIPS,ELEC-SEMICONDUCTOR EQUIPMENT,81,175.5399932861328,0.1828152638239262,154.30;152.09;143.79;142.59;142.57;146.15;141.52;147.78;150.79;150.78;154.01;143.97;146.89;151.32;154.51;172.31;176.45;174.39;178.71;178.11;181.11;189.54;181.18;172.21;172.87;175.90;184.08;184.53;180.00;173.86;184.01;200.91;192.55;193.78;212.27;192.70;213.70;240.89;256.13;238.46;268.86;240.21;248.36;301.37;235.28;216.23;229.26;222.00;224.25;212.51;217.31;218.48;203.13;170.00;182.61;195.23;193.00;192.52;208.01;203.49;194.79;185.86;181.57;183.83;175.54,HALAL,"Business activity permissible — debt ratio not verified, cross-check Musaffa/Zoya",
ASML,CHIPS,ELEC-SEMICONDUCTOR EQUIPMENT,89,1696.1600341796875,0.14540693643810365,1521.22;1445.53;1356.22;1363.61;1352.71;1381.87;1341.02;1384.34;1361.65;1364.87;1389.06;1297.95;1316.25;1312.66;1301.92;1443.62;1495.00;1476.63;1454.74;1453.91;1412.88;1430.59;1392.28;1425.18;1441.06;1514.64;1563.79;1579.54;1499.87;1457.55;1589.94;1629.92;1603.70;1626.47;1724.13;1639.62;1775.47;1897.03;1890.22;1865.42;1926.76;1760.49;1792.30;1986.87;1767.03;1745.02;1801.92;1723.81;1812.93;1745.32;1799.18;1800.67;1653.12;1550.69;1629.00;1711.89;1704.37;1733.48;1810.07;1844.08;1802.98;1750.31;1740.13;1745.64;1696.16,HALAL,"Business activity permissible — debt ratio not verified, cross-check Musaffa/Zoya",
ENTG,CHIPS,ELEC-SEMICONDUCTOR EQUIPMENT,79,134.9199981689453,-0.009473284698614748,137.13;132.25;126.60;124.39;117.16;116.00;108.11;115.90;115.68;114.83;122.99;113.42;117.06;116.22;118.37;132.43;137.86;136.79;145.84;146.76;149.10;156.20;149.24;142.17;149.16;147.54;149.02;144.92;132.96;124.11;131.28;142.00;138.32;135.62;140.21;125.30;134.24;144.80;162.75;157.21;183.84;171.31;161.29;179.71;146.54;134.97;145.98;136.15;138.57;138.62;140.05;135.19;126.26;107.01;119.05;144.56;142.65;144.21;161.08;161.76;150.27;144.63;138.25;142.46;134.92,HALAL,"Business activity permissible — debt ratio not verified, cross-check Musaffa/Zoya",
ACLS,CHIPS,ELEC-SEMICONDUCTOR EQUIPMENT,60,115.56999969482422,0.46681048803044933,80.02;82.61;85.88;85.91;84.06;86.22;83.19;85.15;87.12;85.77;100.85;97.35;93.08;95.09;96.87;108.24;110.74;117.88;118.73;133.19;139.86;137.46;133.61;139.99;139.70;158.66;165.08;162.15;155.18;143.23;152.51;164.27;155.55;150.42;159.19;147.16;164.57;173.57;191.60;175.45;183.92;168.91;173.23;189.45;144.50;131.54;142.93;136.56;145.01;136.42;143.21;141.51;128.11;112.05;130.38;139.70;136.66;132.65;142.14;140.15;135.39;124.97;123.49;120.36;115.57,HALAL,"Business activity permissible — debt ratio not verified, cross-check Musaffa/Zoya",
ICHR,CHIPS,ELEC-SEMICONDUCTOR EQUIPMENT,97,55.44499969482422,0.08524172106536443,52.41;47.55;45.49;44.29;41.73;44.83;41.43;47.62;51.12;48.77;51.16;45.23;46.61;48.12;48.85;55.21;60.47;64.33;65.75;64.52;68.41;70.68;63.73;64.42;67.77;71.23;76.95;74.32;73.27;64.58;65.32;72.73;70.15;70.01;72.45;62.91;71.60;84.04;89.47;89.45;99.61;89.38;94.00;112.28;98.22;85.01;96.44;90.41;93.17;82.87;95.85;94.02;78.30;62.25;75.27;71.27;65.33;64.77;69.19;71.05;66.08;58.87;56.91;57.62;55.44,HALAL,"Business activity permissible — debt ratio not verified, cross-check Musaffa/Zoya",
ONTO,CHIPS,ELEC-SEMICONDUCTOR EQUIPMENT,93,270.7900085449219,0.26988370647740734,225.22;215.89;207.50;196.89;191.66;192.74;189.53;196.61;209.46;209.79;221.04;204.23;205.07;215.53;219.11;246.96;252.61;258.90;290.76;290.11;292.31;298.28;284.34;292.92;305.00;274.17;287.52;276.97;271.77;248.08;261.45;274.17;258.81;255.71;279.98;253.24;274.03;303.53;335.96;318.92;347.87;322.24;323.92;378.45;307.58;279.93;317.02;304.21;304.73;279.85;299.05;291.27;262.33;218.31;258.58;287.60;268.70;291.35;337.35;331.71;315.42;298.84;282.91;291.88;270.79,HALAL,"Business activity permissible — debt ratio not verified, cross-check Musaffa/Zoya",
UCTT,CHIPS,ELEC-SEMICONDUCTOR EQUIPMENT,95,69.4800033569336,0.1314118796543453,67.32;60.68;59.60;55.79;52.90;57.42;54.97;58.60;62.63;61.12;65.04;58.87;62.18;63.16;63.39;72.78;76.96;76.08;79.51;77.55;78.24;81.09;72.01;74.61;83.14;79.90;85.45;85.03;85.94;76.98;80.58;87.46;87.29;84.70;92.55;82.07;91.88;104.83;113.55;111.61;123.14;108.42;118.82;142.59;106.48;90.78;106.19;98.25;102.11;92.43;105.15;100.56;86.97;69.57;83.31;84.54;83.14;82.27;90.65;84.93;81.82;73.01;72.78;73.08;69.48,HALAL,"Business activity permissible — debt ratio not verified, cross-check Musaffa/Zoya",
AEHR,CHIPS,ELEC-SEMICONDUCTOR EQUIPMENT,98,80.80999755859375,1.3546036794044802,41.48;37.43;41.64;40.49;40.88;42.45;35.67;37.09;37.76;37.15;39.03;32.52;37.08;44.32;50.25;68.86;71.66;73.22;83.86;93.72;95.51;88.48;81.81;93.07;91.19;91.26;104.56;103.25;99.50;81.14;91.30;109.92;99.99;93.62;114.59;98.45;94.31;103.03;115.88;112.62;113.33;95.20;91.81;96.06;69.96;66.94;76.21;68.02;87.79;81.05;98.91;88.51;77.48;65.40;79.98;109.89;99.74;106.20;129.23;134.06;123.25;105.97;96.43;91.12;80.81,HALAL,"Business activity permissible — debt ratio not verified, cross-check Musaffa/Zoya",
NVDA,CHIPS,ELEC-SEMICONDUCTOR FABLESS,52,217.5500030517578,0.1371200708750142,195.32;176.97;179.83;183.12;182.43;185.81;180.04;181.72;178.35;175.44;178.47;167.32;174.20;177.18;177.89;183.70;189.09;198.64;201.45;199.65;199.41;216.36;209.01;198.22;196.27;211.25;219.18;225.57;225.06;220.35;219.25;214.61;214.00;224.10;214.50;205.10;208.19;204.87;212.45;204.65;208.65;199.00;192.53;200.09;194.83;196.93;202.78;203.53;212.50;202.81;207.29;208.76;196.51;190.01;200.75;211.94;218.99;217.55;224.09;225.16;219.74;216.85;208.48;209.66;217.55,HALAL,"Semiconductors — halal core — debt ratio not verified, cross-check Musaffa/Zoya",
AVGO,CHIPS,ELEC-SEMICONDUCTOR FABLESS,36,368.7900085449219,0.12050771577507824,331.09;318.38;312.69;331.55;344.48;340.32;320.98;320.13;318.67;322.00;318.31;300.20;309.02;314.05;333.44;354.35;379.15;396.09;405.90;401.53;419.28;417.54;404.81;420.61;426.68;411.91;427.75;416.13;424.52;410.42;413.91;421.34;425.91;459.24;478.47;385.12;391.54;384.96;393.32;392.28;392.13;382.07;365.02;377.75;360.45;370.78;401.11;384.05;394.28;370.83;386.50;392.47;383.22;370.32;389.28;418.16;420.57;422.40;416.05;392.99;380.00;364.03;358.76;355.59;368.79,HALAL,"Business activity permissible — debt ratio not verified, cross-check Musaffa/Zoya",
QCOM,CHIPS,ELEC-SEMICONDUCTOR FABLESS,16,164.19000244140625,0.18121564804275425,144.36;140.93;136.74;136.50;137.60;133.63;129.34;131.11;130.80;127.88;129.87;126.64;128.31;126.33;123.61;127.28;130.76;132.56;135.70;135.06;133.46;149.71;155.43;176.36;185.86;201.80;236.66;212.39;200.75;194.89;212.62;247.90;242.39;228.15;249.09;215.94;205.42;202.96;220.81;212.97;221.90;197.41;189.39;184.79;176.25;182.97;191.11;183.98;177.98;171.78;173.50;171.11;170.04;155.68;147.61;162.67;160.39;162.17;163.07;165.79;160.19;160.74;158.53;163.72;164.19,HALAL,"Business activity permissible — debt ratio not verified, cross-check Musaffa/Zoya",
AMD,CHIPS,ELEC-SEMICONDUCTOR FABLESS,95,465.5799865722656,1.3681585560436056,210.86;200.21;190.95;199.45;202.68;204.83;193.39;196.31;205.27;202.68;220.27;201.99;203.43;217.50;221.53;236.64;246.83;258.12;278.39;284.49;305.33;334.63;337.11;360.54;355.26;408.46;458.79;445.50;424.10;414.05;449.59;503.89;518.09;510.13;542.52;466.38;475.51;488.45;547.26;512.48;551.63;519.74;521.58;580.91;517.82;516.11;546.72;534.39;529.14;495.76;544.43;539.69;494.95;429.56;476.15;518.58;489.28;469.56;482.93;514.39;484.39;469.46;456.75;480.93;465.58,HALAL,"Business activity permissible — debt ratio not verified, cross-check Musaffa/Zoya",
MRVL,CHIPS,ELEC-SEMICONDUCTOR FABLESS,98,216.6199951171875,1.7867579017705886,80.86;81.63;77.45;75.62;92.58;90.37;87.79;90.72;89.46;90.09;98.38;94.81;98.98;107.03;109.30;119.84;131.27;134.57;139.66;151.27;165.52;158.17;156.53;164.91;168.71;159.97;170.80;177.91;176.85;176.23;190.64;208.21;204.78;219.38;301.58;263.41;266.81;280.64;308.80;289.47;307.78;276.63;266.70;297.82;245.23;230.64;243.21;217.53;206.26;188.68;207.96;209.32;189.17;163.40;187.56;218.59;210.54;208.56;217.08;222.02;216.00;251.01;229.29;245.11;216.62,HALAL,"Business activity permissible — debt ratio not verified, cross-check Musaffa/Zoya",
MPWR,CHIPS,ELEC-SEMICONDUCTOR FABLESS,51,1256.260009765625,0.05935182538374595,1227.62;1138.72;1070.59;1074.65;1058.27;1067.32;1048.89;1062.91;1088.85;1072.57;1114.73;1049.31;1091.68;1116.79;1189.41;1332.18;1370.14;1350.94;1466.11;1525.62;1589.74;1585.15;1524.51;1581.07;1585.70;1573.56;1658.57;1647.84;1547.66;1465.87;1558.87;1660.45;1630.68;1540.04;1687.32;1478.79;1529.65;1587.13;1649.77;1446.00;1535.54;1432.76;1311.32;1382.36;1288.16;1272.81;1374.13;1291.38;1352.66;1312.00;1383.26;1397.15;1339.08;1248.76;1426.03;1335.03;1359.08;1381.10;1425.01;1402.01;1333.18;1310.60;1285.03;1303.88;1256.26,HALAL,"Business activity permissible — debt ratio not verified, cross-check Musaffa/Zoya",
MCHP,CHIPS,ELEC-SEMICONDUCTOR FABLESS,32,72.93000030517578,-0.037375573111153804,74.64;73.82;70.61;67.07;64.29;65.07;61.26;63.88;62.60;63.64;64.45;61.32;63.90;64.88;66.77;70.44;72.75;73.67;77.90;80.04;89.65;85.89;89.18;92.92;97.40;100.47;97.95;95.65;92.82;90.81;90.11;97.46;95.47;90.97;95.97;87.81;90.92;92.38;99.72;93.55;102.10;91.93;87.40;90.65;84.13;83.65;87.73;83.73;85.74;80.48;82.88;80.86;77.43;70.94;73.85;80.19;73.92;80.90;78.96;78.70;77.72;75.36;74.21;74.05;72.93,HALAL,"Business activity permissible — debt ratio not verified, cross-check Musaffa/Zoya",
RMBS,CHIPS,ELEC-SEMICONDUCTOR FABLESS,8,85.76000213623047,-0.0998215056358781,101.09;99.66;87.59;91.91;88.52;92.53;94.01;93.50;94.62;93.35;95.93;89.73;86.03;93.03;91.87;105.58;113.16;120.02;126.93;130.45;138.50;141.31;112.16;111.93;118.00;126.60;134.51;134.85;127.05;122.03;141.82;157.23;148.02;147.48;170.66;145.31;146.84;144.47;143.29;130.10;140.35;124.52;114.73;132.74;112.92;105.93;114.13;103.11;102.89;101.44;105.79;103.19;96.42;82.81;91.03;100.55;97.68;95.89;101.01;100.85;93.71;92.15;87.07;90.03;85.76,HALAL,"Business activity permissible — debt ratio not verified, cross-check Musaffa/Zoya",
SLAB,CHIPS,ELEC-SEMICONDUCTOR FABLESS,82,218.5399932861328,0.07022525245935896,204.16;204.53;203.64;203.25;203.42;201.70;203.00;206.36;205.78;206.96;207.07;205.93;208.15;209.13;210.00;210.38;211.32;211.88;212.89;214.53;214.52;215.00;217.19;218.24;218.27;217.64;217.21;216.95;216.59;216.46;217.31;219.05;218.41;217.88;219.13;218.11;218.80;218.90;220.34;218.61;219.78;218.00;218.42;218.56;218.22;217.80;218.68;218.75;218.19;217.47;217.40;216.76;217.29;216.44;217.50;218.39;218.47;218.43;218.83;218.41;219.00;218.10;218.08;218.83;218.54,HALAL,"Business activity permissible — debt ratio not verified, cross-check Musaffa/Zoya",
SMCI,CHIPS,ELEC-SEMICONDUCTOR FABLESS,31,37.08000183105469,0.20742438738146296,33.60;32.39;30.68;32.24;31.98;31.79;30.75;31.51;30.79;21.58;24.05;21.97;22.77;23.22;22.67;23.22;25.97;27.29;28.56;28.43;26.75;27.85;26.32;27.09;27.83;33.62;33.52;32.00;31.04;30.56;33.46;37.10;41.30;46.88;47.42;41.64;40.64;31.97;30.85;27.78;35.46;32.45;30.63;29.33;27.22;26.25;28.24;27.66;26.89;24.18;25.50;31.20;29.81;25.70;28.40;31.69;29.38;31.46;37.61;39.84;37.41;36.50;35.17;37.39;37.08,HALAL,"Business activity permissible — debt ratio not verified, cross-check Musaffa/Zoya",
ALGM,CHIPS,ELEC-SEMICONDUCTOR FABLESS,32,35.77000045776367,-0.0704261724717048,38.12;36.47;34.72;32.78;32.87;33.06;31.13;32.06;30.91;31.74;32.63;30.12;31.53;32.60;33.28;37.02;38.04;37.25;40.00;41.28;43.61;43.47;44.07;48.98;49.68;47.93;48.39;45.97;43.10;41.65;44.70;50.76;51.10;47.13;53.11;46.39;46.63;47.96;55.00;53.98;61.58;55.42;57.89;69.62;55.49;51.55;57.38;50.85;50.03;46.48;49.35;50.07;46.80;42.21;41.50;42.85;42.46;42.46;42.47;44.39;39.39;37.19;35.63;36.89;35.77,HALAL,"Business activity permissible — debt ratio not verified, cross-check Musaffa/Zoya",
POWI,CHIPS,ELEC-SEMICONDUCTOR FABLESS,33,51.5099983215332,0.13819675164274403,48.32;47.80;47.88;47.69;47.03;46.73;47.33;47.51;46.51;47.46;51.86;49.38;51.07;52.24;51.48;54.41;53.25;54.73;58.51;67.20;72.45;70.45;69.52;73.14;76.89;71.65;74.16;70.97;73.06;68.11;70.31;83.88;86.85;81.91;84.99;77.02;74.71;77.76;83.31;80.73;87.35;81.86;79.37;83.76;72.99;66.84;70.83;69.44;71.02;70.45;74.39;70.87;63.41;56.57;60.71;64.57;58.98;61.97;63.84;62.75;58.59;54.84;53.18;54.90;51.51,HALAL,"Business activity permissible — debt ratio not verified, cross-check Musaffa/Zoya",
LSCC,CHIPS,ELEC-SEMICONDUCTOR FABLESS,77,114.4000015258789,0.1714109895150906,101.07;95.62;93.48;91.11;90.63;90.80;85.77;92.16;94.92;92.31;100.72;90.39;92.76;95.02;96.84;106.29;107.76;108.40;117.06;117.05;118.01;119.23;115.67;120.96;122.27;119.92;128.96;125.65;120.11;124.24;139.35;150.35;147.31;144.74;154.60;135.57;137.56;142.86;148.97;139.86;155.27;143.93;138.76;152.96;136.53;130.60;139.53;130.74;132.46;125.23;135.83;138.13;122.91;112.96;124.27;138.00;128.70;128.32;129.27;130.46;124.21;117.56;114.15;119.34;114.40,HALAL,"Business activity permissible — debt ratio not verified, cross-check Musaffa/Zoya",
SITM,CHIPS,ELEC-SEMICONDUCTOR FABLESS,91,557.8599853515625,0.4087017287308645,418.17;397.88;406.41;356.09;356.34;350.93;326.13;346.00;356.43;346.17;354.50;327.20;345.35;347.05;371.50;406.69;447.08;454.15;503.63;523.57;556.13;547.98;527.20;558.63;596.64;797.31;901.48;835.31;774.06;693.66;711.79;743.12;729.51;665.01;712.75;625.68;659.52;721.24;742.46;677.21;753.12;692.47;672.19;745.56;601.66;592.19;648.15;602.55;612.38;554.97;590.18;576.41;522.67;462.16;535.20;583.06;687.50;689.96;680.52;711.91;680.06;598.81;580.97;596.97;557.86,HALAL,"Business activity permissible — debt ratio not verified, cross-check Musaffa/Zoya",
TSM,CHIPS,ELEC-SEMICONDUCTOR MFG,77,417.5199890136719,0.13413950750840375,385.74;372.65;351.32;352.04;346.91;352.74;336.57;345.17;338.00;337.66;346.94;325.98;337.16;338.25;344.51;364.64;368.71;374.22;369.63;367.22;381.77;404.03;392.91;396.74;393.49;413.18;403.59;398.87;403.41;391.69;406.20;411.36;423.87;434.61;435.67;414.20;426.92;421.07;441.40;432.15;467.67;440.83;432.35;477.57;434.16;432.57;436.96;421.58;419.48;398.37;424.61;415.58;399.09;374.67;404.25;417.17;418.20;418.47;429.15;426.35;413.41;416.00;410.12;417.69;417.52,HALAL,"Business activity permissible — debt ratio not verified, cross-check Musaffa/Zoya",
INTC,CHIPS,ELEC-SEMICONDUCTOR MFG,,,,,HALAL,"Business activity permissible — debt ratio not verified, cross-check Musaffa/Zoya",
TXN,CHIPS,ELEC-SEMICONDUCTOR MFG,62,258.6400146484375,0.18841605378774573,211.73;209.96;200.62;195.98;194.21;196.66;188.85;192.48;186.38;186.72;194.78;188.40;192.17;192.90;197.72;212.80;214.52;214.10;227.49;230.79;279.37;266.77;266.49;278.18;279.57;283.79;296.24;304.78;301.19;300.77;296.87;323.24;314.34;291.71;307.02;283.61;287.16;295.59;311.74;300.34;330.59;301.57;283.98;296.55;291.59;291.81;306.96;297.05;299.66;282.57;289.82;283.54;277.99;269.92;275.74;283.63;278.40;280.44;276.59;279.58;272.24;265.60;258.94;261.77;258.64,HALAL,"Business activity permissible — debt ratio not verified, cross-check Musaffa/Zoya",
ADI,CHIPS,ELEC-SEMICONDUCTOR MFG,64,361.7799987792969,0.02465672792522433,358.69;353.71;338.06;328.82;318.84;318.35;305.23;312.80;309.59;311.34;321.15;306.60;317.27;317.47;326.52;350.40;349.05;346.99;370.44;374.24;402.78;391.52;388.25;396.60;403.66;407.40;421.58;431.21;416.35;413.18;383.16;418.79;417.87;401.59;437.67;401.39;404.62;412.13;427.58;414.45;445.48;413.16;386.91;397.17;377.16;379.03;393.64;386.01;390.96;375.36;382.81;380.20;371.89;353.37;367.41;380.29;377.31;383.93;384.43;389.39;376.63;370.24;371.17;371.80;361.78,HALAL,"Business activity permissible — debt ratio not verified, cross-check Musaffa/Zoya",
STM,CHIPS,ELEC-SEMICONDUCTOR MFG,87,49.380001068115234,0.45856450393630865,34.42;33.48;31.49;33.18;33.40;33.92;32.74;33.66;32.29;31.53;33.38;32.50;34.51;34.28;35.64;39.10;40.27;40.63;44.17;44.25;49.65;50.50;52.61;55.69;57.12;55.84;60.05;63.32;61.34;61.16;65.59;70.61;69.37;68.94;79.62;70.64;73.24;78.03;78.86;73.28;79.82;71.84;71.42;74.89;68.35;67.28;71.39;68.47;67.75;62.06;65.43;53.49;53.45;48.36;52.39;54.22;53.28;54.35;54.18;54.29;52.27;49.92;49.35;49.66;49.38,HALAL,"Business activity permissible — debt ratio not verified, cross-check Musaffa/Zoya",
ON,CHIPS,ELEC-SEMICONDUCTOR MFG,38,72.61000061035156,0.04519935705302203,69.68;66.48;63.42;60.85;59.23;59.24;58.55;60.98;59.29;59.89;63.10;58.35;61.92;62.19;63.79;68.49;71.02;72.43;83.01;86.91;97.78;98.04;98.86;103.03;102.67;100.61;107.24;115.71;113.11;106.02;109.61;127.00;123.77;120.92;133.93;117.26;117.00;115.96;125.90;112.92;131.55;115.74;90.65;94.54;91.22;91.10;97.87;90.37;92.54;87.37;91.06;90.13;89.04;78.86;81.61;80.78;78.33;79.78;83.32;82.66;79.42;74.71;71.93;73.22;72.61,HALAL,"Business activity permissible — debt ratio not verified, cross-check Musaffa/Zoya",
NXPI,CHIPS,ELEC-SEMICONDUCTOR MFG,14,223.5800018310547,-0.0244736782360907,233.07;225.07;213.41;208.78;203.50;198.17;189.23;192.37;190.71;191.74;196.94;191.01;196.19;193.89;194.46;204.97;207.30;208.68;215.30;223.74;240.34;236.07;288.27;294.24;291.36;289.24;304.96;297.40;290.51;293.29;298.37;331.55;329.16;310.33;320.79;294.96;296.40;301.53;314.81;297.19;322.15;294.06;277.02;281.03;273.36;273.15;290.54;278.39;279.01;266.53;273.15;277.29;267.67;240.98;229.16;237.60;231.78;233.43;233.41;234.71;228.56;222.97;222.44;223.15;223.58,HALAL,"Business activity permissible — debt ratio not verified, cross-check Musaffa/Zoya",
WOLF,CHIPS,ELEC-SEMICONDUCTOR MFG,,25.850000381469727,0.3995669378709301,20.47;19.72;20.85;18.94;17.76;18.20;16.70;17.89;17.06;16.60;18.50;15.44;16.32;17.47;18.93;24.43;24.15;23.90;25.56;24.70;27.55;29.67;25.63;36.76;36.63;45.16;50.31;62.60;62.13;58.83;69.50;73.50;65.05;52.95;61.67;55.06;48.78;45.54;49.09;48.69;52.97;45.87;45.97;48.25;40.00;36.00;37.25;33.65;35.10;29.89;31.73;25.96;23.80;20.06;23.62;27.06;27.59;29.30;31.71;31.79;31.46;26.35;24.76;26.93;25.85,HALAL,"Business activity permissible — debt ratio not verified, cross-check Musaffa/Zoya",
GFS,CHIPS,ELEC-SEMICONDUCTOR MFG,22,44.7599983215332,-0.028931932838065277,48.79;47.48;47.15;48.26;47.31;44.03;41.80;43.19;43.30;43.90;46.67;42.88;44.42;43.69;43.87;48.63;48.96;48.24;54.67;59.16;61.45;60.26;62.65;64.82;73.93;70.83;74.88;74.88;70.93;66.58;81.23;89.83;80.51;79.81;85.87;75.42;75.15;80.62;83.86;80.52;89.54;83.70;79.78;82.41;69.84;65.84;69.71;63.94;61.41;57.48;59.39;56.91;53.18;47.07;49.99;52.02;50.36;50.05;53.18;54.58;49.90;47.33;45.95;45.67;44.76,HALAL,"Business activity permissible — debt ratio not verified, cross-check Musaffa/Zoya",
QRVO,CHIPS,ELEC-SEMICONDUCTOR MFG,37,94.7300033569336,0.1487994713641878,82.36;82.90;81.27;79.41;78.04;78.63;78.12;77.96;77.74;78.76;80.74;77.35;77.40;78.70;77.78;79.83;79.77;81.19;81.90;83.09;84.65;85.84;86.48;93.50;96.35;88.97;93.41;91.51;92.25;94.57;97.74;108.23;106.42;99.97;104.73;98.28;97.94;97.66;101.28;94.65;101.98;97.18;93.88;93.27;87.57;85.13;85.45;84.35;83.44;85.50;88.93;86.73;89.76;89.50;90.57;95.04;95.33;97.00;98.24;98.11;95.70;96.31;95.37;95.14;94.73,HALAL,"Business activity permissible — debt ratio not verified, cross-check Musaffa/Zoya",
SWKS,CHIPS,ELEC-SEMICONDUCTOR MFG,22,65.79000091552734,0.12344114918633431,59.30;59.07;57.65;55.99;54.80;54.87;54.27;53.25;53.65;54.02;55.71;53.19;53.09;54.71;54.59;56.07;56.01;57.43;58.48;59.42;61.02;61.58;62.12;68.80;71.93;64.48;69.53;67.55;67.94;69.74;72.91;83.42;81.41;75.49;80.66;73.57;73.56;72.73;76.26;69.38;76.18;71.40;68.00;67.80;62.56;59.76;59.95;58.24;57.51;59.35;62.95;60.47;63.44;61.19;62.28;66.79;66.84;68.79;69.68;69.62;67.43;67.94;66.86;66.62;65.79,HALAL,"Business activity permissible — debt ratio not verified, cross-check Musaffa/Zoya",
SIMO,CHIPS,ELEC-SEMICONDUCTOR MFG,97,245.80999755859375,0.8126696908951894,142.43;128.70;118.94;123.26;121.14;123.14;122.76;125.67;126.98;123.23;110.48;109.61;111.83;113.44;116.53;126.48;125.49;138.46;139.14;141.87;141.42;146.94;216.62;233.57;237.44;242.22;261.52;269.32;259.46;252.41;262.98;289.73;281.87;267.51;305.95;258.18;259.22;273.78;275.84;306.50;336.22;321.01;304.66;332.65;300.10;294.30;323.60;298.90;292.81;263.79;277.61;288.49;243.95;209.25;253.09;267.95;267.43;230.61;241.31;268.90;251.72;249.65;243.18;263.11;245.81,HALAL,"Business activity permissible — debt ratio not verified, cross-check Musaffa/Zoya",
VSH,CHIPS,ELEC-SEMICONDUCTOR MFG,90,30.559999465942383,0.5935126848544379,19.96;18.58;17.82;17.00;16.67;17.37;17.20;17.65;17.70;17.43;18.26;16.99;17.97;18.55;18.95;21.29;22.80;23.72;25.88;26.87;27.28;27.72;27.75;29.53;32.04;32.54;34.77;38.44;37.17;36.98;42.10;50.29;52.15;55.90;63.86;57.11;58.48;58.50;63.61;60.23;64.27;55.59;56.35;53.78;45.92;42.19;44.04;41.94;40.45;37.81;39.78;40.80;37.18;29.96;34.22;38.85;32.78;33.14;33.55;35.08;33.52;31.83;30.43;30.66;30.56,HALAL,"Business activity permissible — debt ratio not verified, cross-check Musaffa/Zoya",
HIMX,CHIPS,ELEC-SEMICONDUCTOR MFG,87,13.640000343322754,0.8239247780616537,7.58;7.15;7.18;7.55;7.59;8.99;9.67;8.90;8.83;8.53;9.08;7.95;7.73;7.79;8.58;8.91;9.10;10.00;10.91;11.44;10.74;11.30;11.25;12.10;11.97;15.75;20.29;20.23;18.73;18.96;19.55;21.06;20.46;21.53;23.77;19.73;17.95;17.37;17.54;16.66;18.22;15.46;14.14;15.34;13.15;14.05;15.72;14.27;13.92;12.80;13.68;13.27;12.73;11.64;12.54;14.18;13.76;14.73;15.09;15.23;14.37;13.67;13.44;13.84;13.64,HALAL,"Business activity permissible — debt ratio not verified, cross-check Musaffa/Zoya",
DIOD,CHIPS,ELEC-SEMICONDUCTOR MFG,81,88.0,0.29564196661353503,70.80;68.23;66.79;64.42;62.31;63.73;63.88;66.59;67.11;68.07;73.47;68.20;68.26;68.58;73.28;82.29;88.26;90.26;94.84;97.00;100.40;101.28;101.00;108.24;112.50;112.59;111.99;101.96;100.04;93.75;96.30;108.24;109.89;101.96;116.22;101.06;103.51;106.84;113.15;108.80;122.76;113.04;104.14;109.44;96.25;91.57;94.80;92.29;96.92;87.02;93.75;92.74;85.90;76.09;82.32;88.29;98.72;100.94;107.04;103.48;99.10;90.74;89.75;90.54;88.00,HALAL,"Business activity permissible — debt ratio not verified, cross-check Musaffa/Zoya",
MU,CHIPS,ELEC-SEMICONDUCTOR MEMORY,99,932.8599853515625,1.2172492491168128,428.75;412.13;379.46;396.82;389.10;418.45;425.89;461.43;444.02;404.12;381.87;357.02;337.79;366.18;377.52;421.45;426.49;456.16;455.00;449.31;481.65;524.48;518.38;542.13;640.10;646.53;795.21;803.51;724.55;698.63;761.98;895.74;923.38;1035.34;1079.40;863.88;935.75;995.72;1087.82;1043.03;1211.19;1048.35;1132.16;1154.11;975.41;938.38;991.64;937.00;904.28;848.95;970.82;990.21;900.20;739.00;823.03;892.67;881.47;861.00;911.29;971.66;940.76;974.33;910.43;938.40;932.86,HALAL,"Business activity permissible — debt ratio not verified, cross-check Musaffa/Zoya",
WDC,CHIPS,ELEC-SEMICONDUCTOR MEMORY,98,459.45001220703125,0.639646774623386,290.74;279.49;250.42;258.96;261.99;268.74;272.22;313.73;316.85;294.71;296.06;275.27;270.42;294.89;311.88;337.79;350.07;364.90;372.42;383.71;403.01;400.63;412.65;431.41;465.14;463.79;515.70;493.96;481.89;455.68;486.33;524.51;531.04;546.06;593.96;511.72;517.72;529.29;653.53;712.13;732.62;643.83;586.45;638.72;539.00;532.10;578.05;555.55;513.84;477.22;548.39;558.30;497.92;462.04;544.84;548.56;451.52;438.34;454.10;508.80;496.16;469.05;435.38;468.88;459.45,HALAL,"Business activity permissible — debt ratio not verified, cross-check Musaffa/Zoya",
STX,CHIPS,ELEC-SEMICONDUCTOR MEMORY,98,829.760009765625,1.041728351879009,420.82;406.84;356.74;366.44;373.41;385.02;382.77;420.06;433.53;403.03;412.93;379.80;391.48;429.05;468.39;500.41;512.91;519.23;547.36;559.50;587.20;595.44;642.84;726.41;770.46;765.89;833.42;816.77;794.90;732.83;809.88;845.16;880.09;920.60;940.02;846.87;845.41;867.47;1018.07;1065.31;1093.26;993.25;899.90;965.00;820.16;827.64;890.09;860.66;828.30;787.66;891.83;913.36;816.99;764.43;856.13;845.35;852.95;800.99;878.21;973.44;903.68;850.24;794.65;846.37;829.76,HALAL,"Business activity permissible — debt ratio not verified, cross-check Musaffa/Zoya",
NTAP,CHIPS,ELEC-SEMICONDUCTOR MEMORY,93,187.02000427246094,0.8755484293857689,101.05;98.23;97.99;101.28;99.79;96.79;97.86;101.09;102.25;100.48;104.64;101.51;101.56;103.04;97.31;95.38;98.10;100.03;104.21;111.46;108.07;108.11;108.32;111.74;113.79;112.66;117.37;118.22;119.57;120.22;123.57;138.53;141.97;179.16;180.53;166.53;164.50;159.98;161.33;154.34;157.83;155.09;151.99;154.29;153.70;165.28;171.21;163.93;162.10;163.88;165.76;164.64;169.80;173.23;178.50;190.46;191.48;198.72;202.05;207.08;204.71;192.81;186.86;193.85;187.02,HALAL,"Business activity permissible — debt ratio not verified, cross-check Musaffa/Zoya",
PSTG,CHIPS,ELEC-SEMICONDUCTOR MEMORY,,,,,HALAL,"Business activity permissible — debt ratio not verified, cross-check Musaffa/Zoya",
NTAP,COMPUTER,COMPUTER-DATA STORAGE,93,187.02000427246094,0.8755484293857689,101.05;98.23;97.99;101.28;99.79;96.79;97.86;101.09;102.25;100.48;104.64;101.51;101.56;103.04;97.31;95.38;98.10;100.03;104.21;111.46;108.07;108.11;108.32;111.74;113.79;112.66;117.37;118.22;119.57;120.22;123.57;138.53;141.97;179.16;180.53;166.53;164.50;159.98;161.33;154.34;157.83;155.09;151.99;154.29;153.70;165.28;171.21;163.93;162.10;163.88;165.76;164.64;169.80;173.23;178.50;190.46;191.48;198.72;202.05;207.08;204.71;192.81;186.86;193.85;187.02,HALAL,"Business activity permissible — debt ratio not verified, cross-check Musaffa/Zoya",
PSTG,COMPUTER,COMPUTER-DATA STORAGE,,,,,HALAL,"Business activity permissible — debt ratio not verified, cross-check Musaffa/Zoya",
STX,COMPUTER,COMPUTER-DATA STORAGE,98,829.760009765625,1.041728351879009,420.82;406.84;356.74;366.44;373.41;385.02;382.77;420.06;433.53;403.03;412.93;379.80;391.48;429.05;468.39;500.41;512.91;519.23;547.36;559.50;587.20;595.44;642.84;726.41;770.46;765.89;833.42;816.77;794.90;732.83;809.88;845.16;880.09;920.60;940.02;846.87;845.41;867.47;1018.07;1065.31;1093.26;993.25;899.90;965.00;820.16;827.64;890.09;860.66;828.30;787.66;891.83;913.36;816.99;764.43;856.13;845.35;852.95;800.99;878.21;973.44;903.68;850.24;794.65;846.37;829.76,HALAL,"Business activity permissible — debt ratio not verified, cross-check Musaffa/Zoya",
WDC,COMPUTER,COMPUTER-DATA STORAGE,98,459.45001220703125,0.639646774623386,290.74;279.49;250.42;258.96;261.99;268.74;272.22;313.73;316.85;294.71;296.06;275.27;270.42;294.89;311.88;337.79;350.07;364.90;372.42;383.71;403.01;400.63;412.65;431.41;465.14;463.79;515.70;493.96;481.89;455.68;486.33;524.51;531.04;546.06;593.96;511.72;517.72;529.29;653.53;712.13;732.62;643.83;586.45;638.72;539.00;532.10;578.05;555.55;513.84;477.22;548.39;558.30;497.92;462.04;544.84;548.56;451.52;438.34;454.10;508.80;496.16;469.05;435.38;468.88;459.45,HALAL,"Business activity permissible — debt ratio not verified, cross-check Musaffa/Zoya",
AAPL,COMPUTER,COMPUTER-HARDWARE/PERIPHERAL,61,319.70001220703125,0.20321046630115291,273.74;263.71;263.28;259.83;259.42;260.35;249.67;253.78;248.52;251.04;252.17;248.36;253.34;255.46;253.05;260.03;258.74;265.96;269.75;265.70;272.94;267.13;269.69;279.64;283.67;286.93;292.43;298.61;299.97;298.71;304.73;308.06;312.24;306.05;309.99;307.08;290.30;295.38;296.16;295.69;296.75;292.83;283.54;289.11;308.36;310.39;315.95;317.04;327.22;333.45;327.46;321.38;336.62;337.90;308.64;309.11;312.14;308.26;302.25;305.93;310.03;311.30;310.34;313.45;319.70,HALAL,"Core business halal; impure revenue (Apple Card) typically <5% — debt ratio not verified, cross-check Musaffa/Zoya",
DELL,COMPUTER,COMPUTER-HARDWARE/PERIPHERAL,99,456.239990234375,2.8476406001852905,122.90;147.38;144.49;145.83;145.82;146.67;150.90;152.29;156.02;163.81;183.14;171.00;163.35;173.55;176.85;180.60;188.89;176.44;195.62;212.01;211.79;215.61;205.32;209.82;215.96;229.89;246.63;243.47;241.59;234.87;252.38;304.58;316.53;465.19;420.39;393.74;381.15;390.80;408.40;418.63;418.02;433.34;398.83;430.75;393.67;416.59;449.48;426.41;412.00;395.69;404.15;439.34;426.91;369.64;405.37;467.27;437.65;457.88;484.50;490.81;468.65;434.78;433.19;463.82;456.24,HALAL,"Business activity permissible — debt ratio not verified, cross-check Musaffa/Zoya",
HPQ,COMPUTER,COMPUTER-HARDWARE/PERIPHERAL,,,,,HALAL,"Business activity permissible — debt ratio not verified, cross-check Musaffa/Zoya",
HPE,COMPUTER,COMPUTER-HARDWARE/PERIPHERAL,98,52.310001373291016,1.6400666449304389,20.44;21.27;21.44;21.27;21.61;21.23;21.38;21.47;21.91;22.11;25.70;23.87;23.74;24.54;24.56;24.76;24.74;24.55;26.36;28.68;27.85;28.54;28.22;28.49;29.95;29.61;30.78;31.98;33.00;32.52;33.87;37.95;38.10;46.86;54.99;49.06;48.13;46.66;48.88;48.20;48.40;48.75;43.71;45.11;41.23;43.47;49.11;47.24;47.39;45.82;46.72;47.64;48.19;44.44;47.90;52.39;52.43;54.68;58.79;58.71;55.69;52.89;52.43;55.23;52.31,HALAL,"Business activity permissible — debt ratio not verified, cross-check Musaffa/Zoya",
LOGI,COMPUTER,COMPUTER-HARDWARE/PERIPHERAL,20,97.95999908447266,0.09599465310709188,90.09;91.95;91.60;89.99;92.40;92.31;92.75;92.59;91.72;90.90;93.91;90.04;91.12;91.98;92.81;91.06;94.43;97.71;101.09;98.17;95.00;95.14;97.70;99.49;105.42;103.21;106.89;103.99;102.99;103.66;105.80;111.36;111.76;126.67;119.07;112.93;113.04;109.89;110.90;105.94;106.83;102.37;97.37;94.04;94.00;97.11;101.67;102.22;99.91;102.83;102.91;102.90;107.82;102.99;102.48;108.95;102.97;104.87;103.28;103.09;98.31;95.34;97.21;100.19;97.96,HALAL,"Business activity permissible — debt ratio not verified, cross-check Musaffa/Zoya",
ZBRA,COMPUTER,COMPUTER-HARDWARE/PERIPHERAL,87,356.45001220703125,0.5409389629986909,239.01;223.96;225.38;229.67;213.78;213.67;202.72;209.06;206.19;205.87;208.45;202.64;209.08;202.84;212.51;223.07;226.09;229.64;234.43;236.67;226.87;221.00;215.54;227.08;228.39;228.62;216.96;246.76;259.35;247.15;242.26;252.44;247.90;249.96;249.30;232.11;234.20;222.44;240.05;232.98;245.69;247.78;251.53;263.26;267.18;264.65;272.65;266.71;255.17;267.40;262.40;256.95;264.59;282.98;293.82;368.83;364.24;378.08;378.37;376.03;366.42;360.52;363.30;359.84;356.45,HALAL,"Business activity permissible — debt ratio not verified, cross-check Musaffa/Zoya",
JBL,COMPUTER,COMPUTER-HARDWARE/PERIPHERAL,56,301.45001220703125,0.1542530411583949,277.45;264.87;254.13;252.10;247.35;255.35;250.54;262.23;265.19;266.14;283.11;260.98;265.51;268.43;272.73;292.89;305.24;304.82;321.55;333.53;338.38;340.65;333.71;342.32;337.11;349.45;365.08;355.27;339.75;332.81;356.33;380.17;363.57;359.89;378.96;353.16;362.30;376.81;385.55;374.90;377.16;371.72;358.52;385.40;341.23;321.01;332.44;321.89;319.11;300.94;318.86;321.97;311.42;287.08;314.98;339.93;344.60;336.56;366.08;363.10;338.62;316.65;304.89;310.91;301.45,HALAL,"Business activity permissible — debt ratio not verified, cross-check Musaffa/Zoya",
SMCI,COMPUTER,COMPUTER-HARDWARE/PERIPHERAL,31,37.08000183105469,0.20742438738146296,33.60;32.39;30.68;32.24;31.98;31.79;30.75;31.51;30.79;21.58;24.05;21.97;22.77;23.22;22.67;23.22;25.97;27.29;28.56;28.43;26.75;27.85;26.32;27.09;27.83;33.62;33.52;32.00;31.04;30.56;33.46;37.10;41.30;46.88;47.42;41.64;40.64;31.97;30.85;27.78;35.46;32.45;30.63;29.33;27.22;26.25;28.24;27.66;26.89;24.18;25.50;31.20;29.81;25.70;28.40;31.69;29.38;31.46;37.61;39.84;37.41;36.50;35.17;37.39;37.08,HALAL,"Business activity permissible — debt ratio not verified, cross-check Musaffa/Zoya",
PSTG,COMPUTER,COMPUTER-HARDWARE/PERIPHERAL,,,,,HALAL,"Business activity permissible — debt ratio not verified, cross-check Musaffa/Zoya",
ANET,COMPUTER,COMPUTER-HARDWARE/PERIPHERAL,87,195.3800048828125,0.5332339670007582,132.89;133.50;124.60;139.40;137.17;138.23;133.57;133.07;136.26;135.88;135.01;120.77;122.78;126.68;133.64;146.05;152.02;154.33;164.23;172.86;172.55;172.47;168.68;172.70;170.22;141.75;136.43;140.69;141.97;141.58;148.59;158.01;155.27;170.68;174.37;154.27;152.16;156.40;169.09;164.93;174.56;161.74;157.60;169.88;159.99;166.46;184.69;181.15;171.92;168.61;174.58;176.61;170.76;157.97;180.35;190.51;192.32;191.52;210.50;198.82;193.18;183.75;188.15;202.25;195.38,HALAL,"Business activity permissible — debt ratio not verified, cross-check Musaffa/Zoya",
CSCO,COMPUTER,COMPUTER-NETWORKING,78,109.93000030517578,0.4270536283151307,78.40;78.74;78.24;79.28;75.52;77.39;77.62;78.55;77.80;78.10;81.09;79.19;76.88;78.73;80.38;82.86;82.04;82.05;85.93;89.37;88.26;87.93;89.24;91.51;93.95;91.82;98.35;101.49;117.77;114.95;117.76;117.89;118.20;120.88;126.03;121.19;119.91;121.38;119.72;116.89;121.08;119.28;113.35;117.02;112.27;111.79;118.31;119.25;111.77;111.94;112.18;112.76;114.57;112.48;115.99;121.74;120.88;122.57;123.88;111.68;111.61;109.59;110.23;112.36;109.93,HALAL,"Business activity permissible — debt ratio not verified, cross-check Musaffa/Zoya",
ANET,COMPUTER,COMPUTER-NETWORKING,87,195.3800048828125,0.5332339670007582,132.89;133.50;124.60;139.40;137.17;138.23;133.57;133.07;136.26;135.88;135.01;120.77;122.78;126.68;133.64;146.05;152.02;154.33;164.23;172.86;172.55;172.47;168.68;172.70;170.22;141.75;136.43;140.69;141.97;141.58;148.59;158.01;155.27;170.68;174.37;154.27;152.16;156.40;169.09;164.93;174.56;161.74;157.60;169.88;159.99;166.46;184.69;181.15;171.92;168.61;174.58;176.61;170.76;157.97;180.35;190.51;192.32;191.52;210.50;198.82;193.18;183.75;188.15;202.25;195.38,HALAL,"Business activity permissible — debt ratio not verified, cross-check Musaffa/Zoya",
JNPR,COMPUTER,COMPUTER-NETWORKING,,,,,HALAL,"Business activity permissible — debt ratio not verified, cross-check Musaffa/Zoya",
NTGR,COMPUTER,COMPUTER-NETWORKING,12,21.09000015258789,0.046650151456736344,20.69;20.62;20.85;20.98;20.69;21.35;21.57;21.66;21.35;22.06;22.39;21.57;21.84;23.38;24.20;23.31;23.60;24.81;27.51;26.74;25.32;25.45;25.89;25.25;25.62;25.89;26.42;25.68;24.75;24.52;24.88;26.09;25.71;26.71;26.19;24.09;24.15;24.33;24.53;22.77;23.49;23.21;22.84;23.35;21.50;21.45;22.94;22.86;22.35;22.43;24.24;25.05;25.36;22.79;24.16;24.56;24.30;23.08;24.20;24.15;22.12;21.10;20.72;21.66;21.09,HALAL,"Business activity permissible — debt ratio not verified, cross-check Musaffa/Zoya",
EXTR,COMPUTER,COMPUTER-NETWORKING,60,22.579999923706055,0.6386067025588715,14.00;13.98;14.19;14.44;14.03;14.57;14.49;15.05;15.03;15.17;15.46;15.26;15.08;15.36;15.82;17.66;17.64;17.35;17.99;18.67;16.90;17.46;21.85;22.29;23.71;23.52;24.31;22.77;24.66;23.54;23.90;27.02;26.21;28.13;28.79;28.02;28.73;31.07;31.67;30.83;31.85;30.93;31.74;32.37;29.80;30.02;32.87;32.91;30.50;30.34;30.44;29.73;29.95;29.07;30.14;32.34;24.32;23.54;24.42;24.41;23.75;22.32;22.38;22.84;22.58,HALAL,"Business activity permissible — debt ratio not verified, cross-check Musaffa/Zoya",
CIEN,COMPUTER,COMPUTER-NETWORKING,94,378.44000244140625,0.0974365110205857,353.33;348.70;333.07;299.30;318.54;339.95;337.38;370.05;412.58;407.90;437.70;401.61;388.23;447.76;447.88;487.38;479.90;475.76;507.43;505.93;515.85;506.34;475.39;535.29;544.75;538.76;581.47;577.90;554.46;541.92;587.23;602.39;570.18;569.61;620.37;488.21;439.34;445.22;463.41;436.72;460.33;463.51;479.50;490.56;422.46;418.91;462.34;445.44;418.46;374.41;408.73;407.53;377.27;330.37;377.05;411.13;403.76;387.70;432.05;428.77;405.54;392.48;371.95;404.03;378.44,HALAL,"Business activity permissible — debt ratio not verified, cross-check Musaffa/Zoya",
CALX,COMPUTER,COMPUTER-NETWORKING,6,37.4900016784668,-0.30740807428969497,51.07;51.77;52.58;52.08;50.95;50.99;50.57;51.45;50.63;52.54;52.76;50.28;48.99;46.34;48.78;49.44;48.71;49.12;50.15;49.58;42.69;42.62;41.68;43.53;45.82;43.52;42.73;40.40;39.81;39.86;38.42;40.34;40.03;40.15;38.50;37.27;38.69;38.56;38.33;37.54;37.47;36.54;35.57;37.32;38.48;38.41;39.73;39.73;39.47;39.14;37.47;35.77;36.85;35.55;35.90;39.47;37.48;38.17;39.90;39.54;39.16;40.38;39.80;38.36;37.49,HALAL,"Business activity permissible — debt ratio not verified, cross-check Musaffa/Zoya",
IBM,COMPUTER,COMPUTER-SERVICES,20,235.58999633789062,0.07018749321152673,234.12;236.76;241.75;252.86;249.69;245.29;242.74;252.43;246.77;244.87;237.92;232.94;238.91;244.59;241.55;233.77;234.40;241.28;249.83;252.00;227.76;224.77;223.84;228.86;225.74;227.98;221.96;213.11;217.74;220.75;251.17;248.90;262.34;318.14;303.45;282.81;275.51;272.89;266.80;260.48;250.42;261.09;269.70;279.21;287.46;303.95;293.20;288.16;209.70;211.16;209.00;205.18;214.74;224.83;222.06;233.48;231.77;236.31;235.98;234.32;232.67;233.69;231.04;229.87;235.59,HALAL,"Business activity permissible — debt ratio not verified, cross-check Musaffa/Zoya",
ACN,COMPUTER,COMPUTER-SERVICES,19,189.61000061035156,-0.03808921122157427,187.63;204.51;205.65;209.68;205.13;197.41;192.68;194.65;199.44;195.98;188.41;188.71;194.29;197.27;193.32;183.82;189.67;191.70;195.30;192.11;176.16;174.87;178.12;177.69;176.88;178.05;170.30;157.74;166.81;174.70;175.76;174.90;176.28;194.25;175.32;176.13;171.41;165.53;163.40;154.16;123.35;127.62;127.45;122.96;135.72;140.45;139.06;138.52;137.02;143.57;140.86;138.74;154.06;173.17;165.92;170.43;171.11;178.25;180.14;176.89;172.93;181.35;186.53;181.38;189.61,HALAL,"Business activity permissible — debt ratio not verified, cross-check Musaffa/Zoya",
DXC,COMPUTER,COMPUTER-SERVICES,32,11.210000038146973,-0.054008466052334114,12.05;12.59;12.33;13.19;12.51;12.29;11.83;11.82;11.98;12.13;12.01;11.81;12.57;12.66;12.72;12.37;12.28;12.63;12.97;13.12;11.91;11.58;11.71;11.88;11.86;12.01;8.88;8.22;8.94;8.93;9.23;9.25;9.27;10.32;9.15;9.01;8.85;8.82;8.81;8.97;8.28;8.39;8.82;8.85;9.91;10.16;9.26;9.71;9.30;9.47;9.31;9.27;10.36;11.77;11.24;11.02;11.09;10.91;10.68;10.79;10.50;10.70;10.63;10.55;11.21,HALAL,"Business activity permissible — debt ratio not verified, cross-check Musaffa/Zoya",
CTSH,COMPUTER,COMPUTER-SERVICES,43,64.04000091552734,0.06117637420923949,60.55;63.61;63.52;64.94;63.82;61.63;59.60;60.54;60.76;61.15;59.03;58.97;60.57;61.74;60.70;58.44;59.76;59.62;60.52;59.68;54.40;53.93;54.00;51.76;51.21;51.28;48.62;45.38;46.53;50.58;52.02;51.51;53.54;56.83;53.20;52.90;52.63;50.88;50.52;48.54;41.59;41.20;39.80;38.50;41.75;43.68;43.15;43.90;42.93;44.51;43.38;42.76;46.78;55.64;55.03;55.80;56.56;57.97;57.86;58.45;57.78;60.92;62.20;62.09;64.04,HALAL,"Business activity permissible — debt ratio not verified, cross-check Musaffa/Zoya",
EPAM,COMPUTER,COMPUTER-SERVICES,14,114.80000305175781,-0.11665129946851371,131.08;141.00;140.77;144.58;146.26;141.98;137.14;136.46;135.67;135.72;133.26;135.19;135.40;137.99;134.22;123.85;124.99;128.42;131.34;132.12;120.77;116.31;112.91;112.33;109.64;104.24;97.35;90.39;93.02;100.51;103.19;99.69;101.43;108.76;97.28;98.04;95.65;92.76;92.72;87.70;76.04;78.39;80.68;79.35;88.27;89.55;87.29;86.38;85.93;88.66;89.22;86.14;94.17;106.89;105.56;112.06;93.07;97.37;100.29;100.50;100.25;106.76;111.26;109.36;114.80,HALAL,"Business activity permissible — debt ratio not verified, cross-check Musaffa/Zoya",
GIB,COMPUTER,COMPUTER-SERVICES,27,74.7699966430664,0.052476068600767034,70.67;73.09;72.99;74.86;75.48;72.78;71.34;71.62;71.64;73.65;72.18;70.79;72.84;73.71;72.42;70.05;73.14;73.80;75.95;76.52;72.75;73.20;65.35;66.34;66.72;67.84;65.22;61.80;63.01;64.58;65.90;66.83;67.52;71.04;66.14;67.17;67.04;66.81;65.67;65.96;61.23;62.99;64.35;64.46;66.37;67.37;66.78;67.64;65.79;68.01;66.53;63.69;69.36;74.38;73.03;74.29;74.05;75.13;73.84;73.41;72.94;74.26;74.82;73.24;74.77,HALAL,"Business activity permissible — debt ratio not verified, cross-check Musaffa/Zoya",
WIT,COMPUTER,COMPUTER-SERVICES,7,1.8200000524520874,-0.15951112115743316,2.18;2.20;2.18;2.20;2.28;2.34;2.23;2.20;2.17;2.14;2.07;2.06;2.10;2.14;2.22;2.23;2.21;2.24;2.17;2.11;2.01;2.03;2.00;2.01;1.97;1.96;1.88;1.80;1.87;1.91;1.96;2.04;2.40;2.38;2.11;2.08;2.14;2.13;2.27;2.45;2.21;2.17;2.24;2.22;1.87;1.83;1.83;1.88;1.82;1.84;1.80;1.76;1.91;1.97;1.98;2.05;1.99;1.99;1.95;1.94;1.91;1.91;1.88;1.83;1.82,HALAL,"Business activity permissible — debt ratio not verified, cross-check Musaffa/Zoya",
INFY,COMPUTER,COMPUTER-SERVICES,11,12.050000190734863,-0.11498980497171085,13.94;14.13;13.92;14.10;14.11;13.58;12.99;12.92;12.77;13.02;12.89;12.56;13.22;13.45;13.66;13.47;13.67;14.01;14.15;13.77;12.67;12.02;12.08;12.22;12.20;12.30;12.04;11.61;11.81;12.45;12.37;11.82;12.43;13.13;12.20;12.14;11.98;11.60;11.60;11.70;10.77;10.93;10.78;10.49;11.16;11.27;11.13;11.50;11.04;11.49;11.16;10.67;11.70;12.60;12.03;12.60;12.36;12.56;12.28;12.09;11.83;11.83;11.82;11.69;12.05,HALAL,"Business activity permissible — debt ratio not verified, cross-check Musaffa/Zoya",
CSCSC,COMPUTER,COMPUTER-SERVICES,,,,,HALAL,"Business activity permissible — debt ratio not verified, cross-check Musaffa/Zoya",
GLOB,COMPUTER,COMPUTER-SERVICES,11,40.52000045776367,-0.025024082799855574,44.53;49.76;49.84;53.20;50.43;47.80;44.95;44.63;45.04;44.85;43.62;44.52;46.11;47.85;46.10;45.30;46.63;48.74;49.97;50.34;43.32;42.40;40.66;40.62;40.09;40.97;37.21;32.75;38.91;40.25;40.63;38.42;39.93;44.44;39.67;38.30;37.47;36.42;36.87;34.61;29.97;29.12;30.03;28.94;32.51;31.65;31.29;32.12;31.98;32.23;32.10;30.61;32.64;38.15;36.60;38.13;37.25;38.55;38.74;37.38;37.31;39.63;39.58;38.79;40.52,HALAL,"Business activity permissible — debt ratio not verified, cross-check Musaffa/Zoya",
G,COMPUTER,COMPUTER-TECH SERVICES,38,38.02000045776367,0.023680280521273245,37.41;39.30;39.93;41.24;40.43;38.34;37.89;38.12;38.09;38.54;37.44;36.37;37.04;37.52;37.27;35.34;35.34;36.03;36.72;36.82;34.30;33.64;33.68;34.13;33.88;34.28;31.12;29.27;28.88;31.49;31.82;31.01;32.23;34.25;32.11;32.43;32.44;31.89;31.00;30.31;28.11;28.53;28.53;27.50;29.10;29.74;29.64;30.48;30.07;30.89;30.18;30.37;32.18;36.71;35.17;35.79;36.16;34.13;33.95;33.86;34.65;36.93;37.59;36.88;38.02,HALAL,"Business activity permissible — debt ratio not verified, cross-check Musaffa/Zoya",
PRFT,COMPUTER,COMPUTER-TECH SERVICES,,,,,HALAL,"Business activity permissible — debt ratio not verified, cross-check Musaffa/Zoya",
DOCU,COMPUTER,COMPUTER-TECH SERVICES,69,64.0,0.532934131736527,43.26;45.07;46.74;48.23;48.69;48.00;47.05;47.54;47.75;48.79;46.30;45.71;47.41;48.37;47.36;45.55;45.42;46.84;45.74;47.60;45.02;45.66;46.92;47.96;48.38;48.19;45.49;45.07;47.71;49.42;48.97;49.32;49.58;57.02;52.40;47.26;45.07;44.55;44.19;42.58;42.71;44.24;45.21;44.42;45.77;47.23;48.76;49.87;51.16;52.74;50.74;47.04;52.91;58.17;54.83;57.54;56.90;59.64;58.10;62.04;60.01;62.28;62.56;59.33;64.00,HALAL,"Business activity permissible — debt ratio not verified, cross-check Musaffa/Zoya",
TYL,COMPUTER,COMPUTER-TECH SERVICES,36,377.94000244140625,0.1906247398223302,335.11;354.69;367.22;365.87;367.35;348.32;349.79;348.45;350.07;349.09;331.47;334.03;342.38;338.03;333.70;323.68;320.85;337.61;342.61;341.46;335.74;337.58;356.01;335.50;327.82;331.08;312.27;298.59;311.89;322.74;308.74;307.39;306.04;329.83;303.77;312.07;308.92;295.48;289.84;287.71;275.27;286.03;294.40;292.46;318.10;321.45;311.01;314.22;303.52;319.51;299.74;288.16;315.88;333.50;309.60;313.33;306.33;318.63;317.64;328.64;332.21;348.14;355.79;352.65;377.94,HALAL,"Business activity permissible — debt ratio not verified, cross-check Musaffa/Zoya",
SAIC,COMPUTER,COMPUTER-TECH SERVICES,80,125.95999908447266,0.4676532017795145,86.17;91.60;93.75;92.74;93.64;90.95;91.26;93.91;96.47;96.18;95.77;96.57;94.24;99.40;100.19;94.35;94.70;95.89;95.07;95.83;94.96;93.49;94.82;95.60;95.28;93.81;92.35;90.12;92.63;95.01;95.86;101.03;103.36;114.71;114.36;113.98;113.71;114.56;109.04;106.38;100.27;108.12;109.93;110.05;110.60;113.30;113.67;113.31;115.28;115.51;111.82;116.50;118.48;117.01;117.13;120.37;124.28;125.46;126.31;126.68;125.95;126.29;126.85;127.58;125.96,HALAL,"Business activity permissible — debt ratio not verified, cross-check Musaffa/Zoya",
LDOS,COMPUTER,COMPUTER-TECH SERVICES,15,140.66000366210938,-0.17728577938574896,168.87;174.05;179.57;174.61;178.47;172.33;172.82;168.39;165.37;161.97;158.32;154.98;154.97;158.26;158.31;155.08;157.04;158.48;154.62;152.66;147.08;143.73;145.40;148.70;136.71;130.80;127.23;123.73;123.25;125.52;122.61;127.67;131.13;127.27;123.91;123.99;123.09;121.65;114.60;108.67;104.84;104.32;101.76;102.97;108.84;108.57;106.62;106.58;108.21;106.48;104.92;110.33;114.95;114.37;115.60;130.60;135.26;139.10;140.38;143.83;143.48;141.37;138.43;137.43;140.66,HALAL,"Business activity permissible — debt ratio not verified, cross-check Musaffa/Zoya",
EL,CONSUMER,CONSUMER PRODUCTS-COSMETICS,52,103.38999938964844,-0.07878764230525004,112.13;109.05;98.33;95.50;92.27;91.19;87.54;88.57;85.27;78.98;72.83;66.97;71.49;68.85;68.90;73.01;74.26;76.30;75.91;75.57;76.11;77.02;75.40;78.99;82.53;84.96;82.43;81.81;79.97;75.85;78.61;86.27;90.52;85.58;82.05;83.49;86.56;88.02;90.00;82.46;84.53;83.27;80.54;78.95;83.71;84.44;81.99;81.15;82.31;82.13;82.37;79.92;83.20;84.13;83.90;86.97;85.49;87.19;87.68;86.10;84.27;96.15;104.13;105.06;103.39,HALAL,"Business activity permissible — debt ratio not verified, cross-check Musaffa/Zoya",
COTY,CONSUMER,CONSUMER PRODUCTS-COSMETICS,36,2.8499999046325684,0.10038610003068138,2.65;2.51;2.45;2.40;2.30;2.34;2.22;2.17;2.15;2.14;2.05;2.00;2.01;2.05;2.11;2.09;2.26;2.30;2.36;2.35;2.34;2.40;2.37;2.47;2.56;2.50;2.33;2.20;2.06;1.93;1.98;2.03;2.23;2.06;1.90;1.96;2.01;2.03;2.05;1.90;1.91;1.95;1.92;2.16;2.30;2.23;2.13;2.24;2.37;2.61;2.75;2.60;2.72;2.73;2.75;2.91;2.72;2.85;2.76;2.85;2.74;2.75;2.79;2.74;2.85,HALAL,"Business activity permissible — debt ratio not verified, cross-check Musaffa/Zoya",
ELF,CONSUMER,CONSUMER PRODUCTS-COSMETICS,88,104.0999984741211,0.15576772318012,93.09;92.05;81.09;82.54;77.15;79.95;73.41;74.66;73.40;71.92;69.65;61.05;60.61;61.16;61.14;63.93;65.62;69.86;66.82;66.98;66.23;63.72;61.08;60.49;59.42;61.79;55.19;53.74;56.43;52.98;53.12;54.13;57.40;53.49;51.99;49.57;55.67;60.68;63.99;62.28;63.18;64.54;67.43;74.00;76.42;75.34;75.76;75.10;74.22;73.69;79.90;76.15;84.01;80.90;82.89;87.84;92.31;95.24;92.62;91.44;92.51;98.46;105.95;106.97;104.10,HALAL,"Business activity permissible — debt ratio not verified, cross-check Musaffa/Zoya",
REVG,CONSUMER,CONSUMER PRODUCTS-COSMETICS,,,,,HALAL,"Business activity permissible — debt ratio not verified, cross-check Musaffa/Zoya",
IPAR,CONSUMER,CONSUMER PRODUCTS-COSMETICS,73,117.77999877929688,0.17758400635137406,99.93;99.11;93.92;94.29;91.61;92.35;89.98;89.50;89.10;89.98;90.54;89.82;90.13;89.90;89.63;90.96;94.74;93.17;98.05;94.45;90.43;90.56;89.71;91.01;90.98;93.17;89.54;88.06;85.48;85.81;90.44;91.95;95.64;91.67;87.62;90.55;96.10;99.36;99.42;96.59;97.75;104.25;107.97;111.86;119.39;122.25;118.41;118.47;120.35;123.23;122.82;119.75;124.70;127.03;124.55;128.55;119.00;119.49;118.08;114.63;113.46;114.75;116.80;116.67;117.78,HALAL,"Business activity permissible — debt ratio not verified, cross-check Musaffa/Zoya",
EPC,CONSUMER,CONSUMER PRODUCTS-COSMETICS,91,29.049999237060547,0.31862387881093457,22.08;22.41;21.09;20.80;20.85;19.78;19.62;20.39;19.53;19.37;19.92;20.87;21.19;20.83;20.57;22.18;22.04;22.10;23.23;22.92;23.58;22.92;21.59;22.40;22.66;21.49;19.53;18.09;15.81;15.88;17.25;17.39;17.31;17.68;18.40;19.73;20.58;21.65;22.99;22.56;22.72;26.58;27.72;26.86;27.21;26.61;25.97;27.23;27.85;29.66;27.80;26.69;27.81;28.22;27.19;28.53;28.12;27.99;28.66;28.42;28.45;27.56;28.36;28.65;29.05,HALAL,"Business activity permissible — debt ratio not verified, cross-check Musaffa/Zoya",
GPRO,CONSUMER,CONSUMER PRODUCTS-ELECTRONICS,2,0.5999000072479248,-0.25012500211410227,0.84;0.97;0.90;1.00;0.80;0.76;0.72;0.70;0.68;0.67;0.68;0.64;0.77;0.77;0.74;0.74;0.94;1.12;1.28;1.40;1.29;1.38;1.49;1.73;1.46;1.39;1.32;1.10;1.11;1.00;0.99;1.20;1.22;1.10;1.04;0.90;0.86;0.78;0.75;0.80;0.74;0.71;0.75;0.78;0.72;0.70;0.76;0.71;0.70;0.66;0.72;0.69;0.69;0.69;0.75;0.77;0.73;0.70;0.57;0.60;0.59;0.62;0.60;0.60;0.60,HALAL,"Business activity permissible — debt ratio not verified, cross-check Musaffa/Zoya",
SONO,CONSUMER,CONSUMER PRODUCTS-ELECTRONICS,33,15.300000190734863,0.026156964943929495,15.40;15.40;14.75;15.20;14.20;14.15;13.15;13.49;13.43;13.59;13.26;12.70;13.40;13.58;13.40;13.04;13.31;13.86;14.37;14.94;14.42;14.64;14.67;14.84;14.01;14.89;15.22;14.64;14.83;14.75;14.72;16.23;15.85;16.17;15.72;15.08;15.38;15.44;14.90;14.29;14.32;14.07;13.57;13.53;13.62;14.10;14.08;15.04;13.80;15.11;14.79;14.53;15.66;17.52;14.66;16.42;15.45;15.44;15.75;16.31;15.79;16.05;15.41;15.33;15.30,HALAL,"Business activity permissible — debt ratio not verified, cross-check Musaffa/Zoya",
VZIO,CONSUMER,CONSUMER PRODUCTS-ELECTRONICS,,,,,HALAL,"Business activity permissible — debt ratio not verified, cross-check Musaffa/Zoya",
GRMN,CONSUMER,CONSUMER PRODUCTS-ELECTRONICS,76,285.19000244140625,0.16370323152176658,249.92;250.75;248.63;238.20;240.64;234.15;232.49;234.06;234.07;237.66;243.70;229.15;230.99;236.60;240.21;255.40;260.42;264.67;266.24;264.32;259.65;256.20;251.96;241.35;233.61;240.83;241.31;231.00;224.75;227.68;238.72;237.48;235.31;235.76;236.89;235.53;236.80;237.53;238.17;231.89;236.34;240.02;232.51;237.54;240.02;248.68;244.51;243.61;241.76;249.56;236.65;240.10;242.47;294.83;293.78;307.36;301.87;313.16;309.98;310.20;297.44;293.09;291.25;289.02;285.19,HALAL,"Business activity permissible — debt ratio not verified, cross-check Musaffa/Zoya",
PG,CONSUMER,CONSUMER PRODUCTS-PERSONAL,23,143.77999877929688,-0.11640091769805794,160.97;164.72;157.35;151.71;152.92;151.05;148.42;149.23;142.69;141.85;141.79;140.59;142.30;141.00;139.20;144.49;141.45;141.25;144.75;140.21;143.55;147.30;145.37;146.17;143.83;144.98;142.30;141.19;140.52;140.25;142.34;141.90;144.83;139.24;139.15;145.45;147.57;147.24;149.35;149.44;146.59;150.91;147.92;145.55;150.29;151.62;145.76;147.27;146.95;148.87;147.00;145.88;148.63;146.10;144.49;148.01;146.97;146.44;144.08;144.55;143.45;142.97;146.60;145.00;143.78,HALAL,"Business activity permissible — debt ratio not verified, cross-check Musaffa/Zoya",
CL,CONSUMER,CONSUMER PRODUCTS-PERSONAL,38,90.75,-0.05419681841775825,95.53;97.97;94.38;91.57;91.90;88.55;87.79;88.87;84.49;84.14;84.48;83.29;84.22;84.13;82.15;85.02;82.99;82.50;84.79;81.34;83.24;83.69;84.01;86.76;85.84;86.86;86.25;87.37;87.63;89.51;89.92;89.34;91.14;87.93;84.39;88.08;87.30;88.88;90.06;90.06;88.16;91.36;91.55;91.16;94.59;94.49;90.49;92.68;90.95;92.45;90.50;90.08;91.98;93.49;91.30;92.53;93.00;93.15;92.32;91.95;91.46;89.70;92.55;92.06;90.75,HALAL,"Business activity permissible — debt ratio not verified, cross-check Musaffa/Zoya",
KMB,CONSUMER,CONSUMER PRODUCTS-PERSONAL,37,109.55000305175781,0.017341572047847587,106.42;108.59;101.96;102.23;101.46;98.68;97.50;99.12;97.24;98.10;98.01;97.32;95.16;94.83;91.79;96.63;95.29;95.50;97.50;95.29;96.60;96.92;94.80;96.35;95.88;98.21;94.45;95.73;94.61;95.16;97.39;97.43;98.78;96.62;93.48;99.04;100.52;101.54;103.14;101.47;100.50;106.73;109.37;109.77;114.72;114.74;109.93;110.18;106.53;108.35;108.05;107.31;111.44;113.21;109.31;111.57;108.66;108.02;108.93;110.39;107.72;108.69;111.37;110.34;109.55,HALAL,"Business activity permissible — debt ratio not verified, cross-check Musaffa/Zoya",
EPC,CONSUMER,CONSUMER PRODUCTS-PERSONAL,91,29.049999237060547,0.31862387881093457,22.08;22.41;21.09;20.80;20.85;19.78;19.62;20.39;19.53;19.37;19.92;20.87;21.19;20.83;20.57;22.18;22.04;22.10;23.23;22.92;23.58;22.92;21.59;22.40;22.66;21.49;19.53;18.09;15.81;15.88;17.25;17.39;17.31;17.68;18.40;19.73;20.58;21.65;22.99;22.56;22.72;26.58;27.72;26.86;27.21;26.61;25.97;27.23;27.85;29.66;27.80;26.69;27.81;28.22;27.19;28.53;28.12;27.99;28.66;28.42;28.45;27.56;28.36;28.65;29.05,HALAL,"Business activity permissible — debt ratio not verified, cross-check Musaffa/Zoya",
ENR,CONSUMER,CONSUMER PRODUCTS-PERSONAL,41,22.270000457763672,0.013590887530323004,21.16;20.91;19.29;18.59;17.69;16.90;16.47;16.97;16.33;16.54;16.21;16.47;15.90;15.90;16.17;17.89;18.28;18.66;19.83;19.12;19.33;18.86;17.93;19.06;17.28;17.97;17.02;16.48;16.28;15.72;17.07;17.98;18.30;18.15;18.35;19.18;19.42;19.61;19.86;19.70;20.81;22.22;22.34;21.15;21.46;20.41;19.94;20.19;20.41;19.96;19.81;20.37;20.76;21.12;20.69;21.29;21.25;21.63;22.46;22.45;22.03;20.99;21.48;21.97;22.27,HALAL,"Business activity permissible — debt ratio not verified, cross-check Musaffa/Zoya",
CHD,CONSUMER,CONSUMER PRODUCTS-PERSONAL,46,101.26000213623047,-0.03191764515380813,102.98;104.20;102.37;99.23;101.61;99.04;97.14;96.70;93.99;94.06;93.79;94.09;92.73;92.27;91.97;95.56;94.43;94.04;96.27;92.62;93.99;94.80;95.60;95.42;92.94;93.29;90.15;94.49;93.76;95.46;95.35;96.38;97.33;95.01;92.61;96.45;96.74;96.78;98.02;97.11;93.46;98.37;99.28;96.59;98.30;98.65;95.38;96.86;96.84;97.77;95.46;95.90;98.40;99.56;98.51;102.69;103.05;102.99;100.93;101.30;99.13;97.41;102.53;102.86;101.26,HALAL,"Business activity permissible — debt ratio not verified, cross-check Musaffa/Zoya",
CLX,CONSUMER,CONSUMER PRODUCTS-PERSONAL,25,102.52999877929688,-0.17138443811199033,123.23;124.13;118.26;110.99;110.70;109.47;108.04;108.74;104.08;103.35;102.26;99.61;101.16;98.73;100.58;105.05;100.92;100.47;102.09;97.23;96.53;95.54;93.68;86.10;85.13;91.05;87.87;90.94;89.41;91.50;94.07;95.12;95.09;88.06;87.51;93.05;97.34;97.16;94.87;93.87;89.55;94.28;96.41;94.34;96.14;96.29;92.00;93.95;95.83;95.21;94.59;92.72;96.29;98.48;94.43;103.46;104.38;106.46;105.76;105.70;105.55;106.04;107.17;104.23;102.53,HALAL,"Business activity permissible — debt ratio not verified, cross-check Musaffa/Zoya",
SPB,CONSUMER,CONSUMER PRODUCTS-PERSONAL,83,88.68000030517578,0.1366413557399413,76.65;77.50;76.92;75.32;75.37;76.01;72.89;74.51;71.13;71.76;74.49;72.77;72.87;72.89;75.20;79.31;78.02;78.27;83.75;81.78;83.38;82.76;80.57;82.02;81.45;77.74;78.19;78.58;76.21;72.16;74.68;78.26;78.04;77.35;79.22;81.12;82.28;83.38;84.10;80.12;82.85;85.75;87.02;85.29;84.54;82.93;83.63;84.24;87.20;88.22;88.50;86.96;88.34;87.81;88.30;90.49;87.79;87.41;87.95;89.45;87.53;85.70;87.87;88.89;88.68,HALAL,"Business activity permissible — debt ratio not verified, cross-check Musaffa/Zoya",
CHWY,CONSUMER,CONSUMER PRODUCTS-PET,12,23.260000228881836,-0.058680651935028805,26.46;27.42;26.84;26.07;26.15;25.70;25.47;25.22;24.28;23.59;26.57;26.12;27.00;26.87;26.22;26.00;25.36;27.17;27.52;27.74;25.65;25.22;25.96;25.54;24.54;23.67;22.49;21.65;21.28;19.66;19.93;21.25;21.38;22.28;21.04;20.64;20.40;18.77;19.34;17.77;17.51;19.01;18.55;19.65;20.85;20.73;20.67;20.32;21.21;20.93;21.51;20.46;21.80;23.30;22.60;24.10;23.43;22.59;22.35;22.42;23.04;23.88;24.50;22.97;23.26,HALAL,"Business activity permissible — debt ratio not verified, cross-check Musaffa/Zoya",
FRPT,CONSUMER,CONSUMER PRODUCTS-PET,70,70.81999969482422,-0.09875288820830397,79.63;84.45;84.11;85.19;82.83;80.33;76.60;67.42;63.17;64.68;60.10;55.93;58.96;59.40;63.04;66.63;68.25;68.79;69.50;64.83;65.56;65.45;66.14;65.15;60.17;55.87;49.64;48.63;49.35;47.39;51.30;51.00;53.09;49.42;50.00;49.74;51.15;52.22;54.49;55.66;50.92;52.74;57.43;59.12;56.38;54.51;55.47;55.92;56.23;56.64;58.62;56.66;59.50;61.94;59.54;62.38;66.73;67.77;72.31;72.76;72.63;74.13;76.55;74.89;70.82,HALAL,"Business activity permissible — debt ratio not verified, cross-check Musaffa/Zoya",
PETS,CONSUMER,CONSUMER PRODUCTS-PET,7,1.8799999952316284,-0.34722224981696403,2.78;2.74;2.73;2.61;2.59;2.49;2.46;2.55;2.48;2.30;2.33;2.23;2.28;2.29;2.32;2.31;2.30;2.35;2.33;2.30;2.23;2.30;2.26;2.30;2.37;2.30;2.26;2.26;2.23;2.21;2.17;2.23;2.20;2.17;1.78;1.68;1.71;1.84;1.83;1.80;1.81;1.79;1.76;1.92;1.98;1.92;1.96;1.91;2.00;1.97;1.99;2.05;1.97;1.98;1.95;1.99;1.97;1.97;2.01;1.83;1.80;1.76;1.75;1.79;1.88,HALAL,"Business activity permissible — debt ratio not verified, cross-check Musaffa/Zoya",
WOOF,CONSUMER,CONSUMER PRODUCTS-PET,18,2.700000047683716,0.09756097797361263,2.45;2.55;2.65;2.45;2.33;2.40;3.62;3.38;3.12;2.89;2.81;2.70;2.78;2.68;2.68;2.84;2.83;2.90;3.03;2.98;2.99;2.96;2.80;2.88;2.73;2.75;2.54;2.56;2.50;2.47;2.65;2.76;3.02;3.06;3.05;2.83;2.72;2.83;2.79;2.63;2.49;2.59;2.71;2.72;2.62;2.53;2.55;2.57;2.59;2.66;2.70;2.54;2.72;2.79;2.79;2.96;2.77;2.68;2.73;2.82;2.76;2.85;2.88;2.77;2.70,HALAL,"Business activity permissible — debt ratio not verified, cross-check Musaffa/Zoya",
PAHC,CONSUMER,CONSUMER PRODUCTS-PET,34,37.66999816894531,-0.2640486178335495,52.76;54.24;51.93;49.38;48.57;49.86;49.26;52.29;52.16;53.57;56.77;53.65;55.08;55.29;55.43;58.84;59.33;54.78;56.83;53.86;54.46;55.90;52.28;54.66;56.00;42.98;36.17;35.11;34.23;33.76;33.32;33.54;31.70;29.74;31.79;32.43;32.65;31.26;32.28;30.84;31.07;31.36;31.69;31.40;33.26;33.12;32.38;33.00;33.74;33.31;33.86;34.04;35.24;36.95;36.33;36.59;35.50;34.15;33.80;34.36;34.65;35.18;35.31;36.09;37.67,HALAL,"Business activity permissible — debt ratio not verified, cross-check Musaffa/Zoya",
ZTS,CONSUMER,CONSUMER PRODUCTS-PET,5,77.33999633789062,-0.3781869038491029,127.50;129.63;124.52;120.86;120.99;118.45;114.32;120.31;114.69;113.94;115.40;112.08;116.88;116.62;115.49;118.64;118.73;119.40;121.01;117.36;115.26;117.05;113.04;113.37;111.76;86.71;76.14;73.83;73.71;78.37;79.52;79.67;77.73;77.02;77.05;78.89;81.63;80.84;79.40;76.73;75.36;77.63;75.56;71.36;74.28;75.76;74.56;74.87;74.01;76.03;75.35;74.57;76.92;77.93;77.29;76.04;77.27;74.83;73.54;73.79;73.96;75.02;77.17;77.52;77.34,HALAL,"Business activity permissible — debt ratio not verified, cross-check Musaffa/Zoya",
ELAN,CONSUMER,CONSUMER PRODUCTS-PET,49,24.110000610351562,-0.02585856119791663,26.84;26.40;24.88;23.92;23.94;23.45;22.94;25.18;25.12;24.44;25.50;23.13;23.93;23.08;22.80;23.46;23.86;23.23;23.68;22.61;22.39;22.09;21.80;22.51;22.99;24.01;21.72;21.80;19.86;19.80;21.32;22.82;23.98;23.67;24.57;23.63;24.50;24.05;24.29;23.39;23.90;23.96;24.57;24.61;25.00;24.64;24.62;25.14;25.54;25.83;25.48;24.78;25.41;26.39;26.37;25.60;24.20;22.28;22.13;23.67;23.64;23.56;24.42;25.08;24.11,HALAL,"Business activity permissible — debt ratio not verified, cross-check Musaffa/Zoya",
CLX,CONSUMER,CONSUMER PRODUCTS-SOAPS/CLEANERS,25,102.52999877929688,-0.17138443811199033,123.23;124.13;118.26;110.99;110.70;109.47;108.04;108.74;104.08;103.35;102.26;99.61;101.16;98.73;100.58;105.05;100.92;100.47;102.09;97.23;96.53;95.54;93.68;86.10;85.13;91.05;87.87;90.94;89.41;91.50;94.07;95.12;95.09;88.06;87.51;93.05;97.34;97.16;94.87;93.87;89.55;94.28;96.41;94.34;96.14;96.29;92.00;93.95;95.83;95.21;94.59;92.72;96.29;98.48;94.43;103.46;104.38;106.46;105.76;105.70;105.55;106.04;107.17;104.23;102.53,HALAL,"Business activity permissible — debt ratio not verified, cross-check Musaffa/Zoya",
CHD,CONSUMER,CONSUMER PRODUCTS-SOAPS/CLEANERS,46,101.26000213623047,-0.03191764515380813,102.98;104.20;102.37;99.23;101.61;99.04;97.14;96.70;93.99;94.06;93.79;94.09;92.73;92.27;91.97;95.56;94.43;94.04;96.27;92.62;93.99;94.80;95.60;95.42;92.94;93.29;90.15;94.49;93.76;95.46;95.35;96.38;97.33;95.01;92.61;96.45;96.74;96.78;98.02;97.11;93.46;98.37;99.28;96.59;98.30;98.65;95.38;96.86;96.84;97.77;95.46;95.90;98.40;99.56;98.51;102.69;103.05;102.99;100.93;101.30;99.13;97.41;102.53;102.86;101.26,HALAL,"Business activity permissible — debt ratio not verified, cross-check Musaffa/Zoya",
ECL,CONSUMER,CONSUMER PRODUCTS-SOAPS/CLEANERS,42,286.75,-0.056819072679311744,304.87;306.69;296.85;285.39;280.34;275.51;272.70;271.85;258.00;260.42;267.81;260.66;265.30;263.56;261.55;271.73;274.45;269.64;274.05;270.10;270.71;267.15;255.91;258.80;256.95;255.85;250.42;248.94;246.95;245.06;249.50;253.54;259.54;249.79;254.98;257.27;263.72;262.91;267.85;269.06;269.34;276.29;283.65;278.61;283.36;283.08;273.03;271.85;270.25;272.83;264.20;263.14;271.38;283.70;277.63;283.14;283.46;284.40;278.43;276.11;280.00;281.48;286.98;290.60;286.75,HALAL,"Business activity permissible — debt ratio not verified, cross-check Musaffa/Zoya",
DECK,CONSUMER,CONSUMER PRODUCTS-SOAPS/CLEANERS,10,87.76000213623047,-0.2573410891420873,119.42;117.27;109.86;107.58;104.32;102.72;100.78;104.71;104.91;102.45;100.05;94.05;100.09;98.31;100.26;109.77;108.14;108.87;112.50;110.17;107.71;106.77;101.34;100.88;98.54;102.72;96.65;93.93;93.56;94.27;102.62;111.44;114.31;110.82;107.36;108.13;112.48;114.37;112.50;105.72;105.57;105.70;104.56;99.29;104.69;106.08;104.26;107.80;106.53;106.49;103.31;96.23;97.73;103.54;96.88;99.87;97.87;97.44;91.20;93.09;89.51;88.86;92.08;89.47;87.76,HALAL,"Business activity permissible — debt ratio not verified, cross-check Musaffa/Zoya",
DUOL,CONSUMER,CONSUMER SVCS-EDUCATION,46,146.97999572753906,0.3848399940566418,111.65;101.00;101.61;101.54;100.42;98.81;98.39;104.36;99.61;99.75;99.12;95.35;98.57;96.54;96.29;90.53;93.53;98.78;100.51;102.63;100.29;103.30;106.82;111.25;104.03;113.61;105.15;104.98;112.06;114.10;105.64;106.48;108.67;117.97;107.40;109.03;117.86;123.85;127.06;123.39;127.25;132.15;121.49;115.02;125.76;131.95;129.95;132.34;131.22;133.85;124.71;120.67;132.82;140.17;134.81;137.75;122.58;137.19;134.63;132.83;139.64;147.03;146.84;140.88;146.98,HALAL,"Business activity permissible — debt ratio not verified, cross-check Musaffa/Zoya",
LRN,CONSUMER,CONSUMER SVCS-EDUCATION,26,86.83999633789062,0.07355664474147106,84.22;84.38;86.65;86.32;85.31;85.24;84.36;87.08;87.41;87.33;88.60;85.61;88.17;89.64;88.95;90.38;91.88;94.01;98.44;98.11;98.36;97.79;95.16;93.08;93.76;91.66;87.34;88.13;88.29;90.19;87.65;89.48;91.97;96.50;99.63;100.01;97.13;99.47;83.54;84.28;82.32;84.81;87.12;86.24;90.44;91.07;91.09;92.02;83.39;87.32;84.69;86.07;90.08;97.71;80.29;80.45;80.00;80.23;78.59;83.36;83.76;84.07;85.07;84.58;86.84,HALAL,"Business activity permissible — debt ratio not verified, cross-check Musaffa/Zoya",
CHGG,CONSUMER,CONSUMER SVCS-EDUCATION,7,0.8440999984741211,0.33984127756028926,0.66;0.66;0.64;0.63;0.62;0.59;0.57;0.58;0.57;0.57;0.59;0.68;0.74;0.75;0.73;0.86;0.93;1.09;1.05;0.99;0.97;1.05;1.14;1.12;1.24;1.28;1.00;1.14;1.02;1.05;1.43;1.42;1.50;1.34;1.23;1.17;1.11;1.15;1.10;1.03;1.05;1.06;1.13;1.01;1.01;0.94;0.89;0.85;0.84;0.82;0.93;0.97;0.99;1.04;0.98;1.03;0.88;0.85;0.80;0.79;0.76;0.75;0.80;0.79;0.84,HALAL,"Business activity permissible — debt ratio not verified, cross-check Musaffa/Zoya",
STRA,CONSUMER,CONSUMER SVCS-EDUCATION,52,84.63999938964844,0.14690238369788577,74.85;81.06;84.65;82.91;81.55;78.27;80.15;79.92;80.37;83.22;82.85;80.84;82.33;83.04;82.94;81.83;78.54;79.81;82.58;82.97;71.64;75.38;78.37;77.64;78.34;78.49;77.02;78.14;78.19;79.43;78.21;77.83;77.20;79.39;79.05;81.58;80.51;79.85;74.03;75.17;76.45;76.91;78.85;76.62;80.98;83.94;83.48;85.72;75.81;76.53;75.54;75.00;78.55;87.62;82.00;83.71;82.46;81.45;80.02;82.33;81.96;82.38;84.00;85.31;84.64,HALAL,"Business activity permissible — debt ratio not verified, cross-check Musaffa/Zoya",
SCI,CONSUMER,CONSUMER SVCS-FUNERAL,44,83.36000061035156,0.05872790776432568,80.02;83.42;84.65;80.99;79.95;78.73;79.14;79.00;75.50;76.15;78.42;81.19;82.12;84.37;82.57;83.01;81.90;80.20;82.59;83.32;85.97;85.90;85.99;79.41;79.12;78.11;77.02;77.09;77.38;77.50;76.37;76.30;75.93;72.79;68.45;69.35;71.55;73.37;73.96;72.57;73.16;74.04;75.78;75.96;78.56;78.37;76.63;79.64;77.98;78.72;77.20;79.34;82.73;85.68;86.19;85.60;84.96;83.40;84.40;84.23;82.36;83.37;84.23;85.38;83.36,HALAL,"Business activity permissible — debt ratio not verified, cross-check Musaffa/Zoya",
MATW,CONSUMER,CONSUMER SVCS-FUNERAL,9,20.93000030517578,-0.18194921163815347,25.87;25.91;25.72;25.22;25.51;25.36;23.99;24.32;23.98;24.36;24.90;24.70;25.31;24.88;25.37;26.38;26.54;26.16;27.00;26.62;27.58;27.73;27.23;28.05;28.02;27.11;27.47;27.49;26.22;26.65;26.17;27.00;26.78;26.14;25.17;25.08;25.26;25.57;26.15;25.22;25.84;26.05;26.96;26.63;26.40;26.71;26.69;26.34;26.43;27.16;27.19;26.75;27.85;28.11;27.45;27.90;27.36;22.98;23.25;23.25;22.32;21.66;21.22;21.55;20.93,HALAL,"Business activity permissible — debt ratio not verified, cross-check Musaffa/Zoya",
CSV,CONSUMER,CONSUMER SVCS-FUNERAL,7,34.09000015258789,-0.22443633032309707,43.86;45.84;45.34;43.77;42.99;42.52;41.74;42.35;41.89;42.96;43.85;44.39;45.43;46.24;46.10;48.34;47.82;46.53;48.40;48.12;50.22;51.39;48.92;48.94;47.35;44.48;44.62;42.99;43.10;43.95;43.77;44.08;42.37;40.40;37.22;37.42;38.38;39.54;38.48;37.80;38.15;38.53;38.97;38.23;38.91;38.88;37.96;39.30;37.90;37.56;36.55;37.66;39.89;40.66;40.26;40.51;37.00;34.25;33.69;36.44;34.35;34.53;34.57;34.76;34.09,HALAL,"Business activity permissible — debt ratio not verified, cross-check Musaffa/Zoya",
HI,CONSUMER,CONSUMER SVCS-FUNERAL,,,,,HALAL,"Business activity permissible — debt ratio not verified, cross-check Musaffa/Zoya",
RGS,CONSUMER,CONSUMER SVCS-PERSONAL,47,27.125,0.1881296579346079,23.13;22.89;22.20;21.73;19.47;21.34;22.36;24.48;24.00;23.95;24.62;23.85;24.69;24.44;24.97;24.54;24.50;26.76;27.01;27.58;27.09;27.85;27.82;27.00;26.76;27.99;27.00;28.05;28.30;28.19;28.02;29.51;29.15;27.41;27.00;27.28;26.99;27.77;27.13;27.56;27.32;26.04;27.26;28.00;27.10;27.80;27.94;27.45;29.49;29.61;29.26;27.54;27.35;27.38;27.38;26.50;28.79;28.33;27.75;27.73;27.46;26.53;26.80;26.80;27.12,HALAL,"Business activity permissible — debt ratio not verified, cross-check Musaffa/Zoya",
RCM,CONSUMER,CONSUMER SVCS-PERSONAL,,,,,HALAL,"Business activity permissible — debt ratio not verified, cross-check Musaffa/Zoya",
ROL,CONSUMER,CONSUMER SVCS-PERSONAL,3,36.380001068115234,-0.39063860082000035,58.64;60.39;59.67;57.69;57.10;55.62;54.68;55.38;53.64;52.77;53.04;52.03;52.97;53.49;53.26;55.33;54.21;53.93;54.55;54.26;56.52;55.51;54.87;54.33;53.66;53.94;52.62;52.56;53.16;53.48;52.76;52.90;49.18;46.10;45.57;46.87;47.30;46.82;46.67;44.91;44.19;44.32;43.06;41.54;43.17;43.41;44.55;44.70;43.55;44.89;43.65;39.25;38.88;38.56;37.79;37.63;36.65;37.23;36.52;36.20;36.32;36.38;37.26;36.70;36.38,HALAL,"Business activity permissible — debt ratio not verified, cross-check Musaffa/Zoya",
SCI,CONSUMER,CONSUMER SVCS-PERSONAL,44,83.36000061035156,0.05872790776432568,80.02;83.42;84.65;80.99;79.95;78.73;79.14;79.00;75.50;76.15;78.42;81.19;82.12;84.37;82.57;83.01;81.90;80.20;82.59;83.32;85.97;85.90;85.99;79.41;79.12;78.11;77.02;77.09;77.38;77.50;76.37;76.30;75.93;72.79;68.45;69.35;71.55;73.37;73.96;72.57;73.16;74.04;75.78;75.96;78.56;78.37;76.63;79.64;77.98;78.72;77.20;79.34;82.73;85.68;86.19;85.60;84.96;83.40;84.40;84.23;82.36;83.37;84.23;85.38;83.36,HALAL,"Business activity permissible — debt ratio not verified, cross-check Musaffa/Zoya",
TEL,ELECTRONICS,ELECTRONIC-COMPONENTS/CONNECTORS,19,202.66000366210938,-0.11692427618051926,240.53;228.37;202.73;208.93;204.65;203.56;197.87;202.76;196.86;199.24;208.40;200.58;207.41;207.45;209.35;226.86;232.52;232.34;244.24;241.30;216.05;207.90;203.66;205.83;205.34;208.44;204.53;206.06;203.53;194.56;201.01;207.79;209.51;210.27;217.54;211.82;210.09;206.93;215.30;211.37;211.86;197.78;196.97;200.83;196.67;197.07;198.14;197.41;200.56;202.52;208.20;198.02;206.77;206.15;204.89;215.98;214.24;213.45;213.37;215.39;204.17;199.76;202.41;205.03;202.66,HALAL,"Business activity permissible — debt ratio not verified, cross-check Musaffa/Zoya",
APH,ELECTRONICS,ELECTRONIC-COMPONENTS/CONNECTORS,66,157.74000549316406,0.07083074240052611,152.11;145.55;129.13;135.77;135.59;134.07;133.45;134.65;130.20;130.47;128.54;123.43;126.16;127.81;128.19;137.47;145.05;146.76;150.83;151.70;149.95;148.42;148.16;142.09;136.48;136.41;122.29;124.45;124.81;119.02;124.67;139.35;147.46;146.12;147.40;138.60;153.84;152.23;158.35;160.87;165.71;162.78;163.72;176.32;164.59;158.61;162.24;155.99;157.04;151.20;157.81;157.43;149.28;150.31;160.70;171.33;170.61;167.70;169.96;167.11;159.57;153.11;155.55;161.34;157.74,HALAL,"Business activity permissible — debt ratio not verified, cross-check Musaffa/Zoya",
GLW,ELECTRONICS,ELECTRONIC-COMPONENTS/CONNECTORS,84,148.97999572753906,0.029169066045342307,159.89;150.15;147.34;134.53;128.85;131.56;128.92;129.69;132.88;130.77;146.13;136.60;135.76;147.69;148.29;169.54;174.90;168.01;164.13;165.20;169.24;167.75;151.67;158.02;161.85;182.12;207.07;206.19;191.52;175.56;191.60;195.87;182.69;176.70;200.76;177.58;173.94;176.55;187.88;175.40;209.83;205.83;221.05;255.43;196.79;185.38;192.38;183.11;174.41;154.61;162.41;156.06;143.36;124.05;138.25;159.89;157.18;157.76;167.44;165.99;159.90;151.45;145.55;152.78;148.98,HALAL,"Business activity permissible — debt ratio not verified, cross-check Musaffa/Zoya",
JBL,ELECTRONICS,ELECTRONIC-COMPONENTS/CONNECTORS,56,301.45001220703125,0.1542530411583949,277.45;264.87;254.13;252.10;247.35;255.35;250.54;262.23;265.19;266.14;283.11;260.98;265.51;268.43;272.73;292.89;305.24;304.82;321.55;333.53;338.38;340.65;333.71;342.32;337.11;349.45;365.08;355.27;339.75;332.81;356.33;380.17;363.57;359.89;378.96;353.16;362.30;376.81;385.55;374.90;377.16;371.72;358.52;385.40;341.23;321.01;332.44;321.89;319.11;300.94;318.86;321.97;311.42;287.08;314.98;339.93;344.60;336.56;366.08;363.10;338.62;316.65;304.89;310.91;301.45,HALAL,"Business activity permissible — debt ratio not verified, cross-check Musaffa/Zoya",
VSH,ELECTRONICS,ELECTRONIC-COMPONENTS/CONNECTORS,90,30.559999465942383,0.5935126848544379,19.96;18.58;17.82;17.00;16.67;17.37;17.20;17.65;17.70;17.43;18.26;16.99;17.97;18.55;18.95;21.29;22.80;23.72;25.88;26.87;27.28;27.72;27.75;29.53;32.04;32.54;34.77;38.44;37.17;36.98;42.10;50.29;52.15;55.90;63.86;57.11;58.48;58.50;63.61;60.23;64.27;55.59;56.35;53.78;45.92;42.19;44.04;41.94;40.45;37.81;39.78;40.80;37.18;29.96;34.22;38.85;32.78;33.14;33.55;35.08;33.52;31.83;30.43;30.66;30.56,HALAL,"Business activity permissible — debt ratio not verified, cross-check Musaffa/Zoya",
AVX,ELECTRONICS,ELECTRONIC-COMPONENTS/CONNECTORS,1,3.4100000858306885,-0.4889088547774981,8.76;8.99;8.46;9.28;8.94;9.12;9.19;9.72;8.92;8.50;8.02;6.74;7.18;6.98;5.92;6.84;7.44;6.88;7.68;6.77;6.31;6.29;6.12;6.84;6.25;6.26;6.30;5.90;6.47;6.26;6.98;6.96;6.67;6.31;5.71;4.81;4.99;4.44;5.32;5.73;5.66;5.70;6.38;5.19;5.46;5.58;5.43;4.73;3.96;3.60;3.45;3.56;3.38;3.00;2.90;3.20;3.17;3.49;3.13;3.15;2.95;3.02;3.69;3.54;3.41,HALAL,"Business activity permissible — debt ratio not verified, cross-check Musaffa/Zoya",
CTS,ELECTRONICS,ELECTRONIC-COMPONENTS/CONNECTORS,53,56.56999969482422,0.08504977865827001,53.14;52.59;51.14;51.12;47.41;48.17;45.72;46.24;47.13;48.57;50.27;47.81;47.73;48.31;49.43;53.36;55.54;54.51;55.10;55.09;55.50;55.95;54.40;56.97;58.04;59.81;61.45;59.44;58.29;57.04;59.87;65.21;64.75;63.85;67.00;62.81;66.23;67.84;66.59;64.68;68.27;66.97;65.00;65.19;60.50;59.15;60.96;59.07;59.39;59.40;61.31;60.92;60.41;61.53;64.12;67.26;66.26;64.61;63.62;63.47;59.97;57.78;56.13;57.02;56.57,HALAL,"Business activity permissible — debt ratio not verified, cross-check Musaffa/Zoya",
BHE,ELECTRONICS,ELECTRONIC-COMPONENTS/CONNECTORS,79,71.30999755859375,0.23988251635523716,60.06;57.52;55.82;54.76;53.67;54.53;52.96;54.11;55.77;56.76;58.74;55.33;55.96;56.47;56.93;62.08;64.76;62.19;64.93;66.05;67.48;69.14;72.27;84.35;84.41;83.63;86.36;85.92;84.79;81.16;82.29;88.85;84.40;84.88;88.08;83.77;86.57;88.83;91.15;90.89;93.49;91.72;91.89;98.67;86.13;81.01;85.26;81.77;81.69;78.45;84.65;83.85;79.63;74.11;79.77;85.41;82.37;81.26;81.94;81.75;76.71;73.36;71.72;72.32;71.31,HALAL,"Business activity permissible — debt ratio not verified, cross-check Musaffa/Zoya",
FLEX,ELECTRONICS,ELECTRONIC-CONTRACT MFG,90,110.5,0.7456556292548113,65.67;63.02;63.08;63.51;61.33;63.39;63.45;65.39;65.79;65.04;70.02;64.80;65.46;68.59;68.21;75.01;78.31;78.43;81.83;85.14;86.90;90.08;90.60;91.70;96.45;133.01;145.07;143.80;137.86;126.29;131.07;143.24;144.85;148.01;161.94;151.92;147.21;151.99;149.22;143.13;155.81;150.72;146.70;162.07;136.86;131.52;139.94;129.50;128.72;119.25;127.39;127.94;116.07;103.02;113.75;126.71;122.65;119.70;124.53;126.16;120.24;110.32;106.65;111.82;110.50,HALAL,"Business activity permissible — debt ratio not verified, cross-check Musaffa/Zoya",
SANM,ELECTRONICS,ELECTRONIC-CONTRACT MFG,56,194.00999450683594,0.31203084407409576,161.32;155.26;137.97;130.29;125.22;126.88;125.20;125.11;130.23;131.39;138.56;130.90;129.64;130.21;131.82;141.84;153.50;154.31;174.09;174.06;180.02;188.08;208.67;223.27;221.89;237.09;245.44;238.62;235.34;224.70;234.36;259.97;263.23;264.88;282.72;252.08;242.36;246.98;259.82;242.77;253.45;248.81;236.55;253.08;219.77;205.75;212.88;201.80;207.33;197.24;219.41;218.56;208.90;163.85;185.56;207.46;205.66;199.15;208.90;210.84;198.28;190.72;185.41;198.64;194.01,HALAL,"Business activity permissible — debt ratio not verified, cross-check Musaffa/Zoya",
BHE,ELECTRONICS,ELECTRONIC-CONTRACT MFG,79,71.30999755859375,0.23988251635523716,60.06;57.52;55.82;54.76;53.67;54.53;52.96;54.11;55.77;56.76;58.74;55.33;55.96;56.47;56.93;62.08;64.76;62.19;64.93;66.05;67.48;69.14;72.27;84.35;84.41;83.63;86.36;85.92;84.79;81.16;82.29;88.85;84.40;84.88;88.08;83.77;86.57;88.83;91.15;90.89;93.49;91.72;91.89;98.67;86.13;81.01;85.26;81.77;81.69;78.45;84.65;83.85;79.63;74.11;79.77;85.41;82.37;81.26;81.94;81.75;76.71;73.36;71.72;72.32;71.31,HALAL,"Business activity permissible — debt ratio not verified, cross-check Musaffa/Zoya",
CLS,ELECTRONICS,ELECTRONIC-CONTRACT MFG,36,298.70001220703125,0.006808748756635952,293.98;277.63;256.95;265.83;267.95;265.80;263.46;281.95;284.30;286.98;302.22;280.22;281.68;294.84;297.34;328.33;365.46;381.94;396.01;403.03;391.60;422.21;376.54;418.93;417.66;385.21;380.99;372.55;358.55;339.13;354.77;370.84;351.02;426.55;458.14;371.71;371.86;385.86;403.45;380.37;376.84;362.24;337.53;364.80;336.21;345.06;354.78;345.18;334.77;301.34;339.59;334.75;318.24;328.43;331.44;371.15;314.53;314.59;339.46;335.05;310.59;302.00;294.57;307.32;298.70,HALAL,"Business activity permissible — debt ratio not verified, cross-check Musaffa/Zoya",
PLXS,ELECTRONICS,ELECTRONIC-CONTRACT MFG,82,240.8699951171875,0.219286213091477,204.09;194.13;193.91;191.35;191.58;195.13;190.74;195.54;201.48;202.79;217.26;199.17;202.54;207.35;207.87;223.37;230.45;220.49;228.64;238.58;249.87;249.14;250.60;264.60;265.11;260.71;271.78;261.91;258.43;250.03;256.38;272.91;267.89;271.40;287.55;273.01;281.48;287.93;295.02;294.03;303.82;286.59;287.44;300.67;275.11;255.94;270.56;259.03;254.11;250.63;260.66;261.71;253.38;240.49;251.34;276.79;268.49;267.68;271.95;267.41;253.15;241.91;237.61;244.52;240.87,HALAL,"Business activity permissible — debt ratio not verified, cross-check Musaffa/Zoya",
KEYS,ELECTRONICS,ELECTRONIC-MEASURING INSTR,86,319.9700012207031,0.3060000049824618,302.18;307.33;302.54;284.51;282.02;284.26;279.78;287.38;290.21;288.96;293.12;279.06;282.37;291.24;300.61;322.94;331.11;325.25;334.34;339.30;346.53;340.64;335.46;352.41;355.93;355.06;366.36;361.19;349.01;344.11;337.55;355.74;339.13;330.00;350.48;329.83;331.43;340.03;356.94;350.70;373.34;351.30;328.66;350.07;313.86;309.12;322.17;320.83;322.71;315.90;328.11;325.13;313.68;296.72;319.08;341.24;336.96;335.41;354.50;357.82;341.00;316.51;310.66;321.87;319.97,HALAL,"Business activity permissible — debt ratio not verified, cross-check Musaffa/Zoya",
TDY,ELECTRONICS,ELECTRONIC-MEASURING INSTR,44,621.9600219726562,-0.07504232803896627,677.38;681.10;686.25;654.86;654.06;655.37;638.91;643.06;635.11;623.80;625.37;593.31;605.01;623.13;635.07;654.98;655.99;634.77;635.83;642.79;651.75;655.49;630.56;640.33;631.87;630.78;632.58;635.96;616.58;606.45;607.12;627.97;634.06;609.47;618.02;602.27;619.26;623.73;628.34;615.35;616.65;612.17;624.29;666.90;652.08;641.70;631.52;623.88;624.15;635.52;647.48;651.22;651.65;631.35;655.57;684.76;687.52;690.25;686.49;679.67;665.00;633.95;625.21;633.56;621.96,HALAL,"Business activity permissible — debt ratio not verified, cross-check Musaffa/Zoya",
FTV,ELECTRONICS,ELECTRONIC-MEASURING INSTR,48,59.689998626708984,0.04606716717399961,58.20;59.08;57.91;57.91;56.23;56.19;54.22;55.79;55.50;55.34;54.73;53.87;55.23;56.02;56.81;60.17;59.76;59.31;60.46;60.97;61.05;61.95;61.69;58.97;60.63;60.84;60.25;59.36;58.66;58.14;58.96;60.26;59.11;58.66;60.54;61.22;62.72;59.78;60.22;60.62;61.67;60.39;61.48;61.09;62.65;62.55;61.15;62.31;60.52;61.78;60.67;60.62;62.92;59.54;59.21;60.51;60.87;61.75;61.54;61.62;59.45;59.40;60.46;60.25;59.69,HALAL,"Business activity permissible — debt ratio not verified, cross-check Musaffa/Zoya",
ROP,ELECTRONICS,ELECTRONIC-MEASURING INSTR,58,426.20001220703125,0.276014596157919,342.51;347.97;354.21;364.18;361.23;350.48;349.23;351.11;351.48;351.70;344.97;342.68;352.08;356.08;357.93;349.00;355.46;357.19;361.53;362.02;362.85;351.57;355.08;357.32;355.67;351.56;327.98;315.46;320.10;328.09;323.27;319.50;318.95;343.39;330.87;331.35;334.53;331.88;331.62;329.14;324.28;330.77;337.46;337.54;363.29;362.85;355.94;360.59;348.51;363.14;350.69;355.12;375.02;408.07;391.97;392.76;397.08;403.89;395.23;399.34;394.17;410.45;415.51;413.28;426.20,HALAL,"Business activity permissible — debt ratio not verified, cross-check Musaffa/Zoya",
MKSI,ELECTRONICS,ELECTRONIC-MEASURING INSTR,86,255.75999450683594,0.009779473125019145,255.48;244.05;232.17;230.06;217.99;223.89;213.09;228.50;236.45;234.62;243.27;222.80;229.42;234.27;237.77;262.81;272.72;268.55;278.12;273.31;280.09;277.89;264.99;278.91;287.17;300.28;319.17;316.78;302.66;293.55;312.63;333.55;322.87;317.09;334.84;301.37;320.66;345.00;374.97;370.92;420.17;381.27;388.25;444.39;365.22;349.25;368.44;351.70;353.47;324.39;345.12;344.98;315.41;257.37;297.17;320.46;291.04;292.08;306.54;310.44;299.96;281.62;268.81;271.75;255.76,HALAL,"Business activity permissible — debt ratio not verified, cross-check Musaffa/Zoya",
OSIS,ELECTRONICS,ELECTRONIC-MEASURING INSTR,10,206.63999938964844,-0.29630511260118786,295.26;285.20;286.90;274.03;282.16;279.47;270.92;269.08;284.53;289.13;284.57;272.33;265.51;268.11;275.55;294.48;297.45;305.90;309.68;296.84;286.35;291.34;281.84;282.50;234.74;241.11;231.92;218.49;205.40;209.01;207.86;220.97;221.16;213.37;213.48;197.73;215.39;231.02;221.68;217.51;219.26;213.72;218.29;218.70;221.76;218.72;216.65;213.20;218.29;212.66;210.25;214.39;217.30;214.02;221.39;236.60;237.10;232.61;231.57;228.27;218.73;218.09;204.05;211.04;206.64,HALAL,"Business activity permissible — debt ratio not verified, cross-check Musaffa/Zoya",
TRMB,ELECTRONICS,ELECTRONIC-MEASURING INSTR,18,61.0099983215332,-0.06741057735928713,67.14;66.87;69.16;70.46;70.45;67.60;66.47;67.09;66.68;66.83;65.87;62.97;65.23;65.12;64.21;65.42;66.89;66.79;69.29;68.97;67.04;67.17;66.28;68.42;68.37;61.85;58.04;54.90;55.13;54.56;55.97;56.34;54.92;58.15;55.52;54.19;52.95;50.00;50.21;48.87;49.23;50.14;50.70;51.18;53.04;53.73;52.71;52.29;51.92;52.72;51.85;50.35;55.77;58.24;56.58;59.81;58.55;58.44;56.35;57.60;56.99;59.68;60.67;59.68;61.01,HALAL,"Business activity permissible — debt ratio not verified, cross-check Musaffa/Zoya",
RTX,ELECTRONICS,ELECTRONIC-MILITARY SYSTEMS,70,211.7100067138672,0.05634960074241113,194.52;201.11;204.98;202.34;206.68;205.72;203.00;201.82;199.24;193.37;193.55;188.30;191.46;194.75;196.45;201.68;199.91;196.91;194.96;185.78;177.97;172.09;171.50;172.69;171.58;175.46;177.28;176.78;169.91;173.19;174.67;178.38;178.37;173.83;171.98;180.39;180.96;183.60;183.03;191.94;181.23;184.45;187.37;189.10;198.59;200.18;194.55;195.74;195.24;192.87;193.03;208.47;217.70;214.54;214.51;217.21;222.51;223.38;222.02;222.97;225.49;212.29;209.22;211.99;211.71,QUESTIONABLE,Defense — scholar-disputed,
LHX,ELECTRONICS,ELECTRONIC-MILITARY SYSTEMS,11,262.82000732421875,-0.25436723709196774,338.49;361.81;365.24;357.40;369.76;362.79;357.51;367.37;362.23;344.09;350.60;341.62;343.76;354.56;352.57;356.53;356.51;354.48;348.94;338.93;328.89;319.17;320.10;312.11;301.43;299.96;301.13;303.70;302.17;306.91;305.09;312.21;313.51;308.34;302.23;307.83;308.17;312.17;304.17;313.17;285.83;287.27;291.25;290.59;302.07;295.40;289.87;288.69;286.82;282.01;277.71;299.67;303.48;297.53;277.06;285.30;289.53;289.72;290.74;291.82;279.54;270.44;262.83;262.96;262.82,QUESTIONABLE,L3Harris — defense,
CW,ELECTRONICS,ELECTRONIC-MILITARY SYSTEMS,22,596.3699951171875,-0.14653250765340176,698.24;699.85;701.51;678.22;705.98;692.11;655.57;679.11;691.15;688.07;701.77;663.33;680.89;694.64;699.64;722.27;733.76;731.69;735.40;719.26;725.25;716.91;695.99;712.90;728.70;724.18;728.33;750.74;712.48;704.71;726.63;750.40;747.47;719.74;733.63;732.89;733.32;756.97;762.59;777.29;783.82;762.92;747.27;757.76;760.23;766.54;759.71;740.06;751.64;707.84;722.09;750.03;743.83;679.41;724.00;757.31;714.04;694.35;723.71;699.31;695.67;648.28;614.97;619.46;596.37,QUESTIONABLE,Group classification: ELECTRONIC-MILITARY SYSTEMS,
KTOS,ELECTRONICS,ELECTRONIC-MILITARY SYSTEMS,6,52.0,-0.448626854563399,88.23;86.18;88.95;85.54;92.47;88.92;87.53;95.31;92.78;83.69;79.98;71.94;70.51;67.31;71.96;68.33;73.55;74.66;70.99;68.55;65.52;63.16;59.56;62.05;59.31;57.00;56.99;52.49;52.09;53.47;54.67;56.80;65.19;63.49;58.43;58.52;56.19;58.78;57.02;56.16;51.09;47.95;47.21;49.86;55.35;50.34;48.85;46.96;49.68;46.03;48.21;49.44;49.45;43.88;46.60;51.87;57.41;62.42;63.82;64.58;61.99;56.18;53.07;52.93;52.00,QUESTIONABLE,Group classification: ELECTRONIC-MILITARY SYSTEMS,
MRCY,ELECTRONICS,ELECTRONIC-MILITARY SYSTEMS,49,88.54000091552734,0.03073340329165286,89.30;89.03;89.43;84.96;89.36;86.00;78.16;81.35;77.81;78.29;78.71;71.40;72.91;74.22;77.53;79.23;82.52;85.51;84.05;83.36;78.91;77.06;74.75;78.55;82.96;88.06;91.95;92.50;92.03;92.80;96.36;99.32;108.11;111.28;111.59;111.27;108.82;119.32;115.93;115.50;111.76;105.00;109.38;122.33;126.21;115.83;114.25;98.26;102.97;96.08;98.64;106.34;103.80;90.17;97.10;112.80;108.83;108.64;111.64;111.12;105.00;94.23;89.59;89.76;88.54,QUESTIONABLE,Group classification: ELECTRONIC-MILITARY SYSTEMS,
AVAV,ELECTRONICS,ELECTRONIC-MILITARY SYSTEMS,3,147.94000244140625,-0.43389580207820366,255.22;252.25;228.30;220.56;227.29;207.73;207.07;222.51;211.35;206.27;199.02;184.43;183.05;184.36;186.85;177.70;194.39;198.42;191.42;210.07;201.91;195.74;183.50;184.97;166.69;168.18;166.45;160.99;158.00;160.23;163.09;182.26;214.39;204.09;191.47;185.92;176.51;183.69;171.95;167.11;151.33;142.18;137.95;165.07;190.89;162.53;148.40;141.80;141.22;142.20;148.84;158.73;154.24;142.12;149.37;169.02;171.12;189.15;193.81;192.81;174.14;159.79;148.20;146.88;147.94,QUESTIONABLE,Group classification: ELECTRONIC-MILITARY SYSTEMS,
BWXT,ELECTRONICS,ELECTRONIC-MILITARY SYSTEMS,8,152.85000610351562,-0.22619470918778772,207.38;205.10;204.95;194.66;199.53;195.41;193.57;206.88;209.51;204.25;221.48;202.00;203.90;214.35;213.82;229.62;232.15;237.73;235.09;216.03;224.85;221.42;207.47;215.68;205.55;209.28;210.19;206.23;204.12;197.02;202.20;204.06;198.96;188.09;184.43;185.66;188.66;194.37;193.63;202.75;209.67;205.33;197.60;194.34;190.76;185.79;186.70;176.86;176.63;170.91;172.82;176.39;176.25;157.19;168.43;172.13;166.44;168.61;172.29;172.95;165.01;156.44;149.52;153.16;152.85,QUESTIONABLE,Group classification: ELECTRONIC-MILITARY SYSTEMS,
ARW,ELECTRONICS,ELECTRONIC-PARTS DISTRIBUTORS,84,203.9199981689453,0.2772140391560054,154.30;152.16;145.85;143.13;139.84;142.10;140.44;140.89;140.57;139.90;146.13;139.63;143.41;145.85;147.76;157.43;174.90;168.98;174.97;178.11;187.50;186.51;185.98;184.52;186.41;189.83;202.56;211.82;208.37;206.27;212.84;223.03;216.01;217.51;229.35;219.09;219.40;222.86;229.27;225.99;234.83;224.77;215.15;213.41;197.48;193.88;205.29;201.78;206.10;206.61;216.23;215.11;213.23;204.95;216.57;227.67;222.29;202.57;210.30;213.99;213.51;206.64;201.84;207.10;203.92,HALAL,"Business activity permissible — debt ratio not verified, cross-check Musaffa/Zoya",
AVT,ELECTRONICS,ELECTRONIC-PARTS DISTRIBUTORS,88,88.62999725341797,0.32980596840996945,66.72;65.23;63.18;62.19;61.32;60.85;59.51;59.78;59.73;59.51;62.03;59.51;61.39;61.64;62.29;66.69;73.20;69.96;73.57;74.98;77.82;78.30;81.22;80.23;82.09;80.56;82.55;85.90;83.74;82.00;83.09;88.78;86.79;86.62;92.93;86.81;86.93;88.49;91.78;89.81;92.45;88.24;86.37;88.82;82.18;81.48;86.28;85.15;86.21;85.65;89.85;89.92;88.38;83.59;88.84;92.53;96.80;97.40;97.31;95.71;93.40;86.89;86.26;90.29;88.63,HALAL,"Business activity permissible — debt ratio not verified, cross-check Musaffa/Zoya",
WCC,ELECTRONICS,ELECTRONIC-PARTS DISTRIBUTORS,67,336.4200134277344,0.17819399557507043,296.35;288.52;287.60;280.88;266.98;264.37;255.74;260.70;257.67;264.54;276.36;261.75;273.22;277.05;278.17;299.08;304.11;305.49;318.60;324.12;317.73;315.11;304.83;354.07;350.08;350.37;365.77;359.98;358.20;336.57;353.74;372.41;363.79;355.17;373.98;353.80;354.78;343.71;347.79;351.88;369.72;351.97;347.33;345.43;307.89;307.21;328.91;330.84;336.70;327.86;329.16;330.66;338.13;309.36;343.49;374.10;371.77;366.55;364.60;361.55;349.16;338.09;337.01;347.60;336.42,HALAL,"Business activity permissible — debt ratio not verified, cross-check Musaffa/Zoya",
FAST,ELECTRONICS,ELECTRONIC-PARTS DISTRIBUTORS,56,49.779998779296875,0.11697849896968915,44.15;45.55;45.73;46.79;46.30;46.09;44.97;45.44;44.01;43.97;44.88;44.47;45.90;45.80;45.15;48.57;45.31;43.92;45.29;45.21;44.96;44.79;43.47;44.66;44.09;44.12;43.06;43.53;43.02;43.33;43.29;44.21;44.52;43.75;46.21;46.53;46.33;46.14;45.85;44.64;45.87;46.01;46.84;47.77;48.33;46.85;46.10;46.79;45.11;45.24;44.76;45.90;47.38;47.78;47.71;49.71;50.80;52.15;52.22;51.02;51.27;50.66;51.28;51.15;49.78,HALAL,"Business activity permissible — debt ratio not verified, cross-check Musaffa/Zoya",
GWW,ELECTRONICS,ELECTRONIC-PARTS DISTRIBUTORS,69,1306.300048828125,0.17438836648538492,1112.75;1140.19;1146.85;1141.17;1110.86;1106.09;1069.68;1061.31;1038.92;1050.29;1071.61;1052.88;1086.49;1113.02;1103.76;1167.56;1157.06;1138.82;1158.33;1166.39;1160.29;1153.49;1140.27;1144.07;1130.28;1229.21;1223.70;1250.41;1269.99;1241.99;1236.84;1246.79;1244.98;1240.61;1281.72;1297.48;1327.21;1311.40;1311.36;1308.54;1338.81;1339.95;1350.97;1357.75;1340.36;1353.79;1362.20;1388.97;1368.77;1392.29;1358.96;1364.79;1396.22;1356.27;1379.53;1297.92;1280.08;1297.45;1304.88;1322.64;1314.12;1300.34;1321.90;1335.39;1306.30,HALAL,"Business activity permissible — debt ratio not verified, cross-check Musaffa/Zoya",
TMO,ELECTRONICS,ELECTRONIC-SCIENTIFIC INSTR,75,622.1799926757812,0.2071477977877043,512.66;520.07;507.09;517.81;508.96;494.73;463.90;472.24;469.74;477.64;490.28;472.89;491.04;490.97;489.01;499.96;513.72;531.14;526.07;524.04;466.23;467.57;465.79;468.74;466.29;473.98;452.15;445.58;437.90;447.36;448.92;447.73;486.73;493.55;473.48;472.33;493.58;475.18;473.72;461.69;464.01;492.20;513.03;501.36;523.44;516.62;524.71;528.51;535.29;532.48;523.46;572.32;559.53;576.46;574.30;564.75;580.02;599.69;603.01;588.29;589.04;627.55;628.74;633.71;622.18,HALAL,"Business activity permissible — debt ratio not verified, cross-check Musaffa/Zoya",
DHR,ELECTRONICS,ELECTRONIC-SCIENTIFIC INSTR,51,216.07000732421875,0.028730408583633738,208.64;209.76;203.15;201.15;197.97;194.24;186.53;194.39;189.31;189.20;186.37;181.14;189.21;190.72;190.61;192.59;195.46;197.73;194.35;194.14;178.20;180.25;178.43;174.79;174.27;175.30;166.18;165.65;161.57;166.69;172.97;172.45;180.26;179.50;177.71;183.92;188.02;180.42;180.73;177.39;177.82;188.48;196.19;190.48;197.93;194.19;195.98;200.16;200.79;203.83;179.01;192.50;196.50;196.49;194.98;194.78;199.98;209.37;205.79;202.45;199.58;215.91;215.11;215.36;216.07,HALAL,"Business activity permissible — debt ratio not verified, cross-check Musaffa/Zoya",
WAT,ELECTRONICS,ELECTRONIC-SCIENTIFIC INSTR,73,414.69000244140625,0.2651473670930977,319.44;319.38;312.14;315.59;305.67;297.54;286.57;296.99;299.57;301.81;302.32;289.16;297.80;304.24;307.38;317.65;324.68;326.20;327.77;335.23;311.20;299.79;292.13;307.12;342.75;350.49;348.07;334.93;329.22;333.26;340.99;338.64;366.67;378.16;379.77;365.36;371.15;359.74;357.76;357.00;358.25;369.18;374.41;375.04;379.29;374.93;377.13;373.22;374.92;368.98;367.55;382.41;371.20;379.48;377.31;396.08;399.70;411.77;416.15;412.17;401.25;404.69;410.75;414.17;414.69,HALAL,"Business activity permissible — debt ratio not verified, cross-check Musaffa/Zoya",
A,ELECTRONICS,ELECTRONIC-SCIENTIFIC INSTR,75,153.83999633789062,0.24386159929430207,124.20;120.87;118.54;117.61;116.15;114.94;111.04;112.28;111.28;111.55;112.51;109.78;113.76;115.26;113.66;115.17;117.27;119.54;121.64;121.86;114.20;115.40;111.09;114.30;117.30;118.42;111.25;112.52;111.49;110.36;114.57;114.86;135.12;135.72;137.14;135.18;135.22;129.30;130.34;124.09;126.25;131.38;135.75;132.83;130.69;131.14;133.59;134.04;134.71;131.46;132.86;139.74;137.89;140.30;138.37;139.20;141.34;148.72;148.24;148.53;148.44;156.30;153.43;155.08;153.84,HALAL,"Business activity permissible — debt ratio not verified, cross-check Musaffa/Zoya",
MTD,ELECTRONICS,ELECTRONIC-SCIENTIFIC INSTR,54,1398.5799560546875,0.0038327681216028253,1379.91;1366.69;1316.71;1261.21;1248.62;1228.93;1173.74;1206.72;1190.49;1239.07;1265.75;1232.04;1261.20;1259.94;1270.00;1335.00;1345.89;1315.85;1340.58;1324.27;1264.36;1274.70;1240.15;1267.07;1302.42;1319.29;1078.53;1025.53;1031.64;1050.77;1090.45;1101.33;1163.50;1183.57;1169.32;1154.33;1162.79;1141.25;1154.47;1129.53;1164.07;1203.18;1263.75;1277.51;1308.43;1295.59;1288.02;1299.53;1316.55;1310.02;1298.17;1331.87;1336.29;1388.33;1416.30;1437.00;1421.24;1427.53;1438.53;1419.02;1399.67;1393.23;1398.89;1398.46;1398.58,HALAL,"Business activity permissible — debt ratio not verified, cross-check Musaffa/Zoya",
BIO,ELECTRONICS,ELECTRONIC-SCIENTIFIC INSTR,82,387.70001220703125,0.4452936149376747,269.65;278.44;280.19;279.03;271.44;269.89;262.80;269.48;265.00;265.00;273.60;265.40;278.75;279.99;278.00;277.50;288.17;295.96;299.02;305.67;281.42;287.29;275.15;256.55;257.12;257.32;243.79;243.51;247.53;281.05;286.74;296.90;318.22;305.46;304.83;294.32;297.17;292.44;289.28;284.67;281.11;280.05;300.79;293.61;296.86;292.50;297.28;297.58;295.73;304.36;301.70;316.38;316.41;327.25;325.48;332.88;342.43;354.54;362.08;356.26;352.69;376.46;381.76;388.64;387.70,HALAL,"Business activity permissible — debt ratio not verified, cross-check Musaffa/Zoya",
RVTY,ELECTRONICS,ELECTRONIC-SCIENTIFIC INSTR,86,128.8000030517578,0.3280643660778195,97.43;98.17;95.81;96.43;91.98;89.50;85.45;87.25;85.64;87.04;87.72;83.78;87.49;88.81;87.67;90.33;92.51;92.77;93.90;94.21;87.10;86.75;82.21;86.63;92.24;98.79;98.89;94.95;93.91;95.81;95.32;96.77;101.16;100.46;101.01;98.31;104.06;101.46;100.49;97.76;98.98;105.56;112.95;111.19;113.69;111.98;112.88;111.04;111.28;110.15;110.52;113.17;108.07;113.37;112.52;111.39;114.24;116.02;117.88;116.84;113.75;124.13;123.00;126.35;128.80,HALAL,"Business activity permissible — debt ratio not verified, cross-check Musaffa/Zoya",
BRKR,ELECTRONICS,ELECTRONIC-SCIENTIFIC INSTR,86,57.08000183105469,0.44630156537570764,39.80;40.01;39.18;38.41;37.11;36.72;33.67;33.66;33.55;34.83;35.77;33.69;36.09;36.73;36.64;37.95;39.02;39.45;40.66;40.05;36.19;36.50;34.26;36.76;37.98;43.69;43.23;43.81;42.84;42.55;44.94;46.88;54.34;58.39;62.65;56.34;57.19;55.13;56.58;54.68;56.53;58.44;60.91;60.18;61.64;58.25;60.58;58.97;58.66;58.23;60.43;62.15;60.05;61.74;62.84;50.30;51.27;56.32;59.27;57.70;56.86;59.92;56.98;57.06;57.08,HALAL,"Business activity permissible — debt ratio not verified, cross-check Musaffa/Zoya",
BTU,ENERGY,ENERGY-COAL,59,28.920000076293945,-0.12294288743337511,32.75;31.34;34.66;33.07;33.07;34.31;34.42;35.18;37.22;35.17;37.45;39.25;32.75;33.35;31.76;27.54;28.30;27.86;25.49;26.87;27.19;26.90;27.27;26.37;24.84;23.92;24.52;23.90;23.62;23.67;24.34;25.82;29.01;28.97;30.02;28.01;27.05;26.28;25.95;25.58;24.05;23.22;23.44;23.05;22.23;22.60;23.36;23.53;23.48;22.37;23.00;23.75;23.02;20.76;21.25;22.29;23.45;24.57;24.66;25.48;25.18;26.86;27.90;27.32;28.92,HALAL,"Business activity permissible — debt ratio not verified, cross-check Musaffa/Zoya",
CEIX,ENERGY,ENERGY-COAL,,,,,HALAL,"Business activity permissible — debt ratio not verified, cross-check Musaffa/Zoya",
ARCH,ENERGY,ENERGY-COAL,,,,,HALAL,"Business activity permissible — debt ratio not verified, cross-check Musaffa/Zoya",
ARLP,ENERGY,ENERGY-COAL,50,26.18000030517578,0.015543538488390185,25.25;25.25;25.87;25.64;25.97;26.22;26.01;26.03;27.10;26.65;27.27;27.64;26.36;26.86;26.44;25.27;25.17;24.52;23.82;23.63;24.05;24.26;25.42;24.93;24.96;24.36;24.04;24.24;24.53;24.62;24.24;24.42;24.72;24.71;24.81;25.01;24.77;24.53;24.02;23.72;23.83;23.67;23.90;23.41;23.25;23.28;23.87;24.10;23.99;23.84;24.08;24.18;25.02;25.34;25.34;25.12;24.72;24.79;25.10;25.42;25.67;26.07;26.38;26.19;26.18,HALAL,"Business activity permissible — debt ratio not verified, cross-check Musaffa/Zoya",
HCC,ENERGY,ENERGY-COAL,82,107.06999969482422,0.23215062885966775,87.60;83.09;81.80;79.19;78.80;84.54;84.97;86.05;90.46;86.34;96.66;98.99;92.99;94.72;92.85;85.55;87.64;88.65;86.22;90.43;88.46;87.32;89.87;86.13;86.52;87.76;87.10;85.01;85.07;84.94;85.38;93.00;104.49;106.16;105.79;99.83;94.59;93.94;95.81;94.99;87.88;84.08;81.21;81.09;80.76;77.67;79.00;82.05;81.78;78.84;79.69;80.98;80.59;78.95;79.34;81.43;89.54;95.37;96.72;98.20;97.74;103.36;106.60;105.22;107.07,HALAL,"Business activity permissible — debt ratio not verified, cross-check Musaffa/Zoya",
NRP,ENERGY,ENERGY-COAL,43,112.72000122070312,-0.08366464281651864,121.52;119.21;119.41;117.83;118.63;117.63;116.40;116.59;121.05;119.79;123.22;122.73;119.28;120.75;120.27;117.79;116.65;115.08;112.54;114.08;113.37;115.31;115.34;117.09;116.20;111.65;108.55;105.61;105.38;101.76;102.00;103.86;104.74;106.21;105.23;104.75;102.98;104.60;101.45;99.58;99.77;99.30;100.28;96.30;98.39;97.05;99.58;99.08;97.24;95.70;96.14;96.65;97.59;98.26;97.35;96.24;104.19;104.34;102.25;103.81;102.86;104.45;107.23;109.84;112.72,HALAL,"Business activity permissible — debt ratio not verified, cross-check Musaffa/Zoya",
BE,ENERGY,ENERGY-OTHER/ALTERNATIVE,97,210.77000427246094,0.3150112670183385,174.77;155.67;153.02;159.99;151.32;159.21;154.51;160.05;166.69;141.33;150.22;133.24;135.49;135.63;135.91;160.13;176.67;213.84;207.86;220.91;237.57;234.68;287.97;290.52;295.25;258.64;283.92;289.76;275.95;261.34;307.88;302.40;290.01;273.51;287.32;263.61;259.61;248.88;274.50;284.99;345.85;326.19;252.02;302.70;270.89;269.57;257.02;233.49;239.38;214.96;226.26;217.30;188.18;163.75;205.81;228.11;228.96;210.63;237.16;229.94;209.01;202.48;204.02;218.21;210.77,HALAL,"Business activity permissible — debt ratio not verified, cross-check Musaffa/Zoya",
PLUG,ENERGY,ENERGY-OTHER/ALTERNATIVE,15,2.190000057220459,0.19021740081123206,1.91;1.79;2.23;2.29;2.18;2.23;2.15;2.33;2.40;2.31;2.27;2.18;2.26;2.41;2.52;2.74;2.77;2.93;2.78;3.08;3.18;3.08;3.41;3.11;3.32;3.13;3.52;3.96;3.78;3.31;3.78;3.84;4.12;3.94;3.69;3.22;2.91;2.83;2.80;2.65;2.79;2.61;2.54;2.71;2.64;2.48;2.38;2.17;2.21;2.17;2.27;2.19;2.06;1.90;2.06;2.16;2.07;2.11;2.29;2.32;2.16;2.20;2.17;2.17;2.19,HALAL,"Business activity permissible — debt ratio not verified, cross-check Musaffa/Zoya",
FCEL,ENERGY,ENERGY-OTHER/ALTERNATIVE,98,17.760000228881836,1.3094928604332372,8.60;8.14;7.93;8.08;7.38;7.11;6.63;7.03;6.75;6.71;7.10;6.53;6.53;6.60;6.27;6.55;6.83;7.53;7.25;9.49;12.17;10.68;13.64;13.31;13.55;12.28;15.94;19.92;21.36;17.36;26.38;24.40;24.39;21.31;21.81;17.33;17.49;17.69;17.50;20.04;24.39;21.56;24.00;36.01;28.11;25.96;23.00;19.08;20.25;18.50;21.64;23.30;21.49;18.08;21.61;22.50;20.32;19.83;21.67;22.37;21.70;18.36;18.75;19.07;17.76,HALAL,"Business activity permissible — debt ratio not verified, cross-check Musaffa/Zoya",
BLDP,ENERGY,ENERGY-OTHER/ALTERNATIVE,5,2.25,0.06635076391689432,2.18;2.14;2.07;2.10;1.99;2.15;2.39;2.68;2.48;2.51;2.54;2.39;2.42;2.48;2.40;2.64;2.70;3.07;2.96;3.10;3.38;3.25;3.32;3.39;4.33;4.70;4.17;4.14;4.45;4.18;5.43;5.94;6.19;6.30;6.06;4.92;4.74;4.21;4.16;4.16;4.32;3.69;3.62;3.89;3.52;3.27;3.23;2.95;2.99;2.70;2.96;2.98;2.87;2.50;2.67;2.74;2.55;2.55;2.62;2.70;2.47;2.37;2.29;2.29;2.25,HALAL,"Business activity permissible — debt ratio not verified, cross-check Musaffa/Zoya",
CWEN,ENERGY,ENERGY-OTHER/ALTERNATIVE,13,31.760000228881836,-0.18588636194071262,37.86;37.42;37.14;36.96;37.51;37.42;37.78;39.53;39.24;37.67;38.72;38.67;38.84;39.91;39.22;40.31;39.12;39.81;38.69;37.33;39.25;40.58;37.76;39.84;38.49;37.71;38.07;37.62;35.94;35.65;37.73;39.72;40.17;40.35;40.31;39.74;38.94;37.69;38.61;36.77;37.07;36.78;36.86;34.18;32.76;33.48;33.37;33.19;34.45;33.41;33.61;33.57;32.11;30.78;31.73;31.73;32.85;33.05;34.38;34.14;33.11;32.64;32.28;32.47;31.76,HALAL,"Business activity permissible — debt ratio not verified, cross-check Musaffa/Zoya",
AMRC,ENERGY,ENERGY-OTHER/ALTERNATIVE,4,21.989999771118164,-0.3312044082491665,32.86;30.46;27.90;27.14;26.24;25.82;24.71;26.12;26.83;27.72;28.77;26.75;25.50;24.59;24.01;26.00;24.82;25.62;25.87;26.75;27.76;27.91;27.29;31.36;30.77;29.69;30.58;28.98;33.03;28.93;30.22;35.51;36.56;34.60;33.33;28.46;26.93;27.88;28.14;27.29;28.94;27.68;26.82;27.60;25.40;25.49;25.65;23.75;24.68;23.11;23.12;23.57;21.09;18.51;21.07;27.94;25.55;25.28;27.61;27.90;25.49;22.19;20.97;22.16;21.99,HALAL,"Business activity permissible — debt ratio not verified, cross-check Musaffa/Zoya",
FSLR,ENERGY,ENERGY-SOLAR,9,204.4600067138672,-0.15564727702916692,210.12;197.20;197.53;191.80;195.38;200.25;196.07;200.42;199.65;189.92;193.51;190.29;197.26;195.32;192.31;197.25;200.35;195.20;190.44;186.61;196.19;197.48;190.61;211.71;219.38;214.57;233.27;234.60;233.37;221.71;248.88;269.95;303.38;303.00;318.25;279.01;262.19;271.17;273.51;254.80;263.11;248.36;239.07;235.96;224.57;227.72;228.50;221.03;223.82;211.99;206.05;205.92;205.83;199.24;211.03;243.63;244.14;239.33;226.77;225.56;220.01;214.06;208.31;205.93;204.46,HALAL,"Business activity permissible — debt ratio not verified, cross-check Musaffa/Zoya",
ENPH,ENERGY,ENERGY-SOLAR,10,37.25,-0.21413504639524805,48.49;42.27;43.20;41.15;40.86;43.34;44.07;44.70;44.64;40.76;42.53;37.84;37.81;34.92;32.04;31.26;31.37;32.18;32.48;33.62;36.16;35.24;31.19;33.85;36.02;35.47;37.65;42.00;52.89;46.76;62.34;66.90;69.50;63.74;69.02;56.07;53.51;54.93;52.40;47.78;52.41;47.82;47.58;49.24;43.07;42.99;44.89;43.06;44.05;41.57;39.94;38.89;38.01;35.07;37.54;41.77;39.67;40.92;40.77;40.48;37.58;38.36;37.18;38.42;37.25,HALAL,"Business activity permissible — debt ratio not verified, cross-check Musaffa/Zoya",
SEDG,ENERGY,ENERGY-SOLAR,4,31.40999984741211,-0.2023870239850295,42.45;35.40;37.81;35.24;34.59;36.09;37.44;42.88;45.66;46.73;51.28;51.76;51.05;48.75;43.85;41.84;43.21;37.83;38.30;40.57;47.36;47.38;41.58;42.91;44.64;38.61;41.79;42.77;61.76;54.53;63.00;70.75;73.19;75.80;74.02;63.17;57.80;58.44;60.19;54.68;57.55;49.74;51.75;58.44;52.38;52.94;54.76;52.13;54.58;53.47;50.27;45.14;43.09;39.04;41.20;48.76;32.67;32.21;32.02;32.42;29.82;30.90;30.09;33.08;31.41,HALAL,"Business activity permissible — debt ratio not verified, cross-check Musaffa/Zoya",
RUN,ENERGY,ENERGY-SOLAR,2,8.779999732971191,-0.5607803985242331,19.55;13.25;11.54;11.79;11.33;12.63;12.14;13.29;13.08;12.35;13.04;12.60;13.56;13.50;13.22;13.33;12.76;12.10;12.40;11.78;12.96;13.03;11.93;13.06;13.46;13.80;14.47;14.46;13.99;13.17;14.44;14.65;15.89;15.58;14.85;13.35;12.60;12.55;12.47;12.44;13.62;14.42;13.49;13.38;12.74;12.20;12.46;12.41;12.77;11.85;11.44;10.38;9.98;9.47;9.81;11.03;9.38;9.87;9.84;10.19;9.26;9.36;8.92;9.13;8.78,HALAL,"Business activity permissible — debt ratio not verified, cross-check Musaffa/Zoya",
NOVA,ENERGY,ENERGY-SOLAR,,,,,HALAL,"Business activity permissible — debt ratio not verified, cross-check Musaffa/Zoya",
SHLS,ENERGY,ENERGY-SOLAR,9,7.139999866485596,-0.2787878644842231,6.85;5.93;5.91;5.85;5.75;6.27;6.13;6.17;6.04;6.24;6.91;6.62;6.58;6.82;6.41;6.97;6.67;7.23;7.16;6.87;7.78;7.80;7.34;8.16;8.13;7.84;9.32;9.11;10.33;9.28;9.55;10.82;12.20;12.18;12.39;10.81;9.63;9.89;10.30;9.44;10.94;10.20;9.00;9.90;9.95;10.04;10.08;9.40;11.50;10.30;10.38;9.89;9.39;7.94;8.74;9.22;8.60;8.56;8.34;8.45;7.68;7.38;6.80;7.31;7.14,HALAL,"Business activity permissible — debt ratio not verified, cross-check Musaffa/Zoya",
ARRY,ENERGY,ENERGY-SOLAR,2,4.590000152587891,-0.5706267228475128,11.00;7.58;7.50;7.14;6.73;7.04;6.93;6.99;6.97;6.75;7.73;7.33;7.23;7.34;6.83;7.21;7.00;7.63;7.83;7.57;8.11;7.97;7.48;7.84;8.18;8.20;8.73;8.79;8.97;8.06;8.20;8.42;9.26;8.82;8.75;8.09;7.41;7.45;8.08;7.66;8.54;7.69;7.12;7.41;6.97;6.62;6.46;6.12;6.37;6.11;6.05;5.62;5.51;4.81;5.22;6.01;5.25;5.32;5.19;5.05;4.80;4.71;4.57;4.71;4.59,HALAL,"Business activity permissible — debt ratio not verified, cross-check Musaffa/Zoya",
CSIQ,ENERGY,ENERGY-SOLAR,4,13.140000343322754,-0.3652173981148762,20.27;17.71;16.66;16.64;16.75;17.69;18.41;18.39;13.53;13.11;14.31;13.45;13.85;13.36;12.11;12.31;12.72;13.64;13.20;12.38;14.67;13.92;14.72;16.73;16.80;17.68;19.85;20.05;17.88;15.86;18.10;18.93;20.26;18.30;19.53;17.16;16.12;15.76;16.88;16.00;16.02;14.98;15.39;16.02;14.46;14.35;14.99;14.73;15.84;14.95;15.37;14.69;13.79;13.72;15.08;16.39;15.47;15.60;15.72;15.14;14.74;14.73;14.32;13.87;13.14,HALAL,"Business activity permissible — debt ratio not verified, cross-check Musaffa/Zoya",
JKS,ENERGY,ENERGY-SOLAR,2,13.539999961853027,-0.440588212765716,25.08;23.34;21.85;21.96;22.15;23.88;23.60;22.99;21.90;22.06;24.44;23.34;23.45;22.94;22.00;21.14;21.96;22.35;19.71;18.89;21.19;20.55;19.87;22.25;22.71;21.53;23.82;24.03;22.70;20.48;20.70;21.31;20.98;20.16;20.46;18.51;16.85;17.13;18.43;17.73;17.97;17.27;16.28;16.80;15.84;15.72;15.66;15.25;15.99;16.49;16.41;15.75;15.25;14.58;15.14;15.98;16.18;16.92;16.42;16.75;16.41;15.87;16.16;13.66;13.54,HALAL,"Business activity permissible — debt ratio not verified, cross-check Musaffa/Zoya",
MAXN,ENERGY,ENERGY-SOLAR,,,,,HALAL,"Business activity permissible — debt ratio not verified, cross-check Musaffa/Zoya",
RIG,ENERGY,OIL&GAS-DRILLING,72,5.800000190734863,-0.09233171957407615,6.41;6.48;6.11;6.13;6.17;6.31;6.36;6.58;6.46;6.46;6.77;6.93;6.63;6.59;6.68;6.56;6.64;6.15;5.94;6.05;6.06;6.52;6.96;6.84;6.25;6.17;6.55;6.62;7.04;7.45;6.82;6.48;6.22;6.25;6.18;5.95;5.87;6.03;5.83;5.58;5.41;5.04;5.11;4.89;5.06;5.02;5.14;5.37;5.20;5.14;5.24;5.32;5.28;4.95;5.32;5.22;5.16;5.72;5.70;5.76;5.82;6.01;5.77;5.60;5.80,HALAL,"Business activity permissible — debt ratio not verified, cross-check Musaffa/Zoya",
VAL,ENERGY,OIL&GAS-DRILLING,74,86.29000091552734,-0.07711228967350436,94.18;95.85;90.63;90.59;90.81;93.38;93.74;97.28;95.68;95.41;100.26;102.24;98.04;98.04;99.70;98.09;99.07;91.67;88.56;90.27;90.33;97.35;103.98;102.23;92.81;91.78;97.32;98.95;105.43;111.05;101.48;96.33;92.64;93.48;92.06;88.54;87.49;89.78;86.67;83.05;79.92;75.52;76.36;72.60;75.35;74.59;76.33;79.57;76.94;76.54;78.08;79.15;78.47;74.18;79.19;78.14;77.21;85.55;85.21;85.62;86.37;89.00;85.81;83.60;86.29,HALAL,"Business activity permissible — debt ratio not verified, cross-check Musaffa/Zoya",
NE,ENERGY,OIL&GAS-DRILLING,77,45.7599983215332,0.033313986221686465,44.73;44.45;44.69;44.79;44.97;44.84;45.80;47.13;47.24;47.36;48.86;49.28;48.54;49.33;50.21;49.09;48.97;46.91;46.27;46.85;48.42;53.03;49.76;50.00;49.41;47.96;50.46;50.69;52.33;53.68;51.78;49.48;46.69;46.61;46.15;45.41;45.30;46.13;45.15;43.03;42.35;39.17;38.33;37.30;37.99;38.36;38.90;41.79;40.58;41.50;42.60;43.11;43.11;41.01;42.40;40.83;40.69;43.55;44.08;45.10;45.25;46.98;45.98;45.18;45.76,HALAL,"Business activity permissible — debt ratio not verified, cross-check Musaffa/Zoya",
HP,ENERGY,OIL&GAS-DRILLING,90,42.54999923706055,0.2257827393214067,33.85;34.80;33.56;33.72;33.96;34.33;35.23;35.19;35.52;36.69;35.93;35.72;35.60;34.40;35.45;34.80;35.32;34.10;33.24;35.21;37.13;38.20;40.56;39.95;41.04;36.46;38.17;37.79;39.03;40.72;39.39;40.02;37.86;39.01;38.23;37.25;37.70;38.97;36.79;35.58;35.25;32.58;33.61;32.56;31.13;31.65;32.57;33.78;33.20;33.95;34.40;34.87;33.44;33.27;34.38;34.30;36.86;41.64;42.73;43.95;44.19;44.10;42.49;41.40;42.55,HALAL,"Business activity permissible — debt ratio not verified, cross-check Musaffa/Zoya",
PTEN,ENERGY,OIL&GAS-DRILLING,94,12.430000305175781,0.5180636506345473,8.17;8.33;8.75;8.76;9.19;9.73;10.20;10.62;10.62;10.62;10.83;11.26;10.73;10.52;11.13;10.05;10.47;9.83;9.34;10.47;11.04;11.36;12.24;11.88;12.30;11.31;11.75;11.89;12.31;12.62;12.10;12.01;11.20;11.53;12.01;11.51;11.59;11.49;10.66;10.30;10.20;9.52;9.59;9.18;8.66;9.15;9.40;9.68;9.84;10.02;10.53;10.34;9.41;9.33;10.48;10.09;10.05;10.99;11.02;11.37;12.13;12.18;11.86;11.75;12.43,HALAL,"Business activity permissible — debt ratio not verified, cross-check Musaffa/Zoya",
NBR,ENERGY,OIL&GAS-DRILLING,92,91.70999908447266,0.18213453106367217,77.95;78.12;76.60;77.98;81.13;78.72;76.59;79.85;79.96;84.99;87.49;89.60;86.06;79.99;83.97;82.92;84.62;80.84;79.52;82.82;88.54;90.70;104.18;100.97;105.28;96.52;100.15;101.35;105.27;108.29;104.56;102.26;93.28;92.45;96.28;95.93;96.45;101.89;94.98;89.15;86.71;81.83;82.61;84.01;77.86;78.09;80.28;83.66;82.44;83.89;84.72;84.24;78.65;79.26;85.67;83.59;83.11;89.80;89.70;94.17;93.86;91.82;88.64;87.49;91.71,HALAL,"Business activity permissible — debt ratio not verified, cross-check Musaffa/Zoya",
DO,ENERGY,OIL&GAS-DRILLING,,,,,HALAL,"Business activity permissible — debt ratio not verified, cross-check Musaffa/Zoya",
SLB,ENERGY,OIL&GAS-FIELD SERVICES,81,57.33000183105469,0.12471868404903375,51.39;51.07;48.33;47.15;46.94;47.92;44.49;45.89;47.57;48.99;51.62;53.22;51.12;49.18;50.09;52.27;51.65;52.15;52.39;52.49;54.45;54.94;55.41;56.62;55.71;52.72;54.64;55.09;55.09;56.47;56.95;57.68;54.83;54.46;56.85;54.87;55.85;56.00;53.71;50.33;47.95;46.61;47.00;46.49;45.13;46.42;47.24;47.36;47.55;46.99;46.59;47.22;51.53;48.96;49.59;50.81;51.54;53.20;52.61;53.77;53.21;53.55;54.00;53.60;57.33,HALAL,"Business activity permissible — debt ratio not verified, cross-check Musaffa/Zoya",
HAL,ENERGY,OIL&GAS-FIELD SERVICES,67,36.18000030517578,0.036036926655838464,34.95;35.67;34.94;34.02;34.50;35.78;33.55;35.49;36.77;37.35;38.47;40.25;38.82;38.01;38.56;37.53;38.45;37.38;36.99;37.99;39.48;39.96;41.63;41.48;41.54;38.95;40.09;40.85;41.58;42.80;41.78;40.91;39.16;39.18;41.03;39.18;39.62;39.76;38.18;36.23;35.17;33.90;34.21;33.95;32.96;33.79;34.12;35.21;35.25;35.22;33.19;32.71;32.13;31.19;32.25;32.36;32.51;33.64;33.29;34.42;34.66;35.69;34.63;34.44;36.18,HALAL,"Business activity permissible — debt ratio not verified, cross-check Musaffa/Zoya",
BKR,ENERGY,OIL&GAS-FIELD SERVICES,59,62.40999984741211,-0.012893605670580066,64.36;64.80;62.10;59.77;59.68;58.56;53.88;56.60;60.29;62.09;62.18;62.78;60.62;59.96;60.82;62.98;62.12;59.65;59.36;59.83;64.04;67.90;68.33;68.64;67.53;63.30;64.36;65.17;63.88;65.23;65.56;66.49;64.47;62.74;64.03;62.36;63.32;63.25;62.23;59.85;58.93;56.17;56.35;55.30;52.59;54.27;56.99;57.45;57.04;55.74;56.17;55.88;60.37;58.50;60.27;61.50;62.52;64.07;64.28;64.82;64.44;62.78;61.99;62.00;62.41,HALAL,"Business activity permissible — debt ratio not verified, cross-check Musaffa/Zoya",
WFRD,ENERGY,OIL&GAS-FIELD SERVICES,,,,,HALAL,"Business activity permissible — debt ratio not verified, cross-check Musaffa/Zoya",
LBRT,ENERGY,OIL&GAS-FIELD SERVICES,27,19.020000457763672,-0.2816380967968647,28.20;27.92;27.66;27.75;27.68;29.84;30.13;31.05;31.64;29.03;28.72;28.96;28.72;28.02;28.36;27.12;27.80;27.70;26.22;28.25;32.23;32.75;33.72;32.59;33.60;31.59;33.29;33.38;32.85;33.01;32.78;31.86;28.98;29.28;30.97;28.45;28.13;28.03;28.07;27.17;27.85;26.21;26.86;26.19;23.79;23.66;24.20;25.23;25.13;23.84;24.88;19.62;16.86;17.09;18.71;19.81;20.04;21.13;21.59;22.01;21.29;19.24;18.48;18.51;19.02,HALAL,"Business activity permissible — debt ratio not verified, cross-check Musaffa/Zoya",
NEX,ENERGY,OIL&GAS-FIELD SERVICES,,,,,HALAL,"Business activity permissible — debt ratio not verified, cross-check Musaffa/Zoya",
PUMP,ENERGY,OIL&GAS-FIELD SERVICES,61,10.979999542236328,0.007339442798699913,11.65;12.13;12.32;12.60;12.22;13.09;14.35;14.65;14.70;14.51;14.55;14.69;14.41;13.94;14.24;13.65;13.92;14.49;13.96;15.08;16.83;17.21;18.20;16.62;16.61;15.55;16.65;16.55;17.45;17.89;17.44;16.87;15.16;15.34;16.34;14.74;14.67;14.78;15.19;14.86;15.04;13.98;14.80;14.34;12.09;12.30;12.80;13.18;13.43;13.00;13.22;12.30;10.79;10.21;11.10;11.39;10.95;11.61;11.59;12.10;12.38;11.33;10.82;10.63;10.98,HALAL,"Business activity permissible — debt ratio not verified, cross-check Musaffa/Zoya",
XOM,ENERGY,OIL&GAS-INTEGRATED,69,156.7100067138672,0.05329850011209736,147.10;150.50;149.84;148.78;148.46;149.59;154.07;156.72;156.08;159.01;161.12;168.74;167.43;158.58;161.76;153.00;150.64;147.05;144.52;146.41;148.55;146.24;152.64;150.74;152.85;144.66;147.71;149.58;156.90;161.50;154.29;148.85;146.01;148.42;151.55;148.96;147.95;145.66;140.01;139.83;137.58;136.02;135.66;135.84;136.21;140.78;136.58;143.58;143.58;146.41;150.73;155.88;153.77;155.74;154.44;152.97;153.84;158.76;158.72;159.07;165.56;166.15;164.05;158.19;156.71,HALAL,"Integrated oil — debt ratio not verified, cross-check Musaffa/Zoya",
CVX,ENERGY,OIL&GAS-INTEGRATED,68,201.86000061035156,0.11127933110362265,180.97;183.46;185.44;186.55;186.10;188.41;193.35;194.48;197.88;201.59;201.53;207.42;203.25;195.46;197.98;187.00;188.40;181.65;180.74;182.70;184.29;181.52;188.83;187.27;189.24;179.28;181.48;182.72;187.73;195.54;189.36;183.11;181.45;184.22;188.07;185.69;185.14;184.21;178.84;176.04;173.55;169.97;169.58;164.33;167.74;172.50;172.54;180.62;180.03;185.76;189.42;192.74;188.36;190.20;195.13;188.75;187.59;193.22;194.90;198.27;203.96;205.77;203.09;200.21;201.86,HALAL,"Integrated oil — debt ratio not verified, cross-check Musaffa/Zoya",
BP,ENERGY,OIL&GAS-INTEGRATED,55,42.150001525878906,0.12356514837752508,37.20;37.95;37.95;38.38;39.70;40.59;41.68;42.83;44.79;42.55;44.35;45.59;45.90;46.02;46.14;44.83;45.36;45.04;43.55;44.84;45.27;44.90;45.71;45.33;45.42;42.79;43.19;43.11;43.81;45.58;44.33;42.13;41.09;42.42;43.15;42.45;42.15;42.16;41.09;39.65;39.30;37.40;36.68;36.50;36.95;38.14;38.08;40.33;40.83;41.39;42.24;43.40;41.80;42.79;44.67;41.92;41.72;42.36;42.41;42.53;43.41;45.14;43.74;42.50;42.15,HALAL,"Business activity permissible — debt ratio not verified, cross-check Musaffa/Zoya",
SHEL,ENERGY,OIL&GAS-INTEGRATED,63,90.91000366210938,0.15716296210262248,80.83;82.04;80.88;81.48;84.08;85.86;87.86;90.35;89.59;89.11;90.26;90.55;91.36;91.46;92.49;89.49;90.97;88.26;86.26;87.10;87.70;85.38;87.35;87.41;88.13;82.76;83.86;83.44;83.86;86.90;85.40;84.29;83.10;84.67;86.02;84.66;84.69;85.10;81.89;79.68;78.97;77.02;75.87;76.87;77.34;81.28;80.69;83.25;83.90;86.56;86.44;87.19;85.62;87.57;91.18;89.06;88.82;89.17;89.29;90.47;92.01;93.65;93.00;91.11;90.91,HALAL,"Business activity permissible — debt ratio not verified, cross-check Musaffa/Zoya",
TTE,ENERGY,OIL&GAS-INTEGRATED,64,86.3499984741211,0.12139988478917951,78.64;79.49;77.51;76.21;79.44;80.44;81.87;85.12;89.10;88.19;88.31;88.91;90.98;92.39;91.37;89.93;93.44;87.06;87.07;88.37;90.47;88.74;92.24;92.78;93.60;88.73;90.69;91.37;92.28;92.90;92.35;90.04;87.17;88.71;89.58;88.71;88.48;87.72;84.07;82.12;80.67;78.69;76.77;77.76;76.69;77.96;78.23;81.21;80.34;81.39;83.53;86.23;84.16;86.75;87.86;85.19;86.27;87.96;87.70;88.33;89.29;90.90;89.35;87.13;86.35,HALAL,"Business activity permissible — debt ratio not verified, cross-check Musaffa/Zoya",
EQNR,ENERGY,OIL&GAS-INTEGRATED,89,41.38999938964844,0.45434420076339355,28.59;29.24;30.64;31.14;31.79;32.87;34.56;36.21;39.71;38.60;39.65;40.71;41.37;40.93;41.24;37.79;38.43;36.10;34.77;36.91;37.85;37.30;39.28;38.93;40.55;36.18;37.47;37.53;39.10;40.40;38.30;37.38;36.20;36.96;37.58;36.58;36.24;36.40;33.93;33.44;32.55;31.30;30.73;31.10;31.73;33.58;33.68;35.71;35.52;37.01;37.23;40.60;38.11;40.56;40.70;38.79;39.08;40.60;40.60;40.77;41.84;42.86;42.37;41.31;41.39,HALAL,"Business activity permissible — debt ratio not verified, cross-check Musaffa/Zoya",
E,ENERGY,OIL&GAS-INTEGRATED,73,52.810001373291016,0.22458624136436423,43.45;45.88;45.20;45.60;47.24;48.25;50.20;52.49;53.50;52.21;53.26;54.60;55.98;56.46;56.91;55.06;55.38;53.61;51.67;52.50;54.04;53.17;54.82;55.53;55.87;52.00;54.84;54.90;54.87;55.75;55.14;53.57;52.31;53.60;54.34;53.80;53.56;54.06;51.27;49.74;49.40;47.22;46.08;46.86;46.87;47.47;47.91;49.44;48.96;49.77;50.19;51.99;50.63;53.81;55.56;53.48;54.27;54.87;55.12;55.28;55.93;57.35;55.22;53.57;52.81,HALAL,"Business activity permissible — debt ratio not verified, cross-check Musaffa/Zoya",
PBR,ENERGY,OIL&GAS-INTEGRATED,76,18.530000686645508,0.19783286612166306,16.02;15.94;16.26;16.04;17.41;18.20;17.80;18.70;18.96;18.47;19.00;19.91;19.89;19.71;19.85;19.83;21.06;19.69;19.60;20.27;20.39;20.21;21.07;21.11;20.99;19.64;20.00;18.89;19.21;19.68;19.31;18.70;18.15;18.18;17.67;17.24;17.31;17.72;16.85;16.31;16.53;15.98;15.83;15.70;15.65;16.19;16.54;17.37;17.35;17.46;18.01;18.46;17.49;18.06;18.85;18.19;17.99;17.81;17.25;17.37;17.66;18.47;18.07;17.76;18.53,HALAL,"Business activity permissible — debt ratio not verified, cross-check Musaffa/Zoya",
EC,ENERGY,OIL&GAS-INTL E&P,88,16.5,0.3669678264288234,11.98;11.33;11.14;12.01;12.23;12.92;13.20;14.03;13.95;13.63;14.19;14.30;14.28;14.42;14.01;13.25;13.45;12.55;12.91;13.48;13.75;13.07;13.78;13.92;14.20;13.00;12.79;12.87;13.09;14.01;13.86;14.86;14.77;16.25;15.58;15.15;15.88;16.26;15.69;15.67;16.25;14.59;14.72;14.24;14.70;14.69;15.39;15.88;15.98;16.09;16.53;16.33;15.80;16.40;16.77;16.31;17.40;17.05;16.96;17.17;17.68;17.65;17.33;16.52;16.50,HALAL,"Business activity permissible — debt ratio not verified, cross-check Musaffa/Zoya",
VIST,ENERGY,OIL&GAS-INTL E&P,74,70.13999938964844,0.23812881730650992,56.81;57.74;59.57;60.86;60.25;59.67;64.74;69.11;72.96;67.85;71.33;74.21;75.47;71.62;70.13;65.08;66.92;64.18;64.98;67.88;70.30;71.96;74.37;71.64;72.11;65.80;66.83;68.40;72.29;79.25;75.54;74.31;73.12;76.02;76.56;74.42;71.50;73.02;68.59;68.52;68.16;64.42;64.64;63.80;60.36;62.03;63.75;65.47;65.53;64.02;65.05;69.06;66.61;66.01;70.45;66.12;66.31;68.36;66.01;68.31;69.74;70.50;70.66;68.66;70.14,HALAL,"Business activity permissible — debt ratio not verified, cross-check Musaffa/Zoya",
TLW,ENERGY,OIL&GAS-INTL E&P,,,,,HALAL,"Business activity permissible — debt ratio not verified, cross-check Musaffa/Zoya",
CNQ,ENERGY,OIL&GAS-INTL E&P,80,48.9900016784668,0.18005220649056342,41.74;42.92;43.27;44.44;45.34;46.34;47.50;48.03;49.57;47.87;48.66;49.56;48.21;47.03;48.64;45.22;46.35;45.29;42.55;43.81;44.95;44.54;46.71;46.46;47.34;44.27;44.71;46.70;47.47;48.90;48.18;46.33;45.33;45.47;47.19;45.22;44.34;44.96;43.54;41.97;41.35;39.38;39.49;39.50;39.64;40.69;41.88;43.05;42.73;43.89;44.90;47.01;44.79;46.45;47.68;46.18;45.45;47.25;47.57;47.97;49.59;51.03;50.68;49.64;48.99,HALAL,"Business activity permissible — debt ratio not verified, cross-check Musaffa/Zoya",
SU,ENERGY,OIL&GAS-INTL E&P,78,65.43000030517578,0.17956420290085306,54.96;55.72;56.33;57.23;57.02;57.89;59.20;60.92;62.90;62.77;64.27;66.22;65.67;65.47;66.35;62.97;64.41;62.55;60.76;62.14;64.13;64.05;66.63;67.10;69.19;63.32;64.69;65.63;67.84;69.19;67.28;65.13;62.89;63.34;65.11;62.22;61.20;61.80;59.65;56.28;56.23;54.46;53.90;53.68;55.05;56.66;58.49;61.27;60.64;62.43;63.70;66.41;64.00;65.80;67.28;64.45;61.35;62.73;63.88;65.82;67.68;67.94;67.37;65.67;65.43,HALAL,"Business activity permissible — debt ratio not verified, cross-check Musaffa/Zoya",
CVE,ENERGY,OIL&GAS-INTL E&P,91,31.579999923706055,0.4170912501691444,21.69;22.05;22.11;23.03;22.55;23.42;23.07;23.42;24.75;24.65;25.79;26.67;26.38;26.41;27.04;25.52;26.16;25.31;24.37;25.46;26.30;26.63;28.59;29.11;30.28;28.30;28.97;29.51;30.65;31.62;30.13;28.76;27.88;28.08;29.32;28.06;27.50;28.32;27.11;25.60;25.67;24.69;24.81;24.81;24.65;25.21;25.98;27.61;27.36;27.95;28.79;29.72;28.04;29.07;30.19;28.73;28.25;29.56;30.17;31.01;32.52;32.48;32.17;31.48;31.58,HALAL,"Business activity permissible — debt ratio not verified, cross-check Musaffa/Zoya",
MEG,ENERGY,OIL&GAS-INTL E&P,,,,,HALAL,"Business activity permissible — debt ratio not verified, cross-check Musaffa/Zoya",
NOV,ENERGY,OIL&GAS-MACHINERY/EQUIP,76,20.989999771118164,0.04919150758572699,19.89;19.99;19.18;18.69;18.70;18.86;18.27;18.50;18.43;19.11;19.45;19.71;18.65;18.62;19.39;19.42;19.46;18.85;18.93;19.42;20.04;20.64;20.58;19.69;19.94;19.13;19.60;20.31;20.19;20.78;20.68;20.94;20.08;19.91;20.73;20.05;20.73;21.03;20.52;19.30;18.68;18.35;18.66;18.55;18.02;18.28;18.43;19.13;19.39;19.52;20.19;20.13;20.47;19.06;19.43;19.99;19.90;20.70;20.91;21.14;20.99;20.27;19.76;20.23;20.99,HALAL,"Business activity permissible — debt ratio not verified, cross-check Musaffa/Zoya",
FTI,ENERGY,OIL&GAS-MACHINERY/EQUIP,90,75.83999633789062,0.18286155516099734,65.99;66.17;65.99;64.31;63.32;64.25;62.90;65.25;66.13;67.91;70.68;71.10;69.04;70.93;73.11;73.41;74.93;71.95;70.35;72.28;72.35;75.02;76.89;75.69;74.93;70.94;71.06;72.59;71.19;73.83;71.37;71.37;67.66;68.39;67.90;66.78;68.35;70.56;68.47;66.97;67.35;64.25;64.40;66.26;66.71;68.07;70.49;72.99;72.22;72.02;74.57;75.97;74.99;71.69;71.62;69.98;69.58;74.08;75.22;78.56;78.29;77.62;75.85;75.70;75.84,HALAL,"Business activity permissible — debt ratio not verified, cross-check Musaffa/Zoya",
CHX,ENERGY,OIL&GAS-MACHINERY/EQUIP,,,,,HALAL,"Business activity permissible — debt ratio not verified, cross-check Musaffa/Zoya",
OII,ENERGY,OIL&GAS-MACHINERY/EQUIP,94,50.59000015258789,0.35921543507225584,37.92;35.50;35.17;34.44;34.99;35.34;33.28;34.55;35.07;36.29;36.13;36.33;35.47;35.56;37.49;36.45;37.43;35.77;37.45;37.82;38.01;37.99;36.00;37.07;37.66;36.58;37.93;38.87;37.84;38.01;38.48;39.05;38.29;37.44;37.99;37.15;39.01;39.80;37.89;35.50;36.19;36.29;40.03;40.52;38.50;39.88;40.68;43.22;42.66;42.28;44.65;48.02;52.17;46.58;48.78;50.43;49.25;51.12;51.02;52.20;53.10;52.49;50.46;49.62;50.59,HALAL,"Business activity permissible — debt ratio not verified, cross-check Musaffa/Zoya",
DRQ,ENERGY,OIL&GAS-MACHINERY/EQUIP,,,,,HALAL,"Business activity permissible — debt ratio not verified, cross-check Musaffa/Zoya",
WHD,ENERGY,OIL&GAS-MACHINERY/EQUIP,87,69.6500015258789,0.23609201590249884,57.71;53.73;50.09;50.55;51.58;48.44;46.25;46.37;44.83;47.61;48.58;48.27;47.26;47.67;52.06;53.82;53.04;53.14;52.55;53.20;55.24;56.80;55.64;54.66;54.54;55.99;56.39;55.93;56.82;60.65;61.95;62.59;58.14;58.01;58.80;56.62;58.00;58.57;58.07;56.74;54.22;50.98;52.01;51.23;50.42;51.96;53.97;53.47;52.99;54.50;55.19;55.39;53.89;52.32;65.01;67.21;68.54;71.07;72.40;73.28;73.13;68.85;68.05;66.44;69.65,HALAL,"Business activity permissible — debt ratio not verified, cross-check Musaffa/Zoya",
MPC,ENERGY,OIL&GAS-REFINING/MARKETING,96,368.8299865722656,0.9253778386939289,194.49;196.92;210.60;215.94;214.29;225.26;224.70;231.74;234.24;231.01;239.68;250.27;242.59;240.15;243.82;222.06;223.82;221.58;212.30;218.91;219.66;225.73;240.23;244.54;258.81;240.68;250.83;247.47;253.37;261.30;247.75;247.37;250.64;257.95;266.48;261.29;257.45;260.10;250.17;243.94;246.61;245.84;253.37;254.97;265.62;265.60;282.53;296.07;298.36;311.75;318.89;311.42;311.50;307.88;315.61;311.76;298.43;319.45;347.30;354.45;365.21;358.23;362.52;362.27;368.83,HALAL,"Business activity permissible — debt ratio not verified, cross-check Musaffa/Zoya",
VLO,ENERGY,OIL&GAS-REFINING/MARKETING,97,352.3599853515625,0.8005081317056797,197.93;202.89;215.85;226.08;214.10;229.07;228.62;233.94;240.00;235.36;232.53;252.14;244.96;242.00;249.34;233.09;240.01;232.99;221.74;231.39;231.83;236.21;249.15;244.76;251.28;234.33;246.01;242.01;248.59;260.37;240.16;240.52;243.91;251.55;260.44;254.84;252.80;254.62;246.21;238.85;242.84;241.50;258.37;259.44;266.73;265.20;280.17;294.65;291.53;308.46;313.59;304.08;303.76;300.16;312.90;308.73;302.99;314.95;330.21;341.67;350.05;341.51;346.00;348.03;352.36,HALAL,"Business activity permissible — debt ratio not verified, cross-check Musaffa/Zoya",
PSX,ENERGY,OIL&GAS-REFINING/MARKETING,94,244.00999450683594,0.595647357944536,150.02;152.41;157.79;164.37;160.97;167.39;170.59;170.56;176.12;174.56;179.03;185.94;179.91;174.02;172.53;159.06;158.40;159.43;154.42;157.40;157.54;162.06;171.33;174.00;178.02;166.21;173.18;169.68;174.01;181.42;173.13;172.96;175.78;179.29;183.70;182.11;178.05;177.16;172.35;166.29;167.52;167.75;170.74;168.16;175.49;177.90;188.82;197.24;195.12;205.77;211.15;205.89;206.72;205.72;210.56;204.80;204.43;214.38;224.39;232.38;243.49;240.00;241.96;242.23;244.01,HALAL,"Business activity permissible — debt ratio not verified, cross-check Musaffa/Zoya",
DK,ENERGY,OIL&GAS-REFINING/MARKETING,98,72.25,1.2079042673969806,33.00;37.51;40.55;44.38;39.76;41.49;41.34;41.95;44.19;42.00;43.98;46.99;44.65;44.61;44.24;40.73;40.71;40.54;36.89;38.67;39.45;40.08;46.24;46.55;48.86;44.53;46.64;43.72;44.64;45.37;41.94;42.59;44.22;45.79;47.00;48.10;46.38;46.89;44.56;42.18;42.72;44.24;47.64;50.62;52.41;52.12;55.88;57.79;59.40;63.01;66.94;64.54;64.20;64.68;67.62;66.20;58.69;60.81;67.22;65.47;68.22;64.04;68.08;70.84;72.25,HALAL,"Business activity permissible — debt ratio not verified, cross-check Musaffa/Zoya",
PBF,ENERGY,OIL&GAS-REFINING/MARKETING,98,71.27999877929688,1.1153111146858818,34.63;35.23;39.35;45.19;37.72;41.55;43.05;44.09;46.34;46.11;48.84;50.70;47.13;44.92;45.70;40.13;40.21;40.11;36.77;40.27;40.54;40.35;42.68;42.55;45.71;40.17;42.08;40.50;42.14;42.60;38.93;38.12;39.67;41.68;42.39;42.34;40.21;40.98;39.51;37.63;39.14;40.19;42.95;45.35;47.63;48.28;53.11;57.23;58.54;62.52;65.81;61.72;62.53;63.12;72.01;65.65;61.01;66.04;70.08;71.85;75.20;69.56;69.51;69.73;71.28,HALAL,"Business activity permissible — debt ratio not verified, cross-check Musaffa/Zoya",
CVI,ENERGY,OIL&GAS-REFINING/MARKETING,89,41.7599983215332,0.9942922798672018,22.97;24.01;24.87;26.91;25.07;28.19;28.39;29.64;31.93;32.25;32.49;34.61;33.44;31.45;32.83;30.34;31.13;31.44;29.26;31.03;31.03;32.19;33.92;33.07;35.02;32.38;34.77;33.73;33.78;34.23;31.74;31.57;33.51;34.81;35.40;33.04;31.28;30.29;28.79;27.59;27.81;26.71;27.01;27.45;28.39;28.56;31.18;33.35;32.45;35.02;35.29;33.83;33.96;34.51;35.51;33.22;31.27;32.42;35.04;35.26;36.66;35.83;38.03;40.03;41.76,HALAL,"Business activity permissible — debt ratio not verified, cross-check Musaffa/Zoya",
HFC,ENERGY,OIL&GAS-REFINING/MARKETING,,,,,HALAL,"Business activity permissible — debt ratio not verified, cross-check Musaffa/Zoya",
PARR,ENERGY,OIL&GAS-REFINING/MARKETING,96,78.8499984741211,0.9368705538535753,38.53;42.67;45.76;49.97;46.98;50.92;53.82;52.94;58.02;57.20;61.46;65.67;62.64;64.89;64.61;59.46;65.81;62.20;57.33;61.56;63.79;64.35;66.46;65.35;69.20;62.25;64.50;60.52;58.30;61.63;57.80;56.40;56.48;57.10;57.19;55.66;54.64;55.38;53.48;50.85;51.05;51.26;54.63;56.08;58.49;61.46;65.54;70.92;73.21;76.25;80.40;77.61;78.64;83.07;86.03;83.00;68.94;71.67;77.78;80.32;80.51;72.45;74.33;75.77;78.85,HALAL,"Business activity permissible — debt ratio not verified, cross-check Musaffa/Zoya",
ENB,ENERGY,OIL&GAS-TRANSPORT/PIPELINE,29,50.20000076293945,-0.015497375994620644,51.05;51.76;52.92;52.48;52.54;52.25;52.68;52.65;52.67;52.75;53.06;53.16;52.73;52.74;52.97;53.08;52.08;51.24;51.30;50.50;51.14;51.09;52.03;53.41;53.48;52.59;53.05;53.76;54.56;56.02;57.01;56.24;54.81;54.18;55.05;55.55;54.79;55.69;55.18;53.73;54.06;54.54;55.48;53.47;53.35;54.30;53.85;54.32;55.39;55.94;54.71;55.63;54.60;54.39;53.72;52.69;51.00;50.69;50.74;50.91;51.39;50.99;50.08;50.37;50.20,HALAL,"Business activity permissible — debt ratio not verified, cross-check Musaffa/Zoya",
TRP,ENERGY,OIL&GAS-TRANSPORT/PIPELINE,38,61.86000061035156,-0.001053388436431546,62.04;63.15;63.56;62.60;62.15;61.94;62.49;62.74;62.98;62.72;62.84;62.26;62.04;62.79;62.87;63.60;61.92;60.33;60.07;59.52;60.32;61.35;63.38;65.97;65.65;64.51;64.92;66.45;67.62;68.76;69.92;68.90;67.02;65.53;67.19;68.06;67.55;68.68;68.45;67.31;67.81;68.73;69.02;66.29;66.47;68.80;67.96;67.94;69.08;69.76;68.67;69.98;68.34;67.28;67.43;65.37;63.90;63.33;63.61;64.02;64.02;63.03;62.06;62.86;61.86,HALAL,"Business activity permissible — debt ratio not verified, cross-check Musaffa/Zoya",
KMI,ENERGY,OIL&GAS-TRANSPORT/PIPELINE,46,31.559999465942383,-0.016834784563813265,32.17;32.66;33.34;32.78;32.69;32.47;32.78;32.66;32.83;33.09;33.36;33.41;32.92;32.37;32.69;32.37;31.48;31.12;31.43;30.99;31.15;30.38;31.26;31.93;31.99;31.23;31.95;32.51;33.32;33.99;33.19;32.57;31.61;30.56;31.08;31.39;31.05;31.07;31.17;31.04;31.95;32.29;32.88;31.67;31.76;32.19;32.10;31.94;31.90;32.00;32.08;32.47;31.46;31.56;31.88;31.38;31.28;31.39;31.73;32.82;32.87;31.61;31.00;32.02;31.56,HALAL,"Business activity permissible — debt ratio not verified, cross-check Musaffa/Zoya",
WMB,ENERGY,OIL&GAS-TRANSPORT/PIPELINE,53,73.7300033569336,0.025057097653003346,72.90;73.64;74.79;73.69;72.12;73.33;72.80;73.15;73.52;73.06;73.27;73.04;72.25;71.47;73.50;72.29;71.02;70.24;70.63;69.91;71.12;71.09;72.78;74.99;75.56;72.42;73.64;75.16;77.15;78.82;76.95;75.78;72.59;69.53;71.13;71.43;71.07;71.10;71.49;71.25;74.95;75.87;77.92;74.34;73.14;75.08;75.45;74.46;74.38;73.38;73.36;75.25;70.79;70.13;71.54;71.51;71.76;71.85;73.70;75.20;75.13;71.68;70.97;74.41;73.73,HALAL,"Business activity permissible — debt ratio not verified, cross-check Musaffa/Zoya",
OKE,ENERGY,OIL&GAS-TRANSPORT/PIPELINE,69,94.76000213623047,0.11117529645412705,80.35;80.83;82.79;83.59;83.94;83.75;83.36;84.53;86.31;87.81;89.96;91.75;88.27;86.23;88.50;84.16;83.33;82.12;81.55;82.70;85.16;85.69;87.22;88.24;88.96;84.86;86.76;87.74;91.23;94.12;91.53;89.37;85.99;83.95;85.73;87.21;86.76;88.15;86.42;84.57;85.27;86.28;88.17;85.92;86.80;89.60;88.45;91.10;89.96;92.42;90.75;92.13;88.41;88.94;89.74;87.65;87.93;90.34;92.47;94.99;97.07;94.60;93.02;94.90;94.76,HALAL,"Business activity permissible — debt ratio not verified, cross-check Musaffa/Zoya",
ET,ENERGY,OIL&GAS-TRANSPORT/PIPELINE,69,21.309999465942383,0.17111419702423225,17.97;18.22;18.24;18.05;17.97;18.13;18.13;18.17;18.33;18.43;18.51;19.02;18.66;18.30;18.49;18.46;18.23;18.09;18.24;18.33;18.52;18.42;19.11;19.28;19.71;19.26;19.29;19.77;19.82;20.05;19.68;19.28;19.10;18.95;19.23;19.07;18.75;18.45;18.60;18.44;18.58;18.63;18.85;18.81;19.01;19.48;19.46;19.85;19.58;19.99;19.92;20.08;19.58;19.87;20.03;20.00;20.33;20.59;20.95;21.05;21.42;21.21;21.08;21.43;21.31,HALAL,"Business activity permissible — debt ratio not verified, cross-check Musaffa/Zoya",
EPD,ENERGY,OIL&GAS-TRANSPORT/PIPELINE,60,39.02000045776367,0.10482275985699863,34.89;35.10;36.31;36.22;36.03;36.13;35.93;36.46;36.38;37.02;37.88;38.15;36.76;36.49;37.31;36.44;36.35;36.04;35.62;36.14;36.76;37.12;37.68;37.47;37.93;37.18;37.34;37.73;38.65;39.22;38.89;37.84;36.95;36.66;37.43;37.25;36.80;36.73;35.96;35.98;35.88;35.56;36.03;36.22;36.21;37.09;36.74;37.75;36.97;37.64;37.99;38.23;37.56;38.10;38.05;38.12;38.05;37.99;37.92;38.90;38.64;38.43;38.36;39.14;39.02,HALAL,"Business activity permissible — debt ratio not verified, cross-check Musaffa/Zoya",
MPLX,ENERGY,OIL&GAS-TRANSPORT/PIPELINE,56,59.25,0.045960340056279136,56.39;56.78;56.85;56.51;56.06;56.65;56.38;56.20;56.15;56.50;56.73;56.00;54.98;53.85;53.22;54.30;54.02;52.76;53.83;53.44;53.57;52.61;53.49;54.54;53.62;54.21;53.07;53.83;53.79;54.60;54.63;55.46;54.50;54.01;54.27;55.47;55.49;55.48;54.68;54.91;55.89;55.23;55.51;55.33;56.14;56.48;56.17;56.19;55.40;56.04;55.48;56.48;57.32;56.76;57.41;59.43;59.34;58.70;59.94;59.48;59.36;58.60;58.46;59.32;59.25,HALAL,"Business activity permissible — debt ratio not verified, cross-check Musaffa/Zoya",
PAA,ENERGY,OIL&GAS-TRANSPORT/PIPELINE,84,25.479999542236328,0.26780793687143367,19.74;20.18;20.65;21.24;20.91;20.80;20.58;20.84;21.01;21.02;21.38;21.66;21.56;21.37;21.48;21.13;20.99;20.81;20.29;20.33;20.73;21.12;21.85;21.98;22.20;21.72;21.62;21.52;22.51;23.22;23.28;23.16;22.42;22.54;22.52;22.22;22.09;22.10;21.57;21.22;21.12;21.11;21.48;21.89;22.13;22.30;22.45;23.14;22.96;23.47;23.88;24.27;23.88;24.47;24.57;23.55;23.52;23.26;23.24;23.90;24.19;24.59;24.96;25.63;25.48,HALAL,"Business activity permissible — debt ratio not verified, cross-check Musaffa/Zoya",
TRGP,ENERGY,OIL&GAS-TRANSPORT/PIPELINE,87,287.82000732421875,0.2533718481099192,227.92;233.53;241.69;236.71;232.48;234.24;237.74;238.52;237.22;237.61;243.10;247.82;248.31;242.04;248.56;242.39;238.19;236.45;233.23;230.41;237.60;238.97;247.73;253.10;258.51;251.26;252.00;262.06;270.72;274.91;268.98;268.63;260.91;257.87;261.47;262.86;262.94;268.12;261.11;259.53;263.28;265.08;271.34;266.89;257.67;272.53;271.75;278.10;276.86;281.59;278.91;284.25;266.39;263.44;270.37;262.98;268.23;266.21;268.67;275.79;297.77;302.25;294.26;294.03;287.82,HALAL,"Business activity permissible — debt ratio not verified, cross-check Musaffa/Zoya",
COP,ENERGY,OIL&GAS-US E&P,78,130.35000610351562,0.20308159266226844,108.47;111.88;116.87;115.19;115.40;115.40;120.19;121.16;124.26;125.42;127.13;131.93;130.16;128.70;129.93;121.75;121.90;117.26;114.42;118.58;122.63;119.98;126.46;121.47;121.60;113.28;114.78;116.62;121.60;124.28;119.75;115.80;114.23;114.81;118.26;116.36;116.02;114.60;111.52;110.47;108.97;106.21;105.26;103.27;104.04;107.72;107.30;112.10;110.72;113.95;116.72;119.40;114.81;117.28;119.68;117.16;115.99;122.21;126.46;125.94;129.72;134.89;133.35;130.61;130.35,HALAL,"Business activity permissible — debt ratio not verified, cross-check Musaffa/Zoya",
EOG,ENERGY,OIL&GAS-US E&P,64,143.35000610351562,0.18988757441716375,120.66;122.22;126.09;129.06;129.69;130.52;131.59;133.68;136.74;137.58;141.06;147.31;142.40;140.50;142.06;134.53;134.90;130.40;127.48;131.45;132.88;132.24;138.10;137.93;139.78;129.93;132.33;133.94;139.23;143.24;138.95;135.20;133.59;135.61;140.46;136.76;136.32;135.52;131.01;132.27;131.85;133.46;131.62;128.77;129.82;133.55;132.56;138.58;136.46;139.89;143.44;145.49;140.31;145.94;148.69;143.52;136.20;142.22;143.14;142.61;148.70;152.19;150.21;144.84;143.35,HALAL,"Business activity permissible — debt ratio not verified, cross-check Musaffa/Zoya",
PXD,ENERGY,OIL&GAS-US E&P,,,,,HALAL,"Business activity permissible — debt ratio not verified, cross-check Musaffa/Zoya",
OXY,ENERGY,OIL&GAS-US E&P,67,59.099998474121094,0.1378004766028651,50.47;52.59;53.18;52.74;54.51;55.32;57.61;57.46;59.31;60.03;61.57;65.02;64.70;62.68;62.65;58.26;57.79;55.57;53.54;56.07;57.56;57.01;60.48;58.44;59.07;53.69;54.89;55.92;59.35;60.42;58.56;57.20;57.06;58.65;59.37;56.67;56.29;55.47;54.46;53.04;52.00;51.09;49.99;48.57;48.91;51.68;52.30;54.81;53.77;54.86;56.50;57.60;54.93;56.03;57.07;55.09;56.04;58.65;58.55;58.36;59.80;61.52;60.11;58.62;59.10,HALAL,"Business activity permissible — debt ratio not verified, cross-check Musaffa/Zoya",
DVN,ENERGY,OIL&GAS-US E&P,69,47.349998474121094,0.09768386166966025,42.10;43.00;43.46;43.98;44.27;44.81;45.92;47.09;48.45;48.15;50.05;51.70;49.96;49.14;49.60;47.54;46.94;44.91;43.92;45.28;47.81;47.86;50.72;50.20;50.63;44.99;46.40;46.57;49.14;49.34;46.78;44.82;43.80;45.98;45.85;43.97;43.76;44.29;43.53;42.58;43.05;42.74;42.21;41.32;40.47;42.41;42.02;43.73;42.93;43.83;44.10;45.29;43.16;44.46;45.13;44.05;43.11;45.36;44.86;45.85;47.83;49.30;48.23;46.83;47.35,HALAL,"Business activity permissible — debt ratio not verified, cross-check Musaffa/Zoya",
FANG,ENERGY,OIL&GAS-US E&P,68,197.6699981689453,0.15663535163783382,164.95;171.16;174.55;177.09;180.86;174.71;180.38;185.18;188.23;189.69;193.88;199.64;195.63;191.76;193.37;184.28;187.04;183.84;178.30;187.73;193.45;194.28;203.08;205.38;203.93;188.37;194.01;198.90;202.45;206.63;199.87;194.06;193.08;197.94;209.44;191.57;193.18;190.54;188.92;184.46;186.77;182.48;178.92;174.82;171.10;179.57;181.00;190.55;188.72;194.47;198.71;204.36;194.73;198.04;201.84;190.82;188.59;197.88;199.74;202.47;210.02;211.02;205.60;199.84;197.67,HALAL,"Business activity permissible — debt ratio not verified, cross-check Musaffa/Zoya",
MRO,ENERGY,OIL&GAS-US E&P,,,,,HALAL,"Business activity permissible — debt ratio not verified, cross-check Musaffa/Zoya",
APA,ENERGY,OIL&GAS-US E&P,92,42.540000915527344,0.5016070604417522,27.46;29.96;31.42;31.94;32.15;32.52;34.00;35.38;37.54;38.50;40.76;43.79;41.86;41.47;42.38;38.44;38.95;36.10;35.25;37.09;38.39;38.16;40.04;39.85;41.19;35.99;36.44;36.71;38.71;40.62;38.07;37.24;36.27;37.49;38.06;36.31;36.35;36.52;34.53;33.69;33.96;33.10;32.78;32.34;32.13;33.76;33.06;34.43;34.03;34.97;35.52;36.42;34.74;36.70;37.32;35.80;36.53;41.02;39.97;40.47;42.37;44.39;42.96;41.19;42.54,HALAL,"Business activity permissible — debt ratio not verified, cross-check Musaffa/Zoya",
OVV,ENERGY,OIL&GAS-US E&P,87,64.58999633789062,0.28439119865679574,48.80;50.05;51.24;52.07;53.15;54.47;55.04;55.15;56.68;56.64;59.83;61.76;59.05;58.87;60.41;55.87;56.06;54.75;52.53;54.62;56.28;56.64;60.77;60.53;62.75;58.01;58.78;57.49;59.69;60.57;58.56;56.18;55.52;57.84;58.93;56.40;56.29;56.23;54.31;53.61;54.62;52.76;53.19;52.65;52.96;54.97;55.05;56.51;56.05;57.79;59.37;61.39;60.08;61.28;62.46;60.75;59.86;63.56;63.20;63.02;65.02;66.70;65.92;64.52;64.59,HALAL,"Business activity permissible — debt ratio not verified, cross-check Musaffa/Zoya",
MUR,ENERGY,OIL&GAS-US E&P,67,35.630001068115234,0.100882632870811,30.92;32.53;34.22;33.63;33.03;33.37;36.12;36.10;37.39;36.91;39.22;41.33;40.48;40.31;41.94;37.10;38.29;37.51;36.18;37.35;38.82;38.63;41.05;39.97;40.89;37.56;36.92;37.74;39.88;39.93;37.39;36.11;35.82;36.93;38.77;38.28;38.24;38.10;36.08;34.91;34.07;34.82;34.27;32.23;31.56;32.55;33.27;34.55;34.29;36.46;36.92;39.00;37.12;38.30;39.34;37.99;32.71;35.13;34.90;34.22;35.18;38.28;36.00;34.69;35.63,HALAL,"Business activity permissible — debt ratio not verified, cross-check Musaffa/Zoya",
CIVI,ENERGY,OIL&GAS-US E&P,,,,,HALAL,"Business activity permissible — debt ratio not verified, cross-check Musaffa/Zoya",
AR,ENERGY,OIL&GAS-US E&P,56,38.45000076293945,0.13088237538057212,34.41;36.81;37.59;38.91;39.09;39.67;40.99;41.13;43.30;42.56;44.67;45.15;42.44;40.45;40.66;38.21;37.21;36.34;36.68;37.16;38.20;38.19;39.01;38.89;39.13;36.37;36.59;36.74;38.24;38.98;37.04;35.80;35.81;36.76;36.53;35.56;34.66;34.22;34.03;33.90;34.03;34.71;35.17;35.14;35.38;35.24;34.49;34.28;33.58;33.57;33.86;35.07;33.85;35.14;36.14;35.69;34.90;37.07;37.48;37.37;37.04;37.66;37.90;38.53;38.45,HALAL,"Business activity permissible — debt ratio not verified, cross-check Musaffa/Zoya",
CHRD,ENERGY,OIL&GAS-US E&P,85,146.0,0.4266046599283466,100.83;105.37;109.23;115.99;119.81;121.35;121.30;124.86;128.21;128.47;135.85;142.82;139.71;139.53;142.85;130.47;132.41;127.64;121.43;128.86;134.77;135.29;143.58;142.54;146.56;135.35;137.63;139.56;145.81;147.05;141.59;136.65;132.71;136.79;139.38;133.60;132.89;132.56;126.48;125.85;123.36;118.88;115.56;113.29;112.32;115.81;117.44;121.28;122.35;126.97;133.01;137.67;130.64;135.27;139.15;135.69;131.33;137.30;136.37;136.11;142.67;148.81;144.67;140.14;146.00,HALAL,"Business activity permissible — debt ratio not verified, cross-check Musaffa/Zoya",
MTDR,ENERGY,OIL&GAS-US E&P,,,,,HALAL,"Business activity permissible — debt ratio not verified, cross-check Musaffa/Zoya",
PR,ENERGY,OIL&GAS-US E&P,88,22.700000762939453,0.3006136457719073,17.32;17.98;18.08;18.53;18.84;19.03;19.03;19.33;19.80;19.75;20.74;21.47;21.14;21.00;21.21;20.21;20.39;19.92;19.26;19.74;20.68;20.46;21.47;21.91;22.22;19.91;19.98;20.07;20.66;21.04;20.26;19.46;19.16;19.50;20.01;19.01;19.04;19.10;18.74;18.56;19.00;18.70;18.72;18.41;18.20;19.09;19.06;19.62;19.59;20.21;20.98;21.37;20.25;20.75;21.31;20.50;20.28;21.23;21.45;21.50;22.35;23.87;23.69;22.75;22.70,HALAL,"Business activity permissible — debt ratio not verified, cross-check Musaffa/Zoya",
VTLE,ENERGY,OIL&GAS-US E&P,,,,,HALAL,"Business activity permissible — debt ratio not verified, cross-check Musaffa/Zoya",
SYF,FINANCE,FINANCE-CONSUMER LOANS,51,78.05000305175781,0.14264048994895173,72.20;68.53;68.09;68.40;66.56;64.67;63.25;64.61;64.96;66.00;67.07;64.82;67.45;67.85;68.28;71.89;73.18;75.36;77.69;76.98;75.98;76.11;74.49;75.13;73.46;73.68;69.98;69.51;71.07;69.09;71.69;71.59;71.16;70.52;68.42;70.54;72.02;72.02;74.29;73.79;75.38;75.99;78.32;75.72;76.00;75.20;71.26;72.90;73.72;73.30;71.90;71.46;74.99;74.65;75.46;78.74;78.67;78.19;79.41;81.00;80.58;76.71;80.02;79.78;78.05,HARAM,Synchrony — consumer credit,
DFS,FINANCE,FINANCE-CONSUMER LOANS,,,,,HARAM,Discover — credit-card lender,
ALLY,FINANCE,FINANCE-CONSUMER LOANS,42,42.18000030517578,0.06985356368740159,40.93;38.90;39.34;39.36;37.92;36.35;35.65;36.85;37.57;38.69;38.70;37.28;38.70;39.30;39.74;41.23;41.37;41.67;44.74;45.08;44.41;43.80;43.21;43.11;42.91;43.49;42.45;41.42;41.70;40.57;42.46;42.45;42.50;41.76;40.65;42.47;43.05;43.19;45.13;45.19;45.26;45.25;46.84;45.63;45.01;45.09;44.80;44.81;46.02;45.33;44.12;43.67;43.38;42.65;43.33;44.99;44.06;43.79;44.25;44.91;43.63;42.29;42.45;42.54;42.18,HARAM,Ally — auto-loan bank,
OMF,FINANCE,FINANCE-CONSUMER LOANS,63,62.84000015258789,0.20182936651765937,54.42;53.12;53.03;53.12;52.08;51.94;50.26;48.68;49.24;50.84;51.24;49.77;51.64;52.20;51.97;54.68;54.88;55.67;57.21;56.87;56.96;56.94;55.91;54.63;53.15;53.76;52.31;51.59;52.65;52.04;52.88;52.92;53.19;53.87;52.55;54.47;54.90;55.80;56.74;56.68;57.29;57.63;59.46;59.98;58.54;58.66;57.89;58.29;59.60;59.33;59.03;57.83;60.27;61.92;61.57;64.36;63.98;63.16;64.65;65.68;64.73;61.70;62.89;63.13;62.84,HARAM,Group classification: FINANCE-CONSUMER LOANS,
WRLD,FINANCE,FINANCE-CONSUMER LOANS,74,188.35000610351562,0.48073907721991094,133.91;134.88;140.49;145.71;137.66;135.15;133.81;138.70;133.29;136.31;127.52;130.50;135.04;139.86;145.61;154.37;140.95;134.55;141.38;147.76;152.08;153.59;153.25;152.02;141.15;149.53;148.23;149.88;153.17;156.50;158.11;166.42;161.51;167.71;166.21;167.30;169.50;176.97;173.15;173.40;181.73;194.76;213.77;223.83;207.98;199.11;203.43;196.29;194.54;192.06;188.82;181.08;195.83;185.56;179.81;193.63;190.03;186.84;189.65;194.75;189.10;183.94;190.31;191.12;188.35,HARAM,Group classification: FINANCE-CONSUMER LOANS,
CURO,FINANCE,FINANCE-CONSUMER LOANS,,,,,HARAM,Group classification: FINANCE-CONSUMER LOANS,
ENVA,FINANCE,FINANCE-CONSUMER LOANS,95,232.72000122070312,0.7081620070279577,144.43;139.05;141.43;142.01;138.91;139.45;134.11;137.21;136.97;137.34;136.66;129.71;135.83;136.88;139.78;145.05;150.71;156.22;162.81;163.49;169.42;173.60;168.58;170.93;169.28;172.50;168.90;163.24;164.02;160.71;160.91;159.05;158.90;164.33;158.90;168.82;179.41;189.59;189.16;197.30;204.74;216.58;231.04;240.73;235.19;237.00;236.40;232.01;235.66;232.52;228.46;217.80;251.96;244.71;254.14;257.79;255.96;252.55;260.40;265.45;262.00;237.39;247.66;236.62;232.72,HARAM,Group classification: FINANCE-CONSUMER LOANS,
V,FINANCE,FINANCE-CREDIT CARD/PAYMENT,62,381.6000061035156,0.2498418490304688,311.76;318.89;319.57;318.55;314.73;307.75;305.94;307.25;298.54;303.25;303.71;294.36;301.06;299.62;301.36;307.08;308.18;314.67;315.78;308.73;307.67;308.44;333.55;326.74;320.77;320.02;322.59;319.72;325.15;329.30;330.51;325.87;324.35;322.17;311.82;322.97;324.45;318.46;323.22;329.77;325.99;331.61;335.61;342.45;361.46;351.55;347.55;357.09;354.48;357.90;355.16;350.95;361.86;368.05;365.45;368.90;369.78;360.65;359.42;364.15;364.25;365.73;382.41;383.90;381.60,HALAL,"Payment network — fee-based revenue, no lending — debt ratio not verified, cross-check Musaffa/Zoya",
MA,FINANCE,FINANCE-CREDIT CARD/PAYMENT,58,595.2999877929688,0.20420668797185382,507.67;515.46;522.54;522.88;515.97;502.29;496.30;504.86;489.48;498.69;501.06;482.60;497.97;491.77;496.59;502.73;507.73;519.09;520.43;510.49;501.54;505.58;524.35;494.63;496.25;500.10;496.98;489.82;493.37;498.86;498.78;492.18;492.92;494.42;470.76;490.26;494.41;485.70;489.82;492.16;483.28;493.58;498.18;512.74;538.49;530.73;523.20;537.70;535.21;543.60;538.30;530.29;551.71;563.32;573.10;571.10;575.95;563.17;559.73;569.29;574.31;573.85;599.86;598.47;595.30,HALAL,"Payment network — fee-based revenue, no lending — debt ratio not verified, cross-check Musaffa/Zoya",
AXP,FINANCE,FINANCE-CREDIT CARD/PAYMENT,40,333.20001220703125,0.043358095609052016,325.17;307.09;306.01;305.41;303.59;304.19;298.20;298.51;293.20;300.14;298.48;290.55;300.70;299.36;306.19;316.90;322.94;328.16;330.78;328.89;317.68;317.97;314.79;318.81;315.09;317.82;311.47;308.76;312.62;308.47;308.85;309.87;314.26;312.68;299.75;309.81;317.51;317.62;334.46;339.61;337.15;341.62;339.43;337.33;351.96;349.58;346.72;354.43;358.44;355.35;350.79;340.84;335.39;331.50;336.25;346.71;342.60;338.86;344.08;342.48;338.52;331.15;337.33;336.15;333.20,HARAM,Charge card with interest-based credit operations,
PYPL,FINANCE,FINANCE-CREDIT CARD/PAYMENT,43,53.65999984741211,0.2258771228437786,47.02;45.92;46.09;47.48;46.01;45.42;44.75;45.98;44.04;45.34;44.70;43.45;45.08;45.19;44.72;45.83;47.35;49.41;50.64;50.71;49.59;49.61;50.77;50.27;46.34;46.07;44.92;45.08;44.26;43.69;44.15;44.01;44.31;45.04;42.47;41.29;41.46;41.24;42.49;42.08;42.34;42.48;44.29;43.18;45.47;45.65;45.32;47.65;55.52;56.56;55.85;56.00;56.07;58.35;57.21;58.54;59.78;59.07;59.20;61.66;60.43;62.30;61.68;61.81;53.66,QUESTIONABLE,Mixed: fee revenue plus credit/BNPL exposure,
FIS,FINANCE,FINANCE-CREDIT CARD/PAYMENT,9,41.439998626708984,-0.10928014203965208,48.10;49.96;49.28;49.58;50.60;49.59;49.14;49.66;48.70;49.21;47.06;46.36;46.38;45.77;45.69;44.78;45.91;47.77;47.95;47.15;45.22;45.09;45.70;46.01;46.08;46.72;41.88;42.12;41.33;43.01;43.13;41.74;41.74;43.11;40.40;40.49;39.53;38.35;38.97;38.58;37.72;38.66;38.57;38.88;41.80;42.60;41.61;41.93;41.10;41.91;41.58;40.04;43.16;46.81;44.77;44.26;42.81;42.51;41.92;42.92;40.95;40.58;41.40;40.64;41.44,HALAL,"Fidelity National Information — bank tech, fee revenue — debt ratio not verified, cross-check Musaffa/Zoya",
FISV,FINANCE,FINANCE-CREDIT CARD/PAYMENT,8,53.18000030517578,-0.08938358021086656,61.61;62.29;62.89;63.86;61.29;58.50;56.74;58.21;57.02;57.71;56.64;53.90;55.80;56.16;55.32;56.41;58.79;61.29;63.97;63.26;61.55;61.27;62.02;62.14;57.28;56.81;54.39;52.37;55.33;56.03;55.82;55.61;55.83;59.05;55.08;54.43;54.03;53.06;47.91;48.77;47.18;48.19;49.45;49.05;52.33;52.71;51.65;51.18;50.36;50.63;50.61;49.97;52.31;55.63;53.94;55.78;54.11;52.22;51.56;54.39;51.72;51.38;52.96;52.45;53.18,HALAL,"Fiserv — payment/fintech infrastructure — debt ratio not verified, cross-check Musaffa/Zoya",
GPN,FINANCE,FINANCE-CREDIT CARD/PAYMENT,68,91.81999969482422,0.1633504096171856,77.39;75.92;77.15;77.74;74.51;72.57;68.41;72.14;67.92;70.79;70.50;65.65;67.04;63.81;62.46;65.63;67.88;69.90;72.09;71.32;67.60;68.07;70.70;72.08;69.20;69.86;68.51;66.75;67.32;67.68;72.31;73.00;73.67;75.17;67.59;66.07;63.57;65.19;67.48;66.36;65.09;67.08;69.80;72.56;78.63;77.59;74.38;76.85;78.22;77.82;80.07;77.86;84.06;88.27;84.08;88.25;87.69;86.13;88.53;93.05;90.37;92.28;94.30;92.96;91.82,HALAL,"Global Payments — pure payment processor — debt ratio not verified, cross-check Musaffa/Zoya",
SQ,FINANCE,FINANCE-CREDIT CARD/PAYMENT,,,,,QUESTIONABLE,"Square: fee-based core, some lending exposure",
AFRM,FINANCE,FINANCE-CREDIT CARD/PAYMENT,66,77.76000213623047,0.6499045273486592,47.98;46.98;47.83;52.50;50.81;50.79;46.88;47.56;44.43;46.16;45.05;42.53;45.82;46.31;47.40;49.01;51.97;59.62;64.50;64.60;62.98;65.13;63.48;67.54;66.81;67.36;66.45;63.53;65.82;65.30;67.18;69.27;73.00;72.91;66.27;63.61;65.11;66.49;71.90;70.73;72.20;77.66;79.49;81.55;84.58;83.62;83.78;81.93;81.71;76.07;74.72;71.21;73.05;70.11;71.51;78.12;76.58;75.54;73.40;78.35;73.56;75.05;76.88;76.46;77.76,HARAM,Pure BNPL/lending business model,
TOST,FINANCE,FINANCE-CREDIT CARD/PAYMENT,70,35.150001525878906,0.40207427019377806,26.81;27.31;29.11;30.51;29.49;28.70;27.60;28.39;27.40;27.56;26.81;25.64;26.51;26.47;25.97;25.96;27.15;28.16;29.08;28.67;27.92;28.65;28.62;29.11;28.54;29.38;24.19;22.33;23.05;23.22;23.04;23.32;24.96;27.74;25.07;24.64;25.00;24.69;25.05;24.41;24.26;26.02;27.08;27.82;28.82;29.61;28.85;29.96;30.39;30.08;30.37;28.40;30.84;32.60;32.27;33.81;34.72;35.69;34.06;34.75;34.95;35.32;36.71;36.97;35.15,HALAL,"Toast — restaurant tech/payments — debt ratio not verified, cross-check Musaffa/Zoya",
GS,FINANCE,FINANCE-INVESTMENT BANKS/BROKERS,68,1033.989990234375,0.17001105995901167,912.53;851.32;858.80;831.79;828.38;820.15;778.78;803.50;805.95;827.62;838.15;799.37;842.28;859.25;860.36;899.75;886.88;895.54;921.89;922.48;927.21;933.70;901.63;919.66;914.86;921.81;940.71;951.23;944.31;924.66;983.83;990.16;1003.95;1048.58;1041.02;1038.68;1032.01;1035.64;1076.17;1099.14;1106.37;1076.91;1019.61;1011.37;1021.00;1042.98;1055.97;1045.91;1152.07;1065.22;1085.56;1074.72;1048.23;980.75;1018.38;1052.98;1032.58;1034.51;1037.21;1039.42;1040.47;1001.95;1036.28;1040.46;1033.99,HARAM,Group classification: FINANCE-INVESTMENT BANKS/BROKERS,
MS,FINANCE,FINANCE-INVESTMENT BANKS/BROKERS,75,214.77000427246094,0.3016353061821442,171.86;164.71;164.16;160.80;158.72;159.15;153.20;156.13;156.84;162.55;163.86;156.68;162.79;164.02;166.61;176.24;179.19;189.55;186.78;187.27;186.61;188.13;185.06;189.13;188.21;189.13;190.05;192.77;191.46;188.54;199.41;200.66;202.67;209.85;208.99;210.77;209.10;211.50;216.79;223.73;225.85;218.66;210.87;207.90;212.76;220.82;220.91;219.88;227.30;214.32;215.22;214.00;213.39;202.02;210.42;217.04;213.75;215.33;217.64;217.36;217.55;207.45;214.08;214.08;214.77,HARAM,Group classification: FINANCE-INVESTMENT BANKS/BROKERS,
SCHW,FINANCE,FINANCE-INVESTMENT BANKS/BROKERS,72,110.16000366210938,0.19544648964642364,94.73;94.58;94.62;94.79;93.77;92.07;92.46;93.32;93.38;94.68;94.38;91.76;93.37;93.16;92.74;96.64;96.16;99.62;91.68;91.37;88.34;90.17;90.57;90.95;91.80;88.92;87.57;90.90;90.62;91.54;90.15;89.14;85.10;88.48;86.34;88.58;88.51;88.44;90.69;94.24;91.76;91.12;90.41;92.00;96.72;101.63;101.61;102.08;102.49;101.26;99.67;101.31;103.88;104.17;104.93;106.04;107.35;107.68;109.02;111.09;111.68;109.79;113.65;109.39;110.16,HARAM,Group classification: FINANCE-INVESTMENT BANKS/BROKERS,
JEF,FINANCE,FINANCE-INVESTMENT BANKS/BROKERS,32,53.09000015258789,0.07082940733008858,49.93;43.74;44.00;43.62;37.59;38.13;35.82;37.51;37.64;38.96;39.05;39.25;40.65;41.05;41.42;44.44;45.52;46.14;47.37;46.91;45.01;47.16;46.75;48.55;49.31;50.69;51.65;52.52;51.45;50.69;52.07;51.57;52.09;52.80;52.44;55.28;58.60;59.22;61.50;61.43;62.35;57.52;48.74;49.61;52.23;52.42;52.08;52.20;56.71;54.47;56.32;55.17;55.83;54.70;54.20;55.30;55.91;54.90;54.42;54.74;53.84;51.78;51.91;53.13;53.09,HARAM,Group classification: FINANCE-INVESTMENT BANKS/BROKERS,
EVR,FINANCE,FINANCE-INVESTMENT BANKS/BROKERS,16,290.1099853515625,-0.04476249551462641,317.30;308.05;306.98;301.99;285.05;287.59;267.55;277.98;274.18;278.40;286.13;278.33;297.74;304.17;306.12;334.10;349.64;356.13;361.98;352.53;347.09;346.90;323.31;315.98;325.49;330.43;334.52;335.49;332.70;322.43;345.37;343.00;346.03;346.97;340.09;339.43;357.11;355.10;365.53;367.04;374.04;353.19;342.02;341.44;342.64;346.87;339.75;334.15;353.65;341.54;340.52;334.80;340.11;304.71;320.56;319.73;310.33;297.97;299.95;307.38;298.66;287.09;290.11;291.42;290.11,HARAM,Group classification: FINANCE-INVESTMENT BANKS/BROKERS,
LAZ,FINANCE,FINANCE-INVESTMENT BANKS/BROKERS,14,43.63999938964844,-0.09519296019943779,50.53;49.48;48.07;45.28;42.23;43.19;39.64;39.63;38.96;39.27;40.00;38.25;41.54;40.56;40.28;44.97;47.18;48.13;47.96;47.64;46.00;48.19;46.43;44.13;44.10;45.41;45.44;44.72;44.70;44.86;47.12;48.34;48.35;47.99;46.52;45.81;46.74;42.41;43.54;42.69;43.14;40.01;39.65;41.45;41.05;41.25;41.21;40.62;44.50;42.65;43.00;42.54;42.48;40.19;41.88;43.74;43.32;42.67;43.54;44.64;44.06;42.77;44.07;42.79;43.64,HARAM,Group classification: FINANCE-INVESTMENT BANKS/BROKERS,
PIPR,FINANCE,FINANCE-INVESTMENT BANKS/BROKERS,25,75.61000061035156,0.009185294770865493,76.10;72.32;74.61;74.88;71.91;72.34;70.40;74.44;73.72;74.56;74.31;72.84;76.36;77.63;78.06;83.04;85.32;88.36;90.37;91.00;87.56;87.82;86.16;79.22;80.20;80.26;79.78;80.35;78.59;77.42;80.56;80.65;79.03;77.24;75.63;76.67;79.12;77.92;79.52;80.81;81.77;79.08;76.14;72.34;71.09;75.08;73.44;71.98;77.75;76.32;77.24;75.81;76.21;73.82;75.80;76.14;74.40;74.87;75.52;76.50;74.92;72.86;74.80;74.44;75.61,HARAM,Group classification: FINANCE-INVESTMENT BANKS/BROKERS,
HLI,FINANCE,FINANCE-INVESTMENT BANKS/BROKERS,8,133.02000427246094,-0.1772618812463801,164.56;162.36;161.30;156.52;146.06;145.65;138.73;139.59;138.26;139.73;141.18;138.31;142.91;140.62;142.16;149.38;155.27;159.08;161.70;160.08;157.49;158.92;155.23;152.32;149.43;152.74;148.11;149.81;149.61;146.08;150.80;150.05;145.05;140.36;138.43;139.25;141.04;135.62;139.83;141.38;140.93;138.00;138.55;134.13;140.15;139.12;136.44;132.52;142.90;140.01;139.87;137.81;141.25;139.08;125.49;128.25;127.58;123.39;123.42;128.68;127.01;128.06;128.95;129.80;133.02,HARAM,Group classification: FINANCE-INVESTMENT BANKS/BROKERS,
MC,FINANCE,FINANCE-INVESTMENT BANKS/BROKERS,46,68.4000015258789,0.14829974544917057,61.49;58.19;57.48;57.08;53.45;53.92;50.73;52.18;52.90;53.39;54.21;53.21;55.88;55.16;56.37;61.54;63.33;65.22;66.26;67.39;65.92;68.90;65.73;63.49;62.24;62.65;63.23;63.44;63.11;61.64;65.01;65.48;66.20;68.53;66.47;67.20;70.09;68.26;68.42;65.68;66.29;64.51;63.85;64.78;67.88;69.16;64.76;62.99;69.36;66.85;67.19;64.93;67.12;64.61;66.43;68.02;66.63;63.69;66.27;68.41;66.57;66.87;68.50;67.21;68.40,HARAM,Group classification: FINANCE-INVESTMENT BANKS/BROKERS,
PJT,FINANCE,FINANCE-INVESTMENT BANKS/BROKERS,60,182.8000030517578,0.24424933633006107,148.80;147.19;147.24;145.72;140.21;137.33;128.99;131.55;130.43;133.50;137.13;136.28;139.50;139.77;141.42;149.76;156.00;162.84;159.26;157.11;153.86;155.56;151.81;154.59;151.68;152.95;153.10;154.54;156.28;153.55;155.56;152.42;155.42;156.00;154.84;157.22;162.00;153.97;156.37;155.01;154.55;153.17;151.63;150.94;162.99;168.56;158.74;157.13;168.56;166.62;166.96;164.20;168.82;165.08;168.31;171.24;172.75;169.36;170.59;174.36;169.72;170.79;176.41;174.77;182.80,HARAM,Group classification: FINANCE-INVESTMENT BANKS/BROKERS,
BLK,FINANCE,FINANCE-INVESTMENT MGMT,49,1164.47998046875,0.09948665604225981,1081.63;1051.42;1040.90;1023.50;952.30;945.84;918.93;965.57;964.17;969.12;975.85;928.62;956.32;961.14;953.09;996.01;1017.91;1042.72;1046.24;1037.01;1047.57;1050.94;1033.56;1055.73;1043.03;1061.76;1075.26;1087.97;1075.84;1030.49;1057.79;1071.36;1040.63;1015.01;985.32;995.60;1011.96;1016.58;1042.87;1057.38;1051.74;982.60;964.71;961.56;995.73;1009.43;1019.68;1031.56;1093.40;1072.20;1038.24;1037.16;1062.14;1079.19;1090.39;1131.13;1129.30;1131.40;1160.91;1173.73;1154.35;1139.82;1172.61;1173.21;1164.48,QUESTIONABLE,BlackRock — large fixed-income/bond fund manager,
BX,FINANCE,FINANCE-INVESTMENT MGMT,55,142.38999938964844,0.27671563857357695,115.95;111.19;108.79;113.33;108.53;105.19;104.73;109.85;111.29;107.25;106.30;106.00;112.78;110.88;110.57;114.66;119.48;127.69;126.60;126.03;119.98;118.06;117.53;123.93;121.48;121.09;120.17;118.41;116.70;113.11;117.37;116.93;114.97;115.76;109.17;114.19;119.08;119.66;123.37;123.75;122.02;111.85;114.23;116.48;121.54;119.67;120.92;120.81;125.77;125.63;122.90;123.24;131.26;128.09;126.46;137.20;133.45;141.66;146.41;143.93;140.59;141.35;143.64;143.20;142.39,QUESTIONABLE,"Blackstone — alt-asset manager, real-estate debt exposure",
KKR,FINANCE,FINANCE-INVESTMENT MGMT,38,108.68000030517578,0.1834275997095287,96.26;87.34;90.20;95.22;90.59;86.79;85.60;88.63;90.25;90.49;88.57;88.16;92.14;90.88;90.40;92.47;97.76;103.45;103.20;104.05;101.25;100.31;98.94;103.28;101.61;99.95;99.08;97.05;96.79;92.74;94.58;94.81;93.85;94.83;90.36;93.22;95.66;95.12;97.89;96.99;96.72;91.34;89.96;91.61;93.66;94.96;96.09;96.73;100.76;100.75;96.93;95.79;101.44;99.09;101.24;108.00;103.15;103.83;110.90;114.01;107.19;107.02;107.32;108.50;108.68,QUESTIONABLE,KKR — private equity with credit business,
APO,FINANCE,FINANCE-INVESTMENT MGMT,45,135.0399932861328,0.19741725338546767,116.23;103.72;106.18;110.31;107.23;105.21;103.56;107.98;110.44;109.52;108.88;107.51;110.49;106.14;104.48;106.08;109.03;119.53;123.57;126.19;123.72;122.30;121.25;129.37;129.21;126.72;129.37;130.50;134.24;130.60;130.35;129.36;126.97;127.68;123.83;127.49;132.14;133.35;135.54;138.33;134.64;122.08;117.79;117.81;118.11;118.83;119.34;118.33;121.32;119.96;117.90;118.50;123.72;119.27;125.06;132.64;127.45;131.46;138.03;140.17;133.29;129.98;132.79;133.67;135.04,QUESTIONABLE,Apollo — credit-heavy alt manager,
TROW,FINANCE,FINANCE-INVESTMENT MGMT,55,111.23999786376953,0.22771717736472485,92.76;92.14;90.96;89.61;88.16;86.98;86.25;87.34;86.06;86.94;88.52;87.40;89.07;89.10;88.16;91.07;93.25;94.97;95.83;97.96;98.31;100.16;99.28;102.19;102.88;102.36;103.51;101.79;100.80;100.51;100.74;102.59;102.32;102.69;102.78;104.73;104.65;106.99;108.61;108.12;107.99;105.20;110.27;113.69;118.55;120.16;117.05;113.65;118.58;117.35;117.61;114.95;119.21;118.87;111.75;115.79;113.62;113.77;111.42;110.56;110.32;112.19;112.30;112.55;111.24,HALAL,"T. Rowe Price — equity-fund-focused — debt ratio not verified, cross-check Musaffa/Zoya",
BEN,FINANCE,FINANCE-INVESTMENT MGMT,83,34.650001525878906,0.3117564967818367,26.60;25.90;25.86;26.27;25.16;24.37;23.55;24.02;23.29;23.32;23.31;22.20;23.39;23.17;23.54;24.79;25.41;26.37;27.00;26.97;26.55;27.30;29.16;29.54;30.16;30.22;31.24;31.72;31.51;30.48;30.55;31.36;30.90;30.63;30.07;31.02;31.48;31.49;32.19;32.96;33.59;32.15;32.88;33.27;34.11;34.36;33.68;32.83;33.63;32.63;32.63;32.29;33.22;32.39;33.86;35.77;34.00;33.52;33.59;33.86;33.99;33.97;34.62;35.01;34.65,HALAL,"Franklin Resources — debt ratio not verified, cross-check Musaffa/Zoya",
IVZ,FINANCE,FINANCE-INVESTMENT MGMT,85,32.86000061035156,0.32242231487446693,26.40;25.88;24.97;24.38;23.54;23.61;22.67;23.39;22.98;23.43;24.01;22.87;23.94;23.79;22.44;23.23;23.95;24.36;24.45;24.61;25.01;25.11;25.27;25.52;26.45;26.45;27.59;27.69;26.94;26.29;26.80;27.51;27.87;27.44;26.76;27.17;27.72;28.10;28.91;28.60;28.59;25.80;25.99;26.21;26.83;27.22;28.42;28.21;30.10;29.43;29.90;29.60;29.91;27.88;29.40;31.79;31.48;31.53;31.33;32.55;32.38;31.36;32.45;32.98;32.86,QUESTIONABLE,Group classification: FINANCE-INVESTMENT MGMT,
AB,FINANCE,FINANCE-INVESTMENT MGMT,30,36.880001068115234,0.0028241889234785766,38.13;37.59;37.46;36.90;36.30;37.58;36.47;36.44;35.87;35.80;35.16;34.14;35.85;36.99;35.95;36.63;37.03;37.12;37.24;37.25;37.14;36.45;37.66;37.83;38.62;38.12;37.57;37.66;37.22;37.23;37.32;36.81;36.17;36.42;36.05;36.43;36.16;35.59;35.23;35.36;35.16;34.38;35.07;34.44;35.51;35.98;35.93;36.52;37.26;37.06;36.77;36.33;37.06;36.29;35.95;36.25;36.31;36.16;36.45;36.65;36.18;36.02;36.36;36.85;36.88,QUESTIONABLE,Group classification: FINANCE-INVESTMENT MGMT,
VRTS,FINANCE,FINANCE-INVESTMENT MGMT,57,168.52000427246094,0.25685343691519535,138.01;134.05;135.37;134.04;128.14;128.14;122.18;127.53;125.16;125.98;128.37;125.09;130.17;123.30;125.04;131.59;134.89;138.98;135.43;133.64;138.14;140.36;139.21;134.00;141.19;139.77;140.61;139.17;135.99;130.65;139.59;141.99;140.06;143.46;138.86;144.42;143.06;140.50;141.67;140.76;138.51;136.58;145.41;141.39;149.41;152.75;155.03;154.87;165.81;162.05;160.94;160.63;165.12;165.33;159.35;166.39;163.50;165.83;167.55;169.03;166.81;168.08;168.40;167.25;168.52,QUESTIONABLE,Group classification: FINANCE-INVESTMENT MGMT,
CG,FINANCE,FINANCE-INVESTMENT MGMT,27,49.09000015258789,0.005737997675696382,50.81;51.24;50.92;50.93;48.12;46.40;44.99;47.18;47.04;47.00;46.34;45.02;47.70;45.88;46.33;47.48;48.49;51.31;51.92;51.34;48.33;47.04;47.12;48.73;50.55;48.31;48.75;48.46;47.33;45.20;44.81;45.33;44.77;44.78;41.94;43.17;44.82;44.23;45.91;45.37;44.25;40.77;41.11;41.81;42.53;43.70;43.87;43.83;45.78;45.74;44.29;44.09;45.95;44.38;45.69;50.28;48.53;47.46;47.93;48.93;48.37;47.99;49.14;48.99;49.09,QUESTIONABLE,Group classification: FINANCE-INVESTMENT MGMT,
OWL,FINANCE,FINANCE-INVESTMENT MGMT,39,12.020000457763672,0.20105107229862273,10.88;10.11;9.84;9.99;9.40;8.65;8.39;8.77;8.74;8.71;8.66;8.47;8.75;8.22;8.12;7.94;8.10;9.51;9.44;9.46;9.03;8.55;8.51;9.57;10.31;9.92;9.66;9.59;9.28;9.25;10.01;9.91;9.74;10.27;9.51;9.62;9.41;9.54;9.43;9.31;9.06;8.31;8.41;8.59;8.87;9.21;9.12;9.12;9.51;9.34;9.21;9.04;9.50;9.37;10.11;11.35;11.24;11.43;11.99;12.22;11.59;11.40;11.68;11.80;12.02,QUESTIONABLE,Blue Owl — direct-lending business,
ARES,FINANCE,FINANCE-INVESTMENT MGMT,45,142.52999877929688,0.2736827457731097,116.41;109.40;110.03;114.32;106.32;101.05;99.39;104.62;106.91;106.05;105.44;105.22;108.01;101.41;101.22;103.75;105.62;118.09;116.61;118.64;113.64;111.06;109.75;117.81;121.73;121.92;123.37;121.95;122.18;119.90;122.75;124.03;124.74;127.46;121.87;124.40;129.31;131.50;134.01;128.35;125.90;113.87;109.13;111.31;116.90;120.70;121.66;120.45;124.79;125.68;120.78;121.28;127.76;124.60;128.09;142.91;138.17;137.66;142.35;144.02;140.31;140.23;140.01;141.98;142.53,HARAM,Ares — credit-focused alt manager,
RKT,FINANCE,FINANCE-MORTGAGE & RELATED SVC,11,13.770000457763672,-0.1942656328368424,17.33;18.19;16.43;15.66;15.59;15.15;14.14;14.84;14.65;14.26;14.29;13.67;14.25;14.96;14.51;15.02;15.32;15.50;16.63;15.91;15.28;15.45;14.40;14.64;14.09;14.15;14.83;13.84;13.35;12.67;13.87;14.04;14.40;14.18;12.94;12.65;13.18;13.43;13.91;13.22;13.34;14.73;15.00;15.75;15.77;14.63;14.56;13.91;14.60;14.54;13.65;12.78;13.49;13.70;12.90;14.11;13.22;13.76;14.05;14.76;13.99;14.06;14.09;13.90;13.77,HARAM,Group classification: FINANCE-MORTGAGE & RELATED SVC,
UWMC,FINANCE,FINANCE-MORTGAGE & RELATED SVC,1,1.4900000095367432,-0.6464113614336562,3.87;4.10;3.95;3.75;3.62;3.64;3.40;3.40;3.53;3.58;3.38;3.27;3.46;3.56;3.46;3.75;3.57;3.64;3.75;3.58;3.51;3.58;3.32;3.50;3.28;3.23;3.18;2.96;2.87;2.79;2.94;2.97;3.00;2.88;2.61;2.48;2.37;2.29;2.25;2.18;2.05;2.02;2.18;2.29;2.17;2.06;2.08;2.00;2.03;2.02;1.90;1.74;1.84;1.98;1.82;1.95;1.20;1.41;1.51;1.59;1.44;1.42;1.42;1.46;1.49,HARAM,Group classification: FINANCE-MORTGAGE & RELATED SVC,
PFSI,FINANCE,FINANCE-MORTGAGE & RELATED SVC,6,73.37999725341797,-0.18164495603731567,92.06;91.26;89.10;87.88;86.37;87.01;83.52;86.71;87.38;84.87;85.80;84.84;86.76;89.44;87.80;91.10;92.35;91.07;93.88;89.98;89.19;90.22;88.53;91.45;86.84;88.01;87.70;87.10;85.06;84.12;86.69;85.79;86.05;82.17;80.29;80.93;81.45;80.37;82.09;80.89;79.50;83.03;85.75;86.77;83.15;80.80;81.62;81.17;84.65;84.96;83.67;82.29;84.15;85.71;75.12;76.69;76.72;75.56;76.68;77.73;75.30;75.74;75.18;72.90;73.38,HARAM,Group classification: FINANCE-MORTGAGE & RELATED SVC,
COOP,FINANCE,FINANCE-MORTGAGE & RELATED SVC,,,,,HARAM,Group classification: FINANCE-MORTGAGE & RELATED SVC,
OCN,FINANCE,FINANCE-MORTGAGE & RELATED SVC,,,,,HARAM,Group classification: FINANCE-MORTGAGE & RELATED SVC,
RDN,FINANCE,FINANCE-MORTGAGE & RELATED SVC,44,36.40999984741211,0.07803705167407737,34.64;34.02;33.95;33.73;33.05;32.15;32.51;32.58;32.39;32.36;32.49;32.12;32.60;33.16;33.73;34.08;33.92;34.03;34.86;34.86;35.45;35.25;36.77;34.92;35.07;37.08;37.02;36.14;36.40;36.75;36.67;35.20;34.16;33.30;33.44;33.56;34.01;33.90;34.30;34.64;34.87;36.31;37.24;37.41;37.68;37.76;37.40;37.75;37.46;39.11;38.21;37.89;38.71;39.43;38.72;39.36;36.01;36.25;36.19;37.00;36.59;36.40;36.71;36.81;36.41,HARAM,Group classification: FINANCE-MORTGAGE & RELATED SVC,
MTG,FINANCE,FINANCE-MORTGAGE & RELATED SVC,64,30.989999771118164,0.21521193922506154,26.22;26.23;26.42;26.48;26.27;25.59;25.75;25.86;25.70;25.58;25.72;25.43;25.96;26.22;26.73;27.45;27.18;26.92;27.66;27.67;28.45;28.71;28.80;25.97;25.95;26.43;25.96;25.64;25.76;25.93;26.03;25.88;25.37;24.92;24.72;25.37;25.41;25.33;25.70;26.11;26.16;26.90;27.69;28.05;28.07;28.04;28.04;28.26;27.94;29.31;28.94;28.80;29.84;30.41;29.87;30.78;30.26;30.27;30.64;31.16;31.12;30.71;31.10;31.29;30.99,HARAM,Group classification: FINANCE-MORTGAGE & RELATED SVC,
MCO,FINANCE,FINANCE-SERVICES,53,514.9500122070312,0.1859431926848567,460.30;474.42;462.22;467.94;460.62;443.93;428.08;439.05;433.85;439.09;426.13;422.93;434.29;438.81;436.04;436.25;437.64;444.81;453.31;457.53;450.32;458.67;458.05;453.73;452.51;455.05;446.38;436.35;428.00;433.57;444.43;450.15;449.50;463.22;447.44;450.40;448.99;440.89;453.10;455.26;446.39;448.84;449.06;451.96;489.48;499.43;485.99;494.67;503.40;509.78;489.74;471.24;484.94;482.22;477.37;482.65;472.13;477.13;476.83;484.96;485.79;498.77;511.35;514.55;514.95,HALAL,"Moody's — ratings/data, fee revenue — debt ratio not verified, cross-check Musaffa/Zoya",
MSCI,FINANCE,FINANCE-SERVICES,30,570.760009765625,0.06775742819240826,552.89;567.74;561.55;562.16;560.37;543.15;543.98;556.40;552.29;547.66;527.19;519.66;535.16;540.89;543.37;541.98;548.80;556.06;564.49;593.12;593.73;586.79;593.85;584.64;576.73;584.16;580.45;566.83;559.72;575.63;580.26;586.42;624.29;641.54;611.39;613.27;605.37;592.19;608.99;594.76;578.78;575.23;552.87;558.04;600.96;605.92;601.20;618.02;619.55;626.42;559.74;550.54;569.00;580.84;570.20;569.43;565.21;561.07;561.00;569.13;562.77;568.75;571.36;564.22;570.76,HALAL,"MSCI — index/data, fee revenue — debt ratio not verified, cross-check Musaffa/Zoya",
SPGI,FINANCE,FINANCE-SERVICES,40,442.8900146484375,0.16451198624984498,398.94;416.15;418.13;424.84;419.35;403.98;397.89;407.73;401.32;403.89;384.69;382.58;400.57;406.05;405.01;399.61;405.03;405.50;416.80;418.77;413.46;411.76;407.96;401.25;399.18;403.71;396.48;382.87;379.67;386.50;391.52;388.46;393.36;404.54;389.18;400.65;401.01;390.17;400.30;394.59;384.56;379.80;385.28;384.43;438.90;442.47;431.99;436.86;443.48;449.83;430.29;419.06;438.84;418.70;411.01;411.61;404.33;410.02;409.18;417.86;417.10;431.19;434.44;436.49;442.89,HALAL,"S&P Global — data/ratings — debt ratio not verified, cross-check Musaffa/Zoya",
ICE,FINANCE,FINANCE-SERVICES,,,,,QUESTIONABLE,ICE — exchange ops with mortgage-tech (BlackKnight) exposure,
CME,FINANCE,FINANCE-SERVICES,34,285.79998779296875,-0.06321809014242241,298.64;310.43;315.90;307.82;310.03;301.77;309.79;311.71;309.11;304.98;292.41;292.26;293.83;303.54;308.98;297.39;299.04;295.37;286.17;282.93;284.00;280.49;285.79;288.05;285.34;285.37;281.12;295.60;297.32;300.81;287.80;281.08;275.99;256.43;251.34;256.07;255.94;262.18;266.08;252.54;245.20;231.68;221.00;220.83;236.60;240.75;239.71;245.10;245.18;245.05;237.38;254.32;255.36;265.44;267.79;262.63;264.32;263.65;262.17;269.80;271.54;270.87;279.17;280.98;285.80,HALAL,"CME — derivatives exchange (futures themselves debated, but core is fee-based) — debt ratio not verified, cross-check Musaffa/Zoya",
NDAQ,FINANCE,FINANCE-SERVICES,56,99.30999755859375,0.25102379785804474,83.43;86.99;86.83;87.68;87.46;84.93;84.96;86.16;85.96;86.09;83.44;81.19;84.59;86.34;86.09;83.91;85.84;88.23;88.29;87.29;86.73;90.11;90.94;90.99;88.68;88.68;88.16;89.89;90.73;91.65;90.09;90.56;90.67;92.48;86.50;86.97;87.21;86.43;91.04;83.29;82.61;81.61;78.56;78.82;84.66;86.43;87.52;89.21;91.36;91.64;90.24;90.42;93.94;95.55;94.19;93.62;94.70;95.62;95.66;97.02;96.71;97.55;98.79;99.47;99.31,HALAL,"Nasdaq — exchange operator — debt ratio not verified, cross-check Musaffa/Zoya",
CBOE,FINANCE,FINANCE-SERVICES,43,310.45001220703125,0.07500226670530097,289.94;299.09;303.79;296.87;298.57;283.41;289.29;292.28;283.82;280.03;276.46;272.43;280.48;289.34;295.02;294.20;299.67;304.35;299.31;298.62;299.49;297.82;304.96;326.28;343.26;337.94;349.75;365.93;362.26;362.21;351.20;353.75;343.52;300.99;285.10;281.91;290.60;295.90;292.91;254.69;255.98;249.59;242.21;242.67;248.99;258.64;267.85;277.13;277.11;273.41;274.40;284.86;288.87;307.81;310.23;288.42;289.17;285.02;290.98;296.14;290.99;294.11;308.09;312.19;310.45,QUESTIONABLE,Group classification: FINANCE-SERVICES,
MKTX,FINANCE,FINANCE-SERVICES,39,162.72000122070312,-0.09491656127605685,178.66;190.03;191.62;182.55;183.22;177.16;178.27;177.27;172.87;168.91;164.40;162.43;163.29;169.70;173.96;171.00;172.77;169.67;167.26;162.67;161.93;158.49;159.12;151.30;149.74;151.09;143.72;137.85;137.03;140.41;135.60;130.60;130.92;128.67;122.39;116.37;115.95;115.77;120.42;119.32;116.56;112.92;112.00;112.95;115.97;118.03;113.43;114.82;115.08;113.25;111.73;113.76;117.40;125.13;161.52;161.57;161.84;161.72;161.82;161.79;161.79;161.90;162.46;162.52;162.72,QUESTIONABLE,Group classification: FINANCE-SERVICES,
FDS,FINANCE,FINANCE-SERVICES,74,308.9800109863281,0.6403332816509586,204.56;215.76;221.79;223.83;219.97;204.54;204.65;207.99;207.83;207.46;192.94;197.37;215.94;226.57;226.49;212.48;225.32;229.63;231.60;239.15;226.97;224.24;231.19;226.47;218.35;222.89;218.13;200.89;211.55;220.85;223.92;229.80;237.74;270.85;253.44;255.62;246.07;236.64;235.86;228.30;218.62;216.45;231.74;230.08;250.09;258.30;241.90;263.11;251.19;258.09;246.95;243.96;265.90;282.04;263.20;274.49;274.58;284.12;277.99;283.49;285.41;300.06;305.31;295.45;308.98,HALAL,"FactSet — financial data subscription — debt ratio not verified, cross-check Musaffa/Zoya",
TW,FINANCE,FINANCE-SERVICES,26,108.87000274658203,-0.07503186548151619,120.44;122.94;125.43;124.32;126.39;123.19;124.25;125.99;125.83;123.99;119.78;116.41;117.50;123.03;124.65;122.24;123.89;120.54;118.17;114.40;113.46;111.28;117.96;111.52;110.06;110.30;109.79;109.72;110.79;110.69;105.54;102.14;99.51;100.19;100.43;102.53;99.68;99.00;101.73;100.77;98.20;96.05;93.52;99.66;102.79;100.26;97.12;99.68;100.68;99.90;97.29;99.85;102.01;108.18;100.50;100.48;103.32;103.70;103.92;106.29;105.47;106.10;108.38;107.51;108.87,QUESTIONABLE,Group classification: FINANCE-SERVICES,
WELL,FINANCE,REIT-HEALTHCARE,70,238.07000732421875,0.1483981764779314,206.76;205.64;206.51;203.58;206.20;203.86;206.33;211.64;204.62;193.61;195.32;194.37;196.30;200.88;200.14;204.86;205.49;209.82;209.01;204.91;206.75;208.50;210.57;215.36;212.77;211.43;213.30;219.31;212.94;217.18;215.20;217.31;209.50;196.62;198.84;206.15;205.99;209.88;212.02;205.77;210.65;220.60;226.48;226.12;235.17;236.70;231.25;233.67;232.41;242.34;245.44;246.12;247.41;240.17;233.56;230.70;235.11;234.16;230.27;235.52;235.44;237.40;240.01;241.56;238.07,QUESTIONABLE,Sector classification: FINANCE,
VTR,FINANCE,REIT-HEALTHCARE,58,91.80999755859375,0.07296070753927131,85.36;85.11;85.45;83.93;85.16;84.77;85.51;86.93;84.51;80.85;81.69;80.91;81.30;82.79;83.15;84.46;83.92;84.38;84.60;81.63;82.45;84.21;86.86;87.51;86.27;86.05;87.18;89.82;86.94;87.84;87.49;87.86;85.29;81.23;78.58;81.54;81.99;83.40;82.97;81.67;82.56;86.07;88.53;88.80;92.52;94.07;91.74;92.06;92.29;96.10;97.62;97.92;100.11;97.72;93.51;90.85;92.26;91.95;89.01;91.52;91.20;92.68;93.47;93.50;91.81,QUESTIONABLE,Sector classification: FINANCE,
OHI,FINANCE,REIT-HEALTHCARE,39,45.9900016784668,0.005539473544835305,46.18;46.94;46.15;45.78;46.44;46.57;46.73;46.00;45.52;43.61;43.50;43.32;42.61;43.76;44.19;44.46;44.17;45.35;45.53;44.69;45.08;45.39;45.44;45.69;45.50;45.51;46.38;47.36;46.69;48.09;47.61;47.69;46.41;44.77;43.46;43.87;45.06;44.67;44.60;44.04;44.49;46.74;47.41;47.04;48.74;48.95;48.17;47.79;47.31;49.54;49.92;50.29;50.71;50.68;49.95;48.74;48.68;47.39;45.87;46.53;46.44;46.75;46.59;46.97;45.99,QUESTIONABLE,Sector classification: FINANCE,
DOC,FINANCE,REIT-HEALTHCARE,66,20.959999084472656,0.2503724693758149,16.97;17.13;16.95;16.87;16.88;16.54;16.45;17.20;17.28;16.74;16.38;16.17;16.01;16.10;16.45;16.27;16.08;16.76;17.03;16.15;16.09;15.88;15.68;16.10;16.19;19.28;19.37;19.17;18.98;19.02;19.36;19.74;19.23;18.73;18.80;19.51;20.21;20.21;20.24;19.22;19.79;20.62;21.35;21.20;21.68;21.72;21.37;21.53;21.54;22.30;22.49;21.97;22.41;22.37;21.72;21.51;21.00;20.80;20.56;20.69;20.44;21.20;21.63;21.58;20.96,QUESTIONABLE,Sector classification: FINANCE,
HR,FINANCE,REIT-HEALTHCARE,40,18.989999771118164,0.06495179428377051,18.12;18.01;18.14;17.95;17.99;17.86;17.55;17.60;17.52;17.15;16.82;16.45;16.58;16.98;17.26;17.16;17.06;17.39;18.11;17.84;18.14;17.94;18.02;18.79;19.44;19.51;19.79;20.12;20.04;19.95;20.11;20.31;19.86;19.24;19.15;19.41;20.13;20.25;20.26;19.78;19.91;20.17;20.25;19.92;20.36;20.40;20.44;20.56;20.40;21.06;21.21;20.88;21.27;21.54;20.75;20.02;19.95;19.40;19.21;19.25;19.11;19.41;19.32;19.26;18.99,QUESTIONABLE,Sector classification: FINANCE,
MPW,FINANCE,REIT-HEALTHCARE,,,,,QUESTIONABLE,Sector classification: FINANCE,
CTRE,FINANCE,REIT-HEALTHCARE,36,39.029998779296875,-0.016452853811145696,40.10;39.80;39.20;38.58;39.09;38.98;39.22;38.91;38.46;36.69;36.83;36.38;36.30;37.95;38.20;39.04;38.48;39.35;39.12;37.99;37.61;38.39;38.57;38.81;38.96;39.12;40.16;42.03;40.74;40.85;40.61;41.56;40.84;38.96;37.66;37.60;37.34;36.40;36.68;36.03;37.13;39.02;40.44;40.35;41.76;41.80;40.86;40.33;40.10;42.88;43.40;42.35;42.96;42.34;41.94;40.84;41.13;40.42;39.16;38.77;39.30;39.76;39.65;39.94;39.03,QUESTIONABLE,Sector classification: FINANCE,
HST,FINANCE,REIT-HOTEL/RESORT,70,22.280000686645508,0.183233890921924,18.78;18.67;18.68;19.02;18.26;18.29;17.64;17.91;18.20;18.24;18.56;17.95;18.45;18.43;18.39;19.17;19.52;19.93;20.34;20.34;20.29;20.11;20.28;20.35;20.52;20.87;20.98;20.76;20.59;20.99;21.58;22.26;22.42;22.32;22.97;23.71;23.57;23.44;23.89;23.71;24.20;23.67;24.13;23.71;23.35;23.35;23.16;23.07;23.80;23.94;24.44;23.96;24.97;25.54;25.13;24.98;23.38;22.67;22.80;22.90;22.92;23.09;23.19;22.43;22.28,QUESTIONABLE,Sector classification: FINANCE,
PK,FINANCE,REIT-HOTEL/RESORT,90,15.829999923706055,0.4862456787604219,10.80;10.85;10.70;10.84;10.28;10.39;9.78;10.07;10.09;10.02;10.17;10.01;10.35;10.22;10.09;10.99;11.00;11.14;11.21;11.02;10.88;11.04;11.14;11.15;11.17;11.00;10.84;10.62;10.57;10.81;11.26;11.79;11.96;12.68;13.29;13.81;13.91;14.11;14.15;14.25;14.32;14.09;14.53;14.25;14.42;14.16;14.14;14.18;14.55;14.88;15.06;14.59;15.03;15.32;15.06;15.00;14.35;14.51;14.85;15.13;15.37;15.82;15.86;15.93;15.83,QUESTIONABLE,Sector classification: FINANCE,
RHP,FINANCE,REIT-HOTEL/RESORT,78,129.3300018310547,0.28269249817242414,99.04;96.56;96.28;96.34;92.85;93.13;87.88;89.91;90.32;89.85;89.80;88.51;91.43;92.06;93.02;97.45;100.77;100.12;102.60;101.23;99.67;100.94;102.68;105.25;107.16;109.42;107.71;105.91;103.84;107.85;111.39;113.51;114.83;114.04;112.82;117.95;119.29;120.34;121.36;121.24;124.02;128.59;130.93;128.55;127.85;127.27;126.64;124.36;124.99;126.67;129.96;128.89;134.94;135.57;133.65;128.20;124.23;119.95;123.99;125.52;126.09;128.64;131.13;130.39;129.33,QUESTIONABLE,Sector classification: FINANCE,
APLE,FINANCE,REIT-HOTEL/RESORT,83,16.549999237060547,0.4026638107843237,11.84;11.92;11.85;12.06;11.70;11.78;11.37;11.51;11.50;11.56;11.64;11.17;11.27;11.29;11.39;12.14;12.25;12.25;12.73;12.73;12.87;13.06;13.20;13.19;13.41;13.68;13.59;13.59;13.56;13.77;14.29;14.59;14.76;14.51;15.05;15.49;15.77;16.01;16.00;16.10;16.45;16.48;16.88;16.73;16.56;16.26;16.33;16.29;16.61;16.76;16.99;16.53;16.80;16.73;16.51;16.55;15.99;15.71;15.73;16.07;16.07;16.50;16.59;16.55;16.55,QUESTIONABLE,Sector classification: FINANCE,
SHO,FINANCE,REIT-HOTEL/RESORT,64,11.329999923706055,0.24552884122942498,9.20;9.12;9.38;9.41;9.18;9.09;8.77;8.93;8.95;8.95;9.10;8.79;8.94;8.94;8.93;9.39;9.50;9.50;9.58;9.56;9.49;9.62;9.75;9.81;9.94;10.27;10.19;10.16;10.07;10.21;10.63;10.78;10.83;10.91;11.10;11.39;11.49;11.61;11.69;11.65;11.77;11.55;11.83;11.45;11.38;11.19;11.23;11.30;11.53;11.73;11.85;11.65;11.82;11.77;11.77;11.61;11.29;10.80;10.80;10.94;11.06;11.28;11.31;11.23;11.33,QUESTIONABLE,Sector classification: FINANCE,
DRH,FINANCE,REIT-HOTEL/RESORT,85,12.699999809265137,0.3008792640162894,9.88;9.87;9.71;9.74;9.32;9.42;9.10;9.35;9.34;9.30;9.40;9.16;9.30;9.34;9.34;10.01;10.14;10.22;10.48;10.23;10.07;10.15;10.17;10.39;10.56;10.58;10.52;10.39;10.22;10.43;10.70;10.98;11.09;10.91;11.18;11.52;11.61;11.75;11.85;11.78;12.16;12.10;12.38;12.18;12.08;11.75;11.85;11.88;12.31;12.55;12.97;12.67;12.91;13.14;13.24;13.30;12.64;12.13;12.23;12.36;12.49;12.77;12.74;12.62;12.70,QUESTIONABLE,Sector classification: FINANCE,
PLD,FINANCE,REIT-INDUSTRIAL/OFFICE,49,140.6999969482422,0.015072551771268872,137.91;140.41;138.87;135.76;133.11;132.37;129.76;132.25;130.15;129.37;129.42;127.97;131.23;132.81;132.26;137.03;136.16;138.76;144.05;140.90;141.31;139.01;137.82;140.39;139.26;141.26;143.03;140.98;139.52;141.41;143.59;145.88;144.59;138.02;140.80;143.50;146.46;146.13;147.43;140.94;143.83;140.87;139.97;135.47;139.43;143.61;141.36;142.16;143.42;149.79;149.94;145.12;147.26;145.47;144.61;139.05;139.14;138.76;140.73;141.03;140.02;140.68;143.36;142.59;140.70,QUESTIONABLE,Sector classification: FINANCE,
EXR,FINANCE,REIT-INDUSTRIAL/OFFICE,37,142.91000366210938,-0.028398171107321568,143.63;147.69;146.45;144.24;143.06;138.39;138.25;136.87;134.53;130.41;128.59;127.57;129.72;132.42;131.52;137.71;138.25;139.54;143.80;142.09;141.13;138.04;139.02;140.49;138.29;141.73;143.02;140.88;135.43;138.80;142.36;142.44;144.24;138.81;141.50;143.75;146.64;148.64;146.65;143.92;146.08;145.86;149.21;145.30;149.34;147.73;142.68;145.32;144.64;148.16;145.55;145.42;148.29;152.85;148.04;149.86;149.54;146.66;146.76;147.90;146.92;147.26;146.25;144.09;142.91,QUESTIONABLE,Sector classification: FINANCE,
PSA,FINANCE,REIT-INDUSTRIAL/OFFICE,48,313.510009765625,0.04711825007208881,293.61;301.17;300.27;301.05;300.60;294.16;292.01;283.50;274.78;268.82;265.17;263.56;268.39;277.77;276.67;290.57;293.50;297.07;306.37;305.49;307.96;302.67;291.38;298.77;296.07;306.48;308.68;300.90;289.78;294.73;302.18;301.67;306.40;293.08;299.19;306.83;319.89;321.72;320.98;312.58;320.22;317.92;324.39;318.31;329.64;328.69;319.35;321.86;314.68;318.04;309.75;315.01;324.02;329.44;324.17;326.49;327.00;325.71;323.58;325.93;323.10;322.74;324.97;317.37;313.51,QUESTIONABLE,Sector classification: FINANCE,
DRE,FINANCE,REIT-INDUSTRIAL/OFFICE,,,,,QUESTIONABLE,Sector classification: FINANCE,
FR,FINANCE,REIT-INDUSTRIAL/OFFICE,47,61.939998626708984,0.015847896331605993,61.47;62.09;61.63;60.38;59.52;60.04;59.11;59.83;57.86;57.10;57.33;56.23;57.39;58.21;58.59;59.99;59.95;60.85;63.25;62.71;62.35;61.58;60.90;61.65;61.24;61.93;61.89;61.37;60.35;61.15;61.95;63.53;62.07;59.22;59.92;61.09;62.42;62.29;62.87;60.22;62.62;62.91;63.08;61.31;62.40;64.43;64.89;65.10;65.89;68.86;68.46;66.33;66.46;65.33;65.84;64.15;63.39;63.03;63.34;62.87;62.37;62.62;63.43;62.86;61.94,QUESTIONABLE,Sector classification: FINANCE,
TRNO,FINANCE,REIT-INDUSTRIAL/OFFICE,48,66.58999633789062,0.02987809489961557,65.19;64.98;64.33;62.66;61.67;61.69;61.17;62.43;60.88;60.02;60.65;60.21;60.93;61.66;62.33;64.77;65.08;65.22;66.41;65.71;65.80;65.43;64.27;64.75;64.48;66.01;65.19;65.75;64.53;64.36;65.83;66.16;66.32;62.86;63.59;63.82;66.40;66.13;66.18;63.35;64.27;64.92;65.98;64.77;67.33;68.77;68.54;70.28;71.84;75.06;74.80;72.06;72.99;71.74;71.65;70.36;68.15;68.36;68.68;68.22;68.50;68.40;68.91;67.57;66.59,QUESTIONABLE,Sector classification: FINANCE,
REXR,FINANCE,REIT-INDUSTRIAL/OFFICE,32,37.130001068115234,0.02271674872680607,36.38;36.50;36.19;35.95;34.74;34.37;33.58;33.98;33.64;33.70;32.58;31.65;32.31;32.70;32.69;33.84;34.22;35.24;36.54;36.21;35.87;35.53;35.06;35.06;35.10;35.63;35.43;35.15;34.30;34.56;35.60;36.12;35.55;34.25;33.57;33.64;34.54;34.27;34.36;32.06;32.95;33.23;33.91;33.50;34.21;34.34;34.03;34.75;35.09;37.46;37.14;35.98;38.71;38.69;37.77;37.00;36.50;36.47;36.39;36.23;37.04;37.05;37.67;37.27;37.13,QUESTIONABLE,Sector classification: FINANCE,
STAG,FINANCE,REIT-INDUSTRIAL/OFFICE,30,37.18000030517578,-0.032861717037366955,37.77;38.41;38.56;38.17;37.57;37.52;37.25;37.83;36.73;36.22;35.24;35.35;35.70;36.19;36.82;37.52;37.69;38.07;39.36;38.88;38.89;39.09;37.71;38.20;37.67;38.29;38.18;37.99;37.40;37.34;37.71;38.14;37.61;36.37;36.16;36.89;37.63;37.62;38.14;36.90;38.20;38.72;39.03;38.06;39.16;39.12;38.92;39.08;39.92;41.68;41.77;40.50;40.64;38.91;38.26;37.77;36.80;36.77;36.94;36.75;36.58;36.37;37.05;37.18;37.18,QUESTIONABLE,Sector classification: FINANCE,
BXP,FINANCE,REIT-INDUSTRIAL/OFFICE,55,69.31999969482422,0.191049033331544,58.86;56.21;53.93;54.15;51.23;50.91;50.77;52.22;52.14;51.78;51.58;50.21;51.36;51.24;51.16;51.93;53.01;55.35;57.44;57.89;56.41;57.42;57.00;58.75;57.92;58.84;58.32;57.79;57.89;58.06;59.50;59.98;60.00;58.51;60.26;61.68;65.91;65.54;65.29;62.40;64.23;63.47;66.70;66.31;69.32;68.59;66.93;67.04;68.94;69.85;68.31;67.84;69.21;72.97;70.12;70.67;68.81;67.90;67.95;68.45;66.19;67.78;69.99;70.30;69.32,QUESTIONABLE,Sector classification: FINANCE,
VNO,FINANCE,REIT-INDUSTRIAL/OFFICE,62,38.20000076293945,0.3618538966827636,28.62;27.58;27.52;28.31;26.99;26.37;25.95;26.04;26.48;26.02;25.98;24.71;25.99;25.35;26.03;26.79;27.54;28.57;29.28;29.06;28.92;29.86;29.35;30.20;30.26;32.04;31.04;30.69;30.58;30.32;31.63;32.70;33.85;33.38;34.00;35.21;38.45;38.97;38.33;36.46;37.58;37.98;39.11;39.30;40.58;39.44;38.09;38.31;39.85;40.34;39.97;39.00;39.50;40.65;39.39;40.91;38.94;38.89;39.23;39.00;37.75;38.66;38.87;38.95;38.20,QUESTIONABLE,Sector classification: FINANCE,
SLG,FINANCE,REIT-INDUSTRIAL/OFFICE,82,57.540000915527344,0.6023833006208641,36.72;35.79;37.93;38.61;38.02;36.73;36.14;37.06;38.51;37.66;36.11;34.32;36.51;35.64;37.12;37.30;38.61;41.14;42.77;43.07;41.57;41.97;41.91;42.35;43.23;44.75;43.70;42.73;41.95;40.10;42.03;43.58;44.82;44.22;43.99;47.27;50.93;50.71;50.85;48.33;48.99;49.04;51.55;51.77;53.42;50.27;48.33;48.36;50.79;51.54;50.82;53.61;53.84;53.82;52.93;55.81;54.52;55.05;56.44;56.09;56.84;58.10;58.57;58.68;57.54,QUESTIONABLE,Sector classification: FINANCE,
ARE,FINANCE,REIT-INDUSTRIAL/OFFICE,24,51.56999969482422,-0.012610451464460826,52.53;52.51;50.74;50.32;49.73;48.75;47.04;48.00;48.12;46.79;45.94;44.74;45.82;42.67;43.56;43.42;43.18;46.99;48.00;47.19;45.78;44.97;40.52;40.85;43.23;44.99;45.40;46.66;44.39;45.25;47.23;47.84;49.41;48.00;50.61;50.62;52.26;52.09;51.70;48.57;50.07;50.58;54.50;52.85;52.58;49.41;48.51;48.08;48.70;50.22;50.61;50.12;51.39;53.77;51.45;48.87;48.48;48.35;48.06;48.14;45.84;52.94;54.04;52.97;51.57,QUESTIONABLE,Sector classification: FINANCE,
AGNC,FINANCE,REIT-MORTGAGE,56,10.899999618530273,0.03455883011849625,10.55;10.59;10.39;10.30;9.96;10.08;9.67;9.91;9.72;9.46;9.58;9.16;9.59;9.71;9.65;10.02;10.06;10.27;10.43;10.44;10.39;10.62;10.49;10.58;10.37;10.37;10.44;10.28;10.00;9.80;9.92;10.09;10.20;10.01;9.95;9.95;10.09;10.08;10.23;10.08;10.15;10.26;10.66;10.78;10.88;11.00;10.95;10.87;11.20;11.10;10.66;10.44;10.52;10.78;10.66;10.64;10.61;10.76;10.88;10.96;10.92;10.92;10.98;10.81;10.90,HARAM,Group classification: REIT-MORTGAGE,
NLY,FINANCE,REIT-MORTGAGE,58,23.040000915527344,0.07897156993470222,21.53;21.75;21.56;21.49;20.76;21.02;20.46;20.79;20.52;19.87;20.03;19.44;20.46;20.68;20.54;21.38;21.50;21.91;22.06;21.87;21.70;22.10;21.81;22.08;21.65;21.65;21.71;21.44;20.98;20.59;20.93;20.91;20.90;20.81;20.48;20.53;21.01;21.30;21.52;21.44;21.44;21.59;22.21;22.36;22.56;22.69;22.73;22.53;23.16;23.01;22.65;22.31;22.57;23.05;22.72;22.75;22.66;22.91;23.11;23.33;23.40;23.29;23.25;22.86;23.04,HARAM,Group classification: REIT-MORTGAGE,
STWD,FINANCE,REIT-MORTGAGE,17,15.8100004196167,-0.05995051495790127,16.74;16.83;16.95;17.05;16.90;16.87;16.61;16.81;16.70;16.43;16.52;16.10;16.73;16.73;16.77;17.24;17.32;17.64;17.63;17.72;17.63;17.81;17.54;17.78;17.74;17.54;16.74;16.63;16.56;16.35;16.85;16.88;16.61;16.32;16.45;16.57;16.67;16.46;16.34;16.19;16.17;16.14;16.34;16.38;16.48;16.62;16.45;16.46;16.66;17.00;16.60;16.33;16.58;16.52;15.98;16.26;15.93;16.65;16.46;16.30;16.24;16.41;16.29;15.91;15.81,HARAM,Group classification: REIT-MORTGAGE,
RITM,FINANCE,REIT-MORTGAGE,37,10.079999923706055,0.06220253313137736,9.69;9.53;9.43;9.27;9.33;9.36;8.96;8.87;8.56;8.59;8.76;8.66;8.99;9.13;9.25;9.65;9.82;9.91;9.89;9.90;9.85;9.85;9.40;9.53;9.44;9.53;9.44;9.00;8.89;8.76;9.01;9.02;9.01;8.86;8.78;8.89;9.09;8.99;8.94;8.95;8.90;8.99;9.13;9.14;9.09;9.22;9.21;9.07;9.23;9.32;9.15;8.98;9.23;9.99;9.88;10.25;9.94;10.11;10.23;10.36;10.20;10.16;10.25;10.08;10.08,HARAM,Group classification: REIT-MORTGAGE,
BXMT,FINANCE,REIT-MORTGAGE,6,13.729999542236328,-0.24512108517552345,18.55;18.24;18.37;18.45;18.26;17.99;17.62;18.15;18.04;17.80;18.04;17.89;18.63;18.18;18.00;18.97;19.25;19.58;19.67;19.44;19.40;19.58;18.57;18.56;18.60;18.63;17.85;17.93;17.57;17.31;17.49;17.75;17.79;17.45;17.52;17.85;17.88;17.70;17.63;17.35;17.52;17.00;16.96;16.95;17.25;17.15;16.87;16.82;17.12;17.08;16.79;16.49;16.62;16.40;14.54;14.42;13.84;14.17;14.28;14.48;14.18;14.35;14.12;13.92;13.73,HARAM,Group classification: REIT-MORTGAGE,
ABR,FINANCE,REIT-MORTGAGE,6,5.059999942779541,-0.24786602424244653,6.50;7.19;7.60;7.79;7.71;7.50;7.21;7.31;7.36;7.12;7.14;6.91;7.25;7.05;6.91;7.08;7.24;7.44;7.53;7.67;7.32;7.58;7.31;7.45;7.52;7.68;6.26;5.53;5.44;5.46;5.55;5.25;5.46;5.31;5.13;5.08;5.14;4.99;4.99;4.94;4.90;4.93;5.23;5.24;5.10;4.78;4.80;4.75;4.89;5.01;4.94;4.86;4.92;4.92;4.85;5.05;4.96;5.19;5.05;5.09;4.90;5.18;5.25;5.06;5.06,HARAM,Group classification: REIT-MORTGAGE,
PMT,FINANCE,REIT-MORTGAGE,12,9.34000015258789,-0.1731168455290374,11.26;11.40;11.21;11.21;11.04;11.05;10.82;10.90;10.81;10.55;10.62;10.41;10.84;11.12;10.95;11.16;11.49;11.67;11.63;11.41;11.49;11.64;11.54;11.86;11.67;10.66;10.37;10.11;9.89;9.90;10.12;9.97;10.13;9.96;9.64;9.79;9.72;9.51;9.75;9.67;9.56;10.06;10.36;10.85;10.40;10.19;10.11;10.18;9.83;9.90;9.80;9.58;9.62;9.69;9.43;9.53;9.34;9.38;9.48;9.45;9.43;9.39;9.29;9.23;9.34,HARAM,Group classification: REIT-MORTGAGE,
AVB,FINANCE,REIT-RESIDENTIAL/COMMERCIAL,,,,;;;;;;;;;;;;;;;;;;;;;;;;;;;;;;;;;;;;;;;;;;;;;;;;;68.93;68.26;68.31;67.15;68.90;66.46;67.76;66.79;65.82;64.37;65.90;64.03;65.14;68.14;;,QUESTIONABLE,Sector classification: FINANCE,
EQR,FINANCE,REIT-RESIDENTIAL/COMMERCIAL,,,,;;;;;;;;;;;;;;;;;;;;;;;;;;;;;;;;;;;;;;;;;;;;;;;;;69.00;68.29;;;;66.45;;66.70;;64.42;65.97;63.66;63.66;;;,QUESTIONABLE,Sector classification: FINANCE,
ESS,FINANCE,REIT-RESIDENTIAL/COMMERCIAL,50,284.0299987792969,0.13433492691524318,254.90;250.18;250.56;253.25;250.40;245.38;245.12;246.21;241.52;237.89;237.46;234.98;239.88;245.18;246.13;247.84;246.77;249.51;252.74;250.94;252.83;254.58;262.60;261.05;264.36;265.03;266.42;269.56;264.72;270.24;271.40;274.82;274.02;274.51;275.36;282.93;282.29;278.13;278.93;272.00;273.86;279.18;292.76;291.59;298.33;298.32;291.12;297.48;292.79;292.93;294.01;293.20;290.68;296.80;284.14;287.21;285.12;283.21;281.27;287.52;283.71;287.71;293.61;288.17;284.03,QUESTIONABLE,Sector classification: FINANCE,
MAA,FINANCE,REIT-RESIDENTIAL/COMMERCIAL,28,129.61000061035156,-0.004591423647191117,130.91;130.73;130.44;131.26;129.05;124.92;123.36;125.07;121.59;119.52;118.79;117.75;119.26;121.96;121.39;122.68;122.94;122.77;126.48;124.30;124.56;123.95;128.23;127.09;128.67;128.87;128.24;127.86;124.27;127.00;128.52;129.05;129.32;126.66;131.02;135.97;137.32;136.52;135.76;131.59;130.62;132.88;139.11;137.35;140.56;140.09;134.44;134.33;131.77;132.96;132.24;132.75;133.46;137.38;132.34;133.21;133.63;132.34;132.33;133.49;130.17;132.06;133.16;131.50;129.61,QUESTIONABLE,Sector classification: FINANCE,
UDR,FINANCE,REIT-RESIDENTIAL/COMMERCIAL,33,37.119998931884766,0.01324769148107574,36.93;36.76;36.72;36.93;36.48;35.35;34.71;35.11;34.55;33.59;33.26;32.92;33.12;33.96;34.03;34.17;34.07;34.60;35.02;34.72;34.65;34.29;35.89;36.12;36.67;36.66;36.88;37.28;36.65;37.12;37.23;37.75;37.60;36.33;37.33;38.91;39.08;38.82;38.61;37.37;37.46;38.11;39.68;39.63;40.79;40.94;39.40;39.88;39.17;39.61;39.42;39.33;39.12;39.57;38.01;38.40;37.99;37.52;37.09;37.79;37.09;37.69;38.39;37.93;37.12,QUESTIONABLE,Sector classification: FINANCE,
INVH,FINANCE,REIT-RESIDENTIAL/COMMERCIAL,40,29.239999771118164,0.16521257505670373,25.06;25.76;25.70;25.84;25.40;24.65;24.44;24.84;24.45;24.21;24.34;24.22;24.60;25.29;25.36;25.74;25.70;26.01;26.76;26.67;27.02;26.95;27.79;28.24;28.36;28.68;28.63;28.17;27.65;28.37;28.74;29.10;29.08;28.81;28.69;29.74;29.50;29.15;28.87;28.20;28.15;29.34;30.46;30.21;30.53;30.20;29.37;30.11;29.82;30.12;29.85;29.44;29.63;30.11;29.72;30.47;30.37;29.89;29.78;30.29;29.72;30.27;30.46;29.89;29.24,QUESTIONABLE,Sector classification: FINANCE,
AMH,FINANCE,REIT-RESIDENTIAL/COMMERCIAL,45,33.540000915527344,0.16488666239212146,29.17;29.36;29.20;29.35;28.84;28.25;28.09;28.31;27.86;27.27;27.27;27.21;27.64;28.79;28.99;29.33;29.46;29.86;30.39;30.21;30.31;30.00;31.00;31.63;31.96;32.10;31.73;31.13;30.31;31.40;31.79;31.72;31.67;31.96;31.92;32.94;33.14;32.67;32.62;31.83;31.64;32.76;34.09;33.52;34.08;34.00;32.94;33.80;33.51;34.07;33.32;33.11;33.45;33.71;33.42;34.53;34.55;34.13;33.83;34.08;33.67;34.37;34.81;34.16;33.54,QUESTIONABLE,Sector classification: FINANCE,
SUI,FINANCE,REIT-RESIDENTIAL/COMMERCIAL,27,122.91999816894531,-0.04561512545924751,130.20;134.00;133.95;134.23;133.00;133.85;132.02;132.83;128.76;126.71;125.34;123.31;124.80;128.06;125.77;127.49;128.32;127.47;129.26;128.03;128.40;126.46;125.39;125.38;124.11;124.91;124.63;123.13;119.30;120.81;125.12;123.72;123.85;119.24;119.42;122.55;123.58;124.69;123.26;120.77;117.20;118.82;120.13;119.91;123.63;122.29;118.74;120.80;118.39;121.46;119.04;120.00;121.44;127.94;123.48;121.67;120.32;118.57;118.34;123.29;120.17;122.29;123.43;125.24;122.92,QUESTIONABLE,Sector classification: FINANCE,
ELS,FINANCE,REIT-RESIDENTIAL/COMMERCIAL,35,63.7400016784668,-0.04568055033122065,66.64;66.00;67.09;66.60;66.37;65.86;66.72;66.64;64.10;62.05;61.99;61.57;61.88;63.44;62.93;63.52;63.75;63.82;64.84;64.45;62.93;62.23;61.68;62.28;61.96;62.74;62.84;62.53;60.58;62.35;62.52;61.92;61.70;60.25;60.95;61.89;62.81;63.39;63.67;62.28;61.47;62.75;64.23;64.45;66.25;65.38;63.35;64.98;63.78;65.75;64.90;66.03;65.05;67.65;65.07;64.91;64.66;64.58;63.97;65.61;64.49;65.44;65.74;64.65;63.74,QUESTIONABLE,Sector classification: FINANCE,
O,FINANCE,REIT-RETAIL,38,61.97999954223633,-0.04626810529103709,64.31;65.56;65.13;63.41;63.55;63.32;63.06;62.72;61.30;59.55;58.77;59.39;60.14;61.15;61.17;62.12;62.24;62.87;63.98;62.91;62.99;61.68;62.21;62.99;62.75;61.00;61.56;60.73;60.34;61.29;61.43;61.65;60.90;59.04;59.21;60.32;60.73;61.38;61.61;60.06;60.07;61.46;62.58;61.70;63.57;63.74;62.90;63.90;62.99;65.43;64.72;64.45;65.22;65.26;63.87;62.90;62.36;61.89;62.59;62.74;62.21;63.17;63.17;62.26;61.98,QUESTIONABLE,Sector classification: FINANCE,
SPG,FINANCE,REIT-RETAIL,57,214.55999755859375,0.09670224301571428,196.54;199.34;197.48;196.58;188.56;187.50;184.79;188.46;189.23;179.52;179.60;178.23;184.51;186.62;188.50;196.81;198.53;199.42;203.99;202.54;201.45;199.11;197.92;200.24;200.11;199.21;198.82;198.38;197.85;198.68;202.68;204.69;204.53;200.50;201.34;208.03;211.89;214.86;215.66;209.86;214.57;222.15;226.89;223.65;226.06;227.19;219.71;219.49;222.01;228.70;226.79;225.20;231.67;235.61;229.37;225.90;221.83;220.55;220.56;219.58;220.61;219.90;220.73;217.11;214.56,QUESTIONABLE,Sector classification: FINANCE,
REG,FINANCE,REIT-RETAIL,35,75.5199966430664,-0.010325707297852316,76.46;77.50;78.25;77.81;76.75;76.94;75.86;76.65;75.97;73.95;73.73;73.60;74.95;76.26;76.61;77.62;77.60;78.78;80.17;79.26;79.98;79.20;78.64;77.91;78.15;77.13;76.99;75.95;75.35;76.62;77.61;78.25;77.79;75.43;75.60;76.99;78.81;79.94;79.26;77.37;77.36;79.87;81.81;79.74;80.96;80.74;79.44;79.94;79.99;82.68;82.09;81.18;82.34;81.11;80.29;79.43;76.96;76.11;75.74;76.71;76.19;76.51;76.69;76.38;75.52,QUESTIONABLE,Sector classification: FINANCE,
FRT,FINANCE,REIT-RETAIL,53,116.75,0.09131984349053335,105.86;106.63;108.39;106.53;104.44;104.89;102.43;104.72;104.20;101.72;101.24;100.84;104.12;105.81;106.10;106.41;107.99;109.14;111.50;110.11;110.48;110.15;109.60;114.26;114.23;114.61;114.36;113.09;112.12;113.79;117.52;119.06;119.91;117.67;118.33;121.44;123.30;123.58;123.57;119.38;120.61;123.48;123.93;122.31;121.69;122.11;120.73;121.84;122.24;126.02;125.59;124.83;127.13;125.78;124.09;122.82;117.91;117.13;117.21;118.39;117.48;117.25;117.54;117.58;116.75,QUESTIONABLE,Sector classification: FINANCE,
KIM,FINANCE,REIT-RETAIL,46,23.780000686645508,0.03840948613361417,22.81;23.04;23.02;23.00;22.95;22.92;22.66;22.98;22.84;22.45;22.17;21.98;22.23;22.36;22.40;22.82;22.95;23.23;23.93;23.43;23.58;23.62;23.38;23.13;23.29;23.28;23.22;22.83;22.75;23.10;23.79;24.27;23.91;23.38;23.51;24.23;25.19;25.75;25.35;24.49;24.69;25.42;25.89;25.35;25.32;25.29;24.93;25.11;25.09;26.12;26.10;25.74;26.38;26.01;25.48;25.01;24.43;24.11;24.18;24.41;24.22;24.16;24.22;24.03;23.78,QUESTIONABLE,Sector classification: FINANCE,
BRX,FINANCE,REIT-RETAIL,38,29.170000076293945,-0.00039112478769687264,29.49;29.65;30.01;29.59;29.32;29.30;29.04;29.14;28.90;28.25;28.12;27.80;28.21;28.61;28.93;29.28;29.34;29.82;30.62;30.41;30.26;30.20;29.54;29.48;29.82;29.79;29.55;29.05;28.95;29.57;30.56;30.84;30.47;29.77;29.89;30.67;31.52;31.86;31.71;30.64;30.87;31.63;32.13;31.22;31.20;31.35;30.94;31.37;31.36;32.57;32.69;31.97;32.35;31.66;31.51;31.18;30.15;29.81;29.73;29.98;29.62;29.48;29.58;29.38;29.17,QUESTIONABLE,Sector classification: FINANCE,
ROIC,FINANCE,REIT-RETAIL,,,,,QUESTIONABLE,Sector classification: FINANCE,
SKT,FINANCE,REIT-RETAIL,53,37.72999954223633,0.07685635285489556,37.01;36.46;36.76;36.15;35.33;34.94;34.58;34.99;34.91;33.65;33.40;33.20;33.43;34.01;34.40;35.71;35.83;35.64;36.42;36.15;36.39;36.18;36.16;36.07;35.92;36.05;35.74;35.14;35.00;34.75;35.53;35.66;36.34;35.15;35.38;36.81;39.17;39.51;40.30;38.38;39.00;40.23;40.18;39.17;39.23;39.61;39.17;39.57;39.95;41.46;41.62;40.80;41.48;41.26;40.66;40.72;39.32;38.65;38.48;38.45;38.32;38.23;38.95;38.06;37.73,QUESTIONABLE,Sector classification: FINANCE,
ADC,FINANCE,REIT-RETAIL,28,73.19999694824219,-0.057788960761886776,77.92;79.09;80.50;79.63;79.66;78.47;77.83;78.65;77.31;74.41;72.93;73.12;74.33;75.55;75.39;76.89;76.45;76.93;78.36;77.77;76.18;74.93;75.29;75.56;75.16;75.53;75.59;74.38;73.68;74.82;74.89;74.72;73.77;71.97;71.54;72.91;74.04;74.27;73.96;73.30;72.89;74.80;76.50;75.48;77.55;78.13;77.58;78.35;77.38;80.84;79.99;79.54;80.18;80.12;77.80;76.32;76.35;74.14;74.36;74.74;74.21;74.45;74.58;73.67;73.20,QUESTIONABLE,Sector classification: FINANCE,
KO,FOOD_BEVERAGE,BEVERAGES-NON-ALCOHOLIC,65,89.66000366210938,0.12784706161685988,79.41;80.48;78.29;76.01;76.77;76.61;76.84;77.08;75.07;74.63;74.77;75.22;75.56;76.23;75.42;77.68;75.92;74.83;75.25;74.22;75.79;74.96;78.36;78.08;77.98;77.93;78.16;79.75;80.30;81.39;80.65;79.94;79.89;78.14;78.25;78.97;80.82;82.00;80.91;79.93;79.53;80.60;82.63;81.27;84.14;84.05;82.63;84.25;82.45;81.56;81.97;81.17;84.07;89.08;87.59;86.56;86.85;86.87;86.71;87.71;88.82;90.50;91.99;90.08;89.66,HALAL,"Business activity permissible — debt ratio not verified, cross-check Musaffa/Zoya",
PEP,FOOD_BEVERAGE,BEVERAGES-NON-ALCOHOLIC,20,141.07000732421875,-0.14550967987728092,165.93;166.49;161.75;157.62;159.85;158.48;158.22;154.87;151.15;149.31;150.15;151.45;153.67;155.38;151.61;155.85;154.26;153.24;156.03;153.31;154.08;152.50;153.67;155.77;153.43;154.66;147.85;147.72;147.57;148.80;147.30;144.16;144.77;140.05;141.06;141.92;142.78;143.73;146.25;141.59;140.71;142.27;141.39;135.40;144.22;144.98;137.86;138.49;135.40;137.12;135.00;134.95;139.79;143.50;139.56;139.10;138.44;137.73;138.70;140.79;140.13;142.08;144.67;142.19;141.07,HALAL,"Business activity permissible — debt ratio not verified, cross-check Musaffa/Zoya",
KDP,FOOD_BEVERAGE,BEVERAGES-NON-ALCOHOLIC,47,32.18000030517578,0.09826917482441555,29.67;29.80;29.10;27.61;27.75;27.21;26.98;27.14;26.72;26.13;25.95;26.04;26.14;25.13;25.29;26.23;25.86;25.82;26.34;26.25;28.33;27.95;28.73;28.88;28.72;28.32;28.51;29.10;28.73;28.65;28.58;29.34;29.83;29.99;30.33;30.31;31.26;31.01;31.55;30.67;30.65;31.18;33.40;32.73;33.30;31.49;30.72;31.25;30.28;30.91;30.21;29.67;30.12;31.45;31.12;31.10;30.37;29.30;29.56;31.44;30.79;31.66;32.51;32.21;32.18,HALAL,"Business activity permissible — debt ratio not verified, cross-check Musaffa/Zoya",
MNST,FOOD_BEVERAGE,BEVERAGES-NON-ALCOHOLIC,2,46.86000061035156,-0.4466879293955365,85.41;85.30;78.99;76.70;75.73;77.52;77.11;77.59;73.74;73.96;73.21;71.83;72.46;72.37;72.44;76.19;75.17;74.93;76.72;75.27;77.56;76.86;76.89;77.12;75.80;75.97;86.41;85.93;87.09;86.35;86.32;87.42;87.99;89.10;89.04;89.55;90.15;92.03;93.23;91.66;93.02;94.70;96.38;96.12;97.60;96.92;96.55;97.07;97.57;97.50;47.23;93.56;95.33;97.23;48.19;94.18;47.08;;45.98;46.82;47.38;47.49;48.92;47.81;46.86,HALAL,"Business activity permissible — debt ratio not verified, cross-check Musaffa/Zoya",
CELH,FOOD_BEVERAGE,BEVERAGES-NON-ALCOHOLIC,8,32.97999954223633,-0.3299472018630478,50.61;53.61;47.11;43.69;43.31;45.72;44.57;43.96;42.96;39.65;35.93;33.94;35.48;34.08;34.48;36.38;33.66;35.28;35.25;32.69;33.93;33.14;32.66;33.73;33.52;34.26;30.64;27.86;30.16;29.13;29.70;29.67;33.22;30.88;30.01;28.13;28.19;28.40;28.74;30.38;29.12;28.52;29.85;29.28;33.16;31.70;30.52;29.83;30.21;28.99;28.02;27.17;28.79;28.88;29.21;29.54;23.77;27.21;27.62;29.09;29.90;32.54;35.03;35.23;32.98,HALAL,"Business activity permissible — debt ratio not verified, cross-check Musaffa/Zoya",
FIZZ,FOOD_BEVERAGE,BEVERAGES-NON-ALCOHOLIC,24,32.58000183105469,-0.03471636390268518,33.68;32.86;33.83;32.29;32.03;31.14;32.30;31.28;31.24;30.74;30.16;30.06;30.42;30.51;30.55;32.03;31.28;30.62;31.01;29.77;30.61;30.98;30.51;30.83;31.56;31.78;31.23;31.46;31.09;31.37;31.99;32.22;33.66;33.43;32.48;33.00;33.62;33.41;33.04;33.27;30.62;30.36;29.58;28.20;30.13;29.36;29.41;31.13;30.85;31.07;30.78;30.53;31.25;32.69;31.64;31.77;31.96;31.04;30.95;31.31;31.48;32.21;33.07;32.96;32.58,HALAL,"Business activity permissible — debt ratio not verified, cross-check Musaffa/Zoya",
COCO,FOOD_BEVERAGE,BEVERAGES-NON-ALCOHOLIC,65,61.709999084472656,0.1508765444561997,55.07;58.06;54.12;53.00;52.74;57.69;58.35;58.14;53.98;55.77;53.87;46.97;47.91;48.24;49.22;48.83;48.39;49.79;48.32;47.38;47.42;51.61;66.95;66.75;67.79;68.21;72.46;74.77;78.44;76.45;78.83;76.49;77.38;75.00;75.18;74.09;74.22;78.65;82.85;83.64;82.88;82.79;73.71;66.14;66.16;65.55;71.25;74.64;74.75;73.18;75.89;69.37;67.35;67.54;65.94;64.38;64.12;62.78;66.45;65.21;63.54;65.17;63.36;62.80;61.71,HALAL,"Business activity permissible — debt ratio not verified, cross-check Musaffa/Zoya",
CAG,FOOD_BEVERAGE,FOOD-CANNED,39,16.09000015258789,-0.11537135385884101,18.01;18.56;18.28;17.95;18.00;16.38;15.83;15.61;14.85;14.91;14.77;15.06;15.16;15.16;14.94;15.00;13.99;13.59;14.33;14.15;13.90;13.62;13.72;13.90;13.84;14.20;13.77;13.93;13.28;13.77;13.23;13.00;13.23;12.96;12.44;12.86;12.99;13.30;13.46;13.01;12.70;13.46;13.92;13.31;14.18;13.87;13.22;14.17;13.93;14.12;14.68;14.21;15.07;15.32;14.51;15.00;14.85;14.77;14.96;15.62;15.52;16.27;16.67;16.19;16.09,HALAL,"Business activity permissible — debt ratio not verified, cross-check Musaffa/Zoya",
CPB,FOOD_BEVERAGE,FOOD-CANNED,21,23.389999389648438,-0.10707950148587131,25.60;26.04;25.17;24.21;24.44;22.17;20.98;20.85;20.32;20.29;20.11;21.25;21.52;21.64;20.53;20.44;19.83;20.15;20.64;20.56;20.61;20.21;20.11;20.39;20.56;20.90;20.29;20.01;19.68;19.87;19.72;19.80;20.45;20.73;20.64;21.32;21.76;22.35;21.94;20.76;20.06;21.87;22.35;21.90;23.32;22.90;21.47;22.15;21.89;22.08;22.34;21.41;22.37;22.96;21.98;22.76;22.56;22.42;22.60;23.17;22.86;23.77;24.16;23.23;23.39,HALAL,"Business activity permissible — debt ratio not verified, cross-check Musaffa/Zoya",
BGS,FOOD_BEVERAGE,FOOD-CANNED,10,3.5199999809265137,-0.29648079096335955,4.98;4.99;4.75;5.25;5.25;5.05;4.93;4.75;4.66;4.61;4.81;4.90;4.70;4.86;5.00;5.36;5.29;5.40;5.30;5.21;5.15;5.28;5.18;5.41;5.34;5.29;4.97;4.29;4.07;3.95;4.15;3.99;4.04;3.90;3.93;3.81;3.77;3.95;3.88;3.81;3.69;3.88;4.04;3.98;4.08;3.95;3.87;3.89;3.76;3.71;3.65;3.51;3.58;3.73;3.53;3.56;3.42;3.40;3.58;3.62;3.45;3.33;3.49;3.53;3.52,HALAL,"Business activity permissible — debt ratio not verified, cross-check Musaffa/Zoya",
JJSF,FOOD_BEVERAGE,FOOD-CANNED,43,89.26000213623047,0.07177605017817457,84.08;85.33;84.66;83.93;82.16;81.26;80.65;76.80;73.90;75.65;76.81;79.02;78.46;78.41;80.85;80.94;81.37;78.65;79.70;80.59;80.89;85.17;86.17;86.14;83.72;74.93;69.65;70.84;70.67;71.81;72.99;73.68;76.43;75.77;74.99;74.65;76.17;77.61;77.12;74.50;71.73;74.91;75.75;73.45;75.92;76.93;75.50;76.60;75.65;76.68;76.59;76.14;77.71;79.21;76.50;78.64;91.86;89.99;89.61;89.47;88.84;88.44;89.86;88.71;89.26,HALAL,"Business activity permissible — debt ratio not verified, cross-check Musaffa/Zoya",
HSY,FOOD_BEVERAGE,FOOD-CONFECTIONERY,18,179.0500030517578,-0.19562449628937884,226.11;232.65;230.56;223.10;219.36;214.50;213.75;214.36;207.34;211.86;213.66;210.44;204.69;203.02;203.80;207.60;194.57;188.94;189.67;185.81;189.15;183.62;186.25;179.54;182.07;184.18;186.32;192.66;185.52;191.30;188.90;189.63;195.50;184.95;181.77;183.14;174.47;179.43;179.70;173.94;169.56;181.61;177.71;174.08;180.72;174.58;170.31;173.87;168.94;170.08;169.30;170.80;178.78;182.48;173.68;177.64;181.59;181.32;182.79;184.22;183.45;188.31;189.94;185.35;179.05,HALAL,"Business activity permissible — debt ratio not verified, cross-check Musaffa/Zoya",
MDLZ,FOOD_BEVERAGE,FOOD-CONFECTIONERY,40,62.36000061035156,0.05046624307356917,59.11;60.54;57.78;57.20;57.19;54.43;53.97;56.97;55.54;55.90;56.46;57.29;57.16;57.06;57.03;58.60;57.20;56.11;56.77;55.66;57.23;56.94;60.53;60.86;60.85;60.80;60.90;61.01;59.94;60.78;60.99;60.73;61.87;60.54;60.80;61.52;62.41;62.83;60.99;60.35;59.02;61.23;60.28;57.84;60.91;60.22;58.30;59.86;58.72;61.00;59.86;60.05;60.67;64.99;62.31;62.08;62.75;61.53;62.18;63.61;62.66;64.14;64.70;63.01;62.36,HALAL,"Business activity permissible — debt ratio not verified, cross-check Musaffa/Zoya",
TR,FOOD_BEVERAGE,FOOD-CONFECTIONERY,46,41.27000045776367,0.014006616964296281,40.45;40.82;40.65;41.29;42.24;40.88;42.29;42.17;40.95;41.18;41.62;42.26;42.62;43.62;43.27;44.70;44.07;42.33;42.74;41.82;42.51;41.56;42.16;42.40;42.15;42.64;40.68;40.47;40.42;40.76;40.44;37.31;37.77;37.36;37.57;38.30;38.52;38.65;37.77;37.09;36.20;37.94;38.04;39.55;40.78;38.45;38.03;38.02;38.72;39.08;38.87;37.92;38.58;39.57;39.02;39.61;39.75;39.55;40.53;40.92;40.51;41.67;41.44;41.31;41.27,HALAL,"Business activity permissible — debt ratio not verified, cross-check Musaffa/Zoya",
DAR,FOOD_BEVERAGE,FOOD-DAIRY PRODUCTS,89,64.31999969482422,0.24554609711551567,53.09;53.16;53.37;53.20;51.92;55.56;54.80;56.91;56.80;56.46;58.84;59.28;61.85;64.65;63.51;61.34;61.41;58.44;57.95;60.27;60.94;60.35;62.80;63.77;64.84;62.27;63.82;62.26;62.37;59.95;57.86;59.35;59.62;60.44;61.55;59.45;58.36;57.00;56.12;53.79;53.22;52.65;52.50;54.62;56.53;58.23;60.19;62.03;60.62;63.10;63.91;63.40;60.53;58.62;60.64;60.15;60.51;62.83;63.43;67.04;68.34;67.84;62.32;62.50;64.32,HALAL,"Business activity permissible — debt ratio not verified, cross-check Musaffa/Zoya",
LANC,FOOD_BEVERAGE,FOOD-DAIRY PRODUCTS,,,,,HALAL,"Business activity permissible — debt ratio not verified, cross-check Musaffa/Zoya",
BRBR,FOOD_BEVERAGE,FOOD-DAIRY PRODUCTS,5,10.6899995803833,-0.4041249017752695,18.06;18.39;17.73;16.98;16.46;17.62;16.83;18.51;17.34;16.61;15.50;15.35;16.09;16.62;15.66;15.40;15.11;15.95;16.14;16.45;16.30;16.85;17.54;17.20;10.63;10.46;9.40;9.25;9.69;8.89;9.05;8.60;8.66;9.06;8.86;8.77;8.43;8.91;8.86;9.07;10.17;11.91;11.55;12.94;13.86;13.94;12.15;12.75;12.09;12.12;12.66;12.90;13.07;13.29;12.39;12.75;12.11;11.38;10.85;10.75;10.38;10.45;10.85;10.79;10.69,HALAL,"Business activity permissible — debt ratio not verified, cross-check Musaffa/Zoya",
TSN,FOOD_BEVERAGE,FOOD-MEAT PRODUCTS,17,55.400001525878906,-0.10548805602269262,61.59;64.45;62.47;61.54;60.82;59.31;59.82;61.55;58.63;59.20;60.94;63.39;63.53;64.09;63.65;64.87;63.91;62.85;64.28;64.03;64.68;63.08;63.05;63.15;67.87;67.37;66.52;66.33;65.24;65.61;65.91;64.59;61.48;59.93;57.09;58.73;56.47;55.64;57.30;56.20;55.51;57.81;58.55;57.25;58.89;58.82;57.71;57.92;57.47;57.77;57.05;56.75;60.71;61.04;57.96;58.74;58.54;57.16;55.81;58.17;57.99;58.40;57.87;56.55;55.40,QUESTIONABLE,Group classification: FOOD-MEAT PRODUCTS,
HRL,FOOD_BEVERAGE,FOOD-MEAT PRODUCTS,21,21.56999969482422,-0.1200538445976439,24.66;24.94;23.97;23.57;23.27;22.44;22.06;22.33;21.79;21.84;22.46;22.48;22.07;21.52;20.90;20.59;20.24;20.42;20.94;21.00;21.50;21.22;20.61;21.08;20.68;20.50;19.92;19.67;19.51;20.16;20.83;20.64;23.31;23.07;22.86;23.34;23.70;24.15;24.29;24.04;23.82;25.25;26.20;24.53;24.70;24.41;24.04;24.46;25.15;25.39;25.11;25.02;26.05;25.80;25.01;25.34;25.09;24.70;24.39;24.54;24.34;24.08;24.09;23.71;21.57,QUESTIONABLE,Group classification: FOOD-MEAT PRODUCTS,
PPC,FOOD_BEVERAGE,FOOD-MEAT PRODUCTS,14,31.690000534057617,-0.2268846246301749,40.92;43.16;41.91;40.75;39.73;37.38;36.23;37.33;35.67;34.97;35.42;36.72;37.76;37.33;35.60;35.99;35.63;33.64;33.91;33.09;33.71;33.13;31.15;31.88;31.32;30.40;28.66;27.86;27.56;28.40;29.00;28.21;28.54;28.79;27.58;29.88;29.74;29.66;29.04;28.35;26.63;27.56;28.61;28.11;28.76;28.77;27.41;28.51;28.42;29.11;28.55;27.92;29.19;29.95;27.36;26.96;27.55;26.51;26.86;27.90;28.49;31.24;31.79;31.29;31.69,QUESTIONABLE,Group classification: FOOD-MEAT PRODUCTS,
SAFM,FOOD_BEVERAGE,FOOD-MEAT PRODUCTS,,,,,QUESTIONABLE,Group classification: FOOD-MEAT PRODUCTS,
MKC,FOOD_BEVERAGE,FOOD-MISC PREPARATION,24,55.33000183105469,-0.18985978352289112,67.81;69.78;66.47;64.11;63.04;58.87;57.26;56.07;53.09;52.31;51.84;52.13;49.55;47.98;50.12;50.53;53.15;52.39;53.37;51.51;51.42;49.95;50.09;49.79;48.05;47.47;46.65;45.19;45.93;46.83;46.54;46.40;46.41;46.16;45.87;46.82;48.19;48.79;47.44;46.07;45.32;47.17;50.59;49.97;52.97;52.22;51.54;53.75;50.92;51.70;52.35;50.19;50.61;51.99;50.90;52.06;52.28;53.13;52.97;54.67;55.28;55.22;56.20;55.10;55.33,HALAL,"Business activity permissible — debt ratio not verified, cross-check Musaffa/Zoya",
SJM,FOOD_BEVERAGE,FOOD-MISC PREPARATION,76,132.33999633789062,0.2167835219003691,104.45;113.61;110.08;109.10;106.76;105.45;103.94;100.57;98.39;96.40;93.47;93.32;94.50;93.55;92.25;90.61;87.73;91.61;93.57;93.81;94.25;93.41;94.85;95.02;94.74;97.44;97.22;98.84;99.61;102.08;100.96;101.37;103.31;99.68;100.33;102.58;111.35;115.75;114.86;111.91;106.19;110.59;114.57;111.46;115.20;112.19;109.84;109.50;108.01;110.97;114.68;114.64;119.93;125.18;118.15;118.06;117.70;116.97;117.69;121.39;118.50;123.05;125.87;130.90;132.34,HALAL,"Business activity permissible — debt ratio not verified, cross-check Musaffa/Zoya",
POST,FOOD_BEVERAGE,FOOD-MISC PREPARATION,9,85.3499984741211,-0.19412713131029646,104.53;106.30;106.66;105.58;105.43;101.63;98.45;96.93;97.41;97.35;97.21;95.70;98.86;100.32;100.05;102.58;99.86;99.39;101.59;106.93;104.64;103.81;102.05;103.40;103.71;102.99;100.53;104.31;101.07;97.69;97.27;95.87;96.37;89.13;91.00;90.43;91.51;93.17;92.36;88.96;86.68;90.84;89.41;88.26;92.78;88.77;84.70;86.70;85.23;86.86;88.39;90.16;91.31;97.53;91.41;90.59;90.23;76.23;80.58;80.95;79.82;78.52;82.38;81.97;85.35,HALAL,"Business activity permissible — debt ratio not verified, cross-check Musaffa/Zoya",
TWNK,FOOD_BEVERAGE,FOOD-MISC PREPARATION,,,,,HALAL,"Business activity permissible — debt ratio not verified, cross-check Musaffa/Zoya",
FLO,FOOD_BEVERAGE,FOOD-MISC PREPARATION,5,7.099999904632568,-0.268029214375746,9.24;9.46;8.84;8.84;8.71;8.48;8.65;8.59;8.24;8.13;8.15;8.27;8.02;8.11;7.99;8.01;8.09;8.38;8.37;8.55;8.64;8.81;8.73;8.58;8.50;8.43;8.09;7.61;7.06;7.09;6.90;7.67;7.58;7.54;7.15;7.36;7.54;7.68;7.70;7.33;7.35;7.65;7.97;7.90;8.63;8.60;8.08;8.29;8.25;8.49;8.50;7.75;7.64;7.46;7.02;7.33;7.24;7.14;7.17;7.52;7.38;7.10;7.28;7.17;7.10,HALAL,"Business activity permissible — debt ratio not verified, cross-check Musaffa/Zoya",
INGR,FOOD_BEVERAGE,FOOD-MISC PREPARATION,22,104.62000274658203,-0.08402995869811147,114.59;115.60;113.15;111.01;111.59;109.39;110.55;111.31;108.49;108.70;109.03;110.33;110.87;111.78;112.35;113.93;112.60;111.72;114.25;112.22;111.91;112.03;110.74;109.47;106.20;106.43;105.28;105.07;101.73;99.47;101.27;102.41;102.32;100.87;100.03;99.11;100.76;100.03;100.63;97.98;96.57;97.26;96.66;93.89;97.62;98.57;97.49;99.34;99.17;102.56;101.80;100.25;101.45;101.74;99.46;104.63;102.93;103.48;103.75;105.20;105.45;107.02;106.13;104.74;104.62,HALAL,"Business activity permissible — debt ratio not verified, cross-check Musaffa/Zoya",
USFD,FOOD_BEVERAGE,FOOD-MISC PREPARATION,83,107.2699966430664,0.11588473637714936,95.88;96.61;93.00;92.15;90.73;91.34;94.63;92.16;89.33;89.33;92.48;90.86;92.21;89.91;89.36;92.07;91.39;90.21;93.69;91.70;92.83;91.00;91.28;93.04;91.93;86.88;83.61;85.16;82.38;81.25;81.24;81.30;81.15;81.23;83.16;84.61;89.25;91.23;93.44;93.75;92.76;95.35;98.31;102.25;104.29;103.99;99.48;101.31;97.05;97.27;94.75;95.58;99.29;102.35;100.59;99.04;106.97;108.63;110.94;108.92;106.91;108.46;109.37;108.46;107.27,HALAL,"Business activity permissible — debt ratio not verified, cross-check Musaffa/Zoya",
GIS,FOOD_BEVERAGE,FOOD-PACKAGED,41,41.54999923706055,-0.05282775544845986,43.06;43.72;43.06;42.12;41.95;39.30;38.07;37.45;36.25;36.11;34.96;35.24;35.98;36.17;35.57;35.53;33.97;33.90;34.90;34.45;34.87;34.13;33.88;34.13;33.96;35.10;33.22;33.04;32.43;33.20;32.90;32.60;33.31;33.06;31.62;32.59;33.15;33.24;33.69;32.79;32.77;34.21;35.40;34.21;36.93;36.47;35.24;36.60;37.22;37.97;37.15;35.55;36.61;37.92;35.75;36.19;36.07;37.26;38.18;39.20;38.08;39.61;40.92;40.08;41.55,HALAL,"Business activity permissible — debt ratio not verified, cross-check Musaffa/Zoya",
K,FOOD_BEVERAGE,FOOD-PACKAGED,,,,,HALAL,"Business activity permissible — debt ratio not verified, cross-check Musaffa/Zoya",
KHC,FOOD_BEVERAGE,FOOD-PACKAGED,42,25.700000762939453,0.08414824269880472,23.72;23.77;23.40;23.41;24.00;22.73;22.18;22.48;21.37;20.83;21.13;21.65;22.09;22.38;22.77;22.86;22.02;21.62;22.07;21.59;21.58;21.53;22.02;22.09;22.14;23.22;22.85;22.77;22.51;22.87;23.12;23.43;24.03;23.21;22.35;22.58;23.43;24.22;23.99;23.20;22.03;22.94;23.70;23.62;25.37;25.30;24.68;25.23;25.45;25.88;25.79;25.36;26.22;27.62;25.85;26.64;24.96;24.93;24.53;25.51;24.82;25.57;25.67;24.79;25.70,HALAL,"Business activity permissible — debt ratio not verified, cross-check Musaffa/Zoya",
MKC,FOOD_BEVERAGE,FOOD-PACKAGED,24,55.33000183105469,-0.18985978352289112,67.81;69.78;66.47;64.11;63.04;58.87;57.26;56.07;53.09;52.31;51.84;52.13;49.55;47.98;50.12;50.53;53.15;52.39;53.37;51.51;51.42;49.95;50.09;49.79;48.05;47.47;46.65;45.19;45.93;46.83;46.54;46.40;46.41;46.16;45.87;46.82;48.19;48.79;47.44;46.07;45.32;47.17;50.59;49.97;52.97;52.22;51.54;53.75;50.92;51.70;52.35;50.19;50.61;51.99;50.90;52.06;52.28;53.13;52.97;54.67;55.28;55.22;56.20;55.10;55.33,HALAL,"Business activity permissible — debt ratio not verified, cross-check Musaffa/Zoya",
POST,FOOD_BEVERAGE,FOOD-PACKAGED,9,85.3499984741211,-0.19412713131029646,104.53;106.30;106.66;105.58;105.43;101.63;98.45;96.93;97.41;97.35;97.21;95.70;98.86;100.32;100.05;102.58;99.86;99.39;101.59;106.93;104.64;103.81;102.05;103.40;103.71;102.99;100.53;104.31;101.07;97.69;97.27;95.87;96.37;89.13;91.00;90.43;91.51;93.17;92.36;88.96;86.68;90.84;89.41;88.26;92.78;88.77;84.70;86.70;85.23;86.86;88.39;90.16;91.31;97.53;91.41;90.59;90.23;76.23;80.58;80.95;79.82;78.52;82.38;81.97;85.35,HALAL,"Business activity permissible — debt ratio not verified, cross-check Musaffa/Zoya",
BRBR,FOOD_BEVERAGE,FOOD-PACKAGED,5,10.6899995803833,-0.4041249017752695,18.06;18.39;17.73;16.98;16.46;17.62;16.83;18.51;17.34;16.61;15.50;15.35;16.09;16.62;15.66;15.40;15.11;15.95;16.14;16.45;16.30;16.85;17.54;17.20;10.63;10.46;9.40;9.25;9.69;8.89;9.05;8.60;8.66;9.06;8.86;8.77;8.43;8.91;8.86;9.07;10.17;11.91;11.55;12.94;13.86;13.94;12.15;12.75;12.09;12.12;12.66;12.90;13.07;13.29;12.39;12.75;12.11;11.38;10.85;10.75;10.38;10.45;10.85;10.79;10.69,HALAL,"Business activity permissible — debt ratio not verified, cross-check Musaffa/Zoya",
SMPL,FOOD_BEVERAGE,FOOD-PACKAGED,4,10.930000305175781,-0.35781433541677354,16.87;17.06;16.26;16.39;15.49;14.83;14.41;15.11;14.58;14.05;14.39;14.35;14.35;14.16;14.45;11.80;11.11;11.72;11.89;12.41;12.42;13.34;13.59;13.23;12.78;12.44;11.37;11.20;11.55;11.41;11.60;11.40;11.80;11.66;11.41;11.94;12.44;12.64;12.51;12.14;11.86;12.63;13.06;13.28;13.73;13.17;13.01;13.31;11.88;11.08;11.04;10.28;10.66;10.25;10.18;11.33;11.17;10.81;10.94;11.31;10.97;10.99;10.97;10.54;10.93,HALAL,"Business activity permissible — debt ratio not verified, cross-check Musaffa/Zoya",
WHR,HOUSEHOLD,HOUSEHOLD-APPLIANCES & WARES,4,41.150001525878906,-0.49894486604592314,69.84;68.43;60.35;61.23;58.74;58.23;57.49;56.86;54.24;54.43;55.22;51.92;53.92;55.47;54.53;56.88;56.03;55.75;56.83;56.91;54.20;55.77;54.64;56.57;54.19;48.21;41.08;41.77;39.99;40.76;43.21;42.66;44.07;42.44;40.71;39.47;41.44;42.41;41.86;38.64;36.57;37.86;38.98;39.42;38.10;37.12;37.86;38.85;38.58;38.24;36.44;35.69;37.63;38.45;37.50;44.62;43.00;42.17;42.85;41.37;39.27;40.47;40.13;40.14;41.15,HALAL,"Business activity permissible — debt ratio not verified, cross-check Musaffa/Zoya",
NWL,HOUSEHOLD,HOUSEHOLD-APPLIANCES & WARES,93,6.170000076293945,0.3772029835750108,4.40;4.46;4.28;4.22;4.19;4.21;3.96;3.77;3.47;3.51;3.49;3.33;3.36;3.32;3.49;3.88;3.78;4.02;4.25;4.16;4.06;4.10;3.86;4.46;4.40;4.36;4.00;3.96;3.76;3.48;3.51;3.53;3.50;3.33;3.46;3.72;4.41;4.62;4.76;4.97;5.03;5.51;5.82;6.14;5.83;5.54;5.13;5.14;5.16;5.23;5.21;5.03;5.18;5.19;5.60;6.13;6.02;5.90;6.16;6.24;5.93;5.79;6.07;5.96;6.17,HALAL,"Business activity permissible — debt ratio not verified, cross-check Musaffa/Zoya",
HELE,HOUSEHOLD,HOUSEHOLD-APPLIANCES & WARES,82,28.6200008392334,0.6457735390301236,16.92;17.64;16.93;16.96;16.26;16.38;16.47;16.07;14.98;15.11;14.99;13.88;14.42;14.60;16.12;16.98;16.87;17.45;18.86;20.27;23.82;23.39;23.82;23.93;23.90;25.81;24.32;22.40;22.61;24.36;24.79;26.66;27.12;26.66;25.57;24.34;26.97;29.04;28.79;26.47;26.00;27.92;28.38;29.07;28.14;28.04;27.43;27.74;28.05;28.10;27.28;26.84;28.27;28.15;27.63;28.24;28.82;29.21;29.88;30.22;28.74;27.53;28.58;29.14;28.62,HALAL,"Business activity permissible — debt ratio not verified, cross-check Musaffa/Zoya",
ENR,HOUSEHOLD,HOUSEHOLD-APPLIANCES & WARES,41,22.270000457763672,0.013590887530323004,21.16;20.91;19.29;18.59;17.69;16.90;16.47;16.97;16.33;16.54;16.21;16.47;15.90;15.90;16.17;17.89;18.28;18.66;19.83;19.12;19.33;18.86;17.93;19.06;17.28;17.97;17.02;16.48;16.28;15.72;17.07;17.98;18.30;18.15;18.35;19.18;19.42;19.61;19.86;19.70;20.81;22.22;22.34;21.15;21.46;20.41;19.94;20.19;20.41;19.96;19.81;20.37;20.76;21.12;20.69;21.29;21.25;21.63;22.46;22.45;22.03;20.99;21.48;21.97;22.27,HALAL,"Business activity permissible — debt ratio not verified, cross-check Musaffa/Zoya",
JCI,HOUSEHOLD,HOUSEHOLD-APPLIANCES & WARES,52,139.58999633789062,-0.01695907507325123,143.65;143.46;138.77;136.38;132.31;134.20;129.40;132.19;132.88;132.90;137.10;130.93;130.59;132.60;132.78;141.46;142.43;136.83;140.48;139.33;141.34;142.98;140.96;144.68;144.42;138.87;141.39;143.40;142.69;135.05;135.10;139.83;135.77;133.54;146.55;143.25;147.34;143.61;146.06;143.62;148.21;142.81;138.40;146.11;140.76;140.62;140.53;143.93;142.76;140.46;141.71;143.29;143.39;139.42;146.66;153.62;154.55;150.70;152.79;153.64;149.68;143.16;142.99;144.33;139.59,HALAL,"Business activity permissible — debt ratio not verified, cross-check Musaffa/Zoya",
SONO,HOUSEHOLD,HOUSEHOLD-AUDIO/VIDEO,33,15.300000190734863,0.026156964943929495,15.40;15.40;14.75;15.20;14.20;14.15;13.15;13.49;13.43;13.59;13.26;12.70;13.40;13.58;13.40;13.04;13.31;13.86;14.37;14.94;14.42;14.64;14.67;14.84;14.01;14.89;15.22;14.64;14.83;14.75;14.72;16.23;15.85;16.17;15.72;15.08;15.38;15.44;14.90;14.29;14.32;14.07;13.57;13.53;13.62;14.10;14.08;15.04;13.80;15.11;14.79;14.53;15.66;17.52;14.66;16.42;15.45;15.44;15.75;16.31;15.79;16.05;15.41;15.33;15.30,HALAL,"Business activity permissible — debt ratio not verified, cross-check Musaffa/Zoya",
GPRO,HOUSEHOLD,HOUSEHOLD-AUDIO/VIDEO,2,0.5999000072479248,-0.25012500211410227,0.84;0.97;0.90;1.00;0.80;0.76;0.72;0.70;0.68;0.67;0.68;0.64;0.77;0.77;0.74;0.74;0.94;1.12;1.28;1.40;1.29;1.38;1.49;1.73;1.46;1.39;1.32;1.10;1.11;1.00;0.99;1.20;1.22;1.10;1.04;0.90;0.86;0.78;0.75;0.80;0.74;0.71;0.75;0.78;0.72;0.70;0.76;0.71;0.70;0.66;0.72;0.69;0.69;0.69;0.75;0.77;0.73;0.70;0.57;0.60;0.59;0.62;0.60;0.60;0.60,HALAL,"Business activity permissible — debt ratio not verified, cross-check Musaffa/Zoya",
VZIO,HOUSEHOLD,HOUSEHOLD-AUDIO/VIDEO,,,,,HALAL,"Business activity permissible — debt ratio not verified, cross-check Musaffa/Zoya",
VOXX,HOUSEHOLD,HOUSEHOLD-AUDIO/VIDEO,,,,,HALAL,"Business activity permissible — debt ratio not verified, cross-check Musaffa/Zoya",
LZB,HOUSEHOLD,HOUSEHOLD-HOUSEWARES,17,32.56999969482422,-0.06418241473628028,35.45;35.25;35.12;35.06;33.65;32.96;33.59;32.86;32.33;32.62;32.50;31.73;31.93;31.40;31.33;32.99;33.41;34.00;35.64;36.15;35.67;35.70;34.98;34.91;34.36;35.33;35.21;34.25;34.08;33.85;36.54;37.04;37.90;37.14;36.27;36.33;37.33;38.99;37.78;40.24;39.99;41.85;40.95;40.12;39.91;39.09;39.31;38.77;39.93;39.87;39.22;38.84;40.38;40.93;39.38;41.73;40.64;41.40;41.06;41.85;40.83;33.65;32.12;32.34;32.57,HALAL,"Business activity permissible — debt ratio not verified, cross-check Musaffa/Zoya",
MHK,HOUSEHOLD,HOUSEHOLD-HOUSEWARES,58,129.88999938964844,0.046234376103273966,123.48;125.27;113.80;108.70;107.85;106.38;102.55;104.42;98.23;101.83;101.95;96.26;98.46;96.80;97.59;103.18;105.00;103.88;108.83;108.75;108.27;107.59;102.89;99.93;97.39;102.74;100.97;97.92;96.56;94.33;102.33;103.80;107.65;105.64;104.88;102.86;106.89;109.35;111.43;108.04;109.95;119.09;119.76;121.33;119.35;112.88;109.59;107.66;111.51;111.50;108.28;110.01;115.61;113.38;123.10;136.60;132.42;135.65;136.86;140.10;132.87;133.47;134.07;132.17;129.89,HALAL,"Business activity permissible — debt ratio not verified, cross-check Musaffa/Zoya",
ETD,HOUSEHOLD,HOUSEHOLD-HOUSEWARES,47,23.469999313354492,0.07482486873944882,21.95;21.71;21.42;21.25;21.11;20.90;21.11;21.29;21.14;21.49;21.41;21.12;21.22;21.22;20.23;21.16;21.20;21.24;21.64;21.74;21.43;21.55;21.17;19.84;19.31;19.48;18.71;18.17;18.33;18.55;19.19;19.46;20.47;20.08;19.99;20.11;20.99;21.53;20.88;20.50;20.75;22.07;21.92;21.74;21.10;20.82;20.78;21.53;22.27;22.16;22.23;21.89;22.64;22.95;21.79;23.24;22.87;22.87;22.60;22.84;22.37;22.93;23.28;23.60;23.47,HALAL,"Business activity permissible — debt ratio not verified, cross-check Musaffa/Zoya",
HVT,HOUSEHOLD,HOUSEHOLD-HOUSEWARES,,,,,HALAL,"Business activity permissible — debt ratio not verified, cross-check Musaffa/Zoya",
FLXS,HOUSEHOLD,HOUSEHOLD-HOUSEWARES,96,81.80000305175781,0.5648561274456145,52.30;51.05;49.59;47.64;45.96;45.65;45.00;45.27;44.48;44.96;44.80;45.46;44.77;46.39;45.94;48.35;50.08;44.95;46.47;49.85;48.10;54.31;56.68;56.18;56.01;54.95;55.42;53.91;53.30;53.16;56.00;56.25;59.65;57.84;57.53;56.73;57.75;62.97;63.43;63.05;64.60;67.84;72.91;74.48;72.49;69.55;71.79;71.50;72.24;72.98;74.95;75.19;75.84;75.35;74.03;77.44;76.89;75.25;73.81;73.79;77.16;80.03;80.60;81.77;81.80,HALAL,"Business activity permissible — debt ratio not verified, cross-check Musaffa/Zoya",
UNH,INSURANCE,INSURANCE-ACC & HEALTH,68,392.95001220703125,0.4105925027368451,280.41;289.35;285.35;284.92;283.55;283.63;280.49;285.94;278.85;268.01;269.01;257.55;269.05;275.69;305.98;305.17;311.22;312.27;322.79;344.05;352.55;352.68;368.63;366.69;361.80;367.64;382.26;398.88;391.61;387.03;380.31;374.72;380.36;377.70;374.86;397.20;410.65;403.25;411.04;399.53;406.68;405.80;427.89;415.63;425.36;428.19;431.68;429.09;418.52;426.09;436.35;423.56;417.64;420.57;414.40;407.55;403.97;408.74;405.59;401.73;393.93;384.85;398.76;401.01;392.95,HARAM,Group classification: INSURANCE-ACC & HEALTH,
ELV,INSURANCE,INSURANCE-ACC & HEALTH,58,394.42999267578125,0.18640022353523467,327.15;316.75;281.15;283.57;277.89;288.62;290.45;294.55;289.97;288.07;294.89;285.23;291.56;299.52;310.57;315.59;314.79;309.92;321.74;326.78;344.89;354.69;375.10;371.17;367.57;371.41;380.20;398.02;391.09;400.64;388.24;386.28;391.16;401.03;389.68;413.85;422.71;399.18;401.89;391.27;394.82;384.00;395.18;386.73;417.89;418.85;420.39;425.17;390.33;373.11;393.44;379.31;378.36;375.98;375.84;378.00;391.40;397.70;399.14;400.32;398.27;396.28;402.63;402.54;394.43,HARAM,Group classification: INSURANCE-ACC & HEALTH,
CI,INSURANCE,INSURANCE-ACC & HEALTH,27,278.8800048828125,-0.004020390555962261,281.25;286.57;280.75;279.65;268.11;259.37;265.65;261.95;263.05;259.98;268.80;260.45;265.21;268.46;272.67;276.85;273.53;267.08;277.03;275.10;278.11;280.95;290.64;281.27;274.07;282.40;287.40;298.98;283.63;289.60;280.39;279.21;282.69;272.61;269.17;289.48;295.00;294.84;293.83;285.09;282.08;279.46;282.79;275.68;287.77;286.62;291.80;304.50;297.81;281.45;290.49;286.29;291.02;296.47;279.05;274.05;275.25;278.40;277.41;282.56;278.50;274.41;280.45;280.87;278.88,HARAM,Group classification: INSURANCE-ACC & HEALTH,
HUM,INSURANCE,INSURANCE-ACC & HEALTH,92,385.5400085449219,1.1440288794646212,174.76;189.13;180.24;179.41;177.21;169.69;164.21;169.51;165.22;168.88;172.95;168.69;172.98;177.41;196.69;196.86;197.76;197.90;204.66;216.85;214.44;223.09;242.55;233.08;238.97;246.54;273.61;304.13;304.40;309.82;302.97;300.98;307.97;327.54;326.77;349.26;362.33;367.82;379.36;361.15;359.87;360.79;383.84;397.22;396.75;394.62;397.76;406.00;407.78;400.00;404.34;394.50;381.15;365.41;363.86;362.16;367.24;385.70;388.83;389.05;382.00;380.73;386.61;391.06;385.54,HARAM,Group classification: INSURANCE-ACC & HEALTH,
CNC,INSURANCE,INSURANCE-ACC & HEALTH,92,64.75,0.494000917674978,42.69;44.88;43.82;43.27;43.32;35.86;34.45;34.94;35.57;32.81;32.73;32.00;32.74;35.11;36.31;37.55;37.47;37.60;38.17;39.14;41.09;43.50;53.98;53.34;52.98;54.98;56.36;58.81;58.27;59.15;57.77;57.21;58.91;62.00;59.55;62.33;66.21;63.54;63.40;60.64;63.68;62.97;65.73;64.19;67.86;66.12;67.60;68.29;66.61;66.44;67.59;63.74;64.08;61.82;62.22;64.07;64.20;66.57;67.07;67.47;65.22;64.14;65.65;65.47;64.75,HARAM,Group classification: INSURANCE-ACC & HEALTH,
MOH,INSURANCE,INSURANCE-ACC & HEALTH,72,200.0,0.28032770887939185,145.55;154.05;144.81;147.71;146.03;146.80;149.20;143.96;142.21;135.24;139.84;134.03;133.30;139.38;141.53;145.05;149.98;146.80;148.97;151.00;174.70;179.22;196.49;192.70;192.17;191.85;185.19;191.97;184.99;184.38;181.26;176.20;178.02;183.25;184.82;190.86;203.06;193.20;201.87;195.53;197.42;201.42;229.74;228.70;229.87;232.90;232.09;242.88;233.36;225.37;226.54;200.29;199.48;199.02;195.62;191.36;191.88;198.84;206.06;212.43;203.61;196.94;198.50;202.43;200.00,HARAM,Group classification: INSURANCE-ACC & HEALTH,
AET,INSURANCE,INSURANCE-ACC & HEALTH,,,,,HARAM,Group classification: INSURANCE-ACC & HEALTH,
MMC,INSURANCE,INSURANCE-BROKERS,,,,,HARAM,Group classification: INSURANCE-BROKERS,
AON,INSURANCE,INSURANCE-BROKERS,45,355.3999938964844,0.13269422806514686,323.07;333.83;337.41;337.11;331.21;315.35;319.84;319.61;315.44;324.37;319.88;312.12;321.20;321.56;320.89;323.81;323.81;326.47;330.17;333.68;321.97;322.19;320.91;310.80;313.83;312.88;311.36;310.19;316.50;322.92;323.48;318.56;317.58;319.68;314.88;327.78;330.84;334.41;328.76;325.95;312.92;324.74;327.94;330.94;356.65;359.00;354.75;366.51;354.34;366.37;358.58;354.97;366.33;376.30;359.73;356.65;360.75;356.97;352.36;355.83;343.20;351.93;359.10;353.98;355.40,HARAM,Group classification: INSURANCE-BROKERS,
WTW,INSURANCE,INSURANCE-BROKERS,68,343.75,0.18739105391919164,294.78;303.06;300.97;298.44;292.63;287.89;287.53;287.85;285.23;291.40;287.50;280.22;289.65;287.59;284.21;286.82;286.90;291.09;296.56;296.76;289.84;288.29;289.06;255.41;258.53;257.13;248.81;241.24;247.48;253.28;257.29;255.42;251.10;256.11;250.07;262.58;260.21;259.84;256.91;259.09;252.05;260.55;264.47;261.37;286.22;293.90;289.13;295.55;285.12;293.43;288.82;288.37;302.64;315.93;335.92;339.63;340.01;343.01;340.29;331.59;327.90;341.15;350.75;343.12;343.75,HARAM,Group classification: INSURANCE-BROKERS,
AJG,INSURANCE,INSURANCE-BROKERS,62,267.55999755859375,0.2563400355332739,216.74;226.75;223.80;228.19;217.06;209.14;207.24;208.47;208.98;216.02;212.85;206.41;215.86;216.89;216.85;217.67;221.76;222.43;220.87;223.72;218.64;214.35;211.11;207.42;205.12;201.27;197.91;191.36;199.29;202.78;206.72;203.28;201.98;205.42;201.83;216.14;217.05;220.90;215.74;216.09;209.08;220.76;226.01;229.57;252.44;254.67;253.76;261.23;247.77;253.90;248.22;242.21;253.36;268.91;249.42;248.06;251.74;252.43;255.46;251.21;248.36;259.61;271.99;265.03;267.56,HARAM,Group classification: INSURANCE-BROKERS,
BRO,INSURANCE,INSURANCE-BROKERS,43,73.30999755859375,0.0655742213421624,69.68;71.44;71.78;72.74;70.67;68.02;67.90;67.97;66.21;66.37;63.95;63.10;64.87;65.61;66.02;66.78;67.11;67.05;67.37;68.59;67.20;65.77;61.32;57.33;57.21;57.75;55.22;54.25;56.15;57.96;58.38;56.86;56.71;56.85;55.01;58.72;58.97;59.81;59.14;58.90;58.11;61.66;64.07;64.00;69.84;69.11;67.68;69.05;66.71;69.19;66.49;65.59;69.54;74.70;70.24;71.01;71.02;71.43;71.06;70.54;69.37;72.08;74.62;72.78;73.31,HARAM,Group classification: INSURANCE-BROKERS,
RYAN,INSURANCE,INSURANCE-BROKERS,45,43.869998931884766,0.13623925462789788,37.70;39.07;39.66;39.06;37.57;36.14;35.92;35.72;34.50;34.34;33.26;31.51;33.50;33.27;33.40;34.64;35.59;36.13;37.18;37.97;35.14;34.49;35.01;30.61;30.33;31.48;31.06;30.18;31.71;33.67;33.21;32.23;31.69;33.01;30.77;32.46;33.24;34.38;35.23;35.17;33.16;35.17;38.76;37.64;41.90;41.45;40.49;41.63;40.54;41.84;40.76;39.86;43.06;46.34;44.02;44.46;44.33;42.32;42.87;41.82;41.24;43.04;44.34;43.26;43.87,HARAM,Group classification: INSURANCE-BROKERS,
GSHD,INSURANCE,INSURANCE-BROKERS,89,71.26000213623047,0.5552161198351104,51.14;54.20;52.26;50.80;47.89;44.14;44.17;45.03;42.21;44.39;41.19;41.10;42.66;42.44;44.66;42.25;41.89;41.20;43.85;44.67;50.77;48.25;47.22;43.52;42.46;42.12;40.16;36.39;37.65;41.31;42.49;40.00;35.23;36.65;34.37;38.35;35.92;36.90;36.05;35.13;39.01;43.40;46.87;48.50;52.69;55.60;52.96;54.87;51.65;54.28;53.75;53.90;62.00;70.72;62.00;68.56;66.66;64.55;65.55;66.29;64.78;70.70;73.00;71.31;71.26,HARAM,Group classification: INSURANCE-BROKERS,
ERIE,INSURANCE,INSURANCE-BROKERS,29,260.3999938964844,-0.0013826274626516089,266.74;266.37;269.05;266.62;252.74;239.93;244.09;244.26;238.18;243.07;233.40;238.12;248.44;246.66;247.13;255.79;259.80;243.14;243.42;252.41;247.48;229.90;218.48;213.74;219.98;215.52;215.85;211.45;211.84;221.88;223.45;221.80;216.95;210.41;206.06;225.93;227.32;224.72;222.77;220.38;210.45;228.22;237.35;238.39;257.77;256.37;247.81;247.17;210.19;227.31;215.82;214.52;228.26;248.55;242.04;244.53;254.06;252.35;258.17;255.99;256.95;262.29;268.64;257.27;260.40,HARAM,Group classification: INSURANCE-BROKERS,
BRK-B,INSURANCE,INSURANCE-DIVERSIFIED,36,505.0,0.022081004964626727,493.99;504.95;481.36;500.40;497.20;493.57;490.03;492.58;481.48;479.98;476.19;468.49;479.20;477.35;478.08;485.20;480.19;474.09;474.58;468.50;470.55;472.81;475.38;473.01;465.52;475.08;479.55;485.52;482.70;480.46;479.98;483.62;477.42;470.29;475.37;488.13;487.77;485.79;495.52;491.28;488.69;494.81;498.66;500.39;507.78;504.00;495.45;496.85;488.35;490.91;489.65;490.85;497.18;509.16;511.54;517.22;524.61;529.42;510.00;504.03;502.96;496.86;504.32;504.91;505.00,QUESTIONABLE,Berkshire — large insurance subsidiaries; scholar-disputed,
BRK-A,INSURANCE,INSURANCE-DIVERSIFIED,37,757985.0,0.024027289921642714,742000.00;757000.00;721045.00;750750.00;745200.00;740000.00;734839.00;738390.00;722778.00;720000.00;714977.00;703700.00;718140.00;716300.00;716880.00;727881.00;720750.00;711235.00;711559.00;703700.00;706165.00;708600.00;713000.00;710300.00;699965.00;716250.00;721000.00;727500.00;723821.00;720600.00;718387.00;724500.00;715660.00;705161.00;713692.00;733550.00;729862.00;726581.00;742046.00;737300.00;734400.00;742900.00;745140.00;748850.00;761580.00;756000.00;741030.00;744850.00;733180.00;736000.00;733526.00;736632.00;745840.00;763167.00;766600.00;774300.00;786000.00;793815.00;764000.00;755570.00;753600.00;744600.00;755631.00;756928.00;757985.00,QUESTIONABLE,Berkshire — large insurance subsidiaries; scholar-disputed,
AIG,INSURANCE,INSURANCE-DIVERSIFIED,30,76.93000030517578,-0.026031243326124054,79.15;79.49;78.08;79.07;76.66;77.00;75.79;76.13;73.40;74.59;74.97;72.47;74.75;74.92;75.67;77.21;77.32;76.58;78.16;77.42;75.83;73.64;73.30;78.25;77.95;75.93;75.56;75.28;75.61;77.02;78.10;76.68;73.91;72.97;72.07;74.99;73.43;74.82;74.88;74.77;76.37;76.14;75.57;74.53;79.39;81.06;79.11;79.90;76.78;80.50;80.24;78.16;79.16;80.20;78.58;79.32;79.97;77.61;76.14;76.64;76.12;75.75;77.38;76.97;76.93,HARAM,Group classification: INSURANCE-DIVERSIFIED,
HIG,INSURANCE,INSURANCE-DIVERSIFIED,40,138.5500030517578,-0.005246659035853085,139.80;139.57;140.41;139.02;137.30;134.32;132.30;134.69;130.74;134.79;133.47;131.70;134.59;135.55;135.12;139.74;138.41;138.10;139.18;138.49;138.95;136.06;136.00;135.17;133.52;132.04;131.49;132.00;133.29;134.38;135.38;134.72;128.36;126.57;125.94;132.14;128.97;128.40;129.82;129.64;129.50;132.32;133.89;132.52;137.85;139.64;138.52;140.78;134.50;140.26;141.98;142.18;140.14;145.68;141.91;142.05;144.51;141.15;137.44;138.02;138.96;137.12;138.98;139.86;138.55,HARAM,Group classification: INSURANCE-DIVERSIFIED,
CB,INSURANCE,INSURANCE-DIVERSIFIED,52,339.9200134277344,0.02578719746366187,332.52;338.80;336.26;330.45;322.44;320.81;327.95;329.84;322.63;325.35;322.20;318.10;324.92;327.31;326.38;331.90;328.95;326.25;329.80;328.27;331.84;323.59;324.74;325.21;321.57;320.28;319.26;315.03;323.14;329.10;329.23;324.44;315.24;308.82;311.78;325.26;324.12;326.91;326.95;327.96;325.20;335.15;341.44;340.74;361.17;359.30;347.80;354.74;337.44;352.16;354.80;353.25;358.91;361.90;350.68;348.30;354.03;348.30;343.33;343.64;345.29;342.87;345.83;343.77;339.92,HARAM,Group classification: INSURANCE-DIVERSIFIED,
ACGL,INSURANCE,INSURANCE-DIVERSIFIED,43,98.83999633789062,0.001418433576263034,99.36;100.15;100.48;97.07;95.62;94.81;93.47;94.40;92.17;93.66;93.32;93.42;95.99;96.74;96.92;98.84;97.10;97.47;97.59;98.85;98.07;96.35;92.72;93.82;94.14;94.52;93.83;93.32;93.98;96.39;96.13;95.37;90.67;88.74;87.89;91.19;90.41;91.13;91.50;92.37;92.04;94.92;97.54;97.06;102.20;102.85;101.70;103.06;98.54;101.35;100.55;100.10;103.88;104.55;100.53;99.52;99.29;98.25;97.29;98.71;98.91;99.31;101.14;100.72;98.84,HARAM,Group classification: INSURANCE-DIVERSIFIED,
EG,INSURANCE,INSURANCE-DIVERSIFIED,57,377.6099853515625,0.13166092766109228,331.74;331.43;331.07;328.81;324.08;317.59;318.45;320.58;314.08;322.37;322.00;316.04;324.91;325.14;325.43;333.61;331.45;343.55;349.40;347.74;348.72;341.48;341.96;351.47;347.60;349.64;348.69;345.90;349.58;354.91;354.33;350.12;331.25;322.91;316.23;332.42;329.88;334.25;338.60;337.52;339.30;345.74;355.52;357.23;371.35;373.22;371.00;377.89;364.13;382.57;377.09;375.56;389.34;393.89;374.15;369.21;370.35;369.90;363.67;370.11;367.38;368.36;376.79;379.78;377.61,HARAM,Group classification: INSURANCE-DIVERSIFIED,
RE,INSURANCE,INSURANCE-DIVERSIFIED,,,,,HARAM,Group classification: INSURANCE-DIVERSIFIED,
MET,INSURANCE,INSURANCE-LIFE,73,96.51000213623047,0.30053218996726705,74.28;71.08;71.67;71.94;69.80;69.00;67.04;68.35;67.67;68.23;69.42;66.77;69.75;69.75;70.22;73.63;74.33;76.46;77.01;76.42;75.02;76.60;77.88;79.13;78.80;77.74;76.91;77.60;79.29;80.57;83.78;82.76;81.46;81.34;80.46;83.97;85.04;87.04;87.12;85.32;87.02;84.08;85.42;84.09;89.51;91.11;90.59;92.46;91.63;93.42;92.80;91.97;94.60;96.42;95.54;96.13;99.95;97.03;96.66;97.66;96.73;93.46;96.21;96.52;96.51,HARAM,Group classification: INSURANCE-LIFE,
PRU,INSURANCE,INSURANCE-LIFE,68,119.79000091552734,0.21752992972326957,98.37;95.95;96.31;96.69;93.56;92.59;89.73;92.16;90.22;91.96;92.91;90.99;95.28;95.17;94.99;94.70;96.05;96.96;99.14;94.07;92.02;93.23;94.04;96.18;97.79;96.98;98.62;99.85;99.41;98.66;101.66;101.45;99.46;99.34;99.64;103.43;102.52;105.29;107.45;105.79;107.02;105.05;107.01;106.70;111.66;114.15;113.69;114.84;113.73;117.71;117.24;116.50;120.50;121.23;120.69;122.13;120.11;120.72;121.34;123.70;123.12;119.21;121.27;120.24;119.79,HARAM,Group classification: INSURANCE-LIFE,
AFL,INSURANCE,INSURANCE-LIFE,41,116.5199966430664,0.0477369170339661,111.30;111.79;111.29;109.91;109.06;108.22;107.61;108.41;106.08;105.57;106.12;105.33;108.60;109.36;109.40;111.92;111.00;111.83;113.36;114.79;113.95;113.52;115.03;111.74;113.30;112.45;114.31;114.31;115.63;117.21;117.22;116.23;112.07;111.55;113.93;117.65;115.03;115.87;116.37;115.66;115.97;117.16;119.55;116.66;120.27;120.88;121.38;122.68;120.40;124.10;122.97;123.72;125.93;128.03;126.84;124.52;126.03;121.33;120.13;120.84;121.12;116.17;118.20;117.45;116.52,HARAM,Group classification: INSURANCE-LIFE,
LNC,INSURANCE,INSURANCE-LIFE,67,43.290000915527344,0.24295377992444056,35.14;33.47;33.26;34.28;33.18;32.37;31.82;33.71;32.79;33.86;35.06;33.35;34.64;34.04;34.09;34.05;34.51;35.60;36.47;36.27;36.04;37.14;36.56;37.10;37.11;35.53;34.37;33.68;33.98;33.93;35.57;35.37;34.69;34.24;33.15;34.34;34.98;36.18;37.14;36.96;37.25;35.82;36.30;34.95;36.58;38.74;39.05;40.85;40.96;42.24;41.82;40.83;41.20;41.43;45.61;47.00;46.67;45.68;44.10;45.46;45.08;41.98;42.38;43.32;43.29,HARAM,Group classification: INSURANCE-LIFE,
PFG,INSURANCE,INSURANCE-LIFE,74,111.41000366210938,0.222450165594265,93.09;93.82;92.10;91.93;89.09;87.50;85.15;87.04;85.22;85.87;88.02;86.32;89.40;89.39;90.34;91.59;92.81;93.93;95.41;94.97;96.23;98.95;98.84;100.29;100.07;99.24;99.40;99.63;99.73;100.34;103.10;103.88;102.50;102.90;101.19;105.22;106.66;109.69;110.59;110.22;111.23;106.70;107.75;107.78;110.87;112.88;111.67;113.61;112.96;113.95;109.57;107.32;111.29;113.18;113.70;115.25;115.41;113.81;113.77;113.98;113.14;110.54;111.89;112.21;111.41,HARAM,Group classification: INSURANCE-LIFE,
GL,INSURANCE,INSURANCE-LIFE,69,172.7899932861328,0.21636340376139307,143.55;144.65;144.09;142.77;141.42;140.40;137.88;139.12;137.14;136.81;136.94;134.55;138.59;142.34;143.48;147.12;147.28;148.81;151.58;150.64;153.69;151.79;152.26;152.44;153.86;152.17;153.58;152.71;154.76;149.60;156.31;156.46;153.51;151.84;150.92;158.89;159.04;164.80;167.08;170.94;171.74;175.32;178.98;178.35;180.16;176.67;178.86;178.62;181.51;184.76;184.34;171.08;174.37;179.68;182.25;183.90;186.02;183.26;177.91;181.00;178.08;170.49;173.13;175.55;172.79,HARAM,Group classification: INSURANCE-LIFE,
AEL,INSURANCE,INSURANCE-LIFE,,,,,HARAM,Group classification: INSURANCE-LIFE,
EQH,INSURANCE,INSURANCE-LIFE,63,50.20000076293945,0.2742942428358146,40.28;39.40;38.49;39.24;38.91;37.72;36.72;38.03;36.74;37.57;37.67;34.86;36.61;37.28;37.24;37.96;37.70;41.43;41.17;40.45;41.04;40.99;40.91;41.60;43.45;42.27;40.44;40.63;42.00;40.70;41.95;41.68;40.53;40.27;39.60;40.54;41.67;43.34;44.92;45.21;44.70;43.04;43.72;43.60;45.32;46.68;46.40;47.50;49.15;48.68;48.14;47.14;48.28;48.05;47.35;48.25;52.17;52.67;51.87;53.09;50.84;48.75;49.03;49.87;50.20,HARAM,Group classification: INSURANCE-LIFE,
TRV,INSURANCE,INSURANCE-PROP/CAS/TITLE,78,369.8999938964844,0.22073058424421532,302.39;306.24;308.55;304.26;300.83;298.15;301.23;305.05;295.60;294.29;289.38;284.08;290.47;292.77;293.82;301.97;300.06;298.08;299.56;300.17;306.05;302.48;300.99;303.45;300.10;297.70;295.89;293.79;298.51;304.25;305.95;303.57;293.08;287.73;288.74;301.99;299.00;303.90;306.47;306.07;310.61;320.74;327.37;330.12;342.31;343.73;337.48;341.51;329.19;368.98;369.63;376.37;390.35;389.01;374.36;377.15;386.00;375.62;370.16;370.36;367.93;364.49;370.55;371.15;369.90,HARAM,Group classification: INSURANCE-PROP/CAS/TITLE,
ALL,INSURANCE,INSURANCE-PROP/CAS/TITLE,76,260.5799865722656,0.27705771439963733,207.18;212.32;212.49;210.51;206.60;204.51;205.09;206.18;203.00;206.67;203.64;201.65;206.25;205.95;209.43;213.40;213.96;217.09;215.03;215.21;215.43;213.08;211.22;215.45;217.36;212.55;212.68;214.41;216.23;223.40;213.32;211.70;206.19;207.21;209.34;221.01;217.18;219.57;221.81;221.66;222.56;233.54;239.61;237.94;250.33;251.46;248.64;256.45;239.48;249.90;251.74;254.52;261.27;274.39;264.08;262.56;275.11;269.67;255.84;261.41;261.15;254.54;260.19;261.81;260.58,HARAM,Group classification: INSURANCE-PROP/CAS/TITLE,
PGR,INSURANCE,INSURANCE-PROP/CAS/TITLE,41,218.63999938964844,0.07442816178099276,204.34;213.45;213.15;210.38;206.60;201.03;204.97;203.59;202.49;204.90;202.65;198.65;198.05;195.16;196.76;199.79;199.48;201.14;202.49;207.41;205.24;201.89;200.57;199.22;197.65;195.66;196.82;195.87;199.64;202.78;198.88;198.69;194.42;192.58;193.37;203.93;200.04;202.17;203.41;204.33;207.29;220.40;224.24;218.35;232.22;234.40;229.52;234.48;205.22;207.95;205.90;207.07;215.76;219.99;211.42;210.75;215.34;213.95;207.37;209.60;207.23;220.34;223.92;222.51;218.64,HARAM,Group classification: INSURANCE-PROP/CAS/TITLE,
CINF,INSURANCE,INSURANCE-PROP/CAS/TITLE,48,171.97000122070312,0.08093416159171696,161.90;162.13;166.63;164.46;161.48;162.15;161.97;162.91;156.08;158.38;154.60;152.84;156.49;157.55;159.31;163.06;162.79;162.11;165.91;165.55;167.26;164.74;162.33;161.17;159.48;161.17;162.44;162.37;165.51;166.94;167.45;166.13;159.13;155.98;157.16;164.39;162.94;167.38;168.42;170.54;171.52;178.45;184.08;185.14;192.03;189.06;175.43;182.67;172.43;180.79;180.51;179.38;184.23;181.33;177.68;179.42;179.04;173.86;172.47;173.17;171.35;168.19;171.21;172.38;171.97,HARAM,Group classification: INSURANCE-PROP/CAS/TITLE,
WRB,INSURANCE,INSURANCE-PROP/CAS/TITLE,28,68.44000244140625,-0.02736435248252511,70.94;71.06;71.99;68.95;67.63;67.25;68.15;68.23;65.63;64.96;63.91;64.16;65.69;65.40;66.08;66.61;66.36;65.51;66.23;64.82;67.84;65.61;66.35;65.79;65.90;65.94;65.82;64.85;65.86;67.91;66.87;66.73;63.73;63.77;64.71;67.96;66.62;66.94;67.42;67.48;66.54;70.05;71.27;70.53;72.08;71.54;71.82;73.84;69.88;71.61;72.16;73.43;75.70;75.65;72.54;71.39;72.13;70.82;69.73;70.51;70.17;69.18;69.70;68.67;68.44,HARAM,Group classification: INSURANCE-PROP/CAS/TITLE,
MKL,INSURANCE,INSURANCE-PROP/CAS/TITLE,17,1818.68994140625,-0.11996465377056964,2076.64;2072.47;2038.03;2019.81;1961.70;1956.56;1942.78;1966.73;1881.52;1889.16;1892.82;1867.29;1914.07;1898.98;1905.57;1956.63;1949.37;1983.23;1988.36;1965.84;1929.91;1895.74;1759.21;1779.36;1764.81;1799.97;1838.77;1820.58;1844.00;1860.47;1853.45;1858.44;1846.37;1789.67;1777.63;1818.67;1815.35;1830.00;1854.05;1868.43;1858.91;1900.36;1920.06;1953.01;1979.65;1969.34;1949.44;1962.27;1922.77;1972.43;1962.93;1961.57;2014.95;2015.00;1882.34;1887.65;1871.33;1840.08;1842.46;1847.24;1815.09;1788.29;1817.30;1815.57;1818.69,HARAM,Group classification: INSURANCE-PROP/CAS/TITLE,
RLI,INSURANCE,INSURANCE-PROP/CAS/TITLE,62,64.30999755859375,0.12152962226124342,58.89;59.53;60.61;58.74;58.45;57.89;59.21;58.63;55.63;55.21;54.56;53.94;54.63;55.68;55.33;56.21;56.27;55.88;56.52;55.93;52.61;49.27;48.98;49.32;47.97;47.52;46.29;45.75;48.67;49.93;50.77;50.10;49.32;50.63;50.08;52.38;52.25;54.13;53.59;52.75;52.74;54.75;57.56;59.07;62.52;62.12;60.14;61.46;58.05;61.57;60.20;61.16;64.05;65.65;61.24;61.82;64.38;63.58;62.93;63.77;64.28;65.10;66.62;64.86;64.31,HARAM,Group classification: INSURANCE-PROP/CAS/TITLE,
FNF,INSURANCE,INSURANCE-PROP/CAS/TITLE,18,47.54999923706055,-0.047662243440721896,50.40;51.74;49.57;49.12;48.38;46.17;46.54;48.08;44.40;43.99;44.31;45.19;45.88;45.20;46.07;47.29;46.58;47.90;49.16;50.13;50.98;51.31;51.73;51.07;50.63;49.73;47.77;46.96;47.41;48.34;48.83;47.92;47.05;45.92;44.93;46.89;47.17;47.09;47.54;46.85;46.94;46.34;46.71;47.16;48.84;49.32;49.16;50.04;50.13;51.90;50.78;48.61;52.02;53.45;51.59;51.51;52.54;47.99;47.67;49.47;48.47;47.44;47.43;47.48;47.55,HARAM,Group classification: INSURANCE-PROP/CAS/TITLE,
FAF,INSURANCE,INSURANCE-PROP/CAS/TITLE,60,74.47000122070312,0.14112324205180093,66.53;68.97;68.79;67.91;65.78;62.99;65.12;66.02;57.76;57.58;57.88;57.99;59.80;57.75;60.34;63.46;62.38;63.27;65.46;66.35;68.28;68.85;70.54;67.96;67.82;69.25;67.89;66.31;66.56;66.88;67.28;67.59;66.00;64.27;64.05;66.47;66.42;64.84;66.32;67.78;68.28;67.25;67.06;68.59;69.48;71.05;70.26;70.06;69.57;73.03;71.65;68.96;76.28;78.17;74.99;76.05;75.15;72.21;72.30;73.86;72.45;71.99;72.26;73.63;74.47,HARAM,Group classification: INSURANCE-PROP/CAS/TITLE,
STC,INSURANCE,INSURANCE-PROP/CAS/TITLE,35,69.91000366210938,0.0705871178022226,67.73;69.85;67.48;67.98;64.82;61.95;63.55;64.52;59.82;58.69;58.15;58.58;61.08;60.06;61.67;64.72;64.33;64.76;66.98;66.71;70.37;71.27;69.44;68.54;68.06;69.26;67.55;65.96;66.25;66.43;67.51;67.47;65.58;63.41;62.12;65.30;65.58;64.28;65.59;65.50;66.18;68.06;68.68;66.02;67.96;68.35;67.96;69.42;68.63;72.00;70.13;64.25;66.34;70.24;67.59;68.65;68.42;65.70;65.60;68.20;68.01;68.96;69.93;69.90;69.91,HARAM,Group classification: INSURANCE-PROP/CAS/TITLE,
ORI,INSURANCE,INSURANCE-PROP/CAS/TITLE,48,42.06999969482422,0.027430701703882177,41.65;42.19;41.69;41.40;40.53;39.71;39.76;39.85;37.55;37.94;39.03;39.09;39.56;40.05;40.15;41.24;41.14;40.88;42.20;42.47;39.56;39.89;39.36;38.93;38.92;39.15;38.89;38.47;38.99;39.24;39.31;39.08;37.43;36.35;36.73;38.16;37.88;38.21;38.56;38.73;39.08;40.30;41.23;40.92;41.87;41.85;41.32;42.04;40.31;42.24;41.96;41.32;43.07;44.59;43.21;43.42;43.45;42.47;42.47;42.85;42.37;41.80;41.97;42.45;42.07,HARAM,Group classification: INSURANCE-PROP/CAS/TITLE,
AFG,INSURANCE,INSURANCE-PROP/CAS/TITLE,50,143.6199951171875,0.12261127931954996,130.08;131.26;130.20;129.87;127.58;125.65;126.43;126.92;122.86;125.67;125.21;124.15;126.06;128.03;128.95;130.74;130.47;129.78;130.64;129.86;131.41;128.74;128.61;130.82;130.81;130.88;131.15;131.54;133.46;135.46;136.38;134.88;131.18;127.47;128.07;131.63;130.46;131.57;132.97;132.52;133.48;137.37;138.31;139.07;141.86;141.91;141.40;142.46;137.88;141.89;141.45;141.16;143.88;143.51;141.72;140.60;146.73;143.87;144.77;146.29;145.59;143.65;144.44;144.97;143.62,HARAM,Group classification: INSURANCE-PROP/CAS/TITLE,
GOOGL,INTERNET,INTERNET-CONTENT,61,346.5899963378906,0.11413259352527327,312.49;311.35;303.19;300.49;306.18;308.52;302.10;310.73;306.95;301.88;290.76;274.18;287.39;295.59;305.28;318.30;321.12;336.92;341.48;332.09;338.69;350.13;349.73;385.46;388.20;397.75;388.41;402.38;396.54;387.43;387.43;388.65;389.90;376.15;358.78;368.31;364.26;357.77;369.35;363.79;349.68;345.29;337.39;357.37;359.91;367.03;358.89;352.51;370.92;346.77;347.15;317.69;326.56;336.71;356.13;377.65;357.75;357.52;343.54;345.90;344.20;340.67;348.06;342.00;346.59,QUESTIONABLE,Ad-revenue exposure to non-halal advertisers,
GOOG,INTERNET,INTERNET-CONTENT,59,342.8800048828125,0.10150489273223906,312.62;311.02;303.16;300.52;305.83;308.23;301.28;309.22;305.55;298.84;289.42;273.60;286.69;294.28;303.75;316.18;319.02;334.27;339.20;330.27;337.55;348.31;347.10;382.99;384.04;395.06;386.54;398.80;393.08;384.67;383.24;384.61;385.89;372.36;355.47;365.54;362.29;356.56;367.11;362.10;348.78;345.04;334.69;353.33;356.18;363.62;356.24;350.67;370.21;346.12;346.19;318.34;326.57;335.76;356.65;375.35;356.62;355.84;342.37;343.54;341.28;338.20;344.59;339.10;342.88,QUESTIONABLE,Same as GOOGL,
META,INTERNET,INTERNET-CONTENT,13,578.02001953125,-0.09132821722428075,652.53;647.03;653.91;659.39;646.24;653.69;612.62;622.08;606.14;603.50;594.34;525.23;571.60;573.93;574.52;627.81;633.94;670.96;687.91;668.22;658.54;677.99;668.50;608.19;604.40;616.24;598.31;616.06;613.66;602.05;606.82;611.77;634.70;599.91;622.40;592.45;584.05;567.90;593.48;567.58;563.85;557.67;550.25;563.29;582.90;615.58;631.48;656.73;681.31;646.01;643.81;606.10;593.87;585.61;556.71;587.94;589.90;594.92;578.85;589.85;543.67;545.83;559.02;576.14;578.02,QUESTIONABLE,Ad-revenue exposure including non-halal content/ads,
PINS,INTERNET,INTERNET-CONTENT,40,23.190000534057617,0.3894547508693065,17.57;17.13;19.10;19.75;19.65;19.38;18.18;18.56;18.66;18.92;18.68;17.76;18.34;18.18;18.20;17.94;18.02;20.27;20.12;20.62;19.79;20.33;19.73;20.22;22.28;21.55;20.76;19.35;19.47;18.84;18.85;19.33;20.65;21.35;20.67;21.42;21.92;21.50;21.33;20.36;19.50;19.86;20.82;21.03;22.07;22.42;22.70;22.60;23.68;23.20;22.83;21.89;23.50;24.44;24.01;25.58;23.33;24.37;22.90;24.06;23.06;23.23;23.47;23.31;23.19,QUESTIONABLE,Group classification: INTERNET-CONTENT,
SNAP,INTERNET,INTERNET-CONTENT,11,5.429999828338623,0.10141988182756112,5.07;5.21;5.25;5.34;5.13;4.86;4.56;4.65;4.56;4.51;4.49;3.93;4.60;4.63;4.80;4.95;5.15;6.04;6.03;5.64;5.57;6.06;5.98;6.29;6.11;5.98;5.75;5.61;5.53;5.55;5.69;5.75;5.91;5.86;5.73;5.76;5.59;5.33;5.71;4.74;4.63;4.53;4.41;4.44;4.84;4.65;4.70;4.66;4.76;4.53;4.56;4.41;4.52;4.73;4.69;5.79;5.22;5.35;5.20;5.41;5.11;5.21;5.53;5.42;5.43,QUESTIONABLE,Group classification: INTERNET-CONTENT,
RDDT,INTERNET,INTERNET-CONTENT,14,153.0,0.07398562957604327,149.67;145.81;145.69;144.34;138.86;137.12;132.36;144.33;138.12;140.96;139.63;121.84;134.65;136.00;141.14;138.38;149.35;158.48;163.80;156.82;152.96;160.21;147.75;166.48;171.63;163.95;159.51;154.12;158.17;154.88;150.04;144.64;167.69;177.85;169.49;173.45;178.11;173.26;181.88;165.95;170.44;160.72;166.94;173.58;194.67;199.44;200.31;200.93;198.03;181.18;185.84;168.78;179.23;177.99;140.67;159.97;150.87;158.72;153.45;178.09;158.25;150.31;152.70;155.36;153.00,QUESTIONABLE,Group classification: INTERNET-CONTENT,
BIDU,INTERNET,INTERNET-CONTENT,8,97.12000274658203,-0.2748992013116589,132.65;124.44;118.71;117.93;122.48;125.15;124.07;120.69;119.01;114.53;115.60;108.12;111.42;110.96;110.61;108.23;112.01;120.94;126.13;123.49;121.53;128.01;121.01;125.88;126.24;139.87;145.78;150.50;135.33;137.68;131.18;126.83;132.05;132.40;132.68;121.66;121.11;116.11;116.75;111.61;111.74;107.82;104.22;114.29;113.30;112.09;117.51;113.39;111.48;107.24;108.22;107.39;105.29;105.27;111.11;112.58;109.33;109.50;104.84;103.67;90.87;91.97;92.18;93.26;97.12,QUESTIONABLE,Group classification: INTERNET-CONTENT,
YELP,INTERNET,INTERNET-CONTENT,18,23.18000030517578,0.14752472424177698,21.24;22.29;23.18;24.27;24.22;24.70;23.83;24.33;24.41;24.83;24.21;24.36;24.74;25.15;25.59;25.57;25.78;26.93;27.94;29.03;28.32;29.11;28.01;28.90;29.22;28.50;25.28;22.86;21.65;22.59;21.84;22.93;23.30;23.46;22.02;23.25;23.74;23.02;22.57;22.53;22.47;23.36;24.00;24.52;26.52;26.55;25.55;26.36;26.81;26.22;25.79;24.50;26.41;27.92;26.43;26.63;25.04;24.55;23.64;24.70;23.36;23.60;23.83;22.63;23.18,QUESTIONABLE,Group classification: INTERNET-CONTENT,
Z,INTERNET,INTERNET-CONTENT,5,35.65999984741211,-0.16740606297251748,45.31;44.62;45.23;46.66;45.25;44.90;42.90;45.23;45.54;44.82;43.60;40.44;41.38;40.60;40.79;40.63;40.49;43.50;46.86;46.17;44.50;45.59;43.41;45.28;43.54;43.68;40.44;38.53;37.66;36.00;36.75;35.74;35.44;36.25;35.51;35.06;35.45;32.70;32.36;32.01;30.31;30.54;31.15;31.52;33.43;32.78;33.44;32.19;33.85;33.90;31.85;29.58;32.00;34.00;34.06;36.28;33.43;33.75;33.26;34.78;34.57;35.72;37.05;34.95;35.66,QUESTIONABLE,Group classification: INTERNET-CONTENT,
MTCH,INTERNET,INTERNET-CONTENT,71,41.58000183105469,0.3621662395609455,31.02;31.24;30.45;30.95;30.75;30.25;30.44;30.71;31.11;30.84;29.99;29.40;30.36;31.08;31.75;32.32;33.02;34.34;35.32;35.74;35.47;36.72;36.77;38.46;37.45;35.64;35.58;35.88;35.21;35.16;35.47;35.76;36.17;36.56;34.14;34.24;34.54;34.39;35.75;35.12;35.05;35.15;36.97;37.85;37.70;39.18;39.32;38.54;40.11;39.15;38.75;37.40;38.80;39.40;39.41;41.24;36.61;36.73;36.58;37.95;38.69;40.35;41.73;42.07;41.58,QUESTIONABLE,Group classification: INTERNET-CONTENT,
AMZN,INTERNET,INTERNET-E-COMMERCE,52,266.42999267578125,0.2979489800279873,210.64;210.00;208.73;218.94;213.49;212.65;207.67;215.20;208.76;210.14;211.71;199.34;208.27;209.77;213.77;233.65;239.89;248.50;250.56;249.91;255.08;261.12;263.04;268.26;273.55;271.17;268.99;270.13;264.14;259.34;268.46;265.29;274.00;261.26;250.02;246.03;244.19;241.51;246.02;237.50;232.79;234.27;232.69;238.34;242.67;245.98;247.04;247.31;254.96;247.23;247.55;233.66;231.39;226.65;271.58;277.42;272.26;278.09;267.28;262.65;259.45;260.11;262.07;260.28;266.43,HALAL,"E-commerce + AWS halal core; AWS dominant — debt ratio not verified, cross-check Musaffa/Zoya",
EBAY,INTERNET,INTERNET-E-COMMERCE,51,105.62000274658203,0.2604303890658375,84.81;90.31;89.08;92.47;92.65;91.43;91.09;93.35;90.49;89.60;89.30;87.74;90.77;93.88;95.74;95.32;97.88;99.73;104.36;105.11;103.11;100.01;103.50;103.78;104.97;106.13;107.83;112.70;115.81;113.92;116.81;114.99;111.82;110.35;108.82;109.35;108.66;109.61;109.18;107.89;104.94;109.45;107.87;111.75;114.84;114.71;117.33;115.09;112.76;112.06;113.05;109.32;113.21;115.30;114.01;109.61;110.14;107.71;102.31;103.14;102.27;104.61;107.08;104.20;105.62,HALAL,"Business activity permissible — debt ratio not verified, cross-check Musaffa/Zoya",
ETSY,INTERNET,INTERNET-E-COMMERCE,87,83.58999633789062,0.5961427924910265,53.44;54.88;54.46;56.63;55.78;52.69;52.02;54.92;54.76;52.49;48.23;47.31;49.98;51.64;53.94;53.42;55.34;57.92;61.90;65.19;63.48;65.11;69.60;63.17;62.95;64.02;59.86;57.40;58.07;57.61;60.74;64.33;66.78;69.00;67.05;66.86;68.76;69.44;72.19;72.83;72.54;78.02;78.04;75.33;76.97;77.59;77.72;80.53;85.74;84.10;81.69;80.91;83.84;85.58;81.68;86.43;82.26;80.40;79.63;79.90;79.96;81.21;87.03;81.74;83.59,HALAL,"Business activity permissible — debt ratio not verified, cross-check Musaffa/Zoya",
MELI,INTERNET,INTERNET-E-COMMERCE,35,1966.25,0.05459491820425977,1767.71;1757.58;1714.01;1780.36;1769.52;1766.10;1670.00;1728.14;1666.93;1666.08;1639.47;1599.52;1729.02;1715.52;1742.30;1793.21;1831.93;1872.12;1855.83;1854.18;1809.20;1839.28;1767.02;1850.05;1817.31;1870.01;1557.30;1562.00;1546.81;1594.86;1677.90;1648.04;1695.53;1730.98;1638.54;1607.80;1641.16;1610.00;1646.36;1631.82;1589.45;1659.57;1675.10;1697.39;1763.36;1813.61;1807.83;1867.30;1843.19;1813.91;1822.65;1798.70;1819.74;1863.31;1877.95;1888.50;1830.00;1824.34;1828.29;1844.58;1779.14;1921.96;1947.90;1950.44;1966.25,HALAL,"Business activity permissible — debt ratio not verified, cross-check Musaffa/Zoya",
JD,INTERNET,INTERNET-E-COMMERCE,27,28.739999771118164,0.09308112828502968,26.59;25.62;24.76;24.59;26.52;27.14;27.35;27.56;27.06;26.59;28.73;27.71;28.55;27.48;27.48;28.34;28.94;31.47;31.60;30.52;29.98;29.75;29.70;29.96;29.68;30.21;30.53;33.77;32.01;32.38;31.47;29.99;29.14;29.09;29.41;28.88;28.73;28.06;28.68;27.91;27.02;25.48;25.39;25.48;26.62;26.49;27.74;28.88;29.28;29.62;30.43;30.09;30.95;32.20;33.01;32.97;32.81;33.47;31.61;29.06;28.82;29.41;29.20;28.77;28.74,HALAL,"Business activity permissible — debt ratio not verified, cross-check Musaffa/Zoya",
BABA,INTERNET,INTERNET-E-COMMERCE,13,118.9000015258789,-0.21460943497093976,150.89;142.80;134.36;129.16;131.43;135.05;133.98;135.33;123.76;124.91;128.69;121.57;124.32;120.94;118.63;126.52;126.85;132.07;139.73;134.15;130.50;131.31;129.24;130.30;131.06;139.72;136.05;144.48;131.38;134.41;130.27;128.29;125.01;124.26;126.05;119.96;118.61;112.69;112.55;107.44;104.97;99.80;94.81;95.98;96.14;98.14;111.14;112.35;117.69;114.97;117.97;114.06;115.00;115.03;122.25;128.99;126.81;132.32;125.22;123.81;128.15;130.53;118.47;119.83;118.90,HALAL,"Business activity permissible — debt ratio not verified, cross-check Musaffa/Zoya",
PDD,INTERNET,INTERNET-E-COMMERCE,9,85.69000244140625,-0.18976928223745548,106.90;103.73;100.71;100.74;102.64;102.94;102.65;104.37;97.43;96.25;102.61;99.81;102.18;100.87;99.54;100.57;100.80;101.97;104.79;98.99;97.77;98.47;97.67;99.72;96.75;101.51;98.80;99.60;95.83;97.34;97.79;96.64;83.03;87.24;85.40;85.07;81.93;81.30;83.55;79.86;78.11;75.74;76.55;76.28;82.39;82.53;85.88;84.56;85.74;84.14;84.83;83.30;84.85;88.32;88.56;91.03;90.85;93.00;89.04;84.79;87.27;89.52;87.07;86.74;85.69,HALAL,"Business activity permissible — debt ratio not verified, cross-check Musaffa/Zoya",
SHOP,INTERNET,INTERNET-E-COMMERCE,76,152.89999389648438,0.3037175604360205,120.31;120.73;121.87;134.79;133.50;129.52;122.96;127.80;122.37;121.10;118.42;111.85;118.62;118.25;117.06;112.38;114.97;127.41;131.15;131.13;124.23;124.23;121.26;127.67;107.63;111.74;102.54;95.40;100.28;101.01;104.86;104.90;115.03;124.12;112.94;109.54;110.42;110.47;112.49;108.09;107.98;114.17;116.86;114.18;119.46;121.88;123.17;124.74;123.55;123.56;123.03;112.00;126.88;129.17;117.15;123.30;147.44;155.18;150.41;154.32;146.58;147.18;149.80;150.29;152.90,HALAL,"Business activity permissible — debt ratio not verified, cross-check Musaffa/Zoya",
W,INTERNET,INTERNET-E-COMMERCE,82,103.76000213623047,0.41227712552415086,75.75;76.33;75.48;78.55;75.72;75.11;75.75;79.89;76.27;76.56;79.75;71.50;75.21;72.61;69.78;73.06;72.81;76.92;81.33;80.07;76.94;75.77;73.27;65.50;63.20;66.20;61.38;60.06;58.22;57.40;66.34;71.92;72.75;72.60;69.38;68.35;71.34;77.68;82.99;81.59;85.04;92.79;94.47;92.42;94.50;93.25;90.29;86.37;91.67;89.31;84.81;82.68;94.53;89.03;84.90;116.08;104.07;103.26;102.94;101.63;101.69;103.31;103.19;104.00;103.76,HALAL,"Business activity permissible — debt ratio not verified, cross-check Musaffa/Zoya",
REAL,INTERNET,INTERNET-E-COMMERCE,48,10.930000305175781,-0.0036463045468877464,12.02;12.26;11.63;11.37;10.87;10.04;9.56;9.94;9.22;9.33;9.15;8.57;9.08;9.12;9.22;9.69;10.36;10.50;12.08;11.61;12.54;11.66;11.77;11.77;12.72;12.40;9.97;9.41;9.06;8.97;9.27;9.50;9.81;9.70;9.12;8.87;9.54;9.84;11.07;11.39;12.35;12.86;12.16;11.79;11.58;10.93;10.55;10.68;11.26;11.21;11.92;11.37;11.66;11.69;12.09;12.72;12.77;11.91;11.17;11.40;11.05;11.65;11.27;10.93;10.93,HALAL,"Business activity permissible — debt ratio not verified, cross-check Musaffa/Zoya",
WIX,INTERNET,INTERNET-E-COMMERCE,70,87.62000274658203,0.3952229906218583,65.61;70.46;74.36;92.94;92.00;89.91;88.09;89.52;89.70;89.46;89.12;87.14;90.07;81.95;80.99;67.67;64.94;70.16;68.24;77.11;71.97;76.53;75.71;80.60;77.03;80.34;79.31;55.32;54.67;53.42;55.24;55.33;52.65;62.54;55.08;52.39;48.22;44.07;45.59;42.05;41.86;42.60;44.10;45.37;49.35;50.36;49.24;52.41;53.23;51.45;51.12;48.83;56.34;61.22;55.03;66.78;60.88;62.42;68.75;74.13;77.16;82.39;84.42;82.29;87.62,HALAL,"Business activity permissible — debt ratio not verified, cross-check Musaffa/Zoya",
GLBE,INTERNET,INTERNET-E-COMMERCE,75,39.95000076293945,0.1519607961761511,35.09;34.97;34.64;36.67;35.09;34.17;34.78;33.89;33.99;32.24;32.14;28.93;30.85;31.18;30.74;30.44;30.54;33.30;33.91;32.50;30.84;32.16;31.41;31.46;31.61;32.63;29.91;27.54;27.89;28.63;30.14;29.68;30.09;33.75;31.79;32.13;32.38;33.22;31.61;31.98;31.51;34.05;36.41;34.73;36.85;36.92;37.84;38.68;38.98;38.12;35.76;34.50;37.76;40.26;39.31;41.53;41.02;41.15;40.55;42.36;41.31;40.79;39.86;39.13;39.95,HALAL,"Business activity permissible — debt ratio not verified, cross-check Musaffa/Zoya",
NET,INTERNET,INTERNET-NETWORK SOLUTIONS,92,299.8399963378906,0.8717772131101944,171.80;172.19;178.91;192.31;201.48;213.00;212.45;211.52;221.36;220.65;218.00;203.02;206.34;211.69;216.29;193.05;184.02;190.13;200.99;207.67;205.00;212.36;211.97;217.50;244.43;256.79;193.52;192.62;197.56;206.73;212.65;217.54;228.11;270.82;265.33;250.11;236.13;227.44;235.71;226.87;218.38;223.48;237.24;245.28;242.41;268.83;275.80;269.53;273.04;277.66;272.31;262.32;265.61;270.38;278.98;301.33;284.43;310.59;311.45;315.78;301.36;278.91;280.35;284.89;299.84,HALAL,"Business activity permissible — debt ratio not verified, cross-check Musaffa/Zoya",
AKAM,INTERNET,INTERNET-NETWORK SOLUTIONS,40,107.47000122070312,0.088193589470138,100.04;98.39;102.08;101.00;102.11;106.47;107.67;105.84;110.00;114.43;119.15;114.50;114.85;118.00;113.89;109.61;94.94;90.38;95.89;98.08;96.18;95.93;99.80;103.87;117.94;116.69;153.01;161.14;150.88;141.34;146.24;148.21;143.13;154.01;160.36;149.32;137.81;132.46;134.20;127.86;120.74;119.48;113.29;118.21;113.17;114.37;129.52;125.13;120.01;120.19;124.91;117.37;112.85;107.41;115.18;123.35;118.55;117.65;122.78;124.99;115.20;110.09;105.66;108.06;107.47,HALAL,"Business activity permissible — debt ratio not verified, cross-check Musaffa/Zoya",
FFIV,INTERNET,INTERNET-NETWORK SOLUTIONS,79,394.239990234375,0.4627486134780767,278.55;271.36;281.54;283.64;285.33;289.52;289.31;286.03;290.30;289.75;297.86;281.98;289.33;303.35;309.10;294.59;298.07;299.09;310.87;315.56;299.89;297.72;328.15;323.20;339.90;345.02;358.30;357.40;362.58;383.50;383.70;397.00;383.43;395.62;405.66;393.35;395.23;393.84;396.81;384.88;391.27;384.78;394.53;415.96;408.14;417.11;430.32;420.95;421.47;409.10;408.74;388.08;407.96;386.95;402.57;412.25;413.07;409.99;422.95;403.20;393.62;377.79;379.04;399.59;394.24,HALAL,"Business activity permissible — debt ratio not verified, cross-check Musaffa/Zoya",
FSLY,INTERNET,INTERNET-NETWORK SOLUTIONS,97,23.040000915527344,0.35529417150160847,18.15;19.12;21.14;20.44;21.83;24.05;24.58;24.18;26.45;28.75;29.79;27.43;29.06;33.50;31.60;29.46;24.37;23.38;24.56;26.56;24.96;25.80;26.39;28.07;32.36;19.50;19.58;18.31;17.00;16.36;16.40;17.60;16.94;19.08;20.83;18.07;18.63;18.88;18.55;17.41;17.17;16.38;17.11;18.36;18.13;18.59;20.33;20.03;20.00;20.72;20.73;19.43;20.04;20.69;22.66;24.95;22.68;27.75;28.53;29.93;26.59;22.71;22.94;23.29;23.04,HALAL,"Business activity permissible — debt ratio not verified, cross-check Musaffa/Zoya",
OKTA,INTERNET,INTERNET-NETWORK SOLUTIONS,97,166.22999572753906,1.3914543320218882,73.00;72.50;72.52;79.65;79.71;80.85;79.16;78.53;80.76;81.10;78.12;73.23;78.71;80.19;79.34;67.76;65.46;67.35;72.25;77.64;76.04;76.14;76.16;75.78;77.75;80.88;81.69;78.20;82.77;85.70;89.44;93.81;94.72;139.79;124.65;118.72;119.96;117.50;118.12;113.03;115.94;118.58;124.28;136.45;141.42;148.47;148.84;139.53;150.86;149.35;141.71;136.10;137.43;136.91;141.93;147.82;143.51;150.77;147.30;147.43;143.92;134.16;130.97;134.42;166.23,HALAL,"Business activity permissible — debt ratio not verified, cross-check Musaffa/Zoya",
ZS,INTERNET,INTERNET-NETWORK SOLUTIONS,49,184.22999572753906,0.2858040012362091,155.70;146.99;154.67;161.96;162.62;153.81;153.76;156.00;155.40;151.80;139.44;133.16;140.29;138.56;142.09;122.23;122.62;131.01;134.68;139.61;132.97;134.11;134.73;139.81;141.36;152.79;148.87;152.43;161.05;175.25;171.01;184.60;130.04;155.71;134.37;130.78;125.84;126.11;130.42;124.38;124.06;127.27;132.26;141.15;147.33;149.50;147.12;141.82;148.19;149.94;148.72;139.70;147.30;153.77;151.20;163.22;162.60;176.68;177.32;183.60;185.70;174.95;176.06;170.31;184.23,HALAL,"Business activity permissible — debt ratio not verified, cross-check Musaffa/Zoya",
DDOG,INTERNET,INTERNET-NETWORK SOLUTIONS,92,236.97999572753906,1.3094089622469314,110.33;111.96;111.77;122.36;128.56;127.49;124.52;128.87;129.94;129.23;123.29;114.48;118.05;120.36;116.54;108.98;110.08;121.06;126.61;129.29;127.86;132.66;133.98;140.53;145.73;188.73;202.32;205.31;207.98;215.15;218.04;223.65;225.24;277.49;250.33;234.11;227.34;234.24;233.09;226.63;221.37;222.65;239.77;260.36;260.36;256.81;269.00;260.24;264.46;258.69;254.79;244.39;251.86;264.20;267.97;288.15;229.29;260.78;240.91;255.46;246.00;232.55;225.77;227.67;236.98,HALAL,"Business activity permissible — debt ratio not verified, cross-check Musaffa/Zoya",
EQIX,INTERNET,INTERNET-NETWORK SOLUTIONS,61,1044.4100341796875,0.12129182127206461,951.25;964.85;962.63;943.80;935.79;964.03;960.54;967.45;965.35;957.63;956.63;953.70;970.78;990.71;997.57;1021.61;1046.64;1042.81;1078.11;1083.78;1104.52;1079.33;1078.56;1074.56;1068.05;1056.46;1075.73;1066.88;1049.21;1038.31;1073.29;1072.51;1064.35;1045.77;1071.88;1075.81;1054.80;1038.22;1059.32;1083.34;1110.63;1089.79;1086.11;1037.43;997.26;1018.07;1029.95;1034.59;1017.74;1015.15;1022.99;1028.64;1041.81;1003.23;1014.43;1046.53;1047.85;1038.42;1064.09;1096.86;1079.93;1082.61;1055.20;1079.61;1044.41,HALAL,"Business activity permissible — debt ratio not verified, cross-check Musaffa/Zoya",
DLR,INTERNET,INTERNET-NETWORK SOLUTIONS,44,185.47000122070312,0.06751005640651186,177.19;174.84;175.75;177.35;177.25;178.18;178.42;179.20;178.66;175.30;175.26;174.26;179.02;180.49;181.21;186.90;190.58;194.39;202.27;199.94;198.68;195.04;193.27;199.37;195.39;193.49;194.94;192.03;187.26;185.05;192.98;192.39;190.16;183.77;182.28;185.55;183.71;181.63;184.90;187.08;195.54;193.02;193.00;179.58;173.30;174.90;179.33;177.92;176.07;173.88;179.31;179.34;195.76;188.18;188.52;193.89;192.56;191.30;197.06;200.15;195.25;194.30;188.55;193.43;185.47,HALAL,"Business activity permissible — debt ratio not verified, cross-check Musaffa/Zoya",
VRSN,INTERNET,INTERNET-NETWORK SOLUTIONS,55,291.92999267578125,0.3880835758486718,213.30;226.67;234.11;237.37;241.03;234.42;237.27;240.80;238.31;239.58;250.30;246.10;246.98;258.40;273.22;268.38;269.93;273.73;272.52;268.28;275.41;266.41;271.08;270.92;274.23;276.92;284.87;293.50;295.91;301.74;305.03;305.96;295.27;295.72;296.21;294.06;283.06;278.75;272.16;264.14;246.97;251.34;254.87;250.82;255.68;266.00;269.19;269.52;269.73;276.85;265.37;260.81;274.02;290.07;289.17;298.32;291.67;292.48;282.11;283.41;275.93;276.90;290.79;292.99;291.93,HALAL,"Business activity permissible — debt ratio not verified, cross-check Musaffa/Zoya",
UBER,INTERNET,INTERNET-SERVICES,30,78.81999969482422,0.11453617554166318,72.83;75.42;76.36;75.44;73.84;74.97;73.33;77.79;75.34;75.12;73.08;69.18;71.93;71.84;71.73;71.81;72.34;77.28;77.12;77.26;74.70;76.27;74.47;75.12;72.95;76.73;76.15;74.70;75.09;74.09;73.61;70.12;70.92;73.77;71.69;70.71;70.38;69.55;72.85;70.91;71.43;73.85;76.20;72.16;74.43;74.33;74.35;74.26;72.67;72.46;71.55;68.91;68.18;71.20;70.36;71.99;70.47;78.03;75.36;75.95;74.66;78.55;79.29;78.49;78.82,HALAL,"Business activity permissible — debt ratio not verified, cross-check Musaffa/Zoya",
LYFT,INTERNET,INTERNET-SERVICES,62,17.700000762939453,0.33182850366777106,13.40;13.84;13.21;13.18;13.76;13.31;13.07;14.04;13.38;13.34;13.26;12.86;13.30;13.34;13.77;13.22;13.60;14.66;14.95;14.75;14.03;14.49;14.34;14.42;14.09;14.16;13.87;13.68;12.97;13.18;13.48;13.58;13.82;14.86;14.09;13.65;13.87;13.71;14.24;14.15;14.22;14.40;14.27;14.61;15.37;15.44;15.74;15.67;16.23;15.52;15.19;14.02;15.09;15.44;15.86;16.73;16.30;17.26;16.58;17.48;16.93;17.40;17.68;17.39;17.70,HALAL,"Business activity permissible — debt ratio not verified, cross-check Musaffa/Zoya",
DASH,INTERNET,INTERNET-SERVICES,80,236.74000549316406,0.43775051759968675,173.06;176.47;175.46;183.48;176.59;169.48;161.36;169.81;159.26;159.98;152.92;146.60;150.15;156.45;155.90;154.55;159.61;179.93;183.89;182.45;177.00;174.06;169.33;175.84;166.14;171.35;157.33;149.07;159.20;154.65;159.27;154.00;156.70;164.78;154.58;156.80;155.67;154.59;168.09;165.66;172.08;177.93;183.09;184.53;192.01;195.72;192.35;189.57;190.16;184.14;188.04;169.77;184.37;193.53;196.16;202.37;213.26;209.86;212.49;217.02;216.35;222.36;229.06;236.93;236.74,HALAL,"Business activity permissible — debt ratio not verified, cross-check Musaffa/Zoya",
ABNB,INTERNET,INTERNET-SERVICES,91,189.42999267578125,0.540582255092928,132.02;135.11;133.04;135.85;134.03;133.39;126.30;131.95;130.79;132.59;131.81;122.87;126.28;124.95;124.97;129.16;130.32;137.51;141.55;142.65;141.87;141.06;140.28;141.66;139.73;140.46;137.05;132.97;132.85;131.16;134.25;132.68;134.50;137.87;133.59;133.54;131.35;130.87;138.96;140.54;139.19;144.40;145.56;143.10;148.93;148.80;146.89;146.33;148.38;145.98;144.10;137.57;146.86;153.01;151.52;149.92;151.64;184.70;180.10;184.06;183.25;185.00;190.21;188.07;189.43,HALAL,"Business activity permissible — debt ratio not verified, cross-check Musaffa/Zoya",
BKNG,INTERNET,INTERNET-SERVICES,61,205.6300048828125,0.33445031254623125,165.72;168.76;165.36;183.65;177.18;172.46;169.22;177.25;171.34;175.43;169.08;162.08;167.99;167.35;172.98;176.16;176.81;185.22;191.53;190.38;176.31;177.07;173.54;169.20;167.21;170.85;157.40;154.64;153.74;154.15;159.28;162.89;169.39;168.83;164.37;165.84;163.99;163.59;174.64;171.63;167.77;181.25;181.46;178.24;184.56;181.95;175.52;175.80;182.80;181.68;179.40;172.83;186.79;201.30;192.90;194.27;207.39;212.88;212.26;212.06;208.25;209.87;213.36;208.89;205.63,HALAL,"Business activity permissible — debt ratio not verified, cross-check Musaffa/Zoya",
EXPE,INTERNET,INTERNET-SERVICES,92,329.44000244140625,0.75763970575126,202.58;214.46;213.91;250.65;240.68;229.53;227.56;240.39;238.56;235.81;235.42;225.01;230.07;224.50;223.50;229.44;239.36;256.52;264.89;272.83;249.48;244.35;249.68;250.94;247.77;251.89;220.67;216.78;216.96;214.24;217.34;222.18;227.22;228.04;225.09;228.55;230.73;224.34;236.64;239.13;237.68;261.77;262.42;255.51;268.30;269.48;267.39;265.25;266.73;268.38;264.56;257.24;277.97;303.83;294.32;311.61;306.13;313.56;325.10;332.21;320.96;323.70;338.64;332.96;329.44,HALAL,"Business activity permissible — debt ratio not verified, cross-check Musaffa/Zoya",
TRIP,INTERNET,INTERNET-SERVICES,9,9.869999885559082,-0.01888673221992332,10.08;10.11;9.92;10.50;10.61;9.83;9.24;9.51;9.29;10.04;9.51;10.11;10.66;10.85;10.75;11.49;11.13;11.48;11.39;11.23;10.86;11.19;11.18;11.56;11.28;11.23;9.66;9.63;9.46;9.30;9.90;10.04;10.90;12.10;11.94;11.86;11.95;11.91;12.56;12.61;12.36;12.98;13.76;13.71;14.29;13.72;13.33;14.40;14.60;14.58;13.80;13.49;14.28;14.58;14.17;14.33;10.42;10.78;10.71;10.74;10.23;10.03;10.19;9.87;9.87,HALAL,"Business activity permissible — debt ratio not verified, cross-check Musaffa/Zoya",
TRVG,INTERNET,INTERNET-SERVICES,96,6.0,1.068965449202786,2.94;2.92;2.98;3.00;2.92;2.86;2.81;2.81;2.81;2.67;2.83;2.74;2.71;2.92;2.89;2.68;2.69;2.77;2.79;2.81;2.77;2.78;2.80;2.85;2.88;3.58;3.26;2.97;3.07;3.14;3.23;3.49;3.73;3.94;4.11;4.29;4.64;4.31;4.30;4.49;4.71;5.14;5.31;5.47;5.41;5.26;5.34;5.31;5.52;5.64;5.54;5.24;5.40;5.45;5.28;5.31;5.49;5.32;5.20;5.10;4.79;4.89;5.58;5.71;6.00,HALAL,"Business activity permissible — debt ratio not verified, cross-check Musaffa/Zoya",
CARG,INTERNET,INTERNET-SERVICES,,,,,HALAL,"Business activity permissible — debt ratio not verified, cross-check Musaffa/Zoya",
CARS,INTERNET,INTERNET-SERVICES,50,11.9399995803833,0.125353437016281,10.74;8.54;8.24;8.40;7.98;7.62;7.58;8.02;8.16;8.23;8.27;7.96;8.12;8.30;9.31;9.09;9.87;10.18;10.59;10.97;10.78;11.07;10.97;11.07;11.16;12.33;10.93;10.40;9.85;9.79;9.57;9.74;10.18;9.91;9.18;9.21;9.64;9.56;9.74;9.82;9.89;10.32;10.75;10.94;11.32;11.22;11.03;11.10;11.79;11.99;11.87;11.42;11.80;12.91;11.85;11.95;11.74;12.19;12.10;12.38;11.87;12.27;12.36;11.97;11.94,HALAL,"Business activity permissible — debt ratio not verified, cross-check Musaffa/Zoya",
LVS,LEISURE,LEISURE-GAMING/EQUIPMENT,9,45.040000915527344,-0.1817776287366456,54.40;56.03;55.03;54.47;53.26;54.12;53.03;53.50;53.40;53.35;53.51;51.06;53.23;53.68;53.37;53.82;54.18;55.58;56.94;56.84;51.32;53.81;53.07;53.14;51.93;53.44;51.74;50.99;50.84;49.60;49.14;49.43;50.79;52.93;50.54;49.93;51.32;50.29;49.42;47.82;47.50;47.46;46.82;45.90;46.69;45.77;46.16;45.61;44.51;45.07;45.18;45.74;47.46;48.24;48.58;46.02;46.11;45.46;45.68;46.23;45.47;45.97;46.97;46.23;45.04,HARAM,Group classification: LEISURE-GAMING/EQUIPMENT,
WYNN,LEISURE,LEISURE-GAMING/EQUIPMENT,13,95.26000213623047,-0.10728155818773122,106.91;107.64;101.76;104.84;101.05;99.56;99.92;102.81;102.64;100.62;101.37;96.10;101.04;101.51;99.92;104.36;102.54;106.30;108.64;107.12;105.08;104.98;103.71;105.44;105.70;106.31;98.87;95.72;94.94;94.55;98.30;97.63;101.29;106.27;104.69;104.22;107.18;107.49;105.70;102.06;103.37;103.50;100.19;96.85;95.68;96.11;98.59;96.89;96.81;96.40;94.40;96.53;99.46;98.77;99.07;97.36;101.25;102.25;102.72;102.53;101.29;99.60;99.41;97.17;95.26,HARAM,Group classification: LEISURE-GAMING/EQUIPMENT,
MGM,LEISURE,LEISURE-GAMING/EQUIPMENT,59,42.279998779296875,0.23445251910355847,35.56;36.86;35.85;37.13;35.64;36.29;36.68;36.86;37.14;36.95;37.49;36.32;37.01;36.68;37.89;36.93;36.75;38.36;38.59;39.11;38.94;40.55;39.27;38.50;37.91;38.11;37.30;37.41;36.97;36.02;37.66;38.45;42.93;50.69;48.30;47.51;47.15;47.22;48.62;46.94;46.57;47.09;49.19;47.81;47.10;46.64;46.44;47.24;46.84;46.13;45.67;44.99;46.30;45.83;44.57;45.72;44.70;43.36;43.98;44.10;43.32;43.17;43.69;43.46;42.28,HARAM,Group classification: LEISURE-GAMING/EQUIPMENT,
PENN,LEISURE,LEISURE-GAMING/EQUIPMENT,48,17.360000610351562,0.42645854572895736,12.54;15.64;14.93;15.47;14.70;14.87;14.31;13.97;14.16;14.44;14.66;13.77;15.03;14.77;15.05;15.66;15.29;16.01;15.85;15.47;17.26;17.83;17.82;17.27;17.10;16.77;15.94;15.83;16.20;16.12;16.70;17.06;19.44;20.24;19.65;19.23;20.32;21.21;21.84;21.23;20.83;20.38;21.88;21.36;22.02;20.78;20.69;20.48;21.12;20.57;21.23;20.27;21.18;21.20;20.53;20.04;20.13;18.85;19.17;18.79;18.29;18.44;18.26;17.85;17.36,HARAM,Group classification: LEISURE-GAMING/EQUIPMENT,
BYD,LEISURE,LEISURE-GAMING/EQUIPMENT,26,79.47000122070312,-0.045111794234694025,84.53;82.84;80.99;81.64;80.12;82.32;81.25;81.64;82.87;81.75;84.68;79.98;81.99;83.55;83.20;86.63;85.96;85.78;87.32;87.20;88.95;87.33;86.09;84.31;83.88;85.05;82.56;80.39;78.91;77.91;79.47;80.50;83.02;86.64;86.74;87.67;87.57;86.35;87.67;83.88;86.35;86.90;89.70;88.33;87.90;88.67;87.37;85.75;87.64;87.72;87.17;86.56;89.29;90.79;85.06;86.32;84.12;81.46;82.98;84.13;82.48;80.95;81.00;80.63;79.47,HARAM,Group classification: LEISURE-GAMING/EQUIPMENT,
CZR,LEISURE,LEISURE-GAMING/EQUIPMENT,72,29.729999542236328,0.47032643678681363,20.77;25.05;25.02;26.59;25.76;29.07;28.06;27.33;27.44;26.44;26.82;25.85;26.43;26.53;26.58;26.44;26.75;27.29;27.22;27.64;27.93;28.03;27.38;28.38;28.10;27.78;27.77;26.79;27.80;27.50;27.90;28.38;29.08;29.15;29.18;29.20;29.45;29.51;29.50;29.21;29.29;29.60;30.19;30.18;30.39;30.35;29.77;29.66;30.13;29.86;30.03;29.90;29.97;29.77;29.75;30.12;30.05;30.07;29.63;29.75;29.63;29.64;29.66;29.66;29.73,HARAM,Group classification: LEISURE-GAMING/EQUIPMENT,
DKNG,LEISURE,LEISURE-GAMING/EQUIPMENT,16,25.260000228881836,0.15818435797427854,22.94;23.84;24.45;25.46;25.16;25.57;25.87;25.22;24.91;23.96;21.42;20.72;21.62;23.16;22.95;22.25;22.51;23.64;22.82;22.99;22.17;23.53;23.14;23.00;24.17;25.22;24.51;25.03;25.00;25.54;25.40;23.81;24.53;26.33;25.11;24.93;27.59;30.02;28.79;26.32;25.65;24.53;25.70;25.26;25.89;26.91;26.29;26.45;25.25;24.94;23.85;22.81;24.11;24.55;23.48;23.61;22.17;24.27;25.51;26.14;24.04;25.03;25.97;24.78;25.26,HARAM,Group classification: LEISURE-GAMING/EQUIPMENT,
FLUT,LEISURE,LEISURE-GAMING/EQUIPMENT,6,101.77999877929688,-0.11817708894504553,119.84;106.14;111.40;114.57;109.41;109.59;108.37;109.25;106.41;109.38;103.40;100.50;101.95;106.38;103.63;105.25;105.33;111.79;110.08;109.50;106.05;110.93;107.60;106.13;103.33;101.20;93.96;95.01;92.38;97.50;97.12;93.81;95.58;104.31;100.70;100.49;111.31;110.80;108.98;101.65;97.44;98.51;104.19;102.17;106.03;108.35;110.79;112.40;110.00;106.56;100.95;100.82;105.84;107.78;104.47;104.96;93.01;94.27;98.08;101.41;92.89;99.57;102.58;98.06;101.78,HARAM,Group classification: LEISURE-GAMING/EQUIPMENT,
RSI,LEISURE,LEISURE-GAMING/EQUIPMENT,75,26.40999984741211,0.44002178994995766,19.10;19.75;19.99;20.88;20.73;21.07;20.25;20.53;21.24;21.75;21.92;20.98;21.75;22.68;22.06;21.41;21.43;22.80;22.89;23.24;23.32;24.28;27.98;28.33;29.17;27.90;28.13;27.01;26.77;28.00;27.40;26.14;26.37;25.39;25.42;26.14;27.59;29.31;30.12;28.28;30.52;29.83;31.56;29.74;31.68;32.31;32.63;34.18;32.93;32.50;33.65;31.32;31.62;30.77;26.91;28.39;25.08;24.72;24.28;25.58;24.55;25.61;26.42;26.38;26.41,HARAM,Group classification: LEISURE-GAMING/EQUIPMENT,
INSE,LEISURE,LEISURE-GAMING/EQUIPMENT,5,5.929999828338623,-0.2587500214576721,8.21;8.16;8.30;8.06;8.34;7.22;6.58;6.96;6.55;6.50;6.70;6.68;7.13;6.92;6.74;6.84;6.59;6.88;7.40;7.01;6.75;7.00;7.00;7.23;7.08;8.10;7.72;7.35;7.34;7.24;7.20;7.32;7.62;7.93;7.43;7.47;8.18;8.18;8.11;8.00;7.74;8.05;8.13;8.25;7.88;7.53;7.09;7.29;7.06;6.52;6.56;6.57;7.10;6.86;6.88;6.87;6.62;6.11;6.18;6.22;5.95;5.90;6.03;5.85;5.93,HARAM,Group classification: LEISURE-GAMING/EQUIPMENT,
GAN,LEISURE,LEISURE-GAMING/EQUIPMENT,,,,,HARAM,Group classification: LEISURE-GAMING/EQUIPMENT,
GENI,LEISURE,LEISURE-GAMING/EQUIPMENT,59,8.020000457763672,0.39965103509030486,5.92;6.21;6.47;5.86;5.39;5.21;5.33;4.99;4.70;4.70;4.60;4.33;4.43;4.56;4.23;4.07;4.14;4.81;4.89;4.65;4.35;4.42;4.25;4.35;4.33;4.78;4.41;4.21;4.24;5.01;4.89;5.31;5.60;6.05;5.89;5.93;6.76;7.03;6.87;6.20;5.94;5.66;6.20;6.06;6.43;6.47;6.17;6.61;6.41;6.30;6.65;6.43;7.27;7.31;6.93;8.08;7.83;7.56;7.65;8.38;7.49;7.93;7.99;7.62;8.02,HARAM,Group classification: LEISURE-GAMING/EQUIPMENT,
MAR,LEISURE,LEISURE-HOTELS & MOTELS,47,351.0799865722656,0.030788845155551137,345.39;340.37;334.57;331.71;327.55;325.08;312.56;325.97;323.59;325.22;325.48;316.27;325.76;330.60;329.61;351.52;358.12;362.29;376.42;373.95;366.77;359.23;352.54;353.55;353.10;350.64;351.91;348.79;351.76;357.26;369.08;373.05;384.98;376.20;375.99;391.71;392.81;396.09;399.82;393.81;383.41;382.78;376.54;369.84;372.19;379.98;371.71;362.13;368.30;365.50;367.06;363.73;382.28;380.35;372.07;344.50;358.94;347.73;353.86;356.00;356.61;356.60;360.20;358.67;351.08,QUESTIONABLE,Marriott — alcohol/pork revenue at properties,
HLT,LEISURE,LEISURE-HOTELS & MOTELS,45,321.8500061035156,0.03367020329321746,312.91;311.49;305.66;307.08;303.18;296.58;291.28;301.03;297.56;300.39;302.88;293.77;303.80;304.67;301.88;322.21;326.96;328.61;340.72;339.90;333.97;332.14;314.21;318.32;312.48;320.01;315.24;311.12;315.88;315.10;322.46;323.66;337.40;332.50;331.22;342.94;342.41;341.70;346.95;349.14;342.77;343.26;332.71;330.31;337.97;340.96;337.50;322.30;328.33;321.17;323.79;320.03;330.70;321.57;320.34;311.93;321.83;310.86;322.38;327.06;327.59;329.46;330.07;332.56;321.85,QUESTIONABLE,Hilton — alcohol/pork revenue at properties,
H,LEISURE,LEISURE-HOTELS & MOTELS,44,172.25,0.081713600656661,167.67;161.08;163.35;158.00;155.46;151.21;139.07;147.25;144.10;145.30;147.33;142.07;143.55;143.23;144.66;155.43;158.94;163.19;172.19;170.46;164.19;163.69;158.65;163.46;161.71;170.19;164.88;166.98;168.50;164.13;175.23;179.22;185.15;183.49;185.76;192.90;193.92;197.69;198.78;201.71;196.16;197.15;197.51;193.68;191.12;193.00;189.79;184.56;190.84;190.49;189.35;183.46;191.02;185.86;173.91;173.45;178.73;169.94;178.22;180.83;178.57;179.33;179.94;177.42;172.25,QUESTIONABLE,Hyatt — alcohol/pork revenue at properties,
IHG,LEISURE,LEISURE-HOTELS & MOTELS,62,162.3800048828125,0.15145292575519576,138.78;137.26;133.66;132.47;130.90;132.60;127.25;131.74;129.24;130.37;132.42;127.94;131.75;132.19;130.33;141.31;141.17;141.87;146.26;143.74;143.04;143.59;141.79;142.36;141.28;146.36;147.63;149.55;147.98;149.39;153.48;153.69;157.40;154.38;159.85;161.50;162.31;163.77;167.87;169.97;169.36;172.00;172.15;172.42;169.24;165.96;163.56;161.75;159.22;157.44;155.36;153.50;158.87;160.87;161.62;156.48;158.66;155.00;161.17;159.57;158.74;159.10;162.53;164.58;162.38,QUESTIONABLE,Group classification: LEISURE-HOTELS & MOTELS,
CHH,LEISURE,LEISURE-HOTELS & MOTELS,29,108.86000061035156,0.02519308997415126,106.85;104.78;105.32;105.78;97.59;97.66;94.95;98.39;98.99;99.34;98.84;100.08;102.94;103.60;103.23;112.77;115.17;116.20;118.88;119.93;119.69;118.65;117.05;100.44;102.45;106.25;103.96;106.70;106.66;105.88;111.20;113.41;113.06;111.22;106.28;109.52;108.30;107.13;111.71;113.49;109.59;111.75;112.43;109.98;112.37;110.95;109.61;108.74;109.10;111.84;108.13;108.00;113.12;115.65;111.49;108.61;109.73;102.75;105.54;104.44;107.18;109.25;111.12;109.86;108.86,QUESTIONABLE,Group classification: LEISURE-HOTELS & MOTELS,
WH,LEISURE,LEISURE-HOTELS & MOTELS,20,76.0199966430664,-0.07518746677240096,83.05;80.91;80.04;78.73;75.41;73.85;72.62;77.23;78.21;76.73;78.76;79.00;80.79;81.72;80.77;85.65;85.44;87.07;88.80;87.51;85.97;84.88;83.63;80.40;79.94;83.39;81.62;80.77;79.31;76.85;80.30;80.26;82.16;78.69;79.68;81.52;80.04;77.00;81.35;83.57;82.02;85.81;87.37;84.21;82.41;81.60;79.88;77.19;79.04;76.56;75.72;73.48;75.18;75.58;74.86;76.03;75.21;71.35;74.02;73.63;73.36;75.31;74.35;76.84;76.02,QUESTIONABLE,Group classification: LEISURE-HOTELS & MOTELS,
PLYA,LEISURE,LEISURE-HOTELS & MOTELS,,,,,QUESTIONABLE,Group classification: LEISURE-HOTELS & MOTELS,
DIS,LEISURE,LEISURE-MOVIES & RELATED,34,108.0999984741211,0.04327464444687101,104.25;105.23;102.51;101.63;100.89;100.12;98.53;99.54;98.45;97.21;95.22;91.72;95.65;95.88;95.05;99.03;100.41;102.26;105.48;103.50;102.86;101.57;100.53;102.30;99.72;107.83;103.92;104.10;101.94;101.51;102.79;102.49;102.94;102.07;98.63;98.95;98.57;99.58;100.92;100.09;101.67;100.35;98.04;96.25;99.50;97.48;96.17;96.00;97.15;97.67;96.14;92.83;96.65;98.48;96.19;98.18;104.68;103.18;103.22;106.85;103.95;107.32;110.61;109.63;108.10,QUESTIONABLE,Mixed content; scholar-disputed,
NFLX,LEISURE,LEISURE-MOVIES & RELATED,11,81.72000122070312,0.07498033187767317,82.70;96.24;97.70;99.17;98.32;94.89;95.31;94.36;91.74;93.38;92.28;93.43;96.15;98.66;98.82;102.05;103.16;107.71;97.31;92.58;92.82;91.37;92.12;92.06;87.89;88.25;85.45;87.56;87.02;89.33;89.30;87.68;86.36;85.85;81.52;82.18;81.41;81.27;81.67;76.96;72.88;71.84;73.81;71.40;77.65;76.18;75.47;73.83;73.68;68.95;68.67;68.89;70.40;73.63;71.71;73.57;73.69;76.29;74.21;78.16;77.77;80.14;80.01;81.46;81.72,HARAM,Streaming content includes substantial haram material,
WBD,LEISURE,LEISURE-MOVIES & RELATED,85,28.770000457763672,-0.005186708787502048,28.90;28.17;28.20;28.00;27.75;27.81;27.14;27.64;27.63;27.40;27.22;27.07;27.46;27.32;27.37;27.53;27.39;27.20;27.47;27.31;26.90;26.82;27.05;26.97;27.22;27.12;27.24;27.25;26.98;27.09;27.10;27.00;27.04;27.25;27.00;26.24;26.56;26.86;26.83;26.24;26.95;27.20;26.74;26.66;26.48;26.12;26.63;27.09;27.27;26.87;25.83;25.95;25.28;25.64;26.30;25.79;26.40;26.87;27.65;27.99;28.48;28.23;28.70;28.75;28.77,QUESTIONABLE,Group classification: LEISURE-MOVIES & RELATED,
PARA,LEISURE,LEISURE-MOVIES & RELATED,1,1.090000033378601,-0.9504545439373363,25.00;24.40;22.80;23.20;22.20;20.60;21.20;20.40;18.60;19.54;19.38;21.40;19.02;16.82;11.80;11.84;13.74;14.82;12.56;11.36;10.80;8.28;6.10;6.02;5.62;6.38;6.52;5.05;7.66;3.81;3.48;4.08;3.46;3.52;3.15;3.01;3.11;3.02;3.22;3.29;3.19;2.95;2.97;3.02;2.98;3.36;3.04;2.40;2.69;2.42;2.02;2.23;2.12;1.75;1.85;1.90;1.91;1.66;1.74;1.70;1.36;1.39;1.20;1.18;1.09,QUESTIONABLE,Group classification: LEISURE-MOVIES & RELATED,
AMC,LEISURE,LEISURE-MOVIES & RELATED,91,2.5899999141693115,1.2521738851002793,1.16;1.16;1.13;1.21;1.13;1.12;1.09;1.08;1.03;1.02;0.99;0.95;0.98;1.12;1.28;1.35;1.45;1.67;1.86;1.67;1.67;1.65;1.56;1.45;1.59;1.52;1.41;1.33;1.28;1.36;1.56;1.59;1.58;2.12;1.83;1.79;1.94;2.28;2.28;2.66;2.76;2.00;2.16;1.90;1.89;1.72;1.90;1.87;2.07;1.94;2.20;2.28;2.51;2.75;2.82;2.68;2.57;2.42;2.53;2.50;2.38;2.47;2.67;2.61;2.59,QUESTIONABLE,Group classification: LEISURE-MOVIES & RELATED,
CNK,LEISURE,LEISURE-MOVIES & RELATED,84,35.9900016784668,0.4019745203290148,25.77;27.99;28.52;28.09;26.92;25.86;25.63;26.61;26.22;27.65;27.51;27.90;28.36;29.07;29.71;30.69;30.20;29.73;29.84;28.71;28.44;29.27;28.84;27.46;26.85;27.31;26.61;26.14;25.81;26.15;26.45;27.14;27.17;30.96;29.67;31.15;31.94;33.93;32.09;33.03;33.53;33.08;33.36;31.65;31.45;29.35;29.54;29.08;29.76;30.35;31.40;32.61;33.58;34.81;36.50;37.98;37.86;37.66;37.22;37.29;36.61;36.80;38.31;37.10;35.99,QUESTIONABLE,Group classification: LEISURE-MOVIES & RELATED,
IMAX,LEISURE,LEISURE-MOVIES & RELATED,90,50.380001068115234,0.3693938519814548,36.52;42.83;41.19;40.46;39.49;39.80;38.10;39.05;36.62;38.04;38.19;36.55;38.01;40.13;38.80;37.85;36.94;37.06;35.09;35.75;36.61;37.12;37.24;36.51;35.74;35.64;33.84;33.79;33.59;33.09;33.88;40.61;39.23;40.49;38.98;38.97;40.11;42.12;42.32;44.29;44.00;43.92;41.08;39.86;39.88;37.48;38.27;38.35;39.24;39.25;37.85;43.96;45.11;48.66;47.84;51.26;49.73;51.21;51.32;52.88;50.55;52.74;54.79;52.76;50.38,QUESTIONABLE,Group classification: LEISURE-MOVIES & RELATED,
POOL,LEISURE,LEISURE-PRODUCTS,11,188.07000732421875,-0.12194446389685965,210.51;222.70;216.86;213.62;210.29;206.72;203.77;207.81;201.52;202.41;199.36;195.98;199.52;200.11;198.68;210.55;214.31;223.44;224.46;229.89;225.51;222.15;206.70;205.20;184.44;187.80;182.20;172.94;174.21;177.38;180.51;181.16;183.50;180.88;179.51;184.31;191.17;191.09;189.78;193.07;194.33;204.02;210.23;213.50;218.04;208.25;206.61;209.45;201.05;199.86;195.08;182.13;183.41;192.19;184.50;202.11;199.77;198.68;198.11;194.84;187.50;190.33;188.24;188.38;188.07,HALAL,"Business activity permissible — debt ratio not verified, cross-check Musaffa/Zoya",
BC,LEISURE,LEISURE-PRODUCTS,41,76.63999938964844,-0.07002124756762984,80.07;78.74;77.95;73.06;71.47;70.29;68.15;70.80;70.39;73.23;72.55;70.17;71.96;72.49;72.74;77.13;76.94;76.38;80.33;83.04;79.10;79.31;78.47;78.54;77.55;79.88;78.65;77.32;76.69;73.09;78.32;82.92;83.18;82.03;81.68;79.97;82.69;81.18;81.69;80.29;81.08;84.39;86.61;83.79;78.66;76.91;77.57;76.54;78.57;80.02;80.16;79.13;80.22;80.03;78.57;82.82;80.81;80.00;79.90;82.22;80.57;81.06;81.25;79.67;76.64,HALAL,"Business activity permissible — debt ratio not verified, cross-check Musaffa/Zoya",
PII,LEISURE,LEISURE-PRODUCTS,34,63.779998779296875,0.04676460777311542,60.94;59.48;56.88;54.01;52.22;52.97;49.94;52.93;51.92;55.29;56.26;53.61;53.97;53.52;53.22;55.92;54.69;47.42;57.35;60.82;58.84;60.46;66.57;65.78;65.47;66.41;65.64;62.98;64.03;59.57;65.63;68.06;69.37;67.75;68.32;66.06;69.47;69.39;70.11;68.63;68.76;70.92;72.56;68.44;63.12;64.18;65.83;66.93;71.49;73.20;73.40;72.55;74.70;67.28;67.08;73.76;70.06;69.77;68.52;69.49;67.61;64.43;64.34;63.74;63.78,HALAL,"Business activity permissible — debt ratio not verified, cross-check Musaffa/Zoya",
LCII,LEISURE,LEISURE-PRODUCTS,17,102.95999908447266,-0.2518899860535676,132.07;129.19;131.33;127.72;124.89;121.99;120.76;121.14;118.51;118.82;120.34;118.80;120.40;120.13;118.83;124.11;120.61;118.11;120.84;118.63;118.02;116.09;115.22;114.34;109.68;113.99;110.77;108.63;108.70;105.13;106.89;109.42;110.49;105.63;105.62;93.23;92.41;90.59;91.45;88.75;90.33;93.11;94.82;104.73;102.23;104.67;100.77;100.93;102.98;106.99;103.64;103.46;102.39;105.39;101.24;105.88;104.66;103.71;105.98;104.94;102.14;104.29;104.51;102.99;102.96,HALAL,"Business activity permissible — debt ratio not verified, cross-check Musaffa/Zoya",
MBUU,LEISURE,LEISURE-PRODUCTS,19,27.360000610351562,-0.10441894292550946,29.70;29.06;26.98;27.49;25.67;26.00;25.75;26.05;25.41;26.25;26.87;26.08;25.92;24.48;24.15;25.35;25.83;24.76;26.54;26.10;26.34;25.50;25.22;25.71;25.00;25.40;29.66;28.14;26.22;24.86;26.86;28.68;27.84;28.01;27.28;26.39;28.02;27.14;27.69;26.95;26.37;27.39;28.75;27.43;25.07;25.64;26.23;26.77;27.97;28.17;28.08;27.23;28.34;27.91;27.57;29.24;28.61;28.95;29.34;29.33;29.33;29.53;29.47;26.64;27.36,HALAL,"Business activity permissible — debt ratio not verified, cross-check Musaffa/Zoya",
RGR,LEISURE,LEISURE-PRODUCTS,40,37.2599983215332,0.006233558216276691,36.06;37.05;37.81;36.72;38.06;38.55;37.91;38.45;39.12;39.36;43.17;40.49;39.75;40.67;40.29;40.80;41.22;42.00;41.86;41.73;41.98;42.64;42.50;42.80;41.42;38.81;37.27;38.90;39.25;39.17;39.12;39.99;39.15;38.72;38.53;38.55;38.66;39.08;38.20;37.82;40.26;38.33;38.12;37.64;37.44;38.07;38.34;38.22;37.77;37.64;38.56;37.85;38.69;37.59;36.96;38.91;37.60;36.96;37.33;37.67;37.60;37.97;38.46;38.27;37.26,HALAL,"Business activity permissible — debt ratio not verified, cross-check Musaffa/Zoya",
VSTO,LEISURE,LEISURE-PRODUCTS,,,,,HALAL,"Business activity permissible — debt ratio not verified, cross-check Musaffa/Zoya",
AOUT,LEISURE,LEISURE-PRODUCTS,65,10.380000114440918,0.15977657381572552,9.39;9.10;8.83;9.02;8.85;8.65;7.99;8.20;8.12;8.50;9.03;9.10;9.34;9.03;8.81;9.63;9.24;9.31;9.63;9.27;9.66;9.47;9.33;9.60;9.71;9.60;9.28;8.72;8.71;8.67;9.66;9.85;10.31;10.34;9.60;9.81;10.16;10.29;10.21;9.80;9.97;10.29;11.60;11.74;13.37;13.92;14.27;14.21;14.49;13.89;13.81;12.80;12.60;12.67;12.36;12.59;12.54;12.76;12.73;12.81;11.53;11.17;11.28;10.81;10.38,HALAL,"Business activity permissible — debt ratio not verified, cross-check Musaffa/Zoya",
MCD,LEISURE,LEISURE-RESTAURANTS,13,265.0,-0.1980880120274977,328.93;336.88;329.93;325.24;328.57;323.02;324.26;324.10;307.49;306.39;309.60;303.84;308.70;305.07;302.80;307.46;302.46;304.20;309.26;299.81;300.49;288.26;288.13;284.71;283.25;281.79;272.75;273.84;274.53;278.91;282.27;277.38;276.10;274.25;273.29;279.84;282.25;284.77;286.12;283.82;270.10;273.88;269.76;270.31;280.63;282.21;276.49;272.61;264.95;267.71;263.91;262.80;270.67;271.52;270.64;268.34;276.26;273.72;275.70;272.83;266.99;269.13;272.54;266.93;265.00,QUESTIONABLE,Some alcohol revenue in international markets,
SBUX,LEISURE,LEISURE-RESTAURANTS,61,107.8499984741211,0.15114277433737966,96.80;96.89;95.57;97.55;98.62;100.27;98.01;96.45;94.73;92.75;91.63;85.81;88.56;89.33;94.11;95.80;96.36;97.21;98.85;96.67;98.39;96.76;104.29;104.68;103.73;103.06;104.52;104.73;106.21;105.77;103.54;100.84;100.17;95.96;95.34;94.75;96.85;101.70;101.01;99.25;99.58;102.94;104.00;101.61;103.67;103.02;105.80;106.73;104.51;104.89;103.85;102.62;103.06;103.55;104.65;104.37;104.56;104.05;107.87;107.69;106.01;103.99;107.49;108.49;107.85,HALAL,"No alcohol/pork in core menu — debt ratio not verified, cross-check Musaffa/Zoya",
CMG,LEISURE,LEISURE-RESTAURANTS,49,38.029998779296875,0.03878716594568443,37.50;37.22;36.93;37.06;35.29;33.85;32.52;34.41;32.94;33.36;32.50;30.86;32.01;33.16;33.06;34.24;34.59;35.25;35.83;36.05;33.90;33.64;32.99;32.98;32.31;33.27;31.92;32.11;32.65;33.04;32.80;32.31;32.42;30.55;28.74;29.34;29.88;31.25;32.73;31.86;30.54;31.69;33.34;34.00;35.39;34.35;34.60;36.63;34.63;34.44;33.32;32.01;33.20;34.24;37.22;33.82;33.71;32.14;32.64;33.50;33.36;35.29;38.02;37.34;38.03,QUESTIONABLE,"Some alcohol revenue (margaritas, beer)",
YUM,LEISURE,LEISURE-RESTAURANTS,32,153.86000061035156,-0.07111482868577645,164.43;167.34;159.70;157.85;159.07;155.84;159.62;162.89;155.49;157.77;158.38;153.21;154.72;155.33;156.17;160.01;160.64;161.15;162.00;159.56;159.95;154.41;159.06;157.59;153.14;156.48;149.56;149.04;149.24;151.45;153.57;153.26;150.03;147.51;148.44;150.87;151.63;153.27;154.67;154.07;150.74;153.02;156.41;159.86;164.73;167.49;162.39;161.68;152.57;147.92;147.17;147.37;147.80;151.92;153.28;147.68;152.28;145.33;150.34;148.11;144.86;152.33;157.35;154.41;153.86,QUESTIONABLE,KFC/Pizza Hut/Taco Bell — pork in some menus,
QSR,LEISURE,LEISURE-RESTAURANTS,57,78.26000213623047,0.17979884625169817,66.42;70.44;70.86;72.03;72.06;70.73;71.36;73.72;73.46;74.33;72.26;70.77;73.23;75.89;75.82;76.17;76.81;78.01;77.61;77.98;80.50;78.16;77.99;79.31;80.93;78.42;77.52;75.75;75.15;75.08;75.56;74.74;73.64;72.20;72.10;72.00;72.01;73.23;74.97;73.50;71.20;72.76;74.34;72.51;74.79;73.94;74.94;75.57;74.18;75.01;73.82;72.38;74.41;75.52;74.02;73.88;72.92;72.86;74.90;77.64;76.56;79.55;81.57;79.26;78.26,QUESTIONABLE,Restaurant Brands — pork in some menus,
DPZ,LEISURE,LEISURE-RESTAURANTS,22,350.0,-0.11593930870320468,399.44;398.03;403.83;398.21;411.15;388.91;399.16;393.75;372.99;364.55;360.30;346.00;356.59;368.54;365.89;371.01;366.56;365.81;369.77;366.93;370.10;333.24;330.27;335.69;329.69;330.49;311.30;306.58;300.43;310.83;314.53;308.51;308.44;311.78;304.89;312.06;315.74;310.34;316.52;314.36;295.11;287.62;298.18;296.04;311.66;313.14;300.88;309.85;310.87;322.18;326.34;323.25;343.53;360.00;347.44;367.63;358.43;347.85;353.72;346.27;336.25;334.37;349.01;344.56;350.00,HALAL,"Domino's — pizza, no alcohol — debt ratio not verified, cross-check Musaffa/Zoya",
WEN,LEISURE,LEISURE-RESTAURANTS,39,8.270000457763672,0.10424221671965328,7.22;7.38;7.37;7.12;7.14;6.94;7.04;6.88;6.93;7.03;7.01;6.68;6.82;6.75;6.76;6.97;6.58;6.77;6.82;6.98;6.80;6.77;6.64;6.58;6.49;6.82;6.64;8.04;7.87;7.97;7.48;7.23;7.36;7.85;6.85;6.71;6.71;6.79;6.91;6.95;6.17;7.86;7.80;8.29;8.60;7.78;7.59;7.50;7.45;7.76;7.63;7.17;7.31;7.65;7.36;7.69;7.39;7.30;8.66;8.64;8.44;8.81;8.84;9.04;8.27,HALAL,"Wendy's — quick service, no alcohol — debt ratio not verified, cross-check Musaffa/Zoya",
TXRH,LEISURE,LEISURE-RESTAURANTS,,,,,HARAM,Texas Roadhouse — significant alcohol revenue,
DRI,LEISURE,LEISURE-RESTAURANTS,49,215.6300048828125,0.022344234337922098,208.75;210.51;207.31;202.99;198.49;200.27;199.21;200.68;201.23;192.91;198.51;189.49;192.98;193.27;187.66;193.28;190.35;198.08;199.46;195.37;200.72;197.11;194.72;193.20;192.94;193.60;194.23;191.26;194.32;192.18;195.49;202.19;202.83;200.29;196.68;196.53;199.30;209.15;207.09;209.63;210.30;211.74;212.01;204.36;202.68;202.86;200.30;196.69;196.06;198.53;193.39;194.12;204.10;212.23;203.58;204.57;210.94;217.97;227.68;225.26;218.86;217.95;225.56;218.81;215.63,HARAM,"Darden — Olive Garden etc., heavy alcohol revenue",
BLMN,LEISURE,LEISURE-RESTAURANTS,90,10.579999923706055,0.7231270608743221,5.71;6.12;6.35;6.38;5.81;5.70;5.51;5.69;6.03;5.59;5.62;5.26;5.40;5.49;5.66;6.08;5.83;6.55;6.73;6.49;6.39;6.08;6.01;5.92;5.76;7.95;8.37;8.28;8.04;7.61;7.75;7.92;8.32;8.14;7.49;7.27;7.43;8.06;7.65;7.68;8.33;8.55;8.97;9.14;8.70;7.98;8.06;8.44;8.42;8.54;8.44;8.19;8.54;8.81;8.66;8.92;10.88;11.02;11.39;10.55;10.66;10.48;11.44;11.15;10.58,HARAM,"Bloomin' Brands — Outback steakhouse, alcohol",
EAT,LEISURE,LEISURE-RESTAURANTS,94,230.19000244140625,0.6351044497612115,144.90;148.20;140.96;140.38;137.57;144.35;144.02;142.77;144.76;146.96;147.11;133.67;142.77;144.69;148.41;154.87;154.15;157.23;158.14;147.71;143.85;134.13;147.80;148.14;144.94;146.30;139.61;126.36;137.22;126.33;136.57;139.68;140.02;141.76;140.26;140.46;150.83;158.73;156.24;158.80;164.46;169.87;171.46;168.00;177.71;175.30;180.63;189.27;178.64;189.35;192.83;185.00;195.44;205.73;213.70;218.25;227.27;227.54;245.89;237.15;235.65;233.10;253.94;240.93;230.19,HARAM,"Brinker — Chili's, alcohol revenue",
CAVA,LEISURE,LEISURE-RESTAURANTS,30,66.94000244140625,-0.020629057266895234,85.67;82.47;77.07;79.37;81.81;80.50;82.00;90.52;87.64;87.07;80.29;75.42;80.90;79.63;83.42;86.15;84.21;88.44;94.78;96.27;93.11;94.23;91.11;90.98;90.34;84.47;79.99;72.30;76.87;78.12;81.27;80.32;78.20;74.67;71.33;72.60;76.28;88.25;89.52;88.05;80.88;82.24;83.40;78.48;76.88;69.74;68.20;72.54;69.65;68.85;63.69;63.21;64.54;65.36;65.23;63.44;62.23;61.58;69.47;74.42;68.24;72.03;71.93;67.77;66.94,QUESTIONABLE,Group classification: LEISURE-RESTAURANTS,
WING,LEISURE,LEISURE-RESTAURANTS,2,113.58000183105469,-0.5395700786263815,252.50;257.78;245.56;234.76;223.07;207.53;202.34;197.01;186.28;182.25;165.41;153.62;154.13;151.68;165.14;178.08;185.30;190.36;195.28;188.17;185.73;176.77;170.28;159.86;145.95;134.15;126.64;119.96;128.84;126.43;132.27;140.22;157.15;157.70;143.63;141.82;143.44;153.43;165.74;149.62;156.29;155.34;166.28;172.91;177.47;169.72;157.26;153.61;145.28;141.92;134.56;134.47;136.84;139.05;129.11;121.15;116.28;117.18;111.76;126.12;114.55;113.63;116.84;112.24;113.58,QUESTIONABLE,Group classification: LEISURE-RESTAURANTS,
DNUT,LEISURE,LEISURE-RESTAURANTS,33,3.4700000286102295,0.16835016672843883,2.99;3.75;3.53;3.62;3.42;3.26;3.27;3.59;3.76;3.35;3.35;3.23;3.39;3.40;3.32;3.37;3.31;3.46;3.61;3.98;3.82;4.02;3.65;3.82;3.67;3.64;3.38;3.31;3.23;3.21;3.33;3.37;3.42;3.53;3.30;3.51;3.73;4.20;3.99;3.78;3.50;3.73;3.54;3.53;3.51;3.32;3.42;3.47;3.32;3.30;3.19;3.11;3.26;3.26;3.18;3.08;3.23;3.14;3.30;3.33;3.24;3.54;3.61;3.44;3.47,QUESTIONABLE,Group classification: LEISURE-RESTAURANTS,
SHAK,LEISURE,LEISURE-RESTAURANTS,12,69.88999938964844,-0.219629284336195,92.13;96.01;96.07;96.79;95.67;92.58;86.92;90.50;88.16;90.87;89.50;81.32;88.47;89.33;92.80;97.55;100.65;101.17;103.73;101.78;97.59;101.45;100.61;98.36;96.61;69.24;64.50;63.91;60.41;64.12;62.83;61.82;62.13;62.22;55.53;52.34;53.78;58.33;58.40;58.79;55.71;54.75;56.87;56.02;56.47;54.92;56.32;62.18;60.00;58.00;56.44;55.99;61.57;63.05;62.75;66.22;70.24;71.45;72.86;74.84;70.99;73.85;75.44;72.94;69.89,QUESTIONABLE,Beer/wine on menu,
JACK,LEISURE,LEISURE-RESTAURANTS,54,16.190000534057617,-0.05155238292320685,16.87;16.92;15.18;15.09;13.95;13.37;12.66;12.50;11.19;11.16;11.00;9.70;9.67;9.99;10.96;12.02;11.38;11.72;12.98;12.70;12.71;13.20;12.30;12.28;12.84;13.87;13.40;12.79;10.87;11.44;11.35;10.89;11.56;13.48;11.95;11.32;11.96;12.44;12.92;12.40;11.41;13.35;13.81;15.81;17.20;15.68;15.17;15.12;15.27;14.98;14.81;13.77;15.67;16.47;16.37;17.27;17.38;17.84;18.77;17.03;16.73;16.60;17.83;16.47;16.19,QUESTIONABLE,Group classification: LEISURE-RESTAURANTS,
MAT,LEISURE,LEISURE-TOYS/GAMES/HOBBY,15,15.140000343322754,-0.12130001476728469,16.85;16.95;16.14;16.03;16.01;16.11;16.06;15.70;15.00;15.08;14.87;14.30;14.53;14.36;14.42;14.64;14.53;14.84;15.19;14.88;14.76;14.72;14.89;14.93;14.72;15.00;14.99;14.82;15.15;15.00;14.97;15.07;14.89;14.86;14.34;14.08;14.49;14.66;14.35;13.67;13.89;13.88;13.98;13.88;13.34;13.42;13.18;13.84;13.86;14.30;14.20;14.24;14.80;15.37;15.09;14.86;14.49;14.74;14.65;15.03;14.50;14.72;14.82;15.23;15.14,HALAL,"Business activity permissible — debt ratio not verified, cross-check Musaffa/Zoya",
HAS,LEISURE,LEISURE-TOYS/GAMES/HOBBY,54,94.2300033569336,-0.026004003102992335,98.20;98.05;96.12;93.89;94.29;92.81;91.95;91.83;89.94;91.55;90.76;87.22;92.15;88.76;88.01;91.62;91.06;92.47;95.64;89.66;95.08;93.22;92.56;93.79;93.29;95.88;93.71;92.55;93.77;95.67;88.68;86.63;85.04;84.44;83.50;83.55;83.63;83.15;84.36;82.85;83.76;82.66;84.69;81.97;79.55;76.16;76.81;78.94;79.91;80.94;88.12;86.70;89.94;94.46;93.24;90.83;91.01;93.79;94.18;95.98;93.29;93.56;95.41;96.29;94.23,HALAL,"Business activity permissible — debt ratio not verified, cross-check Musaffa/Zoya",
FNKO,LEISURE,LEISURE-TOYS/GAMES/HOBBY,96,7.099999904632568,0.46391753489538634,5.10;5.00;4.57;4.47;4.51;4.49;4.13;3.83;3.51;3.42;3.30;2.93;3.15;3.25;3.64;3.75;3.57;3.97;4.37;4.39;4.37;4.31;4.27;4.44;4.32;4.46;5.44;5.24;5.06;4.69;5.16;5.27;5.50;5.59;5.22;5.10;5.18;5.42;5.48;5.09;5.30;5.65;5.80;5.88;5.51;5.40;5.37;5.69;5.65;5.82;5.81;5.72;6.12;6.20;5.83;5.76;5.28;6.19;5.92;6.14;6.19;6.22;6.87;6.38;7.10,HALAL,"Business activity permissible — debt ratio not verified, cross-check Musaffa/Zoya",
BBW,LEISURE,LEISURE-TOYS/GAMES/HOBBY,3,29.850000381469727,-0.384662733382922,49.28;48.04;45.90;44.66;43.48;42.93;40.39;39.45;40.30;41.08;39.13;37.02;37.19;37.80;36.93;37.58;36.96;36.76;38.77;38.77;37.54;38.27;36.45;35.77;36.38;37.16;36.82;35.49;35.07;37.22;36.90;37.40;38.63;36.12;35.02;33.73;32.80;33.65;32.28;31.38;31.59;32.35;31.34;30.61;31.50;29.84;31.15;33.62;34.40;34.13;33.97;33.84;34.12;35.52;33.92;34.28;34.71;37.26;36.98;38.34;37.44;37.78;38.87;39.10;29.85,HALAL,"Business activity permissible — debt ratio not verified, cross-check Musaffa/Zoya",
JAKK,LEISURE,LEISURE-TOYS/GAMES/HOBBY,83,25.420000076293945,0.15426029358398852,21.89;21.62;20.45;20.50;20.37;20.20;19.49;19.66;19.73;19.76;20.16;19.46;19.70;19.95;20.84;21.93;21.41;21.46;22.29;22.30;22.35;21.70;21.27;23.80;22.69;23.03;22.27;21.27;21.09;21.06;21.92;22.03;22.63;21.83;21.57;21.66;21.89;22.35;22.19;21.59;22.01;22.80;23.90;23.28;23.44;22.76;22.08;22.64;22.92;24.23;24.41;23.81;25.92;26.51;26.33;26.02;25.47;25.46;25.16;25.70;25.29;25.10;25.51;25.62;25.42,HALAL,"Business activity permissible — debt ratio not verified, cross-check Musaffa/Zoya",
BKNG,LEISURE,LEISURE-TRAVEL BOOKING,61,205.6300048828125,0.33445031254623125,165.72;168.76;165.36;183.65;177.18;172.46;169.22;177.25;171.34;175.43;169.08;162.08;167.99;167.35;172.98;176.16;176.81;185.22;191.53;190.38;176.31;177.07;173.54;169.20;167.21;170.85;157.40;154.64;153.74;154.15;159.28;162.89;169.39;168.83;164.37;165.84;163.99;163.59;174.64;171.63;167.77;181.25;181.46;178.24;184.56;181.95;175.52;175.80;182.80;181.68;179.40;172.83;186.79;201.30;192.90;194.27;207.39;212.88;212.26;212.06;208.25;209.87;213.36;208.89;205.63,HALAL,"Business activity permissible — debt ratio not verified, cross-check Musaffa/Zoya",
EXPE,LEISURE,LEISURE-TRAVEL BOOKING,92,329.44000244140625,0.75763970575126,202.58;214.46;213.91;250.65;240.68;229.53;227.56;240.39;238.56;235.81;235.42;225.01;230.07;224.50;223.50;229.44;239.36;256.52;264.89;272.83;249.48;244.35;249.68;250.94;247.77;251.89;220.67;216.78;216.96;214.24;217.34;222.18;227.22;228.04;225.09;228.55;230.73;224.34;236.64;239.13;237.68;261.77;262.42;255.51;268.30;269.48;267.39;265.25;266.73;268.38;264.56;257.24;277.97;303.83;294.32;311.61;306.13;313.56;325.10;332.21;320.96;323.70;338.64;332.96;329.44,HALAL,"Business activity permissible — debt ratio not verified, cross-check Musaffa/Zoya",
TRIP,LEISURE,LEISURE-TRAVEL BOOKING,9,9.869999885559082,-0.01888673221992332,10.08;10.11;9.92;10.50;10.61;9.83;9.24;9.51;9.29;10.04;9.51;10.11;10.66;10.85;10.75;11.49;11.13;11.48;11.39;11.23;10.86;11.19;11.18;11.56;11.28;11.23;9.66;9.63;9.46;9.30;9.90;10.04;10.90;12.10;11.94;11.86;11.95;11.91;12.56;12.61;12.36;12.98;13.76;13.71;14.29;13.72;13.33;14.40;14.60;14.58;13.80;13.49;14.28;14.58;14.17;14.33;10.42;10.78;10.71;10.74;10.23;10.03;10.19;9.87;9.87,HALAL,"Business activity permissible — debt ratio not verified, cross-check Musaffa/Zoya",
TCOM,LEISURE,LEISURE-TRAVEL BOOKING,8,45.349998474121094,-0.14320804434821577,53.66;52.62;51.70;51.96;53.74;52.10;51.72;52.41;51.73;51.32;51.34;48.49;49.79;50.48;50.22;51.34;51.77;54.12;55.19;54.65;52.95;53.20;52.78;54.22;52.40;53.37;52.20;52.28;49.61;48.95;48.06;47.35;47.08;48.29;47.94;47.69;47.04;47.39;47.40;46.73;46.42;46.30;40.89;39.84;41.00;40.81;41.43;42.36;42.87;42.45;43.65;43.02;44.77;46.00;47.01;46.84;46.24;47.12;45.58;44.98;44.55;46.43;46.02;45.14;45.35,HALAL,"Business activity permissible — debt ratio not verified, cross-check Musaffa/Zoya",
DESP,LEISURE,LEISURE-TRAVEL BOOKING,,,,,HALAL,"Business activity permissible — debt ratio not verified, cross-check Musaffa/Zoya",
CAT,MACHINERY,MACHINERY-CONSTRUCTION/MINING,74,800.25,0.06185431000991537,763.74;740.05;719.47;703.43;702.18;704.94;691.39;699.37;686.07;699.07;716.34;692.79;705.80;714.53;721.72;784.12;788.76;767.28;791.67;798.97;833.69;827.26;808.55;888.02;902.92;894.03;925.07;900.63;886.67;858.56;864.35;906.87;886.03;863.76;924.47;902.61;913.01;895.97;932.20;954.15;1020.39;992.61;995.62;1062.93;961.75;938.38;936.65;929.75;912.61;878.65;889.97;894.54;873.28;782.71;814.81;876.54;856.96;837.58;855.60;856.57;840.87;815.39;811.02;821.93;800.25,HALAL,"Business activity permissible — debt ratio not verified, cross-check Musaffa/Zoya",
DE,MACHINERY,MACHINERY-CONSTRUCTION/MINING,67,630.3300170898438,-0.020140796574595887,620.18;626.25;615.82;587.44;596.19;590.78;574.33;571.11;564.46;565.90;574.81;563.53;561.84;574.22;574.51;616.40;601.48;575.15;588.93;585.78;590.42;566.22;558.57;575.77;574.30;579.04;587.22;579.15;560.38;556.63;529.98;527.75;537.61;541.03;586.77;581.93;575.84;567.17;573.98;586.95;597.04;599.20;611.65;634.33;621.27;603.61;592.90;585.64;589.48;597.24;586.88;610.02;625.02;610.95;592.67;617.37;614.84;609.28;619.77;608.85;588.72;620.94;648.64;634.54;630.33,HALAL,"Business activity permissible — debt ratio not verified, cross-check Musaffa/Zoya",
AGCO,MACHINERY,MACHINERY-CONSTRUCTION/MINING,27,113.38999938964844,-0.15631067354912842,133.17;135.74;132.33;126.81;123.23;121.04;117.91;115.87;110.31;113.47;116.71;112.90;115.23;113.95;113.73;121.49;120.66;114.63;117.94;118.68;118.87;116.86;113.79;117.85;113.91;117.05;118.17;115.31;112.94;111.18;111.75;114.02;113.53;111.69;119.26;116.06;112.80;110.70;112.20;111.63;113.58;114.23;117.00;119.34;116.14;113.41;112.92;113.74;114.54;114.98;111.45;116.92;119.88;115.82;101.85;106.88;101.32;100.57;101.24;101.33;98.45;104.02;110.13;111.56;113.39,HALAL,"Business activity permissible — debt ratio not verified, cross-check Musaffa/Zoya",
CNHI,MACHINERY,MACHINERY-CONSTRUCTION/MINING,,,,,HALAL,"Business activity permissible — debt ratio not verified, cross-check Musaffa/Zoya",
OSK,MACHINERY,MACHINERY-CONSTRUCTION/MINING,56,153.9600067138672,-0.12283529268271265,171.01;168.65;166.64;158.70;153.17;151.17;145.97;147.07;143.05;143.70;146.69;139.18;146.02;146.32;145.50;155.29;150.51;139.08;146.68;148.90;151.84;149.49;146.18;154.04;152.03;151.82;132.95;124.30;119.42;118.15;126.09;128.95;129.18;125.69;133.56;130.05;132.13;133.47;136.15;137.25;141.78;142.83;151.04;152.92;142.18;141.31;142.25;145.32;145.01;143.13;145.86;151.41;154.38;142.30;141.89;156.15;152.88;154.82;155.09;152.89;147.69;152.73;156.33;157.48;153.96,HALAL,"Business activity permissible — debt ratio not verified, cross-check Musaffa/Zoya",
TEX,MACHINERY,MACHINERY-CONSTRUCTION/MINING,62,63.72999954223633,-0.05040146857090699,67.65;68.24;66.01;65.14;61.20;62.21;59.09;59.24;57.59;59.20;60.57;56.14;58.78;58.21;59.30;64.04;62.98;58.35;60.49;60.57;62.47;62.33;60.37;61.54;60.58;62.48;63.79;62.30;59.81;55.09;56.99;58.95;58.85;57.91;62.33;60.10;63.51;62.62;65.12;64.02;68.76;69.92;71.63;72.20;67.99;66.44;64.46;65.44;65.35;65.22;64.60;68.34;68.88;64.39;62.68;65.91;65.18;66.17;68.20;67.92;64.43;64.20;65.88;65.36;63.73,HALAL,"Business activity permissible — debt ratio not verified, cross-check Musaffa/Zoya",
MTW,MACHINERY,MACHINERY-CONSTRUCTION/MINING,94,19.59000015258789,0.36515676876807746,14.69;14.75;14.37;13.94;13.24;13.14;12.19;12.18;11.64;11.76;12.10;11.61;11.65;11.75;11.67;13.02;13.21;13.00;13.01;12.52;13.36;13.41;13.01;13.51;13.67;13.62;13.02;12.67;12.20;11.35;11.69;11.80;12.06;11.60;12.22;11.85;12.04;12.21;12.58;12.71;13.25;13.47;14.34;13.89;12.52;12.27;12.38;12.72;12.95;13.03;13.20;14.02;14.56;13.66;13.85;14.45;14.21;18.89;20.16;20.68;19.30;19.09;19.68;19.45;19.59,HALAL,"Business activity permissible — debt ratio not verified, cross-check Musaffa/Zoya",
ETN,MACHINERY,MACHINERY-ELECTRIC UTILITY,48,402.7799987792969,0.12180452648803652,370.43;372.80;352.61;351.85;350.93;353.94;353.55;362.06;358.36;357.87;373.05;355.50;355.81;359.22;366.93;398.36;401.26;393.00;404.10;407.57;422.29;414.60;408.63;423.34;408.72;397.07;417.97;405.94;398.46;370.97;380.57;402.14;400.95;399.10;420.18;394.97;400.73;392.67;406.06;408.63;434.71;403.60;401.69;425.07;397.54;394.71;404.83;401.86;411.85;399.01;401.96;414.11;397.66;360.99;414.18;443.68;447.09;444.96;459.96;451.51;431.33;415.29;408.67;419.44;402.78,HALAL,"Business activity permissible — debt ratio not verified, cross-check Musaffa/Zoya",
EMR,MACHINERY,MACHINERY-ELECTRIC UTILITY,58,155.17999267578125,0.07439715231629962,147.34;149.64;145.49;141.17;140.08;138.54;131.26;131.51;128.94;128.87;129.89;124.47;130.05;130.73;133.64;143.60;143.39;139.36;145.27;143.76;141.39;140.42;135.55;136.43;137.36;140.05;138.40;136.74;132.60;130.21;134.44;140.49;141.31;141.17;140.40;137.65;141.94;141.61;146.02;148.50;149.70;140.96;143.01;142.67;138.58;137.44;137.33;134.92;135.79;139.07;138.79;144.41;148.80;145.24;149.31;158.30;156.38;158.17;163.25;163.17;157.78;154.72;157.57;158.29;155.18,HALAL,"Business activity permissible — debt ratio not verified, cross-check Musaffa/Zoya",
ROK,MACHINERY,MACHINERY-ELECTRIC UTILITY,48,430.8599853515625,0.11838716226690771,399.91;404.95;396.05;376.18;373.25;370.96;358.72;355.20;353.55;355.63;358.44;349.34;356.68;362.78;367.10;392.48;405.28;394.96;413.18;407.52;406.40;404.42;397.74;404.93;433.25;445.80;453.86;452.20;445.99;420.99;438.90;454.90;453.40;455.31;460.31;445.34;459.06;456.18;462.15;457.28;476.61;458.96;475.36;493.56;470.25;467.46;466.04;459.04;460.50;460.43;463.39;459.24;464.57;457.98;478.61;443.86;440.44;433.88;450.00;447.99;433.67;431.45;429.69;431.75;430.86,HALAL,"Business activity permissible — debt ratio not verified, cross-check Musaffa/Zoya",
PWR,MACHINERY,MACHINERY-ELECTRIC UTILITY,58,602.7000122070312,0.09797767871091456,562.57;562.88;565.80;549.03;567.84;567.51;558.82;571.44;577.75;567.25;573.30;549.79;548.83;560.54;555.49;581.97;595.75;591.73;601.79;605.80;633.34;637.18;628.50;742.10;771.49;750.62;781.26;773.60;769.87;714.02;716.80;742.07;729.99;687.37;715.56;695.00;691.84;683.19;724.24;714.74;740.03;701.77;687.76;719.93;668.31;656.79;668.17;646.70;648.84;628.53;639.20;653.80;620.28;561.14;667.36;693.00;667.84;660.86;678.02;685.78;696.15;662.47;616.78;616.73;602.70,HALAL,"Business activity permissible — debt ratio not verified, cross-check Musaffa/Zoya",
DE,MACHINERY,MACHINERY-FARM,67,630.3300170898438,-0.020140796574595887,620.18;626.25;615.82;587.44;596.19;590.78;574.33;571.11;564.46;565.90;574.81;563.53;561.84;574.22;574.51;616.40;601.48;575.15;588.93;585.78;590.42;566.22;558.57;575.77;574.30;579.04;587.22;579.15;560.38;556.63;529.98;527.75;537.61;541.03;586.77;581.93;575.84;567.17;573.98;586.95;597.04;599.20;611.65;634.33;621.27;603.61;592.90;585.64;589.48;597.24;586.88;610.02;625.02;610.95;592.67;617.37;614.84;609.28;619.77;608.85;588.72;620.94;648.64;634.54;630.33,HALAL,"Business activity permissible — debt ratio not verified, cross-check Musaffa/Zoya",
AGCO,MACHINERY,MACHINERY-FARM,27,113.38999938964844,-0.15631067354912842,133.17;135.74;132.33;126.81;123.23;121.04;117.91;115.87;110.31;113.47;116.71;112.90;115.23;113.95;113.73;121.49;120.66;114.63;117.94;118.68;118.87;116.86;113.79;117.85;113.91;117.05;118.17;115.31;112.94;111.18;111.75;114.02;113.53;111.69;119.26;116.06;112.80;110.70;112.20;111.63;113.58;114.23;117.00;119.34;116.14;113.41;112.92;113.74;114.54;114.98;111.45;116.92;119.88;115.82;101.85;106.88;101.32;100.57;101.24;101.33;98.45;104.02;110.13;111.56;113.39,HALAL,"Business activity permissible — debt ratio not verified, cross-check Musaffa/Zoya",
LNN,MACHINERY,MACHINERY-FARM,22,113.87999725341797,-0.1553904402953311,133.29;133.79;132.13;130.22;128.46;124.47;124.53;116.03;114.52;117.85;119.72;116.92;118.26;102.32;105.03;111.15;112.09;106.29;107.56;106.13;109.78;109.73;109.02;110.91;108.97;111.58;108.12;104.79;104.98;108.32;108.82;110.36;109.66;109.69;112.91;112.30;114.17;114.30;114.42;115.72;116.34;120.13;124.44;123.39;121.72;114.86;110.81;114.55;115.27;115.16;111.71;113.06;114.22;112.06;110.45;117.34;114.27;114.83;115.33;114.69;111.80;116.14;116.24;114.13;113.88,HALAL,"Business activity permissible — debt ratio not verified, cross-check Musaffa/Zoya",
ALG,MACHINERY,MACHINERY-FARM,19,165.27000427246094,-0.21424063190777332,212.23;212.67;184.04;172.43;167.23;175.21;170.09;166.12;162.51;166.59;168.47;166.33;164.31;167.52;167.52;178.32;175.85;168.40;171.75;168.83;173.99;171.67;168.02;170.99;166.62;165.85;154.48;151.31;146.96;149.65;149.52;152.26;152.16;149.55;149.81;149.06;152.64;154.09;151.74;155.84;160.71;163.18;168.45;164.15;169.89;165.81;161.81;161.90;162.39;162.43;161.18;165.04;164.43;156.95;159.08;170.33;166.17;168.98;165.22;164.93;159.25;162.46;165.24;164.79;165.27,HALAL,"Business activity permissible — debt ratio not verified, cross-check Musaffa/Zoya",
TWI,MACHINERY,MACHINERY-FARM,12,7.019999980926514,-0.33206471664621695,10.51;9.73;9.17;8.89;8.44;8.26;7.30;7.18;7.16;7.20;7.10;6.80;6.91;7.49;7.54;8.45;8.53;8.12;8.14;8.02;8.19;8.24;7.99;7.88;7.63;8.01;7.67;7.57;7.57;7.13;7.37;7.26;7.27;7.30;7.68;7.29;7.46;7.39;7.59;7.36;7.56;7.51;8.02;7.71;7.21;7.32;7.17;7.35;7.64;7.66;7.76;7.89;8.06;7.65;7.22;7.49;7.21;7.08;6.97;6.90;6.42;6.67;7.03;7.05;7.02,HALAL,"Business activity permissible — debt ratio not verified, cross-check Musaffa/Zoya",
GE,MACHINERY,MACHINERY-GENERAL INDUSTRIAL,54,342.5799865722656,0.013323997159429668,341.96;341.34;333.24;326.11;321.53;324.75;299.32;301.71;291.25;291.18;296.19;282.46;283.42;280.81;288.24;312.63;311.51;313.54;303.75;286.37;281.99;284.21;283.22;286.15;286.32;302.25;300.40;294.34;281.18;284.92;301.38;314.10;320.42;324.20;314.25;327.59;330.03;332.35;341.83;356.59;354.68;365.42;368.54;373.26;377.05;366.98;359.04;353.42;360.35;348.83;340.70;349.00;361.61;350.63;360.07;377.28;374.55;366.70;365.33;368.38;375.09;344.64;341.84;354.39;342.58,HALAL,"Business activity permissible — debt ratio not verified, cross-check Musaffa/Zoya",
HON,MACHINERY,MACHINERY-GENERAL INDUSTRIAL,21,217.42999267578125,-0.13551212267550639,250.62;253.31;253.58;247.89;247.07;249.00;243.86;240.66;238.17;231.91;234.80;232.03;235.05;238.61;232.77;245.48;242.97;241.46;242.87;231.09;222.90;220.51;218.69;220.98;217.40;224.69;227.86;226.66;222.97;227.06;234.01;242.29;243.63;247.33;233.45;223.73;225.54;229.12;237.79;239.04;238.52;237.80;242.81;223.23;229.17;224.38;222.75;221.59;222.17;224.35;229.17;245.53;245.01;240.40;242.32;248.05;240.02;242.20;234.64;233.96;227.71;218.32;214.77;220.67;217.43,HALAL,"Business activity permissible — debt ratio not verified, cross-check Musaffa/Zoya",
ITW,MACHINERY,MACHINERY-GENERAL INDUSTRIAL,50,280.1000061035156,-0.03288193232325076,286.19;287.07;282.47;279.04;273.19;268.19;263.72;264.46;257.42;259.53;263.18;255.86;258.72;256.66;257.48;271.54;272.86;262.80;270.62;269.42;271.49;268.12;264.07;253.93;253.02;253.99;250.57;248.59;246.19;245.88;248.43;248.90;248.14;244.33;248.75;251.20;255.01;252.92;260.93;260.53;263.71;262.09;266.10;270.47;272.76;271.09;265.48;271.50;271.41;276.05;271.99;276.91;284.82;292.45;286.95;295.06;294.70;294.52;292.51;290.81;284.66;282.74;283.95;285.51;280.10,HALAL,"Business activity permissible — debt ratio not verified, cross-check Musaffa/Zoya",
PH,MACHINERY,MACHINERY-GENERAL INDUSTRIAL,63,995.02001953125,-0.011596864084267855,1009.52;1006.90;986.44;963.24;930.07;938.36;887.85;891.30;897.98;904.02;919.48;886.44;893.22;906.01;910.91;980.77;987.26;961.59;986.57;970.50;971.68;972.14;945.36;880.24;870.72;884.85;874.36;882.37;862.72;852.56;864.73;868.03;852.81;823.30;850.76;882.34;905.53;902.37;918.86;945.97;962.14;961.09;968.92;978.12;962.89;957.51;949.17;951.26;952.95;953.21;959.58;985.48;987.31;951.07;976.53;992.65;1069.80;1060.50;1069.52;1055.85;1041.85;1000.13;1014.24;1039.49;995.02,HALAL,"Business activity permissible — debt ratio not verified, cross-check Musaffa/Zoya",
DOV,MACHINERY,MACHINERY-GENERAL INDUSTRIAL,28,198.67999267578125,-0.13481399855025922,225.66;224.95;220.22;215.05;210.48;209.83;203.43;213.30;210.97;211.77;214.63;206.09;207.94;204.88;207.03;217.79;218.70;214.93;218.53;219.74;227.59;225.68;221.71;225.24;222.92;220.36;219.43;214.09;210.25;207.04;207.26;214.87;211.99;207.54;213.51;214.76;220.97;218.53;220.67;220.79;229.40;224.31;225.96;224.28;213.71;214.05;211.57;214.27;212.26;214.18;211.42;197.80;205.85;197.99;204.62;209.93;210.84;210.10;208.07;207.07;203.06;199.88;203.62;204.66;198.68,HALAL,"Business activity permissible — debt ratio not verified, cross-check Musaffa/Zoya",
IR,MACHINERY,MACHINERY-GENERAL INDUSTRIAL,34,78.58000183105469,-0.16289382658012797,92.95;94.07;91.47;90.46;86.62;85.13;82.09;84.02;82.12;82.25;83.61;79.41;80.08;77.87;79.51;86.99;87.64;83.35;85.76;84.77;84.91;83.97;77.42;77.95;75.78;77.46;74.66;71.35;70.33;68.52;70.26;72.41;70.97;70.94;70.05;72.23;73.89;73.18;76.75;77.05;77.85;78.30;81.35;81.97;80.57;78.69;77.03;78.54;79.12;82.22;80.88;84.29;84.64;84.59;83.36;89.44;88.22;86.61;84.74;83.34;80.77;79.33;79.99;79.97;78.58,HALAL,"Business activity permissible — debt ratio not verified, cross-check Musaffa/Zoya",
FLS,MACHINERY,MACHINERY-GENERAL INDUSTRIAL,63,80.33000183105469,-0.08523505839579171,91.49;87.99;82.96;80.89;76.66;78.30;73.85;74.68;73.46;73.82;76.13;71.94;73.29;75.02;77.16;84.20;84.23;78.59;83.57;81.80;81.67;87.66;84.00;71.44;70.01;71.33;70.56;66.27;64.88;64.20;68.53;73.13;74.99;74.86;75.20;73.28;75.75;77.87;79.76;78.70;81.34;72.72;72.56;74.16;72.34;71.37;69.69;68.36;68.89;68.46;67.52;71.66;72.68;69.94;75.99;79.55;78.64;79.49;80.95;80.87;78.79;78.10;80.46;82.80;80.33,HALAL,"Business activity permissible — debt ratio not verified, cross-check Musaffa/Zoya",
WAB,MACHINERY,MACHINERY-GENERAL INDUSTRIAL,77,292.2300109863281,0.11393720752845193,262.22;263.36;260.24;251.02;246.45;245.42;236.23;237.45;236.61;241.14;247.76;240.57;249.35;253.34;255.48;270.33;268.44;256.80;262.78;257.05;268.85;266.62;260.78;264.36;262.85;264.98;267.53;264.19;263.31;254.72;254.59;261.20;260.93;255.75;262.51;260.13;265.50;261.82;268.61;271.58;276.46;272.20;269.25;269.32;261.92;258.92;259.50;260.59;259.44;261.81;263.26;297.68;300.59;291.46;290.56;298.76;294.93;293.86;295.24;298.71;294.72;292.31;297.62;300.54;292.23,HALAL,"Business activity permissible — debt ratio not verified, cross-check Musaffa/Zoya",
SPXC,MACHINERY,MACHINERY-GENERAL INDUSTRIAL,18,198.72999572753906,-0.1621131551378463,226.66;226.94;219.58;211.90;209.80;210.15;199.45;204.62;202.36;194.52;201.27;200.00;199.94;197.29;195.43;215.54;221.27;219.99;223.52;216.49;223.96;222.45;211.36;208.13;207.81;205.27;203.24;203.79;200.99;195.79;205.39;219.08;213.82;220.92;234.08;227.80;228.01;233.49;237.06;235.29;246.41;237.22;231.87;245.17;227.74;218.83;216.63;215.14;217.59;211.73;217.02;219.80;219.16;187.65;219.62;215.97;214.16;212.35;218.18;217.32;212.66;204.48;200.90;205.69;198.73,HALAL,"Business activity permissible — debt ratio not verified, cross-check Musaffa/Zoya",
GTLS,MACHINERY,MACHINERY-GENERAL INDUSTRIAL,,,,;;;;;;;;;;;;;;;;;;;;;;;;;;;;;;;;;;;;;;;;;;;;;;;;209.90;;;;;;;;;;;;;;;;,HALAL,"Business activity permissible — debt ratio not verified, cross-check Musaffa/Zoya",
ATKR,MACHINERY,MACHINERY-GENERAL INDUSTRIAL,86,93.5999984741211,0.4481755062778703,64.50;64.20;61.92;62.38;61.10;59.34;55.68;55.69;56.34;57.66;60.41;58.66;58.44;61.02;63.26;67.31;68.15;67.14;68.57;68.90;71.50;76.60;74.75;73.95;75.78;73.38;74.04;74.85;73.68;71.49;75.91;85.11;81.77;81.62;84.72;80.33;80.50;78.71;78.97;76.57;81.66;77.62;77.56;75.77;68.97;69.02;70.35;71.43;73.57;73.16;74.28;72.79;75.02;71.18;72.70;93.20;93.33;93.42;93.48;93.47;93.44;93.49;93.49;93.63;93.60,HALAL,"Business activity permissible — debt ratio not verified, cross-check Musaffa/Zoya",
KMT,MACHINERY,MACHINERY-MATERIAL HANDLING,32,29.540000915527344,-0.23438848782874155,39.56;39.81;40.10;39.55;37.77;39.83;37.74;37.08;34.77;35.21;35.94;35.66;35.71;35.57;35.93;38.64;39.11;37.64;38.49;38.43;39.02;39.19;38.10;38.02;37.07;41.22;36.64;34.86;34.43;34.36;35.00;36.71;33.45;31.54;32.46;32.42;33.79;34.38;35.32;36.13;35.22;34.23;35.55;34.83;33.28;33.14;32.93;33.47;34.54;33.53;34.17;34.64;35.10;33.34;33.75;35.83;33.64;31.39;30.78;31.22;30.74;29.78;29.30;30.01;29.54,HALAL,"Business activity permissible — debt ratio not verified, cross-check Musaffa/Zoya",
HOLI,MACHINERY,MACHINERY-MATERIAL HANDLING,,,,,HALAL,"Business activity permissible — debt ratio not verified, cross-check Musaffa/Zoya",
SSYS,MACHINERY,MACHINERY-MATERIAL HANDLING,8,7.739999771118164,-0.23593290388177446,9.85;9.63;9.44;9.10;8.59;8.30;7.87;8.07;7.77;7.81;8.08;7.64;7.81;7.97;8.03;8.33;8.54;8.52;8.79;8.67;8.48;8.61;8.47;8.91;8.96;8.20;8.54;8.56;8.56;8.09;8.53;9.66;10.02;10.69;9.85;8.85;8.66;9.00;8.90;8.82;8.63;8.34;8.17;8.56;8.14;8.21;8.69;8.29;8.29;8.14;8.37;8.00;8.06;7.67;7.82;8.80;8.75;8.86;8.84;9.00;8.60;7.86;7.65;7.92;7.74,HALAL,"Business activity permissible — debt ratio not verified, cross-check Musaffa/Zoya",
DDD,MACHINERY,MACHINERY-MATERIAL HANDLING,83,3.2799999713897705,0.6000000232603497,2.07;1.93;2.03;2.04;2.51;2.47;2.42;2.30;2.04;2.04;2.11;1.95;1.88;1.85;1.82;1.89;1.97;2.03;2.24;2.35;2.21;2.21;2.16;2.37;2.60;2.40;2.51;3.20;3.02;2.67;2.99;3.49;3.50;3.72;3.61;2.91;2.95;3.02;3.02;3.45;3.26;3.01;3.04;3.02;2.80;2.87;3.11;3.00;2.96;2.69;2.78;2.59;2.63;2.48;2.64;3.56;3.54;3.68;3.63;3.71;3.44;3.16;3.12;3.30;3.28,HALAL,"Business activity permissible — debt ratio not verified, cross-check Musaffa/Zoya",
MTRX,MACHINERY,MACHINERY-MATERIAL HANDLING,12,10.829999923706055,0.006505547707733816,11.34;10.99;11.27;11.24;11.05;10.61;10.27;10.43;10.16;10.92;11.41;11.39;11.48;11.68;11.74;12.26;12.18;12.13;12.19;12.01;12.56;12.80;12.90;13.52;13.93;12.16;12.31;11.80;11.85;12.16;12.53;13.10;13.23;13.39;13.81;13.56;13.29;13.47;13.90;13.59;13.95;13.38;13.87;13.70;12.53;12.45;12.75;12.29;12.47;12.15;12.51;12.83;12.32;11.10;11.60;12.18;11.73;11.60;11.74;11.91;11.65;11.18;10.70;10.74;10.83,HALAL,"Business activity permissible — debt ratio not verified, cross-check Musaffa/Zoya",
AIMC,MACHINERY,MACHINERY-MATERIAL HANDLING,,,,,HALAL,"Business activity permissible — debt ratio not verified, cross-check Musaffa/Zoya",
RXN,MACHINERY,MACHINERY-MATERIAL HANDLING,,,,,HALAL,"Business activity permissible — debt ratio not verified, cross-check Musaffa/Zoya",
WTS,MACHINERY,MACHINERY-THERMAL PROCESSING,73,366.3399963378906,0.13474188375847995,328.94;328.07;320.22;312.53;308.13;307.46;297.19;300.64;292.80;293.95;297.18;286.42;289.70;288.33;289.51;303.57;308.86;303.04;301.83;296.19;302.77;303.24;296.67;293.00;291.10;293.54;297.55;299.39;296.20;295.48;299.90;311.08;310.46;306.98;314.65;314.21;319.83;320.89;333.28;336.32;350.00;355.03;359.26;391.45;368.55;357.29;348.00;346.82;349.21;346.43;341.40;343.67;345.70;336.15;345.79;358.09;377.12;384.10;386.37;384.42;375.80;369.90;372.80;378.14;366.34,HALAL,"Business activity permissible — debt ratio not verified, cross-check Musaffa/Zoya",
CIR,MACHINERY,MACHINERY-THERMAL PROCESSING,,36.28850173950195,,;;;;;;;;;;;;;;;;;;;;;;;;;;;;;;;;;;;;;;;;;;;;;22.50;20.93;20.87;22.54;19.02;25.85;19.58;21.67;18.93;19.64;20.34;20.26;22.35;25.16;25.36;25.56;33.67;36.92;38.77;36.29,HALAL,"Business activity permissible — debt ratio not verified, cross-check Musaffa/Zoya",
CSWI,MACHINERY,MACHINERY-THERMAL PROCESSING,,,,,HALAL,"Business activity permissible — debt ratio not verified, cross-check Musaffa/Zoya",
SXI,MACHINERY,MACHINERY-THERMAL PROCESSING,72,298.44000244140625,0.20365208454492034,255.09;261.40;258.37;254.83;259.85;261.55;253.38;254.77;257.99;253.61;259.48;250.07;254.28;257.11;253.19;272.03;271.81;266.40;277.77;275.86;274.17;268.99;252.49;248.07;259.05;267.93;259.74;252.65;248.44;244.90;252.11;269.23;275.20;282.11;292.10;290.16;294.57;303.70;308.97;295.48;320.29;317.52;340.16;357.31;327.54;310.23;309.32;307.23;307.16;302.42;306.96;308.27;309.41;274.18;296.20;322.40;337.29;328.14;330.53;331.18;320.89;309.42;302.99;305.13;298.44,HALAL,"Business activity permissible — debt ratio not verified, cross-check Musaffa/Zoya",
EVI,MACHINERY,MACHINERY-THERMAL PROCESSING,5,14.350000381469727,-0.20980173446892003,20.34;19.43;19.74;19.96;18.69;18.99;19.03;20.54;20.57;21.07;20.76;20.38;20.58;21.21;21.49;22.63;22.52;21.28;21.49;20.64;19.99;18.81;18.20;18.25;19.49;20.10;19.26;15.96;16.89;17.36;18.60;17.23;17.68;17.29;17.23;17.63;17.16;17.14;16.22;15.76;15.91;15.06;14.50;14.78;16.09;16.03;15.34;15.97;16.41;16.52;15.00;14.27;14.21;15.19;14.07;14.17;14.00;14.08;16.01;16.39;15.69;15.19;14.75;14.28;14.35,HALAL,"Business activity permissible — debt ratio not verified, cross-check Musaffa/Zoya",
SNA,MACHINERY,MACHINERY-TOOLS & RELATED,54,391.8599853515625,0.03669675884211965,381.47;380.25;378.89;377.34;368.75;365.00;362.77;362.66;356.11;357.87;362.88;354.41;358.53;360.86;361.97;378.83;376.78;363.26;375.36;378.63;385.71;379.51;373.58;375.48;373.91;365.89;365.68;361.87;355.01;355.31;360.08;369.81;372.15;364.19;375.06;377.43;384.87;382.30;384.25;378.91;388.29;389.72;394.65;399.92;409.55;406.22;397.56;398.64;401.21;408.46;401.51;392.97;404.91;412.27;407.88;415.76;412.12;408.58;405.92;401.07;393.27;391.27;394.49;397.48;391.86,HALAL,"Business activity permissible — debt ratio not verified, cross-check Musaffa/Zoya",
MIDD,MACHINERY,MACHINERY-TOOLS & RELATED,28,112.75,-0.11382708929190022,126.93;135.85;130.43;125.69;120.58;121.04;115.11;115.28;112.70;110.75;110.21;103.48;106.66;106.27;108.80;116.97;114.67;112.13;115.93;114.68;116.96;114.84;111.70;111.72;112.20;127.30;125.70;118.62;115.51;113.85;116.81;121.27;123.98;125.87;125.68;124.64;129.85;127.06;131.55;132.56;134.07;135.89;139.47;138.38;140.88;139.26;133.29;134.92;133.94;133.22;131.11;131.14;136.00;133.02;133.58;138.78;133.28;130.30;118.95;117.91;114.00;112.52;115.22;115.44;112.75,HALAL,"Business activity permissible — debt ratio not verified, cross-check Musaffa/Zoya",
GGG,MACHINERY,MACHINERY-TOOLS & RELATED,26,79.29000091552734,-0.13993988094198717,91.68;93.23;91.77;90.59;87.82;87.37;86.98;86.02;83.66;84.57;85.41;83.15;84.03;84.00;84.35;87.96;87.86;84.87;86.40;86.93;81.85;80.22;79.26;78.88;78.37;78.36;77.08;76.32;75.42;75.02;75.01;76.03;75.52;73.67;73.50;74.05;75.56;73.83;74.85;74.97;75.21;74.70;76.12;75.31;74.94;74.90;72.90;73.63;73.21;74.29;73.13;77.75;80.44;81.21;79.38;82.31;83.05;83.38;82.49;81.94;81.01;81.71;80.16;79.60;79.29,HALAL,"Business activity permissible — debt ratio not verified, cross-check Musaffa/Zoya",
LECO,MACHINERY,MACHINERY-TOOLS & RELATED,57,284.8949890136719,0.019585051128666375,285.63;285.27;278.34;273.24;265.14;265.05;256.84;259.16;255.17;251.13;254.97;246.46;248.34;242.94;241.33;255.34;259.37;254.59;260.62;259.46;262.38;260.42;256.74;265.45;265.88;270.31;270.42;264.47;260.14;253.06;259.30;264.52;258.17;251.42;262.03;261.35;264.66;256.98;267.06;268.76;273.93;268.11;265.76;265.51;258.43;255.81;246.35;251.20;253.21;252.74;249.02;250.38;256.85;257.99;261.31;277.64;278.91;277.33;286.97;286.87;281.97;276.88;282.24;290.12;284.89,HALAL,"Business activity permissible — debt ratio not verified, cross-check Musaffa/Zoya",
RBC,MACHINERY,MACHINERY-TOOLS & RELATED,31,500.6199951171875,-0.11007214656510411,565.44;575.92;568.58;566.06;565.64;559.52;536.37;544.55;540.83;537.20;561.66;532.25;543.12;548.11;553.31;595.11;595.74;586.98;589.77;591.32;601.39;591.00;584.49;595.76;607.50;611.54;613.59;618.91;569.06;565.22;566.96;584.40;577.83;566.14;584.18;590.09;592.41;607.46;616.95;625.73;645.73;638.94;630.36;644.06;604.56;600.26;595.61;584.59;590.14;575.22;585.35;595.31;584.97;550.27;551.31;565.96;566.61;556.50;555.65;560.49;545.65;504.61;495.90;513.95;500.62,HALAL,"Business activity permissible — debt ratio not verified, cross-check Musaffa/Zoya",
KAI,MACHINERY,MACHINERY-TOOLS & RELATED,24,302.239990234375,-0.07507819594766985,338.34;338.40;343.68;344.98;333.41;331.96;302.96;300.99;297.73;311.60;314.76;290.00;291.68;285.95;293.53;322.99;327.19;324.47;331.44;321.45;326.19;315.89;305.78;285.51;288.51;340.18;333.41;328.71;317.43;303.23;306.53;329.18;322.40;315.29;311.88;292.93;293.18;288.22;294.62;292.66;300.89;308.02;324.15;313.85;308.63;302.61;289.66;291.58;300.51;311.01;306.41;307.70;312.15;302.96;307.50;334.92;334.64;333.48;334.08;334.22;309.64;314.06;312.57;305.92;302.24,HALAL,"Business activity permissible — debt ratio not verified, cross-check Musaffa/Zoya",
CMCSA,MEDIA,MEDIA-CABLE/SATELLITE TV,31,27.059999465942383,-0.1227431427676069,30.03;30.19;30.24;30.82;30.27;29.81;29.41;29.33;28.26;28.29;28.02;27.63;28.00;27.55;27.42;27.93;27.67;27.92;29.23;28.66;31.21;27.14;26.40;26.82;26.10;25.89;24.69;24.60;24.43;24.47;24.74;24.81;24.82;24.71;23.20;23.50;23.53;23.65;23.65;22.39;22.02;22.34;22.86;24.22;23.79;23.41;23.35;23.97;23.49;23.79;23.81;21.92;22.80;24.61;23.96;24.93;25.17;25.20;25.47;26.18;26.20;26.42;27.02;27.20;27.06,QUESTIONABLE,Group classification: MEDIA-CABLE/SATELLITE TV,
CHTR,MEDIA,MEDIA-CABLE/SATELLITE TV,8,153.6199951171875,-0.3248066445479507,225.75;234.63;229.41;229.94;222.81;224.36;218.19;222.52;211.63;216.61;218.91;219.14;215.88;219.79;223.80;223.23;226.30;220.29;236.62;241.95;241.78;174.61;158.65;171.74;158.23;160.24;147.79;143.06;140.33;142.50;148.90;144.00;147.26;142.60;129.01;132.12;135.37;139.14;143.71;132.00;125.54;131.42;133.64;142.21;137.20;138.02;134.35;131.37;131.24;131.37;127.79;126.50;131.61;145.20;144.98;153.07;157.44;153.29;150.22;154.27;148.35;147.76;150.30;153.89;153.62,QUESTIONABLE,Group classification: MEDIA-CABLE/SATELLITE TV,
DISH,MEDIA,MEDIA-CABLE/SATELLITE TV,,,,,QUESTIONABLE,Group classification: MEDIA-CABLE/SATELLITE TV,
ATUS,MEDIA,MEDIA-CABLE/SATELLITE TV,,,,,QUESTIONABLE,Group classification: MEDIA-CABLE/SATELLITE TV,
CABO,MEDIA,MEDIA-CABLE/SATELLITE TV,1,25.5,-0.7447703026191479,90.92;95.95;109.09;109.96;108.79;114.41;113.04;107.00;97.32;93.73;96.24;95.21;91.21;96.76;92.61;93.08;97.19;95.88;107.52;116.96;114.78;99.79;90.04;75.01;63.30;60.77;56.04;52.27;48.77;47.49;47.68;52.10;56.52;51.34;48.06;43.82;41.96;41.57;46.46;43.07;40.93;45.28;52.87;53.11;48.91;42.63;35.27;37.93;40.10;39.30;37.63;37.19;39.54;41.85;39.99;44.84;44.48;35.74;33.61;34.48;28.07;26.22;22.83;25.83;25.50,QUESTIONABLE,Group classification: MEDIA-CABLE/SATELLITE TV,
WOW,MEDIA,MEDIA-CABLE/SATELLITE TV,,,,,QUESTIONABLE,Group classification: MEDIA-CABLE/SATELLITE TV,
LBRDA,MEDIA,MEDIA-CABLE/SATELLITE TV,,,,52.45;54.58;53.43;53.52;51.92;52.08;50.56;51.71;49.06;50.22;50.92;50.96;50.22;51.06;52.02;52.08;52.71;51.42;55.13;56.41;56.41;40.55;37.04;39.99;36.86;37.30;34.41;33.31;32.70;33.28;34.80;33.68;34.46;33.34;30.09;30.88;31.69;32.48;33.55;30.83;29.36;30.72;31.31;33.28;32.13;32.27;31.55;30.73;30.82;30.86;;;;;;;;;;;;;;;,QUESTIONABLE,Group classification: MEDIA-CABLE/SATELLITE TV,
LBRDK,MEDIA,MEDIA-CABLE/SATELLITE TV,,,,52.54;54.61;53.43;53.67;51.94;52.21;50.74;51.85;49.18;50.37;50.94;51.04;50.30;51.19;52.13;52.09;52.80;51.44;55.23;56.40;56.47;40.61;36.96;40.10;36.96;37.37;34.47;33.40;32.76;33.31;34.84;33.68;34.50;33.44;30.16;30.91;31.68;32.62;33.64;30.87;29.40;30.75;31.33;33.26;32.14;32.32;31.59;30.80;30.83;30.84;;;;;;;;;;;;;;;,QUESTIONABLE,Group classification: MEDIA-CABLE/SATELLITE TV,
NFLX,MEDIA,MEDIA-DIVERSIFIED,11,81.72000122070312,0.07498033187767317,82.70;96.24;97.70;99.17;98.32;94.89;95.31;94.36;91.74;93.38;92.28;93.43;96.15;98.66;98.82;102.05;103.16;107.71;97.31;92.58;92.82;91.37;92.12;92.06;87.89;88.25;85.45;87.56;87.02;89.33;89.30;87.68;86.36;85.85;81.52;82.18;81.41;81.27;81.67;76.96;72.88;71.84;73.81;71.40;77.65;76.18;75.47;73.83;73.68;68.95;68.67;68.89;70.40;73.63;71.71;73.57;73.69;76.29;74.21;78.16;77.77;80.14;80.01;81.46;81.72,HARAM,Streaming content includes substantial haram material,
DIS,MEDIA,MEDIA-DIVERSIFIED,34,108.0999984741211,0.04327464444687101,104.25;105.23;102.51;101.63;100.89;100.12;98.53;99.54;98.45;97.21;95.22;91.72;95.65;95.88;95.05;99.03;100.41;102.26;105.48;103.50;102.86;101.57;100.53;102.30;99.72;107.83;103.92;104.10;101.94;101.51;102.79;102.49;102.94;102.07;98.63;98.95;98.57;99.58;100.92;100.09;101.67;100.35;98.04;96.25;99.50;97.48;96.17;96.00;97.15;97.67;96.14;92.83;96.65;98.48;96.19;98.18;104.68;103.18;103.22;106.85;103.95;107.32;110.61;109.63;108.10,QUESTIONABLE,Mixed content; scholar-disputed,
WBD,MEDIA,MEDIA-DIVERSIFIED,85,28.770000457763672,-0.005186708787502048,28.90;28.17;28.20;28.00;27.75;27.81;27.14;27.64;27.63;27.40;27.22;27.07;27.46;27.32;27.37;27.53;27.39;27.20;27.47;27.31;26.90;26.82;27.05;26.97;27.22;27.12;27.24;27.25;26.98;27.09;27.10;27.00;27.04;27.25;27.00;26.24;26.56;26.86;26.83;26.24;26.95;27.20;26.74;26.66;26.48;26.12;26.63;27.09;27.27;26.87;25.83;25.95;25.28;25.64;26.30;25.79;26.40;26.87;27.65;27.99;28.48;28.23;28.70;28.75;28.77,QUESTIONABLE,Group classification: MEDIA-DIVERSIFIED,
PARA,MEDIA,MEDIA-DIVERSIFIED,1,1.090000033378601,-0.9504545439373363,25.00;24.40;22.80;23.20;22.20;20.60;21.20;20.40;18.60;19.54;19.38;21.40;19.02;16.82;11.80;11.84;13.74;14.82;12.56;11.36;10.80;8.28;6.10;6.02;5.62;6.38;6.52;5.05;7.66;3.81;3.48;4.08;3.46;3.52;3.15;3.01;3.11;3.02;3.22;3.29;3.19;2.95;2.97;3.02;2.98;3.36;3.04;2.40;2.69;2.42;2.02;2.23;2.12;1.75;1.85;1.90;1.91;1.66;1.74;1.70;1.36;1.39;1.20;1.18;1.09,QUESTIONABLE,Group classification: MEDIA-DIVERSIFIED,
FOX,MEDIA,MEDIA-DIVERSIFIED,51,61.31999969482422,0.2123805488384063,49.35;51.45;52.10;53.50;54.04;52.77;52.03;52.71;52.02;51.63;52.35;53.38;53.10;52.87;53.75;55.97;56.25;57.05;58.53;57.63;57.74;57.12;56.62;56.93;55.91;56.50;61.18;59.47;57.87;58.09;57.63;58.08;59.23;59.84;57.44;59.88;60.90;61.36;49.96;46.73;44.93;45.37;45.91;46.84;50.56;49.20;48.44;50.22;50.39;51.63;51.47;49.18;50.81;52.73;51.94;52.82;55.37;56.33;55.97;61.41;61.23;60.45;61.59;62.23;61.32,QUESTIONABLE,Group classification: MEDIA-DIVERSIFIED,
FOXA,MEDIA,MEDIA-DIVERSIFIED,53,68.41999816894531,0.2424218116719361,53.86;56.06;57.08;58.69;59.26;57.71;57.39;58.30;57.68;57.28;58.49;59.11;58.40;58.62;59.65;62.76;62.45;63.66;65.07;64.31;64.53;63.86;62.94;63.35;62.23;62.69;67.72;66.47;64.85;64.55;64.26;64.96;65.83;66.81;64.28;66.89;68.32;68.30;54.76;51.32;49.39;49.80;50.10;52.16;56.48;54.92;53.74;55.90;55.99;57.62;57.57;55.09;56.64;58.95;58.23;59.08;61.79;63.42;63.05;69.04;69.03;67.96;69.21;69.60;68.42,QUESTIONABLE,Group classification: MEDIA-DIVERSIFIED,
NWSA,MEDIA,MEDIA-DIVERSIFIED,65,30.969999313354492,0.35214868007023736,23.48;24.19;23.71;24.18;24.44;24.24;23.70;24.34;23.93;24.26;24.27;24.24;24.93;24.40;24.43;24.59;24.94;25.33;26.01;26.42;26.31;26.41;26.24;26.24;25.44;27.04;27.01;26.66;25.92;26.24;26.26;26.20;26.52;26.80;26.05;27.26;27.20;26.30;25.70;25.98;24.61;25.23;25.41;24.83;26.64;26.92;27.49;27.73;27.98;28.43;27.53;26.33;27.29;28.82;27.56;28.59;29.67;28.49;28.67;29.16;29.39;29.65;30.76;30.96;30.97,QUESTIONABLE,Group classification: MEDIA-DIVERSIFIED,
NWS,MEDIA,MEDIA-DIVERSIFIED,62,34.849998474121094,0.353657191292438,26.16;26.68;26.12;26.84;27.61;27.43;26.76;27.37;27.24;27.46;27.59;27.79;28.51;28.11;28.10;28.40;28.83;29.15;29.96;30.42;30.40;30.55;30.25;30.41;29.38;30.85;31.17;30.68;29.74;30.11;30.08;29.95;30.34;30.68;29.82;31.19;31.06;30.13;29.25;29.60;27.92;28.53;28.73;28.06;30.17;30.47;31.13;31.41;31.66;32.42;31.21;29.75;30.92;32.64;31.27;32.72;33.87;32.50;32.68;33.17;33.49;33.78;35.05;35.24;34.85,QUESTIONABLE,Group classification: MEDIA-DIVERSIFIED,
SIRI,MEDIA,MEDIA-DIVERSIFIED,67,28.540000915527344,0.3878724244948235,20.52;21.54;21.79;22.20;21.29;21.94;21.57;22.20;21.98;22.05;22.56;22.41;22.64;23.34;23.26;22.99;23.44;23.75;25.00;25.69;27.47;26.05;26.25;26.71;25.90;26.24;26.55;26.12;25.60;25.81;28.73;29.36;29.60;28.78;27.83;26.77;27.36;27.34;27.21;27.68;27.69;27.65;28.09;29.27;30.23;30.43;30.41;30.39;30.37;30.31;30.02;29.60;30.94;32.30;29.35;30.47;29.61;28.78;28.44;28.46;28.62;28.39;28.45;28.51;28.54,QUESTIONABLE,Group classification: MEDIA-DIVERSIFIED,
NYT,MEDIA,MEDIA-NEWSPAPERS,28,68.16000366210938,-0.08936569520372817,76.93;79.32;80.93;81.47;80.34;77.77;78.85;79.76;80.80;82.21;84.67;82.31;83.24;85.42;85.59;82.22;79.09;80.85;79.23;81.37;80.18;79.36;78.78;78.47;77.02;79.93;77.09;76.76;74.25;75.03;74.03;74.76;74.77;75.97;74.94;76.64;73.36;73.97;73.57;74.23;71.86;71.00;70.66;69.76;73.62;73.49;74.30;75.04;75.22;75.93;74.69;70.17;72.37;77.69;74.89;75.61;64.77;64.80;63.95;64.79;65.07;65.30;67.49;68.42;68.16,HALAL,"Business activity permissible — debt ratio not verified, cross-check Musaffa/Zoya",
GCI,MEDIA,MEDIA-NEWSPAPERS,,,,,HALAL,"Business activity permissible — debt ratio not verified, cross-check Musaffa/Zoya",
LEE,MEDIA,MEDIA-NEWSPAPERS,79,8.369999885559082,0.002395150080919617,8.77;8.69;8.94;9.02;8.61;9.25;9.42;8.92;8.52;8.43;8.40;8.50;8.61;8.23;8.78;8.85;8.35;8.30;8.30;8.76;8.37;8.34;8.41;8.32;8.17;8.00;7.91;7.82;8.71;8.85;9.45;9.72;11.76;10.71;10.67;10.36;10.39;10.29;9.57;9.06;8.97;8.74;9.01;8.96;8.73;9.34;8.33;7.87;8.15;7.86;7.84;7.60;7.79;7.89;7.73;8.15;8.12;8.13;8.15;8.53;8.05;8.44;8.24;8.27;8.37,HALAL,"Business activity permissible — debt ratio not verified, cross-check Musaffa/Zoya",
TPCO,MEDIA,MEDIA-NEWSPAPERS,,,,,HALAL,"Business activity permissible — debt ratio not verified, cross-check Musaffa/Zoya",
MDP,MEDIA,MEDIA-PERIODICALS,,,,,HALAL,"Business activity permissible — debt ratio not verified, cross-check Musaffa/Zoya",
NWSA,MEDIA,MEDIA-PERIODICALS,65,30.969999313354492,0.35214868007023736,23.48;24.19;23.71;24.18;24.44;24.24;23.70;24.34;23.93;24.26;24.27;24.24;24.93;24.40;24.43;24.59;24.94;25.33;26.01;26.42;26.31;26.41;26.24;26.24;25.44;27.04;27.01;26.66;25.92;26.24;26.26;26.20;26.52;26.80;26.05;27.26;27.20;26.30;25.70;25.98;24.61;25.23;25.41;24.83;26.64;26.92;27.49;27.73;27.98;28.43;27.53;26.33;27.29;28.82;27.56;28.59;29.67;28.49;28.67;29.16;29.39;29.65;30.76;30.96;30.97,HALAL,"Business activity permissible — debt ratio not verified, cross-check Musaffa/Zoya",
SIRI,MEDIA,MEDIA-RADIO/TV,67,28.540000915527344,0.3878724244948235,20.52;21.54;21.79;22.20;21.29;21.94;21.57;22.20;21.98;22.05;22.56;22.41;22.64;23.34;23.26;22.99;23.44;23.75;25.00;25.69;27.47;26.05;26.25;26.71;25.90;26.24;26.55;26.12;25.60;25.81;28.73;29.36;29.60;28.78;27.83;26.77;27.36;27.34;27.21;27.68;27.69;27.65;28.09;29.27;30.23;30.43;30.41;30.39;30.37;30.31;30.02;29.60;30.94;32.30;29.35;30.47;29.61;28.78;28.44;28.46;28.62;28.39;28.45;28.51;28.54,QUESTIONABLE,Group classification: MEDIA-RADIO/TV,
IHRT,MEDIA,MEDIA-RADIO/TV,6,2.75,-0.2028985617416691,3.17;3.27;2.94;3.23;3.03;2.95;2.67;2.91;2.58;2.86;2.80;2.80;2.92;3.15;3.28;3.51;3.73;3.93;4.10;4.18;4.01;5.25;5.10;6.33;6.28;5.67;5.49;5.21;4.78;4.70;4.88;4.91;4.85;4.34;3.94;3.89;3.83;3.95;3.99;3.74;3.86;3.99;4.32;4.29;4.38;4.03;4.07;4.02;3.95;3.83;3.74;3.65;3.62;3.51;3.59;3.85;3.80;3.71;2.91;2.95;3.01;2.89;2.68;2.68;2.75,QUESTIONABLE,Group classification: MEDIA-RADIO/TV,
TGNA,MEDIA,MEDIA-RADIO/TV,,,,,QUESTIONABLE,Group classification: MEDIA-RADIO/TV,
SBGI,MEDIA,MEDIA-RADIO/TV,31,14.350000381469727,0.052690985934845225,13.38;15.77;14.76;14.97;14.33;13.73;13.84;13.82;13.01;13.15;13.00;12.90;12.71;12.78;13.28;13.57;14.25;15.95;16.49;16.16;15.48;15.46;14.97;14.90;14.51;13.92;14.01;13.79;13.76;13.31;13.37;13.72;14.30;14.14;13.53;13.85;14.08;14.45;13.43;13.66;13.61;14.03;13.80;14.25;15.42;14.78;14.54;14.25;14.36;13.82;13.82;13.37;13.49;14.20;13.74;13.99;14.76;13.76;13.88;14.84;14.36;14.35;14.51;14.33;14.35,QUESTIONABLE,Group classification: MEDIA-RADIO/TV,
SSP,MEDIA,MEDIA-RADIO/TV,44,3.259999990463257,-0.055072479592579326,3.63;4.15;3.91;4.41;4.60;4.17;3.97;3.62;3.27;3.77;3.54;3.73;3.72;3.65;3.81;4.01;4.29;4.81;4.94;4.93;4.86;4.63;4.46;4.97;4.92;4.68;3.79;3.48;3.38;3.23;3.49;3.42;3.50;3.44;3.56;3.41;3.38;3.02;2.89;2.65;2.82;2.81;2.90;2.77;3.12;3.15;2.89;2.97;3.09;3.10;3.26;2.94;2.96;2.95;2.81;2.85;2.95;3.33;3.39;3.45;3.30;3.29;3.32;3.15;3.26,QUESTIONABLE,Group classification: MEDIA-RADIO/TV,
GTN,MEDIA,MEDIA-RADIO/TV,45,4.829999923706055,0.06897492428232721,4.58;5.00;5.04;5.27;4.99;4.84;4.54;4.57;4.30;4.72;4.57;4.49;4.25;4.40;4.75;4.86;5.14;5.57;5.79;6.07;5.58;5.54;5.42;5.54;5.37;4.33;4.29;4.08;4.07;3.82;4.05;3.99;4.08;3.99;3.77;3.93;3.99;3.98;3.80;3.73;3.84;3.95;3.80;3.97;4.11;3.90;3.77;3.90;4.06;3.96;4.09;3.89;3.98;4.25;4.04;4.29;4.28;4.98;4.84;5.22;4.86;4.91;4.92;4.92;4.83,QUESTIONABLE,Group classification: MEDIA-RADIO/TV,
EVC,MEDIA,MEDIA-RADIO/TV,98,8.069999694824219,1.7873651971168814,2.96;3.03;2.97;2.95;3.09;2.87;2.92;3.17;3.02;3.09;3.06;2.99;2.95;3.00;3.15;3.19;3.25;3.43;3.51;3.48;3.62;3.83;3.72;3.81;3.96;6.91;8.82;8.87;7.79;8.04;9.45;8.70;9.33;9.23;8.55;8.72;9.13;9.93;9.17;9.40;9.87;11.21;12.03;13.04;13.05;11.90;12.08;11.14;11.07;10.69;10.85;10.53;11.08;11.04;11.22;11.63;11.41;11.70;9.02;9.01;8.42;8.03;8.11;7.99;8.07,QUESTIONABLE,Group classification: MEDIA-RADIO/TV,
AMGN,MEDICAL,MEDICAL-BIOMED/BIOTECH,81,432.4200134277344,0.15500377854213565,379.23;383.01;372.00;362.73;371.97;372.63;361.35;356.34;345.28;345.13;349.24;344.14;347.18;343.33;335.49;350.88;345.18;343.60;350.59;340.29;344.00;335.67;333.54;325.45;325.22;324.73;325.22;331.99;324.41;328.83;335.46;333.99;334.53;327.22;336.25;347.55;342.57;352.00;348.49;339.67;342.72;349.39;356.25;360.02;371.98;365.96;361.51;358.36;356.24;364.16;364.11;369.34;374.07;385.39;382.92;387.75;402.50;414.78;413.76;412.80;422.81;431.21;443.84;440.34;432.42,HALAL,"Business activity permissible — debt ratio not verified, cross-check Musaffa/Zoya",
GILD,MEDICAL,MEDICAL-BIOMED/BIOTECH,54,145.67999267578125,-0.015750005670068012,145.33;147.14;146.04;143.38;144.85;144.23;144.04;143.46;140.19;136.44;137.36;133.37;138.46;138.80;137.89;141.16;138.12;138.86;136.74;132.42;132.77;126.92;128.00;130.79;132.61;133.18;132.65;132.18;128.73;129.65;129.65;132.86;135.33;130.24;128.15;128.32;124.68;125.05;124.30;125.45;124.87;125.16;127.88;126.34;131.27;136.36;134.84;131.40;131.70;134.28;130.28;130.86;130.52;132.73;130.21;135.25;130.86;133.06;135.87;138.36;143.44;143.44;146.74;148.09;145.68,HALAL,"Business activity permissible — debt ratio not verified, cross-check Musaffa/Zoya",
REGN,MEDICAL,MEDICAL-BIOMED/BIOTECH,68,794.1900024414062,0.011771988491373842,782.20;779.59;764.62;762.90;779.52;772.60;743.79;757.03;735.49;734.57;747.48;735.75;770.59;759.83;758.25;765.81;744.48;751.93;748.58;745.38;763.99;742.46;684.54;699.56;700.40;707.22;710.88;717.97;696.40;628.63;641.84;633.88;620.80;599.96;618.23;634.71;615.46;610.77;614.26;607.22;611.79;622.70;632.16;622.81;653.51;675.44;667.17;662.32;663.68;675.90;674.40;651.15;666.39;694.61;761.74;759.77;771.21;807.11;797.06;802.54;810.24;826.64;828.50;814.79;794.19,HALAL,"Business activity permissible — debt ratio not verified, cross-check Musaffa/Zoya",
VRTX,MEDICAL,MEDICAL-BIOMED/BIOTECH,73,541.6900024414062,0.12615120567937432,483.05;496.83;474.27;460.82;460.87;492.38;469.34;462.49;458.05;451.24;454.97;433.07;446.54;438.71;431.86;446.78;440.05;441.70;441.20;436.59;435.10;426.01;423.24;423.92;424.36;425.00;435.17;453.06;436.95;434.31;433.54;435.93;447.97;438.40;428.34;446.83;445.77;445.04;450.46;458.99;466.79;475.20;491.34;496.73;528.04;522.25;496.50;480.25;477.08;485.65;482.00;473.09;479.00;483.33;477.10;478.71;484.03;523.91;525.73;505.75;528.19;540.26;547.59;547.29;541.69,HALAL,"Business activity permissible — debt ratio not verified, cross-check Musaffa/Zoya",
BIIB,MEDICAL,MEDICAL-BIOMED/BIOTECH,73,218.5,0.11286545826339522,190.73;191.82;184.02;188.08;188.24;190.48;181.55;185.29;183.41;183.64;189.18;183.84;183.33;177.34;175.61;177.11;176.37;180.54;177.35;185.95;187.88;180.67;194.38;187.06;189.13;191.38;197.95;204.53;192.95;190.56;189.47;193.08;196.39;192.23;195.96;195.34;199.10;199.96;198.64;198.67;199.71;199.59;216.03;216.06;216.12;205.70;198.91;209.03;197.24;205.99;203.16;200.62;200.14;209.23;202.95;208.45;206.28;207.13;208.87;209.83;212.55;214.35;218.12;221.07;218.50,HALAL,"Business activity permissible — debt ratio not verified, cross-check Musaffa/Zoya",
MRNA,MEDICAL,MEDICAL-BIOMED/BIOTECH,99,137.99000549316406,1.743885523584447,51.37;53.57;49.83;53.83;55.74;55.97;52.56;53.93;52.37;51.28;53.54;49.56;50.80;49.20;50.11;51.28;50.68;54.26;53.72;54.23;52.85;48.70;45.72;45.37;46.71;48.54;52.88;50.42;49.04;45.72;47.26;47.03;47.57;46.06;49.06;47.44;47.73;49.64;52.13;61.80;59.35;60.42;67.27;70.03;79.76;79.77;76.56;67.01;68.28;61.82;59.66;57.02;55.63;54.49;54.82;56.99;53.86;59.81;63.67;63.32;62.96;133.32;138.89;149.66;137.99,HALAL,"Business activity permissible — debt ratio not verified, cross-check Musaffa/Zoya",
BNTX,MEDICAL,MEDICAL-BIOMED/BIOTECH,29,102.07499694824219,-0.0714545923326424,109.84;110.23;100.76;101.95;102.16;90.84;91.19;94.86;89.31;88.41;88.77;85.68;88.88;91.18;89.62;91.98;96.70;99.47;102.92;111.60;105.56;102.06;101.57;97.54;95.50;93.02;93.34;92.23;89.55;87.79;90.93;92.25;93.44;91.70;88.45;88.08;86.50;89.54;90.80;92.22;90.19;90.21;91.22;93.05;97.54;94.29;92.98;90.07;91.99;91.48;92.33;92.06;91.09;92.95;90.58;91.35;91.19;92.80;92.74;93.09;92.75;110.89;112.82;112.56;102.07,HALAL,"Business activity permissible — debt ratio not verified, cross-check Musaffa/Zoya",
ALNY,MEDICAL,MEDICAL-BIOMED/BIOTECH,3,237.10000610351562,-0.2800971558840827,327.36;332.92;318.65;320.51;323.59;320.43;313.41;320.42;311.10;306.66;328.70;317.36;330.87;318.85;319.52;321.28;333.00;333.39;309.66;308.43;313.79;308.51;301.19;296.11;301.11;295.91;284.84;291.48;286.98;294.30;300.51;295.50;305.06;295.63;292.58;303.05;297.69;289.39;287.80;282.72;286.41;294.06;291.37;301.03;312.78;321.59;312.79;288.06;279.14;267.47;271.37;268.74;278.40;286.62;205.52;219.00;216.12;216.98;223.95;228.65;228.61;229.30;236.01;239.00;237.10,HALAL,"Business activity permissible — debt ratio not verified, cross-check Musaffa/Zoya",
BMRN,MEDICAL,MEDICAL-BIOMED/BIOTECH,60,64.66500091552734,0.02773367446541486,61.44;61.73;58.53;60.57;60.88;60.32;58.51;56.05;55.03;54.78;55.59;54.14;56.49;55.50;56.22;56.30;54.88;55.27;54.64;54.62;53.98;53.81;54.21;54.06;53.24;54.12;52.58;53.55;51.81;49.81;54.10;52.88;52.74;55.03;54.66;56.77;57.91;55.54;55.65;55.02;55.90;57.33;59.00;57.22;58.99;60.35;59.97;59.20;58.95;59.59;59.21;58.87;60.27;61.37;60.02;60.72;61.46;68.88;70.24;67.36;66.99;67.68;65.07;65.61;64.67,HALAL,"Business activity permissible — debt ratio not verified, cross-check Musaffa/Zoya",
INCY,MEDICAL,MEDICAL-BIOMED/BIOTECH,78,124.37000274658203,0.23321769586834806,99.98;101.27;98.07;97.33;97.10;94.66;92.54;94.22;92.95;90.45;92.23;90.30;94.12;95.93;93.69;96.96;95.55;97.10;97.82;96.22;95.47;95.72;99.10;96.91;97.47;97.77;100.32;98.82;95.31;95.60;97.41;97.10;97.50;95.59;97.98;102.38;103.23;107.83;101.98;98.99;103.66;108.46;113.75;113.36;116.86;118.05;118.52;114.23;115.09;117.25;117.39;116.69;118.87;127.10;119.52;120.60;118.38;121.55;120.77;120.16;123.47;127.22;127.98;128.12;124.37,HALAL,"Business activity permissible — debt ratio not verified, cross-check Musaffa/Zoya",
EXAS,MEDICAL,MEDICAL-BIOMED/BIOTECH,,,,,HALAL,"Business activity permissible — debt ratio not verified, cross-check Musaffa/Zoya",
ARGX,MEDICAL,MEDICAL-BIOMED/BIOTECH,77,1023.2100219726562,0.23837824141925124,816.95;766.92;748.72;728.11;740.40;728.09;700.45;706.03;684.50;681.85;697.05;691.40;730.25;746.42;765.43;800.50;809.27;840.87;849.04;805.38;787.95;783.74;776.02;783.50;794.70;787.31;813.28;802.70;799.32;797.77;816.22;808.43;838.49;836.09;813.14;891.32;884.00;898.94;884.20;892.26;903.75;852.50;887.18;927.77;939.68;919.94;909.49;876.25;862.93;860.55;874.74;924.60;888.82;882.56;853.82;844.50;875.30;866.11;876.00;851.29;992.99;1038.12;1011.11;1047.10;1023.21,HALAL,"Business activity permissible — debt ratio not verified, cross-check Musaffa/Zoya",
TECH,MEDICAL,MEDICAL-BIOMED/BIOTECH,86,72.3499984741211,0.3251313018366362,57.70;58.83;56.82;55.73;54.71;53.46;50.70;50.91;51.44;51.85;52.53;50.80;52.11;52.97;53.67;55.41;57.36;58.32;59.06;59.49;52.05;54.95;51.80;54.86;56.51;50.76;47.28;44.76;43.17;45.42;47.32;47.92;50.78;50.73;50.79;51.93;54.35;53.96;56.11;54.94;55.55;58.81;70.92;70.57;70.75;70.53;71.07;71.28;71.40;72.04;71.55;71.69;71.54;71.95;72.01;72.01;71.82;72.04;72.15;72.32;72.14;72.20;72.39;72.38;72.35,HALAL,"Business activity permissible — debt ratio not verified, cross-check Musaffa/Zoya",
CRSP,MEDICAL,MEDICAL-BIOMED/BIOTECH,39,57.720001220703125,0.06928495202265528,55.20;60.14;58.06;57.33;58.78;49.93;48.75;50.09;46.95;46.88;47.09;45.75;47.57;49.51;49.70;51.72;54.83;56.76;57.99;55.54;55.18;50.99;50.71;51.63;52.38;52.42;54.01;52.75;48.41;47.59;49.90;51.59;56.38;54.19;52.08;51.84;51.48;50.23;52.61;53.09;54.36;53.55;54.92;54.54;60.08;60.77;56.34;50.63;51.37;47.78;48.15;47.53;46.73;47.64;47.99;53.07;51.64;53.51;53.99;53.55;52.97;58.12;57.08;59.23;57.72,HALAL,"Business activity permissible — debt ratio not verified, cross-check Musaffa/Zoya",
BEAM,MEDICAL,MEDICAL-BIOMED/BIOTECH,61,29.31999969482422,0.034945279695879794,29.61;28.46;27.22;25.52;27.62;26.08;25.16;25.83;25.17;25.17;23.12;22.19;23.83;24.66;24.49;26.33;30.18;30.68;31.39;30.69;30.16;29.17;29.38;30.70;28.90;31.47;31.75;31.85;27.93;26.33;27.67;29.79;32.80;31.14;29.55;29.40;30.47;29.41;31.12;32.48;35.53;33.90;34.81;34.32;34.79;37.92;35.82;31.00;30.84;27.53;27.29;25.91;25.07;26.02;25.52;28.35;27.25;27.28;26.71;26.75;26.57;28.39;28.33;30.19;29.32,HALAL,"Business activity permissible — debt ratio not verified, cross-check Musaffa/Zoya",
NTLA,MEDICAL,MEDICAL-BIOMED/BIOTECH,53,12.869999885559082,-0.022036471520936685,13.42;13.78;13.60;13.15;13.89;13.01;12.76;13.48;13.15;13.11;13.26;12.37;12.82;13.13;13.55;13.83;14.26;14.94;14.95;15.31;15.87;13.04;12.44;13.26;13.31;13.71;14.42;14.28;13.67;11.94;12.37;12.61;13.68;13.73;13.02;13.54;12.89;12.35;14.92;15.20;15.75;15.50;16.68;16.92;17.56;17.43;15.44;13.02;13.04;11.38;11.47;11.10;10.67;10.80;10.68;11.32;11.24;12.02;12.09;11.91;11.60;12.44;12.56;13.19;12.87,HALAL,"Business activity permissible — debt ratio not verified, cross-check Musaffa/Zoya",
EDIT,MEDICAL,MEDICAL-BIOMED/BIOTECH,57,3.1600000858306885,0.6719577300255215,2.13;2.20;2.04;1.89;2.32;2.66;2.44;2.46;2.35;2.40;2.32;2.23;2.47;2.67;2.74;2.89;3.20;3.37;3.49;3.30;3.21;2.89;2.82;2.90;3.04;3.03;3.06;2.90;2.62;2.46;2.67;3.08;3.43;3.34;2.78;2.71;2.65;2.44;2.46;2.55;2.80;2.80;2.85;3.24;3.65;3.75;3.30;3.16;3.04;2.98;2.89;2.73;2.68;2.60;2.58;2.77;2.90;2.81;2.84;2.82;2.88;2.94;3.00;3.18;3.16,HALAL,"Business activity permissible — debt ratio not verified, cross-check Musaffa/Zoya",
ARWR,MEDICAL,MEDICAL-BIOMED/BIOTECH,97,84.91000366210938,0.3447894279839041,61.62;63.27;64.10;63.60;60.67;58.10;55.05;57.57;56.96;56.67;60.77;57.78;62.70;61.03;61.18;66.23;63.79;70.95;69.51;71.05;74.40;73.60;70.53;74.81;74.93;77.95;77.74;77.88;76.67;73.18;75.54;78.68;79.05;75.20;72.55;73.09;73.33;74.41;77.15;81.04;82.00;79.81;78.89;81.51;83.99;86.97;84.00;74.11;71.82;74.30;74.52;86.78;85.53;86.22;84.65;89.59;85.83;88.33;87.25;86.64;87.90;87.47;86.73;89.12;84.91,HALAL,"Business activity permissible — debt ratio not verified, cross-check Musaffa/Zoya",
IONS,MEDICAL,MEDICAL-BIOMED/BIOTECH,15,61.04999923706055,-0.27836879032881334,80.93;81.15;78.66;75.16;75.36;74.79;71.19;72.33;71.32;70.79;72.70;72.15;75.09;74.79;73.89;76.43;74.95;76.82;75.71;74.78;74.09;72.23;74.83;75.28;75.25;76.02;75.38;77.60;74.23;73.84;75.78;76.07;77.33;75.38;73.82;74.48;74.58;73.82;73.96;74.31;75.89;76.52;81.18;79.29;81.80;86.33;64.27;56.75;54.73;54.39;53.39;55.87;55.96;54.04;51.77;55.07;54.49;56.94;56.53;57.24;59.62;58.76;62.04;63.36;61.05,HALAL,"Business activity permissible — debt ratio not verified, cross-check Musaffa/Zoya",
SRPT,MEDICAL,MEDICAL-BIOMED/BIOTECH,60,20.860000610351562,0.151214108400344,18.97;16.76;15.87;16.23;17.64;17.58;16.40;16.84;16.65;17.71;23.77;19.97;21.76;23.23;23.08;22.23;21.79;21.73;21.55;20.68;20.42;20.98;20.67;21.49;21.79;20.80;19.40;18.84;17.55;16.64;16.96;16.67;17.30;17.61;16.24;15.75;15.89;15.00;15.77;16.96;17.65;16.70;16.85;17.97;19.28;19.79;20.52;18.82;17.61;17.22;16.21;15.88;15.89;15.54;14.86;16.39;16.78;17.18;18.38;18.10;18.02;19.22;18.13;19.46;20.86,HALAL,"Business activity permissible — debt ratio not verified, cross-check Musaffa/Zoya",
BLUE,MEDICAL,MEDICAL-BIOMED/BIOTECH,,,,,HALAL,"Business activity permissible — debt ratio not verified, cross-check Musaffa/Zoya",
RXRX,MEDICAL,MEDICAL-BIOMED/BIOTECH,13,3.3399999141693115,-0.02052790906142299,3.77;3.67;3.54;3.54;3.51;3.45;3.42;3.42;3.37;3.23;3.17;2.94;3.07;3.11;3.19;3.31;3.42;3.75;3.78;3.56;3.50;3.48;3.30;3.39;3.37;3.27;3.26;3.05;2.93;2.85;3.11;2.97;3.44;3.79;3.47;3.32;3.22;3.15;3.29;3.11;3.18;3.23;3.52;3.67;3.80;3.84;3.76;3.30;3.31;2.94;3.08;3.01;3.01;2.97;3.00;3.31;3.18;3.29;3.29;3.16;3.09;3.34;3.25;3.49;3.34,HALAL,"Business activity permissible — debt ratio not verified, cross-check Musaffa/Zoya",
MRUS,MEDICAL,MEDICAL-BIOMED/BIOTECH,,,,,HALAL,"Business activity permissible — debt ratio not verified, cross-check Musaffa/Zoya",
JNJ,MEDICAL,MEDICAL-ETHICAL DRUGS,77,268.0400085449219,0.10783958204704369,242.57;245.80;244.13;237.09;240.02;240.41;238.96;235.59;235.08;232.93;237.39;237.90;241.85;240.46;235.88;238.75;235.44;236.14;231.70;223.76;228.21;222.95;224.94;224.78;223.16;220.15;219.08;227.98;224.31;227.56;229.27;229.05;229.67;222.41;222.14;231.63;235.84;237.16;234.50;233.05;230.15;239.82;253.41;252.72;261.75;265.93;257.83;256.50;245.81;251.80;249.38;258.00;264.64;264.23;255.09;253.68;255.72;260.53;259.58;259.07;269.78;266.06;271.70;270.00;268.04,HALAL,"Business activity permissible — debt ratio not verified, cross-check Musaffa/Zoya",
PFE,MEDICAL,MEDICAL-ETHICAL DRUGS,53,27.959999084472656,0.0686892632870324,26.19;26.73;25.70;25.73;25.92;26.39;25.70;26.54;26.50;25.88;26.38;26.14;27.15;27.38;26.20;26.32;26.43;26.29;26.65;26.40;25.79;25.90;25.39;25.46;25.57;25.60;25.37;25.51;24.89;25.22;25.50;25.41;25.69;25.19;24.90;25.59;25.26;25.72;25.55;25.47;24.65;23.63;23.87;23.67;23.90;23.66;23.83;24.06;24.39;24.62;24.51;24.58;24.67;25.15;25.01;25.41;26.20;27.05;26.31;26.79;27.25;27.79;27.97;28.30;27.96,HALAL,"Business activity permissible — debt ratio not verified, cross-check Musaffa/Zoya",
LLY,MEDICAL,MEDICAL-ETHICAL DRUGS,71,1174.6099853515625,0.11313302872114006,1025.59;1048.68;1004.56;980.17;1005.22;996.69;981.98;927.42;914.61;907.68;913.43;875.48;916.88;932.64;928.16;952.18;926.62;902.18;924.11;900.18;914.76;865.54;848.53;960.30;985.76;971.89;963.95;1012.55;1003.48;1019.95;1040.16;1063.22;1125.19;1080.65;1077.24;1129.80;1143.04;1159.29;1127.73;1110.41;1100.50;1115.66;1206.39;1197.71;1212.17;1233.79;1215.21;1180.18;1154.97;1177.42;1173.73;1184.17;1195.82;1208.29;1147.20;1114.08;1190.23;1230.18;1218.53;1180.16;1225.73;1244.40;1246.93;1189.41;1174.61,HALAL,"Business activity permissible — debt ratio not verified, cross-check Musaffa/Zoya",
MRK,MEDICAL,MEDICAL-ETHICAL DRUGS,88,148.35000610351562,0.21566398076297522,120.69;122.03;118.10;114.39;115.42;114.53;113.94;115.04;113.38;114.85;118.52;118.78;119.43;120.01;118.43;121.80;119.29;117.06;118.22;111.76;113.80;109.44;110.16;111.36;112.34;111.50;110.49;112.64;110.58;113.42;115.05;118.87;119.03;114.35;113.88;119.93;118.75;119.90;114.90;115.44;115.48;120.60;128.66;128.50;129.56;128.86;125.07;124.03;123.61;127.50;126.26;130.48;130.76;130.36;130.20;128.00;128.37;130.92;132.92;135.84;135.17;148.99;150.66;153.10;148.35,HALAL,"Business activity permissible — debt ratio not verified, cross-check Musaffa/Zoya",
ABBV,MEDICAL,MEDICAL-ETHICAL DRUGS,63,255.47999572753906,0.13052581072682834,223.46;228.54;230.30;228.81;223.98;224.21;216.33;216.41;203.09;201.81;204.02;206.21;214.18;205.66;203.23;209.16;203.32;206.95;206.91;203.67;199.53;195.99;202.45;205.14;204.65;201.28;201.35;207.03;208.90;212.25;212.98;211.61;217.08;211.43;215.60;225.62;223.83;223.18;220.02;219.67;228.38;233.23;251.56;249.86;259.22;252.85;248.14;246.25;244.11;254.49;256.10;256.92;256.91;263.30;250.94;243.80;243.87;247.97;248.76;249.46;258.92;261.83;264.52;262.90;255.48,HALAL,"Business activity permissible — debt ratio not verified, cross-check Musaffa/Zoya",
BMY,MEDICAL,MEDICAL-ETHICAL DRUGS,76,66.58000183105469,0.11062581573837127,60.00;61.04;59.92;59.45;59.34;58.71;57.82;58.44;56.87;55.79;57.69;57.30;59.36;58.93;57.03;58.81;57.41;57.24;59.50;58.73;58.36;57.14;56.95;57.57;56.31;55.62;55.05;55.76;56.36;57.66;58.89;57.38;56.27;54.34;54.11;56.63;55.85;56.26;55.61;54.66;54.09;54.39;56.88;56.98;58.13;57.97;57.94;59.34;58.72;60.74;60.93;61.51;62.56;63.10;65.31;65.89;64.15;64.84;63.70;63.83;66.05;65.47;67.28;67.57;66.58,HALAL,"Business activity permissible — debt ratio not verified, cross-check Musaffa/Zoya",
AZN,MEDICAL,MEDICAL-ETHICAL DRUGS,14,162.6999969482422,-0.20610912945236626,205.79;208.45;201.76;197.52;194.95;193.31;189.90;191.29;188.93;184.07;187.14;188.42;197.22;203.49;200.81;204.99;202.24;201.21;204.80;195.78;192.30;187.51;185.20;184.74;181.24;182.52;181.86;187.72;181.58;184.64;189.75;187.19;185.33;179.71;176.28;185.95;183.43;182.28;177.27;177.89;176.43;183.02;188.41;189.62;195.15;193.12;178.49;169.47;168.37;168.90;169.34;168.27;169.64;173.30;169.64;155.62;161.07;161.91;158.50;156.45;160.10;164.49;166.71;166.27;162.70,HALAL,"Business activity permissible — debt ratio not verified, cross-check Musaffa/Zoya",
NVS,MEDICAL,MEDICAL-ETHICAL DRUGS,49,153.80999755859375,-0.03769591372946235,161.92;163.64;159.33;156.25;157.98;155.80;153.44;154.85;148.19;148.09;150.75;148.18;152.75;154.03;151.22;155.06;154.47;152.08;151.97;147.97;147.48;144.19;142.94;146.57;145.50;145.39;145.23;149.75;148.08;150.44;151.76;150.80;151.40;145.68;143.66;149.16;149.12;153.92;151.56;150.88;148.93;153.12;155.41;156.72;159.90;157.03;154.62;153.37;150.80;153.76;153.87;156.14;156.11;158.83;156.15;153.27;154.21;156.79;152.32;150.88;154.55;156.24;158.02;157.54;153.81,HALAL,"Business activity permissible — debt ratio not verified, cross-check Musaffa/Zoya",
SNY,MEDICAL,MEDICAL-ETHICAL DRUGS,25,44.81999969482422,0.0018310308309643641,45.09;46.10;44.03;42.63;42.02;41.63;41.31;41.74;42.96;42.42;43.61;44.32;45.65;45.37;44.37;44.61;44.49;45.50;45.53;44.65;45.03;43.49;43.61;43.66;43.36;43.18;42.50;42.42;42.69;43.55;44.92;44.15;44.29;42.96;42.37;45.02;44.73;44.11;43.80;42.50;41.78;41.33;42.95;42.66;43.16;42.98;43.90;44.00;43.68;44.66;43.75;43.36;44.00;44.85;43.08;42.68;42.89;43.48;43.71;43.72;44.97;45.15;45.69;45.42;44.82,HALAL,"Business activity permissible — debt ratio not verified, cross-check Musaffa/Zoya",
GSK,MEDICAL,MEDICAL-ETHICAL DRUGS,41,50.81999969482422,-0.12677094382802112,58.47;58.07;56.05;54.28;54.52;54.16;52.43;52.45;51.43;51.06;53.72;52.87;54.20;55.67;54.84;57.31;57.88;56.77;57.30;55.11;54.63;53.25;50.48;50.68;49.48;49.59;48.92;50.08;49.22;50.59;51.07;51.04;50.78;48.87;49.27;51.06;50.79;52.39;51.76;51.68;50.29;50.63;52.03;51.95;53.18;52.84;52.00;51.82;50.99;51.30;50.33;50.29;51.51;52.74;51.23;51.07;51.70;51.69;49.85;49.52;51.15;51.96;51.78;51.43;50.82,HALAL,"Business activity permissible — debt ratio not verified, cross-check Musaffa/Zoya",
TAK,MEDICAL,MEDICAL-ETHICAL DRUGS,56,18.030000686645508,-0.04095737136505495,18.61;18.75;18.08;17.76;18.07;18.12;17.77;18.39;18.11;17.86;18.29;17.91;18.52;18.74;18.29;18.46;17.82;17.85;17.82;17.06;16.65;16.36;16.30;16.62;16.55;16.64;16.36;16.64;16.61;16.58;16.48;15.87;16.15;15.19;15.03;15.60;15.72;15.87;15.77;15.42;15.47;15.72;15.91;16.03;16.77;16.96;16.61;16.49;16.45;17.15;17.23;16.82;17.44;17.75;17.09;16.56;17.02;17.55;17.41;17.63;18.05;18.13;18.24;18.23;18.03,HALAL,"Business activity permissible — debt ratio not verified, cross-check Musaffa/Zoya",
VTRS,MEDICAL,MEDICAL-ETHICAL DRUGS,74,16.34000015258789,0.04860123012750561,15.71;14.59;14.55;14.20;14.01;13.76;13.31;13.60;13.30;13.09;13.30;12.86;13.31;13.24;12.97;13.41;13.63;13.66;14.46;14.51;14.53;14.59;14.75;14.82;15.29;17.13;16.67;17.12;16.24;15.93;16.22;16.14;15.99;15.69;15.44;15.76;16.08;16.19;16.20;15.61;15.27;15.81;16.21;15.76;16.58;16.83;16.22;16.27;16.56;17.16;17.46;17.15;17.51;17.69;17.43;17.57;16.17;16.16;15.98;16.11;16.05;16.00;16.54;16.85;16.34,HALAL,"Business activity permissible — debt ratio not verified, cross-check Musaffa/Zoya",
ZTS,MEDICAL,MEDICAL-ETHICAL DRUGS,5,77.33999633789062,-0.3781869038491029,127.50;129.63;124.52;120.86;120.99;118.45;114.32;120.31;114.69;113.94;115.40;112.08;116.88;116.62;115.49;118.64;118.73;119.40;121.01;117.36;115.26;117.05;113.04;113.37;111.76;86.71;76.14;73.83;73.71;78.37;79.52;79.67;77.73;77.02;77.05;78.89;81.63;80.84;79.40;76.73;75.36;77.63;75.56;71.36;74.28;75.76;74.56;74.87;74.01;76.03;75.35;74.57;76.92;77.93;77.29;76.04;77.27;74.83;73.54;73.79;73.96;75.02;77.17;77.52;77.34,HALAL,"Business activity permissible — debt ratio not verified, cross-check Musaffa/Zoya",
TEVA,MEDICAL,MEDICAL-GENERIC DRUGS,84,36.439998626708984,0.07460922414277027,33.62;33.86;32.28;31.75;31.50;30.47;28.57;30.09;29.44;28.77;29.46;28.74;30.12;30.08;29.33;30.96;31.15;31.61;32.40;31.29;31.21;31.26;35.38;34.95;35.86;36.01;35.84;36.25;34.29;34.07;34.16;34.61;34.52;34.64;32.83;34.19;34.45;34.56;33.69;32.56;32.20;34.22;33.21;33.88;34.64;34.65;33.10;32.18;31.56;32.03;31.35;31.18;31.08;34.71;35.01;34.43;34.81;36.14;36.74;36.77;36.58;36.81;36.93;37.92;36.44,HALAL,"Business activity permissible — debt ratio not verified, cross-check Musaffa/Zoya",
VTRS,MEDICAL,MEDICAL-GENERIC DRUGS,74,16.34000015258789,0.04860123012750561,15.71;14.59;14.55;14.20;14.01;13.76;13.31;13.60;13.30;13.09;13.30;12.86;13.31;13.24;12.97;13.41;13.63;13.66;14.46;14.51;14.53;14.59;14.75;14.82;15.29;17.13;16.67;17.12;16.24;15.93;16.22;16.14;15.99;15.69;15.44;15.76;16.08;16.19;16.20;15.61;15.27;15.81;16.21;15.76;16.58;16.83;16.22;16.27;16.56;17.16;17.46;17.15;17.51;17.69;17.43;17.57;16.17;16.16;15.98;16.11;16.05;16.00;16.54;16.85;16.34,HALAL,"Business activity permissible — debt ratio not verified, cross-check Musaffa/Zoya",
PRGO,MEDICAL,MEDICAL-GENERIC DRUGS,50,14.479999542236328,0.04397390206198071,13.74;12.60;11.10;10.92;10.03;9.56;9.06;10.04;9.41;9.33;9.44;9.29;10.47;10.57;10.29;10.33;11.02;11.12;11.50;11.43;11.39;11.20;11.00;11.62;11.34;11.42;10.79;10.63;10.34;10.34;11.06;10.53;11.15;10.76;10.46;10.83;11.18;10.90;10.70;10.16;9.60;9.76;9.95;10.39;11.02;11.19;10.41;10.17;10.15;10.72;10.47;10.10;10.14;10.43;10.11;10.78;12.54;12.64;12.69;13.04;12.97;13.70;14.27;14.76;14.48,HALAL,"Business activity permissible — debt ratio not verified, cross-check Musaffa/Zoya",
AMRX,MEDICAL,MEDICAL-GENERIC DRUGS,89,17.540000915527344,0.21636621516823618,14.58;13.81;13.31;13.26;13.25;12.71;11.83;12.43;12.34;11.92;12.26;11.85;12.43;12.48;12.32;12.80;12.83;13.05;13.91;13.02;12.65;12.57;12.80;12.83;13.41;13.72;12.78;12.39;11.93;11.81;12.42;12.79;12.95;12.90;12.88;13.75;14.69;16.34;16.24;16.28;16.11;17.27;17.23;17.31;17.15;17.05;17.02;17.18;17.20;17.85;18.10;17.97;18.09;19.10;18.32;18.48;18.07;17.88;17.66;18.15;18.19;17.90;17.78;17.99;17.54,HALAL,"Business activity permissible — debt ratio not verified, cross-check Musaffa/Zoya",
HCA,MEDICAL,MEDICAL-HOSPITALS,25,417.82000732421875,-0.217717174478262,538.69;527.86;539.91;532.61;543.23;535.41;531.11;508.85;498.65;493.59;483.05;470.91;472.29;470.90;488.60;506.18;496.43;487.60;487.02;470.24;473.08;444.88;433.91;432.22;427.93;428.16;425.52;426.68;422.15;403.88;391.77;391.64;383.62;370.22;362.50;371.39;374.15;377.75;389.19;388.16;376.99;387.76;391.68;389.89;410.50;423.11;409.01;390.74;378.85;371.18;373.09;376.50;389.62;408.18;402.59;400.73;408.89;414.03;414.59;404.68;411.73;406.27;429.24;427.16;417.82,HALAL,"Business activity permissible — debt ratio not verified, cross-check Musaffa/Zoya",
UHS,MEDICAL,MEDICAL-HOSPITALS,18,171.66000366210938,-0.26025886149574484,230.19;205.62;204.57;196.69;190.27;185.98;192.15;193.19;186.96;187.83;186.46;183.79;178.72;176.46;180.36;187.62;182.95;179.90;182.16;178.30;180.93;179.26;167.74;166.77;165.17;170.33;168.00;170.77;168.41;166.22;162.23;156.41;149.91;144.49;145.78;144.97;146.59;146.05;145.97;141.26;142.64;145.41;145.69;148.69;158.33;161.26;155.20;152.77;148.02;151.16;149.91;151.27;159.31;168.16;168.44;167.87;169.72;172.74;172.45;170.02;173.09;172.87;176.40;178.69;171.66,HALAL,"Business activity permissible — debt ratio not verified, cross-check Musaffa/Zoya",
THC,MEDICAL,MEDICAL-HOSPITALS,87,266.79998779296875,0.1412926505404477,237.04;239.39;242.88;241.40;240.59;234.58;227.63;211.64;205.11;203.41;200.04;191.86;188.71;188.17;194.60;201.87;192.99;193.56;196.64;185.47;188.33;185.53;180.10;183.27;186.91;194.13;191.68;195.86;196.66;191.40;178.00;176.38;173.20;170.09;164.84;162.06;166.36;173.17;179.11;178.50;178.75;182.96;189.00;187.08;203.72;208.82;206.77;194.81;192.34;194.91;196.49;199.02;243.36;257.62;254.78;253.33;256.64;259.93;266.79;267.90;270.21;272.60;278.59;274.19;266.80,HALAL,"Business activity permissible — debt ratio not verified, cross-check Musaffa/Zoya",
CYH,MEDICAL,MEDICAL-HOSPITALS,30,2.930000066757202,-0.12012007991390006,3.64;3.46;3.45;3.41;3.51;3.22;3.20;3.11;3.00;2.98;2.94;2.86;2.94;2.96;3.03;3.15;3.06;3.15;3.16;3.10;2.49;2.81;2.87;2.98;2.82;2.90;2.81;2.91;2.82;2.80;2.77;2.85;2.80;2.75;2.80;2.74;2.87;3.05;3.07;3.00;3.03;3.16;3.28;3.34;3.90;3.82;3.70;3.48;3.22;3.30;3.21;2.78;2.72;2.71;2.79;2.96;2.95;2.94;2.91;3.00;2.98;2.98;3.01;2.92;2.93,HALAL,"Business activity permissible — debt ratio not verified, cross-check Musaffa/Zoya",
AMED,MEDICAL,MEDICAL-HOSPITALS,,,,,HALAL,"Business activity permissible — debt ratio not verified, cross-check Musaffa/Zoya",
EHC,MEDICAL,MEDICAL-HOSPITALS,52,120.8499984741211,0.14287211929872612,105.72;107.47;107.60;107.22;108.20;100.24;99.98;101.18;97.51;97.15;98.44;97.20;96.36;97.21;105.47;108.13;107.36;105.04;106.19;102.58;101.67;100.73;102.42;107.28;104.96;106.95;104.62;107.29;106.44;104.56;104.25;104.71;105.16;102.54;102.98;103.81;103.99;102.19;99.17;97.71;98.49;102.06;101.14;100.89;106.46;110.72;111.02;110.04;109.88;112.21;112.10;111.06;113.88;113.80;111.07;110.50;124.82;125.81;124.83;123.59;122.10;120.91;120.92;120.78;120.85,HALAL,"Business activity permissible — debt ratio not verified, cross-check Musaffa/Zoya",
ENSG,MEDICAL,MEDICAL-LONG-TERM CARE,24,172.97999572753906,-0.19172969400721984,213.68;214.01;212.97;207.15;209.82;210.28;209.56;210.23;202.34;202.28;203.74;200.51;201.42;196.54;200.31;201.48;200.22;197.84;200.03;191.66;189.26;189.86;186.32;183.64;175.88;174.23;169.34;177.93;177.60;175.82;171.61;172.35;170.87;164.93;166.61;170.23;155.19;147.07;150.65;155.78;156.72;164.00;162.98;160.30;168.22;170.87;168.92;168.39;167.38;171.28;170.87;167.52;178.07;181.89;178.16;176.13;181.66;183.94;181.62;181.65;182.49;179.85;179.37;180.63;172.98,HALAL,"Business activity permissible — debt ratio not verified, cross-check Musaffa/Zoya",
BKD,MEDICAL,MEDICAL-LONG-TERM CARE,38,11.720000267028809,-0.2409326045630723,15.12;15.30;14.99;14.73;14.45;14.49;13.94;14.55;14.14;13.89;13.82;13.82;13.68;13.95;13.75;13.77;13.60;14.07;13.74;13.12;13.64;13.95;14.09;14.32;14.03;13.56;12.81;12.86;13.04;13.25;13.38;13.48;13.03;12.19;12.25;12.34;12.86;12.94;13.61;13.62;13.99;14.69;15.71;16.09;15.87;15.42;15.28;14.40;14.32;15.01;15.19;14.50;15.47;14.86;14.60;14.23;14.36;13.69;12.98;12.64;12.22;11.81;12.12;12.20;11.72,HALAL,"Business activity permissible — debt ratio not verified, cross-check Musaffa/Zoya",
CSU,MEDICAL,MEDICAL-LONG-TERM CARE,,,,,HALAL,"Business activity permissible — debt ratio not verified, cross-check Musaffa/Zoya",
PNTG,MEDICAL,MEDICAL-LONG-TERM CARE,74,37.08000183105469,0.13882064702464758,33.09;33.71;33.02;33.30;34.44;34.03;32.89;33.03;32.06;31.37;31.11;29.84;30.48;29.66;30.55;31.67;31.32;30.54;30.74;28.90;30.11;30.89;30.71;31.30;31.46;35.73;34.13;35.59;35.55;34.98;34.59;33.92;34.36;32.00;30.35;31.71;32.77;32.78;33.04;34.58;33.63;34.58;35.91;36.95;38.52;39.70;40.46;39.86;40.07;41.95;41.47;39.81;41.34;41.08;40.32;38.61;39.06;39.64;38.38;39.32;39.40;39.00;38.89;38.28;37.08,HALAL,"Business activity permissible — debt ratio not verified, cross-check Musaffa/Zoya",
UNH,MEDICAL,MEDICAL-MANAGED CARE,68,392.95001220703125,0.4105925027368451,280.41;289.35;285.35;284.92;283.55;283.63;280.49;285.94;278.85;268.01;269.01;257.55;269.05;275.69;305.98;305.17;311.22;312.27;322.79;344.05;352.55;352.68;368.63;366.69;361.80;367.64;382.26;398.88;391.61;387.03;380.31;374.72;380.36;377.70;374.86;397.20;410.65;403.25;411.04;399.53;406.68;405.80;427.89;415.63;425.36;428.19;431.68;429.09;418.52;426.09;436.35;423.56;417.64;420.57;414.40;407.55;403.97;408.74;405.59;401.73;393.93;384.85;398.76;401.01;392.95,HALAL,"Business activity permissible — debt ratio not verified, cross-check Musaffa/Zoya",
ELV,MEDICAL,MEDICAL-MANAGED CARE,58,394.42999267578125,0.18640022353523467,327.15;316.75;281.15;283.57;277.89;288.62;290.45;294.55;289.97;288.07;294.89;285.23;291.56;299.52;310.57;315.59;314.79;309.92;321.74;326.78;344.89;354.69;375.10;371.17;367.57;371.41;380.20;398.02;391.09;400.64;388.24;386.28;391.16;401.03;389.68;413.85;422.71;399.18;401.89;391.27;394.82;384.00;395.18;386.73;417.89;418.85;420.39;425.17;390.33;373.11;393.44;379.31;378.36;375.98;375.84;378.00;391.40;397.70;399.14;400.32;398.27;396.28;402.63;402.54;394.43,HALAL,"Business activity permissible — debt ratio not verified, cross-check Musaffa/Zoya",
CI,MEDICAL,MEDICAL-MANAGED CARE,27,278.8800048828125,-0.004020390555962261,281.25;286.57;280.75;279.65;268.11;259.37;265.65;261.95;263.05;259.98;268.80;260.45;265.21;268.46;272.67;276.85;273.53;267.08;277.03;275.10;278.11;280.95;290.64;281.27;274.07;282.40;287.40;298.98;283.63;289.60;280.39;279.21;282.69;272.61;269.17;289.48;295.00;294.84;293.83;285.09;282.08;279.46;282.79;275.68;287.77;286.62;291.80;304.50;297.81;281.45;290.49;286.29;291.02;296.47;279.05;274.05;275.25;278.40;277.41;282.56;278.50;274.41;280.45;280.87;278.88,HALAL,"Business activity permissible — debt ratio not verified, cross-check Musaffa/Zoya",
HUM,MEDICAL,MEDICAL-MANAGED CARE,92,385.5400085449219,1.1440288794646212,174.76;189.13;180.24;179.41;177.21;169.69;164.21;169.51;165.22;168.88;172.95;168.69;172.98;177.41;196.69;196.86;197.76;197.90;204.66;216.85;214.44;223.09;242.55;233.08;238.97;246.54;273.61;304.13;304.40;309.82;302.97;300.98;307.97;327.54;326.77;349.26;362.33;367.82;379.36;361.15;359.87;360.79;383.84;397.22;396.75;394.62;397.76;406.00;407.78;400.00;404.34;394.50;381.15;365.41;363.86;362.16;367.24;385.70;388.83;389.05;382.00;380.73;386.61;391.06;385.54,HALAL,"Business activity permissible — debt ratio not verified, cross-check Musaffa/Zoya",
CNC,MEDICAL,MEDICAL-MANAGED CARE,92,64.75,0.494000917674978,42.69;44.88;43.82;43.27;43.32;35.86;34.45;34.94;35.57;32.81;32.73;32.00;32.74;35.11;36.31;37.55;37.47;37.60;38.17;39.14;41.09;43.50;53.98;53.34;52.98;54.98;56.36;58.81;58.27;59.15;57.77;57.21;58.91;62.00;59.55;62.33;66.21;63.54;63.40;60.64;63.68;62.97;65.73;64.19;67.86;66.12;67.60;68.29;66.61;66.44;67.59;63.74;64.08;61.82;62.22;64.07;64.20;66.57;67.07;67.47;65.22;64.14;65.65;65.47;64.75,HALAL,"Business activity permissible — debt ratio not verified, cross-check Musaffa/Zoya",
MOH,MEDICAL,MEDICAL-MANAGED CARE,72,200.0,0.28032770887939185,145.55;154.05;144.81;147.71;146.03;146.80;149.20;143.96;142.21;135.24;139.84;134.03;133.30;139.38;141.53;145.05;149.98;146.80;148.97;151.00;174.70;179.22;196.49;192.70;192.17;191.85;185.19;191.97;184.99;184.38;181.26;176.20;178.02;183.25;184.82;190.86;203.06;193.20;201.87;195.53;197.42;201.42;229.74;228.70;229.87;232.90;232.09;242.88;233.36;225.37;226.54;200.29;199.48;199.02;195.62;191.36;191.88;198.84;206.06;212.43;203.61;196.94;198.50;202.43;200.00,HALAL,"Business activity permissible — debt ratio not verified, cross-check Musaffa/Zoya",
BKD,MEDICAL,MEDICAL-NURSING HOMES,38,11.720000267028809,-0.2409326045630723,15.12;15.30;14.99;14.73;14.45;14.49;13.94;14.55;14.14;13.89;13.82;13.82;13.68;13.95;13.75;13.77;13.60;14.07;13.74;13.12;13.64;13.95;14.09;14.32;14.03;13.56;12.81;12.86;13.04;13.25;13.38;13.48;13.03;12.19;12.25;12.34;12.86;12.94;13.61;13.62;13.99;14.69;15.71;16.09;15.87;15.42;15.28;14.40;14.32;15.01;15.19;14.50;15.47;14.86;14.60;14.23;14.36;13.69;12.98;12.64;12.22;11.81;12.12;12.20;11.72,HALAL,"Business activity permissible — debt ratio not verified, cross-check Musaffa/Zoya",
ENSG,MEDICAL,MEDICAL-NURSING HOMES,24,172.97999572753906,-0.19172969400721984,213.68;214.01;212.97;207.15;209.82;210.28;209.56;210.23;202.34;202.28;203.74;200.51;201.42;196.54;200.31;201.48;200.22;197.84;200.03;191.66;189.26;189.86;186.32;183.64;175.88;174.23;169.34;177.93;177.60;175.82;171.61;172.35;170.87;164.93;166.61;170.23;155.19;147.07;150.65;155.78;156.72;164.00;162.98;160.30;168.22;170.87;168.92;168.39;167.38;171.28;170.87;167.52;178.07;181.89;178.16;176.13;181.66;183.94;181.62;181.65;182.49;179.85;179.37;180.63;172.98,HALAL,"Business activity permissible — debt ratio not verified, cross-check Musaffa/Zoya",
PNTG,MEDICAL,MEDICAL-NURSING HOMES,74,37.08000183105469,0.13882064702464758,33.09;33.71;33.02;33.30;34.44;34.03;32.89;33.03;32.06;31.37;31.11;29.84;30.48;29.66;30.55;31.67;31.32;30.54;30.74;28.90;30.11;30.89;30.71;31.30;31.46;35.73;34.13;35.59;35.55;34.98;34.59;33.92;34.36;32.00;30.35;31.71;32.77;32.78;33.04;34.58;33.63;34.58;35.91;36.95;38.52;39.70;40.46;39.86;40.07;41.95;41.47;39.81;41.34;41.08;40.32;38.61;39.06;39.64;38.38;39.32;39.40;39.00;38.89;38.28;37.08,HALAL,"Business activity permissible — debt ratio not verified, cross-check Musaffa/Zoya",
NHC,MEDICAL,MEDICAL-NURSING HOMES,92,222.6999969482422,0.42754104376844526,159.18;162.33;169.29;166.88;159.37;155.22;160.28;161.50;156.60;160.59;160.26;159.87;159.18;162.22;165.88;176.24;169.05;158.68;167.44;160.09;170.03;175.81;174.50;174.29;166.51;170.86;189.13;194.08;193.02;195.36;195.36;189.38;184.24;178.82;185.83;191.51;191.50;195.31;194.95;190.48;200.75;202.15;205.87;211.36;218.44;216.40;214.18;207.87;216.17;228.16;222.85;221.51;226.09;228.66;226.03;208.20;219.45;221.04;221.64;223.59;234.17;236.75;228.38;225.09;222.70,HALAL,"Business activity permissible — debt ratio not verified, cross-check Musaffa/Zoya",
AMED,MEDICAL,MEDICAL-OUTPATIENT/HOME CARE,,,,,HALAL,"Business activity permissible — debt ratio not verified, cross-check Musaffa/Zoya",
EHC,MEDICAL,MEDICAL-OUTPATIENT/HOME CARE,52,120.8499984741211,0.14287211929872612,105.72;107.47;107.60;107.22;108.20;100.24;99.98;101.18;97.51;97.15;98.44;97.20;96.36;97.21;105.47;108.13;107.36;105.04;106.19;102.58;101.67;100.73;102.42;107.28;104.96;106.95;104.62;107.29;106.44;104.56;104.25;104.71;105.16;102.54;102.98;103.81;103.99;102.19;99.17;97.71;98.49;102.06;101.14;100.89;106.46;110.72;111.02;110.04;109.88;112.21;112.10;111.06;113.88;113.80;111.07;110.50;124.82;125.81;124.83;123.59;122.10;120.91;120.92;120.78;120.85,HALAL,"Business activity permissible — debt ratio not verified, cross-check Musaffa/Zoya",
DVA,MEDICAL,MEDICAL-OUTPATIENT/HOME CARE,64,180.67999267578125,0.19434157941378727,149.51;156.30;152.27;149.94;152.56;154.81;150.72;149.98;149.76;152.21;155.11;154.43;153.69;145.58;149.70;150.68;151.56;144.57;147.91;149.90;155.03;150.05;151.99;151.65;157.04;196.26;198.93;198.10;199.74;194.61;198.66;195.57;197.10;189.81;195.03;192.16;198.19;203.83;209.75;210.58;209.68;213.04;217.04;222.48;234.91;234.31;229.48;235.58;231.61;236.97;237.28;234.27;236.31;240.96;240.09;227.99;180.67;183.69;181.50;180.06;177.91;175.24;176.50;180.05;180.68,HALAL,"Business activity permissible — debt ratio not verified, cross-check Musaffa/Zoya",
FMS,MEDICAL,MEDICAL-OUTPATIENT/HOME CARE,34,23.100000381469727,-0.02271864587532746,21.77;22.55;22.46;22.16;22.50;21.87;21.91;22.26;21.25;21.05;21.40;21.21;21.69;21.54;21.87;22.69;22.80;21.95;22.50;22.06;21.86;21.74;21.30;21.62;19.41;20.81;20.92;20.56;20.76;21.24;21.63;21.58;21.63;21.04;20.90;22.03;22.35;22.37;23.45;23.57;23.39;23.85;23.24;22.61;23.53;24.20;23.91;24.45;24.06;24.11;24.68;24.44;24.87;24.86;25.66;24.01;24.10;24.35;23.72;23.77;23.56;23.43;23.53;23.40;23.10,HALAL,"Business activity permissible — debt ratio not verified, cross-check Musaffa/Zoya",
ADUS,MEDICAL,MEDICAL-OUTPATIENT/HOME CARE,50,115.55000305175781,-0.01768251509161467,107.60;103.53;103.36;104.62;102.86;103.05;101.35;101.52;100.02;99.78;99.32;95.19;93.65;91.59;93.15;92.77;95.09;93.32;94.32;91.65;94.46;98.14;96.96;99.56;98.44;97.29;97.79;94.51;90.98;92.59;93.26;93.18;93.53;89.45;88.49;92.10;92.70;93.04;94.83;93.87;95.03;97.20;96.95;100.47;105.17;105.97;109.72;108.86;110.17;114.52;113.31;111.92;115.65;119.13;115.48;113.66;118.78;119.34;118.06;116.06;118.13;120.55;120.82;120.71;115.55,HALAL,"Business activity permissible — debt ratio not verified, cross-check Musaffa/Zoya",
MDT,MEDICAL,MEDICAL-PRODUCTS,44,91.2300033569336,-0.0588711458433846,95.01;96.00;95.07;91.43;89.79;87.46;85.66;86.94;85.40;85.69;86.40;86.36;85.88;85.86;85.65;87.12;87.21;86.32;85.42;81.27;83.04;82.18;78.66;79.28;77.09;77.26;73.87;75.53;75.47;77.88;77.45;76.91;74.89;73.32;77.25;80.94;81.25;79.61;79.66;77.44;78.56;79.41;80.98;78.23;83.19;83.83;82.39;83.57;80.47;83.20;82.35;82.01;84.22;87.54;85.39;86.20;85.92;89.41;90.76;91.27;92.09;92.30;92.90;92.02;91.23,HALAL,"Business activity permissible — debt ratio not verified, cross-check Musaffa/Zoya",
ABT,MEDICAL,MEDICAL-PRODUCTS,46,112.47000122070312,-0.01133834417641899,113.24;114.81;112.10;109.57;111.15;108.79;106.60;109.24;105.77;103.46;103.44;102.61;101.31;101.50;100.48;101.36;99.35;100.84;96.12;92.06;91.83;92.14;90.68;88.83;86.55;86.39;81.98;83.24;83.87;88.19;87.15;86.06;85.69;87.16;86.37;90.43;90.60;89.02;88.04;87.87;87.21;89.85;93.45;90.10;94.72;95.16;93.73;91.46;89.27;100.68;99.67;100.75;104.49;108.00;105.70;105.46;107.96;108.62;110.91;111.25;112.68;114.14;116.67;114.10;112.47,HALAL,"Business activity permissible — debt ratio not verified, cross-check Musaffa/Zoya",
BSX,MEDICAL,MEDICAL-PRODUCTS,3,46.84000015258789,-0.3701761675040329,73.48;76.85;73.85;72.99;71.90;69.63;69.13;71.20;69.89;69.54;69.78;69.17;62.75;62.82;61.86;61.28;63.18;64.61;64.23;59.52;65.69;59.95;57.15;56.50;55.98;56.57;53.37;53.06;52.68;56.81;57.15;57.64;49.11;47.98;47.69;48.55;48.96;47.17;46.76;44.95;44.33;44.46;44.23;42.68;45.14;45.30;44.99;44.65;43.04;44.03;43.19;43.58;45.51;46.04;46.73;49.09;49.30;50.46;51.42;51.83;50.47;49.37;49.01;48.17;46.84,HALAL,"Business activity permissible — debt ratio not verified, cross-check Musaffa/Zoya",
EW,MEDICAL,MEDICAL-PRODUCTS,46,90.20999908447266,0.09425032039013925,83.40;86.47;85.28;83.89;84.26;85.09;81.81;84.27;82.46;82.02;82.67;79.34;80.08;81.05;80.84;79.15;78.12;78.20;80.99;79.71;79.72;83.46;81.22;83.98;82.91;82.76;77.17;81.39;81.38;82.16;83.20;87.54;85.96;88.16;86.00;85.96;87.54;85.76;86.28;86.68;85.88;89.66;90.78;90.46;94.37;94.82;91.33;91.79;87.27;85.73;84.55;83.82;83.04;85.76;86.07;89.60;89.32;92.03;93.05;91.60;90.98;89.83;90.50;90.78;90.21,HALAL,"Business activity permissible — debt ratio not verified, cross-check Musaffa/Zoya",
BDX,MEDICAL,MEDICAL-PRODUCTS,72,189.52000427246094,0.04196043256299431,178.55;174.13;171.89;167.68;163.26;162.03;158.24;160.51;155.43;155.14;157.16;153.43;156.13;153.43;153.88;154.37;154.34;154.43;157.43;155.59;153.77;149.17;144.29;148.26;143.16;152.19;142.15;143.17;142.47;145.92;145.23;146.72;147.37;144.31;144.59;150.10;152.04;147.35;145.52;141.61;140.71;147.77;155.92;151.33;158.08;156.30;150.85;153.83;154.88;158.17;153.84;152.97;158.92;168.40;165.62;170.12;177.07;179.63;183.58;183.40;180.77;187.62;190.74;190.21;189.52,HALAL,"Business activity permissible — debt ratio not verified, cross-check Musaffa/Zoya",
SYK,MEDICAL,MEDICAL-PRODUCTS,23,330.69000244140625,-0.13583562897533918,381.97;385.39;382.53;368.52;363.96;343.93;334.97;347.24;337.94;330.81;325.90;325.69;327.72;330.66;331.19;338.24;346.32;340.33;342.41;326.43;328.77;328.13;314.29;293.95;294.46;293.45;281.83;301.29;305.94;316.90;312.67;312.17;306.81;298.66;294.21;304.85;313.17;304.83;307.12;300.34;303.88;312.84;331.82;314.84;326.54;329.74;327.11;331.45;316.44;319.87;314.58;318.97;336.74;352.25;325.70;335.96;337.43;345.81;347.21;339.21;331.37;327.70;327.81;329.67;330.69,HALAL,"Business activity permissible — debt ratio not verified, cross-check Musaffa/Zoya",
ZBH,MEDICAL,MEDICAL-PRODUCTS,54,100.91000366210938,0.02003723395230539,99.32;97.91;97.45;92.95;92.78;93.23;92.70;92.02;89.36;87.33;87.17;88.10;90.18;90.65;91.16;92.78;95.09;93.95;94.53;92.44;92.20;92.34;79.86;82.68;82.79;83.15;79.37;82.50;83.48;85.85;85.08;84.19;82.60;82.72;84.75;87.10;89.39;86.91;88.03;86.93;86.86;90.32;93.10;86.09;87.47;89.41;89.23;94.08;90.14;91.12;88.92;89.65;92.07;97.15;93.93;95.81;97.19;97.78;97.89;100.65;99.15;98.97;100.98;101.38;100.91,HALAL,"Business activity permissible — debt ratio not verified, cross-check Musaffa/Zoya",
BAX,MEDICAL,MEDICAL-PRODUCTS,80,26.1299991607666,0.23031158583010725,20.71;20.36;19.02;18.59;17.90;18.04;17.39;17.61;16.65;16.60;17.11;15.96;16.79;16.67;16.61;17.29;17.62;17.59;18.70;18.48;18.40;18.48;16.89;17.20;16.74;17.48;17.52;17.30;17.29;18.32;19.02;19.37;19.24;18.40;18.54;19.38;20.03;20.49;20.81;19.39;19.66;21.04;22.04;21.32;22.65;22.86;22.46;22.57;22.15;22.61;22.21;21.67;23.34;24.77;26.16;28.35;27.01;27.78;26.95;26.73;25.94;26.41;26.49;26.50;26.13,HALAL,"Business activity permissible — debt ratio not verified, cross-check Musaffa/Zoya",
RMD,MEDICAL,MEDICAL-PRODUCTS,34,240.3300018310547,-0.07306114161620081,251.06;254.77;256.78;253.83;251.46;238.75;229.50;232.14;226.09;226.64;224.99;219.19;223.17;222.79;224.73;226.65;228.92;227.47;226.79;219.93;218.23;220.73;210.70;203.83;206.67;205.69;197.60;201.19;201.30;207.19;208.38;207.38;202.84;185.91;185.93;195.48;196.38;191.84;192.19;185.76;187.91;195.94;199.72;194.32;209.03;219.12;207.85;197.93;198.00;198.42;195.24;191.34;202.50;213.68;210.38;222.50;222.60;219.42;225.35;223.82;219.35;228.44;232.45;235.69;240.33,HALAL,"Business activity permissible — debt ratio not verified, cross-check Musaffa/Zoya",
STE,MEDICAL,MEDICAL-PRODUCTS,30,233.77999877929688,-0.05112849149555432,250.87;251.60;242.63;237.80;227.04;220.89;213.93;219.48;217.27;220.34;222.72;218.75;220.47;218.06;218.57;223.09;224.18;220.84;225.12;218.80;222.86;221.53;212.02;213.76;212.34;213.07;201.25;210.47;211.48;213.78;219.02;215.63;214.76;210.44;209.57;211.72;212.88;207.22;205.93;199.40;200.40;207.17;215.67;210.57;218.20;215.39;216.00;217.05;211.46;217.84;211.75;210.64;218.40;234.83;228.40;232.85;231.78;238.91;236.60;233.28;232.39;235.74;237.87;236.77;233.78,HALAL,"Business activity permissible — debt ratio not verified, cross-check Musaffa/Zoya",
TFX,MEDICAL,MEDICAL-PRODUCTS,64,139.6699981689453,0.24544881654705408,111.00;121.09;121.22;116.64;113.04;111.19;106.78;108.45;106.51;105.32;107.63;115.63;119.01;117.22;114.93;119.66;122.56;125.70;130.92;124.12;135.96;134.39;132.63;121.16;120.08;131.02;129.07;129.38;129.06;132.07;131.23;131.56;129.34;127.25;128.24;129.52;135.41;128.99;129.77;124.65;121.37;126.20;129.54;126.45;133.66;133.21;133.71;136.06;131.42;134.28;134.68;130.84;130.73;134.32;136.37;139.77;138.55;132.67;135.98;137.17;131.92;134.96;138.31;138.74;139.67,HALAL,"Business activity permissible — debt ratio not verified, cross-check Musaffa/Zoya",
PEN,MEDICAL,MEDICAL-PRODUCTS,46,321.67999267578125,-0.051650999117761276,338.67;344.39;340.16;340.62;339.61;336.11;336.18;338.00;337.35;335.56;336.27;335.10;328.37;330.36;329.96;329.52;331.48;332.42;332.13;327.00;333.00;327.98;324.82;325.33;323.86;324.65;321.71;322.59;322.32;326.55;327.89;328.20;318.95;318.95;319.37;320.53;321.06;318.32;318.21;316.16;316.20;316.36;316.63;315.75;318.57;318.31;317.95;318.94;316.73;318.32;317.39;317.90;319.49;320.13;321.19;324.22;324.86;325.98;326.58;327.02;324.75;323.76;323.75;323.05;321.68,HALAL,"Business activity permissible — debt ratio not verified, cross-check Musaffa/Zoya",
ICUI,MEDICAL,MEDICAL-PRODUCTS,78,175.10000610351562,0.15524178691213342,155.12;150.58;142.66;136.74;133.34;133.76;125.85;130.55;126.63;129.93;131.38;124.19;129.15;123.31;119.83;125.83;129.32;126.21;129.96;128.15;124.55;122.85;115.45;118.85;117.01;123.07;124.68;122.04;118.72;123.66;131.31;134.97;138.87;131.64;130.52;136.61;142.00;142.86;143.72;137.94;136.14;142.95;148.27;146.60;154.97;155.37;156.52;157.60;157.96;157.51;158.77;153.46;161.46;166.53;168.51;171.96;166.37;182.42;179.34;182.98;183.76;182.53;182.55;179.59;175.10,HALAL,"Business activity permissible — debt ratio not verified, cross-check Musaffa/Zoya",
GMED,MEDICAL,MEDICAL-PRODUCTS,40,82.97000122070312,-0.11167023698908485,96.22;95.46;91.70;89.29;87.81;87.17;84.77;88.16;86.30;87.21;87.35;83.78;86.16;87.92;90.00;91.40;92.98;94.55;95.25;93.83;94.38;93.70;87.79;91.34;90.03;85.07;76.68;75.57;76.64;79.93;84.61;85.10;82.45;79.78;77.95;80.00;82.52;80.52;77.32;75.42;79.19;82.12;86.25;79.01;80.12;78.83;76.64;79.75;78.56;77.00;76.09;75.42;78.25;81.42;78.79;81.51;81.08;86.15;85.67;85.90;86.44;85.67;84.08;83.10;82.97,HALAL,"Business activity permissible — debt ratio not verified, cross-check Musaffa/Zoya",
IQV,MEDICAL,MEDICAL-RESEARCH EQUIP/SVCS,89,261.75,0.6126548206342528,161.91;178.81;173.96;178.50;178.55;171.58;164.72;168.43;166.47;166.96;165.64;163.85;170.54;173.26;170.62;168.98;171.99;178.10;176.46;175.69;160.68;163.84;156.66;157.77;176.42;178.64;173.55;172.38;169.12;173.18;168.02;162.00;181.09;186.82;182.05;183.45;186.25;181.06;178.39;170.67;167.81;185.62;191.14;193.22;207.04;208.23;208.97;207.55;206.81;206.26;201.62;207.32;213.22;247.56;235.02;228.20;232.43;241.99;241.71;236.66;240.03;256.05;260.24;261.51;261.75,HALAL,"Business activity permissible — debt ratio not verified, cross-check Musaffa/Zoya",
CRL,MEDICAL,MEDICAL-RESEARCH EQUIP/SVCS,96,291.5,0.7826565091956317,167.56;178.49;175.69;181.32;176.99;168.91;155.46;153.71;153.05;158.00;165.89;159.16;172.50;173.89;169.54;175.55;178.34;180.56;183.88;183.10;167.74;171.23;163.84;165.78;185.39;181.68;168.46;162.85;150.85;152.43;158.86;156.73;181.34;182.07;179.87;181.34;189.85;188.06;188.47;182.34;181.56;202.10;215.75;226.79;230.69;228.68;233.60;229.75;228.22;224.35;219.40;229.29;224.30;234.80;232.51;234.12;265.51;277.00;284.37;280.05;279.19;291.45;298.58;295.10;291.50,HALAL,"Business activity permissible — debt ratio not verified, cross-check Musaffa/Zoya",
ICLR,MEDICAL,MEDICAL-RESEARCH EQUIP/SVCS,81,170.02000427246094,0.6244983596729434,101.00;108.14;108.70;110.60;110.03;105.38;98.33;100.49;98.05;100.35;99.99;102.08;110.66;114.19;107.16;106.70;110.37;116.50;119.68;115.18;106.34;103.21;116.17;112.85;121.32;125.00;118.96;117.38;116.38;113.55;116.57;113.85;136.80;138.03;143.90;149.45;151.82;149.92;147.72;143.27;140.73;158.17;169.86;173.71;173.06;168.72;168.77;166.10;172.08;170.00;166.62;170.32;168.78;178.18;163.57;156.85;161.17;166.05;167.17;163.15;167.05;174.27;173.48;168.93;170.02,HALAL,"Business activity permissible — debt ratio not verified, cross-check Musaffa/Zoya",
MEDP,MEDICAL,MEDICAL-RESEARCH EQUIP/SVCS,80,600.6500244140625,0.34989670071202883,438.08;451.76;465.38;469.38;478.54;477.72;450.41;455.15;460.92;456.93;466.80;451.20;480.19;498.34;508.52;501.50;501.23;518.54;520.60;514.90;393.42;421.37;413.59;417.54;430.32;428.71;417.29;423.76;415.27;419.91;430.10;429.11;448.12;451.47;450.82;454.25;466.79;475.07;467.50;457.09;455.66;512.79;527.07;529.59;557.60;546.29;535.50;530.19;529.23;537.73;531.67;605.82;589.37;584.93;577.11;575.08;585.01;602.43;596.98;578.50;590.30;612.64;620.03;619.05;600.65,HALAL,"Business activity permissible — debt ratio not verified, cross-check Musaffa/Zoya",
WST,MEDICAL,MEDICAL-RESEARCH EQUIP/SVCS,73,337.4700012207031,0.3837726372777379,247.53;253.98;251.03;244.01;247.71;237.92;235.13;239.08;239.99;241.06;246.67;243.01;250.29;254.44;258.99;258.18;259.59;266.13;273.35;274.33;309.26;301.78;295.17;300.48;309.77;321.80;322.09;302.20;302.69;303.73;315.92;315.96;321.59;316.09;316.10;314.29;334.44;330.12;331.21;323.38;329.49;340.19;350.62;358.77;365.50;355.85;357.43;359.47;358.77;358.01;359.01;355.25;331.03;337.46;340.96;348.76;348.60;352.13;352.29;349.42;346.59;353.77;353.32;349.92;337.47,HALAL,"Business activity permissible — debt ratio not verified, cross-check Musaffa/Zoya",
LH,MEDICAL,MEDICAL-SERVICES,75,335.1099853515625,0.1807714483630427,281.30;288.33;282.21;275.16;272.86;269.68;263.08;269.88;263.37;263.70;265.29;263.48;266.08;272.97;268.43;272.51;263.46;266.00;269.94;272.67;264.19;262.71;256.44;255.14;256.44;257.34;254.38;253.72;249.71;252.99;255.05;257.74;262.03;256.87;258.92;265.15;271.24;265.27;265.03;259.56;254.43;265.18;271.47;280.00;286.98;283.86;277.63;276.68;271.99;283.36;279.40;291.02;301.17;307.15;309.20;312.34;316.53;321.31;323.48;318.13;322.18;332.81;339.34;335.72;335.11,HALAL,"Business activity permissible — debt ratio not verified, cross-check Musaffa/Zoya",
DGX,MEDICAL,MEDICAL-SERVICES,77,242.75999450683594,0.18020651493692563,206.06;210.14;206.62;202.27;199.89;198.88;198.03;196.95;192.53;193.96;194.81;193.87;194.34;196.36;196.01;197.02;192.13;190.64;194.23;204.21;198.72;195.83;188.55;191.89;190.07;190.07;189.04;190.08;185.85;189.62;193.04;192.10;195.41;191.42;192.89;199.48;203.70;203.00;201.36;196.96;192.80;202.29;209.03;211.09;214.85;211.52;208.05;207.35;201.77;210.68;206.84;227.90;231.84;235.22;233.01;233.72;238.50;237.63;237.77;234.40;236.25;241.30;243.87;245.00;242.76,HALAL,"Business activity permissible — debt ratio not verified, cross-check Musaffa/Zoya",
EXAS,MEDICAL,MEDICAL-SERVICES,,,,,HALAL,"Business activity permissible — debt ratio not verified, cross-check Musaffa/Zoya",
DVA,MEDICAL,MEDICAL-SERVICES,64,180.67999267578125,0.19434157941378727,149.51;156.30;152.27;149.94;152.56;154.81;150.72;149.98;149.76;152.21;155.11;154.43;153.69;145.58;149.70;150.68;151.56;144.57;147.91;149.90;155.03;150.05;151.99;151.65;157.04;196.26;198.93;198.10;199.74;194.61;198.66;195.57;197.10;189.81;195.03;192.16;198.19;203.83;209.75;210.58;209.68;213.04;217.04;222.48;234.91;234.31;229.48;235.58;231.61;236.97;237.28;234.27;236.31;240.96;240.09;227.99;180.67;183.69;181.50;180.06;177.91;175.24;176.50;180.05;180.68,HALAL,"Business activity permissible — debt ratio not verified, cross-check Musaffa/Zoya",
FMS,MEDICAL,MEDICAL-SERVICES,34,23.100000381469727,-0.02271864587532746,21.77;22.55;22.46;22.16;22.50;21.87;21.91;22.26;21.25;21.05;21.40;21.21;21.69;21.54;21.87;22.69;22.80;21.95;22.50;22.06;21.86;21.74;21.30;21.62;19.41;20.81;20.92;20.56;20.76;21.24;21.63;21.58;21.63;21.04;20.90;22.03;22.35;22.37;23.45;23.57;23.39;23.85;23.24;22.61;23.53;24.20;23.91;24.45;24.06;24.11;24.68;24.44;24.87;24.86;25.66;24.01;24.10;24.35;23.72;23.77;23.56;23.43;23.53;23.40;23.10,HALAL,"Business activity permissible — debt ratio not verified, cross-check Musaffa/Zoya",
AGL,MEDICAL,MEDICAL-SERVICES,99,92.54000091552734,7.529032042576942,12.50;14.73;14.18;16.62;15.00;15.93;15.00;15.35;11.80;11.00;10.68;9.90;7.91;10.74;16.59;19.84;21.63;26.88;30.05;24.48;26.32;25.32;27.89;29.58;26.74;60.66;59.61;72.01;81.73;88.20;80.57;85.27;90.37;92.54;82.70;96.85;102.16;116.16;114.34;104.67;113.11;106.96;119.25;107.18;111.01;107.47;115.67;115.85;124.29;129.84;125.78;100.27;98.43;92.66;91.61;94.78;86.83;96.78;86.26;96.90;95.40;92.73;93.79;95.74;92.54,HALAL,"Business activity permissible — debt ratio not verified, cross-check Musaffa/Zoya",
OSCR,MEDICAL,MEDICAL-SERVICES,96,30.469999313354492,1.4473895405748594,12.95;13.64;13.67;14.39;13.96;13.40;13.23;13.51;13.30;12.21;12.21;11.14;11.47;11.92;12.97;14.54;15.48;15.59;15.79;16.17;16.43;17.18;17.93;18.49;17.94;20.87;22.00;23.62;23.32;24.52;22.14;21.89;22.33;22.97;20.50;24.51;27.22;28.91;29.14;28.27;28.54;29.16;29.79;28.52;32.18;31.12;31.20;31.60;30.61;29.10;30.77;28.92;28.34;30.57;31.22;30.38;26.54;27.67;29.61;32.76;31.28;31.57;31.81;31.24;30.47,HALAL,"Business activity permissible — debt ratio not verified, cross-check Musaffa/Zoya",
BDX,MEDICAL,MEDICAL-SUPPLIES,72,189.52000427246094,0.04196043256299431,178.55;174.13;171.89;167.68;163.26;162.03;158.24;160.51;155.43;155.14;157.16;153.43;156.13;153.43;153.88;154.37;154.34;154.43;157.43;155.59;153.77;149.17;144.29;148.26;143.16;152.19;142.15;143.17;142.47;145.92;145.23;146.72;147.37;144.31;144.59;150.10;152.04;147.35;145.52;141.61;140.71;147.77;155.92;151.33;158.08;156.30;150.85;153.83;154.88;158.17;153.84;152.97;158.92;168.40;165.62;170.12;177.07;179.63;183.58;183.40;180.77;187.62;190.74;190.21;189.52,HALAL,"Business activity permissible — debt ratio not verified, cross-check Musaffa/Zoya",
DHR,MEDICAL,MEDICAL-SUPPLIES,51,216.07000732421875,0.028730408583633738,208.64;209.76;203.15;201.15;197.97;194.24;186.53;194.39;189.31;189.20;186.37;181.14;189.21;190.72;190.61;192.59;195.46;197.73;194.35;194.14;178.20;180.25;178.43;174.79;174.27;175.30;166.18;165.65;161.57;166.69;172.97;172.45;180.26;179.50;177.71;183.92;188.02;180.42;180.73;177.39;177.82;188.48;196.19;190.48;197.93;194.19;195.98;200.16;200.79;203.83;179.01;192.50;196.50;196.49;194.98;194.78;199.98;209.37;205.79;202.45;199.58;215.91;215.11;215.36;216.07,HALAL,"Business activity permissible — debt ratio not verified, cross-check Musaffa/Zoya",
WAT,MEDICAL,MEDICAL-SUPPLIES,73,414.69000244140625,0.2651473670930977,319.44;319.38;312.14;315.59;305.67;297.54;286.57;296.99;299.57;301.81;302.32;289.16;297.80;304.24;307.38;317.65;324.68;326.20;327.77;335.23;311.20;299.79;292.13;307.12;342.75;350.49;348.07;334.93;329.22;333.26;340.99;338.64;366.67;378.16;379.77;365.36;371.15;359.74;357.76;357.00;358.25;369.18;374.41;375.04;379.29;374.93;377.13;373.22;374.92;368.98;367.55;382.41;371.20;379.48;377.31;396.08;399.70;411.77;416.15;412.17;401.25;404.69;410.75;414.17;414.69,HALAL,"Business activity permissible — debt ratio not verified, cross-check Musaffa/Zoya",
WST,MEDICAL,MEDICAL-SUPPLIES,73,337.4700012207031,0.3837726372777379,247.53;253.98;251.03;244.01;247.71;237.92;235.13;239.08;239.99;241.06;246.67;243.01;250.29;254.44;258.99;258.18;259.59;266.13;273.35;274.33;309.26;301.78;295.17;300.48;309.77;321.80;322.09;302.20;302.69;303.73;315.92;315.96;321.59;316.09;316.10;314.29;334.44;330.12;331.21;323.38;329.49;340.19;350.62;358.77;365.50;355.85;357.43;359.47;358.77;358.01;359.01;355.25;331.03;337.46;340.96;348.76;348.60;352.13;352.29;349.42;346.59;353.77;353.32;349.92;337.47,HALAL,"Business activity permissible — debt ratio not verified, cross-check Musaffa/Zoya",
AVTR,MEDICAL,MEDICAL-SUPPLIES,91,14.579999923706055,0.640044922456841,9.06;9.05;8.78;8.52;8.15;8.29;7.93;7.80;7.61;7.59;7.69;7.41;7.84;7.90;8.00;7.92;8.18;8.37;8.52;8.53;7.76;7.97;7.85;7.96;8.05;8.31;7.97;7.87;7.62;7.64;7.87;8.14;9.15;9.19;9.07;9.16;9.91;9.66;9.71;9.46;9.35;9.69;10.28;9.90;10.32;10.20;10.51;10.56;11.20;11.07;10.99;11.35;11.76;14.38;13.78;13.68;13.18;13.73;13.93;13.66;13.33;14.25;14.26;14.50;14.58,HALAL,"Business activity permissible — debt ratio not verified, cross-check Musaffa/Zoya",
PKI,MEDICAL,MEDICAL-SUPPLIES,,,,,HALAL,"Business activity permissible — debt ratio not verified, cross-check Musaffa/Zoya",
ALC,MEDICAL,MEDICAL-SUPPLIES,22,72.01000213623047,-0.1265835048982048,85.85;86.76;82.68;82.12;81.45;80.38;76.94;77.40;74.64;73.78;74.89;72.98;74.98;74.20;74.31;77.02;79.35;80.34;80.92;77.44;75.49;75.64;72.46;73.73;74.45;63.88;62.02;63.44;63.64;66.28;67.93;67.70;65.66;65.70;64.22;66.81;67.90;66.51;66.29;64.14;65.18;67.93;67.80;67.10;69.66;66.87;67.14;69.00;68.50;70.26;67.35;67.21;67.28;69.65;68.94;70.99;69.54;73.63;73.58;74.25;73.55;72.93;73.70;72.67;72.01,HALAL,"Business activity permissible — debt ratio not verified, cross-check Musaffa/Zoya",
COO,MEDICAL,MEDICAL-SUPPLIES,36,71.16999816894531,-0.1419098616590465,83.47;83.67;83.37;80.20;75.82;73.75;69.92;72.05;70.71;70.24;71.45;69.77;71.50;70.17;69.66;71.46;71.70;70.29;70.06;67.30;64.95;64.34;61.34;62.36;61.25;61.11;58.98;59.47;59.61;61.45;62.85;62.03;61.04;60.19;60.34;67.34;68.62;67.51;67.76;65.05;65.42;68.83;71.02;71.71;74.20;71.89;71.02;71.32;70.60;71.71;71.01;70.23;70.29;73.06;72.32;74.69;73.32;76.32;76.73;76.17;75.76;76.16;75.80;72.68;71.17,HALAL,"Business activity permissible — debt ratio not verified, cross-check Musaffa/Zoya",
HOLX,MEDICAL,MEDICAL-SUPPLIES,,,,,HALAL,"Business activity permissible — debt ratio not verified, cross-check Musaffa/Zoya",
VAR,MEDICAL,MEDICAL-SUPPLIES,,,,,HALAL,"Business activity permissible — debt ratio not verified, cross-check Musaffa/Zoya",
ISRG,MEDICAL,MEDICAL-SYSTEMS/EQUIPMENT,7,372.6000061035156,-0.24283681877228547,506.17;503.51;497.42;496.70;493.56;492.87;472.16;482.76;479.93;478.04;469.98;452.66;460.99;452.07;452.95;454.94;458.96;468.36;469.21;451.29;478.82;470.99;453.83;457.78;451.38;453.49;420.06;432.27;421.12;441.58;439.80;436.64;423.63;412.26;407.29;422.06;426.61;412.90;416.55;402.18;402.95;401.83;404.70;397.68;426.01;427.30;411.55;407.12;388.97;345.42;350.06;332.02;356.83;353.10;353.33;368.27;373.71;393.38;401.27;394.51;391.18;374.48;373.57;370.42;372.60,HALAL,"Business activity permissible — debt ratio not verified, cross-check Musaffa/Zoya",
MDT,MEDICAL,MEDICAL-SYSTEMS/EQUIPMENT,44,91.2300033569336,-0.0588711458433846,95.01;96.00;95.07;91.43;89.79;87.46;85.66;86.94;85.40;85.69;86.40;86.36;85.88;85.86;85.65;87.12;87.21;86.32;85.42;81.27;83.04;82.18;78.66;79.28;77.09;77.26;73.87;75.53;75.47;77.88;77.45;76.91;74.89;73.32;77.25;80.94;81.25;79.61;79.66;77.44;78.56;79.41;80.98;78.23;83.19;83.83;82.39;83.57;80.47;83.20;82.35;82.01;84.22;87.54;85.39;86.20;85.92;89.41;90.76;91.27;92.09;92.30;92.90;92.02;91.23,HALAL,"Business activity permissible — debt ratio not verified, cross-check Musaffa/Zoya",
BSX,MEDICAL,MEDICAL-SYSTEMS/EQUIPMENT,3,46.84000015258789,-0.3701761675040329,73.48;76.85;73.85;72.99;71.90;69.63;69.13;71.20;69.89;69.54;69.78;69.17;62.75;62.82;61.86;61.28;63.18;64.61;64.23;59.52;65.69;59.95;57.15;56.50;55.98;56.57;53.37;53.06;52.68;56.81;57.15;57.64;49.11;47.98;47.69;48.55;48.96;47.17;46.76;44.95;44.33;44.46;44.23;42.68;45.14;45.30;44.99;44.65;43.04;44.03;43.19;43.58;45.51;46.04;46.73;49.09;49.30;50.46;51.42;51.83;50.47;49.37;49.01;48.17;46.84,HALAL,"Business activity permissible — debt ratio not verified, cross-check Musaffa/Zoya",
PHG,MEDICAL,MEDICAL-SYSTEMS/EQUIPMENT,26,26.719999313354492,-0.11078883752047441,30.31;30.80;29.20;28.55;28.32;27.73;26.75;27.24;25.85;25.80;26.41;25.78;26.37;26.09;26.00;27.07;27.48;28.00;28.59;27.41;26.59;26.51;24.62;25.18;25.46;26.14;25.73;25.63;25.23;26.05;27.15;26.94;26.45;26.08;25.35;26.11;26.50;26.11;26.69;26.24;26.98;26.73;27.10;27.19;27.74;28.23;27.26;27.34;27.02;26.95;26.58;26.03;25.02;26.10;26.30;26.47;26.33;26.94;26.80;27.29;27.10;27.50;27.52;26.99;26.72,HALAL,"Business activity permissible — debt ratio not verified, cross-check Musaffa/Zoya",
GEHC,MEDICAL,MEDICAL-SYSTEMS/EQUIPMENT,33,71.7249984741211,-0.14380595893498727,83.94;84.18;78.05;77.03;75.55;72.57;70.70;72.26;70.31;71.57;72.12;69.16;71.11;70.31;69.69;72.87;73.79;73.47;74.62;72.22;69.85;70.44;59.45;61.00;61.01;61.31;61.67;61.86;60.73;61.55;64.29;64.14;62.82;62.65;61.99;64.63;65.97;64.47;64.72;61.12;60.61;64.84;65.72;63.97;65.53;64.85;64.66;65.27;63.16;63.03;62.00;61.96;61.12;71.90;68.02;70.26;70.31;72.94;72.28;73.69;72.63;74.06;74.19;73.31;71.72,HALAL,"Business activity permissible — debt ratio not verified, cross-check Musaffa/Zoya",
HOLX,MEDICAL,MEDICAL-SYSTEMS/EQUIPMENT,,,,,HALAL,"Business activity permissible — debt ratio not verified, cross-check Musaffa/Zoya",
PEN,MEDICAL,MEDICAL-SYSTEMS/EQUIPMENT,46,321.67999267578125,-0.051650999117761276,338.67;344.39;340.16;340.62;339.61;336.11;336.18;338.00;337.35;335.56;336.27;335.10;328.37;330.36;329.96;329.52;331.48;332.42;332.13;327.00;333.00;327.98;324.82;325.33;323.86;324.65;321.71;322.59;322.32;326.55;327.89;328.20;318.95;318.95;319.37;320.53;321.06;318.32;318.21;316.16;316.20;316.36;316.63;315.75;318.57;318.31;317.95;318.94;316.73;318.32;317.39;317.90;319.49;320.13;321.19;324.22;324.86;325.98;326.58;327.02;324.75;323.76;323.75;323.05;321.68,HALAL,"Business activity permissible — debt ratio not verified, cross-check Musaffa/Zoya",
NVCR,MEDICAL,MEDICAL-SYSTEMS/EQUIPMENT,85,17.81999969482422,0.62295085954027,14.99;13.67;13.30;14.23;12.91;12.62;12.06;12.35;12.15;11.82;11.61;10.97;10.90;10.55;10.35;11.00;10.72;12.17;12.83;12.23;12.59;12.48;11.93;16.62;15.88;16.83;18.10;18.10;17.58;17.01;17.90;18.26;17.25;16.56;16.15;17.16;17.24;17.71;17.60;17.85;13.61;14.72;15.43;15.15;17.20;17.72;17.29;16.09;16.03;15.92;16.00;19.99;17.03;15.20;14.84;16.27;15.69;17.31;17.59;16.95;17.24;17.77;16.76;17.89;17.82,HALAL,"Business activity permissible — debt ratio not verified, cross-check Musaffa/Zoya",
SILK,MEDICAL,MEDICAL-SYSTEMS/EQUIPMENT,,,,,HALAL,"Business activity permissible — debt ratio not verified, cross-check Musaffa/Zoya",
SHC,MEDICAL,MEDICAL-SYSTEMS/EQUIPMENT,69,19.270000457763672,0.10177248198624245,16.16;16.25;15.70;15.06;14.57;13.92;13.41;13.85;13.56;13.88;13.70;13.13;14.34;14.96;14.64;15.28;15.70;16.03;16.30;15.97;15.33;15.81;15.45;15.50;15.33;15.67;15.43;15.48;15.27;15.23;15.71;15.96;15.75;15.54;15.27;15.62;16.53;16.39;16.23;15.46;15.74;16.69;17.38;17.75;17.93;18.02;18.39;18.17;18.15;17.75;17.40;17.49;17.24;17.53;17.86;18.11;18.91;18.97;18.89;18.89;18.51;19.22;19.17;19.54;19.27,HALAL,"Business activity permissible — debt ratio not verified, cross-check Musaffa/Zoya",
FCX,METALS,METAL ORES-DIVERSIFIED,90,76.44999694824219,0.1716903439901265,68.50;67.77;65.27;62.37;60.21;61.26;56.12;57.82;53.37;54.69;56.83;55.98;58.51;61.10;60.48;66.14;67.72;68.53;70.04;67.41;61.33;60.42;56.79;56.41;57.54;60.46;64.21;67.00;62.86;58.56;62.16;64.20;65.71;66.88;70.47;63.22;64.09;66.18;69.96;68.89;69.04;61.69;62.30;62.74;60.82;59.19;60.38;59.82;60.97;58.38;62.56;63.50;62.72;59.99;62.63;67.30;68.18;70.51;69.22;66.49;66.32;71.22;77.80;79.00;76.45,HALAL,"Business activity permissible — debt ratio not verified, cross-check Musaffa/Zoya",
BHP,METALS,METAL ORES-DIVERSIFIED,87,95.1500015258789,0.24373455616186823,80.10;79.99;76.82;74.14;72.89;73.35;68.74;70.48;67.37;68.21;70.01;69.50;72.74;73.24;73.31;77.23;78.10;79.47;80.45;77.69;79.84;79.84;77.06;79.06;79.24;82.55;87.65;90.81;84.40;81.87;84.94;86.49;87.80;91.22;90.85;82.72;84.73;88.00;92.13;90.36;85.78;80.72;81.02;83.31;83.33;80.23;79.91;81.37;85.48;80.64;83.45;83.65;83.93;83.11;84.49;87.46;87.90;90.61;90.12;86.78;89.09;93.63;97.13;96.33;95.15,HALAL,"Business activity permissible — debt ratio not verified, cross-check Musaffa/Zoya",
RIO,METALS,METAL ORES-DIVERSIFIED,78,103.30000305175781,0.11109316696483762,95.93;94.56;90.73;88.88;88.41;90.10;85.94;87.87;83.81;84.00;85.66;84.78;91.29;92.42;92.63;95.04;97.07;96.44;98.00;95.62;96.73;97.80;94.42;98.42;98.34;100.89;105.58;109.63;101.46;98.75;102.51;104.64;104.18;106.62;105.54;98.53;99.24;101.41;103.61;100.46;97.23;92.01;91.73;92.89;92.39;89.29;87.57;87.92;91.61;88.21;88.60;89.54;89.97;91.65;94.77;96.88;97.51;99.72;99.05;95.68;96.69;102.17;104.80;104.70;103.30,HALAL,"Business activity permissible — debt ratio not verified, cross-check Musaffa/Zoya",
VALE,METALS,METAL ORES-DIVERSIFIED,59,15.029999732971191,-0.08635847687156228,17.04;16.70;15.53;14.99;14.90;14.91;14.27;14.68;14.22;14.38;14.72;14.61;15.47;15.74;15.73;16.19;16.97;17.13;17.29;16.97;16.66;16.60;15.41;15.73;15.49;15.74;16.60;16.37;15.87;15.57;16.01;16.04;16.09;15.85;15.61;14.81;14.72;14.93;15.56;15.10;15.27;14.43;14.65;14.62;14.57;14.28;13.83;13.79;14.26;13.80;13.85;14.42;14.37;14.24;14.64;14.42;14.31;14.48;14.02;13.63;13.68;14.23;15.04;15.16;15.03,HALAL,"Business activity permissible — debt ratio not verified, cross-check Musaffa/Zoya",
TECK,METALS,METAL ORES-DIVERSIFIED,88,69.33999633789062,0.1765676347623797,61.24;58.70;55.29;53.30;50.79;53.10;49.46;49.89;47.29;48.15;50.29;48.47;51.68;52.76;52.47;54.58;57.32;58.20;59.30;56.63;60.67;60.14;56.16;57.87;57.72;60.68;65.20;66.75;61.27;59.30;62.91;65.12;66.00;67.76;67.14;61.59;61.82;63.51;66.16;65.76;63.54;57.70;58.22;59.46;60.01;58.37;59.23;58.47;57.95;55.05;56.83;59.85;59.75;57.48;60.24;64.74;66.12;66.87;65.95;63.53;63.91;66.16;70.20;71.12;69.34,HALAL,"Business activity permissible — debt ratio not verified, cross-check Musaffa/Zoya",
SCCO,METALS,METAL ORES-DIVERSIFIED,89,209.8000030517578,0.02871539460137118,211.97;215.02;203.14;188.99;187.78;189.14;168.27;174.36;157.41;157.20;163.01;159.64;169.48;175.16;171.36;185.23;193.43;186.46;191.40;180.78;179.52;175.45;165.90;168.61;168.46;176.85;182.45;191.89;176.78;169.00;179.12;189.88;194.88;194.62;196.59;172.97;175.17;182.16;193.22;191.68;189.91;171.84;171.26;174.26;172.01;169.75;174.43;174.53;181.54;172.48;185.78;182.22;179.32;175.47;180.54;195.16;190.74;;194.89;184.61;187.80;198.73;214.25;213.75;209.80,HALAL,"Business activity permissible — debt ratio not verified, cross-check Musaffa/Zoya",
FNV,METALS,METAL ORES-DIVERSIFIED,74,266.1600036621094,-0.01371319969683793,274.68;279.55;261.42;254.39;262.03;264.72;251.34;254.33;230.56;226.37;233.18;233.46;246.53;257.20;260.68;259.62;259.48;256.29;261.95;246.98;243.52;240.50;228.03;225.96;224.59;227.57;237.10;240.28;224.90;222.27;225.36;228.71;225.08;227.70;228.64;218.28;211.71;207.91;222.35;226.93;220.73;209.76;215.14;208.44;217.58;209.60;208.09;200.49;202.55;200.77;207.40;214.22;214.43;214.37;212.92;218.86;231.08;240.90;235.94;234.21;232.96;258.14;270.13;267.37;266.16,HALAL,"Business activity permissible — debt ratio not verified, cross-check Musaffa/Zoya",
WPM,METALS,METAL ORES-DIVERSIFIED,81,153.3300018310547,-0.011895153439603012,156.74;162.93;150.68;147.18;147.30;148.02;139.26;136.59;120.72;119.35;122.10;124.15;130.64;135.18;135.59;140.49;144.42;147.19;151.95;141.41;141.15;136.13;124.54;125.49;124.89;131.19;143.39;141.82;130.04;123.79;126.88;129.90;129.90;128.65;124.78;116.08;112.43;112.51;123.78;125.68;121.56;112.64;113.17;112.17;115.58;111.74;110.50;107.69;108.39;104.04;109.81;109.88;111.86;109.32;108.89;115.26;125.13;133.21;134.70;134.03;132.52;150.25;160.19;156.02;153.33,HALAL,"Business activity permissible — debt ratio not verified, cross-check Musaffa/Zoya",
NEM,METALS,METAL ORES-GOLD,85,127.9800033569336,0.034514583245836894,124.31;129.44;118.24;115.82;116.69;115.94;109.32;110.78;98.97;97.91;101.28;101.86;108.00;113.78;114.38;118.73;116.23;112.78;116.23;109.05;110.80;115.81;107.36;108.37;108.76;113.23;120.39;118.68;108.81;104.85;108.08;111.35;108.23;108.19;107.47;99.71;98.54;97.59;105.80;105.67;101.80;94.04;96.13;93.40;97.04;95.06;94.81;93.10;95.21;89.70;92.49;94.72;93.47;91.34;93.71;97.73;105.43;117.26;117.84;117.76;115.98;127.64;131.84;131.60;127.98,HALAL,"Business activity permissible — debt ratio not verified, cross-check Musaffa/Zoya",
GOLD,METALS,METAL ORES-GOLD,84,45.54999923706055,-0.1965470520892728,55.90;57.18;56.10;54.32;49.85;50.22;47.23;47.65;43.75;43.68;42.91;39.22;39.88;41.06;43.25;43.90;43.74;44.76;47.94;45.57;46.66;46.97;44.94;42.42;42.71;43.29;43.16;41.09;38.53;39.48;41.78;43.13;42.83;39.58;39.23;39.62;41.89;43.29;43.66;42.71;41.81;41.32;41.92;41.61;43.99;43.35;41.71;38.04;39.56;38.31;39.94;39.53;41.11;40.15;41.36;42.69;42.02;43.47;44.68;44.00;41.84;45.66;45.80;45.49;45.55,HALAL,"Business activity permissible — debt ratio not verified, cross-check Musaffa/Zoya",
AEM,METALS,METAL ORES-GOLD,68,206.25,-0.13872318235055392,239.53;250.53;233.94;220.95;224.20;222.26;207.03;208.94;184.33;183.59;191.60;192.92;202.48;208.03;209.10;215.91;216.85;213.87;219.56;202.59;198.47;197.64;183.11;183.11;177.70;187.31;196.36;195.49;179.89;172.97;177.31;180.13;177.53;176.57;171.65;163.66;159.93;157.76;171.80;172.99;166.85;153.46;157.23;155.13;153.86;150.33;149.03;143.51;142.23;136.97;141.62;144.51;145.96;144.43;145.27;150.61;167.92;180.48;185.18;186.46;186.94;212.04;217.89;214.04;206.25,HALAL,"Business activity permissible — debt ratio not verified, cross-check Musaffa/Zoya",
KGC,METALS,METAL ORES-GOLD,66,31.270000457763672,-0.11640846696401252,35.90;36.84;33.67;32.61;32.39;32.47;30.49;30.92;27.35;27.73;28.94;28.66;30.44;31.42;31.53;32.75;33.49;33.30;34.84;31.97;32.03;32.05;29.78;29.47;28.73;30.34;31.72;31.18;28.30;27.36;28.64;29.45;29.25;29.10;28.13;26.18;25.24;24.83;27.30;27.24;26.26;23.67;24.23;23.59;24.68;23.85;24.17;23.45;23.63;22.54;23.38;23.64;23.89;23.18;23.07;23.57;25.59;27.36;27.44;27.27;27.08;31.43;32.98;32.32;31.27,HALAL,"Business activity permissible — debt ratio not verified, cross-check Musaffa/Zoya",
AU,METALS,METAL ORES-GOLD,88,113.19000244140625,-0.03213447110068701,120.21;123.37;110.96;104.17;105.15;102.61;93.16;94.45;84.13;84.04;87.92;87.55;95.59;99.38;99.24;106.57;107.13;102.57;107.16;98.62;95.00;96.44;88.82;91.07;89.24;98.40;106.37;100.50;90.56;87.71;90.18;95.71;94.56;91.50;89.29;83.59;83.90;82.66;91.71;90.35;85.69;78.10;81.11;80.38;84.12;81.57;81.40;79.26;78.65;76.28;78.01;77.93;79.98;77.38;78.82;80.99;87.04;96.64;97.31;95.70;97.34;114.42;120.47;118.11;113.19,HALAL,"Business activity permissible — debt ratio not verified, cross-check Musaffa/Zoya",
GFI,METALS,METAL ORES-GOLD,64,45.959999084472656,-0.16990770771963903,56.53;57.17;49.76;48.68;50.65;49.16;45.54;46.41;40.75;40.89;42.27;42.34;45.40;47.58;46.12;48.83;48.96;47.39;49.96;45.57;43.96;44.99;41.49;42.08;41.75;44.92;46.14;44.78;40.27;39.20;40.07;41.15;40.23;38.01;37.94;36.62;35.49;35.90;39.59;38.89;34.63;31.88;33.53;33.59;35.46;33.59;34.04;33.53;32.99;31.99;32.29;32.28;32.91;32.24;32.42;34.11;37.34;41.10;40.73;40.24;40.92;45.45;47.33;47.82;45.96,HALAL,"Business activity permissible — debt ratio not verified, cross-check Musaffa/Zoya",
EGO,METALS,METAL ORES-GOLD,91,45.47999954223633,0.04003562304474961,44.23;46.32;41.78;40.38;40.47;40.73;36.69;37.04;32.28;32.88;34.41;33.72;34.25;35.73;35.06;35.62;36.81;34.66;34.44;31.76;31.59;31.79;29.54;29.79;29.26;33.08;34.32;35.46;31.59;30.25;31.62;32.40;32.85;33.33;31.61;29.59;29.25;29.97;33.76;34.11;32.37;29.74;31.36;31.09;33.68;32.02;30.60;29.14;29.44;27.95;30.46;31.99;32.54;31.97;30.19;31.82;35.93;39.10;39.69;39.73;38.71;42.65;46.37;46.96;45.48,HALAL,"Business activity permissible — debt ratio not verified, cross-check Musaffa/Zoya",
HMY,METALS,METAL ORES-GOLD,61,20.229999542236328,-0.05503287275335955,21.13;22.32;20.22;19.18;18.64;16.55;14.84;15.57;13.39;13.81;14.28;14.07;15.08;15.80;15.54;16.40;16.24;16.54;18.32;16.92;16.22;16.46;15.06;15.61;15.58;17.59;18.13;17.55;15.71;16.37;17.19;18.03;18.26;17.61;17.12;15.71;15.02;15.21;17.52;17.10;16.14;14.59;15.53;15.21;16.09;15.40;15.02;14.99;15.15;14.65;15.33;15.49;15.87;15.53;15.75;16.88;18.05;19.90;19.86;19.44;19.28;22.02;22.81;22.43;20.23,HALAL,"Business activity permissible — debt ratio not verified, cross-check Musaffa/Zoya",
BTG,METALS,METAL ORES-GOLD,78,5.659999847412109,-0.005188076249794338,6.15;6.11;5.44;5.16;5.24;5.22;4.83;4.82;4.19;4.06;4.17;4.23;4.51;4.71;4.72;4.86;4.84;4.90;4.98;4.70;4.93;4.52;4.29;4.34;4.22;4.93;5.36;5.33;4.88;4.60;4.61;4.68;4.58;4.64;4.53;4.16;4.00;4.09;4.47;4.41;4.20;3.89;3.94;3.74;4.08;3.94;3.86;3.78;3.80;3.67;3.82;3.84;3.87;3.74;3.75;3.89;4.09;5.06;5.21;5.14;4.98;5.38;5.72;5.74;5.66,HALAL,"Business activity permissible — debt ratio not verified, cross-check Musaffa/Zoya",
OR,METALS,METAL ORES-GOLD,43,37.400001525878906,-0.16085987122130918,45.66;47.22;43.93;42.89;43.26;42.83;40.19;39.61;34.48;34.24;34.65;35.10;37.94;40.19;40.04;39.57;39.39;40.05;42.53;39.46;39.96;38.81;36.43;36.65;36.02;37.40;39.72;39.12;36.35;35.42;35.50;36.83;35.80;35.88;35.24;33.80;32.97;32.67;36.09;35.99;33.82;31.35;32.18;31.63;31.44;30.11;29.75;28.73;28.80;28.30;29.22;29.05;29.54;29.49;29.76;30.76;32.15;33.74;33.71;33.36;32.31;35.29;37.49;38.43;37.40,HALAL,"Business activity permissible — debt ratio not verified, cross-check Musaffa/Zoya",
FCX,METALS,METAL ORES-NON-FERROUS,90,76.44999694824219,0.1716903439901265,68.50;67.77;65.27;62.37;60.21;61.26;56.12;57.82;53.37;54.69;56.83;55.98;58.51;61.10;60.48;66.14;67.72;68.53;70.04;67.41;61.33;60.42;56.79;56.41;57.54;60.46;64.21;67.00;62.86;58.56;62.16;64.20;65.71;66.88;70.47;63.22;64.09;66.18;69.96;68.89;69.04;61.69;62.30;62.74;60.82;59.19;60.38;59.82;60.97;58.38;62.56;63.50;62.72;59.99;62.63;67.30;68.18;70.51;69.22;66.49;66.32;71.22;77.80;79.00;76.45,HALAL,"Business activity permissible — debt ratio not verified, cross-check Musaffa/Zoya",
SCCO,METALS,METAL ORES-NON-FERROUS,89,209.8000030517578,0.02871539460137118,211.97;215.02;203.14;188.99;187.78;189.14;168.27;174.36;157.41;157.20;163.01;159.64;169.48;175.16;171.36;185.23;193.43;186.46;191.40;180.78;179.52;175.45;165.90;168.61;168.46;176.85;182.45;191.89;176.78;169.00;179.12;189.88;194.88;194.62;196.59;172.97;175.17;182.16;193.22;191.68;189.91;171.84;171.26;174.26;172.01;169.75;174.43;174.53;181.54;172.48;185.78;182.22;179.32;175.47;180.54;195.16;190.74;;194.89;184.61;187.80;198.73;214.25;213.75;209.80,HALAL,"Business activity permissible — debt ratio not verified, cross-check Musaffa/Zoya",
TECK,METALS,METAL ORES-NON-FERROUS,88,69.33999633789062,0.1765676347623797,61.24;58.70;55.29;53.30;50.79;53.10;49.46;49.89;47.29;48.15;50.29;48.47;51.68;52.76;52.47;54.58;57.32;58.20;59.30;56.63;60.67;60.14;56.16;57.87;57.72;60.68;65.20;66.75;61.27;59.30;62.91;65.12;66.00;67.76;67.14;61.59;61.82;63.51;66.16;65.76;63.54;57.70;58.22;59.46;60.01;58.37;59.23;58.47;57.95;55.05;56.83;59.85;59.75;57.48;60.24;64.74;66.12;66.87;65.95;63.53;63.91;66.16;70.20;71.12;69.34,HALAL,"Business activity permissible — debt ratio not verified, cross-check Musaffa/Zoya",
AA,METALS,METAL ORES-NON-FERROUS,40,50.31999969482422,-0.15430469630626342,64.57;61.76;63.51;60.07;60.84;66.13;63.37;65.19;58.44;55.88;58.49;58.20;66.10;71.28;72.70;73.01;73.05;70.13;65.39;66.91;65.14;67.12;62.24;62.41;62.84;62.42;65.11;68.20;62.31;63.81;66.14;74.43;75.43;77.61;80.70;71.75;72.27;68.85;64.04;61.61;58.24;52.20;54.00;52.04;48.59;48.92;48.63;48.63;48.49;43.89;44.26;45.18;43.99;42.80;45.17;46.74;47.39;51.53;51.22;49.98;50.02;50.55;49.39;49.72;50.32,HALAL,"Business activity permissible — debt ratio not verified, cross-check Musaffa/Zoya",
CENX,METALS,METAL ORES-NON-FERROUS,66,46.59000015258789,-0.10127314785005681,53.02;51.56;52.92;53.90;54.45;58.07;54.73;56.49;49.65;46.48;50.19;49.65;58.69;62.57;66.03;66.31;67.94;64.09;62.24;61.40;59.87;61.63;58.98;58.98;62.28;60.58;60.18;64.34;56.82;58.44;60.46;66.88;67.53;63.91;67.04;60.12;60.91;60.94;54.55;54.31;49.53;44.50;46.33;46.01;43.76;45.28;45.11;45.41;43.94;41.50;44.80;46.36;44.87;42.66;44.77;47.12;45.95;51.88;48.17;46.72;45.66;43.40;43.66;43.95;46.59,HALAL,"Business activity permissible — debt ratio not verified, cross-check Musaffa/Zoya",
WPM,METALS,METAL ORES-SILVER,81,153.3300018310547,-0.011895153439603012,156.74;162.93;150.68;147.18;147.30;148.02;139.26;136.59;120.72;119.35;122.10;124.15;130.64;135.18;135.59;140.49;144.42;147.19;151.95;141.41;141.15;136.13;124.54;125.49;124.89;131.19;143.39;141.82;130.04;123.79;126.88;129.90;129.90;128.65;124.78;116.08;112.43;112.51;123.78;125.68;121.56;112.64;113.17;112.17;115.58;111.74;110.50;107.69;108.39;104.04;109.81;109.88;111.86;109.32;108.89;115.26;125.13;133.21;134.70;134.03;132.52;150.25;160.19;156.02;153.33,HALAL,"Business activity permissible — debt ratio not verified, cross-check Musaffa/Zoya",
PAAS,METALS,METAL ORES-SILVER,63,52.869998931884766,-0.18123092726402268,63.70;68.06;61.18;59.55;60.15;60.42;55.74;55.44;48.02;48.81;51.11;51.35;54.26;55.40;55.82;56.47;56.89;56.95;58.66;55.24;54.75;54.86;50.94;51.46;50.18;57.42;61.87;63.23;56.02;52.69;54.61;55.16;54.97;55.31;52.41;47.42;45.97;46.37;50.79;50.29;48.74;44.24;45.29;44.63;46.13;44.01;43.97;42.55;43.42;41.63;44.28;44.04;43.98;42.40;42.96;44.75;47.88;51.62;52.20;47.26;46.44;51.74;53.63;52.63;52.87,HALAL,"Business activity permissible — debt ratio not verified, cross-check Musaffa/Zoya",
AG,METALS,METAL ORES-SILVER,87,20.760000228881836,-0.272701072657465,29.35;31.96;28.32;26.23;26.10;25.67;22.52;21.70;18.92;19.17;20.74;20.64;21.44;21.80;21.22;20.55;20.74;21.12;21.45;20.05;20.22;20.45;18.92;19.82;19.07;21.33;23.54;23.94;20.39;18.77;19.88;20.26;20.56;20.81;19.75;16.98;16.53;16.91;18.88;18.54;17.71;16.05;16.88;16.95;17.81;16.44;17.15;16.39;16.83;15.80;16.86;16.44;16.21;15.21;15.02;16.48;17.27;18.83;19.14;19.26;18.48;21.19;20.83;20.99;20.76,HALAL,"Business activity permissible — debt ratio not verified, cross-check Musaffa/Zoya",
HL,METALS,METAL ORES-SILVER,90,20.3799991607666,-0.14995372672682683,23.30;24.89;21.69;20.79;21.07;21.14;19.60;19.61;17.60;17.80;18.35;17.92;18.62;19.17;19.34;19.29;19.26;19.11;19.53;18.08;18.42;18.61;17.46;18.05;17.04;18.06;20.66;21.04;17.63;16.35;17.29;17.58;17.59;17.54;16.67;14.78;14.51;14.99;16.66;16.06;15.98;14.52;15.54;15.43;16.33;15.56;15.79;15.25;15.46;14.33;15.29;15.32;15.19;14.15;14.12;15.39;15.86;17.55;18.10;18.37;17.95;20.82;20.40;20.70;20.38,HALAL,"Business activity permissible — debt ratio not verified, cross-check Musaffa/Zoya",
CDE,METALS,METAL ORES-SILVER,80,21.1299991607666,-0.13410860365754573,24.56;27.12;24.09;22.60;22.67;22.34;20.17;21.02;18.25;17.87;17.82;17.11;18.75;19.07;18.98;19.70;20.29;19.65;20.36;18.42;18.84;18.86;17.31;17.63;17.11;18.10;19.78;19.72;17.59;16.74;17.81;18.37;18.59;19.32;18.15;16.37;16.09;16.40;18.66;17.53;17.47;15.47;16.02;16.32;17.30;16.04;16.02;15.59;15.91;14.35;15.30;15.24;15.36;14.63;14.91;16.21;15.65;18.15;18.80;18.81;18.51;21.11;20.88;21.44;21.13,HALAL,"Business activity permissible — debt ratio not verified, cross-check Musaffa/Zoya",
ASM,METALS,METAL ORES-SILVER,82,7.46999979019165,-0.15209995069255045,8.89;9.62;8.39;7.99;7.78;7.68;6.84;6.93;5.66;5.76;6.07;5.94;6.32;6.53;6.73;7.01;6.91;7.16;7.75;6.99;6.99;6.78;6.23;6.58;6.22;6.86;7.52;7.83;7.14;6.48;6.65;6.90;7.16;7.29;6.82;5.84;5.77;5.98;6.83;6.83;6.42;5.64;6.15;6.34;6.57;6.07;6.15;5.74;5.93;5.50;6.05;5.69;5.69;5.27;5.33;5.91;6.38;7.31;7.14;7.02;6.83;7.60;7.36;7.59;7.47,HALAL,"Business activity permissible — debt ratio not verified, cross-check Musaffa/Zoya",
MAG,METALS,METAL ORES-SILVER,,,,,HALAL,"Business activity permissible — debt ratio not verified, cross-check Musaffa/Zoya",
SVM,METALS,METAL ORES-SILVER,92,12.770000457763672,0.03175591157528834,13.12;13.92;12.32;11.83;11.56;11.84;10.79;10.83;9.47;9.35;10.36;10.22;10.73;10.98;11.17;11.18;11.78;12.34;12.83;11.91;12.13;12.49;11.47;12.25;12.03;13.44;14.73;15.69;13.56;12.31;12.22;12.48;12.41;12.86;12.25;10.64;10.07;10.51;12.18;11.88;11.17;10.40;10.87;10.10;10.27;9.37;9.59;9.22;9.33;8.92;9.53;9.62;9.76;9.13;9.36;10.21;10.79;12.21;12.10;12.02;11.54;12.64;12.65;13.07;12.77,HALAL,"Business activity permissible — debt ratio not verified, cross-check Musaffa/Zoya",
RS,METALS,METAL PROC & FABRICATION,71,387.5899963378906,0.21364747797755057,313.46;312.37;310.66;307.93;300.66;306.13;295.55;297.14;292.93;289.90;297.09;297.68;301.99;303.44;304.69;320.13;322.31;317.88;323.47;333.85;342.36;358.57;357.16;363.52;369.67;366.75;366.13;366.50;359.43;355.22;362.16;375.19;376.76;381.69;392.79;393.25;400.62;409.22;404.73;402.92;402.30;395.69;384.65;372.50;370.92;378.23;375.39;384.27;390.76;394.77;382.29;394.21;403.16;402.43;404.91;413.69;416.90;427.23;425.85;426.54;421.40;380.31;382.49;391.16;387.59,HALAL,"Business activity permissible — debt ratio not verified, cross-check Musaffa/Zoya",
STLD,METALS,METAL PROC & FABRICATION,78,234.6649932861328,0.2036381495018431,190.51;192.10;196.40;188.97;181.39;183.28;169.69;171.71;166.67;165.75;172.54;170.06;179.59;179.79;176.79;189.57;195.03;193.67;199.87;219.71;224.54;224.53;223.86;228.75;236.92;232.39;235.44;236.54;228.82;222.86;231.32;249.92;260.16;261.00;274.51;267.89;269.19;278.92;271.57;269.52;250.41;240.88;244.93;229.46;220.39;229.62;222.06;234.14;235.56;235.51;233.52;240.57;250.27;252.34;251.26;265.10;261.48;268.60;263.18;255.77;249.81;219.00;229.27;235.90;234.66,HALAL,"Business activity permissible — debt ratio not verified, cross-check Musaffa/Zoya",
WOR,METALS,METAL PROC & FABRICATION,33,57.31999969482422,0.03619030254416011,56.71;55.61;53.39;51.75;49.88;48.97;47.19;48.24;47.84;49.00;49.35;50.54;51.97;51.87;51.93;55.14;55.29;53.63;54.97;54.43;54.67;55.60;53.67;54.21;54.47;55.49;54.23;54.49;53.21;53.33;54.37;55.49;56.11;56.80;56.77;57.13;58.13;58.53;59.85;59.04;61.49;57.30;56.35;53.76;54.57;53.09;52.76;53.85;55.80;55.77;54.68;55.19;56.63;55.55;56.21;59.12;57.89;56.98;56.90;58.66;56.99;56.39;56.79;57.97;57.32,HALAL,"Business activity permissible — debt ratio not verified, cross-check Musaffa/Zoya",
HAYN,METALS,METAL PROC & FABRICATION,,,,,HALAL,"Business activity permissible — debt ratio not verified, cross-check Musaffa/Zoya",
CMC,METALS,METAL PROC & FABRICATION,30,67.62999725341797,-0.10007727779132525,74.10;72.83;71.15;67.83;65.42;66.10;60.67;61.55;60.75;61.48;62.01;57.90;61.03;61.39;60.97;65.36;66.04;64.70;65.96;67.30;67.81;69.30;66.44;68.44;69.56;70.29;70.93;70.10;71.02;69.11;70.47;73.49;76.73;75.50;76.33;73.91;75.51;77.50;76.78;72.98;73.05;71.05;68.98;62.55;61.53;61.58;60.12;63.67;67.41;66.41;67.70;68.04;68.04;68.09;68.72;72.63;73.69;73.21;72.34;71.63;70.98;65.28;64.87;68.41;67.63,HALAL,"Business activity permissible — debt ratio not verified, cross-check Musaffa/Zoya",
ROCK,METALS,METAL PROC & FABRICATION,25,45.27000045776367,-0.1017857323968756,49.21;45.48;43.83;41.23;39.18;42.32;41.27;41.76;40.03;40.85;41.99;40.39;39.87;38.89;38.47;41.03;41.55;38.07;39.40;38.74;39.88;39.91;37.53;39.20;38.31;37.59;39.24;38.22;35.38;33.82;35.54;37.48;39.23;37.74;37.63;36.97;39.31;39.41;40.48;40.52;40.01;43.20;44.20;45.10;43.92;43.15;42.09;41.29;44.21;43.18;43.59;44.38;45.91;43.10;42.26;48.06;50.78;48.86;49.10;47.88;46.41;46.39;46.27;46.33;45.27,HALAL,"Business activity permissible — debt ratio not verified, cross-check Musaffa/Zoya",
TKR,METALS,METAL PROC & FABRICATION,75,120.81999969482422,0.13075688452685497,107.06;107.74;105.95;102.44;99.99;102.72;96.97;98.01;96.87;98.41;101.30;96.99;99.98;98.34;98.59;106.29;106.27;103.12;107.03;108.11;108.06;108.06;105.90;108.36;108.99;115.66;116.70;115.06;113.82;109.07;118.61;127.08;126.44;126.20;131.47;131.48;136.72;137.03;138.75;139.03;141.59;137.62;140.84;144.93;138.79;137.69;137.56;137.97;139.10;137.41;138.74;140.51;140.72;131.86;137.18;131.68;128.30;126.23;129.90;133.14;129.17;124.52;122.72;126.15;120.82,HALAL,"Business activity permissible — debt ratio not verified, cross-check Musaffa/Zoya",
VMI,METALS,METAL PROC & FABRICATION,45,476.2799987792969,0.04478112623061037,462.31;458.44;444.95;436.12;428.64;428.82;408.29;407.75;395.17;397.26;405.07;391.52;399.04;402.37;411.20;425.75;431.51;411.35;412.08;458.16;493.79;497.33;491.03;509.69;517.50;508.49;515.32;512.95;506.08;490.50;505.43;528.55;524.11;528.04;546.42;533.10;532.75;527.86;539.91;564.56;582.23;562.67;568.75;577.60;555.35;539.51;546.73;539.79;544.38;531.66;505.35;488.60;494.81;456.29;481.70;503.50;491.91;492.24;492.91;495.25;487.36;481.67;481.47;476.98;476.28,HALAL,"Business activity permissible — debt ratio not verified, cross-check Musaffa/Zoya",
NWPX,METALS,STEEL-PIPE & TUBE,91,112.02999877929688,0.553167933525579,74.01;77.60;80.96;78.52;74.64;74.89;70.94;73.36;71.56;76.04;79.22;76.52;77.86;79.68;78.76;83.81;87.85;83.84;81.65;81.08;83.96;84.18;86.01;107.00;111.41;109.48;111.18;113.48;110.80;107.20;109.02;117.49;120.30;118.33;119.70;117.76;123.26;129.22;131.10;138.89;140.92;143.53;148.01;149.94;136.92;135.41;132.65;133.19;135.11;138.20;135.41;132.76;128.26;123.21;123.08;126.89;118.50;114.62;113.67;116.16;113.75;109.82;110.51;112.39;112.03,HALAL,"Business activity permissible — debt ratio not verified, cross-check Musaffa/Zoya",
FFG,METALS,STEEL-PIPE & TUBE,,,,,HALAL,"Business activity permissible — debt ratio not verified, cross-check Musaffa/Zoya",
NCS,METALS,STEEL-PIPE & TUBE,,,,,HALAL,"Business activity permissible — debt ratio not verified, cross-check Musaffa/Zoya",
NUE,METALS,STEEL-PRODUCERS,86,250.5,0.4088435639774799,174.46;175.85;176.36;171.09;168.48;170.81;162.53;161.13;161.00;159.68;164.21;162.42;168.69;172.04;172.84;183.55;189.21;189.14;195.39;207.55;212.43;214.47;221.85;225.49;231.50;226.14;231.43;231.77;226.46;221.19;225.89;239.70;248.69;250.87;257.10;253.77;253.70;260.26;258.68;251.98;244.33;239.93;239.19;222.75;220.75;227.42;222.28;233.00;236.87;236.61;233.20;241.15;247.86;256.02;257.29;274.04;272.00;274.61;271.81;268.91;264.19;240.48;244.64;252.80;250.50,HALAL,"Business activity permissible — debt ratio not verified, cross-check Musaffa/Zoya",
STLD,METALS,STEEL-PRODUCERS,78,234.6649932861328,0.2036381495018431,190.51;192.10;196.40;188.97;181.39;183.28;169.69;171.71;166.67;165.75;172.54;170.06;179.59;179.79;176.79;189.57;195.03;193.67;199.87;219.71;224.54;224.53;223.86;228.75;236.92;232.39;235.44;236.54;228.82;222.86;231.32;249.92;260.16;261.00;274.51;267.89;269.19;278.92;271.57;269.52;250.41;240.88;244.93;229.46;220.39;229.62;222.06;234.14;235.56;235.51;233.52;240.57;250.27;252.34;251.26;265.10;261.48;268.60;263.18;255.77;249.81;219.00;229.27;235.90;234.66,HALAL,"Business activity permissible — debt ratio not verified, cross-check Musaffa/Zoya",
X,METALS,STEEL-PRODUCERS,,,,,HALAL,"Business activity permissible — debt ratio not verified, cross-check Musaffa/Zoya",
CLF,METALS,STEEL-PRODUCERS,32,11.619999885559082,0.07792209400698846,10.79;10.66;11.08;10.68;9.55;9.28;8.46;8.35;8.18;8.03;8.54;8.11;8.45;8.40;8.71;9.23;9.34;9.66;9.94;9.13;9.09;10.61;10.25;10.51;10.65;10.65;11.24;10.99;10.31;10.15;10.70;11.98;13.29;13.58;14.15;13.53;12.72;13.71;13.63;12.68;11.89;10.57;9.95;9.39;9.86;9.54;9.40;9.71;9.85;9.28;9.25;10.96;12.25;11.38;11.52;12.31;12.23;12.49;12.25;11.90;11.88;10.74;11.30;11.54;11.62,HALAL,"Business activity permissible — debt ratio not verified, cross-check Musaffa/Zoya",
TX,METALS,STEEL-PRODUCERS,85,54.84000015258789,0.3028098997398454,42.28;42.23;40.41;38.97;38.42;38.79;36.65;36.98;36.81;37.23;38.44;37.65;39.00;38.68;38.65;40.06;41.81;41.46;41.09;41.55;41.20;41.76;41.54;42.15;42.85;44.90;44.71;44.26;42.78;42.19;44.82;49.41;49.04;49.08;49.82;48.02;48.01;48.61;49.92;47.49;46.63;44.96;44.44;42.70;41.75;42.75;43.42;44.83;44.94;44.70;44.84;47.14;47.74;48.06;49.24;50.34;51.89;54.80;54.89;53.81;53.69;54.21;55.11;55.13;54.84,HALAL,"Business activity permissible — debt ratio not verified, cross-check Musaffa/Zoya",
GGB,METALS,STEEL-PRODUCERS,68,4.590000152587891,0.1295014949051192,4.05;3.95;3.61;3.56;3.50;3.52;3.24;3.28;3.24;3.35;3.44;3.36;3.55;3.71;3.72;4.10;4.13;4.23;4.22;4.22;4.23;4.24;4.35;4.43;4.71;4.66;4.72;4.60;4.55;4.51;4.65;4.63;4.60;4.51;4.70;4.54;4.51;4.61;4.62;4.44;4.21;4.05;4.11;4.00;4.03;4.24;4.36;4.44;4.75;4.67;4.59;4.72;4.78;4.81;4.91;5.05;4.99;4.91;4.78;4.69;4.62;4.28;4.33;4.46;4.59,HALAL,"Business activity permissible — debt ratio not verified, cross-check Musaffa/Zoya",
SID,METALS,STEEL-PRODUCERS,4,1.0199999809265137,-0.3892215526118078,1.70;1.68;1.50;1.47;1.42;1.38;1.11;1.20;1.19;1.25;1.29;1.21;1.24;1.26;1.24;1.35;1.32;1.37;1.36;1.30;1.29;1.29;1.27;1.29;1.30;1.34;1.37;1.28;1.26;1.18;1.28;1.34;1.36;1.31;1.31;1.18;1.17;1.21;1.22;1.12;1.05;0.98;0.94;0.92;0.91;0.93;0.95;1.03;1.03;0.99;1.00;1.06;1.12;1.03;0.99;0.94;0.94;0.90;0.87;0.89;0.90;0.89;1.03;1.03;1.02,HALAL,"Business activity permissible — debt ratio not verified, cross-check Musaffa/Zoya",
PKX,METALS,STEEL-PRODUCERS,22,60.25,-0.10568505946726059,70.55;69.59;63.57;59.50;60.18;59.50;56.89;58.61;57.41;57.83;57.81;56.44;58.49;58.21;58.31;63.53;62.57;62.49;66.62;69.12;68.23;71.02;76.41;78.71;85.32;88.94;88.61;82.24;79.38;74.28;74.36;75.48;71.88;70.11;68.53;61.59;60.38;61.15;65.21;62.57;57.84;53.52;49.96;51.38;52.12;51.25;50.03;51.22;51.89;50.80;51.76;53.34;53.10;48.68;53.17;54.68;56.08;58.36;57.09;58.60;57.02;57.28;58.66;58.43;60.25,HALAL,"Business activity permissible — debt ratio not verified, cross-check Musaffa/Zoya",
ATI,METALS,STEEL-SPECIALTY ALLOYS,95,210.75999450683594,0.3232874292279908,160.02;163.59;156.96;154.18;156.70;157.47;141.97;148.83;147.54;146.38;149.00;140.43;145.46;146.63;147.28;159.63;163.78;156.83;164.66;158.95;154.05;153.45;146.23;155.26;155.35;162.66;161.16;164.83;154.22;150.44;160.41;168.76;170.53;178.98;179.94;177.47;187.13;199.50;195.81;196.86;204.09;197.59;197.40;197.10;188.10;183.26;188.36;183.75;193.59;186.17;197.21;199.84;192.64;177.92;187.44;200.15;223.43;228.19;230.43;228.48;226.46;209.22;209.81;212.86;210.76,HALAL,"Business activity permissible — debt ratio not verified, cross-check Musaffa/Zoya",
CRS,METALS,STEEL-SPECIALTY ALLOYS,84,476.42999267578125,0.23844892218392855,395.26;397.72;400.72;394.65;395.45;407.78;360.96;381.12;377.83;372.86;406.28;376.59;393.80;391.16;393.65;430.83;443.28;428.29;445.30;438.49;426.28;428.06;406.36;429.23;444.80;444.95;428.88;436.16;408.76;406.20;438.14;453.50;461.82;486.73;486.85;483.40;523.55;562.21;563.36;575.23;587.52;580.71;591.53;616.58;596.99;590.10;590.69;566.61;576.86;557.54;588.74;601.29;580.01;530.40;519.44;569.89;557.01;559.75;528.42;544.36;531.74;488.87;476.90;483.70;476.43,HALAL,"Business activity permissible — debt ratio not verified, cross-check Musaffa/Zoya",
HAYN,METALS,STEEL-SPECIALTY ALLOYS,,,,,HALAL,"Business activity permissible — debt ratio not verified, cross-check Musaffa/Zoya",
CMP,METALS,STEEL-SPECIALTY ALLOYS,,,,,HALAL,"Business activity permissible — debt ratio not verified, cross-check Musaffa/Zoya",
RYI,METALS,STEEL-SPECIALTY ALLOYS,,,,,HALAL,"Business activity permissible — debt ratio not verified, cross-check Musaffa/Zoya",
VALE,MINING,MINING-IRON/MANGANESE/MISC,59,15.029999732971191,-0.08635847687156228,17.04;16.70;15.53;14.99;14.90;14.91;14.27;14.68;14.22;14.38;14.72;14.61;15.47;15.74;15.73;16.19;16.97;17.13;17.29;16.97;16.66;16.60;15.41;15.73;15.49;15.74;16.60;16.37;15.87;15.57;16.01;16.04;16.09;15.85;15.61;14.81;14.72;14.93;15.56;15.10;15.27;14.43;14.65;14.62;14.57;14.28;13.83;13.79;14.26;13.80;13.85;14.42;14.37;14.24;14.64;14.42;14.31;14.48;14.02;13.63;13.68;14.23;15.04;15.16;15.03,HALAL,"Business activity permissible — debt ratio not verified, cross-check Musaffa/Zoya",
RIO,MINING,MINING-IRON/MANGANESE/MISC,78,103.30000305175781,0.11109316696483762,95.93;94.56;90.73;88.88;88.41;90.10;85.94;87.87;83.81;84.00;85.66;84.78;91.29;92.42;92.63;95.04;97.07;96.44;98.00;95.62;96.73;97.80;94.42;98.42;98.34;100.89;105.58;109.63;101.46;98.75;102.51;104.64;104.18;106.62;105.54;98.53;99.24;101.41;103.61;100.46;97.23;92.01;91.73;92.89;92.39;89.29;87.57;87.92;91.61;88.21;88.60;89.54;89.97;91.65;94.77;96.88;97.51;99.72;99.05;95.68;96.69;102.17;104.80;104.70;103.30,HALAL,"Business activity permissible — debt ratio not verified, cross-check Musaffa/Zoya",
BHP,MINING,MINING-IRON/MANGANESE/MISC,87,95.1500015258789,0.24373455616186823,80.10;79.99;76.82;74.14;72.89;73.35;68.74;70.48;67.37;68.21;70.01;69.50;72.74;73.24;73.31;77.23;78.10;79.47;80.45;77.69;79.84;79.84;77.06;79.06;79.24;82.55;87.65;90.81;84.40;81.87;84.94;86.49;87.80;91.22;90.85;82.72;84.73;88.00;92.13;90.36;85.78;80.72;81.02;83.31;83.33;80.23;79.91;81.37;85.48;80.64;83.45;83.65;83.93;83.11;84.49;87.46;87.90;90.61;90.12;86.78;89.09;93.63;97.13;96.33;95.15,HALAL,"Business activity permissible — debt ratio not verified, cross-check Musaffa/Zoya",
CLF,MINING,MINING-IRON/MANGANESE/MISC,32,11.619999885559082,0.07792209400698846,10.79;10.66;11.08;10.68;9.55;9.28;8.46;8.35;8.18;8.03;8.54;8.11;8.45;8.40;8.71;9.23;9.34;9.66;9.94;9.13;9.09;10.61;10.25;10.51;10.65;10.65;11.24;10.99;10.31;10.15;10.70;11.98;13.29;13.58;14.15;13.53;12.72;13.71;13.63;12.68;11.89;10.57;9.95;9.39;9.86;9.54;9.40;9.71;9.85;9.28;9.25;10.96;12.25;11.38;11.52;12.31;12.23;12.49;12.25;11.90;11.88;10.74;11.30;11.54;11.62,HALAL,"Business activity permissible — debt ratio not verified, cross-check Musaffa/Zoya",
MTRN,MINING,MINING-IRON/MANGANESE/MISC,93,237.74000549316406,0.6282651590989916,161.33;162.86;161.06;150.21;145.05;143.19;135.82;144.29;135.25;137.81;147.93;141.21;144.47;148.93;150.67;162.77;167.12;162.72;181.72;178.14;183.02;181.32;172.33;187.99;196.68;190.82;202.78;210.79;204.76;193.76;209.86;222.65;222.10;222.94;228.38;220.62;231.13;245.85;251.99;263.75;277.52;269.46;286.85;297.21;265.27;247.05;256.58;246.60;250.85;244.98;254.68;248.46;241.68;189.23;210.72;226.97;278.10;279.50;283.09;282.97;263.87;232.72;229.84;236.05;237.74,HALAL,"Business activity permissible — debt ratio not verified, cross-check Musaffa/Zoya",
XRX,OFFICE,OFFICE EQUIPMENT/SUPPLIES,60,3.059999942779541,0.7873663294858062,1.74;1.75;1.65;1.83;1.67;1.70;1.61;1.41;1.43;1.31;1.37;1.36;1.28;1.25;1.26;1.27;1.26;1.46;1.72;1.80;1.66;1.61;1.56;2.68;2.62;2.35;2.64;2.52;2.56;2.55;2.48;2.99;3.02;3.07;3.22;3.29;3.36;3.44;3.39;3.12;3.04;3.12;3.28;3.13;2.80;2.67;2.78;2.77;2.70;2.77;2.74;2.61;2.73;2.64;2.95;3.23;3.23;3.25;3.14;3.10;2.97;2.84;2.85;2.98;3.06,HALAL,"Business activity permissible — debt ratio not verified, cross-check Musaffa/Zoya",
PBI,OFFICE,OFFICE EQUIPMENT/SUPPLIES,90,17.209999084472656,0.6922613097935799,10.44;10.60;10.43;10.75;10.54;10.34;10.02;10.25;10.06;10.44;10.78;10.74;10.92;10.90;10.87;11.27;11.43;11.74;12.69;14.45;15.18;15.55;15.56;15.34;15.35;15.39;15.71;15.16;15.56;15.52;15.41;15.42;15.71;16.82;16.41;16.76;16.68;17.04;17.14;17.28;17.04;17.27;18.02;17.42;16.72;16.94;17.60;18.03;18.09;18.40;18.35;17.75;18.05;17.56;17.43;18.28;17.85;16.97;16.60;16.42;16.17;16.17;16.53;17.01;17.21,HALAL,"Business activity permissible — debt ratio not verified, cross-check Musaffa/Zoya",
ESND,OFFICE,OFFICE EQUIPMENT/SUPPLIES,,,,,HALAL,"Business activity permissible — debt ratio not verified, cross-check Musaffa/Zoya",
ACCO,OFFICE,OFFICE EQUIPMENT/SUPPLIES,63,4.289999961853027,0.139062779427372,3.89;3.82;3.76;3.78;3.45;3.30;3.17;3.01;2.84;2.80;2.89;2.83;2.89;2.77;2.74;2.79;2.86;3.08;3.23;3.17;3.13;3.16;3.12;3.80;3.87;3.91;3.78;3.73;3.62;3.62;3.71;3.91;3.98;3.84;3.77;3.75;3.91;3.89;3.86;3.78;3.75;3.91;4.14;4.09;4.13;3.99;3.76;3.87;3.90;4.01;3.95;3.85;4.06;4.25;4.15;4.29;4.33;4.27;4.24;4.26;4.20;4.16;4.19;4.19;4.29,HALAL,"Business activity permissible — debt ratio not verified, cross-check Musaffa/Zoya",
HNI,OFFICE,OFFICE EQUIPMENT/SUPPLIES,83,49.130001068115234,0.020717519090403425,45.24;44.13;43.19;42.08;40.91;40.38;40.05;36.74;34.13;36.25;36.42;34.00;33.02;32.11;31.96;34.51;34.83;35.51;37.52;36.89;36.80;37.24;36.01;37.03;35.83;34.32;32.08;30.72;29.57;28.93;30.53;31.01;31.41;31.09;30.17;31.14;32.68;33.12;32.64;32.41;34.16;37.33;39.61;40.41;41.43;40.28;39.02;39.71;40.45;41.73;40.89;40.57;42.95;42.78;45.01;48.44;48.89;48.99;49.24;48.86;47.52;47.80;49.02;49.92;49.13,HALAL,"Business activity permissible — debt ratio not verified, cross-check Musaffa/Zoya",
MLHR,OFFICE,OFFICE EQUIPMENT/SUPPLIES,,,,,HALAL,"Business activity permissible — debt ratio not verified, cross-check Musaffa/Zoya",
SCS,OFFICE,OFFICE EQUIPMENT/SUPPLIES,,,,,HALAL,"Business activity permissible — debt ratio not verified, cross-check Musaffa/Zoya",
ZBRA,OFFICE,OFFICE-AUTOMATION,87,356.45001220703125,0.5409389629986909,239.01;223.96;225.38;229.67;213.78;213.67;202.72;209.06;206.19;205.87;208.45;202.64;209.08;202.84;212.51;223.07;226.09;229.64;234.43;236.67;226.87;221.00;215.54;227.08;228.39;228.62;216.96;246.76;259.35;247.15;242.26;252.44;247.90;249.96;249.30;232.11;234.20;222.44;240.05;232.98;245.69;247.78;251.53;263.26;267.18;264.65;272.65;266.71;255.17;267.40;262.40;256.95;264.59;282.98;293.82;368.83;364.24;378.08;378.37;376.03;366.42;360.52;363.30;359.84;356.45,HALAL,"Business activity permissible — debt ratio not verified, cross-check Musaffa/Zoya",
ABM,OFFICE,OFFICE-AUTOMATION,55,47.20000076293945,0.08470506056429183,43.17;43.88;43.62;43.62;42.68;40.30;38.23;37.63;36.98;37.70;37.98;36.97;37.98;38.47;38.05;39.19;39.26;39.47;40.09;40.00;40.25;39.85;39.52;40.72;40.44;40.49;39.13;38.52;39.12;38.63;39.86;39.77;39.57;38.85;38.93;42.26;43.93;45.86;43.71;43.20;43.57;44.28;45.17;43.95;44.27;45.17;44.43;45.36;46.47;47.58;46.95;47.34;48.46;49.36;47.91;49.18;48.55;47.92;48.43;48.13;47.10;47.10;46.86;47.77;47.20,HALAL,"Business activity permissible — debt ratio not verified, cross-check Musaffa/Zoya",
VRRM,OFFICE,OFFICE-AUTOMATION,2,4.389999866485596,-0.7635972030893913,16.18;16.71;16.79;16.50;16.25;15.73;14.95;14.85;14.51;14.64;14.28;13.88;14.29;14.52;14.56;14.91;14.90;14.98;15.22;15.35;15.11;15.08;14.87;14.89;14.50;14.63;13.79;13.43;13.10;13.28;13.37;13.08;4.13;4.89;4.13;4.31;4.61;4.50;4.98;4.71;4.47;4.39;4.50;4.25;4.30;4.22;4.22;4.52;4.29;4.12;4.12;3.90;4.19;5.10;5.29;5.58;5.12;4.74;4.70;4.72;4.45;4.66;4.47;4.42;4.39,HALAL,"Business activity permissible — debt ratio not verified, cross-check Musaffa/Zoya",
G,OFFICE,OFFICE-OUTSOURCING SVCS,38,38.02000045776367,0.023680280521273245,37.41;39.30;39.93;41.24;40.43;38.34;37.89;38.12;38.09;38.54;37.44;36.37;37.04;37.52;37.27;35.34;35.34;36.03;36.72;36.82;34.30;33.64;33.68;34.13;33.88;34.28;31.12;29.27;28.88;31.49;31.82;31.01;32.23;34.25;32.11;32.43;32.44;31.89;31.00;30.31;28.11;28.53;28.53;27.50;29.10;29.74;29.64;30.48;30.07;30.89;30.18;30.37;32.18;36.71;35.17;35.79;36.16;34.13;33.95;33.86;34.65;36.93;37.59;36.88;38.02,HALAL,"Business activity permissible — debt ratio not verified, cross-check Musaffa/Zoya",
EXLS,OFFICE,OFFICE-OUTSOURCING SVCS,63,38.400001525878906,0.34689586873373934,28.67;31.25;31.93;32.55;32.23;30.56;29.64;30.83;30.75;30.88;30.28;29.84;30.45;30.94;30.76;29.77;30.08;31.26;31.86;31.87;30.56;30.38;31.19;31.74;31.26;31.34;30.19;27.16;27.48;28.97;29.23;28.95;29.11;30.59;29.45;29.67;29.71;28.59;28.41;27.86;25.61;26.34;26.00;25.86;27.02;27.84;27.60;28.49;27.58;28.16;27.35;26.88;28.56;35.99;33.93;34.39;34.66;35.07;34.33;34.82;35.47;37.05;37.66;37.50;38.40,HALAL,"Business activity permissible — debt ratio not verified, cross-check Musaffa/Zoya",
WNS,OFFICE,OFFICE-OUTSOURCING SVCS,,,,,HALAL,"Business activity permissible — debt ratio not verified, cross-check Musaffa/Zoya",
GENI,OFFICE,OFFICE-OUTSOURCING SVCS,59,8.020000457763672,0.39965103509030486,5.92;6.21;6.47;5.86;5.39;5.21;5.33;4.99;4.70;4.70;4.60;4.33;4.43;4.56;4.23;4.07;4.14;4.81;4.89;4.65;4.35;4.42;4.25;4.35;4.33;4.78;4.41;4.21;4.24;5.01;4.89;5.31;5.60;6.05;5.89;5.93;6.76;7.03;6.87;6.20;5.94;5.66;6.20;6.06;6.43;6.47;6.17;6.61;6.41;6.30;6.65;6.43;7.27;7.31;6.93;8.08;7.83;7.56;7.65;8.38;7.49;7.93;7.99;7.62;8.02,HALAL,"Business activity permissible — debt ratio not verified, cross-check Musaffa/Zoya",
GPS,RETAIL,RETAIL-APPAREL/SHOES/ACC,,,,,HALAL,"Business activity permissible — debt ratio not verified, cross-check Musaffa/Zoya",
URBN,RETAIL,RETAIL-APPAREL/SHOES/ACC,59,81.08999633789062,0.23050067466305912,65.46;66.20;65.85;65.62;64.48;64.93;63.41;65.39;65.19;61.75;61.47;61.21;63.35;64.57;64.74;68.72;67.42;68.20;74.18;74.71;73.85;72.34;68.69;69.01;70.05;70.44;68.40;66.41;68.95;68.88;73.76;75.42;74.85;71.52;72.57;71.30;73.78;77.38;77.01;72.47;72.75;72.32;73.54;70.86;70.72;68.21;69.27;69.85;72.95;72.98;73.74;69.61;72.61;75.40;74.18;78.88;77.67;79.49;77.47;77.81;74.59;72.65;76.05;82.95;81.09,HALAL,"Business activity permissible — debt ratio not verified, cross-check Musaffa/Zoya",
ANF,RETAIL,RETAIL-APPAREL/SHOES/ACC,96,148.4199981689453,0.6026346743415909,95.91;97.80;99.22;88.40;86.27;87.28;81.86;86.42;88.74;87.51;88.55;89.13;91.37;92.25;97.96;103.49;93.30;91.45;94.36;95.24;89.23;86.59;84.09;84.54;78.51;78.51;72.33;71.90;70.57;72.14;76.49;74.78;82.18;75.65;76.42;75.34;83.67;90.62;91.10;84.71;86.07;88.83;91.51;90.01;92.42;89.02;89.23;91.59;97.19;95.24;92.06;90.89;99.35;102.49;99.54;110.20;110.48;118.53;112.23;108.13;103.38;105.02;112.36;147.75;148.42,HALAL,"Business activity permissible — debt ratio not verified, cross-check Musaffa/Zoya",
AEO,RETAIL,RETAIL-APPAREL/SHOES/ACC,27,16.8700008392334,-0.27641619020123254,23.70;24.22;21.92;19.06;18.21;17.91;17.33;17.28;17.25;16.63;16.29;15.90;16.46;16.60;17.11;18.28;17.94;19.27;19.27;19.17;18.05;17.76;16.99;16.81;16.54;16.52;15.40;15.30;15.18;15.24;16.43;17.00;17.79;16.02;16.22;16.32;17.44;18.15;18.32;16.97;17.66;18.36;17.75;17.07;16.34;16.40;16.56;16.03;17.41;17.03;17.36;17.08;17.77;17.54;17.18;18.08;17.72;18.32;16.24;16.17;16.35;16.00;16.87;17.59;16.87,HALAL,"Business activity permissible — debt ratio not verified, cross-check Musaffa/Zoya",
BURL,RETAIL,RETAIL-APPAREL/SHOES/ACC,14,272.95001220703125,-0.12341830584222746,307.46;306.87;300.38;321.47;301.52;303.88;296.70;308.55;311.99;318.59;329.27;312.75;325.38;328.73;327.69;338.40;332.39;339.20;347.26;341.69;329.62;326.32;316.53;318.00;312.71;306.60;292.21;286.26;293.60;286.10;316.04;326.57;300.52;314.01;328.70;317.05;324.42;342.37;336.60;330.76;340.27;337.79;320.77;316.80;313.18;316.12;321.44;327.59;345.24;345.31;354.70;339.48;358.01;371.13;368.48;367.82;371.15;371.50;353.63;347.67;336.95;333.23;330.64;313.99;272.95,HALAL,"Business activity permissible — debt ratio not verified, cross-check Musaffa/Zoya",
ROST,RETAIL,RETAIL-APPAREL/SHOES/ACC,70,228.5500030517578,0.13668216594930227,200.71;204.80;196.83;213.95;211.29;212.00;205.88;208.78;210.25;212.67;215.61;211.28;216.21;219.55;215.92;224.47;220.52;223.71;227.37;225.15;226.48;225.73;224.64;228.39;226.97;224.04;214.13;211.35;212.33;212.26;216.77;234.22;226.76;223.63;232.16;229.92;229.45;239.11;236.77;233.25;236.97;228.59;213.26;212.85;213.43;214.67;220.60;219.46;225.81;233.46;235.81;232.39;243.35;251.96;251.07;251.06;254.31;254.83;248.25;245.36;236.38;228.99;241.52;236.27;228.55,HALAL,"Business activity permissible — debt ratio not verified, cross-check Musaffa/Zoya",
TJX,RETAIL,RETAIL-APPAREL/SHOES/ACC,15,135.1199951171875,-0.13761000428895476,154.82;160.63;158.69;159.90;157.13;156.87;154.44;154.39;153.69;155.50;158.72;154.13;158.68;160.26;156.57;163.94;158.31;159.20;159.65;158.23;157.34;156.47;155.07;155.83;153.97;153.49;147.96;146.09;146.97;150.21;156.96;158.47;154.40;152.27;157.40;160.20;164.35;167.81;166.80;163.61;163.65;164.65;154.94;151.02;153.77;153.63;150.43;150.06;150.50;153.97;154.56;153.00;155.89;161.12;156.85;157.05;161.55;158.32;152.13;152.11;150.85;140.69;140.71;136.83;135.12,HALAL,"Business activity permissible — debt ratio not verified, cross-check Musaffa/Zoya",
DKS,RETAIL,RETAIL-APPAREL/SHOES/ACC,3,135.08999633789062,-0.3530003887877131,212.17;201.18;199.03;199.78;193.54;193.17;189.85;188.34;190.71;190.19;191.67;188.30;197.18;190.68;199.23;211.43;209.39;215.77;223.11;227.53;223.21;228.06;218.77;223.37;214.29;220.96;219.02;213.42;215.27;210.37;220.49;231.83;225.05;215.75;222.92;213.63;218.35;222.70;220.04;224.83;238.57;236.93;239.17;226.81;236.18;223.13;217.32;216.10;208.89;217.36;208.41;204.36;205.60;205.99;195.91;200.74;198.62;214.10;202.66;201.97;191.52;179.34;179.33;129.66;135.09,HALAL,"Business activity permissible — debt ratio not verified, cross-check Musaffa/Zoya",
FL,RETAIL,RETAIL-APPAREL/SHOES/ACC,,,,,HALAL,"Business activity permissible — debt ratio not verified, cross-check Musaffa/Zoya",
BOOT,RETAIL,RETAIL-APPAREL/SHOES/ACC,15,154.85000610351562,-0.204265152894473,197.57;189.22;186.80;184.76;173.87;169.31;164.11;160.49;162.40;161.19;157.10;149.23;146.36;135.16;149.87;157.82;156.40;157.95;163.09;165.89;163.19;170.28;166.74;171.47;165.90;163.37;153.10;145.24;143.85;141.54;154.49;164.09;170.77;169.84;170.69;167.60;170.81;174.98;165.88;165.72;178.46;177.48;177.58;164.27;157.72;158.03;157.37;164.32;154.19;152.47;149.05;147.76;155.12;150.89;148.99;163.28;164.04;168.59;160.74;163.32;158.09;160.22;161.81;159.72;154.85,HALAL,"Business activity permissible — debt ratio not verified, cross-check Musaffa/Zoya",
ZUMZ,RETAIL,RETAIL-APPAREL/SHOES/ACC,9,18.18000030517578,-0.2768496123089996,26.24;26.22;25.13;24.39;23.28;23.18;21.43;21.51;21.05;21.57;22.33;21.34;22.16;21.61;22.65;24.51;24.54;24.42;24.97;25.02;24.64;24.58;23.96;24.37;24.02;25.03;23.17;23.28;22.65;22.96;23.48;24.08;25.32;23.32;23.11;17.39;19.10;18.51;18.36;17.46;18.20;19.11;18.25;17.80;17.55;17.55;17.89;18.17;18.71;18.69;18.83;18.79;19.46;19.55;19.67;19.94;19.65;19.53;18.82;18.64;18.05;17.47;18.51;18.45;18.18,HALAL,"Business activity permissible — debt ratio not verified, cross-check Musaffa/Zoya",
BKE,RETAIL,RETAIL-APPAREL/SHOES/ACC,10,43.43000030517578,-0.16766990555303252,53.08;52.76;51.80;51.83;49.42;49.74;49.54;49.76;48.76;49.28;50.05;48.55;49.62;49.40;50.54;54.89;53.69;52.27;54.17;55.25;55.94;56.03;54.85;54.81;53.17;51.93;49.77;48.06;47.83;47.50;48.62;48.55;50.06;43.32;43.16;44.45;43.99;44.73;43.65;43.81;44.45;44.20;42.88;41.85;41.84;42.34;41.24;42.20;43.23;42.47;42.64;41.99;43.61;45.00;43.77;45.59;45.72;46.65;45.32;44.11;43.11;42.64;44.41;44.17;43.43,HALAL,"Business activity permissible — debt ratio not verified, cross-check Musaffa/Zoya",
EXPR,RETAIL,RETAIL-APPAREL/SHOES/ACC,,,,,HALAL,"Business activity permissible — debt ratio not verified, cross-check Musaffa/Zoya",
CHS,RETAIL,RETAIL-APPAREL/SHOES/ACC,,,,,HALAL,"Business activity permissible — debt ratio not verified, cross-check Musaffa/Zoya",
TLYS,RETAIL,RETAIL-APPAREL/SHOES/ACC,97,3.9600000381469727,1.828571503989552,1.42;1.44;1.42;1.48;1.57;1.63;2.69;2.89;3.67;4.01;4.15;4.09;4.05;4.20;4.60;5.03;5.10;5.18;5.15;5.06;4.27;3.68;3.93;4.40;4.40;4.16;3.91;3.62;4.04;4.34;4.26;4.48;4.57;4.33;4.44;5.13;5.31;5.31;5.10;4.56;4.70;4.30;4.10;4.20;3.94;4.25;4.18;4.12;4.15;3.96;3.84;3.80;3.83;3.74;3.81;4.25;4.12;4.25;3.97;3.99;3.67;3.83;3.74;3.93;3.96,HALAL,"Business activity permissible — debt ratio not verified, cross-check Musaffa/Zoya",
BBY,RETAIL,RETAIL-CONSUMER ELECTRONICS,75,82.44000244140625,0.3524000097122302,60.59;60.24;64.11;63.77;64.12;61.39;60.84;60.87;62.40;62.22;59.61;62.15;63.36;63.65;63.18;63.68;60.05;62.56;64.87;65.72;60.69;58.49;57.96;59.26;56.52;57.77;56.86;54.79;55.54;58.51;60.35;62.39;73.76;74.00;70.79;70.60;74.13;76.09;76.39;72.14;76.01;77.63;77.71;75.88;77.99;78.72;79.99;81.65;85.37;85.41;85.22;84.43;88.45;90.17;86.26;86.35;80.02;82.43;83.00;86.42;87.27;85.73;87.48;87.44;82.44,HALAL,"Business activity permissible — debt ratio not verified, cross-check Musaffa/Zoya",
GME,RETAIL,RETAIL-CONSUMER ELECTRONICS,7,17.8700008392334,-0.2440777791619413,24.22;24.03;23.82;23.88;24.80;24.46;23.53;23.59;23.23;23.03;23.08;22.10;23.04;23.36;23.43;22.87;23.40;24.79;24.55;24.46;25.01;25.41;24.52;26.53;24.23;23.97;23.17;22.08;21.59;22.10;22.49;21.91;21.68;21.36;22.18;21.80;22.28;22.18;21.74;21.51;21.14;21.44;21.76;22.08;22.82;22.20;21.95;22.03;22.26;21.89;21.79;21.35;21.52;21.84;21.72;19.21;19.23;18.79;18.54;18.66;17.95;18.04;18.04;17.97;17.87,HALAL,"Business activity permissible — debt ratio not verified, cross-check Musaffa/Zoya",
HSII,RETAIL,RETAIL-CONSUMER ELECTRONICS,,,,,HALAL,"Business activity permissible — debt ratio not verified, cross-check Musaffa/Zoya",
CASY,RETAIL,RETAIL-CONVENIENCE STORES,65,755.469970703125,0.12625385802469147,674.77;684.60;677.24;669.94;663.58;684.01;659.92;690.78;664.20;676.04;713.20;713.21;726.81;742.35;740.75;757.67;733.94;735.77;753.63;780.69;788.68;803.34;780.37;835.29;861.70;850.31;876.41;887.69;852.11;851.51;824.18;808.80;780.38;745.02;773.61;761.34;760.61;915.59;871.74;850.21;831.05;800.75;778.05;794.19;796.82;801.39;821.38;858.46;807.88;858.48;857.62;874.59;852.74;866.51;871.00;850.66;832.42;854.46;839.03;846.45;855.00;828.38;854.21;807.12;755.47,HALAL,"Business activity permissible — debt ratio not verified, cross-check Musaffa/Zoya",
MUSA,RETAIL,RETAIL-CONVENIENCE STORES,64,503.19000244140625,0.28812464283384553,383.23;389.85;409.08;417.24;435.79;443.90;455.68;457.46;479.18;457.72;476.27;505.09;492.84;501.26;524.65;495.10;494.30;499.41;490.01;511.28;531.55;516.46;513.28;595.56;603.14;579.48;576.62;587.29;560.40;568.93;543.89;530.55;510.99;515.09;541.54;545.89;555.70;621.36;586.16;571.22;550.69;530.48;525.73;538.26;560.11;574.98;584.07;610.10;592.98;617.86;610.40;622.04;609.74;615.53;607.07;588.87;535.57;552.21;546.31;568.47;573.46;569.55;567.90;531.64;503.19,HALAL,"Business activity permissible — debt ratio not verified, cross-check Musaffa/Zoya",
SVH,RETAIL,RETAIL-CONVENIENCE STORES,,,,,HALAL,"Business activity permissible — debt ratio not verified, cross-check Musaffa/Zoya",
M,RETAIL,RETAIL-DEPARTMENT STORES,71,22.010000228881836,0.054473300154896265,19.92;19.41;17.94;18.83;17.64;17.14;16.92;16.79;17.91;17.89;18.36;17.80;17.95;17.69;17.96;19.00;19.08;19.01;19.39;20.09;20.03;19.86;19.15;19.54;19.13;19.08;18.55;18.29;18.27;18.91;20.46;21.51;22.28;21.64;21.64;21.99;22.01;24.85;24.68;23.89;24.66;25.34;25.96;23.55;23.25;23.13;22.68;22.78;23.76;23.68;23.80;23.33;24.96;24.76;24.82;26.21;25.13;24.90;23.79;23.41;23.23;22.58;23.18;22.82;22.01,HALAL,"Business activity permissible — debt ratio not verified, cross-check Musaffa/Zoya",
JWN,RETAIL,RETAIL-DEPARTMENT STORES,,,,,HALAL,"Business activity permissible — debt ratio not verified, cross-check Musaffa/Zoya",
KSS,RETAIL,RETAIL-DEPARTMENT STORES,71,17.5,-0.018036057130680683,16.86;16.08;15.11;15.39;14.54;13.55;12.95;12.47;12.75;13.05;12.60;12.36;12.80;12.72;12.80;13.59;13.36;14.19;14.41;15.75;14.94;15.14;13.87;14.55;14.14;14.24;12.99;11.99;11.68;11.65;12.60;13.19;15.47;14.78;15.40;15.34;15.92;17.32;17.20;16.59;17.60;18.91;19.26;17.72;18.19;16.76;16.31;16.55;17.10;17.30;18.13;18.20;18.49;19.06;19.14;20.10;18.45;19.03;19.27;19.21;18.70;17.33;18.30;17.94;17.50,HALAL,"Business activity permissible — debt ratio not verified, cross-check Musaffa/Zoya",
DDS,RETAIL,RETAIL-DEPARTMENT STORES,47,620.2899780273438,-0.039010960071721223,599.59;602.13;611.13;619.89;588.72;601.93;582.02;580.05;601.48;568.34;566.66;554.40;571.79;572.04;574.63;606.37;593.36;606.15;605.43;622.53;603.19;594.82;561.77;565.20;558.81;553.15;556.48;532.62;538.39;530.70;551.54;576.43;608.34;587.86;610.80;605.93;608.85;613.94;565.46;558.48;569.04;581.21;577.64;528.42;547.21;521.45;510.39;525.51;536.56;550.93;568.27;560.97;573.95;589.15;588.34;618.14;617.07;633.98;636.02;560.88;584.60;597.94;642.63;632.05;620.29,HALAL,"Business activity permissible — debt ratio not verified, cross-check Musaffa/Zoya",
WMT,RETAIL,RETAIL-DISCOUNT & VARIETY,16,103.08999633789062,-0.1753716826273154,124.95;127.14;127.10;122.53;123.55;122.71;125.72;124.29;120.32;120.20;122.53;122.36;123.75;125.25;121.96;128.58;124.04;124.22;126.95;129.04;131.46;127.04;127.46;131.04;130.23;129.64;127.29;131.16;131.14;133.88;121.05;118.29;118.62;114.33;116.61;118.60;118.60;120.21;120.53;117.85;116.90;118.72;115.41;112.99;111.57;111.27;111.94;114.51;112.26;113.97;110.13;108.14;111.47;113.95;110.93;111.28;111.80;112.39;115.73;114.99;114.92;103.59;106.49;104.34;103.09,HALAL,"Business activity permissible — debt ratio not verified, cross-check Musaffa/Zoya",
TGT,RETAIL,RETAIL-DISCOUNT & VARIETY,,,,,HALAL,"Business activity permissible — debt ratio not verified, cross-check Musaffa/Zoya",
DG,RETAIL,RETAIL-DISCOUNT & VARIETY,49,122.88999938964844,-0.18834205269551096,153.28;154.71;151.54;145.12;144.10;143.42;130.55;129.65;122.24;123.89;118.38;116.02;117.57;118.57;120.59;119.14;118.65;120.94;126.04;123.48;121.44;116.75;113.55;113.85;116.42;115.88;104.10;101.23;101.86;102.95;104.58;103.08;109.34;109.37;104.56;103.17;108.82;113.76;115.80;108.14;111.89;118.57;118.90;114.53;117.57;115.43;115.73;123.44;121.28;125.75;123.20;115.16;123.22;128.68;127.05;127.26;127.45;122.42;119.60;123.28;120.84;120.58;125.33;122.78;122.89,HALAL,"Business activity permissible — debt ratio not verified, cross-check Musaffa/Zoya",
DLTR,RETAIL,RETAIL-DISCOUNT & VARIETY,68,128.25999450683594,-0.016486535502629684,127.70;126.48;118.41;115.91;115.85;113.25;107.46;111.84;105.56;108.27;106.64;107.00;109.51;108.44;106.42;102.60;102.13;101.33;105.93;103.83;102.25;98.00;95.70;94.67;93.69;96.76;90.02;86.80;89.58;90.61;95.71;93.70;113.00;111.35;112.50;108.80;112.15;114.89;112.88;106.41;113.93;119.35;123.87;120.95;124.05;122.65;120.92;126.38;127.03;125.94;125.74;117.65;125.54;128.95;127.21;130.71;129.68;129.37;128.61;129.39;130.48;128.45;136.75;132.18;128.26,HALAL,"Business activity permissible — debt ratio not verified, cross-check Musaffa/Zoya",
FIVE,RETAIL,RETAIL-DISCOUNT & VARIETY,85,241.88999938964844,0.1030599060397015,223.10;223.53;221.55;221.65;219.82;218.54;210.36;214.00;235.17;230.50;233.65;221.72;228.48;235.39;226.53;225.19;221.19;223.32;236.26;237.10;238.20;234.25;228.14;230.52;226.72;221.25;208.15;209.99;213.64;214.39;219.79;221.07;224.90;226.22;222.89;190.47;190.83;201.97;193.92;191.26;193.45;187.75;188.37;179.79;182.43;176.25;184.24;191.53;193.03;202.63;203.71;201.31;207.14;209.49;217.13;222.30;231.12;235.36;238.15;244.54;238.51;236.31;262.72;257.35;241.89,HALAL,"Business activity permissible — debt ratio not verified, cross-check Musaffa/Zoya",
OLLI,RETAIL,RETAIL-DISCOUNT & VARIETY,5,72.41999816894531,-0.324566337022558,106.40;107.10;103.56;109.23;106.28;103.37;109.25;104.09;101.74;94.45;91.01;89.24;92.04;95.22;96.08;92.39;91.69;95.23;94.82;88.14;88.25;92.05;85.40;85.61;81.78;81.77;75.73;74.22;78.49;79.69;83.07;80.62;82.54;80.86;79.74;76.70;77.88;83.65;85.00;77.47;73.42;74.09;71.91;76.88;74.21;68.03;63.72;65.33;65.46;66.51;66.00;65.24;66.77;71.37;73.47;77.10;77.97;79.38;78.25;76.49;76.21;74.75;76.35;74.27;72.42,HALAL,"Business activity permissible — debt ratio not verified, cross-check Musaffa/Zoya",
BIG,RETAIL,RETAIL-DISCOUNT & VARIETY,,,,,HALAL,"Business activity permissible — debt ratio not verified, cross-check Musaffa/Zoya",
PSMT,RETAIL,RETAIL-DISCOUNT & VARIETY,,,,,HALAL,"Business activity permissible — debt ratio not verified, cross-check Musaffa/Zoya",
RH,RETAIL,RETAIL-HOME FURNISHINGS,15,149.49000549316406,-0.21063469406040092,184.01;165.71;155.85;151.61;141.36;140.13;128.37;136.25;134.51;130.17;136.94;130.85;139.82;113.46;114.33;123.80;126.22;129.52;141.04;138.61;138.09;136.05;131.97;129.97;123.48;133.65;129.20;128.88;123.17;122.14;139.08;138.46;149.15;149.33;152.45;146.63;150.09;159.32;148.12;135.67;146.71;156.54;159.04;164.73;169.08;163.70;168.33;161.82;190.26;187.88;180.51;166.08;179.57;176.14;165.52;188.20;187.97;183.57;180.25;181.76;171.05;156.41;143.34;148.57;149.49,HALAL,"Business activity permissible — debt ratio not verified, cross-check Musaffa/Zoya",
WSM,RETAIL,RETAIL-HOME FURNISHINGS,66,235.08999633789062,0.17304718240713002,207.70;204.15;198.13;192.18;186.93;184.42;178.68;180.84;181.25;182.38;180.60;174.01;181.00;178.86;178.62;189.92;192.11;191.47;198.03;201.61;191.75;191.41;180.58;179.39;179.67;182.81;175.51;171.49;168.08;171.19;191.30;197.72;204.92;201.47;206.42;204.30;212.46;218.01;222.55;220.41;225.31;234.88;238.39;232.32;226.77;221.75;219.04;215.93;222.10;228.41;221.13;218.60;234.39;233.81;228.66;248.88;246.89;250.82;245.15;241.58;241.39;235.70;237.77;237.43;235.09,HALAL,"Business activity permissible — debt ratio not verified, cross-check Musaffa/Zoya",
BBY,RETAIL,RETAIL-HOME FURNISHINGS,75,82.44000244140625,0.3524000097122302,60.59;60.24;64.11;63.77;64.12;61.39;60.84;60.87;62.40;62.22;59.61;62.15;63.36;63.65;63.18;63.68;60.05;62.56;64.87;65.72;60.69;58.49;57.96;59.26;56.52;57.77;56.86;54.79;55.54;58.51;60.35;62.39;73.76;74.00;70.79;70.60;74.13;76.09;76.39;72.14;76.01;77.63;77.71;75.88;77.99;78.72;79.99;81.65;85.37;85.41;85.22;84.43;88.45;90.17;86.26;86.35;80.02;82.43;83.00;86.42;87.27;85.73;87.48;87.44;82.44,HALAL,"Business activity permissible — debt ratio not verified, cross-check Musaffa/Zoya",
BBBY,RETAIL,RETAIL-HOME FURNISHINGS,,,,;;;;;;;;;;;;;;;;;;;;;;;;;;;;;;;;;;;;;;;;;;;;;;;;;5.03;5.20;4.94;5.37;5.03;5.05;5.56;4.50;4.44;4.23;4.35;4.26;4.17;3.90;4.01;,HALAL,"Business activity permissible — debt ratio not verified, cross-check Musaffa/Zoya",
ARHS,RETAIL,RETAIL-HOME FURNISHINGS,54,8.979999542236328,0.1204132775503195,7.99;7.86;7.62;7.49;7.02;6.87;6.77;7.10;7.09;6.84;6.85;6.50;6.78;6.38;6.27;6.61;6.85;7.12;7.79;7.97;7.52;7.53;7.34;7.58;7.26;7.07;6.12;5.87;5.75;5.78;6.39;6.44;6.86;6.61;6.51;6.33;6.68;7.07;7.45;6.88;6.95;7.83;8.41;8.42;8.62;8.14;7.90;7.73;8.03;7.69;7.54;7.18;7.88;7.59;7.41;8.28;9.68;9.44;9.65;9.81;10.03;9.65;9.24;8.94;8.98,HALAL,"Business activity permissible — debt ratio not verified, cross-check Musaffa/Zoya",
LZB,RETAIL,RETAIL-HOME FURNISHINGS,17,32.56999969482422,-0.06418241473628028,35.45;35.25;35.12;35.06;33.65;32.96;33.59;32.86;32.33;32.62;32.50;31.73;31.93;31.40;31.33;32.99;33.41;34.00;35.64;36.15;35.67;35.70;34.98;34.91;34.36;35.33;35.21;34.25;34.08;33.85;36.54;37.04;37.90;37.14;36.27;36.33;37.33;38.99;37.78;40.24;39.99;41.85;40.95;40.12;39.91;39.09;39.31;38.77;39.93;39.87;39.22;38.84;40.38;40.93;39.38;41.73;40.64;41.40;41.06;41.85;40.83;33.65;32.12;32.34;32.57,HALAL,"Business activity permissible — debt ratio not verified, cross-check Musaffa/Zoya",
FND,RETAIL,RETAIL-HOME FURNISHINGS,13,53.0,-0.22446586420704084,68.51;69.09;66.38;62.65;59.81;58.09;57.00;56.40;53.26;52.37;52.77;50.27;50.80;47.47;47.65;52.56;50.20;53.19;54.07;52.84;50.95;49.81;47.67;50.57;48.30;51.52;48.76;45.61;43.49;44.22;48.42;48.30;51.42;50.62;49.56;47.41;49.74;53.77;53.13;50.08;50.78;56.94;59.61;59.36;59.04;56.58;55.58;54.95;56.40;56.79;53.37;53.04;55.41;55.76;57.57;60.70;59.99;59.17;59.33;58.57;56.05;54.70;54.87;54.31;53.00,HALAL,"Business activity permissible — debt ratio not verified, cross-check Musaffa/Zoya",
HVT,RETAIL,RETAIL-HOME FURNISHINGS,,,,,HALAL,"Business activity permissible — debt ratio not verified, cross-check Musaffa/Zoya",
ETD,RETAIL,RETAIL-HOME FURNISHINGS,47,23.469999313354492,0.07482486873944882,21.95;21.71;21.42;21.25;21.11;20.90;21.11;21.29;21.14;21.49;21.41;21.12;21.22;21.22;20.23;21.16;21.20;21.24;21.64;21.74;21.43;21.55;21.17;19.84;19.31;19.48;18.71;18.17;18.33;18.55;19.19;19.46;20.47;20.08;19.99;20.11;20.99;21.53;20.88;20.50;20.75;22.07;21.92;21.74;21.10;20.82;20.78;21.53;22.27;22.16;22.23;21.89;22.64;22.95;21.79;23.24;22.87;22.87;22.60;22.84;22.37;22.93;23.28;23.60;23.47,HALAL,"Business activity permissible — debt ratio not verified, cross-check Musaffa/Zoya",
AMZN,RETAIL,RETAIL-INTERNET,52,266.42999267578125,0.2979489800279873,210.64;210.00;208.73;218.94;213.49;212.65;207.67;215.20;208.76;210.14;211.71;199.34;208.27;209.77;213.77;233.65;239.89;248.50;250.56;249.91;255.08;261.12;263.04;268.26;273.55;271.17;268.99;270.13;264.14;259.34;268.46;265.29;274.00;261.26;250.02;246.03;244.19;241.51;246.02;237.50;232.79;234.27;232.69;238.34;242.67;245.98;247.04;247.31;254.96;247.23;247.55;233.66;231.39;226.65;271.58;277.42;272.26;278.09;267.28;262.65;259.45;260.11;262.07;260.28;266.43,HALAL,"E-commerce + AWS halal core; AWS dominant — debt ratio not verified, cross-check Musaffa/Zoya",
CHWY,RETAIL,RETAIL-INTERNET,12,23.260000228881836,-0.058680651935028805,26.46;27.42;26.84;26.07;26.15;25.70;25.47;25.22;24.28;23.59;26.57;26.12;27.00;26.87;26.22;26.00;25.36;27.17;27.52;27.74;25.65;25.22;25.96;25.54;24.54;23.67;22.49;21.65;21.28;19.66;19.93;21.25;21.38;22.28;21.04;20.64;20.40;18.77;19.34;17.77;17.51;19.01;18.55;19.65;20.85;20.73;20.67;20.32;21.21;20.93;21.51;20.46;21.80;23.30;22.60;24.10;23.43;22.59;22.35;22.42;23.04;23.88;24.50;22.97;23.26,HALAL,"Business activity permissible — debt ratio not verified, cross-check Musaffa/Zoya",
ETSY,RETAIL,RETAIL-INTERNET,87,83.58999633789062,0.5961427924910265,53.44;54.88;54.46;56.63;55.78;52.69;52.02;54.92;54.76;52.49;48.23;47.31;49.98;51.64;53.94;53.42;55.34;57.92;61.90;65.19;63.48;65.11;69.60;63.17;62.95;64.02;59.86;57.40;58.07;57.61;60.74;64.33;66.78;69.00;67.05;66.86;68.76;69.44;72.19;72.83;72.54;78.02;78.04;75.33;76.97;77.59;77.72;80.53;85.74;84.10;81.69;80.91;83.84;85.58;81.68;86.43;82.26;80.40;79.63;79.90;79.96;81.21;87.03;81.74;83.59,HALAL,"Business activity permissible — debt ratio not verified, cross-check Musaffa/Zoya",
W,RETAIL,RETAIL-INTERNET,82,103.76000213623047,0.41227712552415086,75.75;76.33;75.48;78.55;75.72;75.11;75.75;79.89;76.27;76.56;79.75;71.50;75.21;72.61;69.78;73.06;72.81;76.92;81.33;80.07;76.94;75.77;73.27;65.50;63.20;66.20;61.38;60.06;58.22;57.40;66.34;71.92;72.75;72.60;69.38;68.35;71.34;77.68;82.99;81.59;85.04;92.79;94.47;92.42;94.50;93.25;90.29;86.37;91.67;89.31;84.81;82.68;94.53;89.03;84.90;116.08;104.07;103.26;102.94;101.63;101.69;103.31;103.19;104.00;103.76,HALAL,"Business activity permissible — debt ratio not verified, cross-check Musaffa/Zoya",
CVNA,RETAIL,RETAIL-INTERNET,45,74.04000091552734,0.13872661855055335,66.98;66.83;63.80;66.23;65.65;61.90;60.03;62.95;58.84;59.92;61.71;60.41;62.88;62.78;64.04;65.39;71.85;74.22;77.51;80.18;80.60;81.35;79.32;76.52;75.82;80.00;76.23;69.90;67.17;63.35;64.39;70.15;73.49;71.00;63.65;66.51;69.61;67.82;68.90;62.86;66.67;67.91;62.35;65.82;68.60;67.49;67.12;64.99;70.59;67.34;65.58;60.19;64.04;66.32;62.36;68.03;68.34;74.16;72.48;75.59;65.00;71.52;72.33;73.95;74.04,HALAL,"Business activity permissible — debt ratio not verified, cross-check Musaffa/Zoya",
CARG,RETAIL,RETAIL-INTERNET,,,,,HALAL,"Business activity permissible — debt ratio not verified, cross-check Musaffa/Zoya",
CARS,RETAIL,RETAIL-INTERNET,50,11.9399995803833,0.125353437016281,10.74;8.54;8.24;8.40;7.98;7.62;7.58;8.02;8.16;8.23;8.27;7.96;8.12;8.30;9.31;9.09;9.87;10.18;10.59;10.97;10.78;11.07;10.97;11.07;11.16;12.33;10.93;10.40;9.85;9.79;9.57;9.74;10.18;9.91;9.18;9.21;9.64;9.56;9.74;9.82;9.89;10.32;10.75;10.94;11.32;11.22;11.03;11.10;11.79;11.99;11.87;11.42;11.80;12.91;11.85;11.95;11.74;12.19;12.10;12.38;11.87;12.27;12.36;11.97;11.94,HALAL,"Business activity permissible — debt ratio not verified, cross-check Musaffa/Zoya",
VRT,RETAIL,RETAIL-INTERNET,71,257.0799865722656,0.04797765059972292,262.07;254.78;244.33;249.64;264.23;268.14;258.76;268.35;269.11;255.95;276.10;251.02;250.53;261.24;262.25;287.58;299.90;301.10;307.28;312.38;321.68;322.36;306.12;328.24;340.95;339.94;367.84;369.91;370.86;322.56;323.33;323.84;314.11;323.32;331.37;300.45;289.46;297.82;311.93;317.58;357.96;316.43;303.95;334.82;300.53;305.58;323.92;305.87;304.57;289.56;304.50;304.04;287.60;223.04;241.57;269.93;275.17;270.10;288.36;293.84;272.54;264.63;254.97;263.81;257.08,HALAL,"Business activity permissible — debt ratio not verified, cross-check Musaffa/Zoya",
REAL,RETAIL,RETAIL-INTERNET,48,10.930000305175781,-0.0036463045468877464,12.02;12.26;11.63;11.37;10.87;10.04;9.56;9.94;9.22;9.33;9.15;8.57;9.08;9.12;9.22;9.69;10.36;10.50;12.08;11.61;12.54;11.66;11.77;11.77;12.72;12.40;9.97;9.41;9.06;8.97;9.27;9.50;9.81;9.70;9.12;8.87;9.54;9.84;11.07;11.39;12.35;12.86;12.16;11.79;11.58;10.93;10.55;10.68;11.26;11.21;11.92;11.37;11.66;11.69;12.09;12.72;12.77;11.91;11.17;11.40;11.05;11.65;11.27;10.93;10.93,HALAL,"Business activity permissible — debt ratio not verified, cross-check Musaffa/Zoya",
SIG,RETAIL,RETAIL-JEWELRY,21,82.69999694824219,-0.11791601494935955,97.51;95.44;96.37;92.99;90.90;84.82;81.57;84.30;88.86;89.05;89.16;83.39;83.98;84.19;87.04;92.34;92.20;91.97;93.84;95.16;89.32;87.43;84.67;85.37;81.67;87.65;82.81;77.72;75.69;73.84;81.08;83.72;86.65;84.49;85.02;82.96;86.41;91.39;88.37;86.14;86.39;84.76;87.20;85.86;83.79;83.13;83.20;84.27;86.69;91.29;89.92;89.32;95.74;98.86;92.90;97.31;93.88;94.48;92.53;90.57;84.76;81.02;83.45;83.76;82.70,HALAL,"Business activity permissible — debt ratio not verified, cross-check Musaffa/Zoya",
BIRD,RETAIL,RETAIL-JEWELRY,4,2.5399999618530273,-0.0018773475041621301,2.47;2.48;2.41;2.28;2.72;2.82;2.70;2.85;2.79;2.81;3.12;2.78;2.63;2.33;2.20;2.23;2.21;14.86;9.44;7.43;7.00;5.86;5.89;5.65;4.91;5.44;4.67;4.05;3.86;3.51;3.64;3.35;3.73;3.66;3.59;3.35;3.44;3.39;3.36;4.79;4.82;4.26;3.86;3.50;3.37;3.03;3.03;2.62;2.59;2.36;2.40;2.24;2.19;1.93;1.94;1.99;2.10;2.26;2.24;2.23;2.11;2.16;2.41;2.38;2.54,HALAL,"Business activity permissible — debt ratio not verified, cross-check Musaffa/Zoya",
PNDORA,RETAIL,RETAIL-JEWELRY,,,,,HALAL,"Business activity permissible — debt ratio not verified, cross-check Musaffa/Zoya",
DKS,RETAIL,RETAIL-LEISURE PRODUCTS,3,135.08999633789062,-0.3530003887877131,212.17;201.18;199.03;199.78;193.54;193.17;189.85;188.34;190.71;190.19;191.67;188.30;197.18;190.68;199.23;211.43;209.39;215.77;223.11;227.53;223.21;228.06;218.77;223.37;214.29;220.96;219.02;213.42;215.27;210.37;220.49;231.83;225.05;215.75;222.92;213.63;218.35;222.70;220.04;224.83;238.57;236.93;239.17;226.81;236.18;223.13;217.32;216.10;208.89;217.36;208.41;204.36;205.60;205.99;195.91;200.74;198.62;214.10;202.66;201.97;191.52;179.34;179.33;129.66;135.09,HALAL,"Business activity permissible — debt ratio not verified, cross-check Musaffa/Zoya",
BOOT,RETAIL,RETAIL-LEISURE PRODUCTS,15,154.85000610351562,-0.204265152894473,197.57;189.22;186.80;184.76;173.87;169.31;164.11;160.49;162.40;161.19;157.10;149.23;146.36;135.16;149.87;157.82;156.40;157.95;163.09;165.89;163.19;170.28;166.74;171.47;165.90;163.37;153.10;145.24;143.85;141.54;154.49;164.09;170.77;169.84;170.69;167.60;170.81;174.98;165.88;165.72;178.46;177.48;177.58;164.27;157.72;158.03;157.37;164.32;154.19;152.47;149.05;147.76;155.12;150.89;148.99;163.28;164.04;168.59;160.74;163.32;158.09;160.22;161.81;159.72;154.85,HALAL,"Business activity permissible — debt ratio not verified, cross-check Musaffa/Zoya",
ASO,RETAIL,RETAIL-LEISURE PRODUCTS,10,43.5,-0.2569948571395062,60.83;59.78;59.43;60.04;58.91;57.47;56.01;49.61;52.76;52.50;53.17;53.35;56.28;57.18;57.01;55.51;56.97;58.91;58.45;57.89;56.60;56.35;53.22;53.67;51.85;53.39;51.38;49.82;50.40;49.10;50.88;54.37;54.95;52.43;51.63;51.59;50.22;52.17;49.10;49.47;51.88;51.21;48.50;47.13;47.84;45.40;45.48;46.49;47.22;48.39;48.25;47.06;49.90;49.07;47.45;48.71;47.35;49.89;49.24;47.99;46.88;45.65;46.15;43.55;43.50,HALAL,"Business activity permissible — debt ratio not verified, cross-check Musaffa/Zoya",
HIBB,RETAIL,RETAIL-LEISURE PRODUCTS,,,,,HALAL,"Business activity permissible — debt ratio not verified, cross-check Musaffa/Zoya",
BGFV,RETAIL,RETAIL-LEISURE PRODUCTS,,,,,HALAL,"Business activity permissible — debt ratio not verified, cross-check Musaffa/Zoya",
VSTO,RETAIL,RETAIL-LEISURE PRODUCTS,,,,,HALAL,"Business activity permissible — debt ratio not verified, cross-check Musaffa/Zoya",
MCD,RETAIL,RETAIL-RESTAURANTS,13,265.0,-0.1980880120274977,328.93;336.88;329.93;325.24;328.57;323.02;324.26;324.10;307.49;306.39;309.60;303.84;308.70;305.07;302.80;307.46;302.46;304.20;309.26;299.81;300.49;288.26;288.13;284.71;283.25;281.79;272.75;273.84;274.53;278.91;282.27;277.38;276.10;274.25;273.29;279.84;282.25;284.77;286.12;283.82;270.10;273.88;269.76;270.31;280.63;282.21;276.49;272.61;264.95;267.71;263.91;262.80;270.67;271.52;270.64;268.34;276.26;273.72;275.70;272.83;266.99;269.13;272.54;266.93;265.00,QUESTIONABLE,Some alcohol revenue in international markets,
SBUX,RETAIL,RETAIL-RESTAURANTS,61,107.8499984741211,0.15114277433737966,96.80;96.89;95.57;97.55;98.62;100.27;98.01;96.45;94.73;92.75;91.63;85.81;88.56;89.33;94.11;95.80;96.36;97.21;98.85;96.67;98.39;96.76;104.29;104.68;103.73;103.06;104.52;104.73;106.21;105.77;103.54;100.84;100.17;95.96;95.34;94.75;96.85;101.70;101.01;99.25;99.58;102.94;104.00;101.61;103.67;103.02;105.80;106.73;104.51;104.89;103.85;102.62;103.06;103.55;104.65;104.37;104.56;104.05;107.87;107.69;106.01;103.99;107.49;108.49;107.85,HALAL,"No alcohol/pork in core menu — debt ratio not verified, cross-check Musaffa/Zoya",
CMG,RETAIL,RETAIL-RESTAURANTS,49,38.029998779296875,0.03878716594568443,37.50;37.22;36.93;37.06;35.29;33.85;32.52;34.41;32.94;33.36;32.50;30.86;32.01;33.16;33.06;34.24;34.59;35.25;35.83;36.05;33.90;33.64;32.99;32.98;32.31;33.27;31.92;32.11;32.65;33.04;32.80;32.31;32.42;30.55;28.74;29.34;29.88;31.25;32.73;31.86;30.54;31.69;33.34;34.00;35.39;34.35;34.60;36.63;34.63;34.44;33.32;32.01;33.20;34.24;37.22;33.82;33.71;32.14;32.64;33.50;33.36;35.29;38.02;37.34;38.03,QUESTIONABLE,"Some alcohol revenue (margaritas, beer)",
YUM,RETAIL,RETAIL-RESTAURANTS,32,153.86000061035156,-0.07111482868577645,164.43;167.34;159.70;157.85;159.07;155.84;159.62;162.89;155.49;157.77;158.38;153.21;154.72;155.33;156.17;160.01;160.64;161.15;162.00;159.56;159.95;154.41;159.06;157.59;153.14;156.48;149.56;149.04;149.24;151.45;153.57;153.26;150.03;147.51;148.44;150.87;151.63;153.27;154.67;154.07;150.74;153.02;156.41;159.86;164.73;167.49;162.39;161.68;152.57;147.92;147.17;147.37;147.80;151.92;153.28;147.68;152.28;145.33;150.34;148.11;144.86;152.33;157.35;154.41;153.86,QUESTIONABLE,KFC/Pizza Hut/Taco Bell — pork in some menus,
QSR,RETAIL,RETAIL-RESTAURANTS,57,78.26000213623047,0.17979884625169817,66.42;70.44;70.86;72.03;72.06;70.73;71.36;73.72;73.46;74.33;72.26;70.77;73.23;75.89;75.82;76.17;76.81;78.01;77.61;77.98;80.50;78.16;77.99;79.31;80.93;78.42;77.52;75.75;75.15;75.08;75.56;74.74;73.64;72.20;72.10;72.00;72.01;73.23;74.97;73.50;71.20;72.76;74.34;72.51;74.79;73.94;74.94;75.57;74.18;75.01;73.82;72.38;74.41;75.52;74.02;73.88;72.92;72.86;74.90;77.64;76.56;79.55;81.57;79.26;78.26,QUESTIONABLE,Restaurant Brands — pork in some menus,
DPZ,RETAIL,RETAIL-RESTAURANTS,22,350.0,-0.11593930870320468,399.44;398.03;403.83;398.21;411.15;388.91;399.16;393.75;372.99;364.55;360.30;346.00;356.59;368.54;365.89;371.01;366.56;365.81;369.77;366.93;370.10;333.24;330.27;335.69;329.69;330.49;311.30;306.58;300.43;310.83;314.53;308.51;308.44;311.78;304.89;312.06;315.74;310.34;316.52;314.36;295.11;287.62;298.18;296.04;311.66;313.14;300.88;309.85;310.87;322.18;326.34;323.25;343.53;360.00;347.44;367.63;358.43;347.85;353.72;346.27;336.25;334.37;349.01;344.56;350.00,HALAL,"Domino's — pizza, no alcohol — debt ratio not verified, cross-check Musaffa/Zoya",
WEN,RETAIL,RETAIL-RESTAURANTS,39,8.270000457763672,0.10424221671965328,7.22;7.38;7.37;7.12;7.14;6.94;7.04;6.88;6.93;7.03;7.01;6.68;6.82;6.75;6.76;6.97;6.58;6.77;6.82;6.98;6.80;6.77;6.64;6.58;6.49;6.82;6.64;8.04;7.87;7.97;7.48;7.23;7.36;7.85;6.85;6.71;6.71;6.79;6.91;6.95;6.17;7.86;7.80;8.29;8.60;7.78;7.59;7.50;7.45;7.76;7.63;7.17;7.31;7.65;7.36;7.69;7.39;7.30;8.66;8.64;8.44;8.81;8.84;9.04;8.27,HALAL,"Wendy's — quick service, no alcohol — debt ratio not verified, cross-check Musaffa/Zoya",
TXRH,RETAIL,RETAIL-RESTAURANTS,,,,,HARAM,Texas Roadhouse — significant alcohol revenue,
DRI,RETAIL,RETAIL-RESTAURANTS,49,215.6300048828125,0.022344234337922098,208.75;210.51;207.31;202.99;198.49;200.27;199.21;200.68;201.23;192.91;198.51;189.49;192.98;193.27;187.66;193.28;190.35;198.08;199.46;195.37;200.72;197.11;194.72;193.20;192.94;193.60;194.23;191.26;194.32;192.18;195.49;202.19;202.83;200.29;196.68;196.53;199.30;209.15;207.09;209.63;210.30;211.74;212.01;204.36;202.68;202.86;200.30;196.69;196.06;198.53;193.39;194.12;204.10;212.23;203.58;204.57;210.94;217.97;227.68;225.26;218.86;217.95;225.56;218.81;215.63,HARAM,"Darden — Olive Garden etc., heavy alcohol revenue",
BLMN,RETAIL,RETAIL-RESTAURANTS,90,10.579999923706055,0.7231270608743221,5.71;6.12;6.35;6.38;5.81;5.70;5.51;5.69;6.03;5.59;5.62;5.26;5.40;5.49;5.66;6.08;5.83;6.55;6.73;6.49;6.39;6.08;6.01;5.92;5.76;7.95;8.37;8.28;8.04;7.61;7.75;7.92;8.32;8.14;7.49;7.27;7.43;8.06;7.65;7.68;8.33;8.55;8.97;9.14;8.70;7.98;8.06;8.44;8.42;8.54;8.44;8.19;8.54;8.81;8.66;8.92;10.88;11.02;11.39;10.55;10.66;10.48;11.44;11.15;10.58,HARAM,"Bloomin' Brands — Outback steakhouse, alcohol",
EAT,RETAIL,RETAIL-RESTAURANTS,94,230.19000244140625,0.6351044497612115,144.90;148.20;140.96;140.38;137.57;144.35;144.02;142.77;144.76;146.96;147.11;133.67;142.77;144.69;148.41;154.87;154.15;157.23;158.14;147.71;143.85;134.13;147.80;148.14;144.94;146.30;139.61;126.36;137.22;126.33;136.57;139.68;140.02;141.76;140.26;140.46;150.83;158.73;156.24;158.80;164.46;169.87;171.46;168.00;177.71;175.30;180.63;189.27;178.64;189.35;192.83;185.00;195.44;205.73;213.70;218.25;227.27;227.54;245.89;237.15;235.65;233.10;253.94;240.93;230.19,HARAM,"Brinker — Chili's, alcohol revenue",
CAVA,RETAIL,RETAIL-RESTAURANTS,30,66.94000244140625,-0.020629057266895234,85.67;82.47;77.07;79.37;81.81;80.50;82.00;90.52;87.64;87.07;80.29;75.42;80.90;79.63;83.42;86.15;84.21;88.44;94.78;96.27;93.11;94.23;91.11;90.98;90.34;84.47;79.99;72.30;76.87;78.12;81.27;80.32;78.20;74.67;71.33;72.60;76.28;88.25;89.52;88.05;80.88;82.24;83.40;78.48;76.88;69.74;68.20;72.54;69.65;68.85;63.69;63.21;64.54;65.36;65.23;63.44;62.23;61.58;69.47;74.42;68.24;72.03;71.93;67.77;66.94,HALAL,"Business activity permissible — debt ratio not verified, cross-check Musaffa/Zoya",
WING,RETAIL,RETAIL-RESTAURANTS,2,113.58000183105469,-0.5395700786263815,252.50;257.78;245.56;234.76;223.07;207.53;202.34;197.01;186.28;182.25;165.41;153.62;154.13;151.68;165.14;178.08;185.30;190.36;195.28;188.17;185.73;176.77;170.28;159.86;145.95;134.15;126.64;119.96;128.84;126.43;132.27;140.22;157.15;157.70;143.63;141.82;143.44;153.43;165.74;149.62;156.29;155.34;166.28;172.91;177.47;169.72;157.26;153.61;145.28;141.92;134.56;134.47;136.84;139.05;129.11;121.15;116.28;117.18;111.76;126.12;114.55;113.63;116.84;112.24;113.58,HALAL,"Business activity permissible — debt ratio not verified, cross-check Musaffa/Zoya",
DNUT,RETAIL,RETAIL-RESTAURANTS,33,3.4700000286102295,0.16835016672843883,2.99;3.75;3.53;3.62;3.42;3.26;3.27;3.59;3.76;3.35;3.35;3.23;3.39;3.40;3.32;3.37;3.31;3.46;3.61;3.98;3.82;4.02;3.65;3.82;3.67;3.64;3.38;3.31;3.23;3.21;3.33;3.37;3.42;3.53;3.30;3.51;3.73;4.20;3.99;3.78;3.50;3.73;3.54;3.53;3.51;3.32;3.42;3.47;3.32;3.30;3.19;3.11;3.26;3.26;3.18;3.08;3.23;3.14;3.30;3.33;3.24;3.54;3.61;3.44;3.47,HALAL,"Business activity permissible — debt ratio not verified, cross-check Musaffa/Zoya",
SHAK,RETAIL,RETAIL-RESTAURANTS,12,69.88999938964844,-0.219629284336195,92.13;96.01;96.07;96.79;95.67;92.58;86.92;90.50;88.16;90.87;89.50;81.32;88.47;89.33;92.80;97.55;100.65;101.17;103.73;101.78;97.59;101.45;100.61;98.36;96.61;69.24;64.50;63.91;60.41;64.12;62.83;61.82;62.13;62.22;55.53;52.34;53.78;58.33;58.40;58.79;55.71;54.75;56.87;56.02;56.47;54.92;56.32;62.18;60.00;58.00;56.44;55.99;61.57;63.05;62.75;66.22;70.24;71.45;72.86;74.84;70.99;73.85;75.44;72.94;69.89,QUESTIONABLE,Beer/wine on menu,
JACK,RETAIL,RETAIL-RESTAURANTS,54,16.190000534057617,-0.05155238292320685,16.87;16.92;15.18;15.09;13.95;13.37;12.66;12.50;11.19;11.16;11.00;9.70;9.67;9.99;10.96;12.02;11.38;11.72;12.98;12.70;12.71;13.20;12.30;12.28;12.84;13.87;13.40;12.79;10.87;11.44;11.35;10.89;11.56;13.48;11.95;11.32;11.96;12.44;12.92;12.40;11.41;13.35;13.81;15.81;17.20;15.68;15.17;15.12;15.27;14.98;14.81;13.77;15.67;16.47;16.37;17.27;17.38;17.84;18.77;17.03;16.73;16.60;17.83;16.47;16.19,HALAL,"Business activity permissible — debt ratio not verified, cross-check Musaffa/Zoya",
BROS,RETAIL,RETAIL-RESTAURANTS,16,49.90999984741211,0.05562608155706772,50.85;53.61;53.03;54.51;52.45;51.59;47.30;51.29;50.93;52.43;51.33;46.69;50.66;50.35;53.03;55.85;52.86;51.72;53.44;53.63;54.54;57.38;55.34;56.95;57.17;53.54;51.13;48.40;51.01;52.77;53.46;53.57;56.56;58.89;56.60;55.52;57.79;65.03;66.51;65.72;67.03;67.15;71.85;71.81;72.16;66.28;65.64;66.46;63.86;68.36;66.13;63.99;65.70;64.61;65.83;64.11;53.33;51.29;51.02;52.02;48.44;49.37;51.95;51.23;49.91,HALAL,"Business activity permissible — debt ratio not verified, cross-check Musaffa/Zoya",
PTLO,RETAIL,RETAIL-RESTAURANTS,18,4.699999809265137,-0.18825564072008172,5.28;5.34;5.21;5.13;5.01;5.29;5.33;5.82;5.57;5.40;5.42;5.18;5.29;5.56;5.61;5.85;5.38;5.52;5.91;6.24;6.39;6.39;5.92;6.49;4.78;4.36;4.12;4.04;3.98;3.98;4.10;3.98;4.26;4.17;3.96;3.99;3.96;4.47;4.44;4.22;4.04;4.34;4.74;4.74;4.98;4.80;4.60;4.75;4.59;4.67;4.48;4.34;4.67;4.76;4.57;4.53;4.38;4.48;4.76;5.16;4.73;4.77;4.98;4.75;4.70,HALAL,"Business activity permissible — debt ratio not verified, cross-check Musaffa/Zoya",
ARKR,RETAIL,RETAIL-RESTAURANTS,7,5.489999771118164,-0.21120693376033095,6.99;6.93;6.77;6.99;6.78;6.83;6.74;6.70;6.87;6.77;6.90;6.90;6.56;6.60;6.83;6.95;6.78;7.00;7.03;6.77;6.90;6.97;6.73;6.86;7.25;7.40;7.01;6.61;6.59;6.80;6.75;6.31;6.44;6.30;6.25;6.25;6.06;6.06;6.20;6.33;6.20;6.29;5.60;5.86;5.85;5.60;5.85;5.76;5.75;5.85;5.90;5.94;5.73;5.76;5.65;5.61;5.82;5.85;5.60;5.60;5.48;5.50;5.46;5.33;5.49,HALAL,"Business activity permissible — debt ratio not verified, cross-check Musaffa/Zoya",
KR,RETAIL,RETAIL-SUPER/MINI MARKETS,12,57.720001220703125,-0.14412260778087838,66.78;67.42;67.82;70.71;72.49;71.32;74.69;73.23;72.87;71.83;69.51;72.34;71.49;71.48;71.81;69.50;67.21;65.83;67.37;67.98;68.27;65.11;66.29;66.96;66.12;65.61;64.02;65.44;65.57;70.12;66.61;64.11;63.23;61.10;60.81;63.14;62.56;63.68;63.62;61.40;55.38;58.08;57.34;55.15;57.82;58.14;59.45;58.91;56.17;58.42;57.39;55.38;57.58;59.46;57.35;57.40;56.93;56.10;55.68;56.69;56.34;56.32;59.08;58.51;57.72,HALAL,"Business activity permissible — debt ratio not verified, cross-check Musaffa/Zoya",
SFM,RETAIL,RETAIL-SUPER/MINI MARKETS,14,81.45999908447266,0.13930068649612104,73.73;73.87;77.99;76.91;77.79;75.35;82.06;81.07;84.52;78.90;75.26;77.40;77.13;77.54;77.12;76.02;76.05;74.93;74.15;75.29;72.55;71.62;71.13;81.19;78.75;81.01;81.58;88.27;85.51;90.02;85.39;85.63;86.69;79.74;78.98;82.87;84.74;88.12;85.39;79.66;80.84;85.39;82.14;84.58;89.94;84.09;80.38;79.67;73.30;75.78;74.69;73.49;76.84;79.16;87.16;86.07;87.20;85.33;86.07;82.50;78.84;78.38;86.13;86.83;81.46,HALAL,"Business activity permissible — debt ratio not verified, cross-check Musaffa/Zoya",
ACI,RETAIL,RETAIL-SUPER/MINI MARKETS,5,12.529999732971191,-0.30585860278616894,17.26;17.46;17.09;16.87;16.80;16.03;16.84;17.19;16.91;16.71;16.16;16.65;16.62;17.02;17.60;17.04;16.43;16.19;16.29;16.68;16.44;16.32;16.24;16.37;15.89;15.94;15.68;16.29;16.16;16.94;16.03;15.50;15.68;15.24;15.48;16.12;15.43;15.16;14.64;14.20;13.42;13.92;13.39;13.33;13.92;13.93;14.13;14.57;14.34;14.89;14.50;11.27;11.37;12.06;11.58;12.07;12.08;12.13;12.01;12.42;12.21;11.98;12.61;12.40;12.53,HALAL,"Business activity permissible — debt ratio not verified, cross-check Musaffa/Zoya",
WMK,RETAIL,RETAIL-SUPER/MINI MARKETS,32,71.19999694824219,-0.02182372143451894,70.84;67.12;65.89;63.34;62.22;61.83;65.31;67.04;65.74;66.44;65.15;67.62;67.75;69.62;70.77;72.35;70.48;68.09;70.40;69.45;70.20;67.22;68.66;70.28;68.90;70.03;68.95;69.60;69.97;72.51;71.91;71.58;73.95;73.96;73.51;77.86;78.89;82.16;78.87;76.10;77.77;79.99;79.72;77.95;79.73;80.12;78.80;78.33;77.19;77.69;77.13;74.39;74.73;77.79;77.05;78.22;76.24;72.09;71.74;70.93;70.31;70.18;71.04;70.70;71.20,HALAL,"Business activity permissible — debt ratio not verified, cross-check Musaffa/Zoya",
GO,RETAIL,RETAIL-SUPER/MINI MARKETS,65,12.170000076293945,0.21943894133354647,9.99;9.88;8.87;6.34;6.08;6.20;6.40;5.85;5.83;6.45;6.54;7.07;7.05;7.22;6.99;7.02;7.04;7.23;7.58;7.90;7.84;8.01;7.69;8.35;7.84;8.04;7.85;7.74;7.40;8.12;8.01;7.92;8.62;8.19;8.27;8.56;8.87;9.42;9.62;9.48;9.36;9.80;9.92;9.98;10.39;10.21;10.20;9.91;9.69;9.44;9.29;8.94;9.42;9.14;9.19;9.99;9.69;9.83;10.17;11.13;11.06;11.11;12.04;12.21;12.17,HALAL,"Business activity permissible — debt ratio not verified, cross-check Musaffa/Zoya",
IMKTA,RETAIL,RETAIL-SUPER/MINI MARKETS,37,82.12000274658203,-0.05748396731168692,87.64;84.80;85.92;83.52;83.61;84.88;88.21;86.86;83.46;84.82;86.26;88.68;89.57;90.80;92.21;95.06;92.20;90.01;91.22;87.81;90.69;89.87;88.88;91.14;89.29;85.62;85.26;85.09;86.00;87.61;87.20;87.28;89.10;88.65;87.20;90.98;92.68;92.88;88.16;86.91;89.59;90.02;89.23;88.42;90.01;91.97;91.21;90.71;90.81;90.15;89.69;84.88;87.88;90.76;90.01;91.74;86.71;85.51;87.53;87.01;85.78;84.82;85.45;83.54;82.12,HALAL,"Business activity permissible — debt ratio not verified, cross-check Musaffa/Zoya",
AAP,RETAIL,RETAIL/WHLSL-AUTO,6,42.900001525878906,-0.2182169569671597,49.99;52.69;51.45;50.80;50.63;52.85;51.27;51.46;47.91;50.29;52.26;51.11;52.28;51.37;52.20;56.02;56.10;56.62;57.23;58.46;57.90;57.61;55.51;58.66;56.64;56.97;51.59;49.04;46.96;49.30;58.35;54.88;59.59;59.03;56.86;56.55;59.77;60.34;60.76;57.84;55.17;57.68;61.90;61.94;61.25;55.61;54.75;55.31;52.09;53.16;55.64;53.42;57.73;58.43;55.54;58.83;57.92;55.73;53.52;56.55;56.96;42.39;43.63;44.05;42.90,HALAL,"Business activity permissible — debt ratio not verified, cross-check Musaffa/Zoya",
AZO,RETAIL,RETAIL/WHLSL-AUTO,10,2961.9599609375,-0.2264948813141987,3671.82;3755.58;3637.17;3742.02;3672.68;3712.42;3562.85;3439.64;3341.58;3353.24;3386.14;3316.71;3377.78;3400.54;3387.00;3548.19;3514.47;3536.42;3572.38;3606.18;3597.20;3562.26;3523.56;3594.08;3540.92;3554.88;3427.80;3366.79;3321.15;3347.28;3438.18;3100.11;3007.08;3020.95;3061.65;3116.43;3137.75;3081.62;3105.48;3059.63;2949.06;3087.77;3128.70;3195.94;3159.28;3074.86;3010.39;3078.98;2970.57;3046.44;3013.03;2923.50;3075.26;3142.17;3016.25;3028.03;3069.62;3067.99;3045.87;3025.00;3073.20;2961.99;3009.44;2999.00;2961.96,HALAL,"Business activity permissible — debt ratio not verified, cross-check Musaffa/Zoya",
ORLY,RETAIL,RETAIL/WHLSL-AUTO,17,88.5,-0.0718405724566451,91.44;93.88;93.87;94.36;94.61;94.39;91.54;89.39;87.91;88.70;91.16;90.11;92.31;91.42;91.36;94.40;94.01;93.60;93.71;93.81;93.24;91.97;91.69;96.67;95.00;94.58;91.35;89.70;88.49;91.92;92.34;89.87;89.23;86.64;87.38;90.33;89.49;90.10;90.26;88.40;85.63;87.82;89.55;92.09;90.25;86.65;85.12;87.28;82.73;86.05;87.97;86.11;90.59;90.63;89.35;91.83;93.37;92.23;92.05;91.05;90.76;89.08;90.68;89.55;88.50,HALAL,"Business activity permissible — debt ratio not verified, cross-check Musaffa/Zoya",
MNRO,RETAIL,RETAIL/WHLSL-AUTO,7,12.960000038146973,-0.3978113187079745,21.34;20.69;19.28;18.01;16.93;16.53;14.71;15.02;14.73;14.62;15.71;14.86;15.41;15.33;15.12;16.04;16.08;15.92;17.17;16.70;16.59;16.81;16.09;16.89;16.45;16.75;16.12;15.26;15.14;14.68;15.74;15.91;15.97;15.08;15.23;14.21;14.34;15.73;15.90;14.86;15.02;15.37;16.85;16.74;16.84;16.94;16.46;16.15;16.84;16.59;16.70;16.35;16.57;12.97;11.98;12.81;12.14;11.50;11.23;11.23;11.59;11.70;12.58;12.61;12.96,HALAL,"Business activity permissible — debt ratio not verified, cross-check Musaffa/Zoya",
PAG,RETAIL,RETAIL/WHLSL-AUTO,82,217.00999450683594,0.36228908393174275,157.07;155.13;154.54;155.27;153.58;148.08;143.72;143.04;142.12;143.34;145.87;146.16;147.25;147.08;145.93;152.80;154.42;152.78;158.88;158.27;157.58;157.71;169.06;167.27;166.25;169.01;170.64;164.06;159.72;154.09;159.28;165.49;167.06;169.32;170.75;169.89;179.01;179.83;178.88;170.20;173.85;182.23;181.01;177.77;178.24;183.75;190.23;191.95;199.08;201.33;193.90;214.12;214.28;221.97;215.88;217.61;214.97;214.85;216.56;219.85;216.21;216.55;218.07;217.24;217.01,HALAL,"Business activity permissible — debt ratio not verified, cross-check Musaffa/Zoya",
GPI,RETAIL,RETAIL/WHLSL-AUTO,5,263.95001220703125,-0.20444273645280142,334.15;324.62;321.92;323.63;317.52;312.29;299.38;296.90;315.75;321.66;326.29;324.61;330.06;328.88;323.40;337.52;337.43;332.15;349.33;344.09;339.19;338.93;348.60;353.06;340.76;349.55;347.99;327.21;313.07;304.94;319.55;329.06;325.87;311.51;305.75;311.00;328.29;324.91;325.74;305.07;315.25;317.51;301.74;291.17;288.39;296.47;302.96;295.66;319.40;326.06;311.62;326.68;337.43;357.97;286.77;285.88;270.82;265.12;266.11;263.95;250.01;263.82;259.38;262.63;263.95,HALAL,"Business activity permissible — debt ratio not verified, cross-check Musaffa/Zoya",
AN,RETAIL,RETAIL/WHLSL-AUTO,33,200.08999633789062,0.016872450034775666,196.48;195.16;195.00;193.30;193.58;190.34;183.47;184.47;184.73;189.39;193.55;192.48;195.26;197.68;193.51;200.42;202.25;195.81;207.99;205.31;202.97;204.00;205.69;210.00;202.29;205.29;200.48;191.11;184.15;178.59;186.43;191.76;193.74;189.02;190.25;187.72;195.00;194.07;193.39;186.36;188.30;194.85;191.64;185.79;186.41;191.68;192.31;193.43;203.54;205.72;198.48;205.10;212.20;229.98;212.40;215.60;211.33;208.09;208.62;209.41;196.90;200.09;195.13;196.57;200.09,HALAL,"Business activity permissible — debt ratio not verified, cross-check Musaffa/Zoya",
LAD,RETAIL,RETAIL/WHLSL-AUTO,77,370.3599853515625,0.3073174494118236,277.88;277.94;270.36;265.53;264.46;262.81;253.73;250.01;247.36;251.62;253.23;249.49;248.77;250.86;260.54;265.52;277.99;273.43;281.96;278.82;275.33;275.80;289.89;289.79;285.43;289.99;286.14;272.71;261.43;256.61;274.02;282.52;295.07;292.97;290.13;288.30;303.30;312.08;307.95;292.47;294.60;304.73;291.56;289.95;305.66;311.11;311.40;317.37;330.75;334.66;330.17;333.40;344.84;426.68;384.70;370.30;375.08;379.84;378.55;377.55;356.55;370.67;368.55;370.15;370.36,HALAL,"Business activity permissible — debt ratio not verified, cross-check Musaffa/Zoya",
SAH,RETAIL,RETAIL/WHLSL-AUTO,52,79.68000030517578,0.2840235787940355,61.89;62.03;61.93;61.75;60.54;60.75;59.60;60.21;60.67;62.53;64.99;65.61;68.24;64.56;63.19;67.50;67.74;65.57;70.36;69.73;70.87;71.23;72.95;76.06;78.41;79.74;80.43;75.75;73.60;72.52;75.53;78.31;83.33;83.46;82.89;81.76;84.41;83.84;83.71;78.13;80.58;83.62;84.51;84.79;83.73;87.26;95.31;90.51;99.73;100.37;97.53;99.11;102.98;112.66;91.58;88.27;84.89;80.02;81.02;80.83;77.31;77.78;75.32;78.04;79.68,HALAL,"Business activity permissible — debt ratio not verified, cross-check Musaffa/Zoya",
ABG,RETAIL,RETAIL/WHLSL-AUTO,29,211.6199951171875,-0.04018505434524966,217.03;213.78;211.44;207.63;204.17;199.52;196.46;189.11;188.97;191.70;194.08;195.56;195.41;194.76;195.14;202.05;205.73;202.54;211.44;207.99;202.01;200.03;201.39;203.01;198.50;200.45;197.49;192.85;179.17;177.50;185.38;190.02;194.75;186.62;186.92;190.98;201.04;199.48;199.55;190.13;196.20;206.33;205.17;201.08;205.40;208.74;211.73;210.73;218.43;220.36;216.11;222.14;226.64;248.26;231.70;222.85;215.99;210.76;209.41;210.66;203.94;215.37;210.86;209.89;211.62,HALAL,"Business activity permissible — debt ratio not verified, cross-check Musaffa/Zoya",
CVNA,RETAIL,RETAIL/WHLSL-AUTO,45,74.04000091552734,0.13872661855055335,66.98;66.83;63.80;66.23;65.65;61.90;60.03;62.95;58.84;59.92;61.71;60.41;62.88;62.78;64.04;65.39;71.85;74.22;77.51;80.18;80.60;81.35;79.32;76.52;75.82;80.00;76.23;69.90;67.17;63.35;64.39;70.15;73.49;71.00;63.65;66.51;69.61;67.82;68.90;62.86;66.67;67.91;62.35;65.82;68.60;67.49;67.12;64.99;70.59;67.34;65.58;60.19;64.04;66.32;62.36;68.03;68.34;74.16;72.48;75.59;65.00;71.52;72.33;73.95;74.04,HALAL,"Business activity permissible — debt ratio not verified, cross-check Musaffa/Zoya",
KMX,RETAIL,RETAIL/WHLSL-AUTO,90,62.11000061035156,0.46762762424943216,42.06;43.17;41.84;42.05;42.50;42.50;41.84;42.33;42.38;42.89;41.88;40.86;41.58;41.23;43.31;45.32;49.08;40.51;40.88;39.04;38.55;38.17;38.35;38.53;37.25;39.91;39.08;37.07;36.93;36.27;38.92;40.64;43.90;45.02;46.03;47.15;48.01;51.57;52.21;47.43;52.40;50.79;52.76;52.89;50.98;51.05;51.01;54.87;58.94;57.33;57.61;58.39;58.40;59.11;57.26;57.51;58.06;58.78;58.71;59.92;57.40;61.05;62.80;63.84;62.11,HALAL,"Business activity permissible — debt ratio not verified, cross-check Musaffa/Zoya",
AAP,RETAIL,RETAIL/WHLSL-AUTOMOTIVE PARTS,6,42.900001525878906,-0.2182169569671597,49.99;52.69;51.45;50.80;50.63;52.85;51.27;51.46;47.91;50.29;52.26;51.11;52.28;51.37;52.20;56.02;56.10;56.62;57.23;58.46;57.90;57.61;55.51;58.66;56.64;56.97;51.59;49.04;46.96;49.30;58.35;54.88;59.59;59.03;56.86;56.55;59.77;60.34;60.76;57.84;55.17;57.68;61.90;61.94;61.25;55.61;54.75;55.31;52.09;53.16;55.64;53.42;57.73;58.43;55.54;58.83;57.92;55.73;53.52;56.55;56.96;42.39;43.63;44.05;42.90,HALAL,"Business activity permissible — debt ratio not verified, cross-check Musaffa/Zoya",
AZO,RETAIL,RETAIL/WHLSL-AUTOMOTIVE PARTS,10,2961.9599609375,-0.2264948813141987,3671.82;3755.58;3637.17;3742.02;3672.68;3712.42;3562.85;3439.64;3341.58;3353.24;3386.14;3316.71;3377.78;3400.54;3387.00;3548.19;3514.47;3536.42;3572.38;3606.18;3597.20;3562.26;3523.56;3594.08;3540.92;3554.88;3427.80;3366.79;3321.15;3347.28;3438.18;3100.11;3007.08;3020.95;3061.65;3116.43;3137.75;3081.62;3105.48;3059.63;2949.06;3087.77;3128.70;3195.94;3159.28;3074.86;3010.39;3078.98;2970.57;3046.44;3013.03;2923.50;3075.26;3142.17;3016.25;3028.03;3069.62;3067.99;3045.87;3025.00;3073.20;2961.99;3009.44;2999.00;2961.96,HALAL,"Business activity permissible — debt ratio not verified, cross-check Musaffa/Zoya",
ORLY,RETAIL,RETAIL/WHLSL-AUTOMOTIVE PARTS,17,88.5,-0.0718405724566451,91.44;93.88;93.87;94.36;94.61;94.39;91.54;89.39;87.91;88.70;91.16;90.11;92.31;91.42;91.36;94.40;94.01;93.60;93.71;93.81;93.24;91.97;91.69;96.67;95.00;94.58;91.35;89.70;88.49;91.92;92.34;89.87;89.23;86.64;87.38;90.33;89.49;90.10;90.26;88.40;85.63;87.82;89.55;92.09;90.25;86.65;85.12;87.28;82.73;86.05;87.97;86.11;90.59;90.63;89.35;91.83;93.37;92.23;92.05;91.05;90.76;89.08;90.68;89.55;88.50,HALAL,"Business activity permissible — debt ratio not verified, cross-check Musaffa/Zoya",
GPC,RETAIL,RETAIL/WHLSL-AUTOMOTIVE PARTS,72,137.50999450683594,0.20765751879072036,114.61;116.90;114.12;114.80;110.63;108.02;104.60;101.71;98.02;99.97;103.99;103.89;104.61;102.35;102.72;107.39;108.61;109.25;112.56;113.76;108.61;105.41;102.17;103.86;103.17;104.12;100.33;97.80;91.87;91.47;96.57;96.00;98.19;96.21;97.22;98.15;99.41;102.26;104.64;106.12;105.11;110.73;116.02;117.98;132.57;128.67;124.27;123.52;121.00;124.82;119.12;120.05;127.70;129.98;124.37;132.55;132.79;134.54;134.01;135.03;131.89;132.92;135.69;139.49;137.51,HALAL,"Business activity permissible — debt ratio not verified, cross-check Musaffa/Zoya",
DORM,RETAIL,RETAIL/WHLSL-AUTOMOTIVE PARTS,27,129.35000610351562,0.014509851792279482,114.50;117.86;116.22;112.12;107.75;105.66;102.81;101.30;102.40;103.86;106.95;104.56;104.36;100.90;101.24;109.92;109.71;106.72;110.66;110.26;109.35;110.25;110.07;112.88;119.52;124.52;121.01;116.32;116.16;112.83;118.70;120.28;125.05;122.71;124.75;127.03;127.98;128.21;126.14;122.77;124.72;131.87;134.69;136.45;137.65;139.64;136.48;138.91;137.55;141.97;137.47;132.35;136.44;141.29;133.16;147.80;137.58;133.27;133.63;136.39;132.82;131.37;131.09;129.40;129.35,HALAL,"Business activity permissible — debt ratio not verified, cross-check Musaffa/Zoya",
HD,RETAIL,RETAIL/WHLSL-BUILDING PRODUCTS,21,330.19000244140625,-0.11167216702523819,370.30;375.38;361.77;356.60;348.60;345.92;336.51;338.89;325.77;328.44;330.03;319.26;326.44;319.24;316.40;337.05;338.62;336.39;346.80;341.36;337.63;329.83;320.41;321.47;313.07;320.24;309.08;300.30;295.30;300.19;311.44;308.23;318.82;308.38;310.64;310.78;321.33;326.01;329.82;327.48;326.62;342.86;348.86;352.68;357.90;345.21;338.73;337.11;341.44;338.87;331.60;324.71;336.09;338.27;331.96;348.24;349.52;350.78;343.43;338.86;337.49;334.49;337.43;334.85;330.19,HALAL,"Business activity permissible — debt ratio not verified, cross-check Musaffa/Zoya",
LOW,RETAIL,RETAIL/WHLSL-BUILDING PRODUCTS,13,208.0500030517578,-0.23334065800353854,260.16;261.69;254.89;251.94;247.50;244.19;235.00;237.10;227.21;231.70;233.61;227.80;233.71;228.51;229.09;245.11;244.39;241.33;248.98;248.45;245.03;241.06;232.07;231.90;223.85;229.46;224.67;219.10;217.08;217.03;216.07;210.78;216.58;206.42;206.37;209.45;216.03;219.69;218.84;215.94;213.08;220.09;221.11;219.14;226.10;219.54;211.69;206.42;208.37;207.45;202.26;201.92;211.55;215.68;207.81;218.08;218.40;218.88;215.97;218.47;215.64;217.34;216.98;210.36;208.05,HALAL,"Business activity permissible — debt ratio not verified, cross-check Musaffa/Zoya",
BLDR,RETAIL,RETAIL/WHLSL-BUILDING PRODUCTS,4,67.72000122070312,-0.36875464213957587,102.63;104.29;97.45;95.51;94.95;91.11;88.09;90.68;84.49;84.66;85.41;80.43;82.33;79.12;78.93;85.21;87.53;85.13;88.50;89.76;90.14;89.88;83.38;75.72;74.56;79.41;74.88;72.32;70.41;66.39;73.86;74.41;76.72;75.62;74.26;73.64;77.54;78.57;77.81;76.14;77.33;85.41;89.14;89.48;84.69;78.42;74.54;73.51;76.05;74.26;69.74;70.55;72.72;67.76;66.44;75.37;72.51;71.98;72.41;72.51;67.62;70.32;70.22;68.67;67.72,HALAL,"Business activity permissible — debt ratio not verified, cross-check Musaffa/Zoya",
FERG,RETAIL,RETAIL/WHLSL-BUILDING PRODUCTS,26,228.49000549316406,-0.08048556984632083,257.73;257.83;245.18;237.15;228.84;229.88;220.38;224.22;216.07;220.82;227.11;223.07;231.50;233.30;234.14;251.77;256.50;255.22;258.53;261.03;261.38;262.23;254.23;262.28;250.90;244.67;242.14;231.86;222.99;220.75;222.91;226.46;225.65;223.55;225.25;228.73;234.56;227.18;234.68;228.77;236.40;235.80;237.72;236.45;229.38;222.35;223.79;232.32;229.66;231.16;225.66;227.82;233.23;225.36;233.46;254.56;252.43;262.80;244.27;244.03;243.56;238.55;236.45;235.73;228.49,HALAL,"Business activity permissible — debt ratio not verified, cross-check Musaffa/Zoya",
POOL,RETAIL,RETAIL/WHLSL-BUILDING PRODUCTS,11,188.07000732421875,-0.12194446389685965,210.51;222.70;216.86;213.62;210.29;206.72;203.77;207.81;201.52;202.41;199.36;195.98;199.52;200.11;198.68;210.55;214.31;223.44;224.46;229.89;225.51;222.15;206.70;205.20;184.44;187.80;182.20;172.94;174.21;177.38;180.51;181.16;183.50;180.88;179.51;184.31;191.17;191.09;189.78;193.07;194.33;204.02;210.23;213.50;218.04;208.25;206.61;209.45;201.05;199.86;195.08;182.13;183.41;192.19;184.50;202.11;199.77;198.68;198.11;194.84;187.50;190.33;188.24;188.38;188.07,HALAL,"Business activity permissible — debt ratio not verified, cross-check Musaffa/Zoya",
FND,RETAIL,RETAIL/WHLSL-BUILDING PRODUCTS,13,53.0,-0.22446586420704084,68.51;69.09;66.38;62.65;59.81;58.09;57.00;56.40;53.26;52.37;52.77;50.27;50.80;47.47;47.65;52.56;50.20;53.19;54.07;52.84;50.95;49.81;47.67;50.57;48.30;51.52;48.76;45.61;43.49;44.22;48.42;48.30;51.42;50.62;49.56;47.41;49.74;53.77;53.13;50.08;50.78;56.94;59.61;59.36;59.04;56.58;55.58;54.95;56.40;56.79;53.37;53.04;55.41;55.76;57.57;60.70;59.99;59.17;59.33;58.57;56.05;54.70;54.87;54.31;53.00,HALAL,"Business activity permissible — debt ratio not verified, cross-check Musaffa/Zoya",
BBY,RETAIL,RETAIL/WHLSL-COMPUTER/CELL,75,82.44000244140625,0.3524000097122302,60.59;60.24;64.11;63.77;64.12;61.39;60.84;60.87;62.40;62.22;59.61;62.15;63.36;63.65;63.18;63.68;60.05;62.56;64.87;65.72;60.69;58.49;57.96;59.26;56.52;57.77;56.86;54.79;55.54;58.51;60.35;62.39;73.76;74.00;70.79;70.60;74.13;76.09;76.39;72.14;76.01;77.63;77.71;75.88;77.99;78.72;79.99;81.65;85.37;85.41;85.22;84.43;88.45;90.17;86.26;86.35;80.02;82.43;83.00;86.42;87.27;85.73;87.48;87.44;82.44,HALAL,"Business activity permissible — debt ratio not verified, cross-check Musaffa/Zoya",
INSG,RETAIL,RETAIL/WHLSL-COMPUTER/CELL,1,4.400000095367432,-0.6551724125044938,13.66;12.35;11.51;11.30;11.22;11.70;11.94;12.03;12.08;11.31;12.01;11.42;11.12;12.09;12.21;13.11;13.91;14.14;15.18;14.55;14.82;14.83;14.79;20.29;18.05;18.80;15.76;15.06;13.67;12.66;12.10;12.55;13.15;13.75;13.82;11.42;10.45;10.66;11.38;10.12;10.32;9.93;9.79;10.33;8.87;8.18;8.60;8.32;7.86;7.49;7.60;7.08;7.02;6.36;7.03;7.75;5.31;5.34;5.03;4.69;4.33;4.02;4.39;4.52;4.40,HALAL,"Business activity permissible — debt ratio not verified, cross-check Musaffa/Zoya",
COST,RETAIL,RETAIL/WHLSL-FOOD,25,945.469970703125,-0.038206902323851044,991.74;1007.72;1004.71;979.59;1002.25;989.22;1005.37;993.14;971.82;962.80;971.90;980.87;993.41;1011.88;1010.14;1028.90;977.87;981.76;996.86;1002.76;1011.30;994.98;995.64;1010.09;1014.81;1010.45;997.88;1031.44;1047.28;1092.58;1048.78;1001.34;993.62;944.61;960.30;970.33;967.05;974.14;977.90;964.06;949.84;959.56;951.03;933.98;950.16;946.00;911.52;924.96;915.09;939.38;927.74;924.59;951.58;974.03;951.89;947.85;949.15;952.75;949.58;961.10;961.35;933.51;971.40;956.12;945.47,HALAL,"Business activity permissible — debt ratio not verified, cross-check Musaffa/Zoya",
BJ,RETAIL,RETAIL/WHLSL-FOOD,26,90.5999984741211,-0.08457110885466113,97.05;98.79;100.25;98.47;95.49;93.51;97.72;96.53;96.70;96.04;97.81;99.61;98.42;98.06;95.15;93.66;93.17;90.70;92.07;96.00;96.96;92.89;91.43;93.51;94.32;94.33;91.11;95.00;96.36;97.66;94.43;84.91;86.00;88.04;89.18;89.21;89.57;90.93;90.21;86.79;83.82;87.51;88.87;87.22;89.18;87.52;85.63;90.12;90.24;93.40;92.34;91.29;94.72;99.99;97.78;96.65;97.18;96.20;92.71;93.41;92.69;91.30;98.49;93.33;90.60,HALAL,"Business activity permissible — debt ratio not verified, cross-check Musaffa/Zoya",
USFD,RETAIL,RETAIL/WHLSL-FOOD,83,107.2699966430664,0.11588473637714936,95.88;96.61;93.00;92.15;90.73;91.34;94.63;92.16;89.33;89.33;92.48;90.86;92.21;89.91;89.36;92.07;91.39;90.21;93.69;91.70;92.83;91.00;91.28;93.04;91.93;86.88;83.61;85.16;82.38;81.25;81.24;81.30;81.15;81.23;83.16;84.61;89.25;91.23;93.44;93.75;92.76;95.35;98.31;102.25;104.29;103.99;99.48;101.31;97.05;97.27;94.75;95.58;99.29;102.35;100.59;99.04;106.97;108.63;110.94;108.92;106.91;108.46;109.37;108.46;107.27,HALAL,"Business activity permissible — debt ratio not verified, cross-check Musaffa/Zoya",
SYY,RETAIL,RETAIL/WHLSL-FOOD,41,81.94000244140625,-0.07072653253626082,87.88;89.88;86.78;84.58;83.51;83.37;84.29;83.11;80.53;80.46;81.64;80.65;70.33;70.69;72.76;74.50;72.88;73.60;75.77;74.30;75.31;74.86;73.48;73.56;72.36;72.40;72.09;72.71;72.09;74.69;76.49;74.82;75.42;73.23;74.74;75.79;77.04;79.12;79.17;78.48;77.47;80.06;82.27;83.03;84.83;84.62;82.03;83.46;80.73;81.69;81.22;81.73;84.09;85.32;85.24;82.79;84.35;83.87;84.69;82.99;81.96;83.06;83.86;83.27;81.94,HALAL,"Business activity permissible — debt ratio not verified, cross-check Musaffa/Zoya",
PFGC,RETAIL,RETAIL/WHLSL-FOOD,39,100.8499984741211,0.05282385959110614,94.25;97.06;92.05;90.04;87.97;87.78;88.18;86.83;83.69;83.18;85.66;83.01;85.66;84.01;84.17;88.81;88.25;88.86;93.50;90.75;90.22;88.67;88.15;88.69;87.12;92.71;94.07;95.83;95.97;93.89;95.18;93.91;97.21;97.59;96.54;97.12;99.76;104.06;104.10;103.41;102.61;106.43;110.44;111.79;113.09;115.50;112.04;113.31;110.41;111.76;110.34;110.31;114.30;116.65;114.39;112.41;114.58;113.79;107.41;107.25;104.54;103.98;105.78;102.47;100.85,HALAL,"Business activity permissible — debt ratio not verified, cross-check Musaffa/Zoya",
CHEF,RETAIL,RETAIL/WHLSL-FOOD,94,115.0,0.6167581110721043,72.12;71.39;62.43;63.22;63.50;64.59;64.60;62.78;60.01;58.16;60.84;59.52;59.45;57.59;59.24;64.59;64.65;64.49;65.82;65.33;64.95;66.85;75.70;78.83;79.03;80.34;80.69;80.50;80.34;77.07;78.08;76.88;77.91;76.97;77.69;80.74;82.69;89.76;94.06;92.37;93.79;95.63;95.92;96.10;95.62;98.21;97.06;97.44;97.71;97.09;95.16;94.48;95.68;105.63;115.35;110.02;109.14;108.83;111.07;109.08;108.30;108.84;113.45;112.01;115.00,HALAL,"Business activity permissible — debt ratio not verified, cross-check Musaffa/Zoya",
HFFG,RETAIL,RETAIL/WHLSL-FOOD,11,1.7999999523162842,0.1764705790688741,1.87;2.09;2.09;2.13;2.07;1.89;2.13;1.78;1.85;1.77;1.81;1.73;1.85;2.03;2.00;2.12;2.17;2.08;2.16;2.01;1.97;1.97;1.93;1.90;1.88;1.83;1.90;2.01;2.02;2.00;1.93;2.10;2.03;1.93;1.84;1.87;1.84;1.88;1.80;1.83;1.84;1.77;1.65;1.41;1.82;1.87;1.72;1.69;1.69;1.65;1.63;1.52;1.53;1.51;1.50;1.48;1.46;1.56;1.84;1.84;1.90;1.84;1.81;1.85;1.80,HALAL,"Business activity permissible — debt ratio not verified, cross-check Musaffa/Zoya",
ODP,RETAIL,RETAIL/WHLSL-OFFICE SUPPLIES,,,,,HALAL,"Business activity permissible — debt ratio not verified, cross-check Musaffa/Zoya",
SCSC,RETAIL,RETAIL/WHLSL-OFFICE SUPPLIES,86,56.54999923706055,0.5796089508996238,36.87;36.78;37.07;37.67;36.08;36.17;35.84;35.56;35.00;35.96;36.76;36.05;36.30;36.49;37.17;38.21;39.16;38.19;39.55;40.40;39.94;40.66;40.30;41.15;42.23;43.29;43.73;42.01;42.11;42.48;42.69;44.95;45.82;48.13;45.87;46.71;48.87;49.54;49.35;48.64;49.33;49.71;50.87;52.09;50.87;51.53;53.46;53.86;53.34;54.79;55.51;53.88;55.62;57.38;56.62;58.89;56.94;53.99;51.98;53.19;52.29;56.39;54.13;56.17;56.55,HALAL,"Business activity permissible — debt ratio not verified, cross-check Musaffa/Zoya",
ESND,RETAIL,RETAIL/WHLSL-OFFICE SUPPLIES,,,,,HALAL,"Business activity permissible — debt ratio not verified, cross-check Musaffa/Zoya",
ORCL,SOFTWARE,COMPUTER SFTWR-DATABASE,7,150.85000610351562,0.07496641445567498,146.86;144.39;147.98;153.72;150.51;161.99;154.03;153.62;154.44;153.27;145.01;138.69;146.09;145.36;142.18;137.38;155.08;169.22;174.45;180.54;175.67;172.36;163.26;171.23;184.71;193.92;193.17;189.10;192.28;180.83;189.11;192.39;202.99;247.29;229.53;212.94;205.10;183.46;191.97;182.89;174.46;156.98;148.02;146.04;139.78;141.11;143.72;131.54;132.49;126.41;127.05;120.04;119.90;117.74;129.87;145.74;143.47;151.05;153.28;150.52;142.79;142.07;142.45;148.87;150.85,HALAL,"Business activity permissible — debt ratio not verified, cross-check Musaffa/Zoya",
MDB,SOFTWARE,COMPUTER SFTWR-DATABASE,92,446.6199951171875,0.4625536308693148,314.99;328.47;252.73;263.93;271.74;270.57;260.50;272.27;270.16;273.25;246.54;235.51;244.77;253.12;254.08;229.49;236.14;244.06;263.38;261.43;258.11;264.38;258.29;263.46;266.68;293.42;294.65;303.00;312.16;334.68;317.50;307.35;325.68;403.88;368.32;350.74;340.28;354.41;354.18;334.69;319.16;302.44;314.01;335.90;354.88;361.32;362.87;337.97;333.04;312.33;307.65;299.14;309.71;321.10;337.48;380.04;370.00;416.67;437.83;460.33;434.62;420.37;402.69;406.11;446.62,HALAL,"Business activity permissible — debt ratio not verified, cross-check Musaffa/Zoya",
TDC,SOFTWARE,COMPUTER SFTWR-DATABASE,41,28.770000457763672,0.02275155762854375,30.41;31.49;30.36;28.96;28.54;27.29;26.58;27.24;27.02;26.94;26.01;25.31;25.63;25.48;25.87;25.12;26.02;26.67;27.10;27.51;25.91;26.47;26.27;27.96;30.08;29.63;32.31;32.70;33.81;32.65;32.77;33.34;31.63;36.83;34.97;33.70;33.47;32.80;33.62;31.74;29.67;31.69;32.85;34.65;34.56;36.46;34.83;33.96;31.31;30.52;29.33;27.68;29.79;30.63;30.99;34.39;26.95;27.69;26.74;27.68;28.47;27.57;27.52;27.06;28.77,HALAL,"Business activity permissible — debt ratio not verified, cross-check Musaffa/Zoya",
CLDR,SOFTWARE,COMPUTER SFTWR-DATABASE,,,,,HALAL,"Business activity permissible — debt ratio not verified, cross-check Musaffa/Zoya",
SNOW,SOFTWARE,COMPUTER SFTWR-DATABASE,95,328.0,1.0812181935104839,169.21;168.41;165.79;177.45;182.84;179.43;178.66;174.60;175.40;174.20;160.61;152.80;150.82;151.85;149.24;132.24;134.24;144.48;143.98;150.84;146.40;144.25;141.22;141.00;141.71;153.72;151.50;152.37;157.47;169.55;165.54;177.60;239.20;280.16;241.28;238.26;239.66;240.39;240.78;234.52;226.59;225.95;248.96;254.50;260.15;262.74;267.49;268.65;271.87;268.90;271.73;265.13;272.92;282.90;293.28;316.77;318.00;334.70;332.26;328.92;325.33;321.29;322.78;315.37;328.00,HALAL,"Business activity permissible — debt ratio not verified, cross-check Musaffa/Zoya",
ADBE,SOFTWARE,COMPUTER SFTWR-DESIGN,44,291.5199890136719,0.18177394871591845,257.81;262.41;270.99;281.74;282.44;273.71;249.32;254.20;245.99;247.64;237.25;234.84;243.08;242.92;240.14;229.94;240.11;244.66;244.45;247.18;238.98;239.31;243.57;250.71;255.62;256.51;246.15;236.07;247.60;254.99;244.10;240.49;241.44;274.03;256.24;251.44;237.88;218.80;206.36;196.28;194.90;196.57;202.73;205.02;219.72;221.54;222.65;230.61;224.56;237.25;227.16;212.17;237.75;263.43;250.41;257.49;260.24;272.96;258.75;264.02;263.14;272.22;276.27;273.47;291.52,HALAL,"Business activity permissible — debt ratio not verified, cross-check Musaffa/Zoya",
ANSS,SOFTWARE,COMPUTER SFTWR-DESIGN,,,,,HALAL,"Business activity permissible — debt ratio not verified, cross-check Musaffa/Zoya",
ADSK,SOFTWARE,COMPUTER SFTWR-DESIGN,37,260.6600036621094,0.19218809179364826,224.81;245.87;253.40;264.12;260.75;251.83;251.17;252.92;247.65;247.44;235.42;229.84;239.40;238.08;234.96;225.13;227.14;239.32;242.02;245.48;231.98;235.03;235.87;244.35;249.43;251.04;236.07;231.03;236.62;244.16;240.19;238.23;240.95;248.16;229.60;229.96;224.08;205.57;198.60;193.07;187.72;192.61;196.26;194.42;207.48;212.38;208.58;212.22;208.98;218.35;211.15;205.26;225.91;245.25;234.20;237.21;242.47;256.07;249.51;251.66;246.79;251.02;254.42;254.77;260.66,HALAL,"Business activity permissible — debt ratio not verified, cross-check Musaffa/Zoya",
PTC,SOFTWARE,COMPUTER SFTWR-DESIGN,26,157.14999389648438,0.04155612944565945,154.11;156.59;163.10;164.25;163.42;159.13;155.89;154.12;150.67;149.23;143.56;137.61;142.49;142.65;143.92;139.19;134.21;136.58;139.74;140.93;135.83;136.41;137.50;136.53;137.55;147.65;145.92;140.81;141.91;145.19;145.84;144.88;138.79;145.08;139.72;137.00;136.97;118.39;114.85;116.94;115.00;112.93;115.72;113.61;124.55;125.04;123.79;125.42;123.61;124.37;120.77;113.05;125.21;132.46;137.20;141.68;147.66;151.02;147.99;149.75;146.48;153.52;154.31;151.61;157.15,HALAL,"Business activity permissible — debt ratio not verified, cross-check Musaffa/Zoya",
CDNS,SOFTWARE,COMPUTER SFTWR-DESIGN,33,340.3900146484375,0.21654763938124577,301.84;301.40;300.63;299.84;298.05;294.16;287.03;293.75;287.40;292.52;281.39;271.77;277.87;278.72;279.48;281.01;288.20;304.10;311.03;325.84;314.33;336.54;329.95;340.94;353.63;356.90;364.20;354.55;347.24;338.12;358.46;381.75;373.85;414.16;408.00;376.19;390.90;383.74;394.50;389.60;389.04;372.40;377.27;375.32;373.14;371.06;385.95;377.92;371.50;330.11;344.64;330.46;338.61;332.76;340.02;340.62;338.42;331.91;323.13;324.82;316.52;313.59;315.92;334.68;340.39,HALAL,"Business activity permissible — debt ratio not verified, cross-check Musaffa/Zoya",
SNPS,SOFTWARE,COMPUTER SFTWR-DESIGN,16,442.6099853515625,0.05177980525663495,449.17;414.00;424.32;442.30;437.22;432.98;412.63;429.29;428.25;432.48;410.13;380.47;396.48;395.95;397.90;404.92;417.77;438.45;449.58;467.58;456.85;498.54;481.22;489.02;502.51;505.19;516.19;509.28;502.42;493.87;503.98;534.56;480.64;492.29;498.02;464.85;465.27;456.29;454.38;461.74;464.58;463.93;454.34;446.07;437.16;436.63;443.37;433.82;425.28;384.28;389.07;373.52;388.99;373.69;388.76;403.86;405.98;411.68;412.32;421.50;404.41;397.92;394.51;410.00;442.61,HALAL,"Business activity permissible — debt ratio not verified, cross-check Musaffa/Zoya",
U,SOFTWARE,COMPUTER SFTWR-DESIGN,93,43.310001373291016,1.5283131053786234,18.58;18.23;20.02;20.73;21.25;20.04;19.43;20.09;19.15;18.65;17.80;19.45;21.94;22.75;22.01;21.57;22.80;25.26;25.92;25.41;24.31;26.64;26.11;27.13;27.34;26.73;26.87;26.89;27.16;26.20;25.54;26.77;29.94;32.17;29.22;29.17;28.44;26.71;28.49;26.47;27.14;27.15;28.23;28.58;29.32;29.66;30.73;30.68;31.27;28.99;29.87;28.94;30.44;32.04;31.71;35.22;40.81;43.10;44.53;46.25;46.74;46.54;46.16;44.38;43.31,HALAL,"Business activity permissible — debt ratio not verified, cross-check Musaffa/Zoya",
PLAN,SOFTWARE,COMPUTER SFTWR-DESIGN,,,,,HALAL,"Business activity permissible — debt ratio not verified, cross-check Musaffa/Zoya",
BSY,SOFTWARE,COMPUTER SFTWR-DESIGN,33,37.29999923706055,0.16271424304200632,32.36;36.41;38.62;39.36;40.07;38.58;38.11;37.80;37.81;38.15;35.02;34.69;35.05;34.53;34.28;33.38;32.75;33.98;35.01;34.93;32.59;32.76;32.77;33.49;33.08;33.55;32.58;31.19;32.01;32.94;33.27;32.67;32.14;35.17;32.62;32.93;33.11;30.57;30.53;29.34;28.87;28.66;30.00;29.89;32.26;32.44;31.61;31.75;31.54;32.34;31.26;30.12;33.71;36.96;35.44;36.08;35.36;35.31;35.73;36.24;34.64;36.40;37.68;36.94;37.30,HALAL,"Business activity permissible — debt ratio not verified, cross-check Musaffa/Zoya",
MSFT,SOFTWARE,COMPUTER SFTWR-ENTERPRISE,62,513.530029296875,0.3410957512134922,398.98;391.15;402.30;409.02;407.76;403.25;393.95;397.80;387.45;381.45;369.54;355.33;368.68;371.95;370.79;371.56;382.82;409.56;421.08;422.45;414.07;423.11;422.75;412.77;409.72;419.07;410.99;403.57;420.22;415.74;418.30;415.25;426.19;459.65;426.54;415.89;402.65;389.61;399.01;378.20;366.65;364.77;372.27;372.32;389.76;388.11;383.64;390.26;394.89;393.08;397.00;380.86;388.37;389.81;463.85;491.88;498.92;505.11;491.50;494.47;480.73;481.15;487.31;496.37;513.53,HALAL,"Software/cloud — halal core; financials typically pass — debt ratio not verified, cross-check Musaffa/Zoya",
CRM,SOFTWARE,COMPUTER SFTWR-ENTERPRISE,79,256.0,0.44422220850643424,190.78;193.80;195.06;200.37;197.78;193.15;191.85;194.32;194.00;194.19;181.04;178.40;185.72;186.23;182.03;170.41;172.38;177.14;181.67;186.63;172.85;179.72;180.75;183.35;186.51;185.86;177.03;165.41;173.06;178.96;175.86;178.62;175.72;209.06;190.12;185.18;174.90;166.45;164.55;155.02;150.12;152.76;158.37;156.66;166.11;169.52;162.50;171.22;167.00;170.77;170.06;156.93;173.60;188.38;184.02;190.99;186.77;197.51;193.32;196.21;196.14;205.43;209.06;205.62;256.00,HALAL,"Business activity permissible — debt ratio not verified, cross-check Musaffa/Zoya",
NOW,SOFTWARE,COMPUTER SFTWR-ENTERPRISE,66,144.7100067138672,0.4356151025071189,104.23;108.01;113.19;120.38;121.93;115.63;113.62;116.72;113.27;110.95;103.06;99.41;104.55;102.00;100.55;89.81;89.06;94.19;96.66;100.14;84.78;90.45;88.89;91.16;92.01;93.59;91.49;87.05;95.07;101.83;99.69;99.92;108.73;135.86;117.90;112.45;106.97;103.08;104.15;95.48;93.01;93.80;98.34;99.28;106.32;110.73;108.84;111.26;104.73;103.24;102.06;91.94;105.56;115.76;111.23;118.14;117.35;127.44;124.94;124.00;119.49;129.75;128.05;125.80;144.71,HALAL,"Business activity permissible — debt ratio not verified, cross-check Musaffa/Zoya",
WDAY,SOFTWARE,COMPUTER SFTWR-ENTERPRISE,84,204.72000122070312,0.5843974195748725,133.15;133.76;143.61;147.18;148.14;137.84;133.09;135.17;133.38;137.06;127.07;124.18;129.92;132.26;127.51;113.06;119.92;124.12;123.83;129.16;114.67;117.83;122.43;126.96;128.88;130.88;121.42;116.50;125.01;129.34;121.85;124.02;130.01;157.23;146.90;144.28;140.23;130.53;129.60;121.83;113.04;118.09;124.21;122.42;135.40;143.65;138.34;144.87;141.82;144.78;141.17;127.87;147.54;168.01;160.34;171.28;170.24;184.19;175.29;198.68;190.64;197.32;199.15;190.75;204.72,HALAL,"Business activity permissible — debt ratio not verified, cross-check Musaffa/Zoya",
SAP,SOFTWARE,COMPUTER SFTWR-ENTERPRISE,47,221.5399932861328,0.14580430615201445,194.86;198.09;192.98;196.07;196.68;187.95;186.69;186.87;181.85;175.12;166.06;161.22;168.28;168.84;166.58;161.69;166.67;169.95;178.12;173.43;160.46;170.48;167.19;167.84;172.39;174.71;170.10;160.82;169.48;178.80;176.28;175.15;175.46;196.11;180.67;184.77;178.92;163.64;164.33;158.79;149.51;152.75;155.09;154.11;162.59;162.77;158.46;159.97;155.91;159.04;154.34;146.38;171.01;185.99;183.62;195.49;199.46;208.55;204.15;207.97;210.47;217.09;218.66;211.68;221.54,HALAL,"Business activity permissible — debt ratio not verified, cross-check Musaffa/Zoya",
INTU,SOFTWARE,COMPUTER SFTWR-ENTERPRISE,12,358.05999755859375,0.0033584073664671976,378.38;405.97;430.11;463.30;470.13;437.16;436.67;455.85;451.84;453.60;423.67;413.33;429.15;419.32;407.17;360.09;367.81;388.00;391.52;403.06;381.61;388.20;393.34;397.28;396.56;404.99;391.56;370.07;391.27;397.95;305.72;303.01;311.62;352.20;310.07;295.45;292.48;275.69;280.53;267.89;256.63;261.08;266.54;259.85;274.14;279.93;273.38;289.76;279.70;291.09;289.92;281.53;303.91;333.13;316.07;323.60;321.91;334.43;334.71;345.66;350.41;361.87;369.92;345.88;358.06,HALAL,"Business activity permissible — debt ratio not verified, cross-check Musaffa/Zoya",
TEAM,SOFTWARE,COMPUTER SFTWR-ENTERPRISE,97,190.4149932861328,1.7672576666492223,73.19;75.13;78.38;82.51;82.04;75.45;75.21;74.91;74.60;74.41;66.46;65.12;68.25;68.29;64.83;58.96;61.30;66.00;66.94;71.22;67.62;69.22;70.49;88.88;92.35;92.37;87.31;80.62;87.46;86.62;82.18;84.92;93.29;115.95;101.53;99.47;95.61;89.20;91.55;84.39;79.96;81.55;78.74;77.79;83.84;88.39;90.71;96.16;91.77;93.29;90.60;80.15;95.87;104.28;101.01;110.31;110.17;151.87;155.24;162.22;163.00;174.91;171.33;168.47;190.41,HALAL,"Business activity permissible — debt ratio not verified, cross-check Musaffa/Zoya",
PANW,SOFTWARE,COMPUTER SFTWR-ENTERPRISE,97,371.5899963378906,1.5779797274272553,144.84;148.92;156.09;163.16;165.10;164.93;167.02;169.19;169.74;164.05;153.22;147.02;160.32;163.21;169.87;166.99;162.51;164.11;167.85;174.96;173.21;182.90;181.54;181.08;183.98;196.53;213.66;227.79;242.83;240.13;252.92;256.75;257.77;300.48;280.43;272.05;260.52;279.53;284.54;282.13;286.40;285.26;304.20;341.02;348.06;337.04;338.31;330.30;354.02;358.68;342.15;325.63;317.32;314.15;331.83;366.34;359.49;385.04;387.01;384.27;374.14;349.56;350.90;339.31;371.59,HALAL,"Business activity permissible — debt ratio not verified, cross-check Musaffa/Zoya",
PLTR,SOFTWARE,COMPUTER SFTWR-ENTERPRISE,77,186.2899932861328,0.4264164209799226,134.19;137.19;147.22;152.67;156.43;151.60;150.95;155.08;155.68;160.84;154.96;143.06;146.28;148.46;150.07;130.49;132.37;142.15;146.39;145.97;141.57;143.10;137.97;144.07;135.91;137.05;136.89;130.05;133.99;135.26;137.41;136.60;143.34;160.65;142.20;135.53;132.07;131.08;134.71;130.63;119.50;113.50;112.93;116.67;129.30;134.37;129.04;130.04;133.76;132.38;132.66;123.37;131.53;123.00;123.06;162.66;155.92;175.23;171.04;174.04;171.54;173.96;175.89;177.50;186.29,HALAL,"Business activity permissible — debt ratio not verified, cross-check Musaffa/Zoya",
DDOG,SOFTWARE,COMPUTER SFTWR-ENTERPRISE,92,236.97999572753906,1.3094089622469314,110.33;111.96;111.77;122.36;128.56;127.49;124.52;128.87;129.94;129.23;123.29;114.48;118.05;120.36;116.54;108.98;110.08;121.06;126.61;129.29;127.86;132.66;133.98;140.53;145.73;188.73;202.32;205.31;207.98;215.15;218.04;223.65;225.24;277.49;250.33;234.11;227.34;234.24;233.09;226.63;221.37;222.65;239.77;260.36;260.36;256.81;269.00;260.24;264.46;258.69;254.79;244.39;251.86;264.20;267.97;288.15;229.29;260.78;240.91;255.46;246.00;232.55;225.77;227.67;236.98,HALAL,"Business activity permissible — debt ratio not verified, cross-check Musaffa/Zoya",
MDB,SOFTWARE,COMPUTER SFTWR-ENTERPRISE,92,446.6199951171875,0.4625536308693148,314.99;328.47;252.73;263.93;271.74;270.57;260.50;272.27;270.16;273.25;246.54;235.51;244.77;253.12;254.08;229.49;236.14;244.06;263.38;261.43;258.11;264.38;258.29;263.46;266.68;293.42;294.65;303.00;312.16;334.68;317.50;307.35;325.68;403.88;368.32;350.74;340.28;354.41;354.18;334.69;319.16;302.44;314.01;335.90;354.88;361.32;362.87;337.97;333.04;312.33;307.65;299.14;309.71;321.10;337.48;380.04;370.00;416.67;437.83;460.33;434.62;420.37;402.69;406.11;446.62,HALAL,"Business activity permissible — debt ratio not verified, cross-check Musaffa/Zoya",
ZS,SOFTWARE,COMPUTER SFTWR-ENTERPRISE,49,184.22999572753906,0.2858040012362091,155.70;146.99;154.67;161.96;162.62;153.81;153.76;156.00;155.40;151.80;139.44;133.16;140.29;138.56;142.09;122.23;122.62;131.01;134.68;139.61;132.97;134.11;134.73;139.81;141.36;152.79;148.87;152.43;161.05;175.25;171.01;184.60;130.04;155.71;134.37;130.78;125.84;126.11;130.42;124.38;124.06;127.27;132.26;141.15;147.33;149.50;147.12;141.82;148.19;149.94;148.72;139.70;147.30;153.77;151.20;163.22;162.60;176.68;177.32;183.60;185.70;174.95;176.06;170.31;184.23,HALAL,"Business activity permissible — debt ratio not verified, cross-check Musaffa/Zoya",
OKTA,SOFTWARE,COMPUTER SFTWR-ENTERPRISE,97,166.22999572753906,1.3914543320218882,73.00;72.50;72.52;79.65;79.71;80.85;79.16;78.53;80.76;81.10;78.12;73.23;78.71;80.19;79.34;67.76;65.46;67.35;72.25;77.64;76.04;76.14;76.16;75.78;77.75;80.88;81.69;78.20;82.77;85.70;89.44;93.81;94.72;139.79;124.65;118.72;119.96;117.50;118.12;113.03;115.94;118.58;124.28;136.45;141.42;148.47;148.84;139.53;150.86;149.35;141.71;136.10;137.43;136.91;141.93;147.82;143.51;150.77;147.30;147.43;143.92;134.16;130.97;134.42;166.23,HALAL,"Business activity permissible — debt ratio not verified, cross-check Musaffa/Zoya",
CRWD,SOFTWARE,COMPUTER SFTWR-ENTERPRISE,95,218.39999389648438,1.4936488712642144,90.83;93.00;97.86;106.54;108.53;110.51;110.44;108.30;107.04;103.33;96.46;92.39;97.60;99.78;105.81;98.67;100.56;102.79;105.99;112.40;111.35;113.65;113.10;113.91;119.13;126.43;135.57;140.64;148.52;154.22;162.06;167.89;167.75;195.54;186.90;167.76;161.23;172.88;173.23;170.74;168.86;168.26;175.27;190.79;193.98;194.62;198.40;187.91;206.77;203.08;191.15;183.42;180.11;179.38;190.86;211.22;207.39;225.16;221.78;216.95;212.92;190.34;190.68;189.18;218.40,HALAL,"Business activity permissible — debt ratio not verified, cross-check Musaffa/Zoya",
GTLB,SOFTWARE,COMPUTER SFTWR-ENTERPRISE,89,44.869998931884766,0.8672491739386812,25.97;26.30;26.70;25.37;24.58;23.16;22.69;22.88;22.89;22.27;20.67;20.35;21.64;22.57;23.15;19.67;20.03;21.76;21.42;22.15;20.66;21.45;21.91;24.05;24.84;25.92;25.64;22.05;23.66;25.46;25.62;26.77;27.93;33.79;30.93;31.12;30.30;28.40;28.31;26.47;25.83;28.27;29.07;30.53;32.07;32.59;33.86;33.47;32.83;32.72;32.85;30.22;32.88;34.03;34.51;36.48;35.68;40.73;40.81;42.62;41.50;42.08;42.03;41.31;44.87,HALAL,"Business activity permissible — debt ratio not verified, cross-check Musaffa/Zoya",
S,SOFTWARE,COMPUTER SFTWR-ENTERPRISE,84,21.540000915527344,0.7413097101701234,12.92;13.12;13.27;13.97;14.35;14.16;14.52;14.49;14.56;14.38;13.36;12.58;12.88;13.33;13.38;12.77;12.79;13.26;14.02;14.46;13.92;14.63;14.70;14.90;15.86;15.92;16.33;16.08;16.86;17.66;18.11;18.56;18.02;17.81;16.30;15.95;15.24;14.76;15.19;14.80;14.74;15.12;15.91;16.97;17.51;18.16;18.86;18.55;19.58;19.57;18.81;17.38;18.14;18.52;19.06;20.98;20.76;22.23;22.30;23.11;22.49;20.94;20.82;20.51;21.54,HALAL,"Business activity permissible — debt ratio not verified, cross-check Musaffa/Zoya",
SPLK,SOFTWARE,COMPUTER SFTWR-ENTERPRISE,,,,,HALAL,"Business activity permissible — debt ratio not verified, cross-check Musaffa/Zoya",
VEEV,SOFTWARE,COMPUTER SFTWR-ENTERPRISE,88,276.69000244140625,0.6070744344778267,176.46;182.01;185.91;196.06;195.57;187.09;178.88;186.70;185.59;185.23;178.11;172.59;175.66;173.98;172.52;157.08;158.45;167.30;167.95;167.79;156.15;160.45;158.22;171.60;171.19;168.25;159.33;155.73;158.86;163.31;158.27;158.54;164.38;188.66;178.72;172.61;167.68;161.55;162.17;154.85;153.16;161.35;171.36;177.47;192.74;192.30;189.70;196.81;193.67;195.38;189.24;179.58;194.46;207.91;203.78;211.86;217.80;234.69;241.51;243.75;242.75;250.53;248.46;244.91;276.69,HALAL,"Business activity permissible — debt ratio not verified, cross-check Musaffa/Zoya",
MNDY,SOFTWARE,COMPUTER SFTWR-ENTERPRISE,42,100.70999908447266,0.4361497195646724,74.31;72.64;73.56;78.48;81.06;76.03;74.86;75.28;74.73;75.47;69.28;66.47;69.11;68.34;66.71;62.39;63.55;65.43;64.99;67.86;64.60;68.02;66.66;72.74;75.95;76.39;76.91;67.70;71.97;78.00;76.26;76.83;77.49;95.47;85.95;85.74;83.23;79.58;77.26;73.38;70.36;70.92;73.02;72.39;79.77;84.10;83.65;86.84;80.71;78.69;72.84;71.74;82.10;90.25;87.15;93.80;87.57;88.62;85.95;87.52;88.04;91.30;94.25;92.55;100.71,HALAL,"Business activity permissible — debt ratio not verified, cross-check Musaffa/Zoya",
HUBS,SOFTWARE,COMPUTER SFTWR-ENTERPRISE,33,260.67999267578125,0.19930066223677878,245.70;264.51;275.37;291.47;286.84;259.10;264.30;265.55;262.32;262.06;238.07;230.79;244.10;244.67;227.61;205.04;205.28;218.62;222.49;230.46;214.69;225.07;227.25;239.89;246.08;243.72;191.34;179.00;198.38;208.19;198.37;197.99;198.80;262.20;222.45;212.64;197.69;186.43;186.06;176.71;172.80;180.73;185.47;182.51;192.12;205.20;205.95;217.59;215.33;224.26;218.56;190.01;223.01;251.12;237.36;248.89;202.43;215.91;210.12;224.14;226.24;239.86;244.17;237.08;260.68,HALAL,"Business activity permissible — debt ratio not verified, cross-check Musaffa/Zoya",
BILL,SOFTWARE,COMPUTER SFTWR-ENTERPRISE,76,50.310001373291016,0.19957088747379448,43.20;44.51;43.74;45.13;44.47;41.21;39.79;41.17;40.87;40.49;38.17;37.00;38.30;38.63;38.28;36.18;36.76;39.31;38.81;39.78;36.66;37.55;37.25;39.07;38.32;37.66;41.50;39.96;40.07;37.75;36.45;34.90;34.85;39.51;35.20;35.97;34.09;32.13;33.54;32.19;31.96;33.46;35.52;36.16;40.48;40.68;40.52;42.86;44.63;44.71;44.26;41.26;44.90;47.41;45.13;48.57;47.00;49.26;48.70;49.78;49.17;47.40;48.16;48.11;50.31,HALAL,"Business activity permissible — debt ratio not verified, cross-check Musaffa/Zoya",
PCTY,SOFTWARE,COMPUTER SFTWR-ENTERPRISE,79,157.92999267578125,0.5490926670253742,103.78;106.49;113.60;115.99;117.95;113.78;109.39;110.80;110.90;115.09;109.60;105.39;108.04;106.14;106.29;95.18;99.49;100.52;100.78;103.60;100.08;101.38;107.94;109.60;107.68;109.12;109.88;104.23;107.12;113.22;111.72;109.64;110.88;122.49;112.82;113.46;113.14;108.23;106.93;100.51;99.51;103.79;106.35;104.53;115.10;118.84;116.62;124.50;123.05;126.00;123.88;120.60;130.16;144.79;137.90;143.32;151.49;145.65;145.67;148.28;147.32;152.36;152.45;152.04;157.93,HALAL,"Business activity permissible — debt ratio not verified, cross-check Musaffa/Zoya",
PAYC,SOFTWARE,COMPUTER SFTWR-ENTERPRISE,94,238.52999877929688,1.0993255080176918,123.04;124.94;130.88;135.70;137.65;129.76;125.16;125.32;123.61;126.04;119.30;116.55;121.01;123.02;123.68;114.34;119.09;123.10;126.38;129.87;124.95;123.37;127.37;131.39;131.11;137.83;137.84;134.31;135.65;140.56;133.77;132.60;136.58;148.34;137.56;137.39;135.92;132.02;134.47;123.52;123.47;127.01;128.97;125.47;138.98;143.54;139.33;146.26;144.49;147.70;143.98;138.47;151.05;168.64;163.69;175.01;215.62;213.10;210.93;217.77;215.37;226.35;229.62;232.31;238.53,HALAL,"Business activity permissible — debt ratio not verified, cross-check Musaffa/Zoya",
DBX,SOFTWARE,COMPUTER SFTWR-ENTERPRISE,84,35.70000076293945,0.4571428882832429,24.43;24.99;26.17;26.38;26.74;25.87;25.75;25.54;25.17;24.42;22.70;22.15;22.72;23.40;23.60;22.23;22.71;23.69;24.27;24.59;23.90;23.91;24.31;24.93;25.41;25.13;26.49;26.20;26.82;27.53;27.25;26.49;26.19;28.91;27.59;27.52;27.43;26.98;27.23;26.41;25.80;26.33;26.64;27.47;28.56;28.85;29.41;29.58;30.35;30.62;29.42;28.43;30.54;33.33;32.56;34.51;34.54;34.59;33.63;34.42;33.87;34.00;34.88;34.80;35.70,HALAL,"Business activity permissible — debt ratio not verified, cross-check Musaffa/Zoya",
BOX,SOFTWARE,COMPUTER SFTWR-ENTERPRISE,84,34.97999954223633,0.6031164084082783,23.01;23.55;23.92;26.10;25.44;24.66;24.89;24.46;23.86;24.52;23.66;23.07;23.64;24.02;24.01;22.44;22.35;23.81;23.75;24.33;23.54;24.06;24.66;25.01;25.21;25.69;24.50;23.72;24.67;25.70;25.40;25.62;25.25;28.79;26.69;26.68;26.54;25.49;25.51;24.94;24.36;25.46;26.46;26.54;27.89;28.85;28.80;29.41;30.47;30.48;29.94;28.28;30.15;32.42;31.55;31.76;31.85;33.60;32.35;32.65;32.44;32.90;33.47;33.39;34.98,HALAL,"Business activity permissible — debt ratio not verified, cross-check Musaffa/Zoya",
WDAY,SOFTWARE,COMPUTER SFTWR-ENTERPRISE,84,204.72000122070312,0.5843974195748725,133.15;133.76;143.61;147.18;148.14;137.84;133.09;135.17;133.38;137.06;127.07;124.18;129.92;132.26;127.51;113.06;119.92;124.12;123.83;129.16;114.67;117.83;122.43;126.96;128.88;130.88;121.42;116.50;125.01;129.34;121.85;124.02;130.01;157.23;146.90;144.28;140.23;130.53;129.60;121.83;113.04;118.09;124.21;122.42;135.40;143.65;138.34;144.87;141.82;144.78;141.17;127.87;147.54;168.01;160.34;171.28;170.24;184.19;175.29;198.68;190.64;197.32;199.15;190.75;204.72,HALAL,"Business activity permissible — debt ratio not verified, cross-check Musaffa/Zoya",
ASAN,SOFTWARE,COMPUTER SFTWR-ENTERPRISE,75,10.1899995803833,0.5486321730295682,7.16;7.10;7.44;7.91;7.90;7.05;7.01;6.85;6.68;6.61;6.05;6.17;6.40;6.37;6.20;5.73;5.80;6.08;5.84;6.36;6.10;6.24;6.40;6.99;7.35;7.05;6.34;5.71;6.20;6.63;6.36;6.58;6.66;9.07;7.97;7.84;7.54;7.46;7.43;7.10;6.75;6.65;6.97;7.00;7.34;7.49;7.37;7.69;7.54;7.69;7.39;6.57;7.75;8.51;8.32;8.76;8.68;9.23;8.99;9.14;9.16;9.50;9.76;9.44;10.19,HALAL,"Business activity permissible — debt ratio not verified, cross-check Musaffa/Zoya",
FROG,SOFTWARE,COMPUTER SFTWR-ENTERPRISE,97,98.73999786376953,1.8414387874466054,38.76;40.15;42.24;41.10;42.18;41.85;41.07;43.83;43.46;42.64;47.13;43.33;46.93;50.61;49.08;44.46;45.23;42.87;44.12;46.10;43.97;46.18;46.27;49.89;54.41;57.02;69.01;64.18;66.16;70.63;71.44;73.01;72.77;88.31;83.86;84.00;81.26;78.48;80.39;81.35;79.89;76.66;87.58;90.88;94.81;96.20;95.50;92.02;91.28;88.54;86.56;81.25;81.23;73.28;79.79;86.22;83.04;88.15;86.04;96.17;91.60;89.72;90.14;92.80;98.74,HALAL,"Business activity permissible — debt ratio not verified, cross-check Musaffa/Zoya",
ESTC,SOFTWARE,COMPUTER SFTWR-ENTERPRISE,93,99.91000366210938,0.8730784285020676,58.00;52.07;52.68;53.02;53.25;52.85;51.49;55.40;55.15;52.89;49.94;48.52;49.99;50.67;49.82;45.00;45.59;47.51;47.56;48.39;45.75;47.83;47.40;48.61;50.15;51.62;50.38;48.57;50.60;53.72;53.84;54.41;57.61;68.06;64.10;61.79;61.26;60.22;62.30;58.56;58.73;58.71;56.24;57.02;58.04;59.46;62.06;62.43;62.24;61.59;60.18;57.33;61.24;64.44;65.79;71.06;69.95;76.32;77.16;86.68;85.01;85.90;83.24;79.25;99.91,HALAL,"Business activity permissible — debt ratio not verified, cross-check Musaffa/Zoya",
NTNX,SOFTWARE,COMPUTER SFTWR-ENTERPRISE,86,69.16000366210938,0.8501873110191578,38.44;38.28;40.70;40.39;39.73;38.24;39.29;41.70;41.03;40.39;38.99;37.61;38.01;41.10;39.50;36.94;37.30;38.26;40.05;41.07;39.15;40.76;42.00;42.60;43.43;45.93;45.16;44.50;46.34;48.27;44.69;46.55;48.81;55.87;53.04;53.64;50.74;49.21;49.40;46.47;46.61;47.50;49.72;50.96;51.28;53.76;55.53;55.22;54.59;55.08;54.19;52.63;56.85;59.57;59.01;61.50;60.12;64.46;64.65;66.61;65.83;66.33;66.68;65.39;69.16,HALAL,"Business activity permissible — debt ratio not verified, cross-check Musaffa/Zoya",
CFLT,SOFTWARE,COMPUTER SFTWR-ENTERPRISE,,,,,HALAL,"Business activity permissible — debt ratio not verified, cross-check Musaffa/Zoya",
RBLX,SOFTWARE,COMPUTER SFTWR-ENTERPRISE,2,38.529998779296875,-0.3828287907904666,68.07;68.66;66.97;66.08;62.65;60.39;56.42;57.79;57.52;56.84;56.65;52.31;56.56;60.11;57.50;55.17;57.66;59.79;60.34;61.26;55.45;57.52;56.28;45.13;44.04;44.78;41.31;41.96;42.85;44.45;46.14;46.00;46.83;47.00;43.68;41.82;43.00;43.49;45.66;48.02;47.27;47.94;47.56;54.38;55.41;56.71;56.43;55.03;57.07;51.68;52.50;47.55;48.42;50.13;35.60;37.00;36.04;37.05;35.54;38.23;37.67;38.63;38.76;37.56;38.53,QUESTIONABLE,Gaming platform — mixed content,
INTU,SOFTWARE,COMPUTER SFTWR-FINANCIAL,12,358.05999755859375,0.0033584073664671976,378.38;405.97;430.11;463.30;470.13;437.16;436.67;455.85;451.84;453.60;423.67;413.33;429.15;419.32;407.17;360.09;367.81;388.00;391.52;403.06;381.61;388.20;393.34;397.28;396.56;404.99;391.56;370.07;391.27;397.95;305.72;303.01;311.62;352.20;310.07;295.45;292.48;275.69;280.53;267.89;256.63;261.08;266.54;259.85;274.14;279.93;273.38;289.76;279.70;291.09;289.92;281.53;303.91;333.13;316.07;323.60;321.91;334.43;334.71;345.66;350.41;361.87;369.92;345.88;358.06,HALAL,"Business activity permissible — debt ratio not verified, cross-check Musaffa/Zoya",
ADP,SOFTWARE,COMPUTER SFTWR-FINANCIAL,73,287.4800109863281,0.41960056942889,210.89;211.00;212.88;219.21;219.55;209.66;206.95;208.15;209.07;208.13;200.59;199.73;201.65;202.47;202.08;194.54;193.91;195.44;198.96;201.34;197.04;195.74;213.44;212.60;209.01;212.48;210.08;207.06;212.87;218.78;218.42;216.71;218.20;231.98;226.04;230.20;229.43;224.07;223.22;218.76;214.60;219.86;223.55;223.95;242.27;245.60;241.28;251.05;247.47;255.27;246.22;242.88;254.98;273.37;266.46;270.62;273.51;273.68;269.33;272.96;269.31;279.21;283.01;281.39;287.48,HALAL,"Business activity permissible — debt ratio not verified, cross-check Musaffa/Zoya",
PAYX,SOFTWARE,COMPUTER SFTWR-FINANCIAL,76,127.04000091552734,0.4877419825204432,89.14;91.51;93.37;96.13;96.05;91.85;90.49;90.32;89.61;91.36;91.22;89.58;90.01;89.60;89.51;85.85;87.28;88.20;89.86;91.54;88.87;87.87;91.90;90.89;90.73;92.10;91.73;88.99;90.60;93.51;93.28;93.82;94.53;101.38;97.44;99.49;99.25;98.25;99.86;96.57;94.94;95.31;98.87;97.32;105.25;107.01;105.17;109.61;108.87;113.21;110.81;109.52;114.29;122.13;116.84;118.66;120.13;121.18;120.37;122.02;119.93;122.91;126.01;124.88;127.04,HALAL,"Business activity permissible — debt ratio not verified, cross-check Musaffa/Zoya",
PCTY,SOFTWARE,COMPUTER SFTWR-FINANCIAL,79,157.92999267578125,0.5490926670253742,103.78;106.49;113.60;115.99;117.95;113.78;109.39;110.80;110.90;115.09;109.60;105.39;108.04;106.14;106.29;95.18;99.49;100.52;100.78;103.60;100.08;101.38;107.94;109.60;107.68;109.12;109.88;104.23;107.12;113.22;111.72;109.64;110.88;122.49;112.82;113.46;113.14;108.23;106.93;100.51;99.51;103.79;106.35;104.53;115.10;118.84;116.62;124.50;123.05;126.00;123.88;120.60;130.16;144.79;137.90;143.32;151.49;145.65;145.67;148.28;147.32;152.36;152.45;152.04;157.93,HALAL,"Business activity permissible — debt ratio not verified, cross-check Musaffa/Zoya",
PAYC,SOFTWARE,COMPUTER SFTWR-FINANCIAL,94,238.52999877929688,1.0993255080176918,123.04;124.94;130.88;135.70;137.65;129.76;125.16;125.32;123.61;126.04;119.30;116.55;121.01;123.02;123.68;114.34;119.09;123.10;126.38;129.87;124.95;123.37;127.37;131.39;131.11;137.83;137.84;134.31;135.65;140.56;133.77;132.60;136.58;148.34;137.56;137.39;135.92;132.02;134.47;123.52;123.47;127.01;128.97;125.47;138.98;143.54;139.33;146.26;144.49;147.70;143.98;138.47;151.05;168.64;163.69;175.01;215.62;213.10;210.93;217.77;215.37;226.35;229.62;232.31;238.53,HALAL,"Business activity permissible — debt ratio not verified, cross-check Musaffa/Zoya",
WK,SOFTWARE,COMPUTER SFTWR-FINANCIAL,83,79.1500015258789,0.3743705732968674,59.11;61.58;62.55;64.42;64.01;62.21;61.59;61.75;61.58;61.39;58.62;57.83;59.63;60.00;58.85;55.59;56.12;56.47;57.34;56.22;52.19;53.90;53.91;54.76;55.41;52.29;46.42;44.31;47.40;49.69;50.02;49.33;46.57;52.83;49.84;49.13;48.48;49.13;48.80;48.03;45.98;47.83;49.05;48.51;51.93;52.96;52.33;54.54;54.38;57.18;54.96;50.68;55.75;61.45;59.80;61.25;62.05;67.32;68.07;70.51;70.10;75.39;74.88;74.50;79.15,HALAL,"Business activity permissible — debt ratio not verified, cross-check Musaffa/Zoya",
BILL,SOFTWARE,COMPUTER SFTWR-FINANCIAL,76,50.310001373291016,0.19957088747379448,43.20;44.51;43.74;45.13;44.47;41.21;39.79;41.17;40.87;40.49;38.17;37.00;38.30;38.63;38.28;36.18;36.76;39.31;38.81;39.78;36.66;37.55;37.25;39.07;38.32;37.66;41.50;39.96;40.07;37.75;36.45;34.90;34.85;39.51;35.20;35.97;34.09;32.13;33.54;32.19;31.96;33.46;35.52;36.16;40.48;40.68;40.52;42.86;44.63;44.71;44.26;41.26;44.90;47.41;45.13;48.57;47.00;49.26;48.70;49.78;49.17;47.40;48.16;48.11;50.31,HALAL,"Business activity permissible — debt ratio not verified, cross-check Musaffa/Zoya",
SSNC,SOFTWARE,COMPUTER SFTWR-FINANCIAL,59,83.41999816894531,0.20857429138464556,72.32;74.72;74.48;75.18;74.10;72.69;71.53;72.33;71.57;70.99;67.17;65.16;67.30;68.06;68.59;67.95;68.91;71.17;71.82;71.17;69.78;68.36;69.21;69.01;69.00;69.82;66.77;64.51;64.32;65.99;66.68;66.47;65.85;69.08;67.97;69.91;68.69;67.74;67.42;66.36;65.13;65.97;63.66;62.05;65.52;66.30;66.73;68.06;68.59;69.56;67.92;66.95;75.04;78.31;77.05;81.06;79.84;79.77;80.14;81.50;80.53;82.12;83.54;83.05;83.42,HALAL,"Business activity permissible — debt ratio not verified, cross-check Musaffa/Zoya",
JKHY,SOFTWARE,COMPUTER SFTWR-FINANCIAL,58,169.72999572753906,0.09913051159838271,155.28;161.15;167.39;166.30;170.82;166.26;168.01;166.02;163.69;162.57;156.70;152.62;157.33;156.78;157.61;152.69;150.72;152.71;153.37;154.80;149.93;150.33;153.06;153.34;148.67;145.38;143.01;140.80;136.26;139.87;138.94;136.75;135.61;140.20;133.13;130.11;127.35;125.96;130.35;124.22;123.42;128.06;135.00;137.74;146.87;146.71;150.22;150.73;148.47;151.67;148.90;148.23;152.98;161.15;154.04;156.63;156.94;155.08;152.31;153.31;153.12;165.08;170.51;172.39;169.73,HALAL,"Business activity permissible — debt ratio not verified, cross-check Musaffa/Zoya",
EEFT,SOFTWARE,COMPUTER SFTWR-FINANCIAL,19,69.94999694824219,-0.00822347711744098,71.01;69.55;72.14;74.22;72.49;74.10;71.13;71.55;67.29;67.68;67.11;65.08;66.37;64.05;66.25;69.27;70.46;73.69;74.40;77.05;74.64;75.22;75.33;74.01;70.41;71.58;69.60;69.87;66.08;67.17;66.50;67.46;70.58;73.88;69.62;66.74;65.68;66.07;66.90;67.03;63.73;67.50;70.43;73.19;77.18;78.17;76.70;77.66;78.25;81.34;79.20;77.29;79.18;83.67;71.33;76.90;73.07;70.89;71.19;73.20;69.21;69.38;70.20;70.55;69.95,HALAL,"Business activity permissible — debt ratio not verified, cross-check Musaffa/Zoya",
EA,SOFTWARE,COMPUTER SFTWR-GAMING,,,,;;;;;;;;;;;;;;;;;;;;;;;;;;;;;;;;;;;;;;;;;;;;;;;;;208.90;;;;;;209.70;209.70;209.70;;;;;;;,QUESTIONABLE,Group classification: COMPUTER SFTWR-GAMING,
TTWO,SOFTWARE,COMPUTER SFTWR-GAMING,45,235.38999938964844,0.2034869052454067,207.31;211.48;217.05;212.53;214.63;211.09;208.58;206.72;201.75;200.84;193.05;189.69;197.50;199.87;198.33;198.05;201.36;214.15;212.04;217.65;209.90;213.77;215.34;216.03;223.11;223.50;221.47;226.99;242.44;238.14;238.08;220.67;217.87;226.98;215.80;214.39;212.05;212.08;216.23;228.03;239.57;235.77;238.53;249.98;254.99;257.79;246.10;244.10;243.80;236.68;235.93;230.25;243.95;246.43;242.92;240.22;232.47;253.57;243.00;246.95;242.40;240.15;233.50;233.45;235.39,QUESTIONABLE,Group classification: COMPUTER SFTWR-GAMING,
ATVI,SOFTWARE,COMPUTER SFTWR-GAMING,,,,,QUESTIONABLE,Group classification: COMPUTER SFTWR-GAMING,
RBLX,SOFTWARE,COMPUTER SFTWR-GAMING,2,38.529998779296875,-0.3828287907904666,68.07;68.66;66.97;66.08;62.65;60.39;56.42;57.79;57.52;56.84;56.65;52.31;56.56;60.11;57.50;55.17;57.66;59.79;60.34;61.26;55.45;57.52;56.28;45.13;44.04;44.78;41.31;41.96;42.85;44.45;46.14;46.00;46.83;47.00;43.68;41.82;43.00;43.49;45.66;48.02;47.27;47.94;47.56;54.38;55.41;56.71;56.43;55.03;57.07;51.68;52.50;47.55;48.42;50.13;35.60;37.00;36.04;37.05;35.54;38.23;37.67;38.63;38.76;37.56;38.53,QUESTIONABLE,Gaming platform — mixed content,
U,SOFTWARE,COMPUTER SFTWR-GAMING,93,43.310001373291016,1.5283131053786234,18.58;18.23;20.02;20.73;21.25;20.04;19.43;20.09;19.15;18.65;17.80;19.45;21.94;22.75;22.01;21.57;22.80;25.26;25.92;25.41;24.31;26.64;26.11;27.13;27.34;26.73;26.87;26.89;27.16;26.20;25.54;26.77;29.94;32.17;29.22;29.17;28.44;26.71;28.49;26.47;27.14;27.15;28.23;28.58;29.32;29.66;30.73;30.68;31.27;28.99;29.87;28.94;30.44;32.04;31.71;35.22;40.81;43.10;44.53;46.25;46.74;46.54;46.16;44.38;43.31,QUESTIONABLE,Group classification: COMPUTER SFTWR-GAMING,
SCPL,SOFTWARE,COMPUTER SFTWR-GAMING,,,,,QUESTIONABLE,Group classification: COMPUTER SFTWR-GAMING,
GLUU,SOFTWARE,COMPUTER SFTWR-GAMING,,,,,QUESTIONABLE,Group classification: COMPUTER SFTWR-GAMING,
ZNGA,SOFTWARE,COMPUTER SFTWR-GAMING,,,,,QUESTIONABLE,Group classification: COMPUTER SFTWR-GAMING,
VEEV,SOFTWARE,COMPUTER SFTWR-HEALTHCARE,88,276.69000244140625,0.6070744344778267,176.46;182.01;185.91;196.06;195.57;187.09;178.88;186.70;185.59;185.23;178.11;172.59;175.66;173.98;172.52;157.08;158.45;167.30;167.95;167.79;156.15;160.45;158.22;171.60;171.19;168.25;159.33;155.73;158.86;163.31;158.27;158.54;164.38;188.66;178.72;172.61;167.68;161.55;162.17;154.85;153.16;161.35;171.36;177.47;192.74;192.30;189.70;196.81;193.67;195.38;189.24;179.58;194.46;207.91;203.78;211.86;217.80;234.69;241.51;243.75;242.75;250.53;248.46;244.91;276.69,HALAL,"Business activity permissible — debt ratio not verified, cross-check Musaffa/Zoya",
DOCS,SOFTWARE,COMPUTER SFTWR-HEALTHCARE,20,26.729999542236328,0.12499996989664441,24.40;24.53;26.97;26.07;25.49;24.64;24.37;24.91;24.80;25.03;24.18;23.69;23.30;22.77;22.50;21.16;22.66;23.90;24.71;24.15;23.17;24.66;24.20;24.98;25.77;26.03;26.26;23.39;18.97;19.26;19.39;19.52;21.07;22.55;21.04;20.59;20.45;20.02;20.68;20.45;20.07;20.83;20.88;20.74;21.86;22.74;22.01;22.29;22.26;21.52;21.11;20.45;20.99;21.63;20.91;21.89;20.66;25.63;24.99;24.80;24.94;25.94;25.30;24.74;26.73,HALAL,"Business activity permissible — debt ratio not verified, cross-check Musaffa/Zoya",
TDOC,SOFTWARE,COMPUTER SFTWR-HEALTHCARE,39,6.5,0.42543861437812547,4.65;5.26;5.10;5.12;5.30;5.47;5.37;5.61;5.52;5.48;5.57;5.14;5.45;5.27;5.32;5.25;5.22;5.54;5.69;6.00;5.70;5.85;5.95;6.46;6.66;6.96;6.92;6.79;6.36;6.61;6.57;6.59;7.51;7.91;7.09;7.05;6.93;7.31;7.46;7.59;7.58;7.81;8.39;8.48;9.20;9.52;9.21;9.65;9.72;9.43;9.71;8.66;8.91;9.18;6.71;6.71;6.68;7.08;6.71;6.81;6.47;6.49;6.20;6.33;6.50,HALAL,"Business activity permissible — debt ratio not verified, cross-check Musaffa/Zoya",
OMCL,SOFTWARE,COMPUTER SFTWR-HEALTHCARE,12,33.08000183105469,-0.16380180276260825,41.37;41.10;40.80;42.25;39.83;37.48;34.40;35.09;33.40;34.31;34.94;32.75;33.38;34.15;34.50;35.47;35.01;37.53;38.28;36.75;36.37;37.63;43.10;42.80;43.56;43.33;43.30;43.17;43.12;43.82;43.76;44.10;44.72;43.16;41.89;43.00;40.69;37.82;39.99;38.50;38.68;39.49;40.13;41.52;43.03;44.36;45.59;46.68;46.82;45.87;41.83;39.86;41.49;41.40;35.37;37.15;36.16;37.31;37.13;37.30;35.97;35.50;34.66;33.45;33.08,HALAL,"Business activity permissible — debt ratio not verified, cross-check Musaffa/Zoya",
HSTM,SOFTWARE,COMPUTER SFTWR-HEALTHCARE,71,29.3799991607666,0.3892380366837722,21.58;21.14;21.61;21.80;22.40;20.45;20.24;20.87;20.50;21.07;21.17;21.04;20.65;20.39;20.49;19.86;20.31;20.98;21.67;21.32;20.84;21.37;21.16;20.66;24.29;23.48;23.06;22.83;22.64;24.40;23.64;24.34;24.60;25.56;24.51;25.21;25.97;26.19;25.84;25.97;25.33;26.08;26.70;27.22;28.38;28.42;27.99;28.69;28.22;28.45;27.81;26.36;27.84;29.49;28.01;29.76;28.09;29.33;28.33;28.91;28.51;28.59;28.78;28.76;29.38,HALAL,"Business activity permissible — debt ratio not verified, cross-check Musaffa/Zoya",
HQY,SOFTWARE,COMPUTER SFTWR-HEALTHCARE,51,96.37000274658203,0.2701990148659055,75.56;76.49;80.43;79.96;80.04;78.57;77.81;79.40;81.13;81.64;82.47;82.51;83.57;84.67;81.08;84.20;79.91;83.67;86.04;84.30;77.75;83.52;81.48;82.40;82.63;83.99;81.65;82.18;82.17;84.65;86.43;87.25;90.52;90.64;85.21;88.67;89.23;88.96;86.97;86.33;84.61;85.00;88.46;90.32;95.31;96.98;94.81;95.66;95.07;97.67;97.77;94.33;99.05;104.13;100.61;104.97;103.44;106.79;105.50;104.73;102.79;104.27;105.40;104.42;96.37,HALAL,"Business activity permissible — debt ratio not verified, cross-check Musaffa/Zoya",
PRGS,SOFTWARE,COMPUTER SFTWR-HEALTHCARE,73,44.7599983215332,0.0959842838956726,41.01;41.88;38.88;39.71;38.85;36.44;34.30;33.62;31.82;31.28;27.33;27.67;25.65;25.76;29.02;27.42;27.73;29.57;30.93;30.07;27.46;27.40;27.26;28.95;29.06;29.37;28.37;26.37;27.81;28.99;28.92;29.49;30.54;35.32;31.96;31.36;31.42;31.59;31.01;30.08;27.66;29.96;33.15;33.58;38.42;39.21;38.50;38.23;38.93;40.55;39.46;36.92;38.66;42.71;40.59;41.85;41.81;43.29;43.58;43.73;43.22;43.21;43.42;43.53;44.76,HALAL,"Business activity permissible — debt ratio not verified, cross-check Musaffa/Zoya",
CRWD,SOFTWARE,COMPUTER SFTWR-SECURITY,95,218.39999389648438,1.4936488712642144,90.83;93.00;97.86;106.54;108.53;110.51;110.44;108.30;107.04;103.33;96.46;92.39;97.60;99.78;105.81;98.67;100.56;102.79;105.99;112.40;111.35;113.65;113.10;113.91;119.13;126.43;135.57;140.64;148.52;154.22;162.06;167.89;167.75;195.54;186.90;167.76;161.23;172.88;173.23;170.74;168.86;168.26;175.27;190.79;193.98;194.62;198.40;187.91;206.77;203.08;191.15;183.42;180.11;179.38;190.86;211.22;207.39;225.16;221.78;216.95;212.92;190.34;190.68;189.18;218.40,HALAL,"Business activity permissible — debt ratio not verified, cross-check Musaffa/Zoya",
PANW,SOFTWARE,COMPUTER SFTWR-SECURITY,97,371.5899963378906,1.5779797274272553,144.84;148.92;156.09;163.16;165.10;164.93;167.02;169.19;169.74;164.05;153.22;147.02;160.32;163.21;169.87;166.99;162.51;164.11;167.85;174.96;173.21;182.90;181.54;181.08;183.98;196.53;213.66;227.79;242.83;240.13;252.92;256.75;257.77;300.48;280.43;272.05;260.52;279.53;284.54;282.13;286.40;285.26;304.20;341.02;348.06;337.04;338.31;330.30;354.02;358.68;342.15;325.63;317.32;314.15;331.83;366.34;359.49;385.04;387.01;384.27;374.14;349.56;350.90;339.31;371.59,HALAL,"Business activity permissible — debt ratio not verified, cross-check Musaffa/Zoya",
ZS,SOFTWARE,COMPUTER SFTWR-SECURITY,49,184.22999572753906,0.2858040012362091,155.70;146.99;154.67;161.96;162.62;153.81;153.76;156.00;155.40;151.80;139.44;133.16;140.29;138.56;142.09;122.23;122.62;131.01;134.68;139.61;132.97;134.11;134.73;139.81;141.36;152.79;148.87;152.43;161.05;175.25;171.01;184.60;130.04;155.71;134.37;130.78;125.84;126.11;130.42;124.38;124.06;127.27;132.26;141.15;147.33;149.50;147.12;141.82;148.19;149.94;148.72;139.70;147.30;153.77;151.20;163.22;162.60;176.68;177.32;183.60;185.70;174.95;176.06;170.31;184.23,HALAL,"Business activity permissible — debt ratio not verified, cross-check Musaffa/Zoya",
FTNT,SOFTWARE,COMPUTER SFTWR-SECURITY,95,166.0,1.195767240085647,77.35;79.03;81.10;84.42;83.81;83.48;83.44;83.16;83.12;82.77;78.89;78.20;81.72;82.53;83.72;80.66;78.74;79.64;81.84;85.26;82.76;85.67;86.11;86.29;89.92;107.97;115.44;117.69;122.78;127.64;129.46;133.96;129.70;147.14;146.48;144.68;138.39;145.06;149.49;144.14;145.39;145.28;151.35;153.62;156.25;158.67;163.73;160.62;164.51;161.61;158.10;151.54;152.38;153.22;161.95;168.29;160.11;164.21;160.84;160.01;158.01;150.79;151.99;157.54;166.00,HALAL,"Business activity permissible — debt ratio not verified, cross-check Musaffa/Zoya",
S,SOFTWARE,COMPUTER SFTWR-SECURITY,84,21.540000915527344,0.7413097101701234,12.92;13.12;13.27;13.97;14.35;14.16;14.52;14.49;14.56;14.38;13.36;12.58;12.88;13.33;13.38;12.77;12.79;13.26;14.02;14.46;13.92;14.63;14.70;14.90;15.86;15.92;16.33;16.08;16.86;17.66;18.11;18.56;18.02;17.81;16.30;15.95;15.24;14.76;15.19;14.80;14.74;15.12;15.91;16.97;17.51;18.16;18.86;18.55;19.58;19.57;18.81;17.38;18.14;18.52;19.06;20.98;20.76;22.23;22.30;23.11;22.49;20.94;20.82;20.51;21.54,HALAL,"Business activity permissible — debt ratio not verified, cross-check Musaffa/Zoya",
OKTA,SOFTWARE,COMPUTER SFTWR-SECURITY,97,166.22999572753906,1.3914543320218882,73.00;72.50;72.52;79.65;79.71;80.85;79.16;78.53;80.76;81.10;78.12;73.23;78.71;80.19;79.34;67.76;65.46;67.35;72.25;77.64;76.04;76.14;76.16;75.78;77.75;80.88;81.69;78.20;82.77;85.70;89.44;93.81;94.72;139.79;124.65;118.72;119.96;117.50;118.12;113.03;115.94;118.58;124.28;136.45;141.42;148.47;148.84;139.53;150.86;149.35;141.71;136.10;137.43;136.91;141.93;147.82;143.51;150.77;147.30;147.43;143.92;134.16;130.97;134.42;166.23,HALAL,"Business activity permissible — debt ratio not verified, cross-check Musaffa/Zoya",
RPD,SOFTWARE,COMPUTER SFTWR-SECURITY,91,13.289999961853027,1.1715686618250554,6.27;6.22;6.59;7.04;6.64;7.02;6.82;6.18;6.31;6.33;5.60;5.27;5.51;5.37;5.85;5.05;5.24;5.76;5.68;6.34;5.78;5.98;5.85;6.35;6.68;6.71;6.37;6.18;6.50;6.96;7.08;7.19;7.44;8.74;7.66;7.51;7.10;7.13;7.17;6.77;6.34;7.08;7.61;8.10;9.29;11.20;11.41;11.92;12.25;12.20;10.61;9.56;9.62;9.39;9.65;10.78;10.38;11.61;12.27;13.00;12.59;11.85;12.19;11.79;13.29,HALAL,"Business activity permissible — debt ratio not verified, cross-check Musaffa/Zoya",
QLYS,SOFTWARE,COMPUTER SFTWR-SECURITY,95,187.0500030517578,1.1586843595829994,91.24;92.47;97.39;99.45;96.36;96.66;99.71;95.08;96.59;97.34;89.90;85.63;87.85;88.36;88.24;76.68;81.40;85.17;83.17;86.28;84.04;85.16;89.60;88.53;92.14;94.97;91.53;86.50;90.02;100.09;100.85;102.31;100.37;114.02;111.61;109.90;109.71;110.83;114.65;112.18;108.51;115.34;123.27;137.49;148.12;157.55;159.39;151.54;159.32;159.43;143.78;133.74;134.79;135.13;144.75;161.06;181.78;185.80;187.15;186.05;187.98;182.21;178.46;176.67;187.05,HALAL,"Business activity permissible — debt ratio not verified, cross-check Musaffa/Zoya",
TENB,SOFTWARE,COMPUTER SFTWR-SECURITY,93,37.66999816894531,1.1464387354158467,19.00;19.23;19.96;21.18;21.02;20.51;20.29;20.24;20.19;20.27;18.11;16.54;16.92;17.58;18.20;16.41;17.41;18.93;19.35;20.11;19.48;20.47;21.47;21.23;21.02;21.54;21.31;20.58;21.49;25.25;25.17;25.82;25.95;29.32;29.69;27.85;26.69;26.87;27.72;26.88;26.34;27.92;30.22;36.88;38.60;40.62;41.37;39.20;40.19;39.88;34.09;31.62;32.44;31.48;32.64;35.94;36.17;36.70;37.00;38.33;36.34;34.11;33.94;33.66;37.67,HALAL,"Business activity permissible — debt ratio not verified, cross-check Musaffa/Zoya",
CYBR,SOFTWARE,COMPUTER SFTWR-SECURITY,,,,,HALAL,"Business activity permissible — debt ratio not verified, cross-check Musaffa/Zoya",
VRNS,SOFTWARE,COMPUTER SFTWR-SECURITY,,,,,HALAL,"Business activity permissible — debt ratio not verified, cross-check Musaffa/Zoya",
RBRK,SOFTWARE,COMPUTER SFTWR-SECURITY,89,93.05000305175781,0.968895606358098,52.16;51.96;53.87;55.88;57.17;57.52;53.43;52.06;50.92;51.18;47.18;45.73;48.97;51.44;52.78;46.18;48.61;51.36;52.34;54.02;51.03;53.26;53.68;55.07;57.13;61.49;62.17;59.48;63.77;64.33;64.79;68.31;70.32;85.07;79.46;73.41;71.74;71.45;69.79;69.24;70.53;74.52;72.33;80.28;83.64;87.04;88.75;83.84;80.38;78.97;75.80;72.63;74.82;71.91;72.36;80.99;84.60;97.91;96.73;102.23;100.55;97.52;98.04;96.13;93.05,HALAL,"Business activity permissible — debt ratio not verified, cross-check Musaffa/Zoya",
NET,SOFTWARE,COMPUTER SFTWR-SECURITY,92,299.8399963378906,0.8717772131101944,171.80;172.19;178.91;192.31;201.48;213.00;212.45;211.52;221.36;220.65;218.00;203.02;206.34;211.69;216.29;193.05;184.02;190.13;200.99;207.67;205.00;212.36;211.97;217.50;244.43;256.79;193.52;192.62;197.56;206.73;212.65;217.54;228.11;270.82;265.33;250.11;236.13;227.44;235.71;226.87;218.38;223.48;237.24;245.28;242.41;268.83;275.80;269.53;273.04;277.66;272.31;262.32;265.61;270.38;278.98;301.33;284.43;310.59;311.45;315.78;301.36;278.91;280.35;284.89;299.84,HALAL,"Business activity permissible — debt ratio not verified, cross-check Musaffa/Zoya",
DDOG,SOFTWARE,COMPUTER SFTWR-SECURITY,92,236.97999572753906,1.3094089622469314,110.33;111.96;111.77;122.36;128.56;127.49;124.52;128.87;129.94;129.23;123.29;114.48;118.05;120.36;116.54;108.98;110.08;121.06;126.61;129.29;127.86;132.66;133.98;140.53;145.73;188.73;202.32;205.31;207.98;215.15;218.04;223.65;225.24;277.49;250.33;234.11;227.34;234.24;233.09;226.63;221.37;222.65;239.77;260.36;260.36;256.81;269.00;260.24;264.46;258.69;254.79;244.39;251.86;264.20;267.97;288.15;229.29;260.78;240.91;255.46;246.00;232.55;225.77;227.67;236.98,HALAL,"Business activity permissible — debt ratio not verified, cross-check Musaffa/Zoya",
ADBE,SOFTWARE,COMPUTER SFTWR-SPECIALTY,44,291.5199890136719,0.18177394871591845,257.81;262.41;270.99;281.74;282.44;273.71;249.32;254.20;245.99;247.64;237.25;234.84;243.08;242.92;240.14;229.94;240.11;244.66;244.45;247.18;238.98;239.31;243.57;250.71;255.62;256.51;246.15;236.07;247.60;254.99;244.10;240.49;241.44;274.03;256.24;251.44;237.88;218.80;206.36;196.28;194.90;196.57;202.73;205.02;219.72;221.54;222.65;230.61;224.56;237.25;227.16;212.17;237.75;263.43;250.41;257.49;260.24;272.96;258.75;264.02;263.14;272.22;276.27;273.47;291.52,HALAL,"Business activity permissible — debt ratio not verified, cross-check Musaffa/Zoya",
INTU,SOFTWARE,COMPUTER SFTWR-SPECIALTY,12,358.05999755859375,0.0033584073664671976,378.38;405.97;430.11;463.30;470.13;437.16;436.67;455.85;451.84;453.60;423.67;413.33;429.15;419.32;407.17;360.09;367.81;388.00;391.52;403.06;381.61;388.20;393.34;397.28;396.56;404.99;391.56;370.07;391.27;397.95;305.72;303.01;311.62;352.20;310.07;295.45;292.48;275.69;280.53;267.89;256.63;261.08;266.54;259.85;274.14;279.93;273.38;289.76;279.70;291.09;289.92;281.53;303.91;333.13;316.07;323.60;321.91;334.43;334.71;345.66;350.41;361.87;369.92;345.88;358.06,HALAL,"Business activity permissible — debt ratio not verified, cross-check Musaffa/Zoya",
VEEV,SOFTWARE,COMPUTER SFTWR-SPECIALTY,88,276.69000244140625,0.6070744344778267,176.46;182.01;185.91;196.06;195.57;187.09;178.88;186.70;185.59;185.23;178.11;172.59;175.66;173.98;172.52;157.08;158.45;167.30;167.95;167.79;156.15;160.45;158.22;171.60;171.19;168.25;159.33;155.73;158.86;163.31;158.27;158.54;164.38;188.66;178.72;172.61;167.68;161.55;162.17;154.85;153.16;161.35;171.36;177.47;192.74;192.30;189.70;196.81;193.67;195.38;189.24;179.58;194.46;207.91;203.78;211.86;217.80;234.69;241.51;243.75;242.75;250.53;248.46;244.91;276.69,HALAL,"Business activity permissible — debt ratio not verified, cross-check Musaffa/Zoya",
TYL,SOFTWARE,COMPUTER SFTWR-SPECIALTY,36,377.94000244140625,0.1906247398223302,335.11;354.69;367.22;365.87;367.35;348.32;349.79;348.45;350.07;349.09;331.47;334.03;342.38;338.03;333.70;323.68;320.85;337.61;342.61;341.46;335.74;337.58;356.01;335.50;327.82;331.08;312.27;298.59;311.89;322.74;308.74;307.39;306.04;329.83;303.77;312.07;308.92;295.48;289.84;287.71;275.27;286.03;294.40;292.46;318.10;321.45;311.01;314.22;303.52;319.51;299.74;288.16;315.88;333.50;309.60;313.33;306.33;318.63;317.64;328.64;332.21;348.14;355.79;352.65;377.94,HALAL,"Business activity permissible — debt ratio not verified, cross-check Musaffa/Zoya",
GWRE,SOFTWARE,COMPUTER SFTWR-SPECIALTY,84,205.85000610351562,0.6842579287149133,135.89;145.32;151.93;160.84;163.30;158.25;160.57;163.11;156.03;156.81;149.44;144.68;149.56;150.79;146.08;124.30;124.18;136.57;140.36;141.04;131.25;136.62;139.23;141.26;140.02;139.58;134.32;125.60;130.14;140.01;135.71;137.36;142.13;171.42;155.01;136.06;124.51;118.52;120.03;111.17;102.69;110.33;121.48;123.05;134.47;137.06;135.05;140.31;140.54;150.02;142.53;131.38;149.28;167.26;151.94;160.31;160.03;172.94;173.08;175.59;177.76;181.79;191.89;191.07;205.85,HALAL,"Business activity permissible — debt ratio not verified, cross-check Musaffa/Zoya",
ALRM,SOFTWARE,COMPUTER SFTWR-SPECIALTY,71,57.470001220703125,0.29905061121812393,47.08;47.85;49.32;50.15;49.58;48.86;46.60;46.15;46.31;45.00;42.87;42.49;43.19;43.67;44.43;43.54;43.41;45.80;46.51;46.04;43.46;44.86;44.44;47.13;46.63;47.00;43.72;42.34;42.52;43.47;43.72;43.88;44.10;45.77;44.99;45.37;45.38;46.41;45.47;45.23;43.70;44.47;46.34;46.72;49.69;50.84;51.69;52.24;52.25;53.20;52.20;50.50;53.62;55.69;54.75;55.87;56.29;56.45;55.46;55.57;55.57;57.06;57.58;56.71;57.47,HALAL,"Business activity permissible — debt ratio not verified, cross-check Musaffa/Zoya",
NICE,SOFTWARE,COMPUTER SFTWR-SPECIALTY,31,108.83499908447266,-0.048312360059385995,111.09;116.25;123.50;128.13;125.63;120.23;117.39;118.87;119.40;117.01;109.51;108.35;110.26;113.20;111.78;104.46;102.82;102.00;105.25;106.26;98.73;100.96;101.87;112.90;125.01;95.64;91.39;86.38;89.76;94.76;95.35;94.16;90.64;99.45;94.91;93.14;88.62;88.08;86.54;83.15;84.07;87.41;91.99;90.85;96.74;98.63;97.86;103.48;101.53;100.15;94.13;86.82;95.01;105.02;98.79;103.29;97.11;102.57;98.56;102.26;99.56;100.37;100.25;101.10;108.83,HALAL,"Business activity permissible — debt ratio not verified, cross-check Musaffa/Zoya",
EVBG,SOFTWARE,COMPUTER SFTWR-SPECIALTY,,,,,HALAL,"Business activity permissible — debt ratio not verified, cross-check Musaffa/Zoya",
BL,SOFTWARE,COMPUTER SFTWR-SPECIALTY,20,32.97999954223633,0.013210455153749967,32.85;35.25;36.58;37.60;37.14;36.16;36.88;38.19;38.52;40.02;37.07;36.05;37.00;36.29;35.28;32.04;31.37;32.57;31.51;31.56;29.39;30.63;31.16;33.91;32.34;31.17;27.50;25.23;27.25;30.03;28.94;28.87;27.11;31.32;28.81;28.66;28.34;27.93;28.49;26.80;25.88;27.03;28.34;28.07;29.88;29.02;29.04;30.09;29.45;30.29;29.36;27.44;30.66;32.43;31.40;33.12;30.00;29.29;28.42;30.53;30.23;31.92;31.98;31.32;32.98,HALAL,"Business activity permissible — debt ratio not verified, cross-check Musaffa/Zoya",
MIME,SOFTWARE,COMPUTER SFTWR-SPECIALTY,,,,,HALAL,"Business activity permissible — debt ratio not verified, cross-check Musaffa/Zoya",
CSCO,TELECOM,TELECOM-CABLE/SATELLITE EQUIP,78,109.93000030517578,0.4270536283151307,78.40;78.74;78.24;79.28;75.52;77.39;77.62;78.55;77.80;78.10;81.09;79.19;76.88;78.73;80.38;82.86;82.04;82.05;85.93;89.37;88.26;87.93;89.24;91.51;93.95;91.82;98.35;101.49;117.77;114.95;117.76;117.89;118.20;120.88;126.03;121.19;119.91;121.38;119.72;116.89;121.08;119.28;113.35;117.02;112.27;111.79;118.31;119.25;111.77;111.94;112.18;112.76;114.57;112.48;115.99;121.74;120.88;122.57;123.88;111.68;111.61;109.59;110.23;112.36;109.93,HALAL,"Business activity permissible — debt ratio not verified, cross-check Musaffa/Zoya",
ANET,TELECOM,TELECOM-CABLE/SATELLITE EQUIP,87,195.3800048828125,0.5332339670007582,132.89;133.50;124.60;139.40;137.17;138.23;133.57;133.07;136.26;135.88;135.01;120.77;122.78;126.68;133.64;146.05;152.02;154.33;164.23;172.86;172.55;172.47;168.68;172.70;170.22;141.75;136.43;140.69;141.97;141.58;148.59;158.01;155.27;170.68;174.37;154.27;152.16;156.40;169.09;164.93;174.56;161.74;157.60;169.88;159.99;166.46;184.69;181.15;171.92;168.61;174.58;176.61;170.76;157.97;180.35;190.51;192.32;191.52;210.50;198.82;193.18;183.75;188.15;202.25;195.38,HALAL,"Business activity permissible — debt ratio not verified, cross-check Musaffa/Zoya",
JNPR,TELECOM,TELECOM-CABLE/SATELLITE EQUIP,,,,,HALAL,"Business activity permissible — debt ratio not verified, cross-check Musaffa/Zoya",
NTGR,TELECOM,TELECOM-CABLE/SATELLITE EQUIP,12,21.09000015258789,0.046650151456736344,20.69;20.62;20.85;20.98;20.69;21.35;21.57;21.66;21.35;22.06;22.39;21.57;21.84;23.38;24.20;23.31;23.60;24.81;27.51;26.74;25.32;25.45;25.89;25.25;25.62;25.89;26.42;25.68;24.75;24.52;24.88;26.09;25.71;26.71;26.19;24.09;24.15;24.33;24.53;22.77;23.49;23.21;22.84;23.35;21.50;21.45;22.94;22.86;22.35;22.43;24.24;25.05;25.36;22.79;24.16;24.56;24.30;23.08;24.20;24.15;22.12;21.10;20.72;21.66;21.09,HALAL,"Business activity permissible — debt ratio not verified, cross-check Musaffa/Zoya",
CMTL,TELECOM,TELECOM-CABLE/SATELLITE EQUIP,1,1.7000000476837158,-0.6857670802898606,5.16;5.02;5.12;5.31;5.08;5.10;4.67;3.66;3.74;3.64;3.62;3.10;3.32;3.55;3.73;3.78;3.77;3.75;4.11;4.02;3.89;3.80;3.50;3.68;3.71;3.74;3.76;3.73;3.76;3.70;4.21;4.98;5.75;5.72;5.64;4.72;4.18;4.59;2.76;2.56;2.42;2.35;2.07;2.10;1.93;1.87;1.87;1.90;1.75;1.62;1.73;1.76;1.82;1.66;1.68;1.69;1.72;1.72;1.74;1.76;1.75;1.74;1.77;1.76;1.70,HALAL,"Business activity permissible — debt ratio not verified, cross-check Musaffa/Zoya",
MSI,TELECOM,TELECOM-CONSUMER PRODUCTS,60,486.0,0.05099576420655216,468.68;479.55;477.52;464.54;455.46;459.96;470.46;466.46;456.58;455.28;449.66;437.01;432.67;437.65;441.13;441.18;438.60;438.89;440.64;444.15;441.85;430.31;427.95;434.60;436.69;431.91;391.00;396.70;392.10;397.54;399.04;409.25;410.31;410.35;407.17;409.11;412.83;409.12;410.49;400.70;392.23;400.60;402.89;415.29;422.66;424.21;417.21;418.06;407.18;413.31;406.28;407.02;423.80;434.20;435.75;442.85;474.07;461.98;469.74;466.51;469.50;473.63;481.52;487.28;486.00,HALAL,"Business activity permissible — debt ratio not verified, cross-check Musaffa/Zoya",
VOXX,TELECOM,TELECOM-CONSUMER PRODUCTS,,,,,HALAL,"Business activity permissible — debt ratio not verified, cross-check Musaffa/Zoya",
TESS,TELECOM,TELECOM-CONSUMER PRODUCTS,,,,,HALAL,"Business activity permissible — debt ratio not verified, cross-check Musaffa/Zoya",
GPRO,TELECOM,TELECOM-CONSUMER PRODUCTS,2,0.5999000072479248,-0.25012500211410227,0.84;0.97;0.90;1.00;0.80;0.76;0.72;0.70;0.68;0.67;0.68;0.64;0.77;0.77;0.74;0.74;0.94;1.12;1.28;1.40;1.29;1.38;1.49;1.73;1.46;1.39;1.32;1.10;1.11;1.00;0.99;1.20;1.22;1.10;1.04;0.90;0.86;0.78;0.75;0.80;0.74;0.71;0.75;0.78;0.72;0.70;0.76;0.71;0.70;0.66;0.72;0.69;0.69;0.69;0.75;0.77;0.73;0.70;0.57;0.60;0.59;0.62;0.60;0.60;0.60,HALAL,"Business activity permissible — debt ratio not verified, cross-check Musaffa/Zoya",
LITE,TELECOM,TELECOM-FIBER OPTICS,99,895.0,0.32645654692596215,723.39;700.91;694.43;650.82;640.69;672.00;622.50;649.56;772.13;728.95;777.17;702.73;702.76;826.88;815.75;894.13;871.18;824.01;894.07;836.92;846.89;859.68;858.32;949.93;994.56;892.58;1053.09;1030.37;970.70;890.09;964.50;910.81;860.62;905.00;938.00;863.66;821.76;889.59;957.24;869.98;893.93;842.53;816.98;858.06;728.32;698.91;785.77;768.15;752.00;732.82;837.56;833.64;711.96;602.35;713.94;849.47;838.06;813.51;932.47;926.14;873.31;879.28;830.17;939.03;895.00,HALAL,"Business activity permissible — debt ratio not verified, cross-check Musaffa/Zoya",
VIAV,TELECOM,TELECOM-FIBER OPTICS,94,36.540000915527344,0.33503835568573503,30.85;29.71;33.04;31.00;29.24;30.09;29.97;30.84;34.25;33.61;37.27;34.64;33.28;36.89;38.54;42.74;41.48;39.26;44.14;44.26;46.15;44.92;45.53;55.33;53.97;51.05;54.93;53.63;51.43;49.28;48.98;53.79;48.49;47.49;52.42;47.56;46.43;50.24;54.05;48.73;52.94;49.41;47.63;47.75;41.66;40.22;42.88;40.92;40.12;38.16;43.02;41.80;38.16;32.23;36.95;40.32;40.59;37.20;43.11;43.54;41.37;38.56;36.95;38.78;36.54,HALAL,"Business activity permissible — debt ratio not verified, cross-check Musaffa/Zoya",
FNSR,TELECOM,TELECOM-FIBER OPTICS,,,,,HALAL,"Business activity permissible — debt ratio not verified, cross-check Musaffa/Zoya",
ACIA,TELECOM,TELECOM-FIBER OPTICS,,,,,HALAL,"Business activity permissible — debt ratio not verified, cross-check Musaffa/Zoya",
AAOI,TELECOM,TELECOM-FIBER OPTICS,98,106.2300033569336,0.9686805996907806,58.12;84.23;95.34;101.14;110.62;127.01;96.81;86.33;101.92;95.76;114.41;98.21;84.59;103.91;117.64;133.30;153.19;142.55;159.42;150.57;137.73;145.78;152.83;183.51;180.57;157.55;184.90;223.10;190.36;171.33;176.81;177.62;169.02;185.67;184.07;177.00;162.88;172.78;191.55;167.34;171.23;146.97;135.69;148.16;120.95;114.41;122.21;111.88;109.09;102.41;119.26;112.02;97.82;76.52;94.32;131.63;124.22;132.81;138.08;150.28;131.41;129.10;107.63;113.76;106.23,HALAL,"Business activity permissible — debt ratio not verified, cross-check Musaffa/Zoya",
OCC,TELECOM,TELECOM-FIBER OPTICS,95,13.550000190734863,1.4458484267214038,6.36;5.57;6.35;6.38;6.11;8.06;7.40;6.68;7.81;8.26;10.12;9.14;8.25;9.11;9.75;9.57;11.57;10.58;11.25;10.97;12.88;10.60;9.12;11.00;9.93;10.01;11.36;11.50;11.78;10.28;10.84;13.62;14.38;13.64;14.02;12.30;21.01;23.40;20.72;21.73;22.24;18.82;18.37;20.97;16.00;15.02;16.41;14.87;16.41;14.73;17.15;15.77;14.78;12.80;14.86;16.12;15.63;15.37;16.89;17.80;16.20;14.12;13.18;13.13;13.55,HALAL,"Business activity permissible — debt ratio not verified, cross-check Musaffa/Zoya",
CLFD,TELECOM,TELECOM-FIBER OPTICS,7,29.530000686645508,-0.06609740977598788,32.93;31.44;31.06;30.85;29.77;29.41;28.45;29.09;28.36;29.17;29.56;27.66;26.47;26.61;26.00;26.99;27.71;27.82;29.98;32.34;30.37;29.27;27.91;29.43;29.81;37.49;46.73;42.51;43.50;41.67;42.78;47.04;46.70;48.24;45.13;40.04;39.37;39.99;40.09;38.88;40.01;36.96;38.63;39.79;33.97;32.49;33.77;32.74;32.12;30.64;32.02;30.50;32.12;29.51;30.26;33.74;26.66;28.79;29.09;28.79;28.15;27.54;27.23;29.88;29.53,HALAL,"Business activity permissible — debt ratio not verified, cross-check Musaffa/Zoya",
AMT,TELECOM,TELECOM-INFRASTRUCTURE,21,176.22999572753906,-0.054512787611666336,178.97;188.17;186.59;184.03;183.05;179.33;180.86;181.51;179.24;173.10;164.05;166.26;169.26;170.38;170.73;176.47;177.46;175.32;180.64;173.11;177.32;173.64;176.51;179.89;176.44;178.07;175.79;172.23;169.02;181.27;182.04;183.20;184.91;185.76;180.52;192.28;189.03;187.52;185.76;181.09;176.43;174.46;175.59;163.57;166.03;165.25;165.00;169.50;168.63;170.06;163.39;164.65;166.74;179.26;173.36;175.25;171.20;169.11;170.43;175.58;172.33;175.72;178.39;175.73;176.23,HALAL,"Business activity permissible — debt ratio not verified, cross-check Musaffa/Zoya",
CCI,TELECOM,TELECOM-INFRASTRUCTURE,10,76.13999938964844,-0.11070415843221648,84.00;87.41;88.12;87.97;87.60;85.48;86.46;86.92;84.09;80.39;76.07;77.68;80.37;83.80;83.93;85.57;86.08;84.64;87.69;83.94;86.51;82.48;84.88;88.23;88.07;90.02;89.62;88.59;85.66;91.27;90.98;89.59;90.04;89.98;87.60;93.40;91.50;90.98;88.74;85.77;83.12;82.14;82.62;75.73;76.60;77.22;76.68;79.84;79.47;79.17;76.20;74.57;74.13;79.09;76.30;77.66;74.92;73.61;73.97;75.98;74.03;75.39;76.40;75.54;76.14,HALAL,"Business activity permissible — debt ratio not verified, cross-check Musaffa/Zoya",
SBAC,TELECOM,TELECOM-INFRASTRUCTURE,22,190.9499969482422,-0.024507933469067544,193.33;197.24;193.53;191.87;192.11;184.88;185.63;184.75;179.94;169.78;163.03;164.92;169.90;201.42;203.22;215.66;217.42;211.45;220.28;210.37;216.79;212.24;213.20;215.78;214.59;215.82;214.48;205.00;197.06;204.85;205.40;200.35;203.22;202.65;195.23;206.59;203.38;202.25;194.48;190.26;186.30;184.19;182.50;175.25;183.30;181.97;181.23;185.82;185.81;184.42;175.61;173.65;171.43;185.01;179.74;186.61;181.35;179.81;181.83;183.93;180.16;180.54;185.07;185.98;190.95,HALAL,"Business activity permissible — debt ratio not verified, cross-check Musaffa/Zoya",
UNIT,TELECOM,TELECOM-INFRASTRUCTURE,72,10.020000457763672,0.24317617073277797,7.70;7.32;7.77;8.06;8.24;8.35;7.72;8.10;7.92;7.77;7.87;7.88;9.38;10.33;10.39;10.67;10.88;11.05;11.63;11.72;11.75;11.80;11.21;11.77;11.50;11.12;11.37;11.30;11.05;10.67;11.12;11.27;11.43;11.13;11.23;11.68;11.41;12.52;12.61;11.69;11.20;11.32;11.07;11.47;10.75;10.77;11.11;11.04;11.19;11.04;11.07;11.02;10.77;10.37;9.72;10.05;9.61;9.39;9.51;10.01;9.91;10.06;9.85;10.16;10.02,HALAL,"Business activity permissible — debt ratio not verified, cross-check Musaffa/Zoya",
DY,TELECOM,TELECOM-INFRASTRUCTURE,6,294.3399963378906,-0.29975734190832226,425.47;420.02;403.49;369.98;360.29;366.95;347.23;361.43;355.60;349.74;353.52;341.96;338.82;348.15;356.79;391.62;396.95;395.00;399.45;404.81;414.35;416.01;390.31;433.60;457.14;426.36;430.95;444.81;437.37;413.35;414.43;420.47;535.20;493.89;484.11;466.28;453.79;464.57;471.30;461.38;468.01;483.48;488.25;505.59;437.76;413.15;427.21;410.11;428.77;407.11;423.23;440.39;424.21;371.92;401.07;415.08;399.57;400.79;410.17;419.07;414.70;400.23;380.95;310.91;294.34,HALAL,"Business activity permissible — debt ratio not verified, cross-check Musaffa/Zoya",
MTZ,TELECOM,TELECOM-INFRASTRUCTURE,18,241.0,-0.13461880695540873,285.26;298.02;300.74;295.30;297.81;303.73;290.00;304.67;312.72;310.63;323.55;316.01;321.74;336.25;338.19;357.37;365.55;365.07;370.89;371.41;382.88;385.89;370.55;417.41;437.51;412.27;421.37;423.79;414.90;385.00;388.77;390.75;383.33;362.09;369.66;363.89;353.08;358.50;371.85;374.91;406.32;393.14;396.25;416.06;373.43;358.85;384.72;360.21;357.71;329.59;351.40;358.86;336.79;287.42;263.10;271.71;258.63;268.28;281.11;297.59;280.13;271.86;255.36;248.73;241.00,HALAL,"Business activity permissible — debt ratio not verified, cross-check Musaffa/Zoya",
VIAV,TELECOM,TELECOM-INFRASTRUCTURE,94,36.540000915527344,0.33503835568573503,30.85;29.71;33.04;31.00;29.24;30.09;29.97;30.84;34.25;33.61;37.27;34.64;33.28;36.89;38.54;42.74;41.48;39.26;44.14;44.26;46.15;44.92;45.53;55.33;53.97;51.05;54.93;53.63;51.43;49.28;48.98;53.79;48.49;47.49;52.42;47.56;46.43;50.24;54.05;48.73;52.94;49.41;47.63;47.75;41.66;40.22;42.88;40.92;40.12;38.16;43.02;41.80;38.16;32.23;36.95;40.32;40.59;37.20;43.11;43.54;41.37;38.56;36.95;38.78;36.54,HALAL,"Business activity permissible — debt ratio not verified, cross-check Musaffa/Zoya",
VSAT,TELECOM,TELECOM-INFRASTRUCTURE,91,67.37000274658203,0.48949819651603343,47.66;45.78;45.82;45.53;45.98;46.39;46.14;50.18;52.12;49.16;49.96;46.58;45.80;53.69;53.88;55.39;56.55;59.92;62.85;62.53;62.58;58.66;59.28;65.12;65.57;66.33;73.07;70.58;69.50;70.95;70.76;81.40;86.69;72.86;69.62;67.18;63.94;72.71;65.87;64.55;64.23;62.23;61.95;89.81;83.06;76.72;70.39;69.54;70.44;71.48;73.69;74.27;74.87;70.19;76.93;86.16;81.99;84.83;87.23;82.87;76.07;74.03;72.28;71.51;67.37,HALAL,"Business activity permissible — debt ratio not verified, cross-check Musaffa/Zoya",
GLW,TELECOM,TELECOM-INFRASTRUCTURE,84,148.97999572753906,0.029169066045342307,159.89;150.15;147.34;134.53;128.85;131.56;128.92;129.69;132.88;130.77;146.13;136.60;135.76;147.69;148.29;169.54;174.90;168.01;164.13;165.20;169.24;167.75;151.67;158.02;161.85;182.12;207.07;206.19;191.52;175.56;191.60;195.87;182.69;176.70;200.76;177.58;173.94;176.55;187.88;175.40;209.83;205.83;221.05;255.43;196.79;185.38;192.38;183.11;174.41;154.61;162.41;156.06;143.36;124.05;138.25;159.89;157.18;157.76;167.44;165.99;159.90;151.45;145.55;152.78;148.98,HALAL,"Business activity permissible — debt ratio not verified, cross-check Musaffa/Zoya",
T,TELECOM,TELECOM-SVCS-DOMESTIC,31,26.010000228881836,-0.06612419033280792,27.22;27.35;28.00;28.29;26.88;26.52;27.07;27.20;27.09;28.09;28.13;28.42;28.31;27.67;27.38;26.21;25.27;25.12;26.16;25.54;26.26;25.18;25.41;25.77;25.56;24.93;24.54;24.41;23.71;24.65;25.01;24.69;24.55;24.23;23.24;22.45;22.41;22.70;22.98;22.14;21.81;22.07;22.42;20.43;20.31;20.81;20.76;21.55;21.43;21.81;22.26;22.96;24.42;23.94;23.25;23.38;23.71;24.05;24.25;24.89;24.90;25.15;25.69;25.87;26.01,HALAL,"Business activity permissible — debt ratio not verified, cross-check Musaffa/Zoya",
VZ,TELECOM,TELECOM-SVCS-DOMESTIC,55,50.099998474121094,0.04107177310820331,47.69;48.57;49.28;49.58;48.87;49.09;49.77;48.94;47.93;49.00;48.79;48.73;48.63;47.85;47.10;46.28;44.66;44.28;45.77;45.49;46.43;46.31;45.83;47.30;46.55;46.30;46.44;46.42;45.59;46.94;47.46;47.68;47.21;46.93;45.87;44.61;45.01;46.15;46.28;45.07;44.60;44.91;45.76;41.63;41.85;41.88;41.53;42.68;42.83;43.59;43.78;43.82;47.32;47.22;46.81;46.88;46.99;47.03;46.98;48.48;48.54;49.19;50.15;50.19;50.10,HALAL,"Business activity permissible — debt ratio not verified, cross-check Musaffa/Zoya",
TMUS,TELECOM,TELECOM-SVCS-DOMESTIC,11,181.3699951171875,-0.1669429327933558,216.44;215.92;217.35;219.35;216.33;212.29;216.22;212.20;205.48;207.63;210.22;209.68;208.90;200.31;199.46;196.47;191.39;189.16;196.60;194.34;193.02;181.76;197.10;195.00;193.26;193.15;189.82;189.25;184.22;192.38;189.87;190.08;187.99;186.74;181.45;178.10;179.46;185.82;188.86;181.31;180.06;180.79;182.68;167.73;177.52;184.73;181.48;188.41;187.62;192.43;190.77;170.42;177.21;181.52;172.71;177.21;179.97;178.20;177.13;182.61;182.75;181.22;182.62;179.61;181.37,HALAL,"Business activity permissible — debt ratio not verified, cross-check Musaffa/Zoya",
LUMN,TELECOM,TELECOM-SVCS-DOMESTIC,7,6.039999961853027,-0.1892617293303248,7.10;7.11;6.93;6.83;6.63;6.65;6.64;6.81;6.76;6.77;6.97;6.67;6.95;6.99;6.81;7.48;7.79;8.59;8.57;8.73;9.01;8.94;8.69;9.32;9.23;8.46;8.34;9.40;10.05;9.19;9.44;10.17;10.70;10.60;9.98;8.91;8.47;8.49;8.53;8.10;8.09;8.06;8.08;7.68;6.43;6.44;6.75;6.45;6.45;6.28;6.76;6.53;6.26;6.24;6.38;6.71;5.90;6.64;6.29;6.72;6.13;6.01;5.67;6.09;6.04,HALAL,"Business activity permissible — debt ratio not verified, cross-check Musaffa/Zoya",
USM,TELECOM,TELECOM-SVCS-DOMESTIC,,,,,HALAL,"Business activity permissible — debt ratio not verified, cross-check Musaffa/Zoya",
FYBR,TELECOM,TELECOM-SVCS-DOMESTIC,,,,,HALAL,"Business activity permissible — debt ratio not verified, cross-check Musaffa/Zoya",
CNSL,TELECOM,TELECOM-SVCS-DOMESTIC,,,,,HALAL,"Business activity permissible — debt ratio not verified, cross-check Musaffa/Zoya",
SHEN,TELECOM,TELECOM-SVCS-DOMESTIC,19,12.460000038146973,-0.06596702431597823,13.55;13.63;14.31;15.39;14.51;14.53;14.68;14.85;14.35;14.61;14.77;14.69;15.42;15.10;14.52;15.04;15.24;15.52;16.28;16.91;17.10;16.10;15.09;16.29;16.05;16.23;16.00;15.85;15.91;16.46;16.13;16.11;16.08;16.19;15.79;16.12;16.28;16.14;16.01;14.50;13.85;14.62;15.45;15.08;13.55;12.82;12.66;12.67;12.21;11.38;11.53;11.48;11.52;12.71;11.99;13.40;13.41;13.31;13.03;13.27;12.17;12.32;12.30;12.37;12.46,HALAL,"Business activity permissible — debt ratio not verified, cross-check Musaffa/Zoya",
QCOM,TELECOM,TELECOM-WIRELESS EQUIPMENT,16,164.19000244140625,0.18121564804275425,144.36;140.93;136.74;136.50;137.60;133.63;129.34;131.11;130.80;127.88;129.87;126.64;128.31;126.33;123.61;127.28;130.76;132.56;135.70;135.06;133.46;149.71;155.43;176.36;185.86;201.80;236.66;212.39;200.75;194.89;212.62;247.90;242.39;228.15;249.09;215.94;205.42;202.96;220.81;212.97;221.90;197.41;189.39;184.79;176.25;182.97;191.11;183.98;177.98;171.78;173.50;171.11;170.04;155.68;147.61;162.67;160.39;162.17;163.07;165.79;160.19;160.74;158.53;163.72;164.19,HALAL,"Business activity permissible — debt ratio not verified, cross-check Musaffa/Zoya",
ERIC,TELECOM,TELECOM-WIRELESS EQUIPMENT,23,9.949999809265137,-0.08877478289326535,11.03;11.43;11.12;11.10;11.18;11.29;11.27;11.74;11.41;11.16;11.45;10.98;11.11;11.62;11.51;11.90;12.03;11.87;11.37;11.56;11.32;11.06;11.44;11.76;11.93;11.76;12.49;12.53;12.50;12.78;13.24;13.72;12.74;13.32;13.16;12.56;11.86;12.14;12.22;11.39;11.72;11.16;10.96;11.15;10.79;10.82;11.58;11.72;10.07;9.82;9.59;9.31;9.67;9.79;9.81;10.27;10.16;9.98;10.18;10.27;10.09;10.11;10.16;10.06;9.95,HALAL,"Business activity permissible — debt ratio not verified, cross-check Musaffa/Zoya",
NOK,TELECOM,TELECOM-WIRELESS EQUIPMENT,82,10.210000038146973,0.34874502068950397,7.57;7.72;8.07;7.85;7.89;7.90;8.24;8.55;8.30;8.06;8.41;7.98;8.04;8.82;8.85;9.55;10.37;9.99;10.31;10.40;10.33;10.76;12.46;13.30;13.42;12.35;13.92;14.71;13.95;13.67;14.18;16.46;15.28;16.25;16.73;14.38;13.85;14.09;14.82;13.83;14.43;13.81;13.01;13.28;12.07;11.85;12.90;11.69;11.25;10.12;10.63;9.73;9.28;8.41;9.14;9.92;9.43;9.13;10.32;10.76;10.39;10.15;9.96;10.41;10.21,HALAL,"Business activity permissible — debt ratio not verified, cross-check Musaffa/Zoya",
UI,TELECOM,TELECOM-WIRELESS EQUIPMENT,46,599.3499755859375,-0.17372948207422745,754.46;766.01;761.37;773.26;751.52;764.88;758.86;787.51;793.21;808.32;837.97;778.92;789.28;839.82;835.83;906.07;949.82;1005.27;1083.11;1026.12;1036.54;1008.13;969.75;1018.44;1013.60;925.50;737.66;663.92;622.45;583.90;586.31;608.16;595.01;575.45;576.13;567.33;563.78;581.77;574.74;562.82;579.45;550.00;526.33;534.03;525.38;525.82;544.43;540.67;542.54;545.95;535.94;529.36;539.61;522.87;556.52;560.00;567.22;570.47;577.76;572.80;583.13;573.87;553.11;596.80;599.35,HALAL,"Business activity permissible — debt ratio not verified, cross-check Musaffa/Zoya",
CIEN,TELECOM,TELECOM-WIRELESS EQUIPMENT,94,378.44000244140625,0.0974365110205857,353.33;348.70;333.07;299.30;318.54;339.95;337.38;370.05;412.58;407.90;437.70;401.61;388.23;447.76;447.88;487.38;479.90;475.76;507.43;505.93;515.85;506.34;475.39;535.29;544.75;538.76;581.47;577.90;554.46;541.92;587.23;602.39;570.18;569.61;620.37;488.21;439.34;445.22;463.41;436.72;460.33;463.51;479.50;490.56;422.46;418.91;462.34;445.44;418.46;374.41;408.73;407.53;377.27;330.37;377.05;411.13;403.76;387.70;432.05;428.77;405.54;392.48;371.95;404.03;378.44,HALAL,"Business activity permissible — debt ratio not verified, cross-check Musaffa/Zoya",
INFN,TELECOM,TELECOM-WIRELESS EQUIPMENT,,,,,HALAL,"Business activity permissible — debt ratio not verified, cross-check Musaffa/Zoya",
DZSI,TELECOM,TELECOM-WIRELESS EQUIPMENT,,,,,HALAL,"Business activity permissible — debt ratio not verified, cross-check Musaffa/Zoya",
TMUS,TELECOM,TELECOM-WIRELESS SVCS,11,181.3699951171875,-0.1669429327933558,216.44;215.92;217.35;219.35;216.33;212.29;216.22;212.20;205.48;207.63;210.22;209.68;208.90;200.31;199.46;196.47;191.39;189.16;196.60;194.34;193.02;181.76;197.10;195.00;193.26;193.15;189.82;189.25;184.22;192.38;189.87;190.08;187.99;186.74;181.45;178.10;179.46;185.82;188.86;181.31;180.06;180.79;182.68;167.73;177.52;184.73;181.48;188.41;187.62;192.43;190.77;170.42;177.21;181.52;172.71;177.21;179.97;178.20;177.13;182.61;182.75;181.22;182.62;179.61;181.37,HALAL,"Business activity permissible — debt ratio not verified, cross-check Musaffa/Zoya",
VZ,TELECOM,TELECOM-WIRELESS SVCS,55,50.099998474121094,0.04107177310820331,47.69;48.57;49.28;49.58;48.87;49.09;49.77;48.94;47.93;49.00;48.79;48.73;48.63;47.85;47.10;46.28;44.66;44.28;45.77;45.49;46.43;46.31;45.83;47.30;46.55;46.30;46.44;46.42;45.59;46.94;47.46;47.68;47.21;46.93;45.87;44.61;45.01;46.15;46.28;45.07;44.60;44.91;45.76;41.63;41.85;41.88;41.53;42.68;42.83;43.59;43.78;43.82;47.32;47.22;46.81;46.88;46.99;47.03;46.98;48.48;48.54;49.19;50.15;50.19;50.10,HALAL,"Business activity permissible — debt ratio not verified, cross-check Musaffa/Zoya",
T,TELECOM,TELECOM-WIRELESS SVCS,31,26.010000228881836,-0.06612419033280792,27.22;27.35;28.00;28.29;26.88;26.52;27.07;27.20;27.09;28.09;28.13;28.42;28.31;27.67;27.38;26.21;25.27;25.12;26.16;25.54;26.26;25.18;25.41;25.77;25.56;24.93;24.54;24.41;23.71;24.65;25.01;24.69;24.55;24.23;23.24;22.45;22.41;22.70;22.98;22.14;21.81;22.07;22.42;20.43;20.31;20.81;20.76;21.55;21.43;21.81;22.26;22.96;24.42;23.94;23.25;23.38;23.71;24.05;24.25;24.89;24.90;25.15;25.69;25.87;26.01,HALAL,"Business activity permissible — debt ratio not verified, cross-check Musaffa/Zoya",
DISH,TELECOM,TELECOM-WIRELESS SVCS,,,,,HALAL,"Business activity permissible — debt ratio not verified, cross-check Musaffa/Zoya",
USM,TELECOM,TELECOM-WIRELESS SVCS,,,,,HALAL,"Business activity permissible — debt ratio not verified, cross-check Musaffa/Zoya",
ATEX,TELECOM,TELECOM-WIRELESS SVCS,99,92.33000183105469,1.5428256221155356,36.45;36.91;36.55;39.00;38.62;38.77;37.02;37.76;39.97;38.62;40.57;38.24;38.19;40.39;41.15;37.56;35.95;37.67;42.19;44.14;44.20;47.21;45.44;49.59;50.55;53.21;55.72;55.29;57.06;58.78;60.00;63.73;65.04;65.36;66.92;66.64;64.55;81.44;83.01;79.16;77.02;79.09;89.67;102.94;105.14;100.90;106.86;103.35;105.34;100.35;105.82;100.42;93.76;88.20;93.02;106.35;100.32;92.79;88.80;91.53;90.75;85.31;90.38;94.16;92.33,HALAL,"Business activity permissible — debt ratio not verified, cross-check Musaffa/Zoya",
UPS,TRANSPORTATION,TRANSPORTATION-AIR FREIGHT,48,105.33000183105469,-0.05396254967859926,110.21;112.25;109.61;100.74;96.74;97.57;94.10;94.64;93.47;94.54;95.22;91.77;95.23;95.04;94.45;98.39;98.75;100.25;103.03;102.91;104.27;104.78;103.20;104.13;94.93;96.90;96.80;95.30;95.76;95.31;96.71;100.37;105.00;107.31;106.96;106.84;106.18;106.94;107.12;103.48;105.56;104.47;106.44;105.81;108.92;110.20;109.00;111.12;111.17;115.87;114.51;112.31;111.18;102.92;102.58;107.40;101.58;103.08;102.28;102.86;101.93;102.58;102.72;105.65;105.33,HALAL,"Business activity permissible — debt ratio not verified, cross-check Musaffa/Zoya",
FDX,TRANSPORTATION,TRANSPORTATION-AIR FREIGHT,80,330.8800048828125,0.07850880705061414,305.90;309.42;305.85;298.51;289.89;290.12;282.32;284.72;285.88;285.62;287.01;276.14;285.94;290.31;286.60;302.65;298.55;292.95;315.00;316.77;315.25;311.39;311.96;316.03;291.21;301.79;304.18;296.79;301.67;301.02;312.21;321.12;330.27;337.22;323.25;329.76;330.52;336.74;337.48;324.71;328.78;316.83;318.53;313.13;313.00;312.88;310.84;313.74;313.42;312.98;315.19;315.62;310.79;308.61;307.40;313.34;315.87;325.08;326.77;334.64;328.38;326.04;334.05;335.99;330.88,HALAL,"Business activity permissible — debt ratio not verified, cross-check Musaffa/Zoya",
ATSG,TRANSPORTATION,TRANSPORTATION-AIR FREIGHT,,,,,HALAL,"Business activity permissible — debt ratio not verified, cross-check Musaffa/Zoya",
AAWW,TRANSPORTATION,TRANSPORTATION-AIR FREIGHT,,,,,HALAL,"Business activity permissible — debt ratio not verified, cross-check Musaffa/Zoya",
EXPD,TRANSPORTATION,TRANSPORTATION-AIR FREIGHT,83,190.97000122070312,0.28285852722415417,141.14;144.29;147.28;145.97;144.50;140.09;141.82;142.43;146.49;139.82;142.45;140.50;142.50;145.06;143.79;144.09;143.14;143.28;146.54;150.21;148.98;147.34;148.03;146.48;152.30;151.08;154.74;155.00;154.65;156.79;156.38;159.88;158.15;160.03;158.70;160.44;166.34;166.44;163.23;160.61;163.15;160.16;160.73;162.98;167.57;165.74;170.62;175.50;177.70;182.80;178.58;176.18;171.34;170.13;167.89;181.48;178.56;179.00;184.47;186.12;185.95;186.40;187.83;190.18;190.97,HALAL,"Business activity permissible — debt ratio not verified, cross-check Musaffa/Zoya",
FWRD,TRANSPORTATION,TRANSPORTATION-AIR FREIGHT,42,16.989999771118164,-0.32792724249832184,25.15;25.29;24.65;23.88;22.03;18.39;15.80;16.45;15.51;16.00;16.61;16.24;16.71;17.41;17.47;18.87;19.31;19.19;22.18;23.10;22.75;22.85;21.51;21.33;17.03;17.33;10.46;8.74;8.76;8.31;8.35;9.63;10.36;10.46;9.67;10.36;11.63;12.57;13.58;13.56;13.71;13.39;14.87;13.51;13.45;13.10;12.90;12.80;12.62;13.75;16.21;15.48;14.72;14.59;14.05;15.30;17.80;18.77;19.49;18.96;19.18;17.79;17.57;17.63;16.99,HALAL,"Business activity permissible — debt ratio not verified, cross-check Musaffa/Zoya",
DAL,TRANSPORTATION,TRANSPORTATION-AIRLINE,65,80.06999969482422,0.20662864603585263,68.84;65.36;64.27;61.00;60.27;58.84;58.48;64.50;64.68;64.80;67.64;64.50;66.14;66.42;65.29;67.48;66.71;71.62;71.35;69.86;68.02;67.85;65.93;68.63;70.50;72.74;70.84;70.69;70.06;67.59;75.46;79.19;82.29;81.27;78.59;79.22;80.97;81.63;83.86;82.05;85.71;90.43;92.34;93.43;92.52;88.41;89.00;86.19;85.96;84.17;84.63;81.97;86.67;86.25;87.44;92.77;91.98;89.21;89.93;89.35;85.70;81.06;82.48;83.08;80.07,HALAL,"Business activity permissible — debt ratio not verified, cross-check Musaffa/Zoya",
UAL,TRANSPORTATION,TRANSPORTATION-AIRLINE,42,110.5999984741211,0.03200522873732492,112.87;106.30;102.54;95.43;94.52;90.68;86.60;93.19;94.15;93.96;92.95;88.44;92.07;92.21;89.29;97.67;95.20;94.27;101.80;97.13;91.25;91.90;88.62;92.52;93.67;99.70;96.62;95.70;92.85;89.12;99.64;105.92;115.06;111.76;105.14;105.73;109.63;112.61;119.97;115.83;118.68;130.54;136.11;135.99;133.32;128.31;129.05;121.16;120.97;115.41;117.70;115.35;120.57;119.42;121.33;132.62;129.12;123.76;125.12;125.34;118.72;111.71;113.57;114.83;110.60,HALAL,"Business activity permissible — debt ratio not verified, cross-check Musaffa/Zoya",
AAL,TRANSPORTATION,TRANSPORTATION-AIRLINE,30,13.640000343322754,0.054911061205680234,13.32;13.07;12.46;11.79;11.44;11.04;10.30;10.86;10.80;10.81;10.74;10.30;10.74;10.84;10.81;11.37;11.23;12.17;12.78;11.77;11.78;11.68;11.31;11.84;12.37;13.18;12.79;12.71;12.31;12.06;13.59;14.85;14.65;14.34;13.57;13.50;14.09;14.65;15.46;15.42;16.08;17.44;17.87;18.07;17.92;17.20;17.06;16.31;15.63;14.98;15.28;13.56;14.95;14.84;15.27;16.56;16.03;15.00;14.93;14.83;14.05;13.52;13.63;13.84;13.64,HALAL,"Business activity permissible — debt ratio not verified, cross-check Musaffa/Zoya",
LUV,TRANSPORTATION,TRANSPORTATION-AIRLINE,35,39.63999938964844,-0.21443860992500974,49.46;48.83;47.34;43.52;42.66;41.49;38.58;40.94;40.69;40.17;40.02;37.20;37.41;37.44;37.71;40.04;39.28;41.52;42.51;40.74;37.59;38.03;37.06;38.59;39.54;41.21;39.82;39.24;38.33;37.19;40.60;42.10;43.12;42.57;40.69;41.36;42.98;44.29;46.08;46.66;48.57;50.94;51.91;51.42;50.25;49.43;49.22;47.92;49.25;48.08;48.69;44.71;45.38;44.38;44.97;48.70;46.94;44.90;44.98;44.26;42.49;39.89;40.71;40.67;39.64,HALAL,"Business activity permissible — debt ratio not verified, cross-check Musaffa/Zoya",
ALK,TRANSPORTATION,TRANSPORTATION-AIRLINE,14,42.31999969482422,-0.16413196124786034,54.32;51.60;49.75;43.80;43.26;41.32;38.00;38.95;37.93;38.63;39.28;36.16;36.78;37.33;36.93;39.90;39.97;42.54;45.40;41.45;41.16;40.44;38.31;38.55;38.51;40.59;39.06;38.56;36.94;36.21;41.09;43.79;46.59;44.52;41.87;42.82;45.13;46.66;49.08;48.27;48.80;51.56;53.86;52.20;51.09;49.09;50.14;46.80;47.88;45.51;45.46;44.75;47.50;45.84;47.45;52.55;50.69;47.26;47.37;45.96;42.41;40.18;41.56;43.00;42.32,HALAL,"Business activity permissible — debt ratio not verified, cross-check Musaffa/Zoya",
JBLU,TRANSPORTATION,TRANSPORTATION-AIRLINE,18,4.800000190734863,-0.17667234072902593,5.57;5.54;5.12;4.56;4.52;4.41;4.12;4.21;4.11;4.20;4.75;4.22;4.42;4.52;4.55;4.93;4.79;5.66;5.87;5.46;5.25;4.94;4.84;4.86;4.84;5.13;4.96;4.70;4.58;4.38;5.01;5.28;5.38;5.15;4.77;4.85;4.92;4.98;5.36;5.13;5.49;5.79;6.00;5.73;6.02;5.72;5.92;5.60;5.59;5.42;5.35;4.99;5.43;5.72;6.03;6.41;6.19;5.64;5.78;5.65;5.04;4.74;4.95;4.99;4.80,HALAL,"Business activity permissible — debt ratio not verified, cross-check Musaffa/Zoya",
SAVE,TRANSPORTATION,TRANSPORTATION-AIRLINE,,,,,HALAL,"Business activity permissible — debt ratio not verified, cross-check Musaffa/Zoya",
ALGT,TRANSPORTATION,TRANSPORTATION-AIRLINE,32,78.94000244140625,-0.23869225014230155,102.74;102.15;95.93;84.13;82.48;82.15;75.04;80.00;79.23;82.34;84.89;79.40;81.04;82.84;80.74;86.88;85.24;88.24;91.79;85.57;78.74;79.39;74.51;75.02;75.75;82.18;79.38;75.21;74.90;69.87;81.39;87.20;90.73;89.16;82.98;84.12;86.69;86.04;95.24;95.89;102.18;107.32;116.10;117.60;118.67;111.14;114.65;106.89;107.75;100.90;101.35;94.48;99.14;95.69;98.08;105.09;97.17;89.54;84.44;85.75;81.70;76.41;81.63;82.60;78.94,HALAL,"Business activity permissible — debt ratio not verified, cross-check Musaffa/Zoya",
HA,TRANSPORTATION,TRANSPORTATION-AIRLINE,,,,,HALAL,"Business activity permissible — debt ratio not verified, cross-check Musaffa/Zoya",
MESA,TRANSPORTATION,TRANSPORTATION-AIRLINE,,,,,HALAL,"Business activity permissible — debt ratio not verified, cross-check Musaffa/Zoya",
SKYW,TRANSPORTATION,TRANSPORTATION-AIRLINE,36,98.87000274658203,-0.029925387334755693,107.69;104.08;100.75;95.36;93.20;90.82;89.52;92.18;89.36;91.19;94.13;89.66;91.83;91.51;92.63;94.87;94.91;96.89;99.30;94.33;92.75;83.53;80.50;83.54;83.22;87.67;86.06;84.92;81.25;78.40;84.75;86.78;86.22;81.90;81.19;84.45;87.78;89.71;91.96;91.72;93.10;96.70;99.31;99.33;96.88;97.82;100.01;97.78;99.48;97.23;95.17;96.24;110.29;109.66;106.97;114.92;113.44;107.67;107.23;107.58;103.11;100.79;101.68;100.93;98.87,HALAL,"Business activity permissible — debt ratio not verified, cross-check Musaffa/Zoya",
UNP,TRANSPORTATION,TRANSPORTATION-RAIL,73,307.4100036621094,0.17766890508313704,261.52;263.61;264.47;258.86;252.30;249.81;241.19;241.07;232.97;237.14;240.08;237.56;241.37;243.45;244.84;249.85;250.04;246.75;249.84;249.95;269.86;267.52;263.41;264.94;262.65;263.52;261.99;263.28;269.16;270.16;264.07;269.70;265.62;263.50;262.13;272.32;271.28;268.28;267.32;258.05;259.91;259.96;268.35;272.00;282.25;283.12;285.04;289.13;288.36;301.75;293.13;304.33;299.30;292.19;292.13;296.35;295.38;292.24;293.73;293.68;298.74;303.97;309.86;310.62;307.41,HALAL,"Business activity permissible — debt ratio not verified, cross-check Musaffa/Zoya",
CSX,TRANSPORTATION,TRANSPORTATION-RAIL,77,51.279998779296875,0.22960680280135803,41.95;42.56;42.53;41.02;40.48;40.22;39.18;40.19;38.37;38.82;39.45;39.55;40.92;41.09;41.29;42.36;42.22;41.97;43.19;43.24;46.04;45.32;44.54;44.95;44.89;44.32;44.60;44.26;45.52;45.94;45.76;46.47;45.67;45.86;46.44;46.99;47.28;47.37;47.39;45.57;46.20;46.06;47.66;47.53;48.89;48.51;49.35;49.64;49.43;50.75;49.89;52.81;51.80;50.74;50.40;51.03;50.70;50.12;50.08;50.16;50.24;50.97;51.44;51.76;51.28,HALAL,"Business activity permissible — debt ratio not verified, cross-check Musaffa/Zoya",
NSC,TRANSPORTATION,TRANSPORTATION-RAIL,59,348.67999267578125,0.11600299162417516,309.28;312.15;314.65;308.36;299.94;295.11;286.99;288.92;275.90;282.60;280.28;280.92;284.64;285.63;286.12;292.87;295.11;295.26;299.89;299.73;318.79;316.26;309.55;313.30;310.99;310.81;309.88;309.36;314.70;316.95;310.21;318.96;306.67;303.96;303.91;312.21;311.09;309.31;309.06;299.35;302.97;302.62;311.58;313.35;321.44;321.47;322.49;326.30;327.24;338.82;329.99;347.18;342.00;334.42;334.16;339.92;341.11;333.95;335.41;334.41;338.91;346.62;352.98;352.68;348.68,HALAL,"Business activity permissible — debt ratio not verified, cross-check Musaffa/Zoya",
CP,TRANSPORTATION,TRANSPORTATION-RAIL,60,94.12000274658203,0.11530431320417933,85.41;87.22;87.41;84.90;83.54;82.74;81.01;80.25;78.13;79.12;79.72;78.06;78.49;78.80;79.91;81.02;81.25;80.83;81.30;82.31;85.99;87.17;84.10;86.03;83.32;85.03;84.59;85.45;84.89;85.94;86.52;88.93;90.40;88.49;88.93;89.73;90.00;89.12;89.08;85.42;85.48;84.60;87.73;86.65;87.79;88.72;90.33;91.35;90.47;93.71;91.16;92.32;91.40;91.29;88.89;90.63;90.25;90.51;92.69;93.50;93.68;94.83;94.68;94.71;94.12,HALAL,"Business activity permissible — debt ratio not verified, cross-check Musaffa/Zoya",
CNI,TRANSPORTATION,TRANSPORTATION-RAIL,67,126.01000213623047,0.15808820590661776,107.75;110.88;109.89;108.39;106.70;105.63;104.45;101.44;98.56;100.14;101.34;100.88;102.21;103.61;105.33;109.54;110.35;109.34;109.69;109.57;113.43;114.33;107.49;111.35;109.39;110.24;110.00;111.26;111.18;112.59;113.55;115.76;118.15;118.77;118.80;119.73;120.31;118.27;117.54;113.96;114.13;115.91;120.56;119.24;121.56;122.78;124.34;125.31;124.00;129.03;127.10;130.58;128.88;129.84;127.21;127.30;126.40;125.14;126.32;126.84;126.55;128.23;127.40;127.54;126.01,HALAL,"Business activity permissible — debt ratio not verified, cross-check Musaffa/Zoya",
WAB,TRANSPORTATION,TRANSPORTATION-RAIL,77,292.2300109863281,0.11393720752845193,262.22;263.36;260.24;251.02;246.45;245.42;236.23;237.45;236.61;241.14;247.76;240.57;249.35;253.34;255.48;270.33;268.44;256.80;262.78;257.05;268.85;266.62;260.78;264.36;262.85;264.98;267.53;264.19;263.31;254.72;254.59;261.20;260.93;255.75;262.51;260.13;265.50;261.82;268.61;271.58;276.46;272.20;269.25;269.32;261.92;258.92;259.50;260.59;259.44;261.81;263.26;297.68;300.59;291.46;290.56;298.76;294.93;293.86;295.24;298.71;294.72;292.31;297.62;300.54;292.23,HALAL,"Business activity permissible — debt ratio not verified, cross-check Musaffa/Zoya",
GBX,TRANSPORTATION,TRANSPORTATION-RAIL,25,45.90999984741211,-0.20069651796804366,57.22;55.64;55.88;54.77;53.94;52.99;51.04;50.99;49.82;50.98;51.77;50.41;51.92;52.01;46.99;52.90;52.16;50.70;49.63;47.87;49.27;48.70;47.46;49.69;49.81;50.05;49.83;49.40;47.30;47.33;48.38;47.96;47.56;45.75;46.53;46.56;47.66;47.05;48.10;48.94;49.85;49.53;50.01;48.66;47.20;45.46;46.33;47.83;47.75;50.02;50.06;51.54;50.28;50.72;49.25;50.32;47.68;46.13;45.48;45.44;45.09;45.81;46.08;46.24;45.91,HALAL,"Business activity permissible — debt ratio not verified, cross-check Musaffa/Zoya",
TRN,TRANSPORTATION,TRANSPORTATION-RAIL,29,29.270000457763672,-0.13904277107548246,33.89;33.58;33.56;32.59;31.26;30.26;29.00;29.97;29.21;30.08;31.12;30.65;31.62;32.40;31.57;33.88;34.36;33.20;32.67;30.57;31.34;31.32;30.50;35.91;35.55;36.33;36.18;36.24;33.97;32.95;34.01;31.97;31.87;31.65;31.83;32.48;33.86;33.94;34.50;33.99;34.83;35.02;35.80;34.28;33.83;33.64;34.53;36.20;36.06;36.47;36.92;36.77;37.10;36.70;31.24;32.04;30.97;28.84;28.88;29.59;29.67;29.74;29.69;29.51;29.27,HALAL,"Business activity permissible — debt ratio not verified, cross-check Musaffa/Zoya",
EXPD,TRANSPORTATION,TRANSPORTATION-SVCS/LOGISTICS,83,190.97000122070312,0.28285852722415417,141.14;144.29;147.28;145.97;144.50;140.09;141.82;142.43;146.49;139.82;142.45;140.50;142.50;145.06;143.79;144.09;143.14;143.28;146.54;150.21;148.98;147.34;148.03;146.48;152.30;151.08;154.74;155.00;154.65;156.79;156.38;159.88;158.15;160.03;158.70;160.44;166.34;166.44;163.23;160.61;163.15;160.16;160.73;162.98;167.57;165.74;170.62;175.50;177.70;182.80;178.58;176.18;171.34;170.13;167.89;181.48;178.56;179.00;184.47;186.12;185.95;186.40;187.83;190.18;190.97,HALAL,"Business activity permissible — debt ratio not verified, cross-check Musaffa/Zoya",
CHRW,TRANSPORTATION,TRANSPORTATION-SVCS/LOGISTICS,23,150.38999938964844,-0.14547839926699502,174.71;183.99;192.00;183.55;181.32;175.18;168.81;171.13;174.21;166.27;169.16;161.02;165.50;167.27;165.53;169.62;164.36;167.51;181.62;183.01;183.11;187.78;185.79;176.69;166.56;170.79;169.40;162.70;163.03;172.43;177.52;177.30;174.81;179.28;180.12;184.09;191.65;191.11;190.25;185.20;187.07;177.28;179.33;188.34;189.85;190.95;192.76;196.50;197.50;208.50;209.42;205.51;174.46;173.75;147.73;154.75;146.66;148.29;146.70;148.57;144.67;143.83;142.86;151.73;150.39,HALAL,"Business activity permissible — debt ratio not verified, cross-check Musaffa/Zoya",
XPO,TRANSPORTATION,TRANSPORTATION-SVCS/LOGISTICS,55,188.55999755859375,-0.06272987164049504,198.49;210.47;215.37;206.21;194.32;193.90;181.71;188.35;187.37;185.60;192.86;189.05;194.55;200.52;200.31;211.73;212.15;210.33;225.02;227.61;224.76;220.00;216.71;215.28;207.55;206.88;201.60;198.28;204.23;202.30;203.57;210.75;214.03;221.21;218.69;218.94;227.58;227.65;220.74;201.79;201.19;196.83;201.46;205.29;206.33;202.79;208.03;209.45;204.82;215.02;214.72;214.16;208.20;199.38;200.97;203.29;196.35;200.48;208.94;211.06;202.72;196.84;191.99;192.46;188.56,HALAL,"Business activity permissible — debt ratio not verified, cross-check Musaffa/Zoya",
JBHT,TRANSPORTATION,TRANSPORTATION-SVCS/LOGISTICS,81,261.0299987792969,0.1796144539000235,218.47;232.58;230.05;225.56;216.69;209.62;199.54;199.41;199.49;202.06;208.36;204.86;211.15;214.15;216.94;224.42;226.80;223.38;244.21;250.20;252.81;249.27;245.44;247.85;242.18;241.33;240.34;237.40;261.77;256.10;258.79;267.18;272.06;278.99;279.58;284.47;286.71;288.65;282.68;266.79;273.02;268.61;279.83;288.94;285.35;274.54;282.13;282.52;275.81;290.92;292.77;288.88;280.49;275.68;271.29;274.02;266.80;266.14;275.96;279.71;274.19;274.47;259.88;263.64;261.03,HALAL,"Business activity permissible — debt ratio not verified, cross-check Musaffa/Zoya",
LSTR,TRANSPORTATION,TRANSPORTATION-SVCS/LOGISTICS,65,180.02999877929688,0.23857562678606703,143.68;162.22;162.56;158.80;152.04;148.02;147.27;147.83;148.91;149.70;156.36;155.82;159.59;162.53;166.09;169.64;167.51;165.76;172.09;177.94;179.09;179.32;183.76;180.74;179.51;181.13;178.11;174.20;175.25;181.74;190.68;201.67;202.99;212.91;214.76;217.56;222.95;224.69;218.77;207.66;208.54;207.21;208.73;206.34;207.74;203.49;207.23;212.39;207.34;211.08;213.72;207.50;191.19;177.43;174.37;181.21;176.66;177.94;185.43;189.76;186.16;182.42;179.92;181.63;180.03,HALAL,"Business activity permissible — debt ratio not verified, cross-check Musaffa/Zoya",
HUBG,TRANSPORTATION,TRANSPORTATION-SVCS/LOGISTICS,31,39.61000061035156,-0.03866228687395379,40.89;42.79;42.98;41.05;38.74;36.85;34.20;34.02;34.41;35.21;36.25;35.28;35.94;36.40;36.91;38.65;39.09;39.14;42.54;43.70;43.38;43.70;42.65;43.06;41.69;42.89;41.74;37.84;37.24;38.25;40.56;42.65;42.46;43.47;42.90;42.93;44.86;45.80;45.53;43.63;43.98;43.00;43.75;43.79;44.94;46.08;46.90;47.69;47.80;51.22;50.92;49.22;47.89;47.69;46.53;47.73;46.23;47.35;40.21;40.30;39.69;40.05;40.21;40.00;39.61,HALAL,"Business activity permissible — debt ratio not verified, cross-check Musaffa/Zoya",
FWRD,TRANSPORTATION,TRANSPORTATION-SVCS/LOGISTICS,42,16.989999771118164,-0.32792724249832184,25.15;25.29;24.65;23.88;22.03;18.39;15.80;16.45;15.51;16.00;16.61;16.24;16.71;17.41;17.47;18.87;19.31;19.19;22.18;23.10;22.75;22.85;21.51;21.33;17.03;17.33;10.46;8.74;8.76;8.31;8.35;9.63;10.36;10.46;9.67;10.36;11.63;12.57;13.58;13.56;13.71;13.39;14.87;13.51;13.45;13.10;12.90;12.80;12.62;13.75;16.21;15.48;14.72;14.59;14.05;15.30;17.80;18.77;19.49;18.96;19.18;17.79;17.57;17.63;16.99,HALAL,"Business activity permissible — debt ratio not verified, cross-check Musaffa/Zoya",
MATX,TRANSPORTATION,TRANSPORTATION-SVCS/LOGISTICS,93,224.30999755859375,0.36979388116776857,169.40;165.50;167.89;158.15;152.84;153.35;149.17;154.57;157.56;159.33;163.67;157.43;163.32;165.76;167.47;171.45;171.82;169.85;175.88;170.03;169.71;176.06;172.69;172.89;186.55;179.81;181.57;181.38;179.55;179.73;182.41;184.19;180.32;187.76;185.47;186.97;193.87;198.61;194.82;193.21;196.47;195.23;194.13;191.87;203.15;198.16;205.65;204.77;208.51;221.77;218.78;213.20;205.07;201.47;202.22;213.05;206.26;208.68;214.45;217.30;218.28;216.77;222.68;221.65;224.31,HALAL,"Business activity permissible — debt ratio not verified, cross-check Musaffa/Zoya",
ARCB,TRANSPORTATION,TRANSPORTATION-SVCS/LOGISTICS,91,136.5399932861328,0.3814992602930807,96.52;102.47;104.36;99.52;93.96;91.74;84.71;85.80;89.09;91.86;95.59;92.30;98.18;100.32;103.36;109.02;108.36;107.99;118.42;118.32;119.67;126.50;126.82;125.58;117.95;121.55;118.21;111.38;122.60;118.59;124.30;129.38;133.66;140.68;142.00;154.95;173.07;172.52;163.95;145.72;145.47;145.05;146.16;143.41;139.55;145.02;150.72;149.37;147.34;159.67;160.75;156.85;148.74;141.36;144.22;144.18;135.13;137.43;140.63;142.88;138.81;135.89;134.45;139.09;136.54,HALAL,"Business activity permissible — debt ratio not verified, cross-check Musaffa/Zoya",
RXO,TRANSPORTATION,TRANSPORTATION-SVCS/LOGISTICS,85,21.90999984741211,0.4945429792265532,14.72;15.96;16.44;15.45;13.83;12.71;12.12;13.00;13.62;13.31;14.38;13.88;14.62;14.94;15.49;16.01;16.06;16.47;18.70;19.58;19.30;19.43;19.08;19.59;18.19;23.11;20.70;19.81;18.69;21.13;24.36;25.00;25.90;26.87;26.83;26.86;29.12;28.50;27.71;24.82;25.82;25.30;27.12;27.59;26.61;26.87;26.85;27.09;27.07;29.29;29.30;27.77;24.11;22.29;20.25;22.13;20.24;21.33;22.71;23.52;22.63;21.67;21.28;22.19;21.91,HALAL,"Business activity permissible — debt ratio not verified, cross-check Musaffa/Zoya",
GXO,TRANSPORTATION,TRANSPORTATION-SVCS/LOGISTICS,15,47.599998474121094,-0.24623915559820553,63.79;62.83;60.96;59.09;55.35;54.60;52.51;53.70;51.27;51.46;52.16;49.64;51.85;53.08;53.27;55.99;56.60;55.76;58.79;58.62;56.66;57.15;55.15;56.22;49.85;51.88;50.82;49.92;48.18;45.52;46.72;47.93;50.76;50.00;49.11;48.68;50.24;49.81;50.32;48.08;49.73;49.98;50.19;50.70;51.95;51.84;51.72;48.99;52.29;54.05;54.06;52.57;53.29;51.53;50.16;52.37;47.01;46.96;47.98;48.58;46.63;45.37;46.98;48.00;47.60,HALAL,"Business activity permissible — debt ratio not verified, cross-check Musaffa/Zoya",
KEX,TRANSPORTATION,TRANSPORTATION-SHIPPING,58,139.05999755859375,0.08251588269286847,130.12;129.80;133.83;130.28;125.81;126.32;124.95;128.01;130.14;130.76;135.88;134.12;132.88;135.92;140.51;141.59;141.90;142.49;142.09;143.71;150.85;152.38;152.59;147.22;143.37;142.22;146.09;146.70;145.70;146.62;145.62;144.35;140.46;142.23;144.80;141.05;143.06;140.32;142.00;140.22;141.32;137.13;136.78;135.97;129.84;133.91;142.63;142.76;141.89;144.16;148.70;149.10;145.08;131.07;131.14;132.42;132.93;132.49;135.93;138.62;139.74;139.22;138.72;139.02;139.06,HALAL,"Business activity permissible — debt ratio not verified, cross-check Musaffa/Zoya",
MATX,TRANSPORTATION,TRANSPORTATION-SHIPPING,93,224.30999755859375,0.36979388116776857,169.40;165.50;167.89;158.15;152.84;153.35;149.17;154.57;157.56;159.33;163.67;157.43;163.32;165.76;167.47;171.45;171.82;169.85;175.88;170.03;169.71;176.06;172.69;172.89;186.55;179.81;181.57;181.38;179.55;179.73;182.41;184.19;180.32;187.76;185.47;186.97;193.87;198.61;194.82;193.21;196.47;195.23;194.13;191.87;203.15;198.16;205.65;204.77;208.51;221.77;218.78;213.20;205.07;201.47;202.22;213.05;206.26;208.68;214.45;217.30;218.28;216.77;222.68;221.65;224.31,HALAL,"Business activity permissible — debt ratio not verified, cross-check Musaffa/Zoya",
ZIM,TRANSPORTATION,TRANSPORTATION-SHIPPING,81,27.440000534057617,-0.010262026518565226,28.25;27.89;27.00;27.51;28.16;27.15;26.11;26.52;26.08;25.92;26.44;26.19;26.35;26.30;26.30;26.40;26.53;26.70;27.01;26.24;26.08;26.09;26.01;26.28;28.55;26.09;26.47;25.75;25.57;25.55;25.14;25.25;24.19;24.72;24.50;25.24;25.50;25.91;24.92;23.98;25.27;25.58;25.58;26.00;25.57;23.92;24.14;23.80;24.80;24.30;24.92;25.59;24.56;24.58;25.19;27.29;26.38;25.21;25.27;28.14;28.49;27.16;28.38;27.64;27.44,HALAL,"Business activity permissible — debt ratio not verified, cross-check Musaffa/Zoya",
DAC,TRANSPORTATION,TRANSPORTATION-SHIPPING,88,150.67999267578125,0.4075152895914471,112.65;116.31;113.59;109.51;110.69;111.95;105.55;109.91;112.25;112.51;111.62;109.20;111.08;113.83;113.66;114.81;114.72;114.64;116.17;113.42;115.90;118.71;118.16;118.11;125.74;130.43;131.49;130.56;128.37;128.01;130.84;128.54;125.03;127.67;127.47;128.26;129.42;129.15;130.39;125.77;126.49;124.41;122.15;121.51;121.46;124.02;126.43;128.44;128.59;124.98;131.46;137.44;140.31;138.60;141.63;138.72;143.15;138.32;139.81;141.92;145.30;148.70;150.50;147.78;150.68,HALAL,"Business activity permissible — debt ratio not verified, cross-check Musaffa/Zoya",
GSL,TRANSPORTATION,TRANSPORTATION-SHIPPING,82,44.52000045776367,0.18057094972191368,38.72;39.87;38.97;37.39;38.00;37.53;36.08;37.02;37.58;37.10;37.36;35.57;36.13;37.28;36.78;37.14;37.80;37.76;37.80;36.25;36.54;38.00;38.27;39.38;40.28;40.31;40.55;40.04;39.66;39.10;39.73;37.00;35.93;37.38;36.99;37.58;38.00;38.12;38.77;37.43;37.77;38.13;37.25;37.06;37.56;38.40;38.87;40.22;40.55;39.58;41.44;42.40;42.52;42.72;43.70;42.82;42.18;41.28;40.65;41.56;42.60;42.76;44.64;44.20;44.52,HALAL,"Business activity permissible — debt ratio not verified, cross-check Musaffa/Zoya",
GLNG,TRANSPORTATION,TRANSPORTATION-SHIPPING,60,50.290000915527344,0.12440649386482527,42.45;43.79;45.06;45.55;45.10;45.23;42.52;45.86;50.46;52.28;52.57;54.49;53.58;54.75;53.91;52.87;52.90;53.30;51.33;52.31;52.16;52.31;53.40;55.15;56.53;54.49;56.26;56.12;56.48;55.10;51.80;51.31;48.84;50.35;51.43;50.43;50.47;50.31;50.95;49.21;50.51;49.59;49.52;49.60;48.77;50.26;50.63;50.82;50.46;49.41;49.52;49.59;48.74;47.12;48.91;49.19;50.77;50.46;50.82;52.24;51.92;51.89;51.41;51.19;50.29,HALAL,"Business activity permissible — debt ratio not verified, cross-check Musaffa/Zoya",
SBLK,TRANSPORTATION,TRANSPORTATION-SHIPPING,88,30.479999542236328,0.2883828331590663,23.36;24.64;24.60;23.08;22.59;22.20;20.80;21.17;21.64;21.73;21.77;21.19;21.87;23.16;22.59;23.03;23.55;23.46;23.28;23.20;23.01;23.40;23.69;24.07;25.40;25.53;25.46;25.41;25.20;24.83;25.63;26.23;25.88;26.86;25.87;26.01;25.47;25.85;26.26;25.95;25.73;24.90;23.67;24.22;24.40;25.42;25.11;25.75;25.56;24.15;25.88;26.34;26.29;26.57;27.89;27.38;27.73;27.57;27.05;28.18;29.23;29.16;30.70;29.58;30.48,HALAL,"Business activity permissible — debt ratio not verified, cross-check Musaffa/Zoya",
SB,TRANSPORTATION,TRANSPORTATION-SHIPPING,93,8.520000457763672,0.4167033441368999,6.27;6.38;6.43;6.17;6.22;5.97;5.82;5.97;6.16;6.15;6.16;5.96;6.21;6.46;6.35;6.34;6.42;6.38;6.51;6.37;6.35;6.47;6.47;6.54;6.97;6.81;6.93;7.13;6.90;6.67;6.71;6.74;6.45;6.49;6.34;6.37;6.53;6.62;6.68;6.32;6.87;6.65;6.27;6.25;6.34;6.66;6.63;6.89;7.09;6.75;7.38;7.47;7.44;7.50;7.73;7.67;7.59;7.42;7.38;7.75;8.03;8.28;8.65;8.28;8.52,HALAL,"Business activity permissible — debt ratio not verified, cross-check Musaffa/Zoya",
INSW,TRANSPORTATION,TRANSPORTATION-SHIPPING,95,98.80999755859375,0.6077140138385646,63.71;69.22;69.30;66.49;69.43;64.54;60.41;62.07;65.57;66.14;66.40;67.24;68.86;71.23;69.61;70.82;71.07;70.38;72.26;71.77;72.58;76.16;76.74;80.45;83.24;85.21;84.77;80.61;79.92;78.71;80.42;78.16;72.58;74.70;73.67;76.60;76.74;78.01;81.41;81.45;88.41;87.72;79.51;76.59;82.40;85.23;82.98;86.17;88.65;86.76;90.47;91.35;90.69;94.55;96.18;92.57;93.21;90.40;92.38;97.05;98.77;99.36;99.95;93.67;98.81,HALAL,"Business activity permissible — debt ratio not verified, cross-check Musaffa/Zoya",
DHT,TRANSPORTATION,TRANSPORTATION-SHIPPING,89,19.65999984741211,0.2395770322264712,16.90;17.63;17.43;16.77;17.16;16.17;15.25;15.28;16.16;16.08;16.09;16.38;16.53;16.88;15.91;16.10;15.90;15.98;16.57;16.28;16.10;16.59;16.53;17.07;17.28;17.21;16.95;16.11;15.96;15.92;16.65;16.31;15.33;15.61;15.37;15.61;15.67;15.61;17.32;16.98;18.53;18.18;16.55;15.50;16.11;16.21;15.87;16.23;16.88;16.32;17.32;17.26;17.15;17.39;17.41;17.01;17.20;17.18;17.55;18.30;19.31;19.80;19.72;18.32;19.66,HALAL,"Business activity permissible — debt ratio not verified, cross-check Musaffa/Zoya",
FRO,TRANSPORTATION,TRANSPORTATION-SHIPPING,94,44.189998626708984,0.35588276019395537,33.86;35.25;34.50;32.43;32.96;31.11;28.92;29.99;31.51;32.42;32.34;32.25;33.40;35.07;33.52;33.37;33.39;34.01;35.58;33.90;33.44;34.49;34.77;35.47;36.51;36.53;36.56;35.64;35.13;35.88;36.84;35.04;33.10;33.40;33.02;33.70;34.76;35.58;39.43;38.85;41.58;40.72;35.52;34.79;36.75;37.66;36.56;36.92;37.90;36.49;38.45;38.85;38.59;39.13;39.37;38.97;39.56;38.45;39.57;41.21;43.50;43.56;44.05;41.20;44.19,HALAL,"Business activity permissible — debt ratio not verified, cross-check Musaffa/Zoya",
ODFL,TRANSPORTATION,TRANSPORTATION-TRUCKING,57,198.6300048828125,0.02723088882500524,191.19;202.51;207.39;210.41;196.97;188.54;180.52;184.20;182.13;187.46;188.81;188.10;195.15;197.75;198.68;209.23;207.37;204.93;217.48;224.14;222.50;220.25;209.08;205.55;195.83;197.81;194.87;188.94;202.86;204.20;207.43;216.34;220.58;228.24;236.06;242.57;248.73;247.76;237.42;218.36;219.52;219.04;218.79;216.60;217.65;215.51;225.85;232.90;225.23;233.84;234.79;230.71;226.77;222.79;212.14;219.32;211.41;212.55;212.55;210.97;208.00;204.52;201.48;199.43;198.63,HALAL,"Business activity permissible — debt ratio not verified, cross-check Musaffa/Zoya",
SAIA,TRANSPORTATION,TRANSPORTATION-TRUCKING,25,352.25,-0.11272040302267006,384.33;405.39;414.06;396.62;368.78;341.41;321.00;328.96;321.17;329.48;344.36;334.31;351.28;354.28;375.61;401.67;396.74;397.79;434.22;441.81;440.98;444.32;422.04;441.26;422.31;448.94;446.18;431.42;460.38;448.95;458.25;467.89;469.21;482.22;464.49;466.51;479.30;487.14;474.19;425.86;436.05;428.44;430.51;421.16;416.69;416.00;421.29;432.06;417.05;436.85;433.22;426.55;419.92;394.44;347.63;374.33;361.82;355.77;364.66;384.32;368.92;359.63;349.54;349.83;352.25,HALAL,"Business activity permissible — debt ratio not verified, cross-check Musaffa/Zoya",
WERN,TRANSPORTATION,TRANSPORTATION-TRUCKING,70,38.41999816894531,0.1802560275361027,32.40;34.82;34.27;32.94;30.98;29.38;27.41;27.11;26.95;27.82;28.92;28.38;29.19;30.23;30.62;31.41;31.70;30.73;32.47;33.39;33.80;34.03;36.27;35.79;34.56;36.26;35.30;34.47;37.19;37.65;39.69;40.63;41.39;42.38;42.89;43.32;43.36;43.70;42.93;39.75;40.73;40.86;42.63;43.47;43.06;43.32;44.78;44.09;43.61;46.04;47.29;43.91;40.43;36.65;37.42;38.31;36.87;36.68;37.85;38.88;38.43;38.05;37.67;38.89;38.42,HALAL,"Business activity permissible — debt ratio not verified, cross-check Musaffa/Zoya",
KNX,TRANSPORTATION,TRANSPORTATION-TRUCKING,72,67.23999786376953,0.142454460453449,58.38;62.55;61.25;60.66;57.60;55.59;51.80;52.25;53.23;54.03;56.20;55.41;57.43;58.45;59.37;61.16;61.68;61.40;64.26;64.69;65.60;64.53;63.20;63.84;61.46;63.28;61.76;59.62;68.88;68.20;70.07;72.74;74.83;77.72;78.07;78.37;80.35;82.45;79.25;73.01;75.40;74.52;76.61;77.87;76.35;74.34;77.17;74.33;73.57;76.68;76.71;72.33;70.73;71.04;69.53;71.62;69.28;68.67;71.31;72.42;70.72;69.41;69.12;69.55;67.24,HALAL,"Business activity permissible — debt ratio not verified, cross-check Musaffa/Zoya",
SNDR,TRANSPORTATION,TRANSPORTATION-TRUCKING,76,34.439998626708984,0.27722324756396066,26.73;28.19;27.75;27.14;25.61;24.97;23.65;24.00;23.55;24.38;25.78;25.37;26.29;26.96;27.37;28.03;28.04;27.27;29.31;30.16;30.05;30.48;30.29;31.39;29.95;30.57;29.76;29.09;31.86;32.08;33.25;34.55;35.36;36.27;36.44;37.11;37.93;38.01;37.69;35.34;35.47;34.97;36.29;36.53;35.80;35.77;37.05;36.68;36.44;38.19;38.38;37.75;36.78;35.26;35.74;36.32;35.22;35.26;35.74;36.10;35.30;35.14;34.84;35.22;34.44,HALAL,"Business activity permissible — debt ratio not verified, cross-check Musaffa/Zoya",
USX,TRANSPORTATION,TRANSPORTATION-TRUCKING,,,,;;;;;;;;;;;;;;;;;;;;;;;;;;;;;;;;;;24.67;23.57;23.52;23.64;24.60;23.77;24.09;23.40;23.51;24.40;24.15;24.27;24.47;24.25;24.56;23.89;24.15;23.47;23.54;22.92;23.97;25.52;25.27;25.56;25.59;25.82;25.20;24.85;24.89;25.04;,HALAL,"Business activity permissible — debt ratio not verified, cross-check Musaffa/Zoya",
MRTN,TRANSPORTATION,TRANSPORTATION-TRUCKING,51,14.359999656677246,0.09882703393599868,13.03;13.48;13.41;13.20;12.41;11.98;11.65;11.65;12.06;12.70;13.05;12.85;13.09;13.72;13.59;13.90;13.91;13.70;14.82;14.76;14.78;14.99;14.85;15.10;14.63;15.09;14.99;14.95;15.47;16.08;16.53;17.05;17.46;17.49;17.46;17.69;17.97;18.22;17.71;16.59;16.92;16.84;17.47;17.35;17.46;17.24;17.46;17.41;17.17;17.65;17.63;16.88;15.49;15.01;14.79;15.00;14.86;14.68;14.96;15.21;14.90;14.73;14.67;14.46;14.36,HALAL,"Business activity permissible — debt ratio not verified, cross-check Musaffa/Zoya",
HTLD,TRANSPORTATION,TRANSPORTATION-TRUCKING,63,12.180000305175781,0.115070285719574,10.63;10.99;10.97;10.77;9.91;9.71;9.50;9.52;9.55;9.92;10.37;10.21;10.39;10.63;10.73;11.11;11.01;10.74;11.61;11.80;12.00;13.25;13.23;13.45;12.75;12.96;12.65;12.30;13.28;13.93;14.26;14.64;15.04;15.50;15.16;15.72;15.99;16.20;15.80;14.31;14.67;14.59;15.51;15.22;14.90;14.89;14.96;14.87;14.52;15.39;15.31;14.83;13.69;12.99;12.23;12.78;12.29;11.75;12.29;12.79;12.75;12.36;12.51;12.47;12.18,HALAL,"Business activity permissible — debt ratio not verified, cross-check Musaffa/Zoya",
DUK,UTILITY,UTILITY-DIVERSIFIED,26,120.25,-0.04252666789742032,126.71;128.60;129.17;129.35;128.82;127.79;130.86;130.66;127.51;125.15;125.95;127.75;128.69;129.94;129.55;130.71;128.16;125.78;125.83;123.51;125.84;124.90;124.33;126.39;125.38;122.72;122.75;121.77;119.90;123.47;123.57;123.88;122.68;118.85;119.99;123.14;122.74;123.11;124.19;122.65;122.44;125.43;127.28;125.48;128.47;127.10;124.17;125.75;123.26;123.92;124.81;128.13;127.71;127.95;124.34;123.19;122.82;120.13;122.41;123.92;123.99;122.69;121.97;121.89;120.25,HALAL,"Business activity permissible — debt ratio not verified, cross-check Musaffa/Zoya",
SO,UTILITY,UTILITY-DIVERSIFIED,23,88.25,-0.05741295225355081,94.35;95.79;95.21;95.61;95.66;94.69;96.41;96.66;94.66;92.22;93.06;93.99;94.94;95.86;95.24;96.00;94.36;93.09;92.97;90.42;92.38;92.24;91.98;95.13;94.33;90.92;91.58;91.62;91.04;93.37;93.47;93.32;91.76;88.30;89.75;91.84;92.19;92.51;93.05;91.77;92.66;95.00;96.36;94.93;97.18;96.49;94.39;95.68;93.83;94.52;93.08;95.81;95.69;95.26;93.77;92.49;92.14;90.59;91.76;92.04;92.07;91.43;90.10;89.76;88.25,HALAL,"Business activity permissible — debt ratio not verified, cross-check Musaffa/Zoya",
D,UTILITY,UTILITY-DIVERSIFIED,39,65.55000305175781,0.041755040482760686,62.28;62.51;62.06;62.38;62.29;61.59;62.58;62.41;60.42;59.23;60.06;60.28;61.21;62.15;62.07;63.47;62.35;61.76;61.80;60.48;61.90;61.88;61.88;63.31;62.37;61.00;61.94;62.10;61.12;67.45;67.61;66.61;66.71;64.61;65.46;66.90;66.25;66.69;68.15;68.02;68.04;69.26;69.39;68.29;69.75;69.83;69.45;70.80;70.97;71.04;69.85;71.46;70.27;70.55;69.17;69.22;66.80;67.15;68.04;68.77;68.61;67.47;66.61;66.91;65.55,HALAL,"Business activity permissible — debt ratio not verified, cross-check Musaffa/Zoya",
AEP,UTILITY,UTILITY-DIVERSIFIED,28,122.30999755859375,-0.05978764924626023,130.51;131.85;129.98;130.10;129.92;129.33;131.64;131.65;126.83;126.04;126.41;128.19;129.15;130.73;130.96;135.13;132.48;132.41;131.69;129.95;133.09;133.08;132.46;134.90;135.02;129.82;129.71;126.98;124.20;127.95;128.63;129.91;126.79;122.85;125.36;128.16;126.79;127.51;128.33;127.30;129.32;133.94;137.64;135.78;137.46;136.49;132.84;134.61;131.50;131.14;129.49;133.90;132.58;128.42;126.88;127.38;124.31;122.84;124.65;125.60;126.35;125.70;121.98;123.36;122.31,HALAL,"Business activity permissible — debt ratio not verified, cross-check Musaffa/Zoya",
EXC,UTILITY,UTILITY-DIVERSIFIED,23,43.93000030517578,-0.07214044310745993,47.84;48.59;48.50;48.32;48.68;48.38;49.36;49.57;47.56;46.73;47.23;47.87;48.56;48.87;48.59;48.98;47.70;47.43;46.58;45.84;46.31;46.16;46.58;46.07;45.75;44.00;43.78;43.86;42.98;44.20;44.93;45.60;45.16;44.29;44.66;45.75;45.33;45.51;46.18;45.56;45.94;46.90;47.40;46.62;47.88;47.57;46.38;47.09;45.74;46.26;45.89;47.28;47.15;47.03;45.82;45.84;45.32;44.50;45.22;45.86;45.31;45.06;44.34;44.44;43.93,HALAL,"Business activity permissible — debt ratio not verified, cross-check Musaffa/Zoya",
XEL,UTILITY,UTILITY-DIVERSIFIED,25,76.44999694824219,-0.06903507534806941,82.32;82.13;81.94;81.16;80.89;79.80;81.30;80.80;78.93;76.37;77.12;77.51;78.85;80.14;79.94;82.15;79.85;78.06;80.47;78.49;78.89;78.82;78.23;81.96;80.84;79.83;80.00;79.31;77.34;79.13;79.60;80.18;78.67;75.84;76.81;78.45;77.29;77.68;79.35;77.46;78.81;81.47;82.23;80.30;81.96;80.67;79.02;80.48;79.25;78.77;78.72;80.77;80.71;78.75;78.20;77.75;76.97;76.87;78.60;79.17;79.17;78.71;77.33;77.68;76.45,HALAL,"Business activity permissible — debt ratio not verified, cross-check Musaffa/Zoya",
WEC,UTILITY,UTILITY-DIVERSIFIED,23,106.22000122070312,-0.06680667447407251,113.45;114.96;114.14;114.11;113.62;111.37;115.35;115.29;113.67;110.14;110.80;112.41;113.79;115.57;114.94;116.75;114.34;112.89;113.89;111.64;113.60;113.16;112.56;115.46;113.25;110.86;110.85;110.29;108.22;110.53;111.14;112.01;110.70;107.66;109.10;111.97;112.12;112.09;113.01;111.57;112.06;114.61;117.82;115.76;117.80;116.66;113.90;114.87;111.99;112.37;110.85;113.73;112.84;110.33;108.47;108.31;107.04;105.20;108.17;110.52;111.05;108.51;107.58;107.52;106.22,HALAL,"Business activity permissible — debt ratio not verified, cross-check Musaffa/Zoya",
ED,UTILITY,UTILITY-DIVERSIFIED,35,107.48999786376953,-0.025509656038242734,109.18;110.68;110.52;108.90;109.97;109.91;113.00;113.02;109.86;107.32;108.23;109.85;111.33;113.54;112.59;113.10;110.06;108.47;108.35;106.42;108.44;107.05;107.10;108.68;107.36;104.65;104.47;105.30;104.50;107.26;106.53;106.82;105.44;102.76;102.64;105.40;105.53;105.97;106.84;106.17;106.05;109.82;111.15;109.73;113.06;112.07;109.37;110.91;109.41;111.46;108.92;111.87;110.59;111.34;107.96;107.53;108.06;105.44;106.90;107.91;108.27;108.31;107.71;108.05;107.49,HALAL,"Business activity permissible — debt ratio not verified, cross-check Musaffa/Zoya",
ETR,UTILITY,UTILITY-DIVERSIFIED,41,105.75,0.019947186806326567,105.06;105.90;104.61;104.28;103.46;102.64;104.38;104.87;102.76;100.19;101.60;108.64;111.09;113.60;112.58;116.11;114.02;113.65;114.21;109.98;112.63;112.15;113.37;115.74;116.66;111.36;112.30;111.68;108.38;109.89;111.60;111.31;108.97;104.35;108.02;110.08;109.01;109.24;110.42;110.20;111.53;114.01;115.22;114.18;114.43;114.51;113.25;114.16;113.56;112.57;111.55;115.11;113.08;107.15;106.98;108.21;105.86;105.02;107.21;107.84;108.08;107.34;105.79;107.23;105.75,HALAL,"Business activity permissible — debt ratio not verified, cross-check Musaffa/Zoya",
ES,UTILITY,UTILITY-DIVERSIFIED,34,70.83999633789062,-0.03247268639156098,73.27;74.53;73.08;73.00;72.98;73.07;72.24;71.59;68.80;66.86;66.25;66.80;68.47;68.66;68.67;69.74;67.87;67.96;68.44;66.04;67.96;67.91;67.91;70.24;68.09;66.25;66.45;67.45;66.38;68.81;69.63;69.70;69.09;66.61;68.18;70.60;69.41;68.43;69.26;69.05;70.12;71.71;73.48;72.27;74.44;74.75;73.93;74.86;73.79;74.62;73.05;74.62;74.69;74.76;71.59;72.70;72.06;71.17;71.55;72.36;72.22;72.15;71.25;71.67;70.84,HALAL,"Business activity permissible — debt ratio not verified, cross-check Musaffa/Zoya",
PEG,UTILITY,UTILITY-DIVERSIFIED,14,73.19000244140625,-0.13776408961027997,84.55;84.65;82.57;82.53;82.65;81.60;83.01;84.01;82.07;79.13;80.37;80.01;80.25;81.11;80.91;83.21;80.56;80.24;80.88;77.88;79.47;79.52;78.90;79.46;79.04;77.16;77.01;76.55;75.78;76.66;77.80;79.38;78.47;76.01;77.08;78.80;78.59;78.78;80.15;79.40;80.61;81.95;83.58;81.16;81.62;81.79;80.17;80.89;79.88;78.64;77.43;79.77;79.21;77.75;76.68;76.27;75.04;74.56;75.87;76.04;75.60;74.62;73.53;74.03;73.19,HALAL,"Business activity permissible — debt ratio not verified, cross-check Musaffa/Zoya",
DTE,UTILITY,UTILITY-DIVERSIFIED,24,135.86000061035156,-0.05371152473914076,143.74;145.92;145.80;146.32;146.63;144.23;147.23;148.16;145.98;141.17;142.32;143.33;145.07;146.87;147.10;149.79;146.35;145.59;145.82;142.34;146.24;145.34;145.87;147.62;142.37;140.88;141.31;140.88;138.68;142.02;142.62;143.48;142.25;138.73;140.69;144.62;144.80;144.64;146.87;146.03;146.83;151.10;154.43;152.37;154.06;153.84;149.27;150.64;146.95;148.19;145.03;148.13;147.23;143.52;141.87;141.72;139.97;136.78;138.68;140.84;140.21;138.15;135.66;137.71;135.86,HALAL,"Business activity permissible — debt ratio not verified, cross-check Musaffa/Zoya",
NEE,UTILITY,UTILITY-ELECTRIC POWER,24,81.83999633789062,-0.11756796999037522,93.78;93.09;91.92;90.47;91.34;90.99;92.11;91.86;91.74;89.57;90.50;90.74;92.20;92.47;92.99;93.79;91.63;90.58;91.31;89.94;95.55;94.14;93.49;96.25;95.58;92.64;94.15;94.16;92.68;89.41;89.04;87.01;86.62;83.05;83.97;85.84;84.83;84.84;86.12;85.73;86.08;87.62;88.56;87.77;88.34;88.47;87.10;88.38;89.10;88.80;87.93;89.79;88.83;88.46;86.92;87.20;84.60;84.70;85.78;86.19;86.22;85.03;84.10;84.22;81.84,HALAL,"Business activity permissible — debt ratio not verified, cross-check Musaffa/Zoya",
SRE,UTILITY,UTILITY-ELECTRIC POWER,21,84.30999755859375,-0.08649032082387054,93.18;94.93;94.03;92.63;92.20;91.49;93.78;94.60;94.57;92.80;94.64;95.20;96.48;98.50;97.76;99.04;95.55;94.79;93.35;92.49;93.24;91.80;91.98;94.00;93.70;90.92;92.17;91.03;89.79;90.66;90.90;90.90;89.39;86.51;88.89;90.77;90.23;90.89;91.28;89.61;90.97;92.07;94.27;92.71;93.06;94.59;94.62;94.41;92.78;92.25;90.59;93.44;91.25;88.82;88.55;86.65;84.35;84.31;85.92;86.41;87.18;87.38;84.57;85.28;84.31,HALAL,"Business activity permissible — debt ratio not verified, cross-check Musaffa/Zoya",
PCG,UTILITY,UTILITY-ELECTRIC POWER,31,16.600000381469727,-0.09653447257105396,18.54;18.89;18.81;18.03;18.07;18.04;18.04;18.25;18.09;17.29;17.34;17.07;17.52;17.72;17.57;18.58;17.69;17.34;17.21;16.93;16.78;16.34;16.32;16.40;16.28;16.14;16.16;16.55;16.08;16.36;16.39;16.37;16.24;16.10;16.80;17.06;16.53;16.74;16.53;16.39;16.58;17.07;17.33;16.82;17.05;17.18;17.18;17.37;17.51;17.32;17.49;17.54;17.60;17.71;17.38;17.45;17.00;17.04;17.38;17.84;17.82;17.96;18.11;18.22;16.60,HALAL,"Business activity permissible — debt ratio not verified, cross-check Musaffa/Zoya",
AEE,UTILITY,UTILITY-ELECTRIC POWER,29,106.12000274658203,-0.03208018724646178,109.91;111.73;110.46;109.88;109.64;108.58;111.26;111.44;108.79;106.15;107.05;107.96;109.15;110.90;110.55;113.52;111.00;109.96;111.92;109.19;111.27;111.13;110.51;112.77;110.86;108.01;109.22;108.33;105.62;108.24;109.07;110.25;108.17;104.35;105.49;108.51;107.99;108.25;109.57;108.92;109.70;113.32;118.32;113.04;115.02;114.43;111.77;113.43;111.38;111.55;109.94;113.27;112.11;109.97;109.61;109.44;108.27;107.00;108.82;109.74;109.67;108.79;107.16;107.75;106.12,HALAL,"Business activity permissible — debt ratio not verified, cross-check Musaffa/Zoya",
CMS,UTILITY,UTILITY-ELECTRIC POWER,17,68.20999908447266,-0.09181500756835981,75.39;76.85;76.58;75.99;76.03;74.65;76.61;77.06;76.24;73.45;74.26;75.02;76.37;77.35;77.36;78.69;77.22;76.27;76.53;74.40;75.42;74.86;73.56;74.84;73.76;72.80;72.60;72.23;71.07;72.72;73.05;73.61;72.58;70.01;69.66;71.46;72.05;72.27;73.06;72.72;73.21;75.88;78.18;75.89;77.11;76.40;74.40;75.14;73.43;73.06;71.92;73.56;73.68;73.76;71.41;71.16;70.63;69.06;70.02;71.11;71.06;69.83;68.42;69.23;68.21,HALAL,"Business activity permissible — debt ratio not verified, cross-check Musaffa/Zoya",
PPL,UTILITY,UTILITY-ELECTRIC POWER,21,34.20000076293945,-0.06781467392632312,37.69;38.38;37.66;37.38;37.72;37.34;38.20;38.12;37.35;36.61;36.86;37.35;37.90;38.33;38.55;39.49;39.19;39.05;38.71;37.91;38.23;38.43;38.35;37.30;37.05;36.48;35.95;35.47;34.60;34.97;35.88;35.83;35.05;34.24;34.74;35.46;35.47;35.46;36.17;35.33;35.59;36.92;37.02;36.35;36.89;36.39;35.66;36.07;35.71;35.85;35.41;36.24;36.01;35.70;35.21;35.18;34.62;34.99;35.46;36.02;35.62;35.20;35.04;35.02;34.20,HALAL,"Business activity permissible — debt ratio not verified, cross-check Musaffa/Zoya",
EIX,UTILITY,UTILITY-ELECTRIC POWER,51,70.16999816894531,-0.03736982261619215,73.43;72.98;72.12;69.54;69.07;69.85;70.04;71.20;70.20;69.01;69.52;68.65;71.46;71.73;71.76;74.93;71.54;70.51;69.92;68.91;69.51;67.77;67.14;69.06;68.06;67.77;69.75;69.79;68.35;69.85;69.50;70.40;69.46;68.28;70.03;72.47;70.42;71.49;71.29;70.07;71.35;73.35;74.78;73.58;74.77;75.74;74.64;75.97;76.68;77.63;78.17;79.64;78.64;78.63;73.37;70.69;67.23;67.83;69.40;71.41;73.69;74.66;73.97;74.51;70.17,HALAL,"Business activity permissible — debt ratio not verified, cross-check Musaffa/Zoya",
FE,UTILITY,UTILITY-ELECTRIC POWER,30,45.880001068115234,-0.07191254508033285,49.63;50.14;49.56;49.32;49.94;49.64;50.14;50.19;48.70;47.80;48.53;49.03;49.65;50.29;49.98;50.88;50.03;49.54;49.10;47.54;48.63;48.45;47.96;45.99;44.97;44.73;44.16;43.69;43.39;44.63;45.05;46.18;45.74;44.93;45.09;45.96;45.46;46.21;46.88;45.69;46.30;47.35;47.99;47.07;48.05;47.91;47.16;47.95;48.16;48.05;47.91;49.00;48.84;48.65;47.84;47.81;46.90;46.76;47.01;47.41;47.26;47.18;46.57;46.73;45.88,HALAL,"Business activity permissible — debt ratio not verified, cross-check Musaffa/Zoya",
CNP,UTILITY,UTILITY-ELECTRIC POWER,23,39.2400016784668,-0.07459490202421692,42.70;43.01;42.90;42.91;42.99;42.46;43.51;43.16;42.76;41.29;41.59;41.90;42.67;43.21;43.10;43.63;42.24;42.00;42.51;41.77;42.69;42.40;42.33;42.86;43.04;41.76;41.79;41.68;41.06;42.02;42.22;42.67;41.97;41.04;41.29;42.44;42.14;42.30;42.81;42.38;42.86;43.60;44.77;43.78;44.34;44.22;43.06;43.87;42.47;42.87;42.47;43.97;43.75;42.67;41.79;41.33;40.43;39.79;40.29;40.59;40.30;40.20;39.10;39.59;39.24,HALAL,"Business activity permissible — debt ratio not verified, cross-check Musaffa/Zoya",
EVRG,UTILITY,UTILITY-ELECTRIC POWER,36,80.6500015258789,0.007138220017198771,80.75;81.59;82.32;80.85;81.07;79.68;81.26;81.44;79.72;78.10;78.66;79.51;80.57;81.47;81.47;83.02;81.09;80.19;81.01;79.02;80.54;80.24;79.99;81.25;80.26;81.36;82.05;81.10;79.17;81.60;82.27;83.41;82.16;79.72;80.40;82.58;81.59;82.12;82.75;82.16;82.56;85.11;86.49;85.71;87.40;86.40;84.57;85.73;84.71;84.88;84.22;85.93;85.13;83.30;82.32;83.15;82.33;81.41;82.63;83.33;83.42;83.16;81.39;82.23;80.65,HALAL,"Business activity permissible — debt ratio not verified, cross-check Musaffa/Zoya",
LNT,UTILITY,UTILITY-ELECTRIC POWER,27,68.02999877929688,-0.03962627741754543,70.20;71.26;71.15;70.28;70.54;69.75;71.70;71.55;70.26;68.14;68.73;69.47;70.69;71.76;71.57;72.62;71.43;71.10;71.74;70.08;71.55;71.34;70.93;73.50;72.52;71.15;71.92;71.75;70.36;72.45;72.73;73.12;71.63;69.04;70.26;72.32;71.82;72.07;72.99;72.27;72.66;75.02;76.67;75.71;77.44;77.06;75.13;76.05;73.99;74.26;72.56;73.86;73.37;71.46;70.78;70.66;69.52;68.21;70.24;70.60;69.98;69.46;68.42;68.92;68.03,HALAL,"Business activity permissible — debt ratio not verified, cross-check Musaffa/Zoya",
PNW,UTILITY,UTILITY-ELECTRIC POWER,35,97.63999938964844,-0.001993537768432363,98.02;98.52;100.19;99.98;99.49;98.83;101.09;100.78;98.30;95.84;95.97;97.92;98.96;100.88;100.47;102.60;100.81;100.98;102.20;99.19;101.62;100.59;99.87;101.71;100.39;98.63;98.81;98.19;97.51;100.59;100.92;101.90;99.94;96.60;98.49;102.13;101.73;101.48;102.34;101.46;101.51;104.42;107.11;106.04;108.38;107.63;105.79;107.65;106.11;106.76;104.70;104.48;104.43;101.36;100.08;101.45;100.82;99.23;100.40;101.48;100.15;99.38;97.71;98.69;97.64,HALAL,"Business activity permissible — debt ratio not verified, cross-check Musaffa/Zoya",
OGE,UTILITY,UTILITY-ELECTRIC POWER,28,45.7400016784668,-0.03298833034154747,47.58;48.29;47.98;47.43;47.10;46.27;47.52;47.37;46.55;45.85;46.54;46.72;47.13;47.92;48.59;49.43;48.18;48.13;47.75;46.10;47.12;47.18;46.93;47.77;47.43;46.92;46.99;46.93;45.87;47.64;47.69;47.99;46.97;45.27;46.00;47.39;46.99;46.91;47.52;46.93;47.28;48.18;49.15;48.24;49.01;49.04;48.29;48.99;48.75;48.70;48.33;49.61;49.28;47.79;47.35;47.38;46.79;46.18;46.90;47.50;47.06;46.73;45.96;46.55;45.74,HALAL,"Business activity permissible — debt ratio not verified, cross-check Musaffa/Zoya",
IDA,UTILITY,UTILITY-ELECTRIC POWER,31,135.77999877929688,-0.04192056076829154,140.68;142.23;141.96;140.36;140.87;138.88;140.67;140.57;138.03;135.00;136.89;138.76;141.25;142.53;143.26;146.61;143.10;144.74;146.18;142.76;147.03;143.99;142.51;145.32;144.14;142.30;144.52;141.43;139.11;141.09;140.74;141.78;139.73;134.19;135.85;140.48;139.45;140.70;142.07;141.09;141.85;146.37;151.95;150.38;153.61;150.72;147.10;150.05;148.41;147.82;144.91;148.45;147.12;143.52;142.04;143.69;140.91;139.69;141.95;142.61;142.03;140.11;138.23;138.13;135.78,HALAL,"Business activity permissible — debt ratio not verified, cross-check Musaffa/Zoya",
POR,UTILITY,UTILITY-ELECTRIC POWER,36,49.599998474121094,-0.0558789233236574,52.37;52.84;52.73;52.33;51.81;51.03;52.49;52.39;51.17;50.35;50.71;51.16;52.21;53.10;52.98;53.65;52.34;51.93;51.86;50.03;50.89;50.88;50.51;49.20;48.60;48.11;47.85;47.70;46.78;48.77;49.05;49.31;50.13;47.96;48.40;50.00;49.71;49.52;49.93;49.27;49.66;51.53;52.53;51.83;52.72;52.58;52.19;53.05;52.16;52.43;52.25;52.39;51.23;50.30;49.33;50.05;48.54;48.11;48.80;50.76;50.55;50.17;49.70;50.19;49.60,HALAL,"Business activity permissible — debt ratio not verified, cross-check Musaffa/Zoya",
AVA,UTILITY,UTILITY-ELECTRIC POWER,21,37.65999984741211,-0.08514228916283417,39.62;39.63;39.09;38.96;38.70;37.98;38.90;38.80;38.57;37.84;38.40;38.96;39.16;40.33;40.44;41.06;40.28;40.40;40.73;39.37;40.24;40.05;39.53;39.72;39.93;39.98;39.69;39.79;39.42;40.40;40.40;40.98;40.76;39.99;40.56;41.88;41.53;41.48;40.46;38.90;39.21;40.61;41.24;40.39;40.88;40.72;40.63;41.55;40.94;41.27;41.04;41.65;41.03;40.96;39.94;38.71;37.93;37.73;38.04;38.66;38.43;38.23;37.93;38.15;37.66,HALAL,"Business activity permissible — debt ratio not verified, cross-check Musaffa/Zoya",
PNM,UTILITY,UTILITY-ELECTRIC POWER,,,,,HALAL,"Business activity permissible — debt ratio not verified, cross-check Musaffa/Zoya",
ALE,UTILITY,UTILITY-ELECTRIC POWER,,,,,HALAL,"Business activity permissible — debt ratio not verified, cross-check Musaffa/Zoya",
BKH,UTILITY,UTILITY-ELECTRIC POWER,42,72.80000305175781,0.009745236747284336,72.04;72.27;72.90;72.89;71.18;68.81;71.10;70.24;69.59;66.95;67.55;67.41;68.10;69.50;71.62;72.62;70.81;75.12;74.64;72.13;73.26;73.80;72.91;74.08;72.45;73.80;72.06;72.66;72.15;72.60;73.46;74.05;72.40;69.75;70.79;72.09;67.14;71.10;73.10;71.36;72.23;73.85;75.32;73.70;73.09;72.56;72.59;75.08;73.51;73.90;73.60;74.39;73.95;72.25;70.54;71.56;72.06;73.00;72.47;73.59;73.15;73.29;72.03;73.78;72.80,HALAL,"Business activity permissible — debt ratio not verified, cross-check Musaffa/Zoya",
ATO,UTILITY,UTILITY-GAS DISTRIBUTION,24,166.64999389648438,-0.07218230859084629,179.95;184.63;183.85;183.23;183.09;182.17;186.40;184.81;182.76;178.93;179.45;181.07;182.58;186.78;186.51;190.06;185.58;184.10;184.38;180.81;185.63;183.47;183.56;186.36;185.08;179.75;180.02;177.87;174.44;175.67;175.40;176.65;171.99;166.15;167.29;169.22;166.62;167.22;168.58;168.62;168.57;171.56;174.12;171.24;175.81;176.52;173.67;178.42;173.93;176.62;174.00;176.97;177.15;176.61;171.74;171.62;170.95;166.91;168.57;168.90;169.49;169.50;167.82;169.46;166.65,HALAL,"Business activity permissible — debt ratio not verified, cross-check Musaffa/Zoya",
NJR,UTILITY,UTILITY-GAS DISTRIBUTION,41,53.599998474121094,0.021815313385553203,52.49;53.30;54.29;53.53;53.79;53.44;54.58;53.76;53.32;53.51;53.65;54.12;54.45;55.48;56.21;57.06;55.50;55.45;55.20;54.63;56.01;55.30;54.92;55.52;55.51;55.05;55.34;56.70;56.83;57.69;56.69;57.03;55.08;53.20;53.37;54.93;54.47;54.48;54.56;55.28;54.81;56.56;57.61;56.04;57.49;57.47;57.88;59.21;57.91;58.60;58.40;59.41;59.52;59.45;57.89;57.39;54.47;53.68;55.36;55.60;55.52;54.84;53.74;54.49;53.60,HALAL,"Business activity permissible — debt ratio not verified, cross-check Musaffa/Zoya",
OGS,UTILITY,UTILITY-GAS DISTRIBUTION,29,79.47000122070312,-0.06263663312404932,84.35;85.99;85.81;85.31;85.70;84.71;86.04;85.45;84.72;83.66;83.81;83.54;84.70;87.43;87.96;89.14;86.97;87.14;87.48;85.60;87.29;86.25;86.16;87.44;85.25;83.92;83.55;82.56;81.00;82.40;81.66;81.05;78.44;75.38;76.16;77.74;75.36;75.45;76.73;75.41;75.79;77.41;78.97;76.42;76.67;77.19;78.17;79.71;77.39;79.07;77.95;79.31;79.30;79.14;77.00;76.68;78.95;78.21;79.71;80.30;81.05;81.39;80.35;81.10;79.47,HALAL,"Business activity permissible — debt ratio not verified, cross-check Musaffa/Zoya",
SR,UTILITY,UTILITY-GAS DISTRIBUTION,29,82.55999755859375,-0.07269630504580948,89.01;89.85;89.93;89.26;90.10;89.04;91.81;90.93;90.63;89.49;89.31;89.75;89.61;91.70;92.78;94.21;91.44;91.10;91.36;88.53;90.37;89.48;88.81;89.48;88.89;84.64;84.88;84.68;84.55;86.09;85.90;85.35;82.79;79.89;80.27;81.53;79.43;77.84;78.74;77.27;75.94;79.48;80.86;78.09;79.68;81.04;80.58;82.42;80.14;81.41;80.59;82.50;82.44;81.01;79.86;79.56;80.84;81.04;82.71;82.84;83.13;83.30;82.37;83.66;82.56,HALAL,"Business activity permissible — debt ratio not verified, cross-check Musaffa/Zoya",
SWX,UTILITY,UTILITY-GAS DISTRIBUTION,45,89.0999984741211,0.025485051127983827,85.84;86.93;87.64;86.47;86.47;85.65;86.77;86.14;85.00;84.62;84.61;85.49;85.67;87.98;87.72;90.97;90.10;89.75;89.71;87.46;89.23;89.06;90.60;91.88;92.35;89.48;87.87;87.47;87.09;88.42;88.27;88.58;86.13;83.90;85.13;88.10;87.41;87.41;87.80;86.49;87.93;88.15;90.30;88.06;89.18;90.46;90.53;91.18;90.61;91.42;91.58;92.36;91.37;91.16;88.78;88.43;91.76;89.93;91.53;91.95;91.71;91.30;89.57;90.61;89.10,HALAL,"Business activity permissible — debt ratio not verified, cross-check Musaffa/Zoya",
CPK,UTILITY,UTILITY-GAS DISTRIBUTION,38,132.7100067138672,-0.006382842845315317,132.74;134.45;135.63;130.87;130.54;127.15;129.19;128.02;126.69;125.86;122.71;123.40;125.62;128.69;129.14;131.94;128.09;127.28;125.78;123.70;127.15;126.29;124.39;126.18;125.10;126.47;124.81;125.65;124.03;126.96;126.26;126.34;122.33;119.90;119.90;123.04;122.31;121.58;121.96;120.03;118.97;122.04;125.90;122.48;125.00;124.33;127.91;133.91;130.44;133.29;131.92;134.61;135.61;136.78;132.78;133.09;133.50;132.36;134.73;135.10;136.56;137.58;135.25;134.18;132.71,HALAL,"Business activity permissible — debt ratio not verified, cross-check Musaffa/Zoya",
NWN,UTILITY,UTILITY-GAS DISTRIBUTION,43,49.5,0.006401163244321273,49.04;52.03;51.50;51.07;51.29;50.54;51.56;51.40;52.05;51.16;51.47;51.82;52.21;53.62;53.99;54.74;53.54;53.35;53.01;51.22;52.49;52.55;52.11;52.34;52.18;49.70;49.96;49.22;47.94;49.71;49.33;49.40;48.67;47.37;47.76;49.29;49.18;48.79;49.15;48.39;48.22;50.03;50.33;48.58;49.24;49.32;49.14;50.74;49.85;50.70;50.09;50.82;50.87;50.67;48.92;48.71;50.77;49.57;50.34;50.86;51.02;50.59;50.22;50.39;49.50,HALAL,"Business activity permissible — debt ratio not verified, cross-check Musaffa/Zoya",
SJI,UTILITY,UTILITY-GAS DISTRIBUTION,,,,,HALAL,"Business activity permissible — debt ratio not verified, cross-check Musaffa/Zoya",
NFG,UTILITY,UTILITY-GAS DISTRIBUTION,34,82.97000122070312,-0.04060428540702832,87.36;89.88;91.74;91.62;91.71;91.24;95.08;92.27;92.29;91.88;93.21;94.08;93.30;93.77;95.30;94.36;90.60;88.86;86.89;85.65;88.52;88.22;87.45;82.39;81.46;79.65;78.88;80.09;80.66;84.00;80.70;79.28;77.57;76.40;76.90;76.87;76.27;76.26;76.30;75.40;75.58;76.09;77.90;77.21;79.34;80.04;79.02;80.91;79.99;80.94;80.88;82.06;80.74;80.94;82.31;81.59;80.63;81.82;81.72;81.92;83.37;83.94;82.46;83.52;82.97,HALAL,"Business activity permissible — debt ratio not verified, cross-check Musaffa/Zoya",
UGI,UTILITY,UTILITY-GAS DISTRIBUTION,,,,,HALAL,"Business activity permissible — debt ratio not verified, cross-check Musaffa/Zoya",
AWK,UTILITY,UTILITY-WATER SUPPLY,44,138.3000030517578,0.054888696772727785,132.39;134.17;133.95;132.79;135.85;132.50;137.78;136.34;135.23;133.88;132.75;134.99;134.23;136.25;133.52;137.35;132.57;128.53;129.81;130.25;133.13;130.16;130.17;125.64;124.33;124.48;124.29;126.53;123.47;123.34;123.06;123.03;121.54;120.33;122.99;123.65;124.70;123.63;126.03;124.58;124.09;128.78;131.80;130.71;135.96;133.93;129.69;130.66;128.36;134.22;130.66;133.52;133.67;137.18;133.28;133.12;133.93;134.55;134.92;136.20;136.27;137.21;139.91;137.49;138.30,HALAL,"Business activity permissible — debt ratio not verified, cross-check Musaffa/Zoya",
AWR,UTILITY,UTILITY-WATER SUPPLY,69,89.87999725341797,0.2386526463209735,73.28;73.58;75.42;74.50;74.71;72.01;74.65;73.26;71.90;72.63;72.46;74.14;74.66;76.60;75.91;78.25;74.48;74.32;74.95;76.84;79.77;78.31;76.88;74.25;75.23;75.86;76.17;76.54;74.75;75.05;75.82;75.74;75.91;75.93;75.80;77.89;78.69;76.41;77.12;76.42;77.18;79.38;82.06;82.12;84.24;82.67;83.35;84.53;84.11;88.73;86.07;86.64;85.56;87.32;85.11;84.88;85.14;86.04;87.41;88.42;88.91;89.31;91.10;89.83;89.88,HALAL,"Business activity permissible — debt ratio not verified, cross-check Musaffa/Zoya",
WTRG,UTILITY,UTILITY-WATER SUPPLY,47,41.099998474121094,0.0656453700817059,39.18;39.25;39.38;38.86;40.11;39.04;40.90;40.08;39.74;39.28;38.93;39.61;39.54;40.34;39.74;40.32;38.87;37.88;38.29;38.49;39.60;38.70;38.77;37.34;36.81;37.02;36.89;37.56;36.67;36.77;36.65;36.81;36.36;35.92;36.66;37.02;37.18;36.80;37.22;36.61;36.35;37.44;38.30;37.96;39.02;38.73;38.18;38.24;37.59;39.33;38.57;39.23;39.18;40.33;39.49;39.20;39.52;39.42;39.86;40.38;40.35;40.41;41.34;40.76;41.10,HALAL,"Business activity permissible — debt ratio not verified, cross-check Musaffa/Zoya",
CWT,UTILITY,UTILITY-WATER SUPPLY,55,50.47999954223633,0.10345964234243787,45.97;44.44;46.28;45.13;45.03;43.43;44.55;43.71;43.61;43.82;43.31;44.37;44.69;45.59;45.06;46.41;44.47;44.04;44.32;45.54;46.84;45.77;44.73;41.75;42.43;43.00;42.60;43.02;42.19;42.63;42.92;43.21;43.53;43.57;44.45;45.52;46.08;45.05;45.07;44.70;44.90;46.99;48.75;48.33;49.90;49.36;48.78;49.67;49.40;51.54;50.28;50.62;50.45;51.39;49.78;49.97;49.10;49.48;49.98;50.40;49.86;50.02;50.85;50.26;50.48,HALAL,"Business activity permissible — debt ratio not verified, cross-check Musaffa/Zoya",
SJW,UTILITY,UTILITY-WATER SUPPLY,,,,,HALAL,"Business activity permissible — debt ratio not verified, cross-check Musaffa/Zoya",
MSEX,UTILITY,UTILITY-WATER SUPPLY,54,58.4900016784668,0.08141693746518475,53.90;53.30;54.74;53.06;53.34;50.72;51.72;50.64;50.34;50.26;50.44;51.13;51.37;53.10;52.46;54.75;51.27;49.93;50.64;52.16;53.62;52.49;51.31;50.27;50.27;50.74;51.16;51.35;49.96;50.66;51.43;51.76;51.86;51.46;51.61;53.04;53.52;52.14;52.39;51.52;51.46;53.69;55.14;55.82;57.20;55.48;54.20;55.08;54.42;57.09;55.67;55.96;55.83;56.90;56.95;57.28;57.02;57.39;57.91;58.37;58.82;58.76;59.47;58.51;58.49,HALAL,"Business activity permissible — debt ratio not verified, cross-check Musaffa/Zoya",
YORW,UTILITY,UTILITY-WATER SUPPLY,52,34.119998931884766,0.047304958858838564,32.89;32.64;33.00;32.36;32.25;30.84;31.24;30.92;30.02;30.14;29.95;30.01;30.22;31.06;31.23;32.08;31.16;30.61;29.86;29.63;29.96;29.52;28.88;28.93;28.89;28.96;29.34;29.33;28.86;29.05;29.58;29.71;29.57;29.31;29.14;30.06;30.04;29.47;29.62;29.34;29.28;30.20;30.53;30.65;31.42;30.51;30.29;30.97;30.35;31.45;30.66;31.06;30.94;31.55;30.97;30.99;31.61;31.91;32.54;33.31;33.36;34.20;34.58;34.19;34.12,HALAL,"Business activity permissible — debt ratio not verified, cross-check Musaffa/Zoya",
ARTNA,UTILITY,UTILITY-WATER SUPPLY,52,35.630001068115234,0.06647363203575596,34.11;33.24;33.17;33.09;33.16;31.59;32.10;31.05;31.01;30.86;31.09;31.46;31.25;31.58;31.27;32.10;31.78;31.51;31.84;31.36;31.54;31.07;30.82;30.61;30.82;31.08;31.55;31.76;31.06;31.57;32.04;32.19;32.29;32.08;31.77;32.67;32.69;32.34;32.22;31.97;31.85;32.72;33.32;33.69;34.08;33.82;33.62;34.17;33.38;33.68;32.99;33.62;34.11;34.56;34.04;33.68;34.09;34.28;34.77;35.46;35.21;35.65;35.89;35.43;35.63,HALAL,"Business activity permissible — debt ratio not verified, cross-check Musaffa/Zoya",
GWRS,UTILITY,UTILITY-WATER SUPPLY,53,9.130000114440918,0.04896446318182002,8.90;8.98;8.82;7.67;7.64;7.35;7.21;7.41;7.58;7.31;7.25;7.25;7.46;7.71;7.50;7.64;7.51;7.59;7.62;7.19;7.31;7.35;7.10;7.01;6.94;7.06;6.87;6.57;6.63;6.73;6.92;7.65;7.33;7.31;7.03;7.17;6.96;6.92;6.68;6.81;6.86;7.06;7.21;7.19;7.15;6.99;6.81;7.07;7.14;7.05;7.07;7.13;7.33;7.46;7.14;7.31;7.44;7.35;7.59;8.58;8.77;8.87;9.36;9.28;9.13,HALAL,"Business activity permissible — debt ratio not verified, cross-check Musaffa/Zoya",
