ticker,sector,group,rs_rating,last_close,six_month_change,history,shariah_status,shariah_reason,debt_to_market_cap
BA,AEROSPACE,AEROSPACE-DEFENSE,,,,249.00;251.41;248.43;241.59;233.72;233.15;236.95;244.71;236.26;242.96;238.93;232.03;233.39;229.41;229.74;227.31;231.11;217.76;204.76;213.47;205.99;195.12;196.42;194.36;189.21;207.32;212.30;217.80;217.63;223.77;218.88;225.08;231.28;232.44;230.72;229.03;221.30;229.93;237.36;236.87;229.21;220.61;222.20;219.02;224.30;231.15;217.70;217.42;215.92;209.00;219.05;227.49;222.72;216.71;218.12;214.69;218.58;234.54;224.95;222.28;217.11;214.34;209.48;208.65;,QUESTIONABLE,"Boeing — commercial + defense, debt ratio borderline",
LMT,AEROSPACE,AEROSPACE-DEFENSE,,,,569.31;586.95;574.85;590.27;626.79;620.90;602.05;630.81;621.34;644.94;642.20;650.55;656.65;634.11;672.30;660.16;667.40;646.98;648.58;641.00;638.10;623.35;606.20;623.25;594.68;613.62;633.75;624.41;609.73;607.60;603.54;577.50;551.82;510.11;508.96;514.60;514.78;510.92;503.22;517.61;517.03;524.87;519.19;529.77;527.69;527.00;513.43;519.05;520.07;525.02;540.33;535.95;510.95;503.67;505.02;502.07;521.82;538.00;527.96;523.22;514.99;513.52;509.54;514.36;,QUESTIONABLE,"Defense — scholar-disputed, financials typically pass AAOIFI",
RTX,AEROSPACE,AEROSPACE-DEFENSE,,,,194.90;194.88;192.68;197.98;199.43;201.98;194.51;194.73;195.05;198.57;203.29;204.07;197.64;196.81;211.28;207.95;208.89;206.14;202.20;205.21;203.71;197.34;193.20;192.05;186.37;193.91;197.59;202.64;200.72;201.97;195.04;194.98;180.16;173.54;174.95;175.34;172.18;176.01;175.36;178.15;174.95;175.22;174.12;177.01;176.59;179.66;174.26;179.41;178.66;177.41;183.53;186.77;185.60;186.39;186.59;187.33;191.78;201.37;194.91;195.93;193.39;194.36;194.44;194.88;,QUESTIONABLE,Defense — scholar-disputed,
NOC,AEROSPACE,AEROSPACE-DEFENSE,,,,652.33;665.37;655.97;683.92;687.03;699.65;691.23;692.74;673.70;697.26;719.35;718.09;724.54;707.78;764.65;750.54;752.82;731.76;733.07;732.74;721.66;703.85;679.17;688.96;668.65;693.95;692.74;684.46;670.78;677.15;669.82;654.10;587.04;572.59;575.29;576.94;564.52;557.15;547.11;555.85;546.25;547.59;549.75;553.15;548.92;561.21;536.59;545.17;540.81;542.14;550.33;551.21;521.50;513.22;499.33;496.02;519.95;547.75;545.11;539.63;528.67;518.65;523.96;525.28;,QUESTIONABLE,Defense — scholar-disputed,
GD,AEROSPACE,AEROSPACE-DEFENSE,,,,355.94;362.54;360.27;353.48;347.94;352.12;348.89;356.86;343.23;344.52;346.35;348.26;348.02;347.57;361.50;362.83;360.22;352.40;352.04;351.18;350.19;342.67;343.12;352.09;337.73;347.38;348.23;346.88;333.68;338.39;333.45;330.68;319.33;311.84;312.31;342.79;347.55;345.75;345.01;344.94;339.13;341.61;338.26;341.39;341.19;345.30;336.13;340.00;339.37;339.58;358.64;362.51;348.48;348.80;343.19;346.54;361.27;376.88;374.31;375.06;369.50;368.82;370.60;373.16;,QUESTIONABLE,Defense — scholar-disputed,
TXT,AEROSPACE,AEROSPACE-DEFENSE,,,,93.12;95.99;94.60;86.75;88.02;88.59;92.81;95.43;97.24;98.05;100.21;100.73;98.95;98.59;100.64;99.27;94.92;92.47;91.50;91.84;89.08;88.75;90.56;88.87;85.93;88.89;88.52;91.35;91.37;92.63;90.25;91.48;89.44;87.94;88.12;95.94;90.92;93.07;90.99;90.80;91.52;90.57;89.50;91.81;92.30;91.74;91.35;91.07;91.41;91.31;92.82;93.74;89.47;86.40;89.06;90.15;91.93;93.84;89.83;90.91;89.50;90.64;90.79;91.71;,QUESTIONABLE,Group classification: AEROSPACE-DEFENSE,
TDG,AEROSPACE,AEROSPACE-DEFENSE,,,,1448.55;1420.52;1435.96;1412.13;1427.54;1301.93;1263.26;1300.10;1326.19;1286.67;1315.33;1338.98;1293.87;1314.26;1316.26;1315.12;1294.53;1268.31;1225.95;1247.82;1199.94;1177.39;1162.78;1151.94;1132.88;1173.27;1189.64;1219.88;1207.18;1296.58;1228.23;1274.62;1187.75;1148.18;1154.06;1159.98;1149.72;1233.37;1215.08;1191.19;1178.82;1182.35;1198.09;1213.51;1240.91;1258.32;1246.98;1228.09;1206.28;1212.36;1256.05;1301.20;1328.31;1297.68;1332.56;1323.44;1309.18;1346.12;1296.43;1291.35;1215.34;1231.11;1204.73;1194.70;,QUESTIONABLE,Group classification: AEROSPACE-DEFENSE,
HEI,AEROSPACE,AEROSPACE-DEFENSE,,,,344.39;339.32;336.03;330.99;330.79;334.20;322.18;322.37;322.28;332.40;342.10;351.53;350.51;312.87;329.13;319.93;303.62;306.29;289.89;291.36;288.22;275.06;280.59;272.54;264.92;275.38;276.67;293.23;289.06;299.88;284.56;292.08;268.47;263.94;263.78;269.82;269.42;296.27;292.41;287.57;297.04;293.46;301.38;300.93;309.29;348.05;332.02;332.85;323.38;320.76;331.49;335.41;336.98;334.05;342.33;350.31;359.70;365.31;347.78;350.92;345.61;344.03;340.44;335.24;,QUESTIONABLE,Group classification: AEROSPACE-DEFENSE,
LHX,AEROSPACE,AEROSPACE-DEFENSE,,,,339.77;353.08;351.55;357.60;340.28;348.94;339.66;347.97;337.74;342.91;349.48;353.47;351.62;352.50;375.64;365.99;365.13;360.26;356.44;364.73;366.89;351.43;350.00;347.93;338.56;352.48;357.28;360.51;352.16;354.13;351.98;347.16;330.32;316.23;323.57;319.26;307.37;300.98;298.43;308.22;306.38;309.90;307.90;310.72;307.80;313.91;306.88;308.53;302.10;303.00;307.79;310.45;294.82;293.77;288.52;289.38;292.23;301.27;293.44;290.77;290.01;284.43;280.55;285.16;,QUESTIONABLE,L3Harris — defense,
HII,AEROSPACE,AEROSPACE-DEFENSE,,,,412.50;421.00;410.50;422.24;417.40;426.46;366.65;402.82;389.79;415.68;421.74;434.33;444.42;439.72;451.78;435.15;427.26;415.71;412.78;414.80;426.15;406.23;400.35;383.14;367.49;391.63;405.91;409.58;392.71;396.36;394.47;390.50;365.30;357.74;359.85;362.72;361.81;318.17;314.92;332.13;335.50;327.93;320.54;319.25;316.19;308.17;293.66;294.53;292.26;289.13;297.68;298.51;285.43;283.48;279.09;277.39;278.97;294.10;289.47;286.09;280.00;271.05;270.04;277.28;,QUESTIONABLE,Huntington Ingalls — naval defense,
KTOS,AEROSPACE,AEROSPACE-DEFENSE,,,,128.68;113.85;111.32;112.67;103.01;103.37;85.25;98.81;87.78;89.06;97.21;96.08;90.68;92.14;90.72;89.13;87.00;88.96;89.46;89.53;93.04;84.62;77.49;75.86;65.28;67.70;74.09;74.46;70.34;73.66;74.41;69.83;68.61;61.26;61.66;63.05;61.93;61.52;57.89;57.33;54.85;54.22;55.82;56.18;57.30;64.13;63.27;63.40;57.73;54.82;57.75;56.34;54.21;50.80;46.32;46.95;53.04;53.54;50.38;48.19;50.36;46.96;45.94;47.89;,QUESTIONABLE,Group classification: AEROSPACE-DEFENSE,
MRCY,AEROSPACE,AEROSPACE-DEFENSE,,,,97.10;99.48;98.89;100.02;93.88;99.28;79.07;85.37;80.33;82.36;86.66;87.63;88.76;89.58;91.01;89.18;86.42;86.87;81.44;80.71;78.97;77.26;74.49;76.16;69.86;74.75;75.76;80.81;79.60;84.09;84.91;84.12;82.61;77.99;76.53;78.91;78.53;91.66;90.34;92.32;94.55;93.39;94.81;98.55;97.11;111.70;112.87;117.82;110.94;106.81;120.30;112.44;113.91;110.87;105.57;110.22;123.05;123.07;112.41;107.98;100.32;96.00;94.73;98.92;,QUESTIONABLE,Group classification: AEROSPACE-DEFENSE,
AVAV,AEROSPACE,AEROSPACE-DEFENSE,,,,330.89;312.12;302.67;306.94;278.39;285.41;236.88;274.35;243.42;243.87;265.46;264.63;262.25;259.62;208.32;226.48;229.80;221.57;211.88;211.88;215.85;197.72;196.18;195.91;176.97;183.50;189.26;186.94;179.72;194.52;201.99;197.23;210.10;196.28;192.34;195.02;180.26;174.37;168.29;168.86;165.27;161.52;163.87;174.23;181.28;207.24;204.35;204.40;184.68;172.93;170.58;166.71;169.61;149.08;136.68;139.00;172.44;176.84;157.78;144.58;143.47;149.29;142.60;150.35;,QUESTIONABLE,Group classification: AEROSPACE-DEFENSE,
HWM,AEROSPACE,AEROSPACE-DEFENSE EQUIPMENT,,,,220.14;217.48;215.17;210.63;207.87;213.27;209.42;225.05;230.75;250.10;249.24;257.99;260.84;260.20;264.99;259.98;250.02;253.80;243.71;240.62;241.82;231.11;239.40;230.41;222.89;238.93;236.47;249.89;252.56;257.92;247.49;255.51;240.77;242.33;240.32;242.93;239.59;256.32;270.56;269.76;272.37;256.99;261.21;256.55;258.02;258.25;250.72;249.33;246.55;249.49;264.67;277.42;277.66;275.13;273.14;268.57;267.41;277.91;271.58;270.85;276.78;271.19;271.98;280.70;,QUESTIONABLE,Group classification: AEROSPACE-DEFENSE EQUIPMENT,
WWD,AEROSPACE,AEROSPACE-DEFENSE EQUIPMENT,,,,,QUESTIONABLE,Group classification: AEROSPACE-DEFENSE EQUIPMENT,
CW,AEROSPACE,AEROSPACE-DEFENSE EQUIPMENT,,,,649.98;656.97;649.24;664.01;656.24;674.33;618.18;653.37;633.82;683.75;690.39;706.97;711.96;701.51;725.98;712.10;681.22;703.13;679.82;683.37;690.47;670.73;700.33;665.58;631.84;696.75;698.88;728.71;725.46;742.36;719.74;729.76;710.69;717.28;705.83;719.95;718.57;742.64;728.95;735.09;750.58;710.10;726.40;730.99;742.34;747.35;720.87;743.17;721.08;718.77;757.74;764.61;771.93;765.13;767.73;737.39;757.76;792.77;760.57;754.76;752.17;715.64;709.02;732.48;,QUESTIONABLE,Group classification: AEROSPACE-DEFENSE EQUIPMENT,
MOG-A,AEROSPACE,AEROSPACE-DEFENSE EQUIPMENT,,,,285.58;287.92;288.07;285.78;304.78;323.41;325.22;324.47;321.07;324.02;326.72;344.75;349.26;339.89;344.94;340.67;316.50;314.29;306.09;303.85;308.00;291.16;301.97;289.05;283.55;301.36;298.64;312.95;311.73;313.68;313.66;317.80;297.16;312.61;306.01;301.02;306.71;318.25;313.78;307.91;313.64;306.20;316.58;318.94;343.18;359.97;373.33;371.22;372.26;382.13;395.10;401.31;409.15;402.24;416.26;425.85;421.00;424.46;405.92;407.11;391.50;382.48;395.96;402.91;,QUESTIONABLE,Group classification: AEROSPACE-DEFENSE EQUIPMENT,
AIR,AEROSPACE,AEROSPACE-DEFENSE EQUIPMENT,,,,103.67;107.74;104.26;104.06;105.91;109.89;106.87;114.34;113.57;112.98;114.63;116.97;118.26;118.17;119.77;118.61;108.52;108.30;103.78;105.64;108.85;101.33;107.81;110.82;103.16;111.37;114.00;120.78;120.83;125.99;118.51;121.97;111.50;110.54;108.86;110.37;109.56;118.71;117.78;111.51;108.64;103.79;107.51;108.41;112.82;112.62;110.61;115.53;114.72;117.36;129.01;129.96;134.88;132.26;138.51;141.85;142.76;143.61;133.30;135.67;134.46;133.48;135.69;127.60;,QUESTIONABLE,Group classification: AEROSPACE-DEFENSE EQUIPMENT,
TGI,AEROSPACE,AEROSPACE-DEFENSE EQUIPMENT,,,,,QUESTIONABLE,Group classification: AEROSPACE-DEFENSE EQUIPMENT,
ATRO,AEROSPACE,AEROSPACE-DEFENSE EQUIPMENT,,,,59.19;60.62;61.92;61.13;60.45;64.17;58.58;62.03;60.15;61.40;62.48;62.45;63.36;64.01;64.92;63.28;60.65;58.38;54.15;54.83;55.27;50.88;54.16;52.10;49.74;56.44;57.04;58.14;57.85;60.70;59.74;62.00;58.00;58.44;57.12;56.98;57.54;62.40;59.92;62.46;66.01;64.13;67.83;64.53;67.85;69.43;68.32;69.70;67.29;65.71;76.62;75.50;80.56;82.70;87.15;85.66;76.06;71.79;71.17;72.50;72.45;66.04;67.25;70.89;,QUESTIONABLE,Group classification: AEROSPACE-DEFENSE EQUIPMENT,
ADM,AGRICULTURE,AGRICULTURAL OPERATIONS,,,,,HALAL,"Business activity permissible — debt ratio not verified, cross-check Musaffa/Zoya",
BG,AGRICULTURE,AGRICULTURAL OPERATIONS,,,,108.78;111.35;112.56;113.96;112.55;115.52;112.61;117.27;120.61;121.10;121.04;121.22;121.78;118.71;119.89;114.32;115.97;119.03;125.08;122.88;123.29;117.44;123.35;125.01;125.53;127.55;127.70;126.39;123.18;121.60;122.27;121.73;125.02;124.15;125.60;126.31;126.86;125.30;124.19;125.46;122.42;123.90;119.23;120.71;121.18;123.30;129.13;129.42;125.50;128.21;127.17;119.42;112.58;110.86;111.55;109.10;104.89;108.78;115.23;114.32;116.63;115.83;120.49;123.88;,HALAL,"Business activity permissible — debt ratio not verified, cross-check Musaffa/Zoya",
CALM,AGRICULTURE,AGRICULTURAL OPERATIONS,,,,76.42;80.50;81.29;81.03;83.15;84.82;83.89;82.11;82.80;83.06;81.86;83.43;84.49;83.46;87.10;88.09;89.43;86.72;88.73;87.37;83.33;77.99;78.24;78.34;78.30;82.98;78.61;76.72;75.48;75.21;75.96;74.77;76.61;75.89;76.93;77.26;74.75;76.05;76.09;78.88;78.01;77.61;78.26;77.01;76.03;74.72;74.53;74.46;76.34;79.07;78.10;79.03;77.73;79.57;78.24;79.34;80.45;85.19;85.08;88.34;83.14;88.28;88.42;87.86;,HALAL,"Business activity permissible — debt ratio not verified, cross-check Musaffa/Zoya",
FDP,AGRICULTURE,AGRICULTURAL OPERATIONS,,,,;;;;;;;;;;;;;;;;;;;;;;;;;;;;;;;;;;;;;;;;;;;;;;;;;;;;;;;;;;;;;;;;,HALAL,"Business activity permissible — debt ratio not verified, cross-check Musaffa/Zoya",
ANDE,AGRICULTURE,AGRICULTURAL OPERATIONS,,,,59.38;59.91;59.86;60.66;61.64;64.86;65.39;66.96;68.72;68.64;64.27;65.28;64.21;64.83;66.30;64.49;63.68;66.26;70.83;69.72;69.07;66.06;71.12;71.59;71.16;72.48;74.27;74.48;74.30;73.06;70.80;72.86;75.68;75.71;76.37;78.31;79.19;68.03;71.24;70.20;72.02;70.64;70.44;70.64;71.88;70.38;72.58;72.76;73.28;74.02;71.64;69.01;71.01;70.57;70.94;68.58;67.37;67.51;72.05;72.21;74.92;76.20;77.58;80.87;,HALAL,"Business activity permissible — debt ratio not verified, cross-check Musaffa/Zoya",
VITL,AGRICULTURE,AGRICULTURAL OPERATIONS,,,,27.46;30.11;27.50;27.21;28.45;26.72;26.19;26.12;25.80;28.41;27.47;27.17;25.76;22.11;20.12;20.01;19.89;18.06;17.47;16.21;15.16;14.51;13.80;13.01;13.20;13.40;13.11;12.77;13.04;12.75;12.47;12.80;12.50;12.64;12.96;13.65;13.00;12.00;8.94;8.65;8.51;8.28;9.43;10.13;10.19;10.01;9.80;9.83;10.06;10.54;10.60;10.70;10.41;10.68;10.68;11.30;12.31;12.84;12.32;12.95;13.11;13.18;13.76;13.13;,HALAL,"Business activity permissible — debt ratio not verified, cross-check Musaffa/Zoya",
STZ,ALCOHOL_TOBACCO,BEVERAGES-ALCOHOLIC,,,,161.50;158.62;159.44;155.68;155.66;159.56;164.47;162.53;162.12;148.31;155.25;155.37;159.01;154.73;155.52;150.24;145.50;149.10;147.34;150.02;151.08;148.63;151.67;149.41;150.00;150.09;154.22;149.26;165.05;163.41;163.16;158.76;155.84;154.97;154.36;156.58;148.14;152.29;148.21;142.53;140.61;147.58;151.18;149.50;143.72;138.82;136.76;137.78;140.85;142.27;148.51;144.11;141.18;143.38;144.45;139.66;136.88;130.68;130.34;134.06;131.34;135.72;134.36;132.08;,HARAM,Group classification: BEVERAGES-ALCOHOLIC,
TAP,ALCOHOL_TOBACCO,BEVERAGES-ALCOHOLIC,,,,,HARAM,Group classification: BEVERAGES-ALCOHOLIC,
BUD,ALCOHOL_TOBACCO,BEVERAGES-ALCOHOLIC,,,,67.88;68.64;68.38;68.80;70.63;72.45;73.89;74.93;76.13;79.21;77.74;77.37;79.48;78.32;77.56;74.48;72.57;72.08;70.89;71.86;68.91;66.49;67.06;66.95;67.23;69.73;71.47;73.30;74.62;74.48;74.31;73.95;71.10;71.51;73.33;74.44;72.83;80.89;79.89;79.81;80.74;81.32;82.51;83.45;83.96;79.99;80.58;77.92;78.66;81.26;82.91;82.35;80.74;82.99;84.08;83.84;80.25;79.38;79.13;79.61;79.37;81.46;80.83;83.08;,HARAM,Group classification: BEVERAGES-ALCOHOLIC,
DEO,ALCOHOL_TOBACCO,BEVERAGES-ALCOHOLIC,,,,88.04;90.27;88.88;87.86;91.87;92.18;96.13;96.13;99.80;98.18;94.22;99.37;101.12;84.67;85.67;81.44;80.98;80.54;75.98;76.13;74.44;73.13;71.75;73.00;72.72;73.88;74.19;76.32;76.68;79.70;79.24;82.16;79.95;79.29;78.95;80.65;78.51;84.61;84.30;81.11;80.58;83.78;85.12;86.13;86.56;82.46;79.28;78.94;80.24;79.78;81.79;80.54;80.45;82.24;82.61;83.20;78.70;81.67;80.85;82.03;80.94;85.48;84.84;84.33;,HARAM,Group classification: BEVERAGES-ALCOHOLIC,
SAM,ALCOHOL_TOBACCO,BEVERAGES-ALCOHOLIC,,,,217.72;221.39;218.31;213.34;213.62;223.49;238.70;246.71;250.83;247.57;233.71;235.00;227.45;225.58;223.16;232.23;232.20;233.67;229.20;225.18;232.89;223.21;216.58;233.76;229.83;234.85;246.85;250.59;257.21;236.38;244.52;249.90;243.94;236.40;238.21;237.04;207.17;206.36;197.34;181.82;173.18;174.03;183.44;190.10;183.45;177.28;162.44;161.08;170.08;176.85;181.89;180.18;176.11;180.62;180.21;182.40;177.63;179.82;178.28;176.79;168.75;182.50;180.59;173.92;,HARAM,Group classification: BEVERAGES-ALCOHOLIC,
MNST,ALCOHOL_TOBACCO,BEVERAGES-ALCOHOLIC,,,,,HARAM,Group classification: BEVERAGES-ALCOHOLIC,
PM,ALCOHOL_TOBACCO,TOBACCO,,,,164.34;167.16;172.77;175.55;176.39;173.99;178.91;178.74;183.10;184.32;179.57;180.28;183.82;184.31;180.70;176.00;167.09;169.93;169.08;171.81;163.32;161.77;162.52;161.15;163.47;156.04;159.02;159.62;159.13;158.16;154.96;156.25;162.60;162.85;164.53;163.71;167.80;169.13;169.58;185.39;190.28;189.93;187.08;187.44;180.54;175.92;172.23;173.55;174.61;181.45;182.78;182.55;176.93;177.22;178.93;182.87;177.69;184.76;187.07;181.62;175.95;189.84;192.72;194.30;,HARAM,Group classification: TOBACCO,
MO,ALCOHOL_TOBACCO,TOBACCO,,,,59.26;59.14;61.03;61.17;60.07;62.17;63.36;62.41;63.88;65.17;64.70;65.48;67.11;67.32;66.56;66.01;64.45;65.06;65.62;65.44;63.11;62.47;62.33;63.67;66.03;64.52;65.57;65.82;66.39;64.65;63.98;63.66;64.22;65.89;66.80;71.58;72.33;69.14;67.12;68.86;71.34;72.63;72.25;72.81;71.05;68.55;68.22;69.56;70.24;72.05;70.88;70.19;69.12;71.61;73.21;74.05;71.54;71.88;72.81;71.79;70.16;73.03;74.66;72.17;,HARAM,Group classification: TOBACCO,
BTI,ALCOHOL_TOBACCO,TOBACCO,,,,54.75;56.60;57.35;58.48;58.99;60.15;60.23;59.45;58.65;57.84;57.23;60.35;60.19;60.92;60.39;59.31;56.26;57.76;58.22;59.24;56.47;55.77;56.15;56.64;57.46;57.10;57.90;59.13;58.00;56.72;55.37;56.28;55.40;57.29;57.67;57.99;57.55;58.74;57.48;62.77;65.79;65.44;64.40;64.46;63.16;60.94;59.63;57.06;58.87;60.28;61.47;60.54;58.10;59.91;61.62;61.88;59.73;60.62;60.55;60.02;58.20;63.16;62.49;62.06;,HARAM,Group classification: TOBACCO,
TPB,ALCOHOL_TOBACCO,TOBACCO,,,,,HARAM,Group classification: TOBACCO,
RL,APPAREL,APPAREL-CLOTHING MFG,,,,358.36;361.92;358.46;351.17;351.58;352.21;336.91;346.35;357.65;367.27;376.13;383.04;372.20;376.89;352.30;357.95;336.61;344.38;333.36;337.49;339.85;328.17;341.72;331.92;325.80;352.15;357.72;374.48;378.94;372.09;368.80;388.57;374.37;370.33;365.98;357.77;353.43;371.24;357.58;336.32;333.24;325.08;328.44;376.86;375.31;363.01;362.62;365.83;371.94;375.51;402.99;405.76;412.00;406.02;409.11;397.61;398.02;396.32;380.36;394.90;368.97;388.11;376.48;387.14;,HALAL,"Business activity permissible — debt ratio not verified, cross-check Musaffa/Zoya",
PVH,APPAREL,APPAREL-CLOTHING MFG,,,,61.92;61.63;61.97;61.17;62.30;62.16;64.55;66.52;68.47;68.64;69.27;72.10;68.98;70.05;66.53;66.06;64.88;63.00;61.20;62.35;62.15;63.25;65.79;66.42;66.53;76.53;80.80;87.47;90.70;87.90;89.44;98.34;93.48;93.60;92.69;91.40;88.33;91.83;89.45;82.45;80.69;80.30;84.63;88.89;96.16;93.24;97.17;78.16;76.80;78.32;81.96;81.67;77.07;73.41;72.01;73.29;75.80;76.83;75.66;79.37;77.19;79.83;77.25;80.08;,HALAL,"Business activity permissible — debt ratio not verified, cross-check Musaffa/Zoya",
TPR,APPAREL,APPAREL-CLOTHING MFG,,,,128.45;128.81;125.48;125.31;126.21;126.33;142.40;153.80;153.82;152.95;154.15;156.22;153.66;159.61;155.56;156.04;143.74;147.85;142.26;141.38;139.89;140.48;143.61;141.01;136.53;143.94;143.29;150.14;149.87;150.44;150.26;153.17;145.75;145.47;143.43;144.63;139.34;148.41;133.10;131.35;129.87;130.80;135.40;138.10;138.43;145.05;138.26;140.07;140.90;140.92;147.42;149.39;143.50;150.53;146.00;146.56;143.99;145.49;140.14;140.73;135.36;144.19;141.12;143.73;,HALAL,"Business activity permissible — debt ratio not verified, cross-check Musaffa/Zoya",
CPRI,APPAREL,APPAREL-CLOTHING MFG,,,,24.45;25.25;24.35;23.04;22.57;20.08;19.67;20.06;20.67;20.42;21.05;22.15;20.33;20.78;19.47;18.96;17.95;18.60;18.29;18.36;18.21;18.09;18.27;17.54;16.79;17.97;18.75;19.46;19.88;19.77;19.82;21.28;20.84;20.63;19.84;19.51;18.61;19.29;18.53;17.34;17.51;17.54;17.84;18.48;18.27;18.51;18.28;18.83;19.38;19.49;21.33;20.76;20.32;19.15;18.86;19.00;18.54;18.84;17.90;18.04;16.68;16.94;15.94;16.16;,HALAL,"Business activity permissible — debt ratio not verified, cross-check Musaffa/Zoya",
LEVI,APPAREL,APPAREL-CLOTHING MFG,,,,20.56;21.14;20.83;20.08;19.50;19.05;19.55;20.93;21.78;21.64;21.97;22.59;21.81;22.28;21.27;20.55;19.36;18.56;17.89;18.29;18.27;17.71;18.20;18.07;17.93;18.76;19.40;21.54;22.47;22.11;21.93;22.82;22.67;22.16;22.15;22.13;21.95;22.88;22.52;21.42;21.27;20.82;21.20;21.88;23.23;23.05;22.71;22.38;22.88;22.80;23.85;23.65;23.55;23.22;23.83;24.32;24.34;24.52;24.21;24.15;23.64;24.83;23.76;24.74;,HALAL,"Business activity permissible — debt ratio not verified, cross-check Musaffa/Zoya",
VFC,APPAREL,APPAREL-CLOTHING MFG,,,,18.45;19.73;19.80;18.91;19.38;20.68;19.89;20.88;20.59;20.09;20.46;21.01;19.56;19.47;18.73;18.51;17.14;16.88;15.64;15.95;16.29;16.19;17.21;16.44;16.06;16.83;16.97;17.79;18.13;18.70;20.01;21.39;21.44;19.69;18.61;18.83;18.29;19.31;18.88;17.50;17.19;16.80;16.12;16.61;17.32;17.09;16.62;16.42;16.53;16.41;17.64;17.70;17.33;16.91;16.96;16.70;16.83;16.50;16.02;16.77;16.67;17.48;16.88;17.17;,HALAL,"Business activity permissible — debt ratio not verified, cross-check Musaffa/Zoya",
HBI,APPAREL,APPAREL-CLOTHING MFG,,,,,HALAL,"Business activity permissible — debt ratio not verified, cross-check Musaffa/Zoya",
GIL,APPAREL,APPAREL-CLOTHING MFG,,,,62.77;66.46;65.54;65.15;64.41;66.53;67.03;71.89;71.79;71.94;71.66;70.93;71.40;68.48;66.60;66.57;61.88;61.59;58.79;58.13;57.95;55.74;57.00;55.28;53.45;55.74;54.72;57.31;57.58;58.08;56.73;59.42;60.46;58.30;57.65;61.71;57.75;61.02;58.99;56.87;56.85;56.11;57.15;58.18;60.73;60.98;58.41;57.87;57.00;57.04;60.78;50.34;51.89;52.76;53.48;51.67;51.64;51.79;50.90;52.50;51.52;53.58;54.54;53.26;,HALAL,"Business activity permissible — debt ratio not verified, cross-check Musaffa/Zoya",
OXM,APPAREL,APPAREL-CLOTHING MFG,,,,36.57;36.84;36.49;35.76;35.66;35.53;37.02;38.38;38.80;36.99;37.78;40.01;39.31;39.10;37.44;36.96;36.27;37.21;35.27;35.00;31.74;33.11;32.72;30.86;35.15;37.30;36.79;40.08;41.42;42.79;43.63;44.63;46.52;43.85;43.38;42.11;40.19;44.79;44.71;40.88;39.81;38.01;37.31;41.02;45.66;43.86;45.03;44.55;43.76;42.54;36.61;35.92;35.77;37.49;34.61;34.09;35.36;33.97;34.89;36.12;36.60;40.42;40.69;40.66;,HALAL,"Business activity permissible — debt ratio not verified, cross-check Musaffa/Zoya",
GES,APPAREL,APPAREL-CLOTHING MFG,,,,,HALAL,"Business activity permissible — debt ratio not verified, cross-check Musaffa/Zoya",
NKE,APPAREL,APPAREL-SHOES & RELATED,,,,62.65;64.45;63.99;61.28;60.86;59.99;61.73;61.45;61.39;62.16;64.54;64.39;63.10;62.96;60.47;58.12;56.50;55.58;53.65;54.30;53.00;51.91;53.02;51.61;50.79;44.23;43.64;42.75;42.24;43.81;45.29;46.07;45.27;44.29;44.63;43.97;42.71;43.49;43.75;41.97;41.65;42.19;43.80;44.27;45.57;45.82;43.73;43.62;43.23;43.96;44.93;45.04;45.20;42.38;40.90;41.48;43.06;43.34;42.89;44.37;42.86;44.57;43.47;42.21;,HALAL,"Business activity permissible — debt ratio not verified, cross-check Musaffa/Zoya",
DECK,APPAREL,APPAREL-SHOES & RELATED,,,,97.98;101.62;101.30;97.62;119.34;113.34;111.17;114.50;115.36;115.73;118.89;118.69;120.94;119.41;114.51;108.74;104.25;105.26;100.69;101.71;104.54;100.43;101.39;93.69;94.97;100.91;101.64;106.35;107.86;107.81;108.33;111.06;107.69;108.53;106.18;102.20;97.65;103.92;100.42;94.89;94.97;94.61;98.24;106.67;114.37;113.85;110.79;108.96;109.73;111.18;113.83;110.17;109.11;103.63;102.59;101.28;100.33;105.67;102.22;105.99;106.60;109.03;104.04;102.47;,HALAL,"Business activity permissible — debt ratio not verified, cross-check Musaffa/Zoya",
CROX,APPAREL,APPAREL-SHOES & RELATED,,,,82.27;86.31;83.98;82.87;83.92;86.32;84.49;84.09;82.73;96.88;98.19;100.04;96.69;92.70;86.85;83.57;86.00;82.91;79.63;78.98;77.83;75.78;79.99;79.94;80.00;83.56;89.01;97.08;99.76;101.20;102.25;111.19;105.29;102.32;102.52;101.98;101.48;105.75;103.63;99.32;97.16;97.00;102.91;110.44;118.39;118.67;116.86;121.52;120.65;121.94;124.71;127.08;125.05;121.14;118.88;125.33;124.17;125.78;122.44;132.78;131.17;138.91;135.39;136.20;,HALAL,"Business activity permissible — debt ratio not verified, cross-check Musaffa/Zoya",
SKX,APPAREL,APPAREL-SHOES & RELATED,,,,,HALAL,"Business activity permissible — debt ratio not verified, cross-check Musaffa/Zoya",
ONON,APPAREL,APPAREL-SHOES & RELATED,,,,44.12;46.62;46.47;44.86;45.25;44.13;42.92;44.34;45.29;45.29;47.33;49.42;46.79;47.60;46.76;43.23;41.46;41.02;37.96;39.25;39.05;37.66;39.59;32.11;31.88;34.77;33.67;33.81;33.55;35.58;35.42;37.25;36.60;36.25;35.43;35.61;34.29;36.06;35.24;33.83;36.84;38.10;37.85;39.81;39.62;40.82;38.32;37.47;37.11;38.00;38.58;38.06;38.88;35.14;36.58;35.42;35.56;36.87;36.38;38.54;37.74;38.20;37.65;36.65;,HALAL,"Business activity permissible — debt ratio not verified, cross-check Musaffa/Zoya",
BIRK,APPAREL,APPAREL-SHOES & RELATED,,,,37.15;40.24;39.54;37.57;37.76;37.49;37.29;38.63;40.00;39.80;41.79;40.89;38.40;40.94;42.52;41.46;38.10;38.09;36.13;37.81;36.66;33.34;36.48;35.22;34.07;35.71;35.19;36.95;38.03;37.63;37.41;41.80;40.92;39.40;39.09;38.74;36.92;39.60;39.34;37.95;34.13;32.12;33.21;41.38;42.79;45.07;43.41;42.99;43.66;43.95;48.75;48.97;46.11;42.35;44.52;43.41;44.03;46.16;44.24;45.48;44.36;44.31;42.77;42.97;,HALAL,"Business activity permissible — debt ratio not verified, cross-check Musaffa/Zoya",
WWW,APPAREL,APPAREL-SHOES & RELATED,,,,,HALAL,"Business activity permissible — debt ratio not verified, cross-check Musaffa/Zoya",
SHOO,APPAREL,APPAREL-SHOES & RELATED,,,,44.07;44.77;45.16;42.92;43.41;41.76;34.19;36.13;38.19;38.77;38.74;39.46;36.96;36.46;35.23;35.73;33.51;34.19;32.45;32.11;32.45;31.68;33.31;33.04;32.43;33.90;35.04;37.03;37.78;38.02;38.07;39.53;39.06;38.40;37.27;37.38;36.25;39.83;40.42;38.37;39.30;38.54;40.29;41.73;43.27;43.23;44.06;44.23;45.31;44.23;46.15;44.61;44.19;42.30;41.48;42.57;41.58;39.71;39.02;42.01;42.45;43.68;43.27;43.51;,HALAL,"Business activity permissible — debt ratio not verified, cross-check Musaffa/Zoya",
TSLA,AUTO,AUTO MANUFACTURERS,,,,419.25;449.36;435.20;431.46;430.41;421.96;397.21;417.32;428.27;417.44;411.32;411.82;409.38;408.58;403.32;405.94;396.73;399.24;395.01;395.56;392.78;367.96;383.03;372.11;355.28;381.26;352.82;343.25;348.95;364.20;388.90;392.50;387.51;376.30;376.02;381.63;392.51;398.73;428.35;433.45;443.30;409.99;417.26;426.01;440.36;435.79;423.74;418.45;408.95;381.59;406.43;404.66;400.49;381.61;375.12;411.84;425.30;419.77;394.06;407.76;396.18;391.06;369.57;374.01;,HALAL,"Auto manufacturer — halal core; financing arm small — debt ratio not verified, cross-check Musaffa/Zoya",
F,AUTO,AUTO MANUFACTURERS,,,,12.97;13.39;13.13;13.50;13.56;13.41;13.40;13.28;13.53;13.94;13.68;13.84;14.02;14.23;13.22;12.65;12.00;12.09;11.89;11.56;11.64;11.38;11.69;11.46;11.07;11.53;11.47;12.03;11.98;12.55;12.29;12.71;12.47;12.23;12.25;11.93;11.36;12.02;12.17;11.99;14.48;13.03;13.22;14.93;15.88;17.44;16.15;15.34;15.00;14.30;14.84;14.41;14.06;14.00;14.11;14.02;13.64;13.83;13.50;14.00;13.94;14.19;13.99;14.42;,QUESTIONABLE,Ford — high debt ratio plus Ford Credit lending arm,
GM,AUTO,AUTO MANUFACTURERS,,,,77.46;80.77;79.07;84.52;83.62;85.32;82.92;80.32;79.46;80.71;83.29;81.14;80.92;80.42;77.41;78.24;75.05;74.77;73.29;72.79;73.37;72.65;76.40;75.44;72.60;74.88;73.27;76.57;76.25;79.29;77.88;80.37;78.83;77.88;78.78;76.72;75.54;78.53;78.63;76.27;77.58;72.94;75.98;78.62;83.94;83.06;81.55;83.04;83.77;79.40;81.50;82.51;79.29;78.95;78.53;77.34;75.52;77.85;76.24;77.85;76.87;77.72;75.80;82.13;,QUESTIONABLE,GM — GM Financial lending arm,
STLA,AUTO,AUTO MANUFACTURERS,,,,9.36;9.79;9.68;9.70;9.87;9.92;9.54;7.31;7.62;7.75;7.84;7.73;7.77;8.05;7.63;7.47;7.15;6.90;6.86;6.57;6.50;6.33;6.75;6.75;6.75;7.43;7.48;7.76;8.04;8.16;8.15;8.69;8.50;8.06;7.86;7.28;7.08;7.66;7.74;7.40;7.84;7.41;7.53;7.61;8.16;7.98;7.68;7.39;7.08;6.57;6.87;6.64;6.34;5.96;5.74;5.57;5.81;5.80;5.40;5.50;5.69;5.96;5.75;5.80;,HALAL,"Business activity permissible — debt ratio not verified, cross-check Musaffa/Zoya",
TM,AUTO,AUTO MANUFACTURERS,,,,220.47;227.04;225.62;218.89;226.86;231.42;237.19;242.39;242.81;248.29;243.20;239.60;238.64;242.62;243.66;232.81;219.14;221.01;216.59;213.23;209.11;205.02;209.78;209.93;202.94;209.67;204.42;215.00;210.64;211.55;212.86;215.25;200.43;192.32;192.98;192.62;188.30;195.05;187.53;181.67;190.50;187.37;189.94;189.08;190.11;189.95;180.49;179.50;178.45;172.03;174.95;178.19;173.94;167.23;166.50;171.36;169.66;179.80;177.15;176.45;176.22;179.76;178.53;179.94;,HALAL,"Business activity permissible — debt ratio not verified, cross-check Musaffa/Zoya",
HMC,AUTO,AUTO MANUFACTURERS,,,,30.30;31.22;30.00;29.42;30.33;30.58;31.37;31.76;32.40;31.78;30.92;30.27;30.04;30.12;29.29;28.51;27.24;27.89;26.09;25.70;24.81;24.12;24.78;24.58;23.65;24.31;23.84;24.50;24.04;24.16;24.36;25.36;24.62;24.34;24.20;24.34;23.86;24.71;24.51;24.11;25.67;25.21;25.87;26.47;26.88;26.99;26.48;27.93;26.97;26.11;26.44;26.85;26.26;25.58;26.14;27.28;27.26;29.63;27.73;27.93;28.09;28.77;28.17;28.53;,HALAL,"Business activity permissible — debt ratio not verified, cross-check Musaffa/Zoya",
RIVN,AUTO,AUTO MANUFACTURERS,,,,16.16;16.32;15.75;15.20;14.75;14.41;13.73;14.69;14.76;17.73;16.15;15.27;15.12;15.61;15.01;14.92;15.37;16.54;15.30;15.33;15.53;14.91;16.10;15.21;14.49;14.94;15.29;15.14;15.43;15.99;16.89;16.92;17.74;16.52;16.14;16.40;14.51;14.48;14.22;13.95;14.52;13.35;13.73;14.22;14.70;16.30;17.29;18.12;16.84;14.76;16.76;15.93;16.52;14.89;14.86;16.81;17.18;20.14;16.66;17.48;17.50;17.09;17.24;17.18;,HALAL,"Rivian — pure EV manufacturer — debt ratio not verified, cross-check Musaffa/Zoya",
LCID,AUTO,AUTO MANUFACTURERS,,,,9.73;11.47;10.64;10.91;11.07;10.50;9.53;11.09;10.05;10.28;9.80;9.55;9.92;10.59;10.03;10.27;9.77;10.24;9.84;9.89;9.95;10.06;10.36;9.91;9.15;9.56;9.33;8.82;8.58;8.80;7.70;6.75;6.91;6.25;5.87;6.37;6.69;6.19;6.34;6.01;6.27;5.73;5.68;5.84;6.26;6.55;6.17;5.68;5.09;4.70;5.20;5.02;5.36;5.19;5.12;6.51;6.63;6.66;5.82;5.55;4.62;6.46;7.11;6.78;,HALAL,"Lucid — pure EV manufacturer — debt ratio not verified, cross-check Musaffa/Zoya",
FFIE,AUTO,AUTO MANUFACTURERS,,,,,HALAL,"Business activity permissible — debt ratio not verified, cross-check Musaffa/Zoya",
APTV,AUTO,AUTO/TRUCK-ORIGINAL EQUIPMENT,,,,77.17;77.53;77.04;77.81;75.75;78.20;79.72;83.37;83.76;85.20;83.81;79.57;77.69;77.04;72.47;73.39;72.70;72.05;70.07;71.57;70.13;68.10;70.92;70.95;66.64;62.09;60.36;60.73;59.65;59.07;57.52;60.83;60.86;60.10;59.12;60.26;59.53;56.80;57.94;54.95;57.56;53.01;54.57;57.36;61.90;67.94;73.85;72.92;69.29;65.20;68.05;65.68;63.68;61.42;61.97;59.23;60.28;59.73;58.57;60.57;58.06;59.26;57.31;58.22;,HALAL,"Business activity permissible — debt ratio not verified, cross-check Musaffa/Zoya",
BWA,AUTO,AUTO/TRUCK-ORIGINAL EQUIPMENT,,,,46.29;47.64;47.52;48.02;47.16;48.31;50.09;52.46;65.75;62.47;61.39;58.61;58.54;57.60;55.85;52.68;51.68;52.70;52.37;51.69;51.93;52.11;54.88;54.63;52.43;54.44;52.93;54.83;54.35;53.56;53.17;55.60;55.68;56.16;54.18;56.84;56.13;59.27;61.17;63.59;67.26;61.67;62.80;65.66;70.66;71.65;74.08;77.03;75.86;71.29;74.51;72.60;71.84;70.52;69.47;65.89;64.36;65.91;64.21;64.99;64.04;62.77;61.62;64.25;,HALAL,"Business activity permissible — debt ratio not verified, cross-check Musaffa/Zoya",
MGA,AUTO,AUTO/TRUCK-ORIGINAL EQUIPMENT,,,,52.80;52.58;52.39;51.50;50.35;50.65;51.84;53.60;56.89;67.67;65.81;63.92;63.97;63.16;62.70;61.49;58.39;57.34;55.98;55.62;53.73;51.78;54.35;54.98;53.01;56.08;54.24;56.85;57.40;57.37;56.30;61.57;60.90;62.45;61.44;63.17;59.07;62.21;62.62;61.80;62.84;59.59;60.96;64.58;66.36;64.76;68.11;68.15;66.67;64.02;66.73;65.47;65.35;64.47;65.35;64.79;63.07;65.68;62.97;64.27;64.59;67.56;66.06;67.58;,HALAL,"Business activity permissible — debt ratio not verified, cross-check Musaffa/Zoya",
DAN,AUTO,AUTO/TRUCK-ORIGINAL EQUIPMENT,,,,27.06;30.76;30.33;28.95;28.70;29.94;30.19;31.88;33.17;33.16;34.53;34.03;35.49;34.64;34.54;34.09;32.52;32.00;31.78;31.72;32.17;31.30;33.24;32.74;31.71;34.21;33.19;35.31;36.33;36.47;35.20;37.72;37.82;38.79;37.50;36.32;34.54;35.48;34.70;33.84;34.57;33.29;33.88;34.16;36.04;35.41;36.56;36.69;36.67;35.47;30.81;29.96;29.18;28.71;28.45;26.48;26.22;26.13;25.58;27.33;27.07;26.81;26.15;28.04;,HALAL,"Business activity permissible — debt ratio not verified, cross-check Musaffa/Zoya",
LEA,AUTO,AUTO/TRUCK-ORIGINAL EQUIPMENT,,,,117.64;120.33;118.83;117.96;115.75;118.23;134.49;137.65;137.29;136.29;135.33;133.21;132.58;131.49;126.08;121.35;119.55;118.65;115.05;115.54;115.60;112.89;119.76;121.31;115.84;121.42;117.69;124.10;123.95;121.76;118.52;128.23;127.40;127.65;123.51;126.47;129.15;136.85;138.96;135.57;138.33;129.68;132.61;139.07;144.98;142.37;146.59;143.98;144.87;140.44;145.16;141.67;139.75;136.68;138.22;133.79;130.39;133.69;130.67;136.14;135.91;143.66;140.16;143.69;,HALAL,"Business activity permissible — debt ratio not verified, cross-check Musaffa/Zoya",
ALV,AUTO,AUTO/TRUCK-ORIGINAL EQUIPMENT,,,,121.26;123.84;125.21;124.34;119.40;120.47;122.43;121.71;124.59;123.08;123.25;121.20;121.56;118.93;115.21;111.29;110.16;107.05;102.94;103.00;101.31;99.58;104.22;104.32;100.21;106.29;104.45;109.68;109.31;109.65;110.49;120.45;115.30;116.92;114.02;115.06;113.81;120.34;120.70;118.51;119.73;114.95;117.86;122.73;129.47;127.12;131.69;130.34;128.23;124.13;128.53;121.95;118.24;116.64;120.81;116.51;113.34;119.83;117.25;120.26;121.48;124.99;117.23;119.01;,HALAL,"Business activity permissible — debt ratio not verified, cross-check Musaffa/Zoya",
VC,AUTO,AUTO/TRUCK-ORIGINAL EQUIPMENT,,,,91.03;91.92;91.20;90.39;90.22;96.27;99.00;98.36;100.98;104.20;105.39;92.25;97.12;98.03;95.15;92.09;90.04;90.40;89.95;89.77;84.18;85.01;87.45;87.56;85.44;92.37;90.53;96.71;93.70;93.44;92.41;101.12;99.67;113.33;110.01;111.36;107.82;113.36;113.99;114.34;115.25;108.16;108.87;113.11;117.47;117.92;123.90;121.80;120.44;117.70;118.44;112.14;113.81;115.82;111.50;94.94;99.02;107.85;104.29;106.58;103.97;106.29;101.61;103.16;,HALAL,"Business activity permissible — debt ratio not verified, cross-check Musaffa/Zoya",
GNTX,AUTO,AUTO/TRUCK-ORIGINAL EQUIPMENT,,,,23.20;23.48;23.40;23.32;22.77;23.67;24.22;23.49;24.16;24.63;24.28;23.72;23.54;23.43;23.05;22.63;21.85;21.35;21.08;20.86;20.86;20.48;21.58;21.82;21.17;21.40;21.27;22.12;21.88;21.84;21.71;22.62;22.65;23.76;23.32;22.99;22.48;23.43;23.27;22.86;23.29;22.57;22.91;23.73;24.03;24.04;24.51;24.92;24.59;24.51;25.73;25.60;25.82;24.63;25.64;25.00;24.55;24.35;23.36;24.20;23.70;24.91;23.97;23.91;,HALAL,"Business activity permissible — debt ratio not verified, cross-check Musaffa/Zoya",
MOD,AUTO,AUTO/TRUCK-ORIGINAL EQUIPMENT,,,,136.36;147.52;148.49;146.90;184.66;199.48;205.32;219.13;219.50;216.50;217.53;226.36;236.70;228.90;238.50;209.93;187.29;201.27;191.93;197.95;200.42;196.55;228.58;215.81;202.18;222.97;214.88;234.84;241.46;253.66;235.25;251.50;253.15;251.70;237.06;254.63;259.76;274.22;273.00;276.27;292.16;247.13;257.33;260.52;279.93;278.91;306.89;301.21;275.23;258.17;274.50;284.97;297.37;277.46;283.67;256.34;244.49;235.19;235.62;245.91;229.57;226.23;227.88;249.64;,HALAL,"Business activity permissible — debt ratio not verified, cross-check Musaffa/Zoya",
AAP,AUTO,AUTO/TRUCK-REPLACEMENT PARTS,,,,40.94;45.38;47.11;49.15;47.58;50.25;52.46;54.81;59.10;58.32;55.43;55.37;53.30;51.53;52.79;50.75;49.88;50.61;52.19;52.71;48.92;46.62;50.44;51.39;50.70;53.91;52.53;54.01;54.34;55.76;56.40;57.01;59.34;57.92;56.34;59.24;57.12;57.81;55.89;52.38;49.48;50.37;51.01;57.69;58.00;59.97;57.39;55.64;58.11;59.09;60.52;60.10;59.83;54.56;58.93;61.35;62.73;56.07;54.84;57.95;55.41;53.13;52.04;55.49;,HALAL,"Business activity permissible — debt ratio not verified, cross-check Musaffa/Zoya",
AZO,AUTO,AUTO/TRUCK-REPLACEMENT PARTS,,,,3573.98;3698.63;3786.03;3782.14;3704.29;3671.61;3605.03;3634.29;3735.85;3858.16;3744.64;3748.52;3784.42;3660.00;3882.47;3717.00;3641.29;3726.02;3614.27;3488.88;3361.98;3282.90;3345.84;3395.97;3342.51;3426.47;3438.35;3464.93;3430.45;3508.50;3489.29;3582.50;3589.99;3577.91;3563.09;3704.03;3482.24;3541.79;3496.19;3409.81;3379.52;3365.74;3419.36;3406.50;3027.48;2935.19;3029.36;3081.94;3074.04;3110.05;3116.30;3127.79;3064.48;3046.46;3059.04;3153.62;3218.15;2957.71;3070.17;3072.64;3032.07;3062.16;2994.13;2972.45;,HALAL,"Business activity permissible — debt ratio not verified, cross-check Musaffa/Zoya",
ORLY,AUTO,AUTO/TRUCK-REPLACEMENT PARTS,,,,95.24;98.88;100.24;101.37;98.41;97.10;92.86;92.72;94.11;96.66;92.75;93.50;94.33;91.33;95.03;94.27;94.60;94.71;92.98;90.46;87.72;87.30;87.99;92.27;92.11;92.10;92.13;93.06;93.01;93.52;92.71;92.83;93.92;93.13;91.57;99.40;93.98;94.78;92.96;91.84;89.68;91.74;92.22;91.74;89.02;86.88;86.23;88.40;89.02;90.46;91.02;90.68;86.84;87.54;86.90;90.16;92.69;84.24;84.98;86.28;85.75;86.25;84.53;86.53;,HALAL,"Business activity permissible — debt ratio not verified, cross-check Musaffa/Zoya",
GPC,AUTO,AUTO/TRUCK-REPLACEMENT PARTS,,,,129.36;134.14;136.43;137.25;136.24;140.02;143.32;143.14;146.31;144.25;118.52;115.73;116.47;114.55;116.21;113.36;114.27;107.79;105.86;102.89;99.63;95.34;101.90;104.15;103.23;104.05;104.02;106.25;106.35;108.72;109.98;111.38;110.54;107.57;104.27;106.07;102.40;104.35;103.59;99.65;96.14;92.17;93.95;96.82;97.34;97.64;98.28;97.57;97.07;98.43;103.75;107.27;108.70;106.47;112.99;117.18;117.40;128.66;124.73;125.62;122.16;125.66;122.40;120.37;,HALAL,"Business activity permissible — debt ratio not verified, cross-check Musaffa/Zoya",
DORM,AUTO,AUTO/TRUCK-REPLACEMENT PARTS,,,,124.20;125.53;125.11;122.46;124.20;124.80;128.62;130.05;133.27;131.17;128.64;129.69;126.40;116.55;115.93;116.16;109.33;106.89;102.24;103.61;100.92;101.98;105.19;106.47;102.56;105.22;100.50;106.20;109.46;110.12;106.21;111.58;109.47;111.19;110.88;112.51;110.85;122.61;124.13;119.52;120.49;115.09;117.02;118.08;123.64;123.92;125.83;128.04;128.31;126.83;127.86;125.75;125.66;128.15;134.37;132.56;135.75;140.07;135.25;138.50;138.62;144.12;137.67;134.90;,HALAL,"Business activity permissible — debt ratio not verified, cross-check Musaffa/Zoya",
SMP,AUTO,AUTO/TRUCK-REPLACEMENT PARTS,,,,37.81;39.09;38.77;38.89;39.30;41.80;43.07;42.73;44.42;43.98;43.96;44.27;43.81;39.10;39.49;38.27;37.10;36.03;36.21;36.07;34.74;34.40;35.79;36.08;35.02;35.28;35.03;36.27;37.15;37.56;36.47;37.32;37.19;38.27;37.28;37.05;37.02;38.55;40.05;38.02;38.21;36.95;37.12;37.90;40.10;39.19;38.91;39.31;39.46;38.87;39.40;39.29;39.41;38.75;39.76;39.01;38.54;37.87;37.24;37.47;37.19;39.43;37.83;38.80;,HALAL,"Business activity permissible — debt ratio not verified, cross-check Musaffa/Zoya",
HSBC,BANKS,BANKS-FOREIGN,,,,79.80;81.01;82.30;84.15;85.13;86.07;84.03;87.75;86.49;82.36;85.22;85.26;85.00;91.41;86.79;84.33;81.30;83.03;79.47;79.87;79.50;76.53;78.83;79.19;78.91;84.99;84.17;89.77;89.76;90.87;90.02;91.09;89.97;89.20;89.47;91.35;89.63;90.90;89.66;89.47;90.22;90.13;91.99;92.02;94.68;93.74;95.21;92.62;91.53;86.16;92.67;94.45;94.97;95.59;95.06;95.08;95.81;98.74;96.09;99.09;99.25;100.52;99.01;103.11;,HARAM,Group classification: BANKS-FOREIGN,
BCS,BANKS,BANKS-FOREIGN,,,,25.33;25.82;26.07;26.24;26.43;27.19;25.18;26.39;25.85;25.01;26.11;25.99;25.14;25.29;23.71;23.34;21.86;22.45;20.89;20.81;20.96;20.07;20.68;20.66;20.21;21.83;21.92;23.51;23.73;23.92;23.50;24.06;23.32;22.95;23.00;23.41;22.85;24.02;23.71;22.73;23.01;22.94;23.87;23.83;24.56;24.53;25.28;25.01;24.23;23.64;25.47;25.98;26.31;27.02;27.30;26.86;27.27;28.41;26.79;27.48;27.53;28.23;27.24;28.13;,HARAM,Group classification: BANKS-FOREIGN,
MUFG,BANKS,BANKS-FOREIGN,,,,18.28;17.90;17.85;17.95;18.05;18.52;18.25;19.21;19.62;19.73;19.30;19.36;18.71;18.95;18.09;17.60;17.04;17.45;16.46;16.73;16.72;16.45;16.72;16.62;16.32;17.70;17.58;18.43;18.05;18.17;18.38;18.23;17.38;17.29;17.54;17.95;17.57;18.39;17.95;18.46;18.48;19.19;19.60;19.40;18.98;18.71;19.17;20.05;19.92;19.67;20.16;20.30;21.08;20.17;20.02;19.98;20.27;21.17;21.08;21.65;22.50;22.13;21.41;22.41;,HARAM,Group classification: BANKS-FOREIGN,
SMFG,BANKS,BANKS-FOREIGN,,,,20.90;20.65;21.05;20.95;20.99;21.34;21.34;23.21;23.77;23.81;22.99;23.38;22.61;22.84;22.01;20.76;20.08;20.56;19.32;19.50;19.37;19.08;19.59;19.39;19.02;20.70;20.44;21.58;21.16;21.27;21.36;21.21;20.36;20.20;20.94;21.23;20.99;21.92;21.43;22.11;21.72;21.92;22.84;22.70;22.40;21.97;22.74;23.58;23.24;22.99;24.40;24.17;25.23;23.95;23.70;23.71;24.05;25.51;25.32;25.74;26.26;25.85;24.89;26.08;,HARAM,Group classification: BANKS-FOREIGN,
ITUB,BANKS,BANKS-FOREIGN,,,,7.30;8.05;8.22;8.70;8.42;8.62;8.51;9.14;9.38;8.98;8.99;9.32;9.15;9.08;8.69;8.44;7.98;8.32;7.94;8.04;7.90;7.69;7.96;7.87;7.79;8.40;8.34;8.73;9.07;9.21;9.23;9.18;8.93;8.76;8.76;8.61;8.38;8.37;8.29;8.02;8.02;7.81;7.86;7.74;7.88;7.80;7.78;7.57;7.36;7.55;7.91;7.87;7.72;7.94;8.03;8.22;8.13;8.29;8.16;8.62;8.55;8.30;8.32;8.48;,HARAM,Group classification: BANKS-FOREIGN,
BSAC,BANKS,BANKS-FOREIGN,,,,31.36;33.52;34.62;35.07;33.55;35.36;34.42;35.69;35.24;33.96;34.00;34.41;34.10;33.41;31.44;30.37;29.79;31.20;29.12;30.02;29.60;29.59;30.62;30.34;30.29;32.09;31.67;32.90;33.53;34.22;34.11;33.79;32.01;32.33;31.51;31.98;30.61;31.52;30.22;30.20;30.73;30.54;31.26;30.98;32.13;31.93;31.11;30.62;29.98;31.28;32.51;33.43;32.64;32.25;31.99;32.43;32.57;33.26;33.06;33.96;33.85;33.06;33.02;34.23;,HARAM,Group classification: BANKS-FOREIGN,
BBVA,BANKS,BANKS-FOREIGN,,,,23.36;24.26;24.65;24.38;24.65;24.87;22.50;23.84;23.35;22.04;22.78;22.80;22.82;22.94;21.57;21.38;20.67;21.30;20.19;20.29;20.14;19.92;20.70;20.29;19.71;21.16;21.16;22.68;23.06;23.61;22.97;23.20;22.29;21.87;22.05;22.12;20.83;22.16;22.28;21.81;21.95;22.04;22.73;22.37;23.27;23.39;23.29;22.83;22.37;22.02;23.34;24.39;24.48;24.61;24.53;24.71;24.98;26.14;25.32;25.69;25.67;25.70;25.12;26.23;,HARAM,Group classification: BANKS-FOREIGN,
SAN,BANKS,BANKS-FOREIGN,,,,11.79;12.28;12.52;12.53;12.59;12.08;12.08;12.64;12.21;11.72;12.38;12.59;12.36;12.78;11.81;11.43;10.93;11.36;10.86;10.78;10.93;10.40;10.77;10.64;10.57;11.43;11.38;12.05;12.05;12.41;12.15;12.53;12.11;11.81;11.92;12.04;11.55;12.40;12.28;12.02;11.84;11.86;12.38;12.04;12.59;12.48;12.41;12.47;12.16;11.92;12.87;13.38;13.50;13.60;13.38;13.65;13.81;14.37;13.57;13.87;13.63;13.62;13.32;13.74;,HARAM,Group classification: BANKS-FOREIGN,
DB,BANKS,BANKS-FOREIGN,,,,36.17;37.76;38.01;38.15;37.84;38.45;34.86;36.64;35.99;34.04;34.99;35.43;34.30;35.43;33.03;32.19;30.15;30.66;28.40;28.70;28.20;27.47;27.93;27.96;27.39;29.41;29.00;31.03;31.30;32.49;31.66;32.22;31.30;30.69;30.83;29.96;29.16;30.89;30.94;30.65;30.61;30.26;31.71;31.29;32.19;32.30;32.32;32.20;31.35;30.99;33.31;34.88;35.27;35.18;34.38;33.81;33.86;37.04;35.27;35.77;35.64;36.06;34.69;35.59;,HARAM,Group classification: BANKS-FOREIGN,
ING,BANKS,BANKS-FOREIGN,,,,27.37;27.86;28.17;28.79;28.51;29.98;28.67;29.79;29.24;27.45;28.35;28.90;28.28;28.63;27.22;26.43;25.62;26.27;25.45;25.16;24.97;24.38;24.39;24.36;24.02;26.00;25.97;27.46;27.83;28.49;28.36;28.90;28.08;27.95;28.10;28.93;27.80;29.96;30.12;29.77;30.05;29.53;30.36;30.50;31.09;30.94;31.02;30.65;29.11;28.71;30.21;31.13;31.36;31.65;31.02;31.18;31.48;32.96;31.95;32.39;32.75;32.83;32.20;33.33;,HARAM,Group classification: BANKS-FOREIGN,
FITB,BANKS,BANKS-MIDWEST,,,,49.32;50.08;49.69;48.90;49.42;51.91;52.93;53.46;53.46;52.02;52.81;52.77;49.40;51.14;49.05;48.75;46.55;45.85;42.90;43.40;43.20;43.49;45.26;44.69;43.97;46.49;47.22;48.99;48.96;49.42;49.17;50.62;50.20;49.31;49.96;50.40;49.05;50.48;48.98;48.29;47.36;47.60;48.52;49.13;49.54;49.58;49.96;51.44;51.59;52.28;54.34;53.06;52.37;54.28;56.01;56.38;57.49;57.89;55.76;57.07;57.05;59.37;57.40;57.67;,HARAM,Group classification: BANKS-MIDWEST,
HBAN,BANKS,BANKS-MIDWEST,,,,17.65;17.31;17.01;16.74;17.15;18.04;18.66;18.64;17.59;16.93;17.55;17.67;16.70;17.21;16.65;16.51;16.00;15.69;15.19;14.99;14.97;14.95;15.34;15.29;14.89;15.74;15.80;16.20;16.23;16.44;16.42;16.91;16.67;16.25;16.40;16.61;16.02;16.49;15.98;15.70;15.37;15.43;15.68;15.78;15.89;16.21;16.08;16.38;16.34;16.69;17.36;17.16;16.86;17.40;17.90;17.82;18.11;17.89;17.46;17.87;17.85;18.56;18.06;18.27;,HARAM,Group classification: BANKS-MIDWEST,
KEY,BANKS,BANKS-MIDWEST,,,,20.68;21.15;20.87;20.89;21.10;21.90;22.26;22.56;22.10;21.28;21.51;21.77;20.59;21.43;20.50;20.51;19.67;19.57;19.03;18.77;18.88;19.22;19.63;19.69;19.21;20.14;20.46;21.08;21.25;21.42;21.46;21.97;21.82;21.42;21.74;21.89;21.45;22.01;21.39;21.07;20.87;20.86;21.20;21.35;21.29;21.12;21.18;21.67;21.79;21.98;22.70;22.75;22.59;23.02;23.41;23.15;23.25;23.43;22.64;23.30;23.30;23.99;23.32;23.11;,HARAM,Group classification: BANKS-MIDWEST,
CFG,BANKS,BANKS-MIDWEST,,,,58.97;63.35;61.64;62.03;62.09;65.04;66.14;67.22;66.38;64.64;64.58;64.82;61.63;63.40;60.65;59.77;57.63;58.47;56.53;55.96;56.23;56.61;58.52;58.14;57.04;60.14;60.97;63.32;63.71;64.41;63.95;65.29;64.69;63.33;64.53;65.05;63.56;65.62;63.73;61.95;61.18;61.16;62.83;62.89;63.08;62.26;62.31;63.90;64.35;64.96;67.65;67.27;67.08;68.99;70.66;70.43;71.82;72.11;68.56;70.34;70.32;74.40;71.50;72.44;,HARAM,Group classification: BANKS-MIDWEST,
CMA,BANKS,BANKS-MIDWEST,,,,,HARAM,Group classification: BANKS-MIDWEST,
FCNCA,BANKS,BANKS-MIDWEST,,,,2119.90;2198.92;2010.44;1975.90;2065.24;2039.69;2118.51;2149.99;2097.55;2001.67;2055.71;2012.36;1976.87;1996.92;1947.96;1970.81;1890.46;1910.46;1821.00;1764.16;1774.93;1820.49;1855.48;1894.80;1845.07;1892.40;1925.99;1954.58;1987.67;1988.90;1979.46;2059.33;2043.71;1929.92;1981.32;1981.75;1952.41;1989.25;1949.89;1916.68;1935.52;1940.33;1970.71;1989.47;1991.00;1990.51;1996.43;2047.32;2074.25;2112.87;2108.61;2094.87;2071.62;2111.14;2089.21;2079.65;2121.63;2117.35;2044.62;2092.59;2062.25;2156.45;2076.28;2077.57;,HARAM,Group classification: BANKS-MIDWEST,
ONB,BANKS,BANKS-MIDWEST,,,,22.62;23.94;23.40;23.48;24.13;25.09;25.25;25.36;24.62;24.47;24.61;24.89;23.69;24.33;23.26;23.25;22.18;21.99;21.48;21.38;21.03;21.11;21.59;21.60;21.35;22.19;22.29;23.11;23.35;23.30;23.15;24.10;23.87;23.22;23.83;23.82;23.64;24.42;24.15;24.00;23.45;23.33;23.63;23.80;23.95;23.86;23.71;23.82;23.79;24.37;25.14;25.00;24.80;25.32;25.88;25.80;26.23;26.45;25.73;26.21;26.31;27.29;26.51;26.39;,HARAM,Group classification: BANKS-MIDWEST,
JPM,BANKS,BANKS-NORTHEAST,,,,299.85;300.73;298.16;297.90;302.97;311.84;307.20;319.02;307.85;299.66;305.83;307.82;294.46;303.21;294.72;296.53;286.71;285.97;280.19;283.43;284.99;283.82;289.61;288.87;281.06;292.56;294.12;306.59;308.48;309.72;308.56;315.57;311.62;306.90;310.05;311.83;306.27;313.49;300.75;303.51;298.57;299.38;300.63;305.01;297.94;297.97;299.61;309.50;309.71;307.75;319.28;329.65;323.76;332.64;333.62;327.91;332.57;337.72;330.62;336.47;342.89;343.15;338.87;348.21;,HARAM,Group classification: BANKS-NORTHEAST,
MTB,BANKS,BANKS-NORTHEAST,,,,208.79;214.46;211.29;213.90;218.51;224.97;230.71;232.99;231.48;225.55;228.55;229.31;215.50;222.24;217.98;217.72;209.00;202.70;196.82;196.95;195.70;196.77;202.37;204.30;199.73;207.53;210.55;217.52;218.39;218.98;215.44;218.16;216.06;213.43;216.01;217.11;212.59;215.91;210.67;207.30;204.31;204.84;208.96;211.70;213.61;214.61;217.29;221.73;222.63;223.93;231.88;228.35;225.12;231.24;236.77;239.20;241.95;239.92;234.63;242.34;241.85;254.04;249.44;250.73;,HARAM,Group classification: BANKS-NORTHEAST,
BPOP,BANKS,BANKS-NORTHEAST,,,,123.63;125.25;121.56;130.13;132.10;139.96;141.31;145.74;144.37;141.11;144.32;145.98;138.72;140.99;136.60;134.45;129.38;128.44;129.47;129.87;128.27;129.83;132.42;132.10;130.01;135.76;139.20;144.64;144.09;143.89;143.64;147.33;147.56;146.30;149.98;149.58;147.30;149.29;148.26;144.73;144.11;145.70;148.81;149.75;149.88;148.53;151.10;152.77;153.66;156.15;160.95;160.34;159.24;165.06;167.19;164.85;168.50;168.69;166.27;170.56;169.00;173.86;172.12;173.89;,HARAM,Group classification: BANKS-NORTHEAST,
STBA,BANKS,BANKS-NORTHEAST,,,,39.53;42.45;41.28;41.00;41.93;42.77;43.39;43.55;43.17;43.31;43.63;44.30;42.76;43.60;42.53;42.24;40.39;40.16;40.01;39.83;39.25;39.58;40.73;40.89;40.95;41.92;42.60;43.37;43.44;43.50;43.05;43.98;43.04;42.85;44.05;43.76;43.46;44.16;44.14;43.66;43.83;44.27;44.96;44.86;44.95;45.09;45.34;45.34;45.95;47.24;47.85;47.32;46.84;48.16;49.05;49.04;49.92;49.36;48.15;48.75;48.82;50.78;49.79;49.60;,HARAM,Group classification: BANKS-NORTHEAST,
TFC,BANKS,BANKS-SOUTHEAST,,,,48.14;49.28;49.17;49.29;50.37;52.93;54.02;53.67;52.94;51.36;52.14;51.77;49.14;50.96;49.03;48.60;46.00;46.16;43.91;44.05;43.39;43.70;44.85;44.50;44.17;46.22;47.14;48.77;49.08;49.01;48.91;50.31;50.42;50.20;50.62;50.96;48.96;50.27;49.11;47.79;47.13;47.05;48.00;48.38;48.46;48.21;48.12;49.18;48.83;49.76;51.66;49.13;48.33;49.67;50.67;50.58;50.89;51.42;49.69;51.67;51.95;53.25;51.00;51.73;,HARAM,Group classification: BANKS-SOUTHEAST,
RF,BANKS,BANKS-SOUTHEAST,,,,27.11;27.76;27.22;27.33;27.96;29.27;29.92;30.18;30.37;29.18;29.49;29.49;27.90;28.81;27.71;27.57;26.78;26.51;25.08;25.09;24.96;25.12;25.40;25.27;25.00;26.09;26.49;27.21;27.24;27.49;27.66;28.04;27.94;27.50;28.06;28.28;27.40;27.94;27.37;26.89;26.55;26.71;27.27;27.57;27.82;27.74;28.03;28.43;28.56;28.58;29.27;29.00;28.62;29.29;29.98;30.27;30.80;30.48;29.82;31.02;30.92;32.40;31.11;30.86;,HARAM,Group classification: BANKS-SOUTHEAST,
SNV,BANKS,BANKS-SOUTHEAST,,,,,HARAM,Group classification: BANKS-SOUTHEAST,
FHN,BANKS,BANKS-SOUTHEAST,,,,23.57;24.27;23.88;23.85;24.14;25.35;25.47;25.65;24.60;24.21;24.74;24.89;23.77;24.55;23.81;23.13;22.48;22.67;21.85;21.72;21.62;21.70;22.54;22.40;21.90;22.82;23.12;23.94;23.89;24.09;23.82;24.62;24.41;24.05;24.48;24.79;24.46;24.90;24.44;23.74;23.56;23.57;24.07;24.07;24.04;24.07;23.84;24.09;24.10;24.55;25.14;24.93;24.81;24.95;25.56;25.58;26.05;25.85;25.25;25.74;25.72;25.40;25.47;25.72;,HARAM,Group classification: BANKS-SOUTHEAST,
CADE,BANKS,BANKS-SOUTHEAST,,,,,HARAM,Group classification: BANKS-SOUTHEAST,
BAC,BANKS,BANKS-SUPER REGIONAL,,,,51.54;51.89;51.46;51.25;52.63;53.86;54.35;55.80;53.27;51.98;52.79;52.49;49.87;51.74;49.27;49.76;48.39;48.31;46.89;46.82;46.59;46.92;47.89;47.99;46.99;49.02;49.80;51.61;52.27;53.07;53.23;53.67;52.85;51.78;52.39;53.18;51.92;53.32;51.04;50.52;49.59;50.43;50.97;51.53;50.84;51.33;52.21;53.89;53.63;54.54;56.02;56.84;56.20;57.91;58.19;57.88;58.36;59.90;58.30;59.67;60.62;61.49;60.42;61.62;,HARAM,Group classification: BANKS-SUPER REGIONAL,
WFC,BANKS,BANKS-SUPER REGIONAL,,,,85.75;87.11;87.12;87.10;89.54;91.34;91.04;94.07;88.44;86.49;88.06;88.20;84.09;85.81;82.11;83.45;79.96;77.85;74.82;75.32;75.76;77.16;79.16;78.57;76.36;80.11;81.38;84.18;84.91;81.24;80.79;81.50;80.12;78.97;81.04;81.76;78.73;79.96;75.64;75.18;73.79;74.37;75.81;76.40;76.11;77.54;79.44;81.62;80.96;81.97;83.73;85.05;82.20;84.13;84.74;83.51;85.94;87.45;85.56;87.16;85.29;88.07;86.33;86.42;,HARAM,Group classification: BANKS-SUPER REGIONAL,
USB,BANKS,BANKS-SUPER REGIONAL,,,,53.37;55.13;54.79;54.70;55.07;57.60;58.01;59.23;57.86;56.62;57.67;57.57;54.01;56.19;53.61;53.33;51.39;50.98;50.52;50.21;50.36;50.30;51.17;50.63;49.93;52.30;52.99;54.89;55.19;55.61;55.01;56.52;56.12;55.11;55.73;56.18;54.77;55.68;55.06;54.02;52.97;53.00;54.04;54.36;54.23;54.38;54.14;54.99;54.88;56.33;58.44;58.39;57.65;59.54;60.69;60.76;61.96;62.83;61.00;62.41;62.14;64.01;63.14;64.47;,HARAM,Group classification: BANKS-SUPER REGIONAL,
PNC,BANKS,BANKS-SUPER REGIONAL,,,,217.54;218.57;217.33;217.96;219.84;230.20;234.82;237.22;231.84;225.77;229.14;229.37;214.54;219.37;210.92;210.55;202.93;203.20;199.55;197.64;198.06;198.59;203.16;202.28;198.54;206.00;209.84;217.34;217.71;219.45;218.33;225.23;223.28;218.12;219.14;221.24;216.32;220.66;215.13;213.51;211.76;212.03;215.11;217.50;219.05;219.37;219.25;225.28;225.34;230.80;235.78;232.83;230.20;236.78;243.34;244.78;249.63;251.18;244.58;249.92;249.89;253.18;250.14;252.51;,HARAM,Group classification: BANKS-SUPER REGIONAL,
C,BANKS,BANKS-SUPER REGIONAL,,,,111.69;114.52;113.69;113.07;114.57;117.16;115.20;123.19;116.84;110.34;115.72;115.45;109.04;115.64;110.93;110.80;106.03;108.46;105.00;106.84;108.16;109.00;113.20;111.88;106.76;114.76;116.81;122.91;123.80;128.97;128.73;132.42;129.12;127.38;127.92;127.38;125.63;127.60;125.55;126.44;124.82;122.41;124.82;125.09;125.39;125.90;131.26;135.15;133.28;133.38;139.83;142.99;143.06;144.97;144.98;142.49;140.13;143.86;137.39;140.79;133.27;131.71;128.72;132.25;,HARAM,Group classification: BANKS-SUPER REGIONAL,
ZION,BANKS,BANKS-WEST/SOUTHWEST,,,,58.22;60.14;58.31;57.48;59.03;61.45;63.18;64.21;61.99;60.80;61.57;62.03;58.75;61.18;57.70;57.78;55.32;55.00;53.83;53.14;53.22;53.64;55.80;56.82;55.17;57.82;58.53;60.54;60.59;61.22;61.08;62.57;61.47;60.88;62.70;62.94;61.64;63.51;62.03;60.37;60.09;60.09;61.71;62.12;62.32;62.45;62.02;63.05;63.25;65.82;67.25;66.73;66.17;68.49;69.33;69.52;70.70;70.60;68.64;70.66;70.42;73.31;71.89;70.07;,HARAM,Group classification: BANKS-WEST/SOUTHWEST,
CFR,BANKS,BANKS-WEST/SOUTHWEST,,,,135.37;140.04;134.36;133.24;135.83;138.53;141.53;144.97;144.15;142.39;142.27;143.34;139.89;142.00;139.15;138.64;134.34;132.99;131.93;131.00;128.47;131.25;133.77;135.35;134.30;137.60;138.88;141.94;141.42;141.28;140.46;143.32;141.95;140.33;142.36;143.83;138.25;139.68;137.80;135.11;134.23;136.73;138.69;138.33;136.65;135.52;135.54;137.87;140.85;144.50;148.00;146.30;145.66;149.98;153.50;154.77;155.75;156.26;153.72;156.86;157.38;163.52;162.07;162.26;,HARAM,Group classification: BANKS-WEST/SOUTHWEST,
WAL,BANKS,BANKS-WEST/SOUTHWEST,,,,84.88;89.95;87.52;87.78;88.24;90.42;90.18;95.10;93.86;92.25;94.04;92.84;87.72;89.56;80.98;81.10;73.50;71.87;67.74;67.29;66.33;66.66;69.30;69.77;67.59;71.97;72.67;74.58;75.78;77.18;76.86;79.00;77.93;78.99;80.02;81.08;79.40;82.86;81.44;77.13;75.93;76.59;77.03;78.59;78.42;79.65;80.20;80.74;80.01;81.57;83.67;81.48;79.91;80.68;81.48;82.88;83.49;82.50;78.71;80.69;80.34;83.99;80.97;83.41;,HARAM,Group classification: BANKS-WEST/SOUTHWEST,
PB,BANKS,BANKS-WEST/SOUTHWEST,,,,70.97;73.16;70.72;65.94;67.81;69.55;71.79;73.56;74.71;71.37;71.97;72.25;69.73;71.25;69.68;68.54;67.46;65.71;64.23;64.21;63.56;64.16;65.86;65.89;65.11;66.81;66.67;67.98;68.25;68.10;68.55;69.71;69.20;68.09;68.91;69.07;68.01;69.52;68.69;67.20;66.46;67.59;68.45;68.52;68.35;68.39;68.08;68.18;69.01;70.52;72.07;71.60;71.19;72.32;73.38;73.52;73.37;71.08;70.43;71.99;72.50;74.73;72.98;73.06;,HARAM,Group classification: BANKS-WEST/SOUTHWEST,
BOKF,BANKS,BANKS-WEST/SOUTHWEST,,,,128.54;134.28;129.21;127.54;128.69;130.73;133.08;135.07;134.26;132.93;132.13;133.44;128.60;130.23;127.87;128.75;124.96;125.01;124.87;124.71;123.55;124.46;125.93;125.59;124.56;127.46;129.26;133.55;133.49;134.73;134.86;136.42;134.38;131.91;133.32;133.14;132.35;134.88;131.82;128.39;127.31;127.82;129.94;130.75;130.21;128.04;127.41;128.65;128.94;131.60;134.61;133.11;130.33;135.22;138.46;138.52;141.24;140.12;135.38;138.69;138.45;143.11;140.47;141.55;,HARAM,Group classification: BANKS-WEST/SOUTHWEST,
GBCI,BANKS,BANKS-WEST/SOUTHWEST,,,,46.30;49.20;47.87;48.31;50.00;51.35;51.45;52.50;51.01;50.61;49.62;49.83;47.16;48.29;45.27;44.62;42.98;44.11;43.45;42.79;42.23;42.76;44.07;43.86;43.17;44.45;45.74;47.06;47.83;47.57;47.22;49.11;48.55;48.41;49.14;48.74;47.87;49.44;48.48;46.33;46.17;46.50;47.62;47.36;47.64;47.25;46.35;46.88;46.82;47.59;49.64;49.08;48.13;49.33;50.48;51.59;52.42;52.21;50.26;51.49;51.79;54.51;52.30;51.17;,HARAM,Group classification: BANKS-WEST/SOUTHWEST,
NYCB,BANKS,SAVINGS & LOAN,,,,,HARAM,Group classification: SAVINGS & LOAN,
TFSL,BANKS,SAVINGS & LOAN,,,,13.58;13.98;13.63;13.61;13.56;13.89;13.98;14.41;14.41;14.38;14.52;14.48;13.74;13.90;13.80;13.71;13.38;13.28;13.23;13.26;13.17;13.16;13.37;13.46;13.50;13.99;13.97;14.42;14.53;14.48;14.25;14.79;14.51;14.43;14.82;14.78;14.67;14.84;14.84;14.74;15.06;15.15;15.46;15.70;15.62;15.64;15.78;16.05;16.21;16.69;16.92;16.46;16.42;16.88;17.51;17.53;17.86;17.87;17.35;17.67;17.69;18.44;18.23;18.27;,HARAM,Group classification: SAVINGS & LOAN,
CFFN,BANKS,SAVINGS & LOAN,,,,6.50;6.82;6.65;6.94;7.12;7.37;7.45;7.50;7.46;7.56;7.50;7.59;7.22;7.35;7.16;7.15;6.90;6.99;6.85;6.91;6.86;6.92;7.03;7.02;6.92;7.12;7.25;7.50;7.49;7.54;7.47;7.63;7.57;7.60;7.79;7.59;7.68;7.83;7.85;7.68;7.64;7.63;7.78;7.75;7.77;7.77;7.86;7.82;7.90;8.07;8.25;8.17;8.08;8.29;8.46;8.46;8.62;8.46;8.21;8.50;8.49;8.79;8.56;8.59;,HARAM,Group classification: SAVINGS & LOAN,
WAFD,BANKS,SAVINGS & LOAN,,,,30.94;32.42;31.32;31.44;32.10;32.79;33.06;32.89;32.46;32.63;32.84;32.95;31.41;32.33;31.45;31.54;30.76;30.53;30.81;30.72;30.53;30.84;31.34;31.35;30.83;31.39;31.81;32.57;32.29;32.46;32.26;34.93;34.77;34.93;35.31;35.13;34.96;35.37;35.28;34.90;34.46;34.80;35.18;35.24;35.55;35.56;35.35;35.57;35.78;36.55;37.07;36.96;36.48;37.26;38.01;38.05;39.04;38.16;36.90;38.10;38.01;39.32;36.84;36.74;,HARAM,Group classification: SAVINGS & LOAN,
CARR,BUILDING,BUILDING-A/C & HEATING,,,,54.82;57.03;56.96;57.50;59.16;60.76;62.65;64.85;66.60;64.93;63.87;63.68;63.08;62.31;63.39;60.65;57.93;58.01;56.09;55.45;57.20;57.66;58.16;54.28;53.97;56.49;55.19;57.88;62.89;64.20;59.28;61.21;60.22;60.54;61.56;66.69;65.65;67.66;66.59;65.33;66.49;64.28;63.36;62.91;64.28;63.64;66.18;68.29;67.11;67.73;69.66;70.90;71.55;70.50;75.73;73.17;71.81;69.85;66.50;69.09;69.51;69.09;66.74;68.10;,HALAL,"Business activity permissible — debt ratio not verified, cross-check Musaffa/Zoya",
TT,BUILDING,BUILDING-A/C & HEATING,,,,385.52;388.31;392.32;392.36;418.62;433.33;434.12;457.65;470.34;463.10;457.30;464.94;461.57;455.01;464.00;442.97;422.17;432.69;420.86;420.55;425.73;409.43;429.11;406.21;403.02;427.17;429.91;448.45;464.66;469.50;459.23;476.16;476.11;485.32;479.66;491.42;485.40;487.07;465.11;466.60;480.58;459.38;450.67;450.00;456.64;450.28;457.88;462.71;458.92;449.12;458.25;475.34;483.40;474.34;503.46;480.35;484.58;487.24;472.29;479.70;483.55;475.00;468.16;473.60;,HALAL,"Business activity permissible — debt ratio not verified, cross-check Musaffa/Zoya",
LII,BUILDING,BUILDING-A/C & HEATING,,,,502.76;506.97;509.69;484.90;492.45;505.79;514.40;526.48;554.55;563.64;550.95;558.03;555.35;541.52;560.41;547.74;514.72;509.14;479.74;476.32;475.45;465.39;474.44;435.97;441.63;463.73;452.51;476.94;504.10;519.18;478.07;492.28;488.59;489.80;494.34;533.61;513.63;540.08;520.00;507.33;513.15;500.21;492.15;483.48;501.96;500.96;515.14;516.84;512.22;503.59;510.93;527.07;531.16;522.34;569.37;567.47;571.08;568.00;537.76;552.03;562.77;558.57;533.58;532.78;,HALAL,"Business activity permissible — debt ratio not verified, cross-check Musaffa/Zoya",
WSO,BUILDING,BUILDING-A/C & HEATING,,,,370.64;381.82;380.60;378.83;380.12;384.03;399.29;407.94;420.57;411.07;412.45;403.21;405.38;403.96;404.14;398.39;386.75;373.23;357.83;368.31;371.77;367.12;357.51;342.31;343.19;369.76;372.32;384.49;402.39;403.90;418.30;434.67;429.00;436.88;434.73;434.11;411.25;428.38;417.02;413.58;412.53;388.35;383.28;371.97;377.70;363.97;360.76;365.91;368.67;372.46;377.22;385.82;397.62;384.42;408.68;407.10;404.15;395.66;376.98;380.59;391.92;385.16;370.77;362.00;,HALAL,"Business activity permissible — debt ratio not verified, cross-check Musaffa/Zoya",
AAON,BUILDING,BUILDING-A/C & HEATING,,,,91.56;96.39;93.29;91.04;90.88;93.19;92.71;98.62;102.52;100.84;102.08;102.10;100.75;98.70;104.53;95.78;88.16;90.36;86.89;81.40;78.50;79.95;83.95;83.34;78.17;83.59;81.19;87.31;93.11;93.74;91.42;97.83;96.79;99.52;88.02;93.25;91.84;98.23;139.56;133.57;139.90;133.85;133.67;134.51;139.44;140.10;143.40;143.55;132.05;121.12;127.19;130.66;136.72;129.45;133.26;125.71;116.42;109.35;107.98;114.16;112.93;113.20;103.88;107.17;,HALAL,"Business activity permissible — debt ratio not verified, cross-check Musaffa/Zoya",
VMC,BUILDING,BUILDING-CEMENT/CONCRETE,,,,295.00;302.10;299.24;298.57;299.38;309.81;309.56;326.05;318.54;326.38;298.20;304.11;316.66;307.79;305.01;294.83;273.93;271.46;263.29;265.42;257.35;257.89;266.17;266.01;266.41;279.57;281.07;292.00;294.89;296.27;285.21;294.19;289.53;291.49;290.88;301.14;287.15;295.13;283.16;278.78;274.54;265.80;262.74;260.65;275.65;282.92;281.84;283.06;269.98;272.67;286.47;300.83;302.84;299.09;312.97;303.82;295.03;304.84;286.59;295.25;291.89;293.47;280.62;277.83;,HALAL,"Business activity permissible — debt ratio not verified, cross-check Musaffa/Zoya",
MLM,BUILDING,BUILDING-CEMENT/CONCRETE,,,,629.23;650.34;650.07;648.51;650.22;661.26;669.17;693.88;659.90;677.06;659.98;684.12;695.00;676.66;664.40;659.66;609.12;606.67;586.53;584.47;567.11;559.89;575.36;579.28;572.75;598.07;597.63;623.47;630.63;629.90;607.11;626.45;609.77;614.42;613.16;618.19;602.43;614.60;589.54;580.31;574.41;554.99;541.21;535.71;573.57;580.81;576.93;580.86;553.98;552.87;577.33;603.57;609.12;604.18;628.94;581.23;579.24;605.30;570.00;577.72;573.75;576.93;553.62;550.66;,HALAL,"Business activity permissible — debt ratio not verified, cross-check Musaffa/Zoya",
EXP,BUILDING,BUILDING-CEMENT/CONCRETE,,,,,HALAL,"Business activity permissible — debt ratio not verified, cross-check Musaffa/Zoya",
SUM,BUILDING,BUILDING-CEMENT/CONCRETE,,,,,HALAL,"Business activity permissible — debt ratio not verified, cross-check Musaffa/Zoya",
CX,BUILDING,BUILDING-CEMENT/CONCRETE,,,,12.43;12.93;12.70;13.11;12.42;12.69;11.90;12.73;12.88;12.51;12.51;12.84;12.51;12.70;12.10;11.89;10.87;10.71;10.36;10.74;10.25;9.97;10.82;10.93;10.68;11.56;11.33;11.75;11.89;11.79;11.63;11.97;11.74;12.33;12.10;12.27;11.86;13.52;13.08;13.14;13.13;12.67;12.64;12.53;13.18;13.06;13.03;12.91;12.01;11.77;12.95;12.95;12.73;12.16;12.38;12.14;12.13;12.32;12.17;12.48;12.80;13.10;12.49;12.72;,HALAL,"Business activity permissible — debt ratio not verified, cross-check Musaffa/Zoya",
MAS,BUILDING,BUILDING-CONSTRUCTION PRODUCTS,,,,67.55;69.27;67.97;65.88;65.49;67.44;70.47;70.96;75.79;75.50;76.03;74.79;73.53;72.05;69.47;68.11;63.36;63.17;60.37;61.80;59.63;58.56;60.08;59.90;58.32;60.40;59.41;61.93;62.67;64.60;63.43;66.36;73.61;73.83;73.99;71.48;68.16;71.61;71.40;69.47;67.93;65.22;66.36;67.26;69.82;70.25;69.00;69.91;68.96;70.87;74.03;74.80;74.38;73.21;79.72;80.50;81.64;81.04;75.75;77.84;77.85;80.14;77.49;78.01;,HALAL,"Business activity permissible — debt ratio not verified, cross-check Musaffa/Zoya",
FBHS,BUILDING,BUILDING-CONSTRUCTION PRODUCTS,,,,,HALAL,"Business activity permissible — debt ratio not verified, cross-check Musaffa/Zoya",
JELD,BUILDING,BUILDING-CONSTRUCTION PRODUCTS,,,,2.94;3.09;2.87;2.71;2.72;2.61;2.77;2.63;2.78;2.24;2.46;2.17;2.03;1.95;1.99;2.01;1.84;1.51;1.44;1.44;1.32;1.24;1.21;1.20;1.10;1.17;1.09;1.00;1.05;1.10;1.21;1.41;1.31;1.46;1.53;1.37;1.39;1.73;1.70;1.57;1.54;1.50;1.49;1.74;2.05;2.16;2.03;2.02;1.64;1.63;1.77;1.82;1.78;1.52;1.65;1.38;1.49;1.27;1.21;1.21;1.23;1.19;1.17;1.17;,HALAL,"Business activity permissible — debt ratio not verified, cross-check Musaffa/Zoya",
AWI,BUILDING,BUILDING-CONSTRUCTION PRODUCTS,,,,187.43;188.27;186.58;182.86;182.99;186.78;192.95;199.04;200.11;199.46;195.87;198.11;173.59;174.85;171.29;169.23;167.89;166.05;164.63;167.13;169.61;163.52;165.25;164.62;159.40;165.38;165.75;172.41;175.11;178.81;173.21;180.23;176.37;177.90;169.48;170.03;163.29;165.88;161.42;159.10;160.33;157.89;157.35;157.42;159.76;157.90;152.84;152.75;152.08;152.19;154.21;158.00;157.88;154.97;161.46;159.47;158.15;159.60;151.93;155.50;155.53;160.67;152.22;157.28;,HALAL,"Business activity permissible — debt ratio not verified, cross-check Musaffa/Zoya",
USLM,BUILDING,BUILDING-CONSTRUCTION PRODUCTS,,,,126.77;130.81;128.38;122.48;120.39;118.00;106.88;107.65;107.64;108.34;105.69;108.81;111.62;113.91;125.41;127.80;117.38;117.98;116.51;126.78;119.58;118.40;123.24;124.99;125.14;135.73;131.77;135.64;136.74;137.21;133.54;137.41;131.95;131.42;129.63;107.61;106.41;106.92;109.96;109.39;107.47;104.26;104.06;106.04;111.91;113.99;107.30;107.15;105.67;103.97;108.39;109.48;113.60;105.83;107.15;101.76;106.03;102.78;97.49;101.08;104.01;109.07;105.05;107.24;,HALAL,"Business activity permissible — debt ratio not verified, cross-check Musaffa/Zoya",
ROCK,BUILDING,BUILDING-CONSTRUCTION PRODUCTS,,,,54.74;51.15;51.16;51.07;51.26;51.69;52.20;53.65;54.12;54.74;52.89;52.79;50.79;49.03;45.16;43.05;40.23;41.48;42.34;41.83;39.83;38.86;42.05;40.92;39.50;39.54;38.29;40.53;40.18;41.53;37.63;40.27;39.97;39.57;40.17;39.03;36.92;37.90;40.81;37.91;37.93;35.55;35.15;37.18;39.50;38.65;38.03;38.30;38.39;37.49;40.30;41.47;40.90;39.32;44.19;44.66;45.31;43.23;41.26;42.22;41.60;44.89;43.59;44.46;,HALAL,"Business activity permissible — debt ratio not verified, cross-check Musaffa/Zoya",
MTZ,BUILDING,BUILDING-HEAVY CONSTRUCTION,,,,240.35;244.57;245.29;244.75;240.48;249.51;244.86;262.11;264.99;269.53;264.18;283.86;287.70;289.96;304.53;303.87;285.61;300.12;296.95;300.26;303.07;300.58;322.65;306.74;305.80;333.79;337.27;348.11;361.22;365.89;358.14;371.59;376.50;376.12;375.09;394.05;425.39;433.28;414.29;420.30;434.77;385.58;384.21;382.11;387.52;378.37;366.30;374.73;361.70;335.58;362.97;369.35;379.66;390.44;403.57;429.09;390.61;380.63;382.90;372.89;365.10;340.81;336.61;357.35;,HALAL,"Business activity permissible — debt ratio not verified, cross-check Musaffa/Zoya",
PWR,BUILDING,BUILDING-HEAVY CONSTRUCTION,,,,463.33;468.62;470.61;481.11;474.46;488.43;477.55;514.38;523.78;523.90;519.13;552.47;568.01;564.85;572.46;568.18;540.00;563.85;566.71;573.82;571.80;555.20;578.24;545.45;533.59;559.92;554.30;576.15;585.27;594.31;587.33;604.88;613.69;624.74;630.84;727.66;757.22;785.12;744.89;765.69;779.96;722.92;709.82;723.33;733.51;711.62;705.95;719.06;693.70;650.82;707.63;719.18;702.14;702.18;718.48;714.34;691.40;674.04;666.33;658.56;660.94;631.02;632.56;643.14;,HALAL,"Business activity permissible — debt ratio not verified, cross-check Musaffa/Zoya",
EME,BUILDING,BUILDING-HEAVY CONSTRUCTION,,,,687.06;702.18;706.15;726.61;720.00;743.78;716.95;775.45;807.69;800.01;782.27;811.97;805.98;745.42;735.03;740.12;705.07;722.65;709.81;725.81;736.91;724.20;760.50;725.57;700.39;758.78;756.77;788.39;801.62;813.35;791.84;830.68;859.56;869.45;863.33;891.21;909.79;943.26;921.16;924.42;929.55;876.74;852.71;848.47;854.82;826.39;826.85;844.99;823.36;776.32;822.63;834.34;836.16;838.18;862.21;813.99;803.91;786.88;768.58;781.38;774.34;750.04;744.03;755.15;,HALAL,"Business activity permissible — debt ratio not verified, cross-check Musaffa/Zoya",
FIX,BUILDING,BUILDING-HEAVY CONSTRUCTION,,,,1133.72;1130.67;1126.52;1167.99;1141.06;1208.87;1146.92;1282.48;1337.43;1336.73;1318.27;1460.90;1467.24;1436.92;1436.93;1429.08;1278.56;1383.08;1373.22;1413.55;1422.44;1356.22;1460.95;1358.13;1272.68;1427.96;1433.53;1524.56;1592.22;1649.83;1605.34;1679.43;1723.81;1725.44;1718.54;1839.53;1891.21;2010.70;1951.61;2015.52;2041.56;1854.43;1835.51;1828.25;1867.09;1828.21;1883.26;1914.65;1852.03;1719.48;1877.61;1913.94;1967.41;1908.07;2017.57;1948.69;1865.15;1793.03;1684.94;1756.09;1775.10;1680.60;1712.18;1791.06;,HALAL,"Business activity permissible — debt ratio not verified, cross-check Musaffa/Zoya",
DY,BUILDING,BUILDING-HEAVY CONSTRUCTION,,,,366.15;379.10;373.27;369.99;364.39;391.70;376.24;415.28;429.68;427.48;412.68;429.73;428.58;420.51;418.73;387.07;357.07;362.97;357.25;357.96;352.19;336.38;350.63;336.77;324.73;347.45;348.63;381.00;393.00;392.25;400.38;410.26;408.05;410.72;403.45;414.10;429.47;457.78;428.31;429.40;450.98;419.66;412.78;411.20;529.13;510.00;485.97;488.57;458.86;445.89;469.00;471.72;456.65;464.64;493.61;506.80;470.51;431.00;426.70;425.72;418.87;412.86;410.18;434.15;,HALAL,"Business activity permissible — debt ratio not verified, cross-check Musaffa/Zoya",
PRIM,BUILDING,BUILDING-HEAVY CONSTRUCTION,,,,146.75;150.35;150.20;148.92;148.04;154.81;147.76;162.38;165.39;166.29;160.18;169.12;151.70;151.77;150.85;144.41;132.96;133.92;132.07;141.15;138.08;138.62;146.85;140.40;134.21;150.55;146.56;156.46;161.01;166.09;157.73;164.58;171.49;171.46;168.80;181.00;185.40;101.15;104.71;113.21;115.42;108.54;106.60;117.45;130.52;125.68;124.21;127.52;122.72;93.80;98.57;103.19;101.22;84.88;95.30;97.16;92.94;90.20;89.50;86.60;88.63;88.01;86.64;89.52;,HALAL,"Business activity permissible — debt ratio not verified, cross-check Musaffa/Zoya",
MYRG,BUILDING,BUILDING-HEAVY CONSTRUCTION,,,,247.17;250.07;250.66;251.55;250.04;263.96;252.86;270.19;270.73;273.95;260.90;281.01;279.00;272.47;273.54;274.62;260.90;267.90;257.70;267.43;266.69;259.68;284.15;269.06;267.10;289.31;288.06;300.43;318.26;322.07;315.26;332.14;333.04;339.28;330.97;404.81;456.29;454.78;437.86;455.27;473.07;449.98;445.73;446.90;471.99;465.06;450.31;451.40;436.88;407.22;445.72;446.77;461.10;468.00;487.33;501.13;463.11;442.72;419.78;419.34;419.04;398.81;390.32;409.07;,HALAL,"Business activity permissible — debt ratio not verified, cross-check Musaffa/Zoya",
RBA,BUILDING,BUILDING-MAINT & SVCS,,,,112.92;116.13;116.64;115.72;113.24;114.33;114.64;117.48;113.54;101.70;107.15;103.07;96.66;101.51;99.83;102.97;103.88;103.04;97.62;98.74;96.85;94.70;96.16;97.83;94.14;96.32;97.59;99.52;103.00;103.04;102.99;104.21;102.34;106.44;105.04;103.99;104.70;105.57;102.98;103.10;101.49;102.54;104.24;104.41;103.94;106.35;104.85;105.53;104.53;105.64;107.63;110.90;110.57;108.46;115.50;113.95;113.06;114.09;111.09;108.13;109.16;113.14;110.59;110.51;,HALAL,"Business activity permissible — debt ratio not verified, cross-check Musaffa/Zoya",
FERG,BUILDING,BUILDING-MAINT & SVCS,,,,240.79;249.87;252.58;249.83;250.56;255.71;252.83;259.64;265.35;259.39;258.04;253.08;259.88;262.89;255.21;245.27;229.36;227.04;218.89;222.69;221.01;216.73;225.06;220.46;222.79;238.14;238.18;248.24;255.63;257.87;256.06;262.41;261.06;262.58;257.19;266.68;259.80;251.24;240.41;237.19;231.11;219.95;225.68;223.31;229.80;225.97;227.60;230.60;224.29;224.56;230.08;234.80;238.35;234.05;240.76;238.61;229.20;228.92;221.46;227.46;234.68;234.10;229.02;229.63;,HALAL,"Business activity permissible — debt ratio not verified, cross-check Musaffa/Zoya",
WMS,BUILDING,BUILDING-MAINT & SVCS,,,,154.68;155.40;153.09;151.60;151.66;155.99;169.61;172.26;172.81;170.55;169.53;170.19;170.40;171.77;168.09;160.84;145.90;150.38;138.83;140.11;135.20;132.00;136.37;134.13;131.27;136.80;140.52;147.21;146.97;155.40;144.11;155.44;153.60;151.75;149.19;149.04;140.55;148.51;142.99;139.59;139.89;135.09;136.63;132.81;140.15;138.96;135.66;131.20;130.51;129.50;134.95;143.23;147.12;140.17;155.26;154.48;150.96;151.34;145.05;150.47;151.04;151.28;143.04;141.75;,HALAL,"Business activity permissible — debt ratio not verified, cross-check Musaffa/Zoya",
BCC,BUILDING,BUILDING-MAINT & SVCS,,,,83.33;85.01;82.91;80.38;80.34;84.44;88.64;88.50;88.89;86.00;85.10;81.65;86.39;83.38;80.34;78.07;75.11;72.31;69.40;71.49;71.61;68.08;73.34;74.06;74.71;74.84;73.52;78.98;79.92;81.46;78.55;83.71;81.98;83.88;82.35;79.02;74.10;74.01;70.45;67.72;69.18;67.39;67.07;66.95;70.07;69.50;69.22;68.48;67.97;68.31;71.14;71.56;74.66;71.80;79.76;79.26;75.48;75.28;71.29;76.06;74.09;80.14;75.90;77.70;,HALAL,"Business activity permissible — debt ratio not verified, cross-check Musaffa/Zoya",
BLDR,BUILDING,BUILDING-MAINT & SVCS,,,,122.52;125.25;119.19;117.09;114.40;118.56;120.06;124.30;126.94;114.73;113.90;110.55;109.68;104.56;99.41;95.99;93.12;93.68;86.60;87.02;86.62;81.22;83.94;82.17;78.85;80.97;82.06;83.09;85.30;87.77;83.90;91.32;90.63;90.04;88.12;79.09;73.75;80.03;77.40;72.78;73.58;70.18;71.23;74.15;77.47;76.26;75.37;74.98;73.12;74.62;77.77;78.74;80.59;76.73;88.72;90.51;84.77;82.33;74.20;75.69;75.16;78.20;72.70;71.03;,HALAL,"Business activity permissible — debt ratio not verified, cross-check Musaffa/Zoya",
LCII,BUILDING,BUILDING-MOBILE/MFG & RV,,,,135.39;146.93;143.25;144.95;143.84;147.91;149.78;151.37;153.56;154.08;150.76;144.71;138.74;132.88;129.90;132.97;127.17;124.06;120.94;123.94;120.09;116.28;121.74;122.49;118.85;121.59;121.27;125.62;124.99;126.50;118.17;120.11;118.46;118.79;116.89;118.01;105.70;115.76;117.61;111.27;112.81;108.90;108.73;110.53;111.80;109.02;106.82;96.04;92.60;90.72;93.06;92.78;91.92;92.26;95.85;100.12;102.04;104.45;100.56;101.07;103.55;108.48;106.90;106.01;,HALAL,"Business activity permissible — debt ratio not verified, cross-check Musaffa/Zoya",
WGO,BUILDING,BUILDING-MOBILE/MFG & RV,,,,44.99;47.40;45.39;45.07;44.88;46.94;47.93;46.86;46.28;45.49;45.46;45.77;42.99;40.78;38.08;38.11;35.47;33.38;32.70;33.26;31.96;32.66;34.29;32.11;30.84;29.53;30.81;31.47;32.30;32.60;32.01;33.20;32.19;32.47;32.11;32.21;30.11;31.56;31.36;29.19;29.52;28.69;28.82;29.42;29.55;29.33;28.92;27.78;27.62;27.59;29.24;28.84;28.67;28.28;30.88;31.52;31.06;30.67;28.83;29.37;29.01;31.31;30.51;31.13;,HALAL,"Business activity permissible — debt ratio not verified, cross-check Musaffa/Zoya",
THO,BUILDING,BUILDING-MOBILE/MFG & RV,,,,111.33;116.35;112.37;110.35;110.35;116.62;116.89;118.58;118.18;113.23;113.86;112.11;107.04;95.72;94.39;89.62;85.13;83.56;81.22;82.45;76.94;74.18;81.94;80.33;77.17;76.81;76.77;78.51;78.68;78.21;77.69;80.55;77.46;78.45;77.75;78.49;73.21;76.65;76.67;74.18;76.77;73.30;74.24;76.48;78.32;78.53;77.00;74.33;76.83;74.32;76.64;74.51;71.88;72.35;77.41;78.37;75.11;75.73;72.32;72.86;72.31;77.43;75.79;77.60;,HALAL,"Business activity permissible — debt ratio not verified, cross-check Musaffa/Zoya",
PATK,BUILDING,BUILDING-MOBILE/MFG & RV,,,,126.57;127.67;127.81;128.56;125.09;130.86;139.39;140.41;144.50;141.87;136.33;135.67;128.57;125.95;123.18;120.40;115.21;115.16;112.55;114.15;112.02;107.65;111.50;107.60;105.15;112.41;113.27;120.46;116.99;110.81;102.37;103.19;100.85;96.57;93.83;92.52;84.69;95.40;94.68;93.86;93.65;89.85;90.23;90.40;93.72;90.52;90.66;86.05;85.07;83.65;86.70;87.13;87.37;87.17;92.68;93.18;85.27;85.93;83.08;82.70;84.28;88.25;87.40;86.42;,HALAL,"Business activity permissible — debt ratio not verified, cross-check Musaffa/Zoya",
CWH,BUILDING,BUILDING-MOBILE/MFG & RV,,,,13.56;14.71;14.33;13.86;13.19;13.01;13.03;13.37;12.84;11.48;12.18;12.28;10.85;8.61;8.08;7.65;7.36;6.94;6.42;6.26;5.80;6.13;6.73;6.98;6.58;6.59;6.35;7.10;7.29;7.20;7.27;7.75;7.08;7.48;6.81;8.19;7.43;7.89;7.49;6.70;6.86;6.98;7.04;7.45;7.53;7.33;7.44;7.01;6.83;7.22;7.98;7.58;7.76;7.23;7.42;8.01;7.51;6.94;6.36;6.22;6.18;6.54;6.02;6.27;,HALAL,"Business activity permissible — debt ratio not verified, cross-check Musaffa/Zoya",
DHI,BUILDING,BUILDING-RESIDENTIAL/COMMERCIAL,,,,,HALAL,"Business activity permissible — debt ratio not verified, cross-check Musaffa/Zoya",
LEN,BUILDING,BUILDING-RESIDENTIAL/COMMERCIAL,,,,113.37;112.92;108.86;109.07;107.65;110.78;114.08;112.81;119.64;120.91;119.91;115.16;115.10;110.75;109.37;105.34;100.04;97.62;91.51;94.88;93.69;89.54;91.35;90.09;83.93;84.49;87.58;87.64;87.98;87.84;87.81;93.07;93.89;93.49;91.77;89.76;83.86;90.00;87.86;85.35;84.74;83.32;86.79;88.33;90.42;89.25;90.36;91.34;90.20;89.32;89.76;89.25;89.20;86.83;93.30;90.31;86.54;87.13;83.09;84.27;83.71;86.40;82.90;82.15;,HALAL,"Business activity permissible — debt ratio not verified, cross-check Musaffa/Zoya",
PHM,BUILDING,BUILDING-RESIDENTIAL/COMMERCIAL,,,,126.27;127.23;124.54;122.75;124.56;129.91;133.48;131.81;138.73;141.96;141.50;139.43;140.30;135.08;133.15;131.62;127.30;123.86;119.95;121.65;116.83;114.31;117.84;116.87;113.48;116.90;119.58;120.19;120.08;122.42;120.22;127.13;127.29;127.29;124.67;122.10;114.91;119.85;117.30;114.31;113.63;111.54;116.01;116.18;118.85;117.93;117.52;117.97;117.46;118.24;122.91;124.76;126.96;126.55;135.81;137.94;132.59;131.38;122.94;124.75;124.56;129.02;123.18;126.75;,HALAL,"Business activity permissible — debt ratio not verified, cross-check Musaffa/Zoya",
NVR,BUILDING,BUILDING-RESIDENTIAL/COMMERCIAL,,,,7536.28;7762.31;7664.48;7626.08;7635.73;7770.86;8044.79;7882.25;8097.25;7507.43;7523.12;7580.60;7504.79;7434.14;7415.75;7251.27;6958.83;6783.24;6439.00;6565.94;6482.82;6369.38;6499.93;6530.22;6499.34;6664.19;6715.45;6755.50;6750.04;6843.71;6703.59;7096.97;6610.77;6503.95;6442.36;6315.87;5932.12;6099.80;5974.07;5795.66;5680.61;5716.78;5990.37;6036.99;6098.08;6104.80;6180.96;6177.27;6191.11;6305.04;6374.93;6437.58;6490.93;6389.57;6814.44;6821.03;6643.73;6693.66;6429.13;6479.39;6378.80;6701.10;6446.65;6349.28;,HALAL,"Business activity permissible — debt ratio not verified, cross-check Musaffa/Zoya",
TOL,BUILDING,BUILDING-RESIDENTIAL/COMMERCIAL,,,,143.35;147.03;143.42;144.47;143.97;145.93;150.06;151.71;160.89;165.52;159.42;161.42;159.05;158.08;153.72;153.01;147.15;145.12;137.52;141.66;136.45;131.52;135.97;132.75;129.99;136.36;137.31;138.66;139.87;141.69;138.66;147.03;147.76;146.38;143.48;141.89;134.81;141.35;137.65;134.18;131.77;126.75;136.07;134.09;139.71;138.30;139.29;139.57;136.92;138.66;146.84;153.00;155.40;150.70;161.80;164.59;157.09;154.86;145.31;149.49;152.53;155.81;146.94;148.98;,HALAL,"Business activity permissible — debt ratio not verified, cross-check Musaffa/Zoya",
KBH,BUILDING,BUILDING-RESIDENTIAL/COMMERCIAL,,,,59.61;59.82;57.98;57.42;57.02;58.87;61.30;60.18;63.60;66.03;65.47;64.97;64.52;63.15;60.86;59.43;57.50;55.64;52.87;54.03;52.93;50.89;52.67;51.65;50.26;50.96;51.08;51.15;51.34;51.67;51.67;54.94;55.30;54.99;54.18;52.72;47.85;49.42;49.52;46.93;46.89;45.64;47.05;48.60;49.70;48.86;51.45;52.06;51.42;52.16;54.00;53.84;54.20;52.73;60.72;62.64;60.62;59.78;56.35;56.32;55.49;57.81;54.79;56.47;,HALAL,"Business activity permissible — debt ratio not verified, cross-check Musaffa/Zoya",
MTH,BUILDING,BUILDING-RESIDENTIAL/COMMERCIAL,,,,73.61;73.50;70.69;68.21;68.54;71.75;74.43;74.40;76.96;79.47;77.89;76.74;76.39;74.38;71.67;70.44;66.74;66.19;61.90;63.23;60.77;58.37;60.55;60.14;59.67;61.70;62.66;64.62;66.11;66.20;63.90;68.97;68.26;68.62;68.91;66.90;62.63;64.43;64.73;62.07;61.44;60.81;63.26;63.81;66.03;64.81;67.67;67.74;67.79;70.10;73.95;74.29;75.73;75.60;83.34;84.31;81.55;79.90;74.58;75.50;73.72;77.44;71.18;72.27;,HALAL,"Business activity permissible — debt ratio not verified, cross-check Musaffa/Zoya",
TPH,BUILDING,BUILDING-RESIDENTIAL/COMMERCIAL,,,,,HALAL,"Business activity permissible — debt ratio not verified, cross-check Musaffa/Zoya",
MHO,BUILDING,BUILDING-RESIDENTIAL/COMMERCIAL,,,,134.31;135.75;133.98;132.36;133.70;134.60;140.66;141.77;145.39;149.58;144.10;143.46;141.86;141.07;141.39;143.88;135.62;133.06;128.31;129.18;123.91;120.38;122.90;121.88;118.63;123.00;122.66;123.88;124.12;124.16;119.29;127.36;133.64;133.64;135.26;131.49;125.73;131.67;131.87;127.99;126.51;123.89;127.46;129.82;133.63;131.62;138.43;138.36;135.53;137.40;141.33;145.04;149.09;148.65;159.19;161.34;156.56;152.37;146.03;147.32;148.11;152.92;146.66;148.88;,HALAL,"Business activity permissible — debt ratio not verified, cross-check Musaffa/Zoya",
TMHC,BUILDING,BUILDING-RESIDENTIAL/COMMERCIAL,,,,62.88;63.30;62.12;61.21;60.95;63.57;65.19;64.61;65.70;68.86;67.43;67.91;66.89;65.81;64.59;63.53;61.25;60.24;58.86;59.98;58.14;57.30;58.92;58.89;57.21;58.31;58.60;59.01;59.41;59.50;57.39;61.87;65.00;63.24;62.87;60.74;58.58;60.35;60.00;58.24;56.95;55.94;57.47;57.99;59.31;58.50;71.50;71.50;71.44;71.60;71.90;71.84;71.58;71.65;71.98;71.78;71.73;71.85;71.93;71.85;71.94;72.18;;;,HALAL,"Business activity permissible — debt ratio not verified, cross-check Musaffa/Zoya",
GRBK,BUILDING,BUILDING-RESIDENTIAL/COMMERCIAL,,,,70.70;71.63;69.62;69.39;69.39;72.50;74.94;74.77;77.29;80.59;79.35;78.72;78.24;77.69;72.40;71.78;68.31;66.03;64.06;65.25;63.42;61.26;63.23;63.00;62.75;65.37;66.26;68.23;67.28;67.45;65.69;70.55;71.68;70.82;70.28;67.44;64.70;66.82;66.09;64.28;64.02;63.46;65.70;66.33;68.10;67.26;69.02;69.32;67.94;70.00;72.19;73.00;74.61;74.55;79.93;80.14;78.66;76.74;71.97;73.64;72.31;75.19;70.50;71.45;,HALAL,"Business activity permissible — debt ratio not verified, cross-check Musaffa/Zoya",
WY,BUILDING,BUILDING-WOOD PRODUCTS,,,,26.50;26.33;26.15;25.61;25.34;26.23;26.26;26.21;26.64;26.29;25.82;24.85;24.47;24.10;24.20;24.40;24.08;23.97;22.83;23.53;23.23;22.28;23.34;23.40;24.07;23.99;23.99;24.69;24.43;24.57;24.15;25.22;24.56;24.82;24.61;24.31;23.33;23.84;23.33;23.25;23.15;22.68;23.04;23.46;24.30;24.30;24.18;24.49;24.07;24.16;24.85;24.79;24.32;24.44;25.76;24.62;23.56;23.40;22.46;23.45;23.80;24.45;23.96;23.82;,HALAL,"Business activity permissible — debt ratio not verified, cross-check Musaffa/Zoya",
PCH,BUILDING,BUILDING-WOOD PRODUCTS,,,,,HALAL,"Business activity permissible — debt ratio not verified, cross-check Musaffa/Zoya",
RYN,BUILDING,BUILDING-WOOD PRODUCTS,,,,23.69;23.31;22.82;21.93;22.18;21.99;21.96;21.85;21.81;23.02;22.92;22.10;20.99;20.99;21.10;21.80;21.02;20.25;19.56;19.80;19.98;19.26;20.01;19.91;20.35;20.61;20.54;21.01;20.94;21.03;20.78;21.15;20.70;21.07;21.21;20.95;20.36;20.93;20.17;20.09;19.98;19.61;19.99;20.11;20.50;20.64;20.65;20.77;20.53;20.44;21.66;21.32;20.98;21.17;21.88;21.66;21.29;21.60;20.98;21.27;21.72;22.15;21.26;21.53;,HALAL,"Business activity permissible — debt ratio not verified, cross-check Musaffa/Zoya",
LPX,BUILDING,BUILDING-WOOD PRODUCTS,,,,91.20;91.88;89.90;87.74;83.08;88.47;93.09;97.80;96.25;92.89;85.59;80.64;84.61;82.86;83.21;80.25;77.37;78.50;75.00;75.42;74.84;69.62;73.28;72.16;69.97;72.39;71.82;74.94;74.47;74.91;72.20;73.39;73.44;74.99;75.31;71.88;68.72;72.18;74.83;71.44;73.60;70.44;70.06;70.51;75.24;76.38;73.87;71.29;70.05;71.76;75.04;77.34;77.56;74.17;81.60;80.54;78.66;77.61;72.09;73.16;75.41;76.88;71.32;72.62;,HALAL,"Business activity permissible — debt ratio not verified, cross-check Musaffa/Zoya",
BCC,BUILDING,BUILDING-WOOD PRODUCTS,,,,83.33;85.01;82.91;80.38;80.34;84.44;88.64;88.50;88.89;86.00;85.10;81.65;86.39;83.38;80.34;78.07;75.11;72.31;69.40;71.49;71.61;68.08;73.34;74.06;74.71;74.84;73.52;78.98;79.92;81.46;78.55;83.71;81.98;83.88;82.35;79.02;74.10;74.01;70.45;67.72;69.18;67.39;67.07;66.95;70.07;69.50;69.22;68.48;67.97;68.31;71.14;71.56;74.66;71.80;79.76;79.26;75.48;75.28;71.29;76.06;74.09;80.14;75.90;77.70;,HALAL,"Business activity permissible — debt ratio not verified, cross-check Musaffa/Zoya",
IPG,BUSINESS_PRODUCTS,COMMERCIAL SVCS-ADVERTISING,,,,,HALAL,"Business activity permissible — debt ratio not verified, cross-check Musaffa/Zoya",
OMC,BUSINESS_PRODUCTS,COMMERCIAL SVCS-ADVERTISING,,,,76.44;77.63;78.72;74.98;75.47;66.61;67.71;69.31;67.91;67.60;68.73;81.57;80.78;82.99;83.62;84.05;83.20;79.33;77.09;77.89;75.28;74.27;74.59;74.51;74.52;74.41;75.16;76.06;73.98;75.67;77.93;77.67;77.28;74.94;76.07;75.91;75.46;76.10;76.24;75.24;70.82;72.37;71.12;74.14;74.06;71.94;74.42;74.83;74.28;73.98;76.68;77.37;71.35;72.96;73.43;73.93;76.11;79.90;78.60;81.93;80.75;84.17;82.37;79.38;,HALAL,"Business activity permissible — debt ratio not verified, cross-check Musaffa/Zoya",
TTD,BUSINESS_PRODUCTS,COMMERCIAL SVCS-ADVERTISING,,,,34.15;36.82;33.81;31.87;30.33;27.18;26.24;27.04;27.23;25.81;25.50;25.10;24.94;23.95;24.32;25.17;29.28;27.66;26.52;27.08;23.55;24.11;22.34;21.74;22.01;21.98;22.21;20.25;20.09;21.02;22.76;24.05;23.56;23.97;23.23;23.59;24.10;24.01;23.08;21.14;20.41;22.27;21.02;22.38;22.29;21.56;21.10;21.03;19.43;19.29;19.28;18.96;18.51;17.93;17.33;18.65;19.15;19.31;19.07;19.53;18.94;19.12;18.64;17.58;,HALAL,"Business activity permissible — debt ratio not verified, cross-check Musaffa/Zoya",
CRTO,BUSINESS_PRODUCTS,COMMERCIAL SVCS-ADVERTISING,,,,,HALAL,"Business activity permissible — debt ratio not verified, cross-check Musaffa/Zoya",
DV,BUSINESS_PRODUCTS,COMMERCIAL SVCS-ADVERTISING,,,,10.54;10.91;11.17;10.97;10.82;9.80;9.46;9.36;9.61;9.45;9.58;9.59;9.15;9.53;10.48;10.34;11.01;10.61;10.36;10.15;9.99;10.05;9.88;9.83;9.49;9.78;10.06;10.09;9.55;10.12;10.72;10.78;10.72;10.89;10.91;11.02;11.40;11.15;11.06;10.01;8.61;9.27;9.38;9.83;9.68;9.70;10.65;10.57;10.26;10.32;10.20;10.53;10.33;10.44;9.95;10.92;11.22;11.67;11.20;11.67;11.60;11.80;11.56;10.89;,HALAL,"Business activity permissible — debt ratio not verified, cross-check Musaffa/Zoya",
NCMI,BUSINESS_PRODUCTS,COMMERCIAL SVCS-ADVERTISING,,,,3.71;3.75;3.64;3.54;3.54;3.53;3.31;3.42;3.31;3.23;3.17;3.34;3.33;3.45;3.54;3.49;3.48;3.35;3.33;3.36;3.32;3.18;3.18;3.09;3.02;2.99;3.22;3.27;3.25;3.42;3.45;3.61;3.47;3.50;3.55;3.36;3.34;3.54;3.63;3.35;2.91;2.95;2.95;2.99;3.04;3.14;3.57;3.55;3.55;3.57;3.63;3.64;3.40;3.48;3.55;3.81;3.77;3.81;3.83;3.90;3.89;3.94;4.01;3.82;,HALAL,"Business activity permissible — debt ratio not verified, cross-check Musaffa/Zoya",
ACN,BUSINESS_PRODUCTS,COMMERCIAL SVCS-CONSULTING,,,,267.20;279.33;275.04;264.97;258.32;236.34;228.86;231.98;225.78;219.70;219.10;211.00;192.76;203.19;201.77;205.76;210.66;197.56;192.09;195.29;191.21;195.95;189.63;192.45;193.56;193.08;194.93;189.93;177.40;188.11;191.70;192.74;187.84;176.24;175.64;176.59;177.98;172.50;178.28;167.75;162.04;175.44;177.09;177.11;174.26;184.85;184.01;176.73;172.36;168.47;168.26;163.55;126.46;125.50;124.33;123.26;129.57;135.33;135.56;135.23;134.56;144.61;144.73;140.09;,HALAL,"Business activity permissible — debt ratio not verified, cross-check Musaffa/Zoya",
BAH,BUSINESS_PRODUCTS,COMMERCIAL SVCS-CONSULTING,,,,92.06;94.32;92.52;89.73;87.09;81.76;83.25;88.78;78.59;78.73;77.70;76.63;75.13;79.17;77.23;77.76;81.28;76.94;76.53;75.19;78.07;79.35;78.29;79.73;78.36;79.77;83.08;80.99;77.59;80.81;82.07;80.11;76.79;78.15;75.67;77.19;77.26;75.71;76.46;74.87;72.83;74.35;76.87;78.09;80.37;78.59;79.73;79.41;78.64;77.29;77.41;73.98;66.36;63.88;59.71;62.03;60.01;62.31;62.68;62.76;63.56;65.26;64.52;66.13;,HALAL,"Business activity permissible — debt ratio not verified, cross-check Musaffa/Zoya",
CACI,BUSINESS_PRODUCTS,COMMERCIAL SVCS-CONSULTING,,,,,HALAL,"Business activity permissible — debt ratio not verified, cross-check Musaffa/Zoya",
ICFI,BUSINESS_PRODUCTS,COMMERCIAL SVCS-CONSULTING,,,,94.14;95.56;94.38;92.03;92.86;89.32;87.97;85.99;78.09;76.69;77.76;78.68;74.84;79.39;77.50;75.30;75.63;72.52;69.96;68.08;66.15;65.62;68.52;65.51;65.66;65.35;67.51;69.06;67.41;70.09;72.76;68.05;68.40;67.33;67.35;71.51;73.27;73.43;69.47;64.23;60.74;64.40;68.39;68.79;68.17;68.70;69.51;68.66;70.78;71.59;72.76;72.75;66.51;67.61;65.11;74.49;72.45;74.85;77.54;76.83;76.35;81.04;77.40;76.65;,HALAL,"Business activity permissible — debt ratio not verified, cross-check Musaffa/Zoya",
FCN,BUSINESS_PRODUCTS,COMMERCIAL SVCS-CONSULTING,,,,178.12;182.04;183.50;179.24;174.67;171.53;177.40;176.50;156.81;162.81;162.62;161.62;156.70;168.11;163.98;165.01;168.41;162.37;162.43;161.92;164.99;174.20;171.19;171.27;173.86;178.72;184.03;181.23;176.26;178.96;182.25;182.81;185.32;184.23;182.71;179.30;168.05;160.99;163.90;151.25;147.06;153.72;154.46;154.09;154.42;153.18;153.51;156.10;158.69;159.65;158.57;154.53;145.58;143.65;140.40;149.29;149.39;155.69;156.37;156.86;159.34;164.57;160.58;156.51;,HALAL,"Business activity permissible — debt ratio not verified, cross-check Musaffa/Zoya",
HURN,BUSINESS_PRODUCTS,COMMERCIAL SVCS-CONSULTING,,,,178.73;173.44;173.93;169.22;169.00;165.62;172.15;154.06;131.11;125.36;133.62;131.53;126.36;143.29;144.45;148.25;144.83;135.00;128.80;126.72;125.48;129.87;124.85;121.81;126.07;128.23;130.37;130.00;120.58;128.57;131.47;128.12;127.44;126.51;129.44;130.67;132.10;120.11;119.97;110.23;102.92;108.13;107.21;105.46;104.74;107.39;106.61;107.18;109.65;109.44;109.43;107.66;90.56;95.54;92.21;95.55;96.38;100.01;103.01;105.85;109.74;118.76;112.63;111.54;,HALAL,"Business activity permissible — debt ratio not verified, cross-check Musaffa/Zoya",
EXPO,BUSINESS_PRODUCTS,COMMERCIAL SVCS-CONSULTING,,,,72.70;74.80;74.61;72.80;71.20;69.27;70.17;77.61;71.05;66.16;69.60;69.50;69.53;72.42;73.09;72.27;71.53;69.88;69.32;66.36;64.16;66.41;64.97;64.96;64.90;64.69;66.21;66.40;65.03;67.20;67.76;67.79;67.21;65.54;66.59;66.54;64.62;63.88;61.10;56.89;53.39;57.05;57.93;57.47;56.78;58.02;58.09;59.17;58.74;55.37;57.08;57.34;56.89;57.35;58.00;59.70;59.94;61.18;60.95;62.10;62.08;64.41;62.68;60.72;,HALAL,"Business activity permissible — debt ratio not verified, cross-check Musaffa/Zoya",
ICLR,BUSINESS_PRODUCTS,COMMERCIAL SVCS-CONSULTING,,,,176.57;186.74;187.42;186.32;180.25;167.91;145.39;154.57;133.14;93.00;96.50;99.70;104.09;106.13;108.27;110.20;107.20;106.62;97.45;97.61;97.14;99.70;101.28;103.08;105.10;111.42;109.62;106.54;106.81;113.06;115.58;117.12;115.43;102.17;102.49;118.33;111.97;124.13;124.49;121.94;117.09;113.78;115.09;116.78;118.45;136.07;137.54;152.80;152.24;144.59;146.18;143.54;146.00;142.67;160.96;172.99;175.05;170.94;165.47;167.72;167.97;170.00;166.18;167.28;,HALAL,"Business activity permissible — debt ratio not verified, cross-check Musaffa/Zoya",
IQV,BUSINESS_PRODUCTS,COMMERCIAL SVCS-HEALTHCARE,,,,233.69;239.05;239.43;239.76;230.15;203.77;180.96;192.67;177.18;166.94;171.06;165.62;164.88;170.64;174.27;177.88;174.49;170.93;162.93;164.89;167.02;166.07;166.09;169.40;166.16;172.40;170.72;172.54;167.34;175.28;171.95;176.76;175.21;162.28;158.98;158.37;160.94;176.47;178.71;175.06;170.68;172.81;171.50;167.90;165.62;182.21;180.64;186.88;183.69;182.17;181.46;179.17;167.77;171.28;186.43;193.28;203.20;205.97;203.79;207.85;207.83;210.49;203.90;198.52;,HALAL,"Business activity permissible — debt ratio not verified, cross-check Musaffa/Zoya",
CRL,BUSINESS_PRODUCTS,COMMERCIAL SVCS-HEALTHCARE,,,,218.19;224.03;222.35;216.88;210.48;201.41;183.70;185.70;165.98;161.35;158.00;168.92;166.06;175.46;178.61;179.58;174.46;167.37;152.66;151.97;157.11;153.60;159.19;165.13;159.72;174.90;168.22;175.07;175.65;179.31;176.94;185.54;184.80;169.80;166.79;166.97;172.32;181.73;177.62;168.69;159.12;149.93;156.03;160.30;164.49;180.71;174.79;185.79;186.44;186.29;187.51;184.79;185.00;186.60;212.71;225.57;229.09;231.43;223.96;233.41;231.21;229.16;219.70;218.70;,HALAL,"Business activity permissible — debt ratio not verified, cross-check Musaffa/Zoya",
MEDP,BUSINESS_PRODUCTS,COMMERCIAL SVCS-HEALTHCARE,,,,602.40;606.27;602.06;597.91;582.48;568.53;541.27;530.35;423.93;428.03;446.17;453.77;442.20;447.09;457.47;465.86;470.59;466.79;443.85;453.64;454.80;452.51;460.74;466.60;460.30;489.48;496.00;520.65;493.53;520.00;515.65;528.44;508.46;410.54;409.65;418.66;417.02;426.79;424.00;419.75;419.17;420.67;421.87;432.80;428.00;447.11;445.59;458.69;457.90;465.73;467.34;461.60;460.20;473.48;519.96;534.72;543.57;565.09;531.99;538.23;536.17;537.92;527.93;528.12;,HALAL,"Business activity permissible — debt ratio not verified, cross-check Musaffa/Zoya",
PRVA,BUSINESS_PRODUCTS,COMMERCIAL SVCS-HEALTHCARE,,,,23.21;23.96;24.10;22.77;23.22;22.44;21.51;21.63;21.60;22.39;21.78;21.99;21.53;24.91;24.04;24.30;23.27;22.47;21.73;21.96;21.59;21.24;21.03;20.18;20.02;21.07;21.59;22.71;22.37;23.12;23.50;24.08;23.86;23.84;24.84;24.85;24.24;23.99;23.06;23.01;23.24;23.69;23.18;22.79;21.74;21.51;20.80;21.37;21.41;22.90;23.43;23.53;23.67;23.74;24.53;25.55;26.88;27.19;27.21;27.49;28.03;27.22;26.26;25.37;,HALAL,"Business activity permissible — debt ratio not verified, cross-check Musaffa/Zoya",
LFST,BUSINESS_PRODUCTS,COMMERCIAL SVCS-HEALTHCARE,,,,7.18;7.37;7.31;7.10;7.07;7.11;6.54;6.81;6.93;7.03;7.13;7.15;7.14;6.96;7.14;7.33;6.93;6.73;6.33;6.45;6.41;6.40;6.45;6.69;6.24;6.37;6.40;6.54;6.40;6.51;6.67;6.92;6.91;7.05;7.67;7.57;7.27;7.36;7.70;7.93;7.89;7.80;7.68;7.39;7.61;7.71;7.76;7.64;7.34;7.86;8.50;8.62;8.98;9.44;9.88;10.34;11.43;10.99;10.49;10.70;10.79;11.29;11.34;11.01;,HALAL,"Business activity permissible — debt ratio not verified, cross-check Musaffa/Zoya",
URI,BUSINESS_PRODUCTS,COMMERCIAL SVCS-LEASING,,,,906.63;951.90;907.24;899.30;778.69;789.34;844.12;872.75;872.03;867.78;878.37;907.24;895.03;856.32;818.89;850.12;807.93;774.19;732.31;741.60;723.80;709.01;745.30;740.69;712.39;730.03;734.98;759.12;770.34;769.42;775.89;810.60;801.14;972.40;960.74;957.86;923.30;962.51;935.07;953.79;972.96;944.57;936.27;938.62;988.24;995.67;994.82;1084.62;1084.05;1056.35;1074.24;1069.81;1076.81;1063.14;1139.51;1122.67;1111.76;1099.68;1071.49;1095.55;1065.83;1071.82;1012.71;1035.06;,HALAL,"Business activity permissible — debt ratio not verified, cross-check Musaffa/Zoya",
WSC,BUSINESS_PRODUCTS,COMMERCIAL SVCS-LEASING,,,,,HALAL,"Business activity permissible — debt ratio not verified, cross-check Musaffa/Zoya",
HEES,BUSINESS_PRODUCTS,COMMERCIAL SVCS-LEASING,,,,,HALAL,"Business activity permissible — debt ratio not verified, cross-check Musaffa/Zoya",
MGRC,BUSINESS_PRODUCTS,COMMERCIAL SVCS-LEASING,,,,107.92;115.18;112.97;116.42;110.75;115.67;119.19;115.95;114.67;116.66;114.52;111.83;113.52;113.97;109.28;110.17;106.91;103.39;103.13;103.85;104.35;104.50;108.03;110.09;108.84;111.06;107.97;111.33;113.15;113.28;114.92;113.39;109.07;115.35;119.55;110.10;111.01;112.60;114.17;113.24;115.09;112.30;109.38;109.63;111.22;108.54;106.49;108.89;108.86;112.50;114.62;113.61;117.71;119.02;122.81;121.05;119.40;115.83;113.06;116.28;115.41;120.52;117.49;117.12;,HALAL,"Business activity permissible — debt ratio not verified, cross-check Musaffa/Zoya",
LRN,BUSINESS_PRODUCTS,COMMERCIAL SVCS-SCHOOLS,,,,69.40;72.93;71.60;82.75;84.60;85.77;86.43;87.51;85.87;84.89;84.25;82.58;82.84;85.86;85.98;86.69;86.83;84.60;83.85;82.97;87.01;85.06;86.81;87.86;84.17;88.86;89.39;89.82;90.21;93.53;96.92;98.98;102.03;98.12;92.58;97.16;92.26;93.00;87.93;87.42;88.40;89.82;89.06;88.63;90.98;92.38;97.91;101.99;96.73;99.84;97.71;83.36;82.80;82.98;86.11;86.35;88.57;90.28;89.88;91.00;86.88;87.62;85.64;84.22;,HALAL,"Business activity permissible — debt ratio not verified, cross-check Musaffa/Zoya",
STRA,BUSINESS_PRODUCTS,COMMERCIAL SVCS-SCHOOLS,,,,82.52;85.03;83.64;83.06;83.76;79.01;78.82;78.72;76.12;74.02;75.43;74.99;74.31;77.25;83.19;80.39;81.24;78.93;78.58;78.66;79.80;80.11;81.13;82.81;81.84;82.56;83.22;82.83;80.57;78.77;81.28;82.57;82.98;72.97;77.18;77.80;76.38;77.98;79.57;77.93;78.43;80.37;79.38;78.50;77.29;76.75;79.16;80.54;80.84;81.52;77.41;75.27;75.33;77.14;76.61;77.10;79.19;82.25;82.78;84.18;84.08;77.69;75.75;73.94;,HALAL,"Business activity permissible — debt ratio not verified, cross-check Musaffa/Zoya",
LAUR,BUSINESS_PRODUCTS,COMMERCIAL SVCS-SCHOOLS,,,,34.81;35.43;34.48;34.17;34.30;34.48;34.47;35.41;34.39;34.77;35.10;32.83;33.49;33.98;32.39;32.30;31.67;34.12;33.70;33.90;33.22;33.29;34.77;35.41;33.91;35.22;34.20;35.39;32.91;33.19;33.18;33.80;33.48;30.99;31.38;30.09;31.57;32.52;32.81;32.78;32.49;33.01;33.60;33.12;33.27;31.99;33.04;33.55;34.16;36.49;36.76;35.74;36.43;36.58;36.50;36.36;37.34;39.59;39.54;40.46;39.83;36.88;35.84;36.08;,HALAL,"Business activity permissible — debt ratio not verified, cross-check Musaffa/Zoya",
GHC,BUSINESS_PRODUCTS,COMMERCIAL SVCS-SCHOOLS,,,,1127.22;1176.35;1160.32;1137.49;1160.94;1153.18;1181.19;1114.95;1105.45;1054.23;1080.35;1091.09;1064.35;1061.60;1045.77;1073.87;1065.24;1052.62;1042.41;1052.19;1056.89;1033.49;1059.12;1066.67;1046.42;1057.37;1069.40;1076.04;1098.26;1132.72;1120.94;1149.44;1152.16;1126.02;1175.14;1120.72;1118.10;1120.85;1134.54;1108.15;1106.88;1117.17;1101.97;1102.93;1112.32;1095.54;1104.43;1114.21;1132.05;1144.95;1172.31;1144.35;1142.84;1146.67;1135.86;1152.04;1168.05;1181.93;1156.94;1156.63;1176.24;1202.05;1159.84;1145.90;,HALAL,"Business activity permissible — debt ratio not verified, cross-check Musaffa/Zoya",
ADT,BUSINESS_PRODUCTS,COMMERCIAL SVCS-SECURITY/SAFETY,,,,7.85;8.08;7.94;7.82;7.87;7.64;7.72;7.98;7.68;7.61;7.73;7.78;7.75;7.98;7.00;6.73;6.44;6.54;6.33;6.50;6.49;6.46;6.49;6.57;6.42;6.50;6.61;6.78;6.67;6.92;7.03;7.22;7.23;7.20;7.13;7.47;7.00;6.92;6.81;6.76;6.85;6.92;6.92;6.91;6.77;6.65;6.73;6.68;6.62;6.64;6.80;6.72;6.58;6.56;6.30;6.50;6.72;6.75;6.73;6.71;6.73;7.06;7.00;6.90;,HALAL,"Business activity permissible — debt ratio not verified, cross-check Musaffa/Zoya",
BCO,BUSINESS_PRODUCTS,COMMERCIAL SVCS-SECURITY/SAFETY,,,,122.93;125.11;124.74;124.11;126.47;125.15;127.89;130.05;130.41;130.37;129.50;130.18;128.89;135.25;125.54;123.38;117.37;110.68;107.04;105.82;100.98;97.44;100.52;101.52;100.25;103.13;103.39;106.03;105.26;106.40;111.40;113.63;110.96;109.79;108.44;106.49;104.12;108.74;106.96;105.47;106.65;104.98;106.65;104.75;106.18;104.02;102.97;100.94;101.34;100.98;101.94;100.14;97.67;96.65;95.18;92.16;99.00;104.56;103.76;104.24;109.12;117.77;119.59;122.73;,HALAL,"Business activity permissible — debt ratio not verified, cross-check Musaffa/Zoya",
CXW,BUSINESS_PRODUCTS,COMMERCIAL SVCS-SECURITY/SAFETY,,,,20.17;20.13;18.66;18.47;18.53;18.70;18.63;18.89;18.50;18.92;18.56;16.74;16.47;17.48;18.19;18.46;18.06;17.72;17.64;19.00;20.22;19.46;19.94;19.79;19.07;19.13;20.05;20.38;19.92;19.95;20.22;20.62;20.41;20.51;20.57;20.46;20.15;21.17;20.33;19.60;21.25;21.02;21.39;21.50;21.19;21.08;21.35;23.06;24.72;26.45;27.10;27.88;28.90;29.73;29.38;30.29;31.01;30.42;30.62;31.89;31.36;30.65;31.85;32.18;,HALAL,"Business activity permissible — debt ratio not verified, cross-check Musaffa/Zoya",
GEO,BUSINESS_PRODUCTS,COMMERCIAL SVCS-SECURITY/SAFETY,,,,17.75;18.57;16.82;16.05;15.98;15.75;15.48;16.07;15.83;14.21;14.64;13.26;13.81;14.53;15.29;15.05;14.35;14.08;14.10;15.37;16.74;16.43;16.94;17.31;16.32;17.33;17.77;17.79;17.53;17.90;18.16;18.79;18.91;18.83;18.82;18.51;18.58;22.20;21.76;21.41;23.39;22.84;23.23;23.52;22.66;22.67;23.38;25.15;26.68;28.14;28.44;28.63;29.28;29.96;29.33;29.46;30.33;29.72;29.65;30.47;29.78;29.62;30.60;31.34;,HALAL,"Business activity permissible — debt ratio not verified, cross-check Musaffa/Zoya",
RHI,BUSINESS_PRODUCTS,COMMERCIAL SVCS-STAFFING,,,,25.96;27.34;27.02;25.71;33.01;29.86;30.03;27.78;25.89;23.63;24.70;24.58;22.51;24.21;23.21;23.79;24.22;22.71;22.27;21.39;22.25;22.78;24.02;24.55;25.20;24.13;24.34;23.48;23.08;24.83;25.83;27.41;28.83;25.05;26.92;26.03;25.80;25.60;26.44;25.49;24.14;25.61;25.66;27.31;27.13;29.44;30.01;31.60;30.95;31.24;32.49;32.34;31.59;29.33;30.09;32.38;32.97;33.28;33.01;32.40;35.65;41.33;41.83;40.70;,HALAL,"Business activity permissible — debt ratio not verified, cross-check Musaffa/Zoya",
MAN,BUSINESS_PRODUCTS,COMMERCIAL SVCS-STAFFING,,,,28.61;30.64;29.71;28.30;35.50;34.02;35.81;33.23;30.30;28.01;28.81;28.01;25.16;27.26;26.40;27.32;28.44;27.11;25.81;25.59;25.46;26.01;27.24;28.15;29.05;28.09;27.95;27.23;26.32;28.56;30.29;31.14;30.82;28.80;30.51;29.58;29.06;28.60;29.16;27.40;25.35;27.05;27.11;28.70;28.63;30.91;31.62;32.01;32.43;33.07;34.00;34.21;33.55;32.26;33.81;35.92;37.13;38.44;37.86;38.71;39.18;51.65;53.11;51.66;,HALAL,"Business activity permissible — debt ratio not verified, cross-check Musaffa/Zoya",
ASGN,BUSINESS_PRODUCTS,COMMERCIAL SVCS-STAFFING,,,,,HALAL,"Business activity permissible — debt ratio not verified, cross-check Musaffa/Zoya",
KFY,BUSINESS_PRODUCTS,COMMERCIAL SVCS-STAFFING,,,,,HALAL,"Business activity permissible — debt ratio not verified, cross-check Musaffa/Zoya",
KELYA,BUSINESS_PRODUCTS,COMMERCIAL SVCS-STAFFING,,,,9.58;10.21;9.95;9.78;10.62;10.47;10.63;10.52;9.75;9.64;9.65;9.69;9.20;9.56;9.30;9.27;9.16;8.92;8.60;8.48;8.31;8.40;8.57;8.83;8.89;8.60;8.74;8.61;8.64;9.10;9.25;9.46;9.49;9.53;9.80;9.68;9.67;9.71;9.79;9.76;9.73;9.69;10.29;10.66;11.24;11.62;11.55;11.86;11.88;11.72;12.04;11.45;11.36;11.36;11.85;12.85;13.11;12.96;13.32;13.55;14.07;15.41;15.38;15.40;,HALAL,"Business activity permissible — debt ratio not verified, cross-check Musaffa/Zoya",
HSII,BUSINESS_PRODUCTS,COMMERCIAL SVCS-STAFFING,,,,,HALAL,"Business activity permissible — debt ratio not verified, cross-check Musaffa/Zoya",
WM,BUSINESS_PRODUCTS,COMMERCIAL SVCS-WASTE MGMT,,,,219.47;227.11;228.35;229.69;220.40;223.23;224.73;228.60;232.72;232.58;232.13;228.41;227.68;231.97;241.06;241.94;244.02;233.59;236.64;235.94;232.78;230.24;223.97;225.53;228.97;230.00;232.79;230.43;228.46;226.11;223.11;223.21;222.96;228.54;226.37;231.55;226.87;219.57;214.44;216.71;217.88;221.77;218.64;216.96;214.66;210.55;211.02;218.06;216.14;224.28;219.45;218.59;214.60;218.84;223.08;223.37;224.08;228.98;233.94;233.33;234.27;242.25;239.05;236.38;,HALAL,"Business activity permissible — debt ratio not verified, cross-check Musaffa/Zoya",
RSG,BUSINESS_PRODUCTS,COMMERCIAL SVCS-WASTE MGMT,,,,209.41;214.51;217.82;216.35;213.86;212.72;217.47;222.79;224.67;221.89;215.60;218.24;219.47;223.30;229.05;230.24;229.72;222.25;224.49;222.84;220.72;218.04;214.04;216.02;220.41;219.38;220.22;215.88;214.04;211.11;209.05;207.84;204.69;209.18;207.54;208.61;205.95;199.11;199.44;201.79;208.07;213.90;211.58;208.32;205.00;199.86;201.08;207.30;204.33;211.97;209.30;208.42;204.34;208.49;212.88;214.06;214.09;214.58;220.46;219.20;220.03;224.51;220.53;216.52;,HALAL,"Business activity permissible — debt ratio not verified, cross-check Musaffa/Zoya",
WCN,BUSINESS_PRODUCTS,COMMERCIAL SVCS-WASTE MGMT,,,,163.54;169.41;170.55;168.63;166.87;165.60;168.45;171.11;170.96;159.57;162.06;162.91;164.76;168.96;172.78;169.46;169.76;165.17;166.59;166.87;163.35;162.23;157.43;156.83;161.50;162.46;165.13;162.65;161.23;159.25;159.63;159.53;156.16;165.70;163.18;164.35;160.25;153.48;151.82;151.25;154.92;158.92;156.98;155.71;151.54;149.02;149.09;153.95;153.71;159.03;156.11;157.07;153.97;159.44;166.21;167.13;164.71;167.62;171.57;171.07;169.57;174.33;170.87;167.90;,HALAL,"Business activity permissible — debt ratio not verified, cross-check Musaffa/Zoya",
CWST,BUSINESS_PRODUCTS,COMMERCIAL SVCS-WASTE MGMT,,,,103.78;106.56;105.71;104.39;100.88;103.18;104.73;103.67;107.34;103.72;102.34;95.46;91.87;92.13;91.92;93.55;94.03;89.17;90.68;88.46;85.91;77.71;76.06;76.62;78.38;81.54;86.23;86.71;86.98;83.44;82.09;79.54;80.84;80.19;77.75;79.25;86.40;84.58;85.44;84.88;86.31;88.10;87.41;87.41;86.24;82.17;83.00;83.65;84.58;91.03;89.37;86.65;86.98;86.18;92.33;94.28;95.36;96.27;98.88;96.82;96.46;99.91;93.57;90.43;,HALAL,"Business activity permissible — debt ratio not verified, cross-check Musaffa/Zoya",
SRCL,BUSINESS_PRODUCTS,COMMERCIAL SVCS-WASTE MGMT,,,,,HALAL,"Business activity permissible — debt ratio not verified, cross-check Musaffa/Zoya",
IP,BUSINESS_PRODUCTS,PAPER & PAPER PRODUCTS,,,,40.64;40.82;41.95;40.48;39.33;41.03;43.29;46.34;47.99;47.90;47.30;45.72;43.37;42.50;42.26;41.95;38.95;38.52;35.13;36.99;35.37;33.26;35.61;35.62;34.49;35.14;34.42;36.53;35.96;36.00;35.66;36.35;32.84;32.17;33.52;29.97;30.74;33.03;32.54;32.39;31.14;29.95;30.43;31.29;32.42;33.47;33.83;33.88;32.86;31.85;36.15;36.15;36.82;36.56;39.02;38.23;38.34;38.58;36.67;37.93;36.50;37.87;36.25;38.09;,HALAL,"Business activity permissible — debt ratio not verified, cross-check Musaffa/Zoya",
PKG,BUSINESS_PRODUCTS,PAPER & PAPER PRODUCTS,,,,214.42;216.05;219.09;214.92;219.80;221.64;229.04;235.76;241.52;243.26;236.07;234.27;226.06;228.96;228.35;229.67;219.77;218.58;211.39;213.54;208.04;201.40;212.10;211.20;207.67;209.88;204.05;209.66;205.02;208.55;206.26;212.01;203.89;211.47;221.13;212.05;216.63;225.33;223.11;218.50;218.65;209.31;211.81;214.49;216.56;217.47;223.35;223.21;217.99;215.22;226.73;229.55;229.02;232.83;241.09;237.65;237.93;236.39;224.46;228.77;225.76;234.04;228.43;228.19;,HALAL,"Business activity permissible — debt ratio not verified, cross-check Musaffa/Zoya",
WRK,BUSINESS_PRODUCTS,PAPER & PAPER PRODUCTS,,,,,HALAL,"Business activity permissible — debt ratio not verified, cross-check Musaffa/Zoya",
SLVM,BUSINESS_PRODUCTS,PAPER & PAPER PRODUCTS,,,,,HALAL,"Business activity permissible — debt ratio not verified, cross-check Musaffa/Zoya",
GLT,BUSINESS_PRODUCTS,PAPER & PAPER PRODUCTS,,,,,HALAL,"Business activity permissible — debt ratio not verified, cross-check Musaffa/Zoya",
DCI,BUSINESS_PRODUCTS,POLLUTION CONTROL,,,,99.23;101.71;99.98;101.10;101.29;102.75;106.37;108.50;109.86;109.05;107.53;107.36;106.48;91.83;95.37;93.09;88.40;88.40;86.66;85.15;83.72;83.34;85.98;84.43;82.30;85.74;85.22;89.00;88.32;88.91;87.05;88.73;86.03;88.63;87.54;87.84;84.86;87.34;85.68;84.54;83.53;82.15;82.64;83.35;83.41;81.57;85.32;83.74;83.67;83.25;86.08;86.79;85.52;84.64;89.11;88.40;88.52;91.37;87.68;89.24;89.73;91.11;89.64;90.96;,HALAL,"Business activity permissible — debt ratio not verified, cross-check Musaffa/Zoya",
CECE,BUSINESS_PRODUCTS,POLLUTION CONTROL,,,,,HALAL,"Business activity permissible — debt ratio not verified, cross-check Musaffa/Zoya",
CLH,BUSINESS_PRODUCTS,POLLUTION CONTROL,,,,256.31;261.46;260.29;258.65;259.91;261.49;262.19;267.62;274.60;273.82;276.25;284.69;284.66;292.53;297.02;293.00;282.97;286.03;289.41;289.37;291.00;275.88;285.20;282.85;279.76;290.04;299.64;302.58;302.23;304.41;296.63;303.60;304.40;308.99;306.20;312.68;310.44;287.98;291.15;296.39;308.40;301.71;291.40;286.92;282.76;281.03;275.99;286.90;278.36;288.64;287.78;290.62;288.60;289.87;299.39;299.80;290.74;294.56;300.96;304.13;305.16;310.57;310.22;306.27;,HALAL,"Business activity permissible — debt ratio not verified, cross-check Musaffa/Zoya",
ECOL,BUSINESS_PRODUCTS,POLLUTION CONTROL,,,,,HALAL,"Business activity permissible — debt ratio not verified, cross-check Musaffa/Zoya",
TISI,BUSINESS_PRODUCTS,POLLUTION CONTROL,,,,13.59;13.80;14.00;14.28;14.43;14.35;14.31;14.29;14.50;14.21;14.13;14.01;14.73;14.70;14.40;14.40;14.76;14.40;14.53;13.30;13.42;14.76;15.52;15.62;15.75;15.94;16.18;17.00;16.14;16.00;17.25;17.29;16.87;17.00;17.00;17.45;17.29;17.00;16.75;15.10;15.68;16.22;15.84;16.61;16.12;15.63;15.40;17.93;17.57;16.34;16.66;16.93;16.68;17.00;16.90;16.79;17.38;17.37;16.34;16.60;16.78;16.51;15.89;16.70;,HALAL,"Business activity permissible — debt ratio not verified, cross-check Musaffa/Zoya",
CTVA,CHEMICAL,CHEMICALS-AGRICULTURAL,,,,68.59;71.24;72.30;72.72;72.47;74.70;72.14;73.29;74.98;74.69;76.24;75.96;77.62;78.46;80.33;77.82;76.78;76.13;79.57;78.86;79.16;77.15;80.39;82.54;82.76;83.62;84.06;83.77;83.64;82.76;80.97;80.11;79.17;79.62;78.76;80.82;81.50;81.58;80.94;82.40;83.11;80.89;78.62;79.38;79.71;78.10;77.57;77.46;75.86;74.46;76.14;76.87;78.59;79.11;81.62;83.37;83.54;86.39;85.18;85.68;84.91;86.65;86.78;88.53;,HALAL,"Business activity permissible — debt ratio not verified, cross-check Musaffa/Zoya",
FMC,CHEMICAL,CHEMICALS-AGRICULTURAL,,,,15.21;15.83;15.94;15.83;15.62;15.86;13.51;15.21;15.86;14.17;14.31;14.45;13.72;14.43;14.23;13.52;13.88;13.58;14.16;13.64;14.38;12.94;14.66;15.48;16.61;17.03;17.09;17.72;17.33;17.30;17.46;17.23;14.59;14.78;15.15;15.27;14.46;14.69;13.31;13.06;13.47;13.46;12.60;13.02;13.42;13.57;13.04;12.11;11.02;10.73;11.77;11.52;11.47;10.94;11.24;11.46;10.95;11.38;10.94;10.91;10.72;11.44;11.19;11.78;,HALAL,"Business activity permissible — debt ratio not verified, cross-check Musaffa/Zoya",
AGRO,CHEMICAL,CHEMICALS-AGRICULTURAL,,,,8.52;8.84;8.99;8.89;8.78;8.65;8.36;8.81;8.86;8.57;8.65;9.12;9.06;8.75;9.24;9.51;10.07;10.12;10.51;10.81;13.51;13.99;13.85;13.73;15.12;14.70;15.07;14.15;14.25;13.44;13.20;12.61;13.48;12.67;13.58;13.97;15.18;13.82;13.13;13.07;13.02;13.46;13.32;12.81;12.58;12.13;12.50;12.11;11.40;11.28;11.65;9.93;9.24;9.37;9.30;9.66;9.48;9.48;10.20;10.31;10.44;9.93;10.61;11.31;,HALAL,"Business activity permissible — debt ratio not verified, cross-check Musaffa/Zoya",
SQM,CHEMICAL,CHEMICALS-AGRICULTURAL,,,,79.25;82.90;83.07;82.63;75.98;78.41;70.02;70.35;74.39;70.11;71.96;71.05;75.86;77.09;74.78;71.21;69.60;75.70;74.82;75.49;74.19;70.36;76.07;76.50;80.01;80.90;79.55;81.55;81.20;87.93;94.24;87.43;85.97;87.79;88.41;91.13;88.74;92.41;91.39;94.63;86.80;82.66;81.38;80.18;83.94;85.87;80.84;77.69;72.76;74.24;84.12;83.11;79.69;76.50;73.11;69.86;74.22;73.52;74.43;73.19;72.95;66.33;67.69;69.21;,HALAL,"Business activity permissible — debt ratio not verified, cross-check Musaffa/Zoya",
DOW,CHEMICAL,CHEMICALS-BASIC,,,,26.00;27.72;27.57;27.18;26.95;29.83;29.94;31.39;33.26;31.79;30.90;29.86;30.38;29.25;30.29;32.01;32.94;33.55;37.20;35.64;37.31;36.28;37.92;39.07;41.45;40.28;40.15;38.88;38.62;38.77;39.52;36.40;38.42;38.27;37.63;40.08;40.17;38.11;36.50;39.03;38.39;38.17;35.90;35.65;34.14;33.75;34.72;34.79;34.20;34.24;33.85;32.96;31.73;30.33;29.31;27.92;27.02;27.33;29.03;29.03;30.31;29.30;30.37;31.25;,HALAL,"Business activity permissible — debt ratio not verified, cross-check Musaffa/Zoya",
LYB,CHEMICAL,CHEMICALS-BASIC,,,,47.77;50.39;49.73;49.35;47.91;52.26;52.68;54.24;58.15;56.33;54.73;55.41;57.02;55.05;57.28;61.28;66.42;64.93;73.56;70.34;74.42;72.56;75.22;76.92;81.53;75.92;77.81;73.45;72.96;72.49;74.51;67.87;71.25;69.15;70.74;73.83;75.25;72.72;71.02;73.54;72.51;73.36;70.56;69.00;66.97;65.96;67.31;66.18;64.43;65.15;64.58;62.59;60.07;57.60;55.84;53.62;52.58;52.97;55.72;56.35;58.55;57.80;60.73;62.32;,HALAL,"Business activity permissible — debt ratio not verified, cross-check Musaffa/Zoya",
CE,CHEMICAL,CHEMICALS-BASIC,,,,,HALAL,"Business activity permissible — debt ratio not verified, cross-check Musaffa/Zoya",
WLK,CHEMICAL,CHEMICALS-BASIC,,,,83.00;85.80;83.24;80.99;78.46;89.91;91.16;95.43;99.27;98.99;98.44;93.37;103.03;99.25;105.63;105.50;102.57;104.41;113.54;110.13;111.93;105.49;113.41;112.78;115.31;115.88;118.82;120.09;117.66;117.23;118.29;113.20;113.60;109.98;109.69;114.59;114.18;99.32;93.29;95.96;90.98;90.91;87.97;88.07;87.81;86.83;86.83;85.25;85.26;87.12;88.50;84.33;80.28;76.48;76.54;74.72;72.82;74.80;75.80;75.49;77.04;77.08;76.91;77.06;,HALAL,"Business activity permissible — debt ratio not verified, cross-check Musaffa/Zoya",
OLN,CHEMICAL,CHEMICALS-BASIC,,,,22.21;24.10;23.25;22.40;20.50;22.59;23.06;24.20;25.93;25.50;24.55;23.98;23.93;23.55;25.03;24.30;23.21;23.36;25.83;24.11;26.12;23.60;27.40;28.40;28.68;29.03;29.02;28.75;28.75;27.97;27.78;26.69;26.71;26.58;26.57;28.28;28.49;28.60;26.65;27.40;27.74;27.07;26.31;26.03;26.02;25.87;25.93;24.93;24.28;23.92;25.13;23.81;22.01;21.46;21.39;20.82;19.59;19.75;21.00;20.68;21.66;21.98;22.18;24.24;,HALAL,"Business activity permissible — debt ratio not verified, cross-check Musaffa/Zoya",
HUN,CHEMICAL,CHEMICALS-BASIC,,,,11.16;11.98;11.57;11.27;10.69;12.82;13.04;12.89;13.89;13.05;13.24;12.43;12.84;11.82;12.15;12.73;11.30;11.93;12.64;11.73;11.89;10.35;11.35;12.48;12.50;12.95;12.47;13.49;13.57;13.49;13.66;13.57;13.78;13.54;13.58;14.29;14.14;15.02;14.88;14.30;14.23;13.73;13.98;14.43;14.76;15.26;14.91;14.18;14.15;14.15;15.65;13.18;12.07;11.38;11.33;10.95;10.55;10.58;11.30;11.13;11.91;11.86;11.99;13.22;,HALAL,"Business activity permissible — debt ratio not verified, cross-check Musaffa/Zoya",
TROX,CHEMICAL,CHEMICALS-BASIC,,,,5.47;6.39;6.46;6.45;5.98;6.87;6.82;7.38;8.30;7.75;7.65;6.76;7.12;7.12;7.35;7.33;6.50;6.77;6.75;6.64;7.55;6.97;8.41;8.96;9.14;9.33;9.19;9.07;9.03;9.23;9.53;9.28;9.67;10.06;9.73;9.93;9.94;10.06;8.77;8.75;8.54;7.95;7.97;7.55;7.81;7.95;8.52;7.81;7.30;7.15;8.02;7.59;7.40;6.68;6.84;6.44;6.44;6.03;6.02;6.14;6.19;5.77;5.95;6.62;,HALAL,"Business activity permissible — debt ratio not verified, cross-check Musaffa/Zoya",
CF,CHEMICAL,CHEMICALS-FERTILIZERS,,,,,HALAL,"Business activity permissible — debt ratio not verified, cross-check Musaffa/Zoya",
MOS,CHEMICAL,CHEMICALS-FERTILIZERS,,,,26.53;27.64;27.81;27.62;27.00;27.79;27.25;29.02;30.57;29.11;28.90;28.89;27.97;26.66;27.01;25.53;25.83;26.21;31.04;27.39;27.50;23.35;24.95;24.75;24.75;26.27;26.24;26.35;24.51;23.70;24.48;23.87;24.27;23.76;22.96;23.04;22.74;23.32;21.97;22.16;22.45;21.19;21.64;22.51;23.72;23.90;23.30;22.90;21.38;19.82;22.69;21.69;22.90;21.25;21.73;22.44;21.30;21.18;20.65;21.51;22.94;22.53;22.41;22.78;,HALAL,"Business activity permissible — debt ratio not verified, cross-check Musaffa/Zoya",
NTR,CHEMICAL,CHEMICALS-FERTILIZERS,,,,66.14;67.00;69.10;70.45;67.78;69.28;66.88;68.95;71.89;69.67;69.15;70.05;71.59;71.95;74.52;72.40;74.98;74.86;82.59;76.54;76.63;73.53;75.58;72.50;75.32;73.89;75.13;74.21;73.09;72.96;73.86;70.53;70.91;70.93;72.25;75.32;75.14;73.15;67.72;71.33;70.30;70.98;69.48;69.50;68.11;67.93;67.88;68.38;66.68;64.45;67.01;64.89;62.29;60.99;60.41;60.63;63.57;64.54;66.76;65.43;68.64;67.10;66.66;68.50;,HALAL,"Business activity permissible — debt ratio not verified, cross-check Musaffa/Zoya",
ICL,CHEMICAL,CHEMICALS-FERTILIZERS,,,,5.24;5.29;5.30;5.38;5.26;5.44;5.33;5.52;5.65;5.63;5.41;5.34;5.10;4.84;4.95;4.82;4.86;5.05;5.41;5.29;5.23;4.89;5.11;5.14;5.15;5.20;5.22;5.35;5.14;5.28;5.29;5.17;5.15;5.14;5.39;5.45;5.48;5.57;6.32;6.33;6.52;6.37;6.39;6.41;6.58;6.59;6.21;5.89;5.59;5.50;5.73;5.41;5.14;5.00;4.98;5.01;5.03;5.05;5.07;4.85;5.01;5.04;5.00;5.32;,HALAL,"Business activity permissible — debt ratio not verified, cross-check Musaffa/Zoya",
UAN,CHEMICAL,CHEMICALS-FERTILIZERS,,,,110.66;112.57;98.40;102.66;99.92;99.12;99.26;104.53;106.08;105.02;104.18;97.24;96.25;97.94;102.53;108.45;122.73;111.35;134.60;127.24;128.32;123.69;130.66;132.32;133.99;120.00;125.61;123.46;114.68;115.44;122.53;118.97;123.29;127.05;129.98;124.73;130.43;126.27;122.23;132.76;126.60;126.40;121.85;125.17;122.27;121.30;119.55;120.68;116.21;116.51;112.51;111.03;111.40;110.03;109.55;112.41;111.65;114.26;117.95;116.33;115.17;118.79;120.46;122.86;,HALAL,"Business activity permissible — debt ratio not verified, cross-check Musaffa/Zoya",
SHW,CHEMICAL,CHEMICALS-PAINTS,,,,345.30;348.95;346.66;347.93;352.94;357.92;359.31;358.87;365.21;367.12;364.01;358.90;362.98;358.77;355.18;346.77;329.03;329.48;316.88;321.88;311.31;302.75;312.89;318.72;315.08;324.86;315.57;334.80;335.24;332.74;332.48;343.04;334.28;336.83;323.43;320.78;309.69;322.79;316.00;310.77;308.38;302.00;306.90;309.08;309.97;303.84;293.00;300.09;299.55;303.91;317.30;322.44;320.79;322.90;339.08;344.30;346.05;349.13;330.57;333.99;328.50;338.14;323.60;319.91;,HALAL,"Business activity permissible — debt ratio not verified, cross-check Musaffa/Zoya",
PPG,CHEMICAL,CHEMICALS-PAINTS,,,,107.69;112.53;111.28;112.57;114.22;118.07;122.91;126.04;129.44;129.74;126.69;125.71;124.74;122.68;118.43;116.94;106.01;105.16;100.08;102.78;100.13;96.59;102.75;104.63;103.15;105.78;103.19;109.75;109.62;109.82;111.43;113.99;110.95;109.09;106.98;107.80;103.41;110.81;108.90;106.38;105.92;103.66;104.39;107.78;112.88;112.98;113.64;111.96;112.88;112.97;119.34;120.65;118.25;117.70;122.40;120.91;122.61;124.04;114.28;116.76;114.66;118.68;115.70;117.39;,HALAL,"Business activity permissible — debt ratio not verified, cross-check Musaffa/Zoya",
RPM,CHEMICAL,CHEMICALS-PAINTS,,,,106.76;110.29;106.61;105.74;105.85;109.85;113.90;116.58;118.03;116.99;115.74;114.37;115.15;112.79;109.48;107.74;101.08;100.99;98.63;99.63;97.84;92.27;95.29;97.35;97.05;99.59;96.25;107.59;108.07;107.55;105.09;109.14;105.96;104.43;103.15;101.35;97.70;101.87;100.28;98.71;97.87;96.59;97.99;100.37;104.74;105.41;104.57;103.62;104.06;103.73;106.49;108.91;107.43;105.48;111.11;110.05;110.10;109.75;102.94;104.55;102.43;106.31;101.63;107.43;,HALAL,"Business activity permissible — debt ratio not verified, cross-check Musaffa/Zoya",
AXTA,CHEMICAL,CHEMICALS-PAINTS,,,,33.28;34.13;33.70;34.06;33.58;32.27;33.79;34.21;33.58;34.13;35.57;34.48;34.19;33.61;32.59;31.40;29.61;29.09;27.86;27.93;27.14;25.44;26.92;27.36;26.69;27.66;26.39;28.66;28.85;28.76;28.74;29.68;29.98;29.67;28.56;28.44;26.69;28.55;29.13;27.79;28.16;27.61;28.74;29.22;30.33;30.77;30.38;31.77;31.84;32.10;33.11;33.32;34.78;33.64;34.73;34.01;34.20;35.01;32.56;32.51;32.12;32.88;32.12;32.80;,HALAL,"Business activity permissible — debt ratio not verified, cross-check Musaffa/Zoya",
EMN,CHEMICAL,CHEMICALS-PLASTICS,,,,64.67;67.37;67.31;67.45;67.73;74.16;74.34;76.58;79.49;78.24;78.42;77.34;75.35;73.49;73.55;71.77;68.72;67.63;68.97;68.79;68.14;64.60;69.17;71.69;71.74;74.96;72.47;73.44;73.42;72.97;72.53;72.82;71.72;71.20;70.83;72.27;75.86;74.89;72.83;73.41;71.66;70.15;69.86;73.29;75.06;75.02;75.81;71.61;70.87;70.54;74.38;73.28;72.49;69.48;70.61;66.92;67.09;68.90;66.90;67.57;67.23;69.16;68.08;69.38;,HALAL,"Business activity permissible — debt ratio not verified, cross-check Musaffa/Zoya",
ASH,CHEMICAL,CHEMICALS-PLASTICS,,,,60.38;62.21;61.59;61.26;60.31;60.23;62.25;61.38;61.56;60.08;62.51;63.90;63.20;61.41;60.71;59.59;55.05;53.85;50.61;50.29;49.73;48.46;50.44;53.81;51.89;55.04;53.49;55.82;56.01;54.95;57.05;57.55;56.35;56.98;56.59;52.87;52.16;54.19;54.61;56.31;55.74;56.26;55.58;56.80;56.89;57.48;57.58;57.07;57.46;64.87;64.98;64.56;67.92;63.94;64.43;64.23;66.69;66.70;63.70;66.75;66.74;68.81;67.70;68.41;,HALAL,"Business activity permissible — debt ratio not verified, cross-check Musaffa/Zoya",
BCPC,CHEMICAL,CHEMICALS-PLASTICS,,,,163.61;168.10;166.65;168.14;170.17;170.80;173.72;172.29;178.68;180.81;177.50;171.30;178.56;180.29;183.26;182.66;175.28;171.78;170.37;168.36;162.88;162.01;165.92;166.39;170.44;171.88;169.58;174.05;174.93;175.57;174.45;177.52;175.17;173.78;177.28;161.62;162.10;161.38;160.97;159.47;161.09;159.47;161.20;161.75;160.92;156.73;157.31;158.02;158.69;161.65;165.04;164.17;165.92;166.04;169.23;169.21;168.89;167.01;166.01;162.15;160.86;166.23;162.97;162.10;,HALAL,"Business activity permissible — debt ratio not verified, cross-check Musaffa/Zoya",
GPRE,CHEMICAL,CHEMICALS-PLASTICS,,,,11.14;11.87;11.52;11.93;11.46;12.32;12.66;14.27;15.50;13.70;13.37;14.02;13.90;14.20;13.94;15.18;15.83;15.22;16.19;15.37;16.13;15.50;16.30;16.50;16.53;16.23;16.09;15.59;15.23;15.39;15.96;15.63;16.25;15.92;16.82;17.38;18.07;16.97;18.19;16.77;16.68;16.95;15.65;15.47;15.67;15.67;16.14;15.08;14.91;14.94;15.00;14.80;14.82;14.41;14.89;15.24;15.86;15.75;16.63;16.89;17.12;17.21;16.83;17.77;,HALAL,"Business activity permissible — debt ratio not verified, cross-check Musaffa/Zoya",
LIN,CHEMICAL,CHEMICALS-SPECIALTY,,,,430.34;442.75;452.08;448.57;454.00;460.56;456.71;453.38;464.48;477.88;482.13;493.29;500.73;495.27;506.03;495.95;481.59;474.84;488.86;495.84;487.03;486.61;478.33;493.93;497.69;492.27;497.90;498.90;501.56;498.07;497.65;496.58;493.06;508.69;508.68;499.56;491.99;500.29;491.61;502.28;510.04;509.25;505.03;515.95;506.27;496.12;494.35;507.45;501.92;509.16;523.57;518.17;512.15;512.26;522.28;511.06;533.55;540.52;527.67;529.79;522.54;520.74;512.05;508.67;,HALAL,"Business activity permissible — debt ratio not verified, cross-check Musaffa/Zoya",
APD,CHEMICAL,CHEMICALS-SPECIALTY,,,,254.99;260.77;259.37;252.73;269.13;274.52;279.99;282.83;289.52;276.28;278.90;277.70;276.01;272.81;273.01;270.81;268.81;271.72;286.89;285.58;277.94;277.54;282.71;289.54;287.95;287.64;292.30;294.78;296.87;294.80;295.40;294.32;294.93;299.90;301.48;298.20;296.51;298.36;293.59;301.73;298.02;291.50;287.40;287.68;283.97;276.90;277.57;281.10;275.06;274.80;279.88;278.75;278.48;280.71;278.20;269.67;306.40;308.86;296.75;299.53;299.40;297.29;296.63;297.00;,HALAL,"Business activity permissible — debt ratio not verified, cross-check Musaffa/Zoya",
ECL,CHEMICAL,CHEMICALS-SPECIALTY,,,,271.53;279.96;282.14;279.94;280.47;280.90;285.64;286.61;301.92;297.56;300.96;302.52;306.50;305.11;301.83;296.28;281.17;279.88;274.40;271.64;261.13;255.78;263.77;263.53;261.78;268.81;266.30;272.77;272.55;272.39;268.50;274.93;268.20;268.76;266.23;259.89;254.90;262.70;253.53;251.02;248.20;248.53;247.96;252.63;261.87;255.30;255.56;253.64;256.71;256.29;264.69;273.87;269.12;268.66;281.20;278.60;278.37;283.72;274.12;274.31;269.75;275.71;268.65;266.88;,HALAL,"Business activity permissible — debt ratio not verified, cross-check Musaffa/Zoya",
ALB,CHEMICAL,CHEMICALS-SPECIALTY,,,,171.68;187.38;188.80;183.41;169.77;169.78;155.70;164.93;174.55;165.52;170.36;167.58;185.89;184.00;177.29;167.51;161.48;165.71;163.07;162.03;165.41;156.30;176.61;174.06;176.77;178.02;172.59;176.99;173.20;189.38;215.07;194.33;193.73;187.85;186.42;196.20;190.20;192.12;203.00;205.00;190.61;175.29;169.78;171.14;177.02;175.97;171.33;165.23;149.46;146.85;170.42;166.11;160.35;149.98;141.05;129.72;136.08;133.80;129.38;126.05;128.75;119.46;118.20;117.45;,HALAL,"Business activity permissible — debt ratio not verified, cross-check Musaffa/Zoya",
FUL,CHEMICAL,CHEMICALS-SPECIALTY,,,,,HALAL,"Business activity permissible — debt ratio not verified, cross-check Musaffa/Zoya",
CC,CHEMICAL,CHEMICALS-SPECIALTY,,,,15.13;15.90;15.66;14.98;14.86;16.38;16.74;18.77;20.84;20.34;20.97;16.89;18.25;17.17;17.93;17.47;16.35;17.74;17.64;17.58;18.95;17.64;20.30;21.50;21.12;21.44;21.62;21.35;22.63;22.81;23.79;23.24;23.95;26.52;25.61;26.85;27.12;23.59;22.96;24.58;24.77;22.94;22.27;21.37;22.50;22.16;23.25;21.67;20.86;20.31;22.00;21.67;21.77;19.96;21.36;20.26;20.14;18.19;18.38;17.81;18.63;17.33;17.18;18.24;,HALAL,"Business activity permissible — debt ratio not verified, cross-check Musaffa/Zoya",
AVNT,CHEMICAL,CHEMICALS-SPECIALTY,,,,35.21;37.06;36.38;35.60;35.59;36.82;37.72;38.41;40.24;42.09;42.61;41.91;41.65;40.48;40.25;39.29;36.03;35.40;34.00;33.82;32.66;31.67;34.06;35.96;35.27;36.13;34.46;36.77;37.92;37.64;37.35;38.21;36.97;37.28;36.59;36.80;35.34;37.56;36.61;35.00;34.50;33.30;33.57;34.05;35.96;35.16;34.95;33.89;34.23;34.71;37.48;37.39;37.66;35.77;37.00;36.84;36.82;38.89;35.73;36.03;35.81;38.07;36.11;37.36;,HALAL,"Business activity permissible — debt ratio not verified, cross-check Musaffa/Zoya",
VVV,CHEMICAL,CHEMICALS-SPECIALTY,,,,31.30;33.21;33.01;32.84;32.72;33.29;36.76;36.99;38.87;38.53;38.88;38.73;39.00;37.70;38.30;36.94;35.27;35.11;34.04;33.74;33.39;32.74;34.38;34.65;33.14;34.09;33.74;34.88;33.77;33.14;32.98;34.64;32.73;33.23;32.38;33.23;32.11;34.17;35.62;32.80;32.38;33.24;33.27;33.58;34.58;33.75;33.94;35.25;36.18;36.32;37.61;37.75;38.07;38.32;39.72;39.66;38.15;38.59;37.67;38.64;38.89;40.27;39.54;39.03;,HALAL,"Business activity permissible — debt ratio not verified, cross-check Musaffa/Zoya",
KOP,CHEMICAL,CHEMICALS-SYNTHETIC FIBERS,,,,28.03;29.32;29.00;29.11;29.33;30.17;31.36;32.35;34.05;34.14;34.90;34.95;34.26;37.07;36.25;38.37;37.47;37.11;37.28;38.31;37.27;35.02;37.13;38.69;38.16;37.57;35.71;37.28;37.36;38.36;36.90;37.36;37.93;40.19;41.37;40.74;39.75;41.52;43.89;43.46;42.32;40.30;39.11;40.27;42.64;40.80;42.48;42.16;41.22;41.68;43.41;44.50;43.73;42.90;44.70;45.36;44.56;47.10;47.40;47.56;48.53;49.05;49.20;51.17;,HALAL,"Business activity permissible — debt ratio not verified, cross-check Musaffa/Zoya",
GEF,CHEMICAL,CHEMICALS-SYNTHETIC FIBERS,,,,69.00;70.89;70.97;71.23;69.42;71.14;72.70;72.96;74.44;75.51;73.87;73.37;72.48;71.52;71.92;70.43;68.00;66.30;65.85;65.95;63.89;62.05;65.67;66.13;65.88;66.70;66.22;69.19;69.46;67.88;67.46;68.85;66.10;65.92;65.71;64.67;65.48;67.62;67.47;65.01;64.85;62.32;62.60;63.73;63.21;62.77;62.90;62.84;62.78;63.94;67.79;70.10;68.91;69.95;74.25;74.25;74.81;73.87;71.63;73.60;71.65;76.10;75.24;76.80;,HALAL,"Business activity permissible — debt ratio not verified, cross-check Musaffa/Zoya",
AMAT,CHIPS,ELEC-SEMICONDUCTOR EQUIPMENT,,,,317.44;318.00;318.67;335.91;321.52;317.88;303.23;329.75;339.04;354.03;368.38;374.91;377.46;375.25;371.72;357.32;324.34;345.45;336.85;345.75;349.04;356.62;373.53;338.13;322.72;353.36;352.18;385.24;398.99;395.15;389.42;391.13;402.98;416.52;380.64;394.00;390.89;428.09;434.90;430.66;440.01;413.06;426.32;432.16;448.25;450.06;490.05;501.70;492.17;497.01;567.25;568.23;617.11;585.88;668.00;694.64;650.91;592.79;570.50;602.50;595.70;560.93;525.70;553.92;,HALAL,"Business activity permissible — debt ratio not verified, cross-check Musaffa/Zoya",
LRCX,CHIPS,ELEC-SEMICONDUCTOR EQUIPMENT,,,,221.99;220.28;222.45;239.12;233.02;229.66;212.90;228.84;234.67;235.08;239.63;244.45;243.79;238.62;230.56;222.83;199.19;215.08;209.34;219.25;224.55;228.20;238.67;211.47;199.79;221.85;220.49;246.32;263.47;272.22;260.78;262.97;265.36;267.59;251.05;257.68;258.39;296.96;293.84;289.04;298.94;277.76;291.88;305.14;318.71;317.96;334.17;336.17;324.22;321.57;366.55;369.08;389.04;371.33;401.82;410.91;391.26;350.20;333.15;350.33;346.10;320.96;306.76;319.29;,HALAL,"Business activity permissible — debt ratio not verified, cross-check Musaffa/Zoya",
KLAC,CHIPS,ELEC-SEMICONDUCTOR EQUIPMENT,,,,148.24;149.61;153.91;162.30;142.43;135.21;132.76;143.65;147.57;146.04;147.84;149.41;150.47;152.24;153.30;147.40;134.28;145.11;140.78;143.64;148.05;149.68;156.42;144.93;138.08;151.79;153.81;167.02;173.51;179.36;173.26;180.30;180.98;193.25;180.67;174.81;171.11;181.40;186.68;180.90;189.05;175.65;182.95;188.84;195.72;192.17;204.52;213.11;210.81;213.56;254.54;237.33;259.56;244.49;258.80;278.39;266.19;233.31;221.18;231.52;230.37;219.37;207.60;214.69;,HALAL,"Business activity permissible — debt ratio not verified, cross-check Musaffa/Zoya",
ASML,CHIPS,ELEC-SEMICONDUCTOR EQUIPMENT,,,,1321.44;1390.13;1408.41;1417.95;1418.03;1391.00;1345.44;1424.50;1432.50;1403.54;1465.52;1466.39;1494.54;1460.61;1420.44;1396.32;1289.98;1380.39;1348.63;1372.56;1352.22;1314.38;1396.37;1326.60;1251.23;1356.80;1301.17;1417.95;1475.06;1514.99;1407.76;1473.28;1440.51;1454.52;1384.56;1438.99;1386.21;1544.74;1592.02;1520.94;1584.51;1472.39;1550.13;1632.90;1597.87;1612.76;1705.37;1757.47;1749.04;1734.19;1863.55;1803.89;1929.68;1778.46;1841.18;1883.11;1843.04;1825.07;1768.65;1797.32;1775.64;1784.87;1739.02;1801.86;,HALAL,"Business activity permissible — debt ratio not verified, cross-check Musaffa/Zoya",
ENTG,CHIPS,ELEC-SEMICONDUCTOR EQUIPMENT,,,,114.83;118.34;115.45;120.57;117.99;113.62;110.25;122.31;137.69;131.34;131.80;134.40;136.18;132.11;135.41;128.91;112.36;116.80;109.90;111.56;115.50;114.58;121.59;115.67;108.56;118.63;115.60;129.51;135.23;137.35;135.83;148.82;147.83;155.87;144.62;141.38;138.96;155.86;149.11;145.31;139.26;127.21;127.70;135.28;140.00;138.79;142.92;139.88;132.71;128.88;150.52;151.61;178.77;168.22;176.28;171.04;165.19;145.17;138.72;145.35;140.63;134.60;133.79;137.48;,HALAL,"Business activity permissible — debt ratio not verified, cross-check Musaffa/Zoya",
ACLS,CHIPS,ELEC-SEMICONDUCTOR EQUIPMENT,,,,88.16;94.96;89.17;91.23;88.07;84.37;81.49;85.47;91.82;94.55;82.01;80.16;81.77;83.58;86.58;86.62;82.24;85.82;85.18;84.55;85.74;84.43;94.39;98.35;90.43;95.51;97.50;104.65;110.37;113.06;118.76;131.02;139.93;143.13;134.02;139.11;141.87;171.00;163.03;161.64;161.64;146.24;149.56;156.94;157.91;150.41;158.78;161.87;154.76;157.43;180.12;176.85;187.53;171.06;180.70;176.13;178.33;139.97;135.43;143.35;142.24;139.34;131.70;141.95;,HALAL,"Business activity permissible — debt ratio not verified, cross-check Musaffa/Zoya",
ICHR,CHIPS,ELEC-SEMICONDUCTOR EQUIPMENT,,,,30.57;33.07;30.59;30.88;30.34;30.38;28.52;34.11;47.59;46.77;47.84;50.35;53.58;46.90;48.58;46.65;40.02;43.45;41.64;42.59;46.81;46.83;51.15;45.45;42.12;47.81;47.76;52.67;57.50;64.01;63.68;64.46;65.52;70.93;66.54;65.97;69.72;72.51;74.42;73.28;74.51;66.60;65.76;68.96;73.74;71.52;74.95;71.06;66.75;72.17;86.80;85.77;98.61;92.20;95.03;105.46;111.77;95.67;88.81;100.30;94.85;83.74;83.69;95.33;,HALAL,"Business activity permissible — debt ratio not verified, cross-check Musaffa/Zoya",
ONTO,CHIPS,ELEC-SEMICONDUCTOR EQUIPMENT,,,,216.16;211.80;206.74;213.70;202.05;199.94;188.86;214.08;222.42;217.23;220.00;216.41;224.18;217.88;218.05;209.04;179.72;193.82;184.59;194.64;201.88;200.17;219.46;204.75;189.27;211.72;221.17;240.49;257.14;261.59;267.15;295.09;297.34;307.86;282.39;295.06;299.55;294.05;284.67;277.94;277.28;254.53;263.12;262.25;266.89;258.24;278.02;274.76;268.99;269.33;323.88;316.15;333.76;315.88;344.24;351.45;351.36;303.86;291.45;321.44;319.32;281.61;278.54;295.25;,HALAL,"Business activity permissible — debt ratio not verified, cross-check Musaffa/Zoya",
UCTT,CHIPS,ELEC-SEMICONDUCTOR EQUIPMENT,,,,44.26;44.14;44.05;45.33;43.68;45.33;43.86;50.78;55.93;55.39;54.89;59.15;71.96;59.47;63.22;58.97;50.56;56.25;56.06;55.72;59.36;57.67;65.27;59.51;55.89;63.50;63.30;68.65;75.81;76.92;76.44;79.45;78.23;83.01;78.25;78.15;73.11;83.46;87.10;82.99;86.38;77.65;80.22;84.01;91.58;85.57;90.21;93.69;83.93;90.90;108.90;109.31;121.28;111.63;120.66;130.70;129.59;105.53;100.91;106.27;103.77;92.60;91.76;101.46;,HALAL,"Business activity permissible — debt ratio not verified, cross-check Musaffa/Zoya",
AEHR,CHIPS,ELEC-SEMICONDUCTOR EQUIPMENT,,,,29.06;30.91;26.78;27.98;25.64;27.19;23.00;27.59;33.85;28.84;29.01;33.60;39.23;39.80;44.03;42.66;35.61;41.96;37.65;37.48;36.31;34.52;39.19;34.57;30.12;39.60;52.16;63.16;70.43;74.38;80.85;90.15;97.36;95.91;82.43;90.56;85.61;96.73;97.23;96.72;106.34;83.57;82.34;95.02;103.82;92.33;113.00;116.58;95.58;93.32;108.47;104.83;115.30;102.39;98.79;94.77;84.43;72.33;67.89;72.60;72.01;84.20;77.36;93.54;,HALAL,"Business activity permissible — debt ratio not verified, cross-check Musaffa/Zoya",
NVDA,CHIPS,ELEC-SEMICONDUCTOR FABLESS,,,,177.85;184.61;186.24;191.29;190.90;180.12;171.67;189.81;189.82;182.59;187.75;189.59;192.62;184.66;182.26;182.82;177.60;184.54;182.93;183.01;180.19;172.50;175.00;171.04;164.98;175.55;177.43;181.87;188.41;196.28;198.12;201.82;202.26;208.03;212.92;199.34;198.25;207.59;214.95;220.52;235.47;222.06;223.21;215.08;212.35;210.89;222.56;218.66;208.64;200.42;205.19;207.41;210.69;200.04;195.74;194.97;197.58;195.55;204.12;210.96;211.80;207.40;203.28;212.06;,HALAL,"Semiconductors — halal core — debt ratio not verified, cross-check Musaffa/Zoya",
AVGO,CHIPS,ELEC-SEMICONDUCTOR FABLESS,,,,331.38;324.30;323.66;332.02;330.08;319.15;309.37;342.68;341.50;323.98;332.29;331.43;324.30;320.52;317.65;316.36;329.27;341.32;334.74;323.73;314.77;309.37;317.79;308.93;292.95;312.99;313.93;350.08;370.96;380.18;397.84;399.00;421.98;422.09;399.20;416.77;415.84;424.77;429.32;418.64;439.10;420.05;417.10;413.49;421.19;446.06;480.81;418.25;395.97;371.51;381.47;376.11;410.70;380.15;378.91;372.45;369.34;373.90;388.69;399.97;389.11;374.45;378.16;396.81;,HALAL,"Business activity permissible — debt ratio not verified, cross-check Musaffa/Zoya",
QCOM,CHIPS,ELEC-SEMICONDUCTOR FABLESS,,,,152.52;156.22;152.97;151.17;150.07;145.70;134.93;137.54;139.62;139.29;141.80;141.45;143.33;144.13;139.61;138.11;135.19;134.70;130.67;128.91;129.99;129.42;128.20;130.06;126.60;126.81;125.27;127.04;127.59;132.35;133.98;137.01;135.57;148.30;149.45;178.92;167.76;191.86;218.28;209.54;199.34;202.89;201.76;237.28;232.54;250.10;239.95;242.57;217.77;191.20;211.72;214.07;226.11;204.13;204.90;188.72;181.92;186.48;186.56;189.16;178.10;170.61;170.32;175.63;,HALAL,"Business activity permissible — debt ratio not verified, cross-check Musaffa/Zoya",
AMD,CHIPS,ELEC-SEMICONDUCTOR FABLESS,,,,231.92;253.73;251.31;252.74;236.73;242.11;192.50;216.00;213.58;207.32;200.12;200.15;213.84;203.68;198.62;202.07;192.43;203.23;197.74;196.58;199.46;201.33;205.37;203.77;196.04;210.21;220.18;231.82;245.04;255.07;278.26;274.95;303.46;347.81;323.21;354.49;341.54;421.39;455.19;448.29;449.70;420.99;447.58;467.51;495.54;516.10;521.54;523.20;490.33;452.40;511.57;507.29;537.37;519.85;532.57;539.49;540.88;552.05;517.41;557.89;548.13;500.94;503.57;552.33;,HALAL,"Business activity permissible — debt ratio not verified, cross-check Musaffa/Zoya",
MRVL,CHIPS,ELEC-SEMICONDUCTOR FABLESS,,,,79.74;83.04;81.71;83.56;78.86;75.48;74.15;82.29;81.28;78.55;79.03;79.42;78.33;79.23;80.80;78.03;89.50;93.23;87.60;91.51;87.55;87.84;92.29;97.61;87.74;106.63;109.43;114.36;128.46;133.80;133.34;147.80;157.28;164.27;153.19;165.11;163.62;172.11;170.09;164.46;182.53;168.89;186.75;196.28;198.65;204.95;290.72;316.35;288.78;252.53;279.63;278.60;310.50;278.97;281.19;277.68;271.98;249.21;231.65;235.81;222.44;188.30;194.94;210.99;,HALAL,"Business activity permissible — debt ratio not verified, cross-check Musaffa/Zoya",
MPWR,CHIPS,ELEC-SEMICONDUCTOR FABLESS,,,,1030.85;1072.88;1064.38;1157.70;1120.20;1160.73;1151.93;1201.94;1192.52;1167.35;1184.14;1199.87;1209.40;1175.98;1138.56;1095.16;1019.56;1052.11;1030.25;1073.61;1071.51;1065.09;1097.72;1054.56;998.82;1117.80;1178.23;1310.94;1351.79;1361.34;1400.67;1488.59;1519.72;1629.57;1501.79;1611.95;1570.90;1649.83;1598.40;1597.08;1611.51;1484.07;1550.90;1587.39;1617.70;1563.82;1622.51;1650.08;1556.80;1470.80;1574.92;1496.49;1561.32;1421.59;1436.11;1310.77;1331.73;1346.13;1315.51;1352.74;1376.41;1305.65;1328.80;1398.45;,HALAL,"Business activity permissible — debt ratio not verified, cross-check Musaffa/Zoya",
MCHP,CHIPS,ELEC-SEMICONDUCTOR FABLESS,,,,72.38;74.65;73.98;79.41;75.10;75.83;77.20;73.61;79.88;77.71;78.25;76.89;75.55;74.60;73.94;69.55;64.45;65.00;62.42;63.51;64.39;62.66;65.30;63.88;59.76;65.05;66.88;70.38;71.20;74.13;76.49;79.99;82.07;88.99;83.84;92.45;94.82;102.41;98.60;97.21;96.56;92.30;93.55;93.43;96.85;94.65;96.96;96.30;91.37;87.91;95.24;95.63;99.77;93.26;94.12;89.06;88.69;87.59;85.49;88.59;87.11;81.68;80.51;85.02;,HALAL,"Business activity permissible — debt ratio not verified, cross-check Musaffa/Zoya",
RMBS,CHIPS,ELEC-SEMICONDUCTOR FABLESS,,,,110.10;124.77;114.19;124.44;113.83;98.45;98.10;110.92;99.38;101.95;104.34;102.64;98.57;102.17;98.88;92.04;88.12;89.61;89.78;92.78;93.32;91.70;92.69;91.44;79.73;89.95;92.22;101.43;110.44;121.73;120.03;126.87;131.55;158.40;111.27;115.11;111.50;130.04;129.25;130.28;130.46;123.76;133.56;142.98;148.66;145.46;166.78;169.35;152.03;138.12;146.56;132.48;141.17;128.21;123.69;123.90;123.83;113.25;109.64;112.10;105.38;101.42;100.85;103.83;,HALAL,"Business activity permissible — debt ratio not verified, cross-check Musaffa/Zoya",
SLAB,CHIPS,ELEC-SEMICONDUCTOR FABLESS,,,,,HALAL,"Business activity permissible — debt ratio not verified, cross-check Musaffa/Zoya",
SMCI,CHIPS,ELEC-SEMICONDUCTOR FABLESS,,,,31.41;32.45;30.80;31.21;29.11;29.67;30.85;33.53;32.04;30.54;29.71;32.42;31.13;32.28;31.83;32.65;31.31;31.79;30.90;31.86;30.35;20.53;22.23;22.21;21.06;22.51;22.05;23.37;25.26;27.20;28.40;28.81;29.18;29.08;27.25;27.40;27.92;34.66;35.37;32.79;33.03;30.85;33.46;35.58;38.19;46.09;50.17;46.90;43.99;29.27;30.46;29.22;30.66;33.32;31.68;28.15;27.65;27.19;28.17;28.31;27.65;24.68;23.83;30.56;,HALAL,"Business activity permissible — debt ratio not verified, cross-check Musaffa/Zoya",
ALGM,CHIPS,ELEC-SEMICONDUCTOR FABLESS,,,,32.97;33.81;32.49;34.55;36.91;38.89;38.62;41.99;42.81;42.38;38.59;38.93;39.04;36.77;36.59;34.07;31.93;33.17;31.16;31.38;31.52;29.95;32.58;31.23;28.04;33.30;32.81;35.87;37.50;38.27;38.22;40.65;42.27;44.13;41.12;48.50;49.48;51.37;48.95;45.87;44.97;41.35;44.33;45.95;49.00;47.87;50.33;53.62;48.19;44.54;50.40;53.29;59.00;55.52;60.16;66.37;63.20;56.56;51.47;54.87;52.32;47.12;46.36;49.87;,HALAL,"Business activity permissible — debt ratio not verified, cross-check Musaffa/Zoya",
POWI,CHIPS,ELEC-SEMICONDUCTOR FABLESS,,,,42.60;45.17;43.96;46.45;45.62;44.93;46.87;45.47;47.94;46.88;45.61;45.20;46.76;48.13;50.12;46.85;45.95;44.96;46.24;46.65;45.97;46.34;50.68;49.93;47.76;52.24;51.31;53.76;54.40;53.90;55.91;61.68;71.55;73.36;65.86;72.53;72.67;78.04;73.10;70.73;71.49;67.45;68.96;70.68;86.69;84.00;84.19;85.30;76.68;74.63;78.38;79.33;87.11;80.57;84.81;78.96;80.27;73.06;66.46;72.07;70.76;69.84;71.15;72.49;,HALAL,"Business activity permissible — debt ratio not verified, cross-check Musaffa/Zoya",
LSCC,CHIPS,ELEC-SEMICONDUCTOR FABLESS,,,,83.23;85.30;83.48;84.84;80.52;81.44;81.39;87.54;105.77;97.63;97.23;97.76;98.36;97.25;100.72;91.63;85.49;91.69;86.40;89.92;94.16;88.62;98.47;94.92;85.32;95.54;97.24;106.56;106.10;110.81;111.88;118.83;115.59;122.80;113.91;122.28;125.57;125.19;127.19;125.43;124.85;123.15;138.74;143.22;147.91;147.08;151.35;151.92;142.90;132.37;144.53;143.48;153.72;144.61;144.20;146.78;146.30;137.31;132.48;137.44;133.91;124.50;125.56;137.17;,HALAL,"Business activity permissible — debt ratio not verified, cross-check Musaffa/Zoya",
SITM,CHIPS,ELEC-SEMICONDUCTOR FABLESS,,,,363.13;362.73;345.49;361.12;363.11;351.47;410.29;417.36;436.28;420.23;410.72;406.97;404.79;397.86;440.80;383.47;327.35;355.30;322.88;341.69;343.78;325.32;354.35;334.67;311.23;354.33;363.94;394.92;420.32;446.04;470.56;528.10;524.51;570.26;515.67;562.15;564.68;623.33;833.08;847.19;820.21;725.59;697.00;728.56;726.21;710.20;701.08;706.98;664.28;664.23;729.89;684.86;729.04;706.90;675.70;710.47;703.84;615.46;612.13;628.94;623.83;564.59;555.15;590.67;,HALAL,"Business activity permissible — debt ratio not verified, cross-check Musaffa/Zoya",
TSM,CHIPS,ELEC-SEMICONDUCTOR MFG,,,,325.48;325.69;331.00;340.54;328.86;334.02;329.03;353.58;372.17;364.48;360.40;368.64;383.77;374.87;367.21;355.60;337.15;345.31;334.98;338.48;338.78;328.47;342.45;325.35;315.76;340.69;340.96;365.05;369.73;379.00;362.50;365.38;386.53;401.52;391.42;395.13;400.67;418.52;410.72;396.35;416.74;395.02;400.68;403.57;421.74;417.47;445.65;443.88;425.80;407.80;423.93;425.83;462.12;436.39;434.99;455.10;444.23;451.79;436.98;434.11;420.39;409.74;402.30;421.21;,HALAL,"Business activity permissible — debt ratio not verified, cross-check Musaffa/Zoya",
INTC,CHIPS,ELEC-SEMICONDUCTOR MFG,,,,48.56;54.32;42.49;48.78;46.47;49.25;48.24;50.24;48.29;46.79;45.46;44.11;46.12;45.46;45.50;45.58;43.42;46.78;45.25;45.76;45.03;43.87;44.06;44.10;41.19;48.03;50.78;58.95;62.38;63.81;68.50;65.70;65.27;82.54;84.52;94.48;95.78;113.01;124.92;120.61;115.93;108.17;118.96;119.84;121.77;114.68;107.93;111.78;110.27;107.04;124.57;117.05;133.99;132.28;132.87;131.72;127.02;122.20;110.24;109.84;107.76;96.98;97.06;102.62;,HALAL,"Business activity permissible — debt ratio not verified, cross-check Musaffa/Zoya",
TXN,CHIPS,ELEC-SEMICONDUCTOR MFG,,,,187.41;192.75;194.33;213.68;214.46;224.07;222.85;217.66;225.41;225.02;222.19;218.62;212.27;211.56;208.76;201.37;192.25;196.46;189.09;193.15;189.82;186.24;193.65;192.43;185.48;195.31;198.41;207.84;213.64;217.76;221.97;232.52;235.12;275.74;263.66;279.66;279.47;289.44;287.80;295.17;308.17;300.60;304.88;309.21;317.45;305.68;308.12;305.37;290.90;282.01;301.12;305.71;322.86;304.36;311.81;285.48;298.41;303.50;301.32;311.46;305.55;291.22;284.07;294.19;,HALAL,"Business activity permissible — debt ratio not verified, cross-check Musaffa/Zoya",
ADI,CHIPS,ELEC-SEMICONDUCTOR MFG,,,,293.94;306.72;302.23;315.77;309.06;309.47;320.24;321.08;335.03;335.13;344.35;352.96;354.01;352.28;350.35;340.58;314.95;317.94;306.43;310.07;307.75;308.58;320.95;312.56;302.27;319.70;326.47;345.26;349.18;347.65;352.83;380.01;380.38;398.48;382.21;401.16;395.94;414.49;415.38;418.50;425.62;417.44;396.96;395.99;415.74;412.72;423.20;428.76;403.89;392.67;417.79;416.00;434.46;407.26;417.93;391.78;388.98;388.83;385.40;395.65;392.75;380.53;372.46;386.73;,HALAL,"Business activity permissible — debt ratio not verified, cross-check Musaffa/Zoya",
STM,CHIPS,ELEC-SEMICONDUCTOR MFG,,,,27.01;28.91;28.49;30.21;27.78;27.75;28.87;32.38;34.81;33.48;33.64;33.49;33.91;34.24;33.35;33.20;31.24;33.39;33.11;33.33;33.10;30.74;31.91;32.87;31.28;34.48;35.40;37.94;39.44;40.85;41.52;44.41;44.81;50.41;49.75;55.08;55.07;57.88;59.10;57.86;64.31;60.89;64.86;66.78;67.67;69.23;79.42;78.27;74.93;70.66;77.21;74.47;78.30;72.43;74.88;74.79;70.72;71.39;68.54;71.46;70.13;62.77;61.78;65.77;,HALAL,"Business activity permissible — debt ratio not verified, cross-check Musaffa/Zoya",
ON,CHIPS,ELEC-SEMICONDUCTOR MFG,,,,60.06;63.07;61.13;64.93;59.89;59.43;63.10;65.10;71.18;72.21;70.66;69.11;70.03;68.16;66.48;62.53;56.87;59.59;57.69;59.88;60.46;59.26;62.34;60.87;55.66;62.20;63.49;68.38;68.65;72.05;79.93;85.56;88.99;98.40;93.30;100.81;102.04;105.77;103.20;104.11;118.37;109.43;110.21;116.20;124.89;120.62;128.64;131.82;120.90;110.17;116.79;118.25;121.62;117.06;118.74;88.57;94.63;94.69;93.79;95.96;93.73;88.12;86.70;92.33;,HALAL,"Business activity permissible — debt ratio not verified, cross-check Musaffa/Zoya",
NXPI,CHIPS,ELEC-SEMICONDUCTOR MFG,,,,228.73;234.73;229.08;237.98;224.21;218.78;220.24;226.96;247.62;242.35;235.31;230.29;232.63;230.25;222.84;214.53;200.02;201.30;189.59;190.25;191.05;189.74;194.73;196.25;186.76;194.92;196.41;203.58;203.68;209.18;213.01;220.59;224.99;243.21;229.61;292.60;289.78;302.52;293.75;293.24;293.18;290.69;309.10;315.40;328.13;320.26;322.53;321.13;300.12;284.59;303.83;301.87;312.21;298.93;298.64;278.37;279.18;280.51;283.81;292.26;283.87;270.66;267.18;278.80;,HALAL,"Business activity permissible — debt ratio not verified, cross-check Musaffa/Zoya",
WOLF,CHIPS,ELEC-SEMICONDUCTOR MFG,,,,20.50;19.18;17.40;17.46;15.66;17.00;15.53;14.89;18.03;17.74;19.59;18.66;20.15;20.21;21.21;20.59;16.57;16.58;16.97;18.34;16.78;16.32;16.67;16.82;14.80;16.45;18.05;20.56;23.22;23.00;26.54;26.33;27.75;31.23;25.85;29.53;35.94;43.08;46.60;53.72;69.96;59.35;58.62;69.89;63.26;59.28;61.06;67.06;55.42;43.42;43.14;45.00;57.41;48.91;47.79;44.24;44.56;39.47;35.86;35.29;34.31;31.18;29.38;29.27;,HALAL,"Business activity permissible — debt ratio not verified, cross-check Musaffa/Zoya",
GFS,CHIPS,ELEC-SEMICONDUCTOR MFG,,,,43.56;44.94;44.16;45.72;42.14;40.63;40.91;43.46;48.67;48.92;46.48;46.12;47.55;46.85;49.80;47.50;46.81;46.56;41.53;43.71;42.41;43.02;46.01;44.51;41.32;44.18;43.55;47.73;48.86;48.34;50.32;58.68;60.30;61.70;59.40;64.51;67.65;72.20;74.01;72.05;73.73;67.74;70.69;85.52;80.99;79.85;84.48;84.58;77.20;74.71;81.26;79.80;85.71;83.27;86.12;81.00;77.23;68.91;67.97;68.97;63.39;58.24;56.81;58.49;,HALAL,"Business activity permissible — debt ratio not verified, cross-check Musaffa/Zoya",
QRVO,CHIPS,ELEC-SEMICONDUCTOR MFG,,,,79.85;81.59;82.50;77.18;78.11;78.80;82.72;83.16;85.82;84.44;84.06;82.24;83.18;82.46;81.92;79.46;77.64;78.17;78.77;78.31;77.13;78.16;79.64;80.61;76.02;77.07;79.43;79.57;79.81;80.61;81.72;82.61;84.98;87.80;84.87;94.22;92.53;88.94;90.53;89.73;90.46;94.21;98.78;106.43;103.91;103.56;102.74;103.97;99.89;95.00;98.59;96.56;98.42;99.60;95.37;93.54;90.88;87.13;83.87;85.81;82.51;83.50;85.72;89.48;,HALAL,"Business activity permissible — debt ratio not verified, cross-check Musaffa/Zoya",
SWKS,CHIPS,ELEC-SEMICONDUCTOR MFG,,,,56.24;58.45;58.54;54.15;54.62;54.79;59.68;60.30;62.38;60.83;60.74;58.83;59.38;59.10;58.42;55.80;54.34;54.46;54.72;54.07;53.12;53.97;54.88;56.17;52.05;52.76;55.49;56.05;55.87;56.79;58.19;58.95;61.24;63.10;60.45;69.57;68.26;64.41;66.20;65.74;66.48;69.74;73.71;81.71;78.68;77.85;79.12;79.93;75.37;70.29;73.97;71.42;72.45;73.44;69.94;67.71;65.93;61.91;58.49;60.38;56.58;57.63;59.80;63.16;,HALAL,"Business activity permissible — debt ratio not verified, cross-check Musaffa/Zoya",
SIMO,CHIPS,ELEC-SEMICONDUCTOR MFG,,,,112.35;114.60;112.49;116.42;118.24;119.72;125.44;136.75;139.65;136.00;132.49;134.60;135.61;130.81;128.93;122.05;118.11;122.53;119.86;125.71;125.14;123.51;118.40;111.00;105.23;116.74;116.35;121.50;126.45;129.88;136.72;138.42;141.66;153.15;148.88;218.33;226.70;244.45;253.59;258.71;263.85;239.76;258.02;276.14;284.98;276.87;301.27;294.67;263.21;251.68;280.49;282.68;321.66;319.00;325.26;331.94;316.98;318.86;313.30;326.35;308.41;272.45;252.61;281.68;,HALAL,"Business activity permissible — debt ratio not verified, cross-check Musaffa/Zoya",
VSH,CHIPS,ELEC-SEMICONDUCTOR MFG,,,,17.73;18.94;17.90;19.13;20.00;20.59;19.51;19.34;20.04;18.74;19.26;19.53;19.47;19.31;19.01;17.65;16.57;17.18;17.12;17.35;17.46;16.62;18.23;17.44;16.53;18.38;18.73;20.46;22.43;23.09;26.21;26.29;26.90;28.14;26.70;28.92;30.52;33.50;34.20;33.57;37.93;36.89;40.09;47.17;48.82;51.96;62.39;63.56;57.13;54.56;59.28;60.31;64.90;58.96;59.91;56.28;51.21;46.17;42.19;44.67;41.74;36.44;37.37;39.89;,HALAL,"Business activity permissible — debt ratio not verified, cross-check Musaffa/Zoya",
HIMX,CHIPS,ELEC-SEMICONDUCTOR MFG,,,,8.03;8.42;8.10;8.37;7.99;7.66;7.46;7.87;8.11;7.59;7.36;7.38;7.57;7.38;7.18;7.52;7.27;8.15;9.95;9.39;8.92;8.44;8.65;8.21;7.35;7.86;8.70;8.92;9.05;9.81;11.08;10.80;11.35;11.88;10.75;11.55;11.36;12.12;17.48;18.78;20.32;17.79;18.40;20.68;20.29;20.21;23.57;23.52;19.98;15.95;17.39;16.50;17.80;16.49;14.83;14.32;14.24;14.31;14.90;15.23;14.12;12.90;12.69;13.62;,HALAL,"Business activity permissible — debt ratio not verified, cross-check Musaffa/Zoya",
DIOD,CHIPS,ELEC-SEMICONDUCTOR MFG,,,,56.34;58.31;56.85;59.98;59.19;58.38;59.71;61.11;78.00;71.07;67.84;68.45;69.29;69.63;72.10;66.15;61.89;63.01;61.65;65.90;66.75;64.75;72.26;71.00;64.33;68.92;73.62;78.60;83.07;87.52;93.95;96.66;97.70;104.40;96.67;107.15;108.70;116.05;111.41;103.45;103.65;94.84;97.15;99.65;109.13;105.32;114.13;112.50;104.66;100.45;108.75;109.53;119.46;112.08;114.97;103.91;105.39;97.64;92.77;96.38;95.13;89.28;87.27;95.01;,HALAL,"Business activity permissible — debt ratio not verified, cross-check Musaffa/Zoya",
MU,CHIPS,ELEC-SEMICONDUCTOR MEMORY,,,,364.79;397.35;388.87;435.03;414.64;419.20;382.67;383.28;410.10;411.42;420.71;427.92;417.77;415.32;412.43;400.54;370.09;402.88;405.12;441.55;461.47;422.66;395.30;355.26;321.75;367.79;377.70;406.67;420.53;465.59;457.16;448.35;487.41;496.64;504.21;517.08;576.36;666.49;746.70;766.46;775.89;681.44;731.88;750.88;928.27;970.85;1063.94;995.85;949.13;891.74;981.46;1020.60;1133.82;1051.61;1213.37;1145.10;1032.12;984.75;948.80;979.30;983.12;853.20;865.46;959.48;,HALAL,"Business activity permissible — debt ratio not verified, cross-check Musaffa/Zoya",
WDC,CHIPS,ELEC-SEMICONDUCTOR MEMORY,,,,222.81;243.11;240.67;279.49;250.05;290.03;260.00;285.78;273.54;281.37;296.34;285.31;270.37;282.04;269.88;261.11;245.19;266.15;261.11;286.14;304.82;293.02;300.97;273.28;251.60;297.65;304.07;338.69;343.34;366.12;361.60;374.01;389.00;403.89;390.89;434.41;442.24;483.02;479.87;488.61;489.02;458.56;459.50;484.15;530.46;531.07;562.95;575.35;526.93;490.09;562.93;681.08;746.23;670.75;675.39;651.88;598.37;577.46;550.30;582.59;563.32;466.81;487.42;556.67;,HALAL,"Business activity permissible — debt ratio not verified, cross-check Musaffa/Zoya",
STX,CHIPS,ELEC-SEMICONDUCTOR MEMORY,,,,325.19;345.68;357.41;441.84;406.69;443.36;404.46;423.96;406.25;424.95;423.10;410.10;395.05;408.67;378.59;374.09;351.93;383.35;373.06;397.80;405.77;410.22;423.92;378.52;362.17;422.82;452.98;495.95;502.77;533.06;531.43;539.37;579.47;585.83;578.62;673.16;738.01;785.86;782.08;808.22;804.19;740.31;750.53;812.15;870.04;879.17;925.95;925.33;876.15;815.41;930.38;1030.61;1069.47;1037.85;1025.36;968.53;915.19;868.26;860.02;910.34;878.31;745.49;802.45;908.10;,HALAL,"Business activity permissible — debt ratio not verified, cross-check Musaffa/Zoya",
NTAP,CHIPS,ELEC-SEMICONDUCTOR MEMORY,,,,93.35;98.45;98.01;98.52;95.57;94.72;98.78;102.84;105.04;101.59;100.50;101.65;99.06;98.34;99.34;98.74;100.24;96.12;96.14;101.41;99.95;100.29;103.46;103.60;100.36;101.21;100.59;99.17;95.64;98.59;103.37;106.47;110.68;108.38;107.95;110.43;110.60;111.40;117.64;115.88;119.57;120.23;118.61;138.94;142.31;173.76;175.11;178.33;169.79;160.17;161.12;160.77;159.23;157.34;154.12;154.59;155.91;163.05;164.90;168.87;174.55;159.69;161.16;166.54;,HALAL,"Business activity permissible — debt ratio not verified, cross-check Musaffa/Zoya",
PSTG,CHIPS,ELEC-SEMICONDUCTOR MEMORY,,,,,HALAL,"Business activity permissible — debt ratio not verified, cross-check Musaffa/Zoya",
NTAP,COMPUTER,COMPUTER-DATA STORAGE,,,,93.35;98.45;98.01;98.52;95.57;94.72;98.78;102.84;105.04;101.59;100.50;101.65;99.06;98.34;99.34;98.74;100.24;96.12;96.14;101.41;99.95;100.29;103.46;103.60;100.36;101.21;100.59;99.17;95.64;98.59;103.37;106.47;110.68;108.38;107.95;110.43;110.60;111.40;117.64;115.88;119.57;120.23;118.61;138.94;142.31;173.76;175.11;178.33;169.79;160.17;161.12;160.77;159.23;157.34;154.12;154.59;155.91;163.05;164.90;168.87;174.55;159.69;161.16;166.54;,HALAL,"Business activity permissible — debt ratio not verified, cross-check Musaffa/Zoya",
PSTG,COMPUTER,COMPUTER-DATA STORAGE,,,,,HALAL,"Business activity permissible — debt ratio not verified, cross-check Musaffa/Zoya",
STX,COMPUTER,COMPUTER-DATA STORAGE,,,,325.19;345.68;357.41;441.84;406.69;443.36;404.46;423.96;406.25;424.95;423.10;410.10;395.05;408.67;378.59;374.09;351.93;383.35;373.06;397.80;405.77;410.22;423.92;378.52;362.17;422.82;452.98;495.95;502.77;533.06;531.43;539.37;579.47;585.83;578.62;673.16;738.01;785.86;782.08;808.22;804.19;740.31;750.53;812.15;870.04;879.17;925.95;925.33;876.15;815.41;930.38;1030.61;1069.47;1037.85;1025.36;968.53;915.19;868.26;860.02;910.34;878.31;745.49;802.45;908.10;,HALAL,"Business activity permissible — debt ratio not verified, cross-check Musaffa/Zoya",
WDC,COMPUTER,COMPUTER-DATA STORAGE,,,,222.81;243.11;240.67;279.49;250.05;290.03;260.00;285.78;273.54;281.37;296.34;285.31;270.37;282.04;269.88;261.11;245.19;266.15;261.11;286.14;304.82;293.02;300.97;273.28;251.60;297.65;304.07;338.69;343.34;366.12;361.60;374.01;389.00;403.89;390.89;434.41;442.24;483.02;479.87;488.61;489.02;458.56;459.50;484.15;530.46;531.07;562.95;575.35;526.93;490.09;562.93;681.08;746.23;670.75;675.39;651.88;598.37;577.46;550.30;582.59;563.32;466.81;487.42;556.67;,HALAL,"Business activity permissible — debt ratio not verified, cross-check Musaffa/Zoya",
AAPL,COMPUTER,COMPUTER-HARDWARE/PERIPHERAL,,,,246.24;247.89;254.94;255.96;259.00;268.98;275.40;274.37;275.25;255.54;264.11;264.34;271.89;272.70;264.48;262.28;257.22;260.59;255.52;252.59;249.71;247.76;251.41;252.66;246.40;255.39;258.62;258.66;260.24;258.59;263.16;272.80;272.92;270.81;270.46;271.10;276.58;287.25;293.05;294.80;298.21;297.84;302.25;308.82;310.85;312.06;315.20;311.23;301.54;291.58;291.13;299.24;298.01;294.30;275.15;281.74;294.38;312.66;313.39;315.32;314.86;333.26;326.59;325.89;,HALAL,"Core business halal; impure revenue (Apple Card) typically <5% — debt ratio not verified, cross-check Musaffa/Zoya",
DELL,COMPUTER,COMPUTER-HARDWARE/PERIPHERAL,,,,110.54;116.62;115.38;116.77;113.90;116.60;114.84;120.34;123.57;116.93;116.23;121.69;119.21;120.88;152.82;146.40;145.79;143.12;149.20;155.80;148.50;156.92;176.07;174.99;163.88;168.58;172.36;184.59;176.96;183.64;192.18;203.27;214.30;215.73;205.59;208.61;211.29;238.41;260.03;238.55;247.48;237.64;242.53;294.70;304.82;420.22;434.59;421.35;400.11;369.22;394.92;403.41;408.82;427.07;408.77;413.93;424.55;411.12;431.26;434.25;456.79;390.73;381.25;441.80;,HALAL,"Business activity permissible — debt ratio not verified, cross-check Musaffa/Zoya",
HPQ,COMPUTER,COMPUTER-HARDWARE/PERIPHERAL,,,,19.25;19.28;18.92;18.52;18.90;18.47;18.62;18.89;19.21;18.72;17.84;18.07;17.69;18.29;18.18;18.65;18.92;18.27;18.72;18.46;18.00;18.05;18.66;19.09;18.82;18.72;18.71;18.66;18.04;18.76;19.48;19.35;20.19;19.55;19.49;20.61;20.55;21.15;22.41;20.83;20.52;20.67;20.82;24.94;25.18;26.71;26.96;25.98;25.07;24.69;25.24;24.29;23.50;23.67;22.92;22.64;22.02;22.60;23.78;24.22;24.63;24.14;24.22;25.10;,HALAL,"Business activity permissible — debt ratio not verified, cross-check Musaffa/Zoya",
HPE,COMPUTER,COMPUTER-HARDWARE/PERIPHERAL,,,,20.20;21.16;21.17;21.51;21.32;21.58;22.50;23.69;23.59;22.48;21.35;21.17;20.06;20.65;21.92;21.35;20.93;20.90;21.38;21.65;21.33;21.49;23.83;25.00;22.54;23.91;24.51;24.91;24.82;24.40;25.81;27.73;28.43;28.08;27.87;28.69;28.63;30.28;31.26;30.12;34.03;32.90;33.70;37.47;37.09;42.91;55.99;53.53;49.72;45.36;48.03;48.38;47.41;48.92;46.72;44.41;43.95;43.15;44.67;48.54;49.56;45.13;44.56;48.13;,HALAL,"Business activity permissible — debt ratio not verified, cross-check Musaffa/Zoya",
LOGI,COMPUTER,COMPUTER-HARDWARE/PERIPHERAL,,,,91.19;91.81;94.16;86.64;85.84;87.53;88.91;91.70;93.32;89.41;88.94;90.04;91.36;92.71;91.09;92.01;92.18;90.94;92.93;94.68;90.14;87.92;91.83;92.58;90.01;91.72;92.48;94.79;91.26;95.96;99.04;100.01;98.01;95.39;96.64;99.28;101.50;103.42;109.39;103.56;100.95;105.21;103.78;112.63;109.91;121.87;126.69;118.69;113.38;109.13;110.81;109.23;107.64;104.39;100.85;98.63;94.64;97.43;97.86;101.95;100.59;100.29;101.78;104.42;,HALAL,"Business activity permissible — debt ratio not verified, cross-check Musaffa/Zoya",
ZBRA,COMPUTER,COMPUTER-HARDWARE/PERIPHERAL,,,,238.71;246.83;243.51;236.23;234.98;233.16;241.08;257.79;252.50;264.62;252.52;255.41;235.83;235.03;223.92;231.42;219.65;212.47;204.05;203.97;207.51;203.62;207.49;204.42;199.30;207.28;211.12;221.14;222.13;226.70;233.04;237.30;231.10;227.71;219.24;226.26;223.73;229.76;226.03;241.79;258.10;260.06;243.47;255.55;252.51;243.63;254.44;245.48;233.04;216.79;228.42;237.39;235.98;237.72;243.39;255.81;267.85;270.29;264.32;272.52;260.11;265.04;264.69;262.75;,HALAL,"Business activity permissible — debt ratio not verified, cross-check Musaffa/Zoya",
JBL,COMPUTER,COMPUTER-HARDWARE/PERIPHERAL,,,,246.62;244.57;241.68;243.49;237.06;245.50;241.70;265.82;260.94;254.44;260.48;271.03;266.20;271.85;261.12;255.12;241.04;251.09;252.08;257.94;258.61;253.57;277.32;264.09;247.42;271.90;267.41;287.08;299.43;305.90;310.03;330.21;336.32;341.57;330.76;337.41;340.72;372.26;355.07;350.72;354.26;338.73;345.15;364.35;371.38;364.56;373.16;373.82;363.95;352.36;384.82;375.51;371.88;372.99;374.64;373.58;375.34;338.22;325.21;330.29;326.82;307.06;305.91;318.29;,HALAL,"Business activity permissible — debt ratio not verified, cross-check Musaffa/Zoya",
SMCI,COMPUTER,COMPUTER-HARDWARE/PERIPHERAL,,,,31.41;32.45;30.80;31.21;29.11;29.67;30.85;33.53;32.04;30.54;29.71;32.42;31.13;32.28;31.83;32.65;31.31;31.79;30.90;31.86;30.35;20.53;22.23;22.21;21.06;22.51;22.05;23.37;25.26;27.20;28.40;28.81;29.18;29.08;27.25;27.40;27.92;34.66;35.37;32.79;33.03;30.85;33.46;35.58;38.19;46.09;50.17;46.90;43.99;29.27;30.46;29.22;30.66;33.32;31.68;28.15;27.65;27.19;28.17;28.31;27.65;24.68;23.83;30.56;,HALAL,"Business activity permissible — debt ratio not verified, cross-check Musaffa/Zoya",
PSTG,COMPUTER,COMPUTER-HARDWARE/PERIPHERAL,,,,,HALAL,"Business activity permissible — debt ratio not verified, cross-check Musaffa/Zoya",
ANET,COMPUTER,COMPUTER-HARDWARE/PERIPHERAL,,,,127.52;138.41;143.72;150.15;141.74;139.39;128.67;141.74;140.66;141.59;139.54;132.79;128.77;130.25;129.30;134.83;132.89;139.62;134.03;135.35;136.07;131.22;130.80;122.55;116.13;124.85;126.25;145.07;147.35;154.37;161.01;166.85;177.73;176.91;165.29;172.71;172.62;147.06;141.77;142.54;147.81;141.71;140.49;154.03;154.31;159.47;175.33;166.01;156.40;151.76;163.24;168.01;169.67;162.20;165.45;164.10;166.62;173.28;181.05;186.96;182.57;168.56;169.35;174.87;,HALAL,"Business activity permissible — debt ratio not verified, cross-check Musaffa/Zoya",
CSCO,COMPUTER,COMPUTER-NETWORKING,,,,72.68;73.65;76.31;78.24;77.61;82.35;81.61;85.99;84.76;76.15;77.47;78.48;77.43;77.39;78.70;80.13;77.92;76.99;77.03;78.18;76.89;76.94;80.12;81.41;76.34;77.22;80.14;83.39;81.91;82.30;84.19;87.38;89.47;88.68;86.54;91.16;92.28;91.30;96.21;98.92;115.10;118.44;113.92;119.96;119.22;119.97;127.52;129.52;123.69;118.36;120.65;119.12;119.09;120.70;118.53;117.26;116.57;113.98;113.82;121.31;117.09;109.66;110.70;112.21;,HALAL,"Business activity permissible — debt ratio not verified, cross-check Musaffa/Zoya",
ANET,COMPUTER,COMPUTER-NETWORKING,,,,127.52;138.41;143.72;150.15;141.74;139.39;128.67;141.74;140.66;141.59;139.54;132.79;128.77;130.25;129.30;134.83;132.89;139.62;134.03;135.35;136.07;131.22;130.80;122.55;116.13;124.85;126.25;145.07;147.35;154.37;161.01;166.85;177.73;176.91;165.29;172.71;172.62;147.06;141.77;142.54;147.81;141.71;140.49;154.03;154.31;159.47;175.33;166.01;156.40;151.76;163.24;168.01;169.67;162.20;165.45;164.10;166.62;173.28;181.05;186.96;182.57;168.56;169.35;174.87;,HALAL,"Business activity permissible — debt ratio not verified, cross-check Musaffa/Zoya",
JNPR,COMPUTER,COMPUTER-NETWORKING,,,,,HALAL,"Business activity permissible — debt ratio not verified, cross-check Musaffa/Zoya",
NTGR,COMPUTER,COMPUTER-NETWORKING,,,,21.52;21.62;21.60;21.42;20.91;20.95;19.87;20.72;20.53;21.94;20.70;20.87;20.31;20.49;20.75;21.67;20.27;21.14;21.18;21.84;21.58;20.84;24.46;22.13;21.49;22.95;23.55;24.51;23.31;24.10;26.03;26.82;25.95;25.63;24.89;25.27;24.71;25.56;27.47;25.67;25.82;25.05;24.48;25.79;25.80;25.99;27.25;25.74;25.20;23.92;24.50;24.34;23.05;23.23;22.78;22.96;23.20;22.09;22.00;22.98;23.00;22.43;23.25;24.62;,HALAL,"Business activity permissible — debt ratio not verified, cross-check Musaffa/Zoya",
EXTR,COMPUTER,COMPUTER-NETWORKING,,,,15.02;15.19;15.20;15.02;14.58;14.89;15.06;15.44;14.96;14.46;14.12;14.05;13.74;14.05;14.25;14.44;13.98;14.26;14.26;14.83;14.93;14.71;15.15;15.46;14.97;15.20;15.46;16.50;17.37;17.53;17.50;18.29;17.58;17.59;17.05;22.09;22.84;23.54;24.04;22.79;24.71;24.11;23.48;25.60;26.67;26.51;29.48;29.61;29.57;28.58;31.11;31.51;31.38;31.45;30.96;31.98;31.43;31.33;31.12;33.71;33.02;29.76;30.28;30.27;,HALAL,"Business activity permissible — debt ratio not verified, cross-check Musaffa/Zoya",
CIEN,COMPUTER,COMPUTER-NETWORKING,,,,241.21;230.03;232.23;257.30;251.81;276.52;252.98;289.68;297.25;303.92;310.96;334.95;342.70;341.16;353.73;343.55;294.17;337.36;336.83;363.88;385.26;383.89;429.38;387.99;365.00;415.39;434.26;494.01;496.02;467.19;495.17;503.27;498.97;520.80;473.69;527.58;538.51;576.79;548.11;577.15;591.57;524.53;554.76;583.74;582.08;580.23;627.00;535.63;466.67;434.65;445.98;430.30;428.22;459.85;484.69;478.93;462.44;433.83;440.97;460.72;446.93;388.81;378.77;397.16;,HALAL,"Business activity permissible — debt ratio not verified, cross-check Musaffa/Zoya",
CALX,COMPUTER,COMPUTER-NETWORKING,,,,57.29;55.80;55.69;52.96;44.67;48.12;50.65;55.57;52.69;53.32;52.58;55.61;53.46;51.47;53.12;54.28;50.47;51.02;49.77;51.05;51.00;50.31;53.32;51.02;49.40;46.87;48.26;49.84;47.73;48.79;49.78;51.55;42.65;43.38;42.03;43.56;43.44;44.34;43.24;41.71;40.26;40.22;38.37;39.23;40.98;39.75;39.49;38.34;37.28;38.59;38.39;38.20;37.95;36.36;35.20;36.05;37.09;38.47;37.77;40.39;39.06;38.63;38.35;35.84;,HALAL,"Business activity permissible — debt ratio not verified, cross-check Musaffa/Zoya",
IBM,COMPUTER,COMPUTER-SERVICES,,,,287.58;290.86;292.50;290.36;302.73;290.50;286.14;292.51;270.82;260.46;258.88;255.28;227.64;240.24;237.62;248.23;256.96;248.37;245.87;247.43;249.76;240.00;238.83;239.90;235.52;241.36;244.94;239.97;229.07;238.51;249.17;251.86;250.02;230.29;231.34;229.29;227.80;224.09;229.76;219.22;218.37;222.75;225.00;253.84;255.20;297.80;329.23;301.77;280.82;272.36;272.24;270.81;249.10;264.94;258.27;278.00;286.25;299.52;302.05;287.56;217.07;219.05;213.00;205.77;,HALAL,"Business activity permissible — debt ratio not verified, cross-check Musaffa/Zoya",
ACN,COMPUTER,COMPUTER-SERVICES,,,,267.20;279.33;275.04;264.97;258.32;236.34;228.86;231.98;225.78;219.70;219.10;211.00;192.76;203.19;201.77;205.76;210.66;197.56;192.09;195.29;191.21;195.95;189.63;192.45;193.56;193.08;194.93;189.93;177.40;188.11;191.70;192.74;187.84;176.24;175.64;176.59;177.98;172.50;178.28;167.75;162.04;175.44;177.09;177.11;174.26;184.85;184.01;176.73;172.36;168.47;168.26;163.55;126.46;125.50;124.33;123.26;129.57;135.33;135.56;135.23;134.56;144.61;144.73;140.09;,HALAL,"Business activity permissible — debt ratio not verified, cross-check Musaffa/Zoya",
DXC,COMPUTER,COMPUTER-SERVICES,,,,14.54;15.24;14.75;14.43;14.43;13.50;14.19;14.32;13.82;13.39;13.56;13.35;11.92;12.64;12.19;12.48;12.95;12.25;11.94;11.67;11.66;11.90;11.62;12.19;11.95;12.54;12.76;12.69;11.44;12.36;12.69;13.31;12.82;11.88;11.53;11.32;11.49;11.47;9.43;8.90;8.22;9.27;9.10;9.50;9.34;9.91;10.00;9.51;8.90;8.82;9.17;9.23;8.60;8.40;8.23;8.86;9.54;10.04;9.58;9.32;9.16;9.39;9.33;9.41;,HALAL,"Business activity permissible — debt ratio not verified, cross-check Musaffa/Zoya",
CTSH,COMPUTER,COMPUTER-SERVICES,,,,81.22;83.59;84.58;82.30;81.07;73.60;75.92;73.70;70.06;65.75;66.34;64.57;60.63;64.52;63.06;64.66;65.80;62.54;60.75;60.62;59.87;61.64;59.82;60.33;60.63;60.82;61.91;60.57;57.51;59.62;60.11;59.84;58.40;54.72;54.73;52.53;51.50;50.97;51.32;47.40;45.73;51.40;51.30;52.75;53.16;55.76;55.14;53.40;52.99;51.81;52.17;51.05;43.70;40.95;39.15;38.74;41.07;41.37;42.43;42.57;43.03;44.56;44.64;43.18;,HALAL,"Business activity permissible — debt ratio not verified, cross-check Musaffa/Zoya",
EPAM,COMPUTER,COMPUTER-SERVICES,,,,206.48;219.05;220.44;218.35;208.60;183.33;177.47;190.53;177.99;166.37;167.69;138.85;128.82;138.62;139.16;140.90;145.87;142.18;135.81;137.05;133.98;137.43;133.04;136.15;136.18;135.12;137.02;129.99;122.47;127.41;126.81;131.90;129.12;118.98;114.15;113.78;110.60;106.97;99.23;95.14;89.69;100.44;104.30;102.69;101.68;102.46;103.23;97.59;96.72;93.04;95.38;93.33;76.64;76.89;77.37;80.03;85.24;86.85;85.99;83.89;84.50;87.67;89.40;86.57;,HALAL,"Business activity permissible — debt ratio not verified, cross-check Musaffa/Zoya",
GIB,COMPUTER,COMPUTER-SERVICES,,,,87.00;88.00;88.86;86.03;85.46;79.36;82.35;80.76;75.12;74.25;73.73;74.17;70.46;73.07;72.24;72.86;75.90;73.98;71.93;72.03;71.37;72.66;71.75;72.64;72.44;72.13;73.41;71.84;69.62;73.35;75.12;76.79;76.23;72.56;73.36;65.31;66.39;66.54;68.07;63.06;62.19;65.08;65.40;66.97;67.04;69.78;69.34;67.43;66.57;66.85;66.69;66.84;61.28;62.30;62.24;63.73;65.47;66.35;66.30;67.06;65.56;68.14;68.25;65.67;,HALAL,"Business activity permissible — debt ratio not verified, cross-check Musaffa/Zoya",
WIT,COMPUTER,COMPUTER-SERVICES,,,,2.60;2.61;2.61;2.55;2.52;2.56;2.55;2.44;2.39;2.34;2.30;2.26;2.14;2.25;2.16;2.20;2.32;2.55;2.30;2.21;2.19;2.15;2.10;2.09;2.07;2.11;2.19;2.25;2.17;2.21;2.16;2.14;2.11;2.04;2.03;2.04;1.99;2.00;1.95;1.86;1.85;1.94;1.97;2.01;2.05;2.36;2.21;2.07;2.18;2.10;2.20;2.37;2.39;2.29;2.19;2.17;1.87;1.84;1.83;1.87;1.84;1.85;1.85;1.81;,HALAL,"Business activity permissible — debt ratio not verified, cross-check Musaffa/Zoya",
INFY,COMPUTER,COMPUTER-SERVICES,,,,17.82;17.90;18.16;17.55;17.21;16.95;16.44;15.96;15.43;14.41;14.73;14.34;13.55;14.39;13.89;14.03;14.13;13.74;13.16;12.98;12.65;12.84;12.80;12.88;12.97;13.02;13.41;13.70;13.01;13.65;14.08;13.91;13.19;12.59;11.99;12.20;11.98;12.37;12.56;11.80;11.41;12.32;12.50;12.40;12.13;12.38;12.80;12.30;12.02;11.76;11.74;11.97;10.57;10.79;10.57;10.70;10.65;10.88;10.93;10.94;11.05;11.53;11.31;10.93;,HALAL,"Business activity permissible — debt ratio not verified, cross-check Musaffa/Zoya",
CSCSC,COMPUTER,COMPUTER-SERVICES,,,,,HALAL,"Business activity permissible — debt ratio not verified, cross-check Musaffa/Zoya",
GLOB,COMPUTER,COMPUTER-SERVICES,,,,62.85;69.05;69.19;69.75;66.88;58.09;57.72;60.14;55.47;49.40;49.46;45.82;42.33;46.87;48.50;52.00;51.61;48.43;45.23;44.46;44.27;44.71;43.08;45.35;45.68;46.56;46.64;45.81;43.26;46.29;49.33;50.60;47.73;42.84;41.02;41.23;40.18;40.69;39.23;35.71;34.08;39.85;41.79;40.13;38.82;40.36;42.28;39.58;38.17;36.85;37.49;36.63;30.74;29.28;27.73;30.08;31.39;30.95;29.90;29.96;30.92;32.20;32.29;30.67;,HALAL,"Business activity permissible — debt ratio not verified, cross-check Musaffa/Zoya",
G,COMPUTER,COMPUTER-TECH SERVICES,,,,44.27;45.70;45.00;44.30;43.63;38.56;37.30;39.07;36.78;36.96;38.76;38.52;37.54;39.11;39.78;40.35;41.26;38.51;37.74;38.06;37.54;38.48;37.60;37.19;37.23;37.02;37.39;36.72;33.98;35.30;36.42;36.43;36.01;34.12;33.75;34.55;33.94;33.61;32.37;31.07;28.77;31.17;31.93;31.73;31.40;32.76;32.85;32.67;32.21;32.19;32.06;31.32;28.25;28.28;27.67;27.85;28.26;28.96;29.34;29.37;29.52;31.22;30.64;30.01;,HALAL,"Business activity permissible — debt ratio not verified, cross-check Musaffa/Zoya",
PRFT,COMPUTER,COMPUTER-TECH SERVICES,,,,,HALAL,"Business activity permissible — debt ratio not verified, cross-check Musaffa/Zoya",
DOCU,COMPUTER,COMPUTER-TECH SERVICES,,,,,HALAL,"Business activity permissible — debt ratio not verified, cross-check Musaffa/Zoya",
TYL,COMPUTER,COMPUTER-TECH SERVICES,,,,428.47;440.58;439.82;419.12;369.40;332.05;340.86;355.24;339.25;303.94;317.24;317.01;323.78;353.11;354.62;368.16;374.59;354.24;345.52;348.63;343.95;350.20;338.27;341.07;341.15;333.49;337.20;327.88;317.30;322.31;339.84;345.93;346.38;342.03;340.46;341.14;327.25;320.65;324.58;309.65;299.08;320.79;317.26;313.25;302.55;313.15;313.56;308.15;303.77;302.81;298.84;298.27;278.91;279.14;281.09;290.75;301.67;319.01;314.29;309.48;301.29;316.23;317.96;284.32;,HALAL,"Business activity permissible — debt ratio not verified, cross-check Musaffa/Zoya",
SAIC,COMPUTER,COMPUTER-TECH SERVICES,,,,107.47;108.29;103.64;102.81;101.03;96.31;96.34;97.56;81.63;85.99;87.95;89.27;86.96;91.05;91.83;92.64;94.72;89.88;90.89;92.39;95.71;96.05;94.67;98.69;94.12;96.63;98.86;97.28;91.42;94.17;94.92;94.39;95.40;95.30;94.57;96.46;96.55;94.05;93.63;93.70;92.35;95.70;96.23;99.69;101.33;103.86;112.99;116.19;112.83;113.86;113.44;108.52;102.06;104.82;106.28;112.59;105.13;114.33;112.87;112.62;113.92;114.90;112.66;115.95;,HALAL,"Business activity permissible — debt ratio not verified, cross-check Musaffa/Zoya",
LDOS,COMPUTER,COMPUTER-TECH SERVICES,,,,189.78;192.29;188.37;186.65;187.15;188.65;184.97;193.42;171.96;175.24;170.50;172.46;173.09;174.81;178.33;175.64;176.83;171.48;172.77;166.86;166.16;165.29;158.43;157.03;153.65;155.46;158.91;160.07;152.34;155.62;155.92;154.28;150.18;145.55;145.64;148.69;148.29;134.43;129.65;127.94;125.11;124.40;123.95;125.57;130.16;127.35;126.37;124.13;122.37;121.26;121.73;113.58;107.12;106.11;100.00;100.44;103.07;108.72;107.18;107.02;106.56;108.29;107.02;107.26;,HALAL,"Business activity permissible — debt ratio not verified, cross-check Musaffa/Zoya",
EL,CONSUMER,CONSUMER PRODUCTS-COSMETICS,,,,113.66;118.66;115.58;113.82;114.48;115.46;95.99;98.32;104.66;107.49;110.82;113.43;114.49;111.12;99.80;98.83;92.36;93.91;83.97;88.42;85.69;85.59;71.20;69.48;67.72;70.44;70.64;71.16;72.39;76.13;75.05;77.55;76.36;77.52;76.80;76.41;81.02;86.34;85.87;84.56;80.52;79.70;77.90;87.98;90.85;88.95;83.41;82.90;84.64;85.39;89.68;87.58;84.81;83.76;81.50;79.37;82.47;84.90;81.80;82.66;80.86;82.84;83.64;82.63;,HALAL,"Business activity permissible — debt ratio not verified, cross-check Musaffa/Zoya",
COTY,CONSUMER,CONSUMER PRODUCTS-COSMETICS,,,,3.14;3.30;3.22;3.13;3.17;3.16;3.15;2.55;2.53;2.51;2.61;2.69;2.67;2.65;2.47;2.43;2.37;2.33;2.22;2.21;2.12;2.14;2.06;2.03;2.02;2.04;2.16;2.09;2.17;2.28;2.31;2.37;2.31;2.42;2.45;2.46;2.42;2.65;2.47;2.28;2.13;2.01;1.95;2.03;2.15;2.13;2.00;1.85;1.94;1.99;2.07;2.07;1.95;1.96;1.88;1.96;2.28;2.25;2.14;2.24;2.25;2.49;2.70;2.73;,HALAL,"Business activity permissible — debt ratio not verified, cross-check Musaffa/Zoya",
ELF,CONSUMER,CONSUMER PRODUCTS-COSMETICS,,,,89.04;93.61;88.80;84.98;84.99;84.81;76.86;74.46;76.82;81.50;88.04;94.02;94.83;94.65;81.64;80.30;82.44;80.49;72.58;73.62;70.31;72.50;67.56;66.88;59.35;62.30;63.22;61.77;65.13;68.90;69.25;68.42;65.58;66.28;63.00;63.97;61.85;61.43;60.86;55.66;55.47;54.86;50.72;52.90;57.36;56.00;51.98;51.44;52.28;58.12;61.15;66.93;64.20;63.49;65.09;69.91;78.75;73.49;74.15;76.75;72.25;74.49;79.65;79.03;,HALAL,"Business activity permissible — debt ratio not verified, cross-check Musaffa/Zoya",
REVG,CONSUMER,CONSUMER PRODUCTS-COSMETICS,,,,,HALAL,"Business activity permissible — debt ratio not verified, cross-check Musaffa/Zoya",
IPAR,CONSUMER,CONSUMER PRODUCTS-COSMETICS,,,,89.79;96.27;96.66;93.67;95.96;96.26;99.29;98.40;99.26;100.55;99.46;101.70;101.27;102.48;97.54;92.54;93.02;92.47;89.32;90.48;87.41;89.25;89.42;90.76;89.73;91.81;89.96;89.84;92.27;95.36;93.29;97.24;91.24;90.47;91.45;90.50;89.02;94.06;93.74;89.46;87.03;86.67;89.56;91.90;94.37;93.63;91.03;88.18;91.66;97.59;100.98;100.17;99.09;99.42;104.36;109.97;115.66;121.07;115.62;119.28;117.80;122.72;124.40;122.22;,HALAL,"Business activity permissible — debt ratio not verified, cross-check Musaffa/Zoya",
EPC,CONSUMER,CONSUMER PRODUCTS-COSMETICS,,,,19.01;19.08;18.97;18.52;19.18;19.50;20.18;19.51;20.71;21.58;21.78;22.40;22.25;22.47;21.91;21.11;20.98;20.47;18.50;20.09;19.73;19.29;19.47;20.93;21.27;21.16;21.15;21.40;21.73;22.28;22.22;23.40;22.78;23.24;22.63;22.39;21.40;22.23;21.10;19.13;16.56;16.02;16.82;17.53;17.66;17.39;18.52;19.62;20.13;21.59;22.94;22.65;23.11;26.22;25.49;27.78;27.51;26.67;26.00;26.48;27.45;29.18;28.59;27.65;,HALAL,"Business activity permissible — debt ratio not verified, cross-check Musaffa/Zoya",
GPRO,CONSUMER,CONSUMER PRODUCTS-ELECTRONICS,,,,1.29;1.33;1.25;1.22;1.16;1.16;0.99;1.02;0.93;0.86;0.83;0.81;0.79;0.87;0.89;1.08;0.76;0.75;0.74;0.71;0.70;0.63;0.65;0.67;0.67;0.72;0.78;0.77;0.77;0.88;1.20;1.28;1.33;1.33;1.52;1.65;1.44;1.40;1.37;1.13;1.11;1.07;0.96;1.00;1.26;1.25;1.14;1.00;0.87;0.79;0.77;0.79;0.79;0.72;0.77;0.76;0.73;0.74;0.73;0.76;0.70;0.68;0.68;0.74;,HALAL,"Business activity permissible — debt ratio not verified, cross-check Musaffa/Zoya",
SONO,CONSUMER,CONSUMER PRODUCTS-ELECTRONICS,,,,15.32;15.53;15.01;14.57;14.35;14.63;16.56;17.07;16.50;15.51;15.70;15.41;14.80;15.75;14.70;15.33;14.27;14.23;13.77;13.34;13.33;13.12;13.48;12.81;12.99;13.72;13.59;13.28;12.97;13.66;14.14;14.62;14.71;14.75;14.48;14.83;14.87;14.76;15.06;14.71;14.69;14.76;15.02;15.51;15.93;15.78;16.47;16.25;14.96;14.67;15.36;14.84;14.68;14.16;13.76;13.58;13.40;13.60;13.82;14.50;15.22;14.27;15.20;14.66;,HALAL,"Business activity permissible — debt ratio not verified, cross-check Musaffa/Zoya",
VZIO,CONSUMER,CONSUMER PRODUCTS-ELECTRONICS,,,,,HALAL,"Business activity permissible — debt ratio not verified, cross-check Musaffa/Zoya",
GRMN,CONSUMER,CONSUMER PRODUCTS-ELECTRONICS,,,,199.08;204.43;205.22;202.80;199.98;199.57;197.06;204.34;204.88;212.98;235.51;246.86;249.43;252.07;253.06;249.12;241.48;239.36;233.79;233.79;230.58;231.34;240.05;235.03;225.00;236.52;241.72;251.68;255.76;263.31;263.19;266.34;265.41;258.25;246.72;250.03;237.55;241.75;239.03;235.92;233.40;225.89;236.42;239.65;236.92;232.89;239.97;240.89;234.19;230.70;237.05;234.96;234.20;236.41;235.41;233.76;237.64;245.22;243.53;243.11;241.39;250.99;244.79;240.51;,HALAL,"Business activity permissible — debt ratio not verified, cross-check Musaffa/Zoya",
PG,CONSUMER,CONSUMER PRODUCTS-PERSONAL,,,,143.80;146.67;147.27;145.16;149.52;153.02;156.26;155.00;157.63;157.70;154.53;158.40;162.83;161.32;161.09;155.95;151.35;153.70;148.27;149.86;144.53;142.14;141.04;140.31;142.57;141.95;140.65;142.75;143.01;142.24;140.99;142.35;140.73;147.08;148.06;146.00;142.36;146.80;145.34;142.84;141.65;141.33;141.38;143.37;146.40;142.50;139.78;139.74;144.02;147.95;148.50;151.36;149.27;149.74;147.40;147.35;146.34;148.20;147.30;145.95;145.00;150.38;148.02;148.02;,HALAL,"Business activity permissible — debt ratio not verified, cross-check Musaffa/Zoya",
CL,CONSUMER,CONSUMER PRODUCTS-PERSONAL,,,,83.91;84.79;84.19;83.99;89.22;92.05;93.76;93.05;94.18;95.53;94.45;93.96;96.95;96.39;96.15;94.15;92.45;91.39;86.91;89.23;86.48;84.11;83.53;83.14;84.71;84.40;83.53;84.54;83.34;83.16;82.63;83.05;81.88;84.17;85.18;84.87;84.88;87.66;87.05;86.94;88.33;89.41;89.83;90.09;90.77;89.62;87.77;84.61;85.58;89.44;88.94;90.14;88.97;90.91;90.54;91.87;92.23;92.86;92.51;91.71;90.51;93.53;91.93;91.63;,HALAL,"Business activity permissible — debt ratio not verified, cross-check Musaffa/Zoya",
KMB,CONSUMER,CONSUMER PRODUCTS-PERSONAL,,,,98.88;99.58;98.55;96.99;97.43;98.19;101.59;102.02;104.85;106.61;107.09;106.23;108.27;107.56;106.93;102.05;103.16;100.33;96.49;98.90;97.38;96.87;97.58;97.51;95.04;96.25;95.68;95.69;95.96;95.84;96.64;97.20;95.44;96.52;97.11;97.10;94.35;97.85;96.98;96.02;95.36;95.23;96.23;97.80;98.82;96.28;96.17;93.19;97.75;101.58;102.29;104.28;102.56;103.95;108.10;109.91;111.44;113.01;110.98;112.41;106.82;108.99;108.48;108.88;,HALAL,"Business activity permissible — debt ratio not verified, cross-check Musaffa/Zoya",
EPC,CONSUMER,CONSUMER PRODUCTS-PERSONAL,,,,19.01;19.08;18.97;18.52;19.18;19.50;20.18;19.51;20.71;21.58;21.78;22.40;22.25;22.47;21.91;21.11;20.98;20.47;18.50;20.09;19.73;19.29;19.47;20.93;21.27;21.16;21.15;21.40;21.73;22.28;22.22;23.40;22.78;23.24;22.63;22.39;21.40;22.23;21.10;19.13;16.56;16.02;16.82;17.53;17.66;17.39;18.52;19.62;20.13;21.59;22.94;22.65;23.11;26.22;25.49;27.78;27.51;26.67;26.00;26.48;27.45;29.18;28.59;27.65;,HALAL,"Business activity permissible — debt ratio not verified, cross-check Musaffa/Zoya",
ENR,CONSUMER,CONSUMER PRODUCTS-PERSONAL,,,,,HALAL,"Business activity permissible — debt ratio not verified, cross-check Musaffa/Zoya",
CHD,CONSUMER,CONSUMER PRODUCTS-PERSONAL,,,,,HALAL,"Business activity permissible — debt ratio not verified, cross-check Musaffa/Zoya",
CLX,CONSUMER,CONSUMER PRODUCTS-PERSONAL,,,,107.28;109.59;110.24;107.45;111.39;113.55;116.15;118.10;124.38;124.37;121.67;122.06;125.07;125.31;125.23;115.97;113.23;114.43;107.38;110.69;106.59;104.83;101.79;100.91;101.15;102.94;103.58;104.35;103.97;103.14;101.11;100.90;96.85;98.68;96.60;96.44;86.48;90.01;92.16;89.11;91.17;92.82;94.26;95.11;97.11;90.02;89.63;89.63;95.16;99.32;96.82;97.51;95.80;92.64;95.27;97.09;96.42;97.25;93.91;96.56;94.75;98.71;96.29;95.76;,HALAL,"Business activity permissible — debt ratio not verified, cross-check Musaffa/Zoya",
SPB,CONSUMER,CONSUMER PRODUCTS-PERSONAL,,,,61.69;64.45;63.75;61.95;62.94;66.17;74.51;73.28;74.64;75.22;77.85;79.64;77.73;77.75;78.23;76.60;76.07;75.08;73.89;73.75;72.05;69.32;73.77;75.12;73.21;73.84;76.08;78.17;78.57;79.77;80.47;84.90;82.94;83.85;82.36;82.10;79.39;84.52;80.98;80.16;79.58;76.63;74.04;77.88;77.58;78.69;79.86;81.70;81.40;81.20;83.30;84.00;83.97;83.47;85.96;85.43;86.15;83.44;81.61;83.31;84.12;89.60;88.49;89.00;,HALAL,"Business activity permissible — debt ratio not verified, cross-check Musaffa/Zoya",
CHWY,CONSUMER,CONSUMER PRODUCTS-PET,,,,,HALAL,"Business activity permissible — debt ratio not verified, cross-check Musaffa/Zoya",
FRPT,CONSUMER,CONSUMER PRODUCTS-PET,,,,67.67;72.60;72.11;71.50;69.70;69.89;67.37;69.92;68.52;67.72;72.97;74.51;80.89;81.26;84.36;85.50;82.64;81.79;78.04;75.37;65.10;64.54;58.93;58.79;56.60;60.08;59.01;65.03;64.80;69.11;67.34;68.12;65.96;66.15;65.65;67.38;63.56;54.92;53.08;51.27;49.34;48.45;48.35;51.58;52.33;51.60;49.86;49.22;51.40;50.60;52.66;57.09;55.01;53.37;53.38;60.64;56.00;54.09;54.25;53.62;54.23;56.93;56.95;57.71;,HALAL,"Business activity permissible — debt ratio not verified, cross-check Musaffa/Zoya",
PETS,CONSUMER,CONSUMER PRODUCTS-PET,,,,3.29;3.43;3.27;3.28;3.19;3.13;2.98;2.94;2.97;3.18;3.08;2.95;2.81;2.75;2.73;2.74;2.61;2.56;2.43;2.44;2.49;2.42;2.28;2.31;2.21;2.36;2.35;2.32;2.30;2.35;2.34;2.37;2.32;2.29;2.25;2.24;2.27;2.31;2.28;2.22;2.25;2.25;2.23;2.12;2.18;2.17;2.13;1.82;1.70;1.72;1.85;1.80;1.75;1.83;1.77;1.82;1.99;1.96;2.00;1.96;1.95;2.00;1.96;1.96;,HALAL,"Business activity permissible — debt ratio not verified, cross-check Musaffa/Zoya",
WOOF,CONSUMER,CONSUMER PRODUCTS-PET,,,,2.89;2.91;2.91;2.81;2.69;2.60;2.48;2.55;2.49;2.51;2.55;2.56;2.44;2.54;2.63;2.50;2.38;2.33;3.23;3.39;3.23;2.92;2.79;2.75;2.68;2.73;2.69;2.81;2.79;2.80;3.04;3.03;3.01;2.94;2.92;2.84;2.78;2.74;2.81;2.53;2.59;2.55;2.51;2.65;2.93;3.01;2.96;2.87;2.71;2.83;2.75;2.78;2.62;2.52;2.57;2.75;2.72;2.58;2.59;2.56;2.51;2.67;2.71;2.68;,HALAL,"Business activity permissible — debt ratio not verified, cross-check Musaffa/Zoya",
PAHC,CONSUMER,CONSUMER PRODUCTS-PET,,,,40.81;41.34;39.22;38.55;39.89;41.04;49.68;51.51;51.19;51.92;50.75;52.46;51.13;54.34;54.19;51.67;47.72;50.22;48.79;50.95;52.01;50.55;55.25;55.59;53.13;54.53;54.71;58.41;57.65;58.77;53.65;56.27;53.74;54.93;54.06;52.96;54.45;58.25;39.83;36.43;36.00;34.04;33.67;33.12;32.75;30.66;28.40;33.04;31.76;31.18;31.53;31.87;31.85;30.53;31.83;31.81;32.10;34.13;32.44;32.07;33.04;34.52;33.05;33.81;,HALAL,"Business activity permissible — debt ratio not verified, cross-check Musaffa/Zoya",
ZTS,CONSUMER,CONSUMER PRODUCTS-PET,,,,121.86;123.00;122.53;120.56;123.42;121.04;125.31;125.87;127.23;125.23;127.68;127.33;127.22;128.30;127.51;124.55;120.07;119.14;114.16;116.82;116.03;114.37;114.63;115.32;115.02;115.97;116.93;118.41;116.54;119.75;117.70;121.87;116.71;116.06;115.84;114.17;111.90;110.45;82.26;76.41;74.96;77.18;79.16;80.76;78.93;77.15;75.86;78.97;78.27;80.73;79.02;78.78;78.17;76.31;77.28;72.74;71.95;74.90;74.58;75.04;73.56;76.38;76.20;74.19;,HALAL,"Business activity permissible — debt ratio not verified, cross-check Musaffa/Zoya",
ELAN,CONSUMER,CONSUMER PRODUCTS-PET,,,,24.16;24.91;24.68;24.12;24.08;24.35;24.31;24.83;25.71;25.13;24.78;24.98;26.38;26.19;26.09;24.44;23.36;23.67;22.68;23.40;24.83;23.98;24.90;24.58;23.44;23.12;22.82;23.60;23.13;24.11;23.13;23.68;22.46;22.75;22.15;22.37;22.51;26.18;23.65;21.43;21.64;19.93;20.85;21.73;23.69;23.85;23.63;24.71;23.68;22.87;24.17;24.23;24.22;23.18;24.37;24.74;24.09;25.13;24.69;24.82;25.55;25.95;25.14;25.34;,HALAL,"Business activity permissible — debt ratio not verified, cross-check Musaffa/Zoya",
CLX,CONSUMER,CONSUMER PRODUCTS-SOAPS/CLEANERS,,,,107.28;109.59;110.24;107.45;111.39;113.55;116.15;118.10;124.38;124.37;121.67;122.06;125.07;125.31;125.23;115.97;113.23;114.43;107.38;110.69;106.59;104.83;101.79;100.91;101.15;102.94;103.58;104.35;103.97;103.14;101.11;100.90;96.85;98.68;96.60;96.44;86.48;90.01;92.16;89.11;91.17;92.82;94.26;95.11;97.11;90.02;89.63;89.63;95.16;99.32;96.82;97.51;95.80;92.64;95.27;97.09;96.42;97.25;93.91;96.56;94.75;98.71;96.29;95.76;,HALAL,"Business activity permissible — debt ratio not verified, cross-check Musaffa/Zoya",
CHD,CONSUMER,CONSUMER PRODUCTS-SOAPS/CLEANERS,,,,,HALAL,"Business activity permissible — debt ratio not verified, cross-check Musaffa/Zoya",
ECL,CONSUMER,CONSUMER PRODUCTS-SOAPS/CLEANERS,,,,271.53;279.96;282.14;279.94;280.47;280.90;285.64;286.61;301.92;297.56;300.96;302.52;306.50;305.11;301.83;296.28;281.17;279.88;274.40;271.64;261.13;255.78;263.77;263.53;261.78;268.81;266.30;272.77;272.55;272.39;268.50;274.93;268.20;268.76;266.23;259.89;254.90;262.70;253.53;251.02;248.20;248.53;247.96;252.63;261.87;255.30;255.56;253.64;256.71;256.29;264.69;273.87;269.12;268.66;281.20;278.60;278.37;283.72;274.12;274.31;269.75;275.71;268.65;266.88;,HALAL,"Business activity permissible — debt ratio not verified, cross-check Musaffa/Zoya",
DECK,CONSUMER,CONSUMER PRODUCTS-SOAPS/CLEANERS,,,,97.98;101.62;101.30;97.62;119.34;113.34;111.17;114.50;115.36;115.73;118.89;118.69;120.94;119.41;114.51;108.74;104.25;105.26;100.69;101.71;104.54;100.43;101.39;93.69;94.97;100.91;101.64;106.35;107.86;107.81;108.33;111.06;107.69;108.53;106.18;102.20;97.65;103.92;100.42;94.89;94.97;94.61;98.24;106.67;114.37;113.85;110.79;108.96;109.73;111.18;113.83;110.17;109.11;103.63;102.59;101.28;100.33;105.67;102.22;105.99;106.60;109.03;104.04;102.47;,HALAL,"Business activity permissible — debt ratio not verified, cross-check Musaffa/Zoya",
DUOL,CONSUMER,CONSUMER SVCS-EDUCATION,,,,148.58;153.70;151.56;142.80;134.06;120.28;114.34;118.91;109.30;112.57;112.46;112.94;109.43;117.45;100.82;96.17;101.92;95.18;94.92;101.95;100.05;98.05;97.68;98.11;94.12;96.19;99.38;91.06;90.03;91.46;103.45;104.84;105.52;103.45;106.24;110.10;110.23;105.02;107.99;106.01;109.15;113.24;106.82;106.61;107.82;111.36;109.95;109.15;117.96;121.92;122.63;128.07;125.56;132.18;119.94;116.03;121.21;129.72;127.57;124.76;128.35;128.94;133.89;119.51;,HALAL,"Business activity permissible — debt ratio not verified, cross-check Musaffa/Zoya",
LRN,CONSUMER,CONSUMER SVCS-EDUCATION,,,,69.40;72.93;71.60;82.75;84.60;85.77;86.43;87.51;85.87;84.89;84.25;82.58;82.84;85.86;85.98;86.69;86.83;84.60;83.85;82.97;87.01;85.06;86.81;87.86;84.17;88.86;89.39;89.82;90.21;93.53;96.92;98.98;102.03;98.12;92.58;97.16;92.26;93.00;87.93;87.42;88.40;89.82;89.06;88.63;90.98;92.38;97.91;101.99;96.73;99.84;97.71;83.36;82.80;82.98;86.11;86.35;88.57;90.28;89.88;91.00;86.88;87.62;85.64;84.22;,HALAL,"Business activity permissible — debt ratio not verified, cross-check Musaffa/Zoya",
CHGG,CONSUMER,CONSUMER SVCS-EDUCATION,,,,0.78;0.79;0.75;0.80;0.77;0.72;0.69;0.75;0.60;0.56;0.58;0.64;0.64;0.67;0.64;0.66;0.63;0.60;0.57;0.59;0.57;0.45;0.54;0.62;0.67;0.72;0.75;0.89;0.80;0.97;1.13;1.02;1.03;1.03;1.07;1.09;1.15;1.16;1.16;0.93;1.05;1.03;1.22;1.55;1.43;1.31;1.34;1.26;1.12;1.10;1.11;1.16;1.05;1.08;1.05;1.11;1.10;0.98;0.90;0.85;0.82;0.78;0.87;0.89;,HALAL,"Business activity permissible — debt ratio not verified, cross-check Musaffa/Zoya",
STRA,CONSUMER,CONSUMER SVCS-EDUCATION,,,,82.52;85.03;83.64;83.06;83.76;79.01;78.82;78.72;76.12;74.02;75.43;74.99;74.31;77.25;83.19;80.39;81.24;78.93;78.58;78.66;79.80;80.11;81.13;82.81;81.84;82.56;83.22;82.83;80.57;78.77;81.28;82.57;82.98;72.97;77.18;77.80;76.38;77.98;79.57;77.93;78.43;80.37;79.38;78.50;77.29;76.75;79.16;80.54;80.84;81.52;77.41;75.27;75.33;77.14;76.61;77.10;79.19;82.25;82.78;84.18;84.08;77.69;75.75;73.94;,HALAL,"Business activity permissible — debt ratio not verified, cross-check Musaffa/Zoya",
SCI,CONSUMER,CONSUMER SVCS-FUNERAL,,,,81.61;80.27;79.93;79.10;79.71;80.22;84.61;83.39;83.65;78.94;79.42;78.49;79.90;82.70;84.88;81.27;80.82;78.66;77.87;79.10;76.59;75.08;77.12;81.46;81.16;82.47;82.21;83.07;81.17;81.72;82.64;83.02;84.23;87.32;85.95;80.65;78.29;78.07;77.36;77.32;77.91;78.43;77.18;77.03;76.64;74.84;70.68;69.48;70.96;73.49;76.56;74.58;72.62;73.90;72.68;76.54;76.75;77.78;76.76;77.47;78.83;79.67;78.00;77.35;,HALAL,"Business activity permissible — debt ratio not verified, cross-check Musaffa/Zoya",
MATW,CONSUMER,CONSUMER SVCS-FUNERAL,,,,25.73;27.46;26.13;25.41;25.81;25.94;25.91;26.36;26.01;25.85;26.31;26.14;26.51;26.53;26.11;25.90;25.42;25.90;24.72;24.40;24.15;23.69;24.86;25.04;24.94;25.05;25.38;26.16;26.97;26.75;26.70;27.16;27.81;27.89;27.96;28.28;27.15;27.82;27.89;27.86;27.32;26.85;27.12;26.76;27.18;26.54;26.10;25.51;25.44;25.58;26.82;26.58;26.36;25.90;26.34;26.61;26.65;26.51;26.21;26.66;26.46;27.95;27.12;27.72;,HALAL,"Business activity permissible — debt ratio not verified, cross-check Musaffa/Zoya",
CSV,CONSUMER,CONSUMER SVCS-FUNERAL,,,,42.52;42.97;42.73;41.49;42.70;42.88;44.20;43.99;44.06;43.06;44.22;44.76;44.42;45.09;45.41;44.95;43.35;42.96;41.77;42.38;41.52;41.55;42.98;44.60;44.73;45.37;45.62;47.39;48.04;47.50;47.72;48.59;48.04;51.13;50.10;48.99;47.26;46.57;45.46;43.37;43.72;43.86;44.57;43.73;43.28;41.19;39.24;37.55;37.82;40.00;40.34;38.63;38.16;39.39;37.38;38.59;38.58;38.27;38.42;37.87;38.29;38.89;37.10;37.00;,HALAL,"Business activity permissible — debt ratio not verified, cross-check Musaffa/Zoya",
HI,CONSUMER,CONSUMER SVCS-FUNERAL,,,,,HALAL,"Business activity permissible — debt ratio not verified, cross-check Musaffa/Zoya",
RGS,CONSUMER,CONSUMER SVCS-PERSONAL,,,,23.81;24.71;25.00;24.01;22.56;23.00;21.57;22.50;22.22;22.10;23.00;22.56;22.98;22.75;22.76;22.26;20.99;21.24;21.00;24.00;24.02;23.31;24.21;23.60;24.15;24.70;24.74;24.51;25.00;24.20;26.03;27.90;27.52;27.50;27.83;27.50;26.59;26.85;27.98;25.52;28.89;28.00;28.00;28.80;29.38;28.24;27.12;27.45;26.99;27.12;27.21;27.50;27.42;27.20;26.50;27.50;27.40;27.50;27.49;27.63;28.20;30.22;29.64;29.10;,HALAL,"Business activity permissible — debt ratio not verified, cross-check Musaffa/Zoya",
RCM,CONSUMER,CONSUMER SVCS-PERSONAL,,,,,HALAL,"Business activity permissible — debt ratio not verified, cross-check Musaffa/Zoya",
ROL,CONSUMER,CONSUMER SVCS-PERSONAL,,,,62.71;62.91;62.85;62.43;62.93;62.58;64.06;63.90;65.18;57.69;59.86;60.96;60.12;59.56;60.67;57.80;58.08;56.09;55.40;54.81;53.73;53.08;53.11;52.63;52.86;53.31;53.95;54.51;54.05;54.61;54.30;54.71;55.13;56.41;55.55;55.54;53.97;54.01;53.65;52.98;53.42;54.61;53.27;53.46;50.38;47.60;45.04;46.50;46.58;47.77;47.19;46.79;44.96;44.64;42.80;42.28;42.14;42.73;44.95;44.47;44.29;45.46;44.74;43.47;,HALAL,"Business activity permissible — debt ratio not verified, cross-check Musaffa/Zoya",
SCI,CONSUMER,CONSUMER SVCS-PERSONAL,,,,81.61;80.27;79.93;79.10;79.71;80.22;84.61;83.39;83.65;78.94;79.42;78.49;79.90;82.70;84.88;81.27;80.82;78.66;77.87;79.10;76.59;75.08;77.12;81.46;81.16;82.47;82.21;83.07;81.17;81.72;82.64;83.02;84.23;87.32;85.95;80.65;78.29;78.07;77.36;77.32;77.91;78.43;77.18;77.03;76.64;74.84;70.68;69.48;70.96;73.49;76.56;74.58;72.62;73.90;72.68;76.54;76.75;77.78;76.76;77.47;78.83;79.67;78.00;77.35;,HALAL,"Business activity permissible — debt ratio not verified, cross-check Musaffa/Zoya",
TEL,ELECTRONICS,ELECTRONIC-COMPONENTS/CONNECTORS,,,,231.66;229.76;223.94;220.24;221.24;224.79;207.25;224.90;226.89;234.56;234.01;233.83;240.51;234.88;211.16;208.22;205.06;202.17;197.08;202.67;195.49;195.09;205.58;202.42;197.88;210.85;208.92;222.17;228.90;235.97;235.57;246.71;220.19;213.84;203.51;210.85;204.49;215.34;205.41;212.91;205.89;199.74;200.61;202.78;208.75;213.41;214.73;220.75;205.61;202.00;210.38;217.00;217.64;203.05;200.07;198.30;201.44;200.15;196.24;200.36;200.98;202.57;203.14;200.28;,HALAL,"Business activity permissible — debt ratio not verified, cross-check Musaffa/Zoya",
APH,ELECTRONICS,ELECTRONIC-COMPONENTS/CONNECTORS,,,,151.80;151.97;155.02;145.45;143.58;146.55;127.19;143.70;143.54;146.21;147.22;150.51;150.97;147.95;134.69;132.29;131.41;136.26;131.01;136.32;127.37;126.30;127.77;122.94;118.97;127.51;126.30;135.12;140.54;148.50;148.74;152.58;147.91;149.48;143.50;147.05;140.82;138.26;127.84;127.68;129.00;121.54;122.86;131.86;140.03;148.54;148.18;146.55;143.38;149.00;153.57;158.57;163.71;158.70;165.15;166.42;172.22;166.81;158.22;159.06;158.37;153.14;150.51;157.51;,HALAL,"Business activity permissible — debt ratio not verified, cross-check Musaffa/Zoya",
GLW,ELECTRONICS,ELECTRONIC-COMPONENTS/CONNECTORS,,,,92.26;93.96;94.63;103.93;102.90;112.41;112.41;130.94;132.45;133.01;131.56;139.04;151.08;149.79;157.62;144.62;123.10;136.01;129.57;131.85;129.66;124.39;141.79;135.11;128.35;142.16;146.28;164.85;170.98;172.56;165.83;165.13;168.50;175.62;152.82;163.99;159.72;181.29;186.65;197.94;207.96;178.28;180.41;193.75;190.60;181.16;200.40;197.70;187.54;168.17;179.20;177.42;194.92;194.07;228.01;255.69;220.63;194.80;184.03;190.89;187.64;158.39;153.10;154.06;,HALAL,"Business activity permissible — debt ratio not verified, cross-check Musaffa/Zoya",
JBL,ELECTRONICS,ELECTRONIC-COMPONENTS/CONNECTORS,,,,246.62;244.57;241.68;243.49;237.06;245.50;241.70;265.82;260.94;254.44;260.48;271.03;266.20;271.85;261.12;255.12;241.04;251.09;252.08;257.94;258.61;253.57;277.32;264.09;247.42;271.90;267.41;287.08;299.43;305.90;310.03;330.21;336.32;341.57;330.76;337.41;340.72;372.26;355.07;350.72;354.26;338.73;345.15;364.35;371.38;364.56;373.16;373.82;363.95;352.36;384.82;375.51;371.88;372.99;374.64;373.58;375.34;338.22;325.21;330.29;326.82;307.06;305.91;318.29;,HALAL,"Business activity permissible — debt ratio not verified, cross-check Musaffa/Zoya",
VSH,ELECTRONICS,ELECTRONIC-COMPONENTS/CONNECTORS,,,,17.73;18.94;17.90;19.13;20.00;20.59;19.51;19.34;20.04;18.74;19.26;19.53;19.47;19.31;19.01;17.65;16.57;17.18;17.12;17.35;17.46;16.62;18.23;17.44;16.53;18.38;18.73;20.46;22.43;23.09;26.21;26.29;26.90;28.14;26.70;28.92;30.52;33.50;34.20;33.57;37.93;36.89;40.09;47.17;48.82;51.96;62.39;63.56;57.13;54.56;59.28;60.31;64.90;58.96;59.91;56.28;51.21;46.17;42.19;44.67;41.74;36.44;37.37;39.89;,HALAL,"Business activity permissible — debt ratio not verified, cross-check Musaffa/Zoya",
AVX,ELECTRONICS,ELECTRONIC-COMPONENTS/CONNECTORS,,,,,HALAL,"Business activity permissible — debt ratio not verified, cross-check Musaffa/Zoya",
CTS,ELECTRONICS,ELECTRONIC-COMPONENTS/CONNECTORS,,,,47.50;51.00;50.11;50.37;51.34;53.20;54.11;55.50;57.07;57.38;54.22;53.67;52.86;53.30;51.88;51.86;47.83;48.04;46.71;45.94;46.56;46.10;49.97;48.59;46.61;48.41;48.37;51.12;54.91;55.53;54.56;54.79;54.31;56.74;54.24;57.07;56.50;59.96;61.71;58.62;61.25;56.91;59.37;62.28;65.08;64.17;66.68;66.24;65.17;64.77;66.09;64.76;66.96;65.81;66.78;64.57;63.83;60.34;59.06;60.14;60.05;59.48;59.20;60.13;,HALAL,"Business activity permissible — debt ratio not verified, cross-check Musaffa/Zoya",
BHE,ELECTRONICS,ELECTRONIC-COMPONENTS/CONNECTORS,,,,49.29;50.79;49.04;49.53;51.88;55.74;55.73;58.52;58.64;58.94;57.05;58.09;59.29;58.89;58.01;57.06;52.63;54.02;53.50;53.90;54.15;53.76;59.21;55.97;53.26;57.19;55.75;60.40;62.89;63.71;63.19;65.61;65.76;69.40;68.69;81.90;82.82;86.45;85.36;83.23;86.87;82.64;83.30;84.97;85.87;84.31;87.98;88.37;85.98;82.71;89.77;89.00;92.01;90.73;97.02;94.99;95.01;85.57;81.80;85.06;82.76;77.40;80.61;83.51;,HALAL,"Business activity permissible — debt ratio not verified, cross-check Musaffa/Zoya",
FLEX,ELECTRONICS,ELECTRONIC-CONTRACT MFG,,,,64.41;64.72;63.75;66.27;63.04;65.99;60.15;66.07;64.84;64.24;65.82;65.68;64.92;63.21;65.49;63.94;59.91;60.91;63.30;64.45;63.45;61.64;69.10;64.76;60.57;68.24;67.70;73.19;76.74;80.14;79.92;84.28;85.42;91.41;87.16;91.55;91.84;134.73;142.17;139.69;143.60;129.73;131.52;132.47;145.79;150.78;159.43;159.51;150.83;139.49;149.71;146.93;147.61;151.85;161.28;159.56;153.53;138.65;133.37;135.80;132.24;121.12;119.91;127.00;,HALAL,"Business activity permissible — debt ratio not verified, cross-check Musaffa/Zoya",
SANM,ELECTRONICS,ELECTRONIC-CONTRACT MFG,,,,174.73;179.51;182.54;152.65;141.68;154.65;142.34;150.82;149.34;145.81;147.83;149.37;158.17;161.43;142.30;139.55;123.00;124.21;126.35;123.69;125.03;122.86;134.80;130.97;124.03;130.18;129.29;139.85;147.76;154.47;168.97;175.46;176.20;192.16;215.46;217.82;216.54;238.55;248.35;235.84;242.04;225.14;231.18;246.44;261.82;259.73;278.36;280.13;251.95;231.32;255.20;249.05;241.49;247.04;253.56;240.41;246.39;217.61;209.56;208.79;207.59;198.05;201.87;217.36;,HALAL,"Business activity permissible — debt ratio not verified, cross-check Musaffa/Zoya",
BHE,ELECTRONICS,ELECTRONIC-CONTRACT MFG,,,,49.29;50.79;49.04;49.53;51.88;55.74;55.73;58.52;58.64;58.94;57.05;58.09;59.29;58.89;58.01;57.06;52.63;54.02;53.50;53.90;54.15;53.76;59.21;55.97;53.26;57.19;55.75;60.40;62.89;63.71;63.19;65.61;65.76;69.40;68.69;81.90;82.82;86.45;85.36;83.23;86.87;82.64;83.30;84.97;85.87;84.31;87.98;88.37;85.98;82.71;89.77;89.00;92.01;90.73;97.02;94.99;95.01;85.57;81.80;85.06;82.76;77.40;80.61;83.51;,HALAL,"Business activity permissible — debt ratio not verified, cross-check Musaffa/Zoya",
CLS,ELECTRONICS,ELECTRONIC-CONTRACT MFG,,,,310.76;290.93;308.25;345.23;280.99;297.45;294.89;319.21;295.68;280.66;291.40;292.69;296.35;279.16;266.98;270.64;249.52;269.20;264.89;270.53;273.58;269.10;301.52;273.38;257.27;288.73;292.30;320.70;351.31;384.35;382.32;401.12;401.74;410.21;361.54;409.59;420.73;413.87;375.55;374.07;381.59;342.67;346.48;367.37;357.70;385.39;472.40;425.36;386.50;362.92;393.12;382.01;372.55;351.20;361.40;343.25;361.62;350.20;360.74;359.85;345.03;303.86;307.34;335.50;,HALAL,"Business activity permissible — debt ratio not verified, cross-check Musaffa/Zoya",
PLXS,ELECTRONICS,ELECTRONIC-CONTRACT MFG,,,,175.85;181.26;175.89;180.85;199.33;203.78;201.07;208.36;204.50;201.28;197.22;198.46;203.99;199.00;195.05;197.97;185.90;193.55;189.76;194.42;195.45;195.00;214.13;200.17;192.97;207.22;205.30;219.13;227.58;227.95;222.88;237.93;243.56;254.08;246.33;250.58;262.55;265.04;266.55;264.49;262.18;258.87;258.37;265.72;268.26;268.36;280.12;284.35;282.29;275.51;295.02;291.16;299.97;288.59;296.79;287.80;290.17;275.20;265.89;267.27;260.36;248.80;252.59;259.28;,HALAL,"Business activity permissible — debt ratio not verified, cross-check Musaffa/Zoya",
KEYS,ELECTRONICS,ELECTRONIC-MEASURING INSTR,,,,211.96;215.72;214.36;221.50;216.33;227.16;221.52;235.93;238.02;233.51;239.83;243.54;301.48;306.03;313.27;300.92;272.43;285.54;282.78;285.94;284.12;277.53;298.58;281.07;269.41;289.84;292.92;318.33;324.18;330.46;329.96;335.14;338.97;346.96;332.30;349.91;351.35;366.68;360.30;361.65;361.55;340.48;342.08;346.56;347.65;338.33;346.57;343.11;331.60;324.00;350.67;350.29;363.67;352.58;360.06;340.13;335.60;319.73;317.24;322.05;325.73;312.76;314.13;327.53;,HALAL,"Business activity permissible — debt ratio not verified, cross-check Musaffa/Zoya",
TDY,ELECTRONICS,ELECTRONIC-MEASURING INSTR,,,,566.23;621.62;607.53;620.31;620.30;640.42;628.47;656.38;661.43;660.29;662.66;668.72;683.22;678.82;688.59;682.77;647.64;655.29;646.57;645.66;633.87;616.18;626.06;611.08;584.07;617.97;632.01;660.31;645.74;647.59;635.76;645.73;656.69;648.68;641.89;645.85;637.58;644.13;621.38;632.17;638.56;617.61;614.20;620.45;612.52;619.83;618.81;618.59;612.38;601.35;626.02;630.07;619.58;612.91;627.19;641.22;661.20;654.98;639.51;634.60;623.10;630.86;626.59;650.50;,HALAL,"Business activity permissible — debt ratio not verified, cross-check Musaffa/Zoya",
FTV,ELECTRONICS,ELECTRONIC-MEASURING INSTR,,,,52.59;54.61;54.64;52.69;52.70;54.24;60.08;60.57;58.59;56.78;58.21;58.16;57.56;59.68;58.46;57.88;57.27;55.70;54.78;53.71;54.79;55.17;54.85;54.76;53.57;55.85;56.65;59.32;58.30;59.65;59.59;60.91;60.80;61.03;61.71;59.73;60.02;60.34;60.37;60.21;58.86;58.95;58.97;59.07;59.85;58.26;60.10;61.41;61.10;60.00;60.08;61.37;60.97;60.34;61.73;60.67;61.80;63.60;61.27;62.20;60.68;62.45;60.99;60.25;,HALAL,"Business activity permissible — debt ratio not verified, cross-check Musaffa/Zoya",
ROP,ELECTRONICS,ELECTRONIC-MEASURING INSTR,,,,401.73;405.43;406.61;358.55;369.36;347.06;349.23;349.94;332.12;319.79;325.95;334.10;336.00;350.38;352.15;359.45;365.65;352.09;345.03;350.43;349.02;351.90;344.19;349.30;350.19;354.08;359.29;354.96;342.29;353.11;360.97;358.97;363.82;352.52;353.23;353.92;354.34;349.38;342.46;323.13;317.15;330.18;322.31;326.12;315.83;324.72;335.66;330.97;332.92;333.26;334.13;336.49;329.43;328.72;331.59;333.96;353.79;363.34;354.89;355.90;346.65;364.21;362.84;336.71;,HALAL,"Business activity permissible — debt ratio not verified, cross-check Musaffa/Zoya",
MKSI,ELECTRONICS,ELECTRONIC-MEASURING INSTR,,,,210.30;222.62;218.32;235.64;235.01;229.19;226.44;250.17;258.60;260.29;249.93;258.82;251.22;244.50;244.08;235.05;209.84;225.11;213.33;221.79;233.21;226.96;243.38;224.95;210.31;235.78;236.80;255.82;268.57;273.94;269.69;279.72;278.24;280.77;267.70;283.54;291.31;293.55;312.97;311.48;313.57;295.48;311.27;320.38;327.76;324.02;331.11;330.23;312.09;316.07;355.69;366.31;406.37;389.17;410.31;416.00;411.05;368.06;349.39;368.58;358.43;332.00;324.28;344.84;,HALAL,"Business activity permissible — debt ratio not verified, cross-check Musaffa/Zoya",
OSIS,ELECTRONICS,ELECTRONIC-MEASURING INSTR,,,,288.00;287.46;274.99;271.39;250.14;255.99;258.16;274.76;267.20;268.61;273.97;292.89;297.87;289.92;286.67;288.58;267.28;279.01;275.50;278.35;269.95;274.45;285.27;274.70;264.71;263.58;274.33;288.47;293.39;296.86;301.08;309.19;292.52;292.61;287.30;286.92;282.87;240.27;230.83;227.41;215.86;207.77;211.37;222.10;217.48;216.75;212.01;212.61;210.49;217.96;225.53;220.70;222.78;215.66;218.93;213.24;214.90;220.83;217.42;216.51;211.07;216.22;210.48;209.79;,HALAL,"Business activity permissible — debt ratio not verified, cross-check Musaffa/Zoya",
TRMB,ELECTRONICS,ELECTRONIC-MEASURING INSTR,,,,69.59;71.48;71.38;70.07;67.60;64.62;63.98;66.93;65.13;66.40;66.91;67.62;66.74;68.23;68.41;69.92;70.08;68.99;66.16;66.60;65.53;65.71;65.38;65.45;62.54;65.08;65.07;66.74;64.77;66.51;67.67;69.50;69.09;67.35;66.64;67.32;68.52;63.42;60.80;56.51;55.76;55.02;55.97;56.34;54.88;56.41;57.74;55.70;53.63;50.60;50.42;50.78;49.16;49.19;50.24;50.77;52.58;52.47;52.40;52.82;51.58;53.75;53.21;50.10;,HALAL,"Business activity permissible — debt ratio not verified, cross-check Musaffa/Zoya",
RTX,ELECTRONICS,ELECTRONIC-MILITARY SYSTEMS,,,,194.90;194.88;192.68;197.98;199.43;201.98;194.51;194.73;195.05;198.57;203.29;204.07;197.64;196.81;211.28;207.95;208.89;206.14;202.20;205.21;203.71;197.34;193.20;192.05;186.37;193.91;197.59;202.64;200.72;201.97;195.04;194.98;180.16;173.54;174.95;175.34;172.18;176.01;175.36;178.15;174.95;175.22;174.12;177.01;176.59;179.66;174.26;179.41;178.66;177.41;183.53;186.77;185.60;186.39;186.59;187.33;191.78;201.37;194.91;195.93;193.39;194.36;194.44;194.88;,QUESTIONABLE,Defense — scholar-disputed,
LHX,ELECTRONICS,ELECTRONIC-MILITARY SYSTEMS,,,,339.77;353.08;351.55;357.60;340.28;348.94;339.66;347.97;337.74;342.91;349.48;353.47;351.62;352.50;375.64;365.99;365.13;360.26;356.44;364.73;366.89;351.43;350.00;347.93;338.56;352.48;357.28;360.51;352.16;354.13;351.98;347.16;330.32;316.23;323.57;319.26;307.37;300.98;298.43;308.22;306.38;309.90;307.90;310.72;307.80;313.91;306.88;308.53;302.10;303.00;307.79;310.45;294.82;293.77;288.52;289.38;292.23;301.27;293.44;290.77;290.01;284.43;280.55;285.16;,QUESTIONABLE,L3Harris — defense,
CW,ELECTRONICS,ELECTRONIC-MILITARY SYSTEMS,,,,649.98;656.97;649.24;664.01;656.24;674.33;618.18;653.37;633.82;683.75;690.39;706.97;711.96;701.51;725.98;712.10;681.22;703.13;679.82;683.37;690.47;670.73;700.33;665.58;631.84;696.75;698.88;728.71;725.46;742.36;719.74;729.76;710.69;717.28;705.83;719.95;718.57;742.64;728.95;735.09;750.58;710.10;726.40;730.99;742.34;747.35;720.87;743.17;721.08;718.77;757.74;764.61;771.93;765.13;767.73;737.39;757.76;792.77;760.57;754.76;752.17;715.64;709.02;732.48;,QUESTIONABLE,Group classification: ELECTRONIC-MILITARY SYSTEMS,
KTOS,ELECTRONICS,ELECTRONIC-MILITARY SYSTEMS,,,,128.68;113.85;111.32;112.67;103.01;103.37;85.25;98.81;87.78;89.06;97.21;96.08;90.68;92.14;90.72;89.13;87.00;88.96;89.46;89.53;93.04;84.62;77.49;75.86;65.28;67.70;74.09;74.46;70.34;73.66;74.41;69.83;68.61;61.26;61.66;63.05;61.93;61.52;57.89;57.33;54.85;54.22;55.82;56.18;57.30;64.13;63.27;63.40;57.73;54.82;57.75;56.34;54.21;50.80;46.32;46.95;53.04;53.54;50.38;48.19;50.36;46.96;45.94;47.89;,QUESTIONABLE,Group classification: ELECTRONIC-MILITARY SYSTEMS,
MRCY,ELECTRONICS,ELECTRONIC-MILITARY SYSTEMS,,,,97.10;99.48;98.89;100.02;93.88;99.28;79.07;85.37;80.33;82.36;86.66;87.63;88.76;89.58;91.01;89.18;86.42;86.87;81.44;80.71;78.97;77.26;74.49;76.16;69.86;74.75;75.76;80.81;79.60;84.09;84.91;84.12;82.61;77.99;76.53;78.91;78.53;91.66;90.34;92.32;94.55;93.39;94.81;98.55;97.11;111.70;112.87;117.82;110.94;106.81;120.30;112.44;113.91;110.87;105.57;110.22;123.05;123.07;112.41;107.98;100.32;96.00;94.73;98.92;,QUESTIONABLE,Group classification: ELECTRONIC-MILITARY SYSTEMS,
AVAV,ELECTRONICS,ELECTRONIC-MILITARY SYSTEMS,,,,330.89;312.12;302.67;306.94;278.39;285.41;236.88;274.35;243.42;243.87;265.46;264.63;262.25;259.62;208.32;226.48;229.80;221.57;211.88;211.88;215.85;197.72;196.18;195.91;176.97;183.50;189.26;186.94;179.72;194.52;201.99;197.23;210.10;196.28;192.34;195.02;180.26;174.37;168.29;168.86;165.27;161.52;163.87;174.23;181.28;207.24;204.35;204.40;184.68;172.93;170.58;166.71;169.61;149.08;136.68;139.00;172.44;176.84;157.78;144.58;143.47;149.29;142.60;150.35;,QUESTIONABLE,Group classification: ELECTRONIC-MILITARY SYSTEMS,
BWXT,ELECTRONICS,ELECTRONIC-MILITARY SYSTEMS,,,,205.51;205.77;205.48;215.71;204.87;210.31;186.91;202.45;197.96;199.86;201.70;205.88;203.68;206.68;215.88;205.01;194.70;195.38;197.56;204.40;208.70;199.48;204.49;204.82;191.33;212.53;215.69;231.47;229.26;237.95;230.49;227.93;218.81;222.85;215.89;216.10;216.39;214.91;205.06;206.55;210.66;201.67;202.66;202.91;198.95;195.88;187.26;190.76;187.46;183.00;193.45;196.93;205.40;209.89;204.77;189.25;191.25;196.89;184.11;186.00;179.83;173.74;169.56;175.17;,QUESTIONABLE,Group classification: ELECTRONIC-MILITARY SYSTEMS,
ARW,ELECTRONICS,ELECTRONIC-PARTS DISTRIBUTORS,,,,113.37;118.47;117.74;128.41;132.49;135.36;141.10;158.11;157.81;156.19;153.03;157.03;156.90;153.85;149.96;143.46;138.36;139.96;140.53;141.03;140.12;136.64;144.24;143.24;136.29;146.63;147.23;154.98;158.19;173.66;171.84;175.97;181.54;187.02;184.02;187.83;185.52;191.85;194.95;201.46;214.24;207.93;214.45;217.33;217.51;214.63;228.40;224.39;219.63;215.49;226.78;228.76;232.70;225.44;229.03;214.93;209.61;197.82;198.52;206.41;206.50;204.10;205.61;218.79;,HALAL,"Business activity permissible — debt ratio not verified, cross-check Musaffa/Zoya",
AVT,ELECTRONICS,ELECTRONIC-PARTS DISTRIBUTORS,,,,48.69;50.73;50.91;59.41;61.81;62.41;63.70;65.74;65.73;65.18;64.74;66.70;66.32;65.54;64.38;63.08;59.82;60.43;60.01;60.05;59.56;58.23;60.99;60.97;58.36;62.67;62.17;65.75;66.78;71.48;72.03;74.04;75.35;78.35;77.99;82.20;80.12;83.38;81.78;81.80;86.34;83.02;84.40;85.59;86.73;86.60;92.58;88.11;87.05;85.39;90.59;90.99;91.47;89.60;90.81;87.63;87.28;82.46;83.24;87.13;86.05;84.76;85.02;90.13;,HALAL,"Business activity permissible — debt ratio not verified, cross-check Musaffa/Zoya",
WCC,ELECTRONICS,ELECTRONIC-PARTS DISTRIBUTORS,,,,275.22;289.16;285.82;290.31;288.45;302.64;298.47;300.67;301.91;306.06;300.72;295.98;294.77;294.84;294.84;285.61;263.23;268.26;256.82;257.68;251.27;249.66;273.10;265.59;256.77;282.05;278.71;292.10;303.07;309.66;307.42;322.33;313.99;316.22;305.98;348.61;346.16;362.59;354.79;361.70;371.51;347.33;349.47;363.04;368.03;360.65;371.07;364.80;352.72;333.70;346.77;356.33;365.36;353.09;357.53;343.46;320.71;316.99;316.15;335.02;340.14;326.71;319.05;330.55;,HALAL,"Business activity permissible — debt ratio not verified, cross-check Musaffa/Zoya",
FAST,ELECTRONICS,ELECTRONIC-PARTS DISTRIBUTORS,,,,42.16;44.30;43.26;43.15;43.13;46.09;47.08;46.27;46.77;46.16;45.74;45.98;45.22;45.44;46.08;46.18;46.21;46.05;45.01;45.44;44.84;43.53;44.65;44.87;44.88;46.38;45.63;47.92;48.91;44.38;44.48;45.32;44.57;44.45;44.68;44.93;44.88;44.71;44.17;43.32;43.98;44.00;43.68;43.94;44.82;44.20;44.73;47.16;46.00;46.03;46.57;46.05;45.89;45.60;46.92;47.40;47.75;48.31;46.51;46.49;45.74;46.67;44.76;45.33;,HALAL,"Business activity permissible — debt ratio not verified, cross-check Musaffa/Zoya",
GWW,ELECTRONICS,ELECTRONIC-PARTS DISTRIBUTORS,,,,1030.21;1062.47;1045.87;1065.84;1075.73;1150.49;1178.53;1187.75;1200.04;1129.14;1131.75;1124.80;1124.41;1103.29;1149.92;1146.14;1110.54;1104.17;1080.00;1058.32;1043.71;1039.85;1063.25;1063.33;1055.09;1105.34;1114.98;1144.41;1169.70;1153.09;1131.23;1160.75;1151.85;1145.67;1157.80;1159.01;1139.83;1167.50;1231.22;1238.29;1284.19;1265.03;1244.05;1247.79;1246.03;1234.24;1268.36;1289.37;1304.57;1317.63;1315.87;1319.72;1365.41;1320.48;1374.78;1353.29;1338.24;1370.16;1349.74;1375.76;1371.07;1402.03;1371.22;1354.01;,HALAL,"Business activity permissible — debt ratio not verified, cross-check Musaffa/Zoya",
TMO,ELECTRONICS,ELECTRONIC-SCIENTIFIC INSTR,,,,617.78;638.18;625.37;606.81;577.46;568.96;541.28;545.67;526.12;503.82;512.54;509.91;514.57;519.09;507.57;511.67;500.97;499.09;474.94;469.53;464.22;473.91;489.80;488.36;479.57;494.04;487.70;502.96;495.61;526.69;515.48;525.49;513.47;469.24;469.75;478.48;462.14;472.48;464.53;458.84;447.76;441.56;451.34;447.83;455.75;492.02;481.60;481.55;469.16;481.56;468.87;472.63;464.61;469.35;505.75;506.42;513.33;517.60;510.13;527.05;534.07;543.19;526.23;526.46;,HALAL,"Business activity permissible — debt ratio not verified, cross-check Musaffa/Zoya",
DHR,ELECTRONICS,ELECTRONIC-SCIENTIFIC INSTR,,,,233.35;239.07;235.72;223.60;217.97;215.69;214.85;215.75;219.06;211.69;207.69;208.62;208.31;208.48;205.14;203.87;194.68;194.40;185.48;190.59;190.70;188.56;189.30;187.26;183.51;190.40;191.72;195.78;189.22;198.20;193.38;195.10;183.66;176.88;178.61;178.58;173.68;174.56;170.81;165.92;164.20;163.52;170.77;171.64;172.77;182.29;175.75;186.25;183.15;183.25;179.73;180.97;176.80;178.60;192.81;192.78;193.72;193.62;190.77;199.05;199.05;205.01;201.11;179.14;,HALAL,"Business activity permissible — debt ratio not verified, cross-check Musaffa/Zoya",
WAT,ELECTRONICS,ELECTRONIC-SCIENTIFIC INSTR,,,,,HALAL,"Business activity permissible — debt ratio not verified, cross-check Musaffa/Zoya",
A,ELECTRONICS,ELECTRONIC-SCIENTIFIC INSTR,,,,135.26;138.05;135.08;133.31;133.29;131.59;129.10;126.97;128.36;125.28;126.41;122.38;123.88;120.46;117.67;120.03;114.59;114.95;111.16;111.36;111.03;110.83;113.72;113.00;111.54;114.32;114.62;116.70;114.84;120.16;118.02;120.73;120.24;115.33;114.65;115.33;111.96;117.46;115.40;112.68;113.04;111.89;113.56;114.74;115.62;135.27;134.79;138.10;132.44;131.37;129.59;128.09;126.82;126.43;135.25;132.57;133.39;130.60;129.07;134.29;135.20;136.10;130.26;133.46;,HALAL,"Business activity permissible — debt ratio not verified, cross-check Musaffa/Zoya",
MTD,ELECTRONICS,ELECTRONIC-SCIENTIFIC INSTR,,,,1403.58;1438.11;1425.67;1401.64;1373.24;1369.90;1382.85;1380.88;1392.65;1360.95;1375.57;1377.55;1379.66;1377.22;1325.09;1286.66;1209.65;1231.73;1168.00;1198.71;1191.54;1204.48;1264.46;1270.00;1247.93;1274.05;1266.63;1322.76;1325.01;1341.53;1290.84;1324.66;1310.07;1282.45;1262.48;1276.61;1260.54;1327.04;1124.46;1072.45;1041.91;1074.84;1082.67;1103.09;1093.84;1180.58;1170.00;1180.48;1138.88;1133.03;1131.49;1151.57;1144.84;1156.64;1243.42;1258.82;1300.38;1295.56;1248.98;1296.17;1314.83;1335.09;1273.77;1285.90;,HALAL,"Business activity permissible — debt ratio not verified, cross-check Musaffa/Zoya",
BIO,ELECTRONICS,ELECTRONIC-SCIENTIFIC INSTR,,,,312.76;305.22;299.28;299.79;293.70;298.98;299.54;294.90;293.69;256.56;270.67;271.30;268.70;275.21;279.59;284.68;269.85;267.85;261.82;261.24;267.99;264.49;272.12;276.53;270.36;278.36;278.85;281.15;279.25;292.23;291.09;303.34;300.78;287.84;279.34;280.12;257.86;259.02;254.32;241.71;246.27;281.82;287.86;287.74;305.29;312.48;306.13;307.47;291.31;291.01;285.94;289.95;282.44;270.32;298.29;295.30;297.09;295.15;283.86;296.11;298.34;300.98;301.90;305.96;,HALAL,"Business activity permissible — debt ratio not verified, cross-check Musaffa/Zoya",
RVTY,ELECTRONICS,ELECTRONIC-SCIENTIFIC INSTR,,,,111.73;117.58;114.54;110.97;108.65;100.99;99.38;102.68;100.96;95.89;97.60;100.19;97.48;98.87;95.46;98.35;91.21;90.17;84.64;86.36;84.81;85.82;87.34;87.00;84.66;87.80;88.20;90.27;89.66;93.38;89.40;92.97;94.22;86.72;85.13;86.57;86.46;99.03;100.94;99.24;96.32;95.42;94.74;96.89;96.73;104.48;100.33;102.34;100.24;101.23;99.60;101.16;99.94;99.84;113.46;111.14;112.77;112.88;109.28;112.22;111.14;111.63;106.44;110.54;,HALAL,"Business activity permissible — debt ratio not verified, cross-check Musaffa/Zoya",
BRKR,ELECTRONICS,ELECTRONIC-SCIENTIFIC INSTR,,,,49.72;51.99;48.33;46.44;44.18;42.56;40.94;42.00;42.33;36.42;39.67;38.19;39.68;40.92;39.72;38.41;36.59;36.51;34.97;32.68;33.95;33.27;35.78;35.31;34.28;36.05;36.71;38.22;37.56;39.87;38.91;41.06;39.64;36.52;36.23;36.68;36.36;42.26;44.12;44.69;44.12;42.71;44.22;45.65;48.58;58.84;57.26;59.92;56.21;54.87;54.18;55.75;57.18;55.11;60.89;59.71;60.64;61.34;57.21;60.06;59.83;59.25;56.17;59.74;,HALAL,"Business activity permissible — debt ratio not verified, cross-check Musaffa/Zoya",
BTU,ENERGY,ENERGY-COAL,,,,36.94;38.31;35.53;34.99;35.07;35.04;34.06;37.63;36.57;34.26;33.11;33.35;33.84;32.19;33.52;35.58;32.02;32.46;35.82;34.96;36.15;37.19;38.07;37.31;35.57;32.76;32.93;30.08;28.20;27.60;26.85;25.64;27.62;26.52;26.82;26.58;26.44;24.88;23.52;24.69;24.18;23.74;23.36;24.55;26.34;27.05;29.62;31.21;28.19;26.26;27.40;25.47;24.80;24.24;23.69;23.28;22.20;22.68;22.88;23.37;24.04;22.62;22.94;23.88;,HALAL,"Business activity permissible — debt ratio not verified, cross-check Musaffa/Zoya",
CEIX,ENERGY,ENERGY-COAL,,,,,HALAL,"Business activity permissible — debt ratio not verified, cross-check Musaffa/Zoya",
ARCH,ENERGY,ENERGY-COAL,,,,,HALAL,"Business activity permissible — debt ratio not verified, cross-check Musaffa/Zoya",
ARLP,ENERGY,ENERGY-COAL,,,,23.39;23.91;23.27;23.16;22.69;23.82;23.38;23.85;24.90;25.21;25.28;25.63;25.89;25.95;26.35;26.33;25.89;26.75;26.82;26.80;26.74;27.29;28.03;28.20;27.49;26.92;27.52;26.39;25.66;25.05;24.95;24.01;24.12;24.32;25.85;25.99;25.68;25.07;24.85;25.27;25.27;25.40;24.95;24.88;24.94;24.85;25.50;26.00;25.54;25.25;25.03;24.29;23.52;24.55;24.43;23.99;23.74;23.78;24.40;24.37;24.94;24.59;24.34;24.91;,HALAL,"Business activity permissible — debt ratio not verified, cross-check Musaffa/Zoya",
HCC,ENERGY,ENERGY-COAL,,,,98.81;98.15;89.33;89.93;89.14;90.61;86.36;93.83;90.47;86.12;86.92;84.85;90.48;84.60;81.06;84.03;77.29;80.53;85.26;84.64;87.55;88.46;95.49;95.53;94.14;91.82;94.52;89.28;88.27;85.69;85.74;87.73;88.66;86.58;89.46;89.77;84.02;87.54;85.87;88.28;85.87;85.60;84.66;83.93;96.97;94.54;110.28;105.93;98.90;95.23;98.11;93.47;90.58;86.11;84.86;80.81;78.26;81.23;77.91;80.09;83.33;80.44;79.00;83.10;,HALAL,"Business activity permissible — debt ratio not verified, cross-check Musaffa/Zoya",
NRP,ENERGY,ENERGY-COAL,,,,117.36;116.84;112.50;112.65;111.91;116.62;117.12;121.32;122.07;123.66;122.24;122.28;122.57;122.51;118.28;118.54;116.75;117.17;118.57;115.95;117.08;121.83;124.52;124.18;121.69;118.97;121.14;119.91;118.66;115.00;115.52;114.54;115.18;114.34;116.30;117.33;117.74;114.41;110.70;107.25;106.44;105.63;102.50;101.83;104.71;103.93;109.19;106.00;104.50;105.00;104.00;100.46;100.79;100.40;99.81;99.52;99.11;97.87;98.86;99.02;98.49;97.82;96.00;97.20;,HALAL,"Business activity permissible — debt ratio not verified, cross-check Musaffa/Zoya",
BE,ENERGY,ENERGY-OTHER/ALTERNATIVE,,,,151.75;145.63;139.62;165.39;151.37;168.89;136.60;155.17;155.54;139.74;157.27;147.55;166.20;168.57;166.00;164.78;135.19;154.00;157.17;153.68;156.58;150.12;145.88;133.52;119.51;132.45;135.00;146.78;166.70;219.03;210.06;218.27;229.75;231.17;226.37;283.36;288.64;285.47;261.03;280.69;303.41;258.71;282.31;302.49;293.80;285.00;302.85;291.37;253.57;234.23;260.22;280.88;328.91;321.98;309.18;275.01;289.50;295.05;254.29;244.61;243.40;206.73;197.06;218.22;,HALAL,"Business activity permissible — debt ratio not verified, cross-check Musaffa/Zoya",
PLUG,ENERGY,ENERGY-OTHER/ALTERNATIVE,,,,2.31;2.59;2.30;2.45;2.12;2.13;1.86;2.10;1.96;1.89;1.86;1.87;1.91;1.91;1.81;2.48;2.13;2.12;2.21;2.24;2.32;2.23;2.29;2.25;2.14;2.25;2.69;2.65;2.74;2.94;2.86;3.22;3.19;3.14;3.03;3.13;3.13;3.31;3.12;3.56;3.79;3.45;3.31;3.78;4.14;3.95;4.09;3.60;3.19;2.86;2.76;2.71;2.85;2.71;2.57;2.59;2.64;2.64;2.46;2.23;2.27;2.15;2.13;2.23;,HALAL,"Business activity permissible — debt ratio not verified, cross-check Musaffa/Zoya",
FCEL,ENERGY,ENERGY-OTHER/ALTERNATIVE,,,,8.64;9.92;9.09;9.63;8.19;7.72;6.36;7.45;7.39;7.22;7.43;7.68;8.93;9.07;8.33;8.57;7.60;7.05;6.99;6.91;6.79;6.59;6.94;6.88;6.23;6.46;6.67;6.41;6.65;7.30;7.35;8.65;11.80;11.18;9.94;13.00;13.02;12.81;13.70;17.09;21.60;17.74;20.22;25.01;23.69;21.66;24.64;21.40;15.50;16.21;16.94;19.75;24.04;21.82;19.65;29.80;31.89;29.73;22.54;21.03;21.35;17.26;19.84;22.47;,HALAL,"Business activity permissible — debt ratio not verified, cross-check Musaffa/Zoya",
BLDP,ENERGY,ENERGY-OTHER/ALTERNATIVE,,,,2.64;2.66;2.56;2.58;2.33;2.32;2.03;2.17;2.16;2.15;2.13;2.11;2.12;2.21;2.16;2.15;2.01;1.97;2.42;2.53;2.61;2.41;2.46;2.45;2.30;2.41;2.53;2.60;2.81;2.94;2.90;3.17;3.50;3.28;3.10;3.40;3.29;4.78;4.13;4.16;4.13;4.33;4.76;5.54;6.09;6.29;6.38;6.07;5.16;4.38;4.22;4.13;4.37;4.17;3.61;3.73;3.81;3.46;3.23;3.08;2.97;2.75;2.77;3.10;,HALAL,"Business activity permissible — debt ratio not verified, cross-check Musaffa/Zoya",
CWEN,ENERGY,ENERGY-OTHER/ALTERNATIVE,,,,34.73;35.36;35.34;36.09;35.31;36.07;36.71;38.17;39.13;39.83;39.25;38.69;37.78;37.39;37.65;37.34;37.06;37.13;37.59;39.06;39.01;37.01;38.80;38.50;38.48;39.46;39.19;40.11;40.60;39.68;39.56;38.37;37.94;39.13;39.97;39.90;38.13;38.05;37.73;37.53;36.95;35.89;36.93;38.53;39.95;40.69;41.26;40.38;38.91;37.40;37.47;37.68;37.42;36.56;36.84;35.18;33.52;33.10;33.32;33.67;34.45;33.77;33.33;33.68;,HALAL,"Business activity permissible — debt ratio not verified, cross-check Musaffa/Zoya",
AMRC,ENERGY,ENERGY-OTHER/ALTERNATIVE,,,,31.16;32.72;31.87;33.31;31.34;31.44;26.63;32.36;33.69;32.68;32.93;33.73;33.24;31.87;30.95;28.15;25.70;26.36;26.28;25.59;26.68;26.66;28.32;27.25;24.77;24.67;24.00;25.26;26.40;25.81;25.01;26.91;27.54;27.92;27.74;29.59;31.48;31.55;29.96;29.23;33.28;31.02;29.51;31.77;35.94;35.98;36.07;32.73;27.76;25.79;28.06;27.15;28.64;27.77;27.76;26.57;26.53;27.05;25.24;24.94;25.00;23.59;22.55;23.39;,HALAL,"Business activity permissible — debt ratio not verified, cross-check Musaffa/Zoya",
FSLR,ENERGY,ENERGY-SOLAR,,,,242.11;239.68;242.97;249.41;225.52;239.04;234.36;222.13;227.74;225.65;238.57;241.88;243.21;200.10;199.86;197.27;189.21;197.80;197.56;199.48;197.81;192.82;192.85;185.83;184.70;199.42;195.57;200.78;203.47;200.61;191.65;192.49;188.71;193.76;195.86;201.89;211.39;218.00;219.95;228.06;231.62;233.64;237.86;257.85;273.67;306.79;311.01;314.95;275.39;249.27;267.31;264.36;257.70;249.24;248.64;232.80;232.08;233.06;224.30;227.83;220.58;211.93;205.31;208.86;,HALAL,"Business activity permissible — debt ratio not verified, cross-check Musaffa/Zoya",
ENPH,ENERGY,ENERGY-SOLAR,,,,34.52;40.48;39.42;40.47;36.98;37.28;47.27;50.30;48.23;43.49;46.04;46.56;49.74;45.77;44.71;42.66;40.23;43.59;42.60;45.89;43.28;44.11;40.97;40.18;35.64;38.28;33.64;32.56;31.19;32.00;31.96;33.88;35.36;35.77;34.30;32.96;32.54;35.80;36.45;37.48;48.01;49.69;53.15;64.03;70.28;68.36;72.33;68.39;56.88;50.57;54.59;50.26;52.28;47.22;47.21;48.34;46.84;44.55;43.02;44.83;44.99;41.08;39.46;39.58;,HALAL,"Business activity permissible — debt ratio not verified, cross-check Musaffa/Zoya",
SEDG,ENERGY,ENERGY-SOLAR,,,,32.49;34.54;34.41;35.80;30.95;30.97;33.28;36.80;36.33;35.53;35.10;37.90;43.07;40.40;40.60;37.94;33.41;38.11;35.19;40.71;44.88;51.73;47.67;50.27;47.37;51.87;45.09;43.52;41.76;42.98;38.91;39.82;42.60;45.83;44.29;42.86;41.52;40.61;41.30;40.42;50.24;55.23;56.22;61.95;73.23;76.35;78.51;73.14;63.95;54.54;60.80;57.15;58.05;52.36;51.88;55.36;56.00;56.91;52.41;55.18;55.52;52.34;48.61;47.88;,HALAL,"Business activity permissible — debt ratio not verified, cross-check Musaffa/Zoya",
RUN,ENERGY,ENERGY-SOLAR,,,,16.79;18.76;20.01;21.41;19.00;18.47;18.97;20.41;19.16;19.09;20.14;20.28;20.10;20.42;12.52;12.17;11.34;12.15;11.97;12.78;12.79;12.22;12.75;12.40;12.14;14.15;13.23;13.87;13.28;12.45;12.10;12.18;12.71;12.74;12.97;12.73;12.70;12.83;14.61;14.10;14.66;13.49;13.69;14.62;15.20;16.72;15.25;14.82;13.46;11.90;12.89;12.64;13.52;12.81;13.60;13.48;13.11;12.97;12.01;12.47;12.78;12.14;11.44;10.95;,HALAL,"Business activity permissible — debt ratio not verified, cross-check Musaffa/Zoya",
NOVA,ENERGY,ENERGY-SOLAR,,,,,HALAL,"Business activity permissible — debt ratio not verified, cross-check Musaffa/Zoya",
SHLS,ENERGY,ENERGY-SOLAR,,,,9.21;9.66;9.27;10.15;9.44;10.01;9.65;10.40;9.79;10.24;10.73;10.61;6.84;6.35;5.96;6.14;5.71;6.27;6.12;6.20;5.95;6.10;6.85;6.47;6.25;6.90;6.56;6.95;6.98;7.22;6.92;7.08;7.50;7.93;7.65;7.94;8.27;8.33;8.84;8.63;9.28;9.66;9.68;9.91;12.12;12.45;12.46;12.77;10.88;9.25;10.43;9.96;10.42;10.28;9.86;9.29;10.12;10.58;9.77;10.02;10.76;10.53;9.62;10.43;,HALAL,"Business activity permissible — debt ratio not verified, cross-check Musaffa/Zoya",
ARRY,ENERGY,ENERGY-SOLAR,,,,,HALAL,"Business activity permissible — debt ratio not verified, cross-check Musaffa/Zoya",
CSIQ,ENERGY,ENERGY-SOLAR,,,,20.51;21.45;22.32;21.74;19.13;20.04;18.98;21.02;20.83;19.39;19.82;20.05;21.37;19.94;17.22;17.04;16.00;17.36;18.03;18.04;18.52;14.26;13.26;13.62;12.98;13.64;12.80;12.53;12.63;13.38;12.98;13.17;13.51;14.12;14.85;15.29;15.87;16.88;20.06;19.41;17.82;17.18;16.66;18.88;19.05;18.99;20.57;19.47;17.04;15.24;16.73;16.69;16.27;14.73;15.82;14.76;15.65;15.15;14.75;15.02;15.19;14.74;15.20;15.40;,HALAL,"Business activity permissible — debt ratio not verified, cross-check Musaffa/Zoya",
JKS,ENERGY,ENERGY-SOLAR,,,,23.83;23.49;25.62;25.16;23.65;23.45;25.56;26.43;25.77;24.51;24.70;24.39;25.36;24.42;23.84;22.25;21.54;23.40;23.79;23.49;22.35;21.59;23.55;23.55;22.26;23.47;22.02;21.93;21.14;22.27;19.69;19.82;20.94;20.85;20.62;21.55;22.28;21.87;22.66;22.94;22.91;21.87;20.95;21.10;20.95;21.51;20.97;20.33;18.10;16.11;18.19;18.14;17.92;17.31;17.00;15.91;16.19;15.97;15.30;15.77;15.55;16.01;16.83;16.12;,HALAL,"Business activity permissible — debt ratio not verified, cross-check Musaffa/Zoya",
MAXN,ENERGY,ENERGY-SOLAR,,,,,HALAL,"Business activity permissible — debt ratio not verified, cross-check Musaffa/Zoya",
RIG,ENERGY,OIL&GAS-DRILLING,,,,4.30;4.70;4.91;4.87;4.97;4.98;4.94;5.71;6.00;6.54;6.22;6.52;6.54;6.38;6.25;6.37;5.93;6.16;6.28;6.20;6.25;6.22;6.63;6.89;6.65;6.50;6.59;6.70;6.52;6.17;6.35;5.89;6.06;6.11;6.79;6.82;6.88;6.23;6.40;6.54;6.91;7.58;7.34;6.81;6.18;6.19;6.25;6.25;6.17;6.01;6.04;5.59;5.31;5.29;5.21;5.04;4.87;4.93;5.23;5.20;5.31;5.12;5.02;5.30;,HALAL,"Business activity permissible — debt ratio not verified, cross-check Musaffa/Zoya",
VAL,ENERGY,OIL&GAS-DRILLING,,,,,HALAL,"Business activity permissible — debt ratio not verified, cross-check Musaffa/Zoya",
NE,ENERGY,OIL&GAS-DRILLING,,,,32.17;33.18;34.44;33.87;34.85;35.77;36.22;40.96;43.11;44.83;43.31;44.54;45.16;43.94;44.99;45.33;43.23;45.07;45.21;45.71;46.15;46.21;49.25;49.30;48.37;47.98;48.99;49.78;48.41;47.16;47.98;46.13;47.42;49.01;50.43;50.48;50.38;48.55;49.60;50.70;51.95;53.79;53.39;51.44;46.88;45.98;46.62;46.68;46.98;46.27;46.93;43.51;41.68;41.95;39.17;38.12;37.08;37.41;39.49;39.97;41.68;40.42;40.60;43.34;,HALAL,"Business activity permissible — debt ratio not verified, cross-check Musaffa/Zoya",
HP,ENERGY,OIL&GAS-DRILLING,,,,31.54;32.47;32.01;32.64;33.41;35.00;34.05;35.21;33.84;32.99;34.57;35.40;34.52;34.37;34.87;34.10;33.87;34.74;33.64;34.43;35.94;36.25;37.04;36.72;35.61;34.32;34.70;35.14;34.46;33.89;34.72;33.46;36.18;38.12;39.04;40.12;40.39;39.58;37.54;38.92;39.14;41.53;40.88;39.88;38.49;38.15;39.36;39.60;39.14;39.37;39.25;36.36;34.97;35.59;34.01;33.35;30.92;30.53;33.00;33.33;33.74;33.42;33.69;35.24;,HALAL,"Business activity permissible — debt ratio not verified, cross-check Musaffa/Zoya",
PTEN,ENERGY,OIL&GAS-DRILLING,,,,6.94;7.24;7.20;7.18;7.38;7.65;8.00;8.52;8.39;7.93;8.00;8.24;8.15;8.24;8.74;8.79;8.89;9.42;9.76;10.05;10.64;10.81;10.79;11.16;10.95;10.26;10.50;10.24;9.96;9.79;10.32;9.68;10.71;11.23;11.71;12.11;12.18;11.48;11.32;11.95;12.01;12.74;12.17;12.20;11.38;11.11;11.73;12.27;11.90;12.02;11.49;10.35;10.04;10.07;9.77;9.55;8.57;8.56;9.70;9.39;9.86;9.64;10.10;10.72;,HALAL,"Business activity permissible — debt ratio not verified, cross-check Musaffa/Zoya",
NBR,ENERGY,OIL&GAS-DRILLING,,,,62.23;65.06;66.34;66.07;66.84;69.08;66.89;70.42;70.88;68.10;75.30;78.19;77.77;77.80;76.90;79.55;78.73;80.84;75.61;76.03;78.78;79.97;85.99;89.46;87.43;79.34;82.20;83.67;80.22;79.33;82.24;79.23;86.51;89.89;93.62;102.61;103.71;99.43;97.40;101.97;103.67;110.63;106.55;105.41;97.64;92.63;94.38;101.09;99.87;102.87;101.63;91.20;87.06;86.51;84.13;83.76;77.38;76.33;80.72;82.09;83.55;82.66;82.60;85.18;,HALAL,"Business activity permissible — debt ratio not verified, cross-check Musaffa/Zoya",
DO,ENERGY,OIL&GAS-DRILLING,,,,,HALAL,"Business activity permissible — debt ratio not verified, cross-check Musaffa/Zoya",
SLB,ENERGY,OIL&GAS-FIELD SERVICES,,,,45.94;48.78;49.15;48.33;47.85;49.21;48.96;49.98;51.29;50.13;51.32;50.58;51.58;51.22;51.00;47.64;46.66;47.86;44.33;44.73;45.08;46.39;50.25;52.04;51.26;49.77;49.52;51.61;51.65;51.22;51.46;51.93;54.07;55.86;55.36;56.58;55.34;54.87;52.99;55.35;55.46;56.85;56.98;56.98;56.21;54.27;56.26;58.01;56.55;55.51;56.18;53.07;48.09;47.79;47.42;46.38;45.09;45.72;47.43;47.76;47.54;47.08;46.39;47.67;,HALAL,"Business activity permissible — debt ratio not verified, cross-check Musaffa/Zoya",
HAL,ENERGY,OIL&GAS-FIELD SERVICES,,,,31.77;33.42;33.85;33.06;33.22;33.56;33.53;34.58;34.71;33.65;34.46;34.79;35.47;35.39;35.64;34.28;33.91;35.19;34.69;34.02;36.07;36.38;37.95;38.63;39.09;37.84;37.66;37.64;37.43;37.35;37.99;36.52;38.94;40.19;40.64;42.12;41.80;40.23;39.66;41.52;41.12;42.60;42.12;41.29;39.43;38.69;39.96;41.22;40.50;39.73;39.60;37.20;34.93;35.11;34.67;34.09;33.01;33.00;34.97;34.39;35.42;35.04;35.11;33.03;,HALAL,"Business activity permissible — debt ratio not verified, cross-check Musaffa/Zoya",
BKR,ENERGY,OIL&GAS-FIELD SERVICES,,,,50.90;54.07;55.89;56.23;55.64;57.59;56.95;59.13;60.82;60.77;61.33;62.00;64.50;64.68;64.61;60.68;59.61;59.14;55.71;55.01;57.29;60.15;63.28;62.15;60.48;60.14;60.50;62.95;62.62;61.29;60.40;58.97;62.33;68.71;67.44;69.44;68.78;66.67;63.89;65.24;64.61;66.21;66.79;66.06;63.20;63.88;64.54;66.11;64.84;63.02;63.14;61.52;58.41;58.68;56.94;56.31;53.82;53.25;57.58;57.56;57.78;56.54;55.15;56.60;,HALAL,"Business activity permissible — debt ratio not verified, cross-check Musaffa/Zoya",
WFRD,ENERGY,OIL&GAS-FIELD SERVICES,,,,82.70;88.65;89.99;90.96;93.59;95.49;100.43;103.99;103.36;101.16;104.58;104.18;106.59;104.65;103.07;95.56;90.57;92.25;84.90;86.58;86.26;85.92;92.98;95.70;92.39;93.94;94.66;101.94;102.52;99.37;99.01;99.88;100.73;108.27;110.03;110.07;108.84;108.37;102.32;107.51;109.19;111.42;111.38;108.79;106.16;103.64;103.72;103.73;103.00;98.01;101.31;97.85;91.63;89.39;84.84;80.92;80.21;83.90;83.94;84.36;82.01;80.42;78.20;87.11;,HALAL,"Business activity permissible — debt ratio not verified, cross-check Musaffa/Zoya",
LBRT,ENERGY,OIL&GAS-FIELD SERVICES,,,,20.01;21.38;20.97;21.67;24.50;25.88;23.57;25.02;24.31;25.74;26.95;26.69;28.07;27.75;28.31;27.39;26.72;28.24;30.21;29.93;31.55;31.36;29.61;29.77;28.78;27.84;27.59;28.08;27.55;27.16;27.88;26.48;29.33;32.65;32.95;33.69;33.83;32.38;33.01;33.13;33.25;32.97;32.63;31.75;29.99;29.18;31.16;31.56;28.76;28.23;28.87;27.35;27.18;27.05;27.25;26.27;24.31;23.29;24.44;24.49;25.27;23.46;24.07;25.14;,HALAL,"Business activity permissible — debt ratio not verified, cross-check Musaffa/Zoya",
NEX,ENERGY,OIL&GAS-FIELD SERVICES,,,,,HALAL,"Business activity permissible — debt ratio not verified, cross-check Musaffa/Zoya",
PUMP,ENERGY,OIL&GAS-FIELD SERVICES,,,,,HALAL,"Business activity permissible — debt ratio not verified, cross-check Musaffa/Zoya",
XOM,ENERGY,OIL&GAS-INTEGRATED,,,,128.72;131.86;133.04;135.75;139.52;141.82;144.13;149.20;153.49;147.45;149.66;146.29;148.25;147.54;153.18;148.81;150.19;147.13;152.49;156.17;156.53;158.59;164.27;164.31;170.31;159.70;162.27;155.17;151.48;148.23;150.96;146.68;148.49;147.91;149.54;153.29;152.65;147.69;143.60;149.61;151.75;160.49;156.28;154.92;147.90;145.26;149.56;152.04;151.75;150.62;147.01;141.86;137.81;139.73;137.55;136.06;136.28;136.44;141.13;138.88;145.09;145.95;148.36;154.45;,HALAL,"Integrated oil — debt ratio not verified, cross-check Musaffa/Zoya",
CVX,ENERGY,OIL&GAS-INTEGRATED,,,,162.21;163.55;164.37;166.76;173.60;174.71;175.88;179.19;182.35;180.31;182.20;182.26;183.66;182.49;187.88;184.34;188.22;184.60;195.18;195.05;196.81;199.90;204.91;205.90;208.80;195.62;197.06;191.14;186.84;185.32;186.44;181.59;184.63;183.53;186.65;191.56;190.53;183.48;179.97;184.26;184.95;194.34;191.33;191.43;182.40;182.46;187.55;188.35;189.24;189.80;187.22;180.11;173.63;175.98;172.24;168.47;165.69;168.10;175.97;176.40;181.76;183.86;189.71;192.98;,HALAL,"Integrated oil — debt ratio not verified, cross-check Musaffa/Zoya",
BP,ENERGY,OIL&GAS-INTEGRATED,,,,34.31;34.58;35.88;36.80;36.97;37.89;37.26;38.28;37.63;36.76;37.61;37.75;37.87;37.56;39.02;38.40;39.98;39.49;41.68;42.41;44.11;44.27;44.28;45.65;46.81;45.65;46.94;45.37;45.91;45.65;47.09;44.61;45.85;45.73;45.83;46.84;46.41;44.13;42.85;43.90;43.62;45.69;45.13;44.36;41.65;41.87;43.40;44.04;43.72;42.95;42.78;41.15;39.10;39.33;37.72;37.35;36.15;37.39;39.21;39.20;41.40;41.08;42.00;43.32;,HALAL,"Business activity permissible — debt ratio not verified, cross-check Musaffa/Zoya",
SHEL,ENERGY,OIL&GAS-INTEGRATED,1,88.37999725341797,0.22602296880802797,71.78;71.10;71.92;74.41;75.63;76.22;73.27;76.39;78.77;77.34;78.42;79.06;80.05;80.45;83.46;81.96;83.94;84.35;87.57;89.67;91.92;89.63;90.30;91.33;91.91;91.20;92.80;91.18;91.38;90.54;90.68;87.21;88.69;88.33;86.80;89.86;88.46;86.42;83.22;84.58;83.75;87.79;85.94;85.71;83.81;84.12;86.82;86.73;86.65;86.05;85.66;82.25;78.81;79.51;77.33;76.89;76.57;78.14;82.24;82.23;84.41;85.08;86.20;87.77;88.38,HALAL,"Business activity permissible — debt ratio not verified, cross-check Musaffa/Zoya",
TTE,ENERGY,OIL&GAS-INTEGRATED,,,,,HALAL,"Business activity permissible — debt ratio not verified, cross-check Musaffa/Zoya",
EQNR,ENERGY,OIL&GAS-INTEGRATED,,,,24.26;24.11;25.04;25.63;26.23;25.73;25.85;27.02;27.92;27.45;27.96;28.53;28.83;28.66;31.75;31.26;33.25;32.11;34.02;35.27;38.14;41.18;39.55;40.70;41.97;39.98;41.53;38.93;38.57;37.62;37.88;35.65;37.59;37.56;38.12;40.34;40.90;37.64;36.32;38.13;38.12;39.66;38.96;38.81;36.50;35.99;37.82;37.65;37.60;37.49;36.18;33.84;32.38;32.65;31.56;31.18;31.21;32.06;34.27;33.92;36.19;35.63;37.35;39.96;,HALAL,"Business activity permissible — debt ratio not verified, cross-check Musaffa/Zoya",
E,ENERGY,OIL&GAS-INTEGRATED,,,,37.37;37.91;39.12;39.95;40.00;40.61;40.55;41.69;42.73;42.47;42.84;43.20;43.47;44.51;46.29;45.73;46.68;47.27;49.13;50.43;51.79;53.31;51.78;53.49;55.15;54.27;56.97;54.69;55.80;54.77;54.77;51.96;53.62;53.50;54.18;56.00;55.56;53.31;52.83;55.21;54.71;55.76;54.40;54.39;52.46;52.16;54.05;54.41;54.32;54.24;53.50;50.89;48.95;48.72;46.79;46.60;45.57;46.50;48.40;47.72;49.55;48.04;49.52;51.08;,HALAL,"Business activity permissible — debt ratio not verified, cross-check Musaffa/Zoya",
PBR,ENERGY,OIL&GAS-INTEGRATED,,,,12.66;13.59;14.15;15.17;15.13;15.07;14.70;15.07;15.62;14.99;15.08;15.58;16.32;16.39;17.09;16.54;17.36;17.75;18.72;18.91;19.50;18.55;19.48;20.06;20.53;19.81;20.58;19.71;21.22;20.73;21.21;20.48;20.90;20.71;21.07;21.86;21.84;20.75;20.17;20.34;19.63;20.54;19.68;19.75;18.82;18.63;18.58;18.06;17.75;18.11;18.38;17.05;16.75;17.03;16.52;16.28;15.99;16.26;17.24;17.32;17.92;17.47;18.19;18.89;,HALAL,"Business activity permissible — debt ratio not verified, cross-check Musaffa/Zoya",
EC,ENERGY,OIL&GAS-INTL E&P,,,,11.96;11.62;12.08;12.16;11.98;11.81;11.17;11.72;11.64;11.34;11.49;11.91;11.83;11.43;11.62;11.04;12.31;12.29;13.29;13.44;13.98;14.13;13.88;14.10;14.27;13.80;14.21;13.44;13.43;12.87;13.11;13.01;13.64;13.15;13.31;14.16;14.03;13.36;12.64;13.08;13.22;13.81;13.72;13.85;14.92;14.61;15.98;15.64;15.35;16.21;16.58;15.79;16.58;15.51;14.45;14.56;14.45;14.47;15.13;15.58;16.16;15.80;16.03;16.69;,HALAL,"Business activity permissible — debt ratio not verified, cross-check Musaffa/Zoya",
VIST,ENERGY,OIL&GAS-INTL E&P,,,,49.45;51.60;54.10;59.44;60.49;56.00;54.14;55.60;56.05;54.11;55.45;59.02;57.50;56.33;58.89;59.69;62.59;58.94;62.37;65.69;69.43;72.06;71.76;72.31;76.55;69.12;71.04;65.60;66.08;64.56;67.06;66.48;68.70;70.89;73.12;74.32;73.28;68.59;65.21;69.28;71.85;78.51;75.29;75.41;73.60;74.20;76.72;76.52;73.96;72.50;72.14;69.26;68.55;66.70;65.03;64.23;62.69;61.21;65.25;64.81;65.73;62.38;63.91;67.02;,HALAL,"Business activity permissible — debt ratio not verified, cross-check Musaffa/Zoya",
TLW,ENERGY,OIL&GAS-INTL E&P,,,,,HALAL,"Business activity permissible — debt ratio not verified, cross-check Musaffa/Zoya",
CNQ,ENERGY,OIL&GAS-INTL E&P,,,,33.76;34.80;35.35;36.38;36.49;36.75;37.15;38.41;39.84;39.89;40.85;41.57;41.76;42.25;43.49;43.32;45.41;44.83;47.61;47.84;48.14;48.50;48.50;48.16;48.85;46.07;47.74;45.94;45.86;45.17;45.82;42.84;44.21;43.77;45.87;47.19;47.08;45.15;44.06;46.42;47.07;48.43;48.26;48.10;45.27;44.89;46.71;47.16;45.80;45.04;44.82;42.84;40.62;41.02;39.60;39.31;38.92;39.35;42.43;41.81;42.62;42.86;43.95;45.81;,HALAL,"Business activity permissible — debt ratio not verified, cross-check Musaffa/Zoya",
SU,ENERGY,OIL&GAS-INTL E&P,,,,48.65;49.16;50.44;52.25;52.22;52.70;52.37;53.89;55.14;55.19;55.06;54.95;55.17;54.71;56.96;56.96;56.47;56.90;59.36;60.22;61.57;63.29;63.69;64.55;65.55;64.51;65.64;64.11;64.01;63.14;63.40;61.25;63.01;63.58;64.76;68.01;68.11;63.90;63.59;66.12;66.35;69.27;67.38;66.90;63.55;61.95;64.88;65.47;63.25;62.09;61.60;58.16;55.33;56.50;54.36;53.81;53.57;54.91;59.06;59.25;61.04;60.68;62.25;64.72;,HALAL,"Business activity permissible — debt ratio not verified, cross-check Musaffa/Zoya",
CVE,ENERGY,OIL&GAS-INTL E&P,,,,17.47;18.21;18.70;19.58;19.49;19.72;19.49;20.76;21.76;21.70;21.99;22.30;22.11;21.81;22.61;22.54;22.46;22.40;23.32;23.22;23.80;24.92;25.30;25.82;26.42;25.68;26.73;25.84;25.73;25.58;25.80;24.77;25.78;26.14;27.27;29.08;29.81;28.86;28.24;29.84;29.98;31.39;30.36;29.88;28.03;27.42;29.11;29.62;28.56;28.21;28.11;26.25;25.16;25.74;24.68;24.99;24.50;24.36;26.63;26.40;27.51;27.23;28.26;28.99;,HALAL,"Business activity permissible — debt ratio not verified, cross-check Musaffa/Zoya",
MEG,ENERGY,OIL&GAS-INTL E&P,,,,,HALAL,"Business activity permissible — debt ratio not verified, cross-check Musaffa/Zoya",
NOV,ENERGY,OIL&GAS-MACHINERY/EQUIP,,,,17.40;18.23;18.35;18.13;18.10;18.52;17.99;18.70;19.21;18.94;19.72;20.11;20.35;19.92;19.76;19.25;18.32;18.59;18.47;18.03;18.09;18.52;19.34;19.75;18.40;18.51;18.67;18.97;19.32;18.93;19.01;18.97;19.60;20.32;20.11;20.28;19.78;20.00;19.08;20.36;20.43;20.98;20.96;20.63;20.05;19.79;20.36;21.36;21.03;20.99;21.13;19.96;18.66;18.75;18.94;18.43;18.10;17.79;18.74;18.89;19.30;19.47;19.55;20.33;,HALAL,"Business activity permissible — debt ratio not verified, cross-check Musaffa/Zoya",
FTI,ENERGY,OIL&GAS-MACHINERY/EQUIP,,,,52.12;53.89;54.55;55.17;55.64;57.26;56.17;59.88;61.73;61.27;62.18;63.40;65.30;67.19;67.40;65.17;62.93;64.80;62.43;63.63;65.09;65.22;70.11;70.28;67.54;69.74;71.54;71.77;73.74;71.95;72.75;70.17;72.18;74.71;75.40;75.52;74.55;73.89;70.10;73.14;72.96;73.41;72.25;70.99;67.41;68.42;69.45;69.01;68.75;69.95;70.79;67.00;65.17;66.14;67.03;65.23;65.11;67.26;70.39;71.85;74.57;72.01;72.05;75.10;,HALAL,"Business activity permissible — debt ratio not verified, cross-check Musaffa/Zoya",
CHX,ENERGY,OIL&GAS-MACHINERY/EQUIP,,,,,HALAL,"Business activity permissible — debt ratio not verified, cross-check Musaffa/Zoya",
OII,ENERGY,OIL&GAS-MACHINERY/EQUIP,,,,26.73;28.44;29.09;29.67;30.10;31.40;29.77;33.16;34.29;33.15;33.09;34.79;38.82;37.57;35.87;35.14;34.21;36.14;35.44;33.69;33.87;34.96;37.20;36.52;34.46;34.37;36.59;36.32;36.20;35.93;36.73;37.10;38.47;37.35;37.56;37.54;37.35;37.07;36.54;38.07;38.72;38.54;38.40;38.77;38.79;38.23;38.67;39.78;39.19;39.30;39.39;37.31;36.06;36.28;39.37;39.53;39.39;38.88;41.17;42.10;43.28;42.30;42.82;45.00;,HALAL,"Business activity permissible — debt ratio not verified, cross-check Musaffa/Zoya",
DRQ,ENERGY,OIL&GAS-MACHINERY/EQUIP,,,,,HALAL,"Business activity permissible — debt ratio not verified, cross-check Musaffa/Zoya",
WHD,ENERGY,OIL&GAS-MACHINERY/EQUIP,,,,52.63;55.06;54.46;54.53;55.95;57.01;56.25;57.66;57.05;56.65;57.46;58.15;57.99;51.30;52.92;49.90;49.89;48.48;45.89;45.39;46.15;45.47;48.20;48.69;46.59;46.86;49.63;52.57;54.21;52.61;53.57;52.39;54.02;56.64;55.78;55.59;54.36;54.38;54.01;57.09;57.69;60.19;62.01;62.11;60.49;57.90;60.09;58.88;59.38;58.08;59.10;57.54;54.69;52.84;53.52;49.59;48.77;50.49;53.73;53.79;52.60;53.80;53.64;55.98;,HALAL,"Business activity permissible — debt ratio not verified, cross-check Musaffa/Zoya",
MPC,ENERGY,OIL&GAS-REFINING/MARKETING,,,,173.35;174.22;171.03;170.50;174.64;185.93;194.11;202.47;206.81;201.48;198.81;196.01;194.55;200.31;209.02;219.93;220.44;214.41;229.20;228.07;235.34;231.65;242.98;247.37;244.23;237.25;240.48;231.10;221.77;223.08;225.38;213.31;221.23;223.29;231.71;247.35;251.58;244.85;243.94;251.03;247.87;258.54;258.37;254.65;247.05;248.77;263.06;267.05;266.17;263.28;263.58;250.47;242.91;248.52;253.56;259.22;264.87;268.99;280.68;283.74;303.40;305.85;315.31;315.82;,HALAL,"Business activity permissible — debt ratio not verified, cross-check Musaffa/Zoya",
VLO,ENERGY,OIL&GAS-REFINING/MARKETING,,,,,HALAL,"Business activity permissible — debt ratio not verified, cross-check Musaffa/Zoya",
PSX,ENERGY,OIL&GAS-REFINING/MARKETING,,,,136.35;139.76;138.24;139.91;141.36;145.82;152.07;155.09;159.03;157.33;154.99;153.37;153.25;151.36;159.03;163.53;164.76;161.33;172.84;172.23;171.49;174.21;182.79;182.68;183.48;174.37;176.05;166.79;158.10;157.62;162.15;154.63;159.49;161.68;163.94;177.86;177.18;170.48;170.32;174.17;170.27;179.80;179.34;177.69;174.63;175.88;182.56;184.14;183.42;181.72;179.45;172.00;166.14;170.34;171.76;174.05;174.50;177.33;187.81;188.36;201.45;201.32;208.80;211.41;,HALAL,"Business activity permissible — debt ratio not verified, cross-check Musaffa/Zoya",
DK,ENERGY,OIL&GAS-REFINING/MARKETING,,,,26.36;27.66;27.35;28.32;29.15;30.48;33.53;34.59;34.10;34.04;34.19;33.95;33.59;35.94;41.11;42.94;42.06;40.42;41.73;40.90;45.16;44.00;45.66;46.16;45.48;44.15;45.04;42.51;41.51;39.13;42.22;37.79;39.21;39.44;40.82;46.34;48.04;45.00;46.04;46.08;43.69;45.41;44.59;43.68;43.04;44.51;46.40;47.67;48.48;48.01;47.22;44.05;41.47;43.41;47.17;51.58;53.14;52.97;56.05;55.51;60.95;61.59;64.64;66.17;,HALAL,"Business activity permissible — debt ratio not verified, cross-check Musaffa/Zoya",
PBF,ENERGY,OIL&GAS-REFINING/MARKETING,,,,30.34;32.52;31.74;32.42;32.97;33.96;33.99;34.75;35.25;34.04;32.73;33.88;34.58;35.82;39.12;44.50;42.96;39.38;42.63;43.28;46.77;48.99;49.75;50.03;49.95;45.78;46.06;42.74;40.40;38.70;42.34;37.50;40.19;40.47;41.09;43.07;45.22;41.31;40.44;42.14;40.65;42.14;41.75;40.21;38.80;40.70;43.17;42.76;42.37;42.57;41.89;39.15;37.29;40.69;42.29;46.43;48.04;49.26;52.90;53.18;60.89;60.94;63.85;64.33;,HALAL,"Business activity permissible — debt ratio not verified, cross-check Musaffa/Zoya",
CVI,ENERGY,OIL&GAS-REFINING/MARKETING,,,,22.78;24.76;22.14;21.92;22.67;23.27;23.53;24.67;24.36;23.10;22.29;20.66;21.65;23.56;24.86;26.37;26.75;25.64;28.67;28.14;32.81;33.72;32.96;34.25;34.84;31.51;32.44;32.58;30.56;30.04;32.76;30.09;31.21;31.43;32.55;33.04;34.10;32.69;33.45;34.39;33.11;34.54;33.48;32.45;32.02;33.22;35.66;33.75;33.32;31.15;30.67;28.52;27.40;27.20;27.31;28.10;28.65;28.88;30.76;30.97;33.58;33.46;34.66;34.88;,HALAL,"Business activity permissible — debt ratio not verified, cross-check Musaffa/Zoya",
HFC,ENERGY,OIL&GAS-REFINING/MARKETING,,,,,HALAL,"Business activity permissible — debt ratio not verified, cross-check Musaffa/Zoya",
PARR,ENERGY,OIL&GAS-REFINING/MARKETING,,,,36.85;35.99;34.83;36.24;37.74;39.25;40.79;42.27;42.43;42.86;42.23;42.75;41.03;40.63;46.08;49.68;48.87;48.03;53.14;53.12;56.02;61.39;61.70;63.01;63.90;61.67;64.79;60.71;62.77;63.26;63.71;59.14;65.09;64.19;62.61;65.67;67.36;62.29;64.37;63.08;60.18;58.79;60.80;58.83;56.45;56.16;57.20;55.55;57.13;57.63;55.82;52.53;50.89;50.70;54.13;56.67;58.80;60.74;68.57;65.78;73.55;73.97;77.56;79.42;,HALAL,"Business activity permissible — debt ratio not verified, cross-check Musaffa/Zoya",
ENB,ENERGY,OIL&GAS-TRANSPORT/PIPELINE,,,,45.92;46.26;46.65;47.32;47.59;48.07;49.20;49.33;50.23;52.50;50.25;50.87;51.74;51.59;53.28;53.49;53.38;53.02;52.96;53.85;52.57;52.79;53.76;53.81;53.65;52.98;53.06;53.79;53.64;52.32;51.91;51.58;51.15;52.63;52.37;54.72;54.03;53.52;52.92;54.15;55.51;56.37;57.08;58.04;56.15;54.74;56.32;56.74;55.33;56.44;56.50;55.68;54.55;55.74;56.19;55.40;53.29;53.47;55.07;54.66;55.89;56.46;55.73;56.25;,HALAL,"Business activity permissible — debt ratio not verified, cross-check Musaffa/Zoya",
TRP,ENERGY,OIL&GAS-TRANSPORT/PIPELINE,,,,53.25;53.99;55.25;57.06;57.56;58.30;58.78;59.14;59.77;62.34;60.51;61.21;62.22;61.85;63.86;62.98;62.51;62.46;61.94;63.06;62.59;62.15;62.86;62.47;61.83;61.66;62.08;63.32;63.25;60.96;59.85;60.26;59.52;61.46;62.39;66.33;65.44;64.90;64.17;65.70;67.53;68.69;69.46;70.27;67.58;66.02;67.41;68.33;67.63;68.16;68.76;68.30;67.09;68.78;69.56;67.88;65.62;66.95;68.98;67.33;68.53;69.90;68.49;69.85;,HALAL,"Business activity permissible — debt ratio not verified, cross-check Musaffa/Zoya",
KMI,ENERGY,OIL&GAS-TRANSPORT/PIPELINE,,,,27.44;29.14;28.79;29.51;29.92;30.04;30.05;30.71;31.16;32.02;31.99;32.43;32.39;32.76;33.58;33.61;33.27;32.66;33.05;33.00;32.31;32.54;33.62;33.76;33.34;32.58;32.89;32.66;32.38;31.36;31.50;31.65;31.52;31.45;31.50;32.57;32.47;31.58;31.41;32.45;33.40;33.78;33.59;33.79;32.22;31.08;31.44;31.70;31.29;31.84;31.94;31.44;31.59;32.54;33.01;32.27;31.72;31.69;32.48;32.12;32.54;32.54;32.58;32.49;,HALAL,"Business activity permissible — debt ratio not verified, cross-check Musaffa/Zoya",
WMB,ENERGY,OIL&GAS-TRANSPORT/PIPELINE,,,,60.62;62.80;63.36;65.96;66.29;67.51;66.45;66.87;70.09;71.24;71.10;71.93;72.44;73.69;75.16;74.68;73.17;72.78;72.46;73.35;72.27;71.88;73.91;73.52;71.94;71.30;72.06;72.47;72.21;70.92;70.34;70.39;70.58;71.65;72.50;75.75;74.86;73.22;71.43;74.18;77.12;77.12;77.31;77.89;73.82;70.87;70.79;71.90;71.07;71.73;72.08;71.48;73.12;75.79;77.53;75.06;72.77;72.82;75.27;75.02;75.98;74.73;74.16;74.49;,HALAL,"Business activity permissible — debt ratio not verified, cross-check Musaffa/Zoya",
OKE,ENERGY,OIL&GAS-TRANSPORT/PIPELINE,,,,72.19;76.58;75.55;77.26;77.19;77.34;79.51;82.15;83.89;85.09;85.76;86.30;81.91;83.03;85.10;83.76;85.90;83.68;83.92;84.31;85.17;88.15;89.86;92.46;91.86;86.33;87.45;85.74;85.19;83.84;84.20;82.79;85.04;86.46;88.73;91.37;90.63;85.60;85.16;88.43;91.03;93.76;92.15;94.03;88.21;83.94;86.72;88.95;88.15;90.57;90.59;86.31;85.03;88.06;89.52;88.73;85.73;87.43;91.16;89.92;91.90;93.00;93.56;91.75;,HALAL,"Business activity permissible — debt ratio not verified, cross-check Musaffa/Zoya",
ET,ENERGY,OIL&GAS-TRANSPORT/PIPELINE,,,,16.83;17.47;17.33;17.60;17.80;17.76;17.55;17.74;17.90;18.43;18.54;18.66;18.48;18.37;18.78;18.44;18.42;17.99;18.25;18.42;18.34;18.69;18.88;19.11;19.26;18.70;18.64;18.76;18.86;18.41;18.55;18.59;18.75;18.76;19.08;19.85;19.74;19.53;19.34;20.00;20.36;20.19;20.16;20.07;19.33;19.17;19.54;19.62;19.34;19.04;19.07;18.91;18.75;19.22;19.18;19.06;19.05;19.25;19.86;19.66;20.07;20.20;20.28;20.37;,HALAL,"Business activity permissible — debt ratio not verified, cross-check Musaffa/Zoya",
EPD,ENERGY,OIL&GAS-TRANSPORT/PIPELINE,,,,31.77;32.19;32.06;32.45;32.72;34.14;34.58;34.66;34.95;36.68;35.60;35.83;35.78;35.47;36.37;36.64;37.04;36.20;36.07;36.79;36.51;37.03;37.85;38.55;38.53;36.90;37.29;37.49;36.82;36.72;36.80;36.39;37.20;37.46;37.92;38.70;38.67;37.56;37.19;38.16;39.23;39.46;39.39;39.63;37.99;36.79;37.71;38.18;37.52;37.87;37.25;36.45;36.60;37.13;36.84;36.66;36.52;36.47;37.80;37.27;37.73;38.00;38.78;38.89;,HALAL,"Business activity permissible — debt ratio not verified, cross-check Musaffa/Zoya",
MPLX,ENERGY,OIL&GAS-TRANSPORT/PIPELINE,,,,53.43;53.46;52.69;53.63;53.78;53.17;54.28;53.96;54.63;55.74;55.61;57.08;57.76;57.54;58.01;57.77;57.53;56.91;57.24;56.99;56.27;56.88;58.04;57.83;56.57;54.85;54.59;54.82;55.08;53.96;54.18;54.62;54.63;54.28;54.03;55.19;56.08;54.59;54.00;54.39;55.57;55.44;55.44;56.47;55.71;54.65;55.68;56.32;56.41;56.39;56.87;56.08;56.84;57.68;56.07;56.22;55.92;56.97;57.44;56.95;56.51;57.17;57.13;56.61;,HALAL,"Business activity permissible — debt ratio not verified, cross-check Musaffa/Zoya",
PAA,ENERGY,OIL&GAS-TRANSPORT/PIPELINE,,,,18.32;18.39;18.55;18.96;18.89;19.28;19.61;18.93;19.42;19.78;20.20;20.51;20.15;20.25;20.96;21.43;21.68;20.70;20.82;20.85;21.19;21.28;21.82;22.11;22.06;21.39;21.44;21.32;21.36;21.20;21.13;20.58;20.82;21.12;21.86;22.60;22.65;22.17;21.72;21.94;22.48;23.17;23.33;24.15;22.97;22.43;22.96;22.92;22.80;22.73;22.44;21.81;21.34;21.91;21.62;22.12;22.24;22.27;23.13;22.89;23.62;23.75;24.31;24.45;,HALAL,"Business activity permissible — debt ratio not verified, cross-check Musaffa/Zoya",
TRGP,ENERGY,OIL&GAS-TRANSPORT/PIPELINE,,,,183.23;189.56;190.61;199.13;199.98;202.62;204.52;216.61;220.80;222.77;226.48;230.19;230.56;230.06;238.41;241.84;236.01;231.31;236.97;237.95;232.81;236.22;244.87;249.25;246.85;243.57;244.42;242.78;241.88;238.08;238.61;230.35;235.55;239.49;247.13;260.08;258.98;249.50;248.12;255.16;267.48;274.70;270.69;276.75;263.65;255.07;263.30;267.37;264.13;272.54;272.60;259.68;258.58;268.72;273.45;271.35;257.81;263.52;277.86;273.35;281.60;280.27;282.35;284.45;,HALAL,"Business activity permissible — debt ratio not verified, cross-check Musaffa/Zoya",
COP,ENERGY,OIL&GAS-US E&P,,,,94.08;95.42;96.97;99.86;102.66;103.33;103.40;107.06;109.54;109.75;109.70;109.71;109.77;109.88;117.37;114.80;116.21;113.31;119.37;120.43;122.74;125.98;128.40;132.27;131.91;127.43;130.67;124.30;121.65;117.91;120.67;115.59;121.70;120.86;123.40;124.85;123.99;118.02;113.03;117.87;118.97;124.54;122.36;120.46;115.13;113.98;116.87;119.23;118.89;119.92;116.98;111.34;107.74;109.97;106.41;104.20;103.22;103.58;110.72;109.04;111.87;112.84;115.68;118.79;,HALAL,"Business activity permissible — debt ratio not verified, cross-check Musaffa/Zoya",
EOG,ENERGY,OIL&GAS-US E&P,,,,104.62;104.72;105.98;109.35;110.45;108.77;110.80;112.16;116.44;118.92;120.43;121.23;121.84;119.31;126.72;125.90;129.44;125.97;131.04;132.49;135.46;136.65;140.39;145.28;147.64;138.31;140.90;136.96;134.15;131.58;133.08;128.21;132.03;132.15;134.78;139.53;140.57;133.70;129.07;133.14;134.99;141.94;140.59;140.18;133.31;132.40;137.56;139.84;139.12;139.25;135.64;131.08;129.02;133.91;132.61;130.96;127.64;128.44;136.58;133.11;136.99;137.44;141.09;144.00;,HALAL,"Business activity permissible — debt ratio not verified, cross-check Musaffa/Zoya",
PXD,ENERGY,OIL&GAS-US E&P,,,,,HALAL,"Business activity permissible — debt ratio not verified, cross-check Musaffa/Zoya",
OXY,ENERGY,OIL&GAS-US E&P,,,,41.85;42.75;43.51;44.41;44.97;44.84;44.67;46.23;46.80;45.64;46.67;51.36;51.47;50.95;53.71;53.11;53.69;52.88;58.14;56.99;58.11;60.43;60.97;64.06;65.94;61.94;62.67;59.50;57.70;55.13;56.61;54.23;56.79;56.86;58.34;60.30;59.99;54.87;52.79;56.01;56.58;59.43;58.60;58.54;56.63;56.37;58.82;58.40;57.22;57.10;56.54;53.67;51.82;52.23;51.21;49.09;47.94;48.81;53.59;52.89;54.57;53.65;55.19;57.50;,HALAL,"Business activity permissible — debt ratio not verified, cross-check Musaffa/Zoya",
DVN,ENERGY,OIL&GAS-US E&P,,,,35.85;37.52;38.16;39.34;39.72;40.61;42.64;42.95;44.41;44.11;43.90;43.85;42.75;42.14;44.40;42.96;43.94;43.17;45.63;46.32;47.82;48.32;49.91;50.99;51.16;48.25;49.30;47.57;47.45;44.93;45.46;44.62;46.79;47.60;49.13;51.01;50.90;46.27;45.29;46.44;46.91;49.33;48.12;46.89;43.96;44.18;45.89;45.67;44.76;46.27;44.99;42.89;42.12;43.39;42.60;41.99;40.25;40.36;43.31;42.23;43.40;43.03;43.78;44.88;,HALAL,"Business activity permissible — debt ratio not verified, cross-check Musaffa/Zoya",
FANG,ENERGY,OIL&GAS-US E&P,,,,147.01;150.12;151.77;158.45;162.08;161.03;162.90;164.07;167.09;167.22;172.03;174.01;170.56;165.08;176.92;174.70;179.55;177.39;176.04;181.33;188.64;191.49;195.98;201.08;197.56;189.58;193.21;185.45;187.18;185.49;185.63;182.45;192.81;193.72;198.97;204.51;212.52;194.01;187.67;197.07;200.26;205.62;204.33;200.71;192.84;191.48;202.40;202.94;198.20;196.55;192.13;188.12;183.50;187.91;182.55;180.54;171.96;173.73;186.60;183.39;190.69;190.13;195.38;203.02;,HALAL,"Business activity permissible — debt ratio not verified, cross-check Musaffa/Zoya",
MRO,ENERGY,OIL&GAS-US E&P,,,,,HALAL,"Business activity permissible — debt ratio not verified, cross-check Musaffa/Zoya",
APA,ENERGY,OIL&GAS-US E&P,,,,24.77;25.20;25.05;25.66;26.05;26.10;26.12;27.12;27.88;27.54;28.22;28.67;28.23;28.70;31.26;30.68;32.24;31.39;33.15;34.07;36.11;38.58;40.25;42.22;43.15;40.79;42.44;38.22;38.10;36.53;37.38;35.48;37.79;37.47;38.38;40.45;41.73;38.03;35.31;36.83;36.85;39.87;39.05;38.53;36.36;36.18;37.55;37.95;37.40;37.73;36.76;34.02;32.80;33.98;33.19;32.73;31.65;32.23;34.81;33.21;34.29;34.04;34.60;36.18;,HALAL,"Business activity permissible — debt ratio not verified, cross-check Musaffa/Zoya",
OVV,ENERGY,OIL&GAS-US E&P,,,,39.14;40.29;40.92;42.30;43.01;43.64;44.40;46.51;47.29;46.43;48.56;50.04;49.56;48.91;51.60;51.17;51.69;52.34;54.34;54.55;55.74;56.67;58.66;60.94;60.33;57.12;59.11;56.48;55.80;54.51;55.43;53.17;55.50;55.44;58.15;61.23;62.60;59.59;57.53;57.79;58.00;59.72;59.22;58.43;55.35;55.75;58.23;58.98;57.61;57.64;57.15;53.50;52.41;54.87;53.55;53.20;51.98;53.30;56.35;55.53;56.31;56.45;57.77;60.51;,HALAL,"Business activity permissible — debt ratio not verified, cross-check Musaffa/Zoya",
MUR,ENERGY,OIL&GAS-US E&P,,,,29.82;30.62;30.24;30.83;29.52;30.18;29.93;31.95;33.59;32.98;32.91;33.44;31.23;31.62;34.52;33.76;34.25;32.33;34.42;35.53;37.84;38.40;38.29;41.39;41.44;39.21;41.32;38.76;38.46;37.32;38.90;36.78;38.43;38.66;39.69;41.40;41.79;38.59;36.66;38.37;38.61;40.44;38.98;38.00;35.65;36.19;37.96;39.97;40.01;39.84;38.84;35.70;34.29;36.02;35.39;33.90;31.51;31.72;34.59;33.75;34.97;35.47;36.83;38.76;,HALAL,"Business activity permissible — debt ratio not verified, cross-check Musaffa/Zoya",
CIVI,ENERGY,OIL&GAS-US E&P,,,,,HALAL,"Business activity permissible — debt ratio not verified, cross-check Musaffa/Zoya",
AR,ENERGY,OIL&GAS-US E&P,,,,32.87;34.38;35.43;34.46;36.37;33.97;33.85;34.24;35.11;34.76;33.85;35.54;33.83;34.38;37.08;37.79;38.83;37.47;40.35;41.03;41.50;43.09;43.37;44.33;44.23;40.86;40.36;39.17;37.89;36.11;37.49;36.57;38.60;37.84;38.55;39.26;39.53;36.84;35.94;36.33;37.08;38.36;37.98;36.75;35.11;35.75;36.26;37.10;35.52;35.64;34.83;33.91;33.22;34.53;34.50;34.44;34.91;34.68;34.66;33.23;33.92;33.35;33.23;35.27;,HALAL,"Business activity permissible — debt ratio not verified, cross-check Musaffa/Zoya",
CHRD,ENERGY,OIL&GAS-US E&P,,,,90.17;93.05;94.09;96.29;98.33;95.57;96.60;100.39;102.18;100.08;100.18;103.38;102.93;103.38;111.17;111.83;119.05;116.77;121.91;125.27;129.45;130.76;135.80;142.70;144.97;135.77;140.95;133.76;133.00;128.03;132.83;125.96;133.64;134.13;139.01;144.34;147.95;139.62;135.25;140.78;141.30;148.26;145.55;143.98;133.70;131.87;137.99;140.07;138.27;138.25;135.34;126.71;123.12;124.44;119.48;115.97;111.63;111.59;122.13;117.39;121.99;124.08;128.80;137.40;,HALAL,"Business activity permissible — debt ratio not verified, cross-check Musaffa/Zoya",
MTDR,ENERGY,OIL&GAS-US E&P,,,,42.35;42.53;41.94;43.33;44.60;43.92;45.10;47.00;47.82;47.12;48.92;51.64;49.81;48.91;53.75;53.17;55.94;54.11;55.78;55.98;57.19;58.11;60.51;63.77;64.40;60.25;63.16;59.93;59.46;56.94;58.50;56.06;59.99;60.05;60.72;63.01;63.39;57.37;55.26;56.65;57.94;60.81;59.52;56.64;52.48;53.60;56.00;55.75;55.31;54.91;54.05;51.21;49.56;50.38;50.16;49.76;49.04;49.86;52.80;51.34;52.48;53.08;53.47;54.99;,HALAL,"Business activity permissible — debt ratio not verified, cross-check Musaffa/Zoya",
PR,ENERGY,OIL&GAS-US E&P,,,,14.04;14.37;14.51;15.28;15.86;15.87;16.16;16.85;16.89;17.00;17.36;17.66;17.49;17.82;18.48;18.22;18.53;18.41;18.75;18.91;19.44;19.90;20.50;21.28;21.31;20.43;20.95;20.39;20.49;19.84;20.25;19.43;20.15;20.33;20.73;21.44;22.33;21.03;19.55;20.00;20.03;20.74;20.71;20.27;19.17;19.07;19.55;19.99;19.42;19.56;19.34;18.67;18.43;19.18;18.86;18.47;17.93;18.19;19.36;19.15;19.59;19.72;20.28;21.40;,HALAL,"Business activity permissible — debt ratio not verified, cross-check Musaffa/Zoya",
VTLE,ENERGY,OIL&GAS-US E&P,,,,,HALAL,"Business activity permissible — debt ratio not verified, cross-check Musaffa/Zoya",
SYF,FINANCE,FINANCE-CONSUMER LOANS,,,,75.47;77.47;76.88;72.83;72.04;73.30;73.39;73.65;72.64;71.09;72.56;73.07;70.48;73.68;68.36;68.99;66.40;65.20;63.71;63.76;64.91;65.92;67.00;66.53;65.74;68.04;68.98;71.68;72.12;75.24;74.87;78.26;78.37;75.99;75.94;75.89;73.94;75.15;73.14;70.84;71.26;71.05;72.05;71.83;72.09;71.44;70.97;70.78;70.55;69.56;73.36;75.29;75.26;75.04;78.52;78.37;76.77;77.05;68.26;72.44;73.68;74.28;73.41;72.81;,HARAM,Synchrony — consumer credit,
DFS,FINANCE,FINANCE-CONSUMER LOANS,,,,,HARAM,Discover — credit-card lender,
ALLY,FINANCE,FINANCE-CONSUMER LOANS,,,,41.83;41.41;41.63;41.72;41.70;41.78;41.85;41.76;41.40;40.52;41.82;41.84;40.24;41.66;39.48;40.14;37.81;37.13;36.59;35.72;37.34;38.17;39.25;38.88;37.65;39.50;40.05;41.43;40.99;42.28;41.68;45.99;45.41;43.88;44.11;44.09;43.03;44.30;44.24;42.84;42.37;42.11;42.62;42.35;42.94;42.81;42.17;42.41;42.38;41.88;44.37;45.66;45.49;45.23;46.32;47.25;46.08;46.23;44.48;45.59;45.35;46.80;45.52;44.67;,HARAM,Ally — auto-loan bank,
OMF,FINANCE,FINANCE-CONSUMER LOANS,,,,61.17;62.96;63.14;62.65;63.13;61.73;60.00;59.81;57.80;54.81;55.77;56.11;54.18;56.74;54.58;53.53;52.41;52.95;51.70;48.34;49.03;50.52;52.26;52.06;51.24;53.01;53.94;54.96;54.91;56.35;56.57;58.80;58.59;58.33;57.53;57.67;54.16;54.85;55.04;53.03;53.95;53.53;54.19;53.48;54.28;55.31;54.52;55.28;54.06;54.52;56.71;57.77;58.18;58.08;59.89;62.35;60.39;60.08;57.25;59.25;59.96;61.25;60.20;59.82;,HARAM,Group classification: FINANCE-CONSUMER LOANS,
WRLD,FINANCE,FINANCE-CONSUMER LOANS,,,,131.46;142.46;142.58;115.57;121.25;120.96;118.70;120.35;127.46;131.15;135.30;130.63;128.17;139.38;136.85;145.78;138.97;139.49;136.08;133.30;133.59;130.85;135.52;130.67;133.33;141.58;143.43;151.49;148.80;138.63;130.86;149.30;149.50;151.32;154.69;147.16;140.57;149.09;149.70;148.32;150.29;156.15;155.69;159.92;166.93;165.09;165.58;167.80;170.45;171.33;178.45;173.01;177.95;184.63;201.84;223.72;219.46;201.61;194.46;199.78;195.87;195.34;187.89;186.69;,HARAM,Group classification: FINANCE-CONSUMER LOANS,
CURO,FINANCE,FINANCE-CONSUMER LOANS,,,,,HARAM,Group classification: FINANCE-CONSUMER LOANS,
ENVA,FINANCE,FINANCE-CONSUMER LOANS,,,,,HARAM,Group classification: FINANCE-CONSUMER LOANS,
V,FINANCE,FINANCE-CREDIT CARD/PAYMENT,,,,324.48;325.01;327.14;325.63;320.50;327.57;327.77;324.24;328.56;313.43;319.64;320.29;306.58;316.04;319.85;319.81;316.70;313.78;305.87;309.47;298.40;301.00;303.13;304.90;298.92;297.89;302.70;308.32;303.73;310.73;314.45;313.29;310.65;308.78;308.66;329.16;326.17;318.14;318.13;326.42;322.52;332.64;330.75;328.88;327.61;326.36;317.32;320.18;319.67;322.96;322.39;333.12;327.24;328.48;330.52;341.65;351.08;357.25;347.53;348.97;356.02;365.14;360.57;353.42;,HALAL,"Payment network — fee-based revenue, no lending — debt ratio not verified, cross-check Musaffa/Zoya",
MA,FINANCE,FINANCE-CREDIT CARD/PAYMENT,,,,529.94;531.06;525.57;519.60;536.97;548.86;550.02;533.52;535.64;516.60;526.19;524.63;496.31;513.03;519.24;521.15;520.57;512.98;495.63;506.78;486.82;494.64;497.24;499.05;492.33;489.99;499.80;505.40;497.83;512.30;517.67;515.79;509.31;503.33;506.77;502.08;503.90;491.07;494.65;498.97;489.12;504.94;497.21;497.71;494.21;493.15;476.88;480.95;484.86;488.26;489.16;500.49;488.97;487.25;488.10;508.79;521.57;532.21;518.99;526.74;538.02;551.54;547.44;531.98;,HALAL,"Payment network — fee-based revenue, no lending — debt ratio not verified, cross-check Musaffa/Zoya",
AXP,FINANCE,FINANCE-CREDIT CARD/PAYMENT,,,,350.12;365.86;361.12;354.89;350.10;347.58;352.54;357.55;351.93;335.52;344.21;344.15;318.60;333.35;305.62;309.38;299.23;301.37;300.12;296.45;292.66;293.76;300.23;297.63;295.74;299.68;304.90;315.48;312.64;326.07;324.87;328.97;331.99;313.22;315.04;322.17;318.34;321.02;315.17;313.45;311.92;311.39;308.97;310.93;311.69;315.61;310.12;311.68;311.45;312.48;324.55;339.81;337.08;336.86;341.53;339.95;347.05;356.03;336.39;350.58;355.06;361.57;351.93;348.74;,HARAM,Charge card with interest-based credit operations,
PYPL,FINANCE,FINANCE-CREDIT CARD/PAYMENT,,,,54.73;56.79;56.24;53.74;52.36;41.44;39.65;40.89;40.21;40.04;41.19;41.39;46.72;45.24;45.34;46.60;46.82;44.87;44.21;45.27;44.44;43.87;44.06;45.05;44.52;44.48;45.33;45.70;45.09;47.81;49.65;51.29;51.05;50.31;49.48;49.98;50.22;46.12;45.22;45.29;44.89;44.24;44.23;44.08;43.62;44.60;44.38;42.75;41.26;40.70;41.53;43.65;42.51;41.70;42.38;44.38;44.07;45.09;44.53;46.32;47.37;56.73;56.82;55.51;,QUESTIONABLE,Mixed: fee revenue plus credit/BNPL exposure,
FIS,FINANCE,FINANCE-CREDIT CARD/PAYMENT,,,,58.89;60.09;57.93;55.08;54.16;49.94;49.82;49.59;47.36;45.88;47.62;48.16;47.16;50.04;49.01;49.09;50.47;49.96;48.70;49.87;48.65;49.23;48.59;46.87;46.91;44.66;46.15;46.48;42.88;46.45;48.07;47.77;47.30;45.21;45.78;46.00;46.75;45.45;43.00;42.52;41.34;42.88;42.21;43.07;41.55;42.50;42.04;41.01;39.09;38.53;39.20;39.50;38.21;38.03;37.86;38.69;40.80;41.27;40.84;41.98;40.58;42.62;42.27;40.54;,HALAL,"Fidelity National Information — bank tech, fee revenue — debt ratio not verified, cross-check Musaffa/Zoya",
FISV,FINANCE,FINANCE-CREDIT CARD/PAYMENT,,,,64.49;67.40;67.15;64.95;63.73;58.12;58.44;60.14;62.11;59.36;63.01;61.47;59.13;61.89;61.85;62.60;63.10;59.45;56.07;57.57;57.06;57.07;56.34;55.54;54.53;55.45;56.32;56.63;56.09;59.02;62.44;64.14;63.26;60.84;61.60;62.65;62.81;56.11;55.48;54.88;53.46;56.66;56.41;57.13;55.62;56.56;56.46;56.23;52.72;53.28;53.78;49.83;47.86;47.30;47.53;48.83;50.73;51.78;50.60;50.45;49.54;51.72;51.68;50.22;,HALAL,"Fiserv — payment/fintech infrastructure — debt ratio not verified, cross-check Musaffa/Zoya",
GPN,FINANCE,FINANCE-CREDIT CARD/PAYMENT,,,,71.16;75.40;74.91;71.50;71.23;66.73;70.76;71.25;71.71;68.00;80.68;81.89;77.79;77.30;77.34;77.02;75.86;73.26;70.08;67.79;69.37;68.24;70.70;69.70;66.05;65.11;64.79;64.82;65.19;68.34;70.57;72.55;71.35;67.50;67.63;71.69;71.53;69.36;68.93;68.35;67.07;68.41;70.51;72.98;73.18;75.22;73.75;67.55;64.25;62.23;67.71;68.49;66.88;64.28;68.16;71.12;75.05;77.41;73.01;76.04;75.89;80.49;82.37;78.97;,HALAL,"Global Payments — pure payment processor — debt ratio not verified, cross-check Musaffa/Zoya",
SQ,FINANCE,FINANCE-CREDIT CARD/PAYMENT,,,,,QUESTIONABLE,"Square: fee-based core, some lending exposure",
AFRM,FINANCE,FINANCE-CREDIT CARD/PAYMENT,,,,71.10;72.83;68.71;65.36;60.30;61.66;59.42;57.95;56.54;49.81;51.70;51.09;47.87;50.42;46.67;50.72;51.70;49.77;46.38;47.69;44.42;43.81;44.79;43.85;43.03;45.54;48.45;49.81;48.53;55.82;60.28;67.06;66.58;63.72;63.16;64.28;67.08;65.58;64.01;65.43;67.57;64.41;67.12;65.22;70.44;73.65;71.01;68.70;65.46;62.81;66.17;74.69;73.92;71.83;76.85;81.79;83.85;85.78;81.28;83.42;84.45;79.84;75.32;73.92;,HARAM,Pure BNPL/lending business model,
TOST,FINANCE,FINANCE-CREDIT CARD/PAYMENT,,,,32.76;34.21;33.50;31.86;31.11;28.25;27.05;28.65;28.02;27.33;27.67;27.07;25.57;27.75;27.57;29.47;30.29;28.90;27.60;28.10;27.85;27.46;26.61;26.39;26.06;26.07;27.02;26.21;25.40;27.10;28.50;29.18;29.46;29.04;28.99;28.52;29.41;28.31;25.05;23.26;23.07;22.64;23.32;23.16;24.50;26.03;26.35;25.22;24.10;24.30;24.82;25.07;24.66;24.51;25.77;28.16;28.71;29.48;28.57;29.32;30.00;30.33;30.85;29.21;,HALAL,"Toast — restaurant tech/payments — debt ratio not verified, cross-check Musaffa/Zoya",
GS,FINANCE,FINANCE-INVESTMENT BANKS/BROKERS,,,,934.31;945.49;922.91;927.82;926.43;929.98;881.86;934.56;935.52;896.45;924.77;913.39;893.61;920.08;857.92;863.44;817.82;830.15;784.06;791.28;801.95;809.96;832.05;819.03;804.06;856.44;862.25;901.78;903.82;905.64;896.05;937.61;930.74;922.84;922.48;919.72;899.31;933.24;932.37;941.75;964.71;942.21;977.81;992.36;992.10;1021.06;1064.58;1092.61;1045.00;1001.29;1062.75;1090.67;1096.56;1094.44;1065.09;1020.21;1019.61;1055.29;1029.64;1055.18;1140.00;1095.46;1055.03;1098.20;,HARAM,Group classification: FINANCE-INVESTMENT BANKS/BROKERS,
MS,FINANCE,FINANCE-INVESTMENT BANKS/BROKERS,,,,180.13;181.07;179.92;180.37;181.82;181.93;174.90;181.38;175.74;170.24;175.65;174.47;167.89;176.54;166.11;166.68;159.41;159.89;153.54;154.87;158.08;160.61;164.98;162.36;157.52;165.28;165.66;175.08;176.69;182.36;186.32;189.68;190.03;187.06;189.34;190.59;188.01;193.35;193.09;191.88;194.53;192.69;197.77;201.03;201.61;208.00;214.98;218.27;212.24;206.66;214.04;220.83;223.17;226.03;221.04;211.72;211.86;222.10;218.07;222.28;227.67;218.37;210.94;218.50;,HARAM,Group classification: FINANCE-INVESTMENT BANKS/BROKERS,
SCHW,FINANCE,FINANCE-INVESTMENT BANKS/BROKERS,,,,100.29;103.33;102.23;102.75;103.20;103.01;101.29;106.47;94.79;93.38;95.04;93.69;92.79;97.17;95.15;95.70;94.89;92.84;90.91;93.30;92.95;94.32;95.34;94.13;92.73;92.03;92.66;96.35;94.46;98.03;92.29;92.82;91.38;88.18;90.51;91.31;91.15;91.82;88.61;90.18;89.44;92.39;90.11;90.15;85.61;87.35;87.61;88.00;88.08;89.27;91.10;93.67;91.70;93.17;89.44;90.55;95.78;100.62;101.70;103.12;101.10;102.80;102.54;100.80;,HARAM,Group classification: FINANCE-INVESTMENT BANKS/BROKERS,
JEF,FINANCE,FINANCE-INVESTMENT BANKS/BROKERS,,,,60.17;62.40;62.02;60.92;60.26;57.05;55.66;59.11;56.81;52.91;53.46;53.00;49.90;48.59;45.22;44.25;38.00;38.36;35.74;36.50;37.70;37.84;40.24;39.97;39.34;41.04;41.67;43.40;45.41;46.70;46.20;47.21;46.65;47.10;47.77;47.85;48.20;51.35;52.57;52.10;52.54;51.85;51.60;51.98;52.15;52.72;54.24;55.24;57.90;57.90;61.66;62.02;62.10;60.52;52.64;48.78;51.30;54.84;51.10;52.09;53.96;55.80;55.18;55.96;,HARAM,Group classification: FINANCE-INVESTMENT BANKS/BROKERS,
EVR,FINANCE,FINANCE-INVESTMENT BANKS/BROKERS,,,,364.62;370.09;362.03;361.32;351.46;336.99;349.34;357.81;343.78;320.63;329.34;326.46;311.63;325.27;313.67;312.63;288.28;286.21;266.50;271.62;274.32;274.16;277.72;284.02;284.49;300.51;304.01;325.18;337.03;356.69;356.60;357.37;351.11;343.42;339.64;320.47;318.23;332.46;340.31;340.11;340.20;331.07;336.68;345.23;341.65;340.86;347.06;346.79;340.15;340.78;357.38;373.80;371.72;366.64;347.31;334.71;341.04;355.48;331.04;334.75;342.20;349.71;333.53;334.98;,HARAM,Group classification: FINANCE-INVESTMENT BANKS/BROKERS,
LAZ,FINANCE,FINANCE-INVESTMENT BANKS/BROKERS,,,,50.98;52.11;51.36;51.60;52.69;51.35;53.42;56.41;54.22;51.77;51.42;50.80;49.82;52.36;50.27;47.89;44.18;42.59;40.26;39.64;39.48;38.84;39.04;40.82;39.91;41.53;41.08;44.33;46.19;49.50;47.83;47.80;46.92;46.81;48.01;48.00;43.30;46.08;47.58;46.09;45.96;45.94;47.20;48.06;48.14;47.33;48.79;48.55;45.74;41.36;43.72;44.90;44.30;42.31;40.62;40.37;41.32;43.28;40.79;41.41;43.39;43.47;42.14;43.58;,HARAM,Group classification: FINANCE-INVESTMENT BANKS/BROKERS,
PIPR,FINANCE,FINANCE-INVESTMENT BANKS/BROKERS,,,,89.97;92.51;87.14;86.53;84.75;82.04;81.15;91.18;83.62;78.97;80.44;79.98;75.88;77.46;74.47;75.46;73.19;72.36;69.79;72.64;73.73;73.38;73.62;74.86;73.97;76.42;77.84;81.35;83.26;87.09;88.60;90.93;88.78;86.57;87.68;86.98;77.47;80.37;80.83;80.20;80.36;79.02;79.84;80.48;78.87;78.41;77.39;77.06;76.91;76.53;79.05;80.97;81.80;80.05;77.66;72.65;72.14;72.94;70.89;72.10;74.94;77.66;76.15;76.26;,HARAM,Group classification: FINANCE-INVESTMENT BANKS/BROKERS,
HLI,FINANCE,FINANCE-INVESTMENT BANKS/BROKERS,,,,187.83;190.42;181.13;178.98;166.87;163.04;166.50;171.35;168.69;164.42;164.66;166.38;164.44;167.65;162.83;160.70;150.36;144.89;139.18;138.82;138.20;138.82;138.33;140.44;140.35;140.33;140.06;147.11;150.78;158.28;158.00;160.19;159.85;157.22;158.72;153.99;149.71;146.50;152.11;148.79;150.18;151.32;148.92;150.88;146.46;140.96;139.43;141.20;137.10;135.96;137.89;143.16;140.77;140.60;136.33;132.92;137.96;142.45;134.31;135.33;136.93;143.30;139.88;139.37;,HARAM,Group classification: FINANCE-INVESTMENT BANKS/BROKERS,
MC,FINANCE,FINANCE-INVESTMENT BANKS/BROKERS,,,,73.33;75.39;72.65;71.46;70.25;68.01;70.26;71.77;67.71;64.64;63.25;62.55;61.79;63.32;59.05;58.99;55.59;54.37;50.87;51.34;52.60;53.44;53.56;54.89;54.35;56.11;55.87;60.88;62.41;65.71;66.37;68.00;66.50;67.40;68.99;64.47;61.70;63.16;64.43;63.97;64.76;63.86;64.23;65.76;65.87;67.29;69.25;69.24;68.70;66.80;67.70;69.41;67.18;67.31;65.46;62.91;66.42;71.94;64.58;63.75;66.97;69.25;67.04;65.86;,HARAM,Group classification: FINANCE-INVESTMENT BANKS/BROKERS,
PJT,FINANCE,FINANCE-INVESTMENT BANKS/BROKERS,,,,186.74;190.79;178.24;178.14;172.46;160.09;157.95;161.65;158.96;153.73;153.33;151.13;149.58;151.34;147.50;148.47;143.69;139.40;128.84;130.19;130.24;131.05;132.85;138.98;137.88;140.57;139.92;146.51;150.72;162.24;162.31;157.91;156.22;152.46;152.96;152.50;151.48;151.90;154.39;153.99;159.36;156.63;155.04;156.31;154.07;152.66;156.53;160.13;157.29;157.25;152.37;159.19;155.47;155.21;152.39;145.01;155.92;172.02;156.00;156.92;164.70;167.22;164.38;164.24;,HARAM,Group classification: FINANCE-INVESTMENT BANKS/BROKERS,
BLK,FINANCE,FINANCE-INVESTMENT MGMT,,,,1097.72;1127.06;1109.08;1109.21;1106.51;1058.19;1043.08;1067.90;1070.85;1059.61;1080.13;1081.49;1069.04;1078.16;1056.44;1037.57;950.10;961.94;917.73;937.97;962.88;952.54;970.59;963.03;928.83;952.04;954.03;995.93;993.71;1048.65;1019.21;1042.55;1056.52;1039.11;1043.88;1059.63;1046.35;1067.55;1078.75;1086.38;1097.84;1079.80;1045.68;1066.99;1064.34;1041.01;1013.25;1016.83;994.77;1010.68;1032.00;1052.23;1050.09;1015.33;971.92;950.17;980.38;1011.21;990.34;1036.11;1025.44;1087.05;1054.11;1056.63;,QUESTIONABLE,BlackRock — large fixed-income/bond fund manager,
BX,FINANCE,FINANCE-INVESTMENT MGMT,,,,150.74;151.72;146.98;143.77;139.49;131.13;124.22;130.21;132.24;128.67;131.68;120.16;115.34;116.87;114.27;113.09;109.39;108.95;101.18;106.14;112.49;109.42;106.99;108.62;110.58;113.28;111.21;116.59;113.78;125.17;126.95;127.81;128.54;120.53;120.40;124.43;123.09;124.69;123.77;122.76;122.46;117.04;116.83;118.51;118.00;116.97;114.91;118.55;114.19;118.48;122.79;127.87;123.79;120.07;114.18;114.88;119.55;123.42;118.62;123.09;124.56;128.97;123.61;122.82;,QUESTIONABLE,"Blackstone — alt-asset manager, real-estate debt exposure",
KKR,FINANCE,FINANCE-INVESTMENT MGMT,,,,122.44;123.01;118.20;116.33;113.83;102.89;98.80;106.89;104.66;101.35;103.40;100.98;95.53;93.44;90.43;93.65;91.15;89.78;83.72;85.93;90.45;89.82;90.73;89.81;90.18;91.18;90.87;93.78;91.04;100.23;101.82;103.72;105.71;101.63;101.20;104.14;103.13;100.59;102.32;99.28;99.38;95.97;94.34;94.04;95.03;95.94;94.45;95.46;93.21;95.02;96.24;98.97;97.01;93.50;92.65;88.94;92.56;95.97;93.30;96.94;97.21;102.75;96.97;95.53;,QUESTIONABLE,KKR — private equity with credit business,
APO,FINANCE,FINANCE-INVESTMENT MGMT,,,,137.50;138.58;130.47;131.79;133.43;125.80;125.04;132.84;125.90;124.04;124.33;119.22;113.65;113.92;106.00;109.33;108.24;107.72;99.88;103.02;110.73;111.53;110.78;109.52;109.49;109.79;105.66;106.60;103.84;114.34;120.30;126.80;128.52;123.74;123.05;128.18;128.65;128.99;132.64;131.38;134.95;133.51;132.24;128.51;130.27;128.71;128.76;128.41;127.57;131.14;133.88;138.48;137.50;130.61;121.51;114.83;118.44;122.17;118.14;120.34;119.93;123.34;118.24;119.04;,QUESTIONABLE,Apollo — credit-heavy alt manager,
TROW,FINANCE,FINANCE-INVESTMENT MGMT,,,,100.95;104.28;103.29;102.48;102.89;99.95;89.59;93.28;91.32;91.29;92.43;92.87;92.30;93.92;92.42;89.57;88.02;86.79;85.59;86.34;86.47;85.17;87.75;89.16;87.97;88.80;88.27;90.72;90.41;94.70;94.61;96.94;99.05;97.89;99.58;101.66;101.86;104.87;104.08;101.62;101.20;101.17;100.62;102.16;103.26;103.29;103.07;105.69;104.20;105.17;108.34;108.94;107.65;106.00;106.34;114.38;116.11;119.12;117.96;118.55;116.07;118.87;116.49;116.01;,HALAL,"T. Rowe Price — equity-fund-focused — debt ratio not verified, cross-check Musaffa/Zoya",
BEN,FINANCE,FINANCE-INVESTMENT MGMT,,,,24.24;25.15;24.93;25.04;25.98;26.35;26.26;27.01;26.88;26.38;27.23;27.00;26.46;26.77;26.35;25.94;25.61;24.61;23.19;23.80;23.10;22.89;23.10;23.02;22.36;23.36;23.17;24.63;24.66;26.17;26.29;27.45;27.22;26.85;29.17;29.67;29.40;30.85;30.74;31.37;32.03;31.65;30.89;30.71;31.36;30.71;30.81;31.65;31.08;30.83;31.81;32.85;32.72;33.45;32.33;33.17;34.06;34.44;33.50;33.50;33.14;33.33;32.23;32.38;,HALAL,"Franklin Resources — debt ratio not verified, cross-check Musaffa/Zoya",
IVZ,FINANCE,FINANCE-INVESTMENT MGMT,,,,27.47;28.78;28.18;27.13;26.86;26.11;25.37;26.47;26.02;26.31;26.53;26.26;25.92;26.88;25.93;25.06;23.49;23.78;22.72;22.85;23.24;23.03;23.79;23.91;23.11;24.13;22.70;24.02;23.40;24.53;23.82;24.76;25.36;25.31;25.66;26.01;25.84;27.14;27.38;28.16;27.51;27.39;26.98;27.05;27.61;28.46;27.58;28.17;27.55;27.46;28.92;29.20;28.14;27.02;25.87;26.30;26.83;27.83;27.03;28.98;28.73;30.30;29.66;30.50;,QUESTIONABLE,Group classification: FINANCE-INVESTMENT MGMT,
AB,FINANCE,FINANCE-INVESTMENT MGMT,,,,38.15;37.99;40.04;40.70;40.67;39.55;40.50;37.97;38.51;39.05;39.29;38.84;37.71;38.81;38.28;37.87;37.12;37.99;37.17;37.27;36.73;36.33;35.79;36.23;35.70;37.20;37.34;37.58;37.24;37.99;37.90;38.04;38.25;38.01;37.63;39.07;38.60;39.19;39.11;38.61;38.12;38.41;38.67;37.93;37.10;37.14;37.03;37.19;36.65;37.02;36.44;36.45;35.95;35.78;35.74;35.10;35.96;36.83;36.39;37.16;37.63;38.35;37.96;37.34;,QUESTIONABLE,Group classification: FINANCE-INVESTMENT MGMT,
VRTS,FINANCE,FINANCE-INVESTMENT MGMT,,,,158.52;164.17;163.88;161.11;160.52;149.71;148.44;133.49;137.39;135.87;139.29;144.46;138.50;141.74;138.32;138.25;131.84;129.45;125.56;123.33;127.99;124.44;128.07;130.98;127.99;128.93;126.27;133.35;135.15;139.42;138.44;139.80;139.50;140.75;142.65;145.55;139.48;143.32;143.93;140.85;142.21;140.19;137.93;143.62;144.01;143.03;147.27;148.85;144.80;140.92;145.18;143.33;141.60;141.91;135.69;144.08;145.16;154.79;154.39;160.21;160.77;168.95;162.16;164.18;,QUESTIONABLE,Group classification: FINANCE-INVESTMENT MGMT,
CG,FINANCE,FINANCE-INVESTMENT MGMT,,,,60.97;61.50;60.37;59.71;57.98;57.47;54.65;58.40;52.81;54.09;54.50;52.84;50.52;54.06;52.03;52.12;48.54;48.10;44.98;46.04;47.37;46.79;46.92;46.43;46.08;47.05;46.53;47.83;46.95;50.82;50.91;52.17;50.91;47.97;47.37;49.71;49.61;50.43;50.26;49.68;49.68;46.60;45.32;45.43;45.66;45.43;44.49;43.53;43.57;44.11;45.75;46.83;44.80;42.91;41.90;40.52;42.33;44.04;43.07;44.71;45.48;46.63;44.74;44.08;,QUESTIONABLE,Group classification: FINANCE-INVESTMENT MGMT,
OWL,FINANCE,FINANCE-INVESTMENT MGMT,,,,14.71;15.03;14.00;13.89;13.07;11.60;11.14;12.11;12.08;11.78;11.79;10.56;10.48;10.96;10.43;10.10;9.66;9.24;8.41;8.56;8.90;8.91;8.75;8.81;8.86;8.51;8.26;8.13;8.04;8.96;9.43;9.66;9.69;8.97;8.66;9.53;9.89;10.30;10.32;9.77;9.81;9.49;9.73;10.06;10.13;10.28;10.07;10.19;9.42;9.47;9.68;9.84;9.53;8.91;8.48;8.52;8.64;9.49;9.24;9.36;9.62;9.62;9.35;9.16;,QUESTIONABLE,Blue Owl — direct-lending business,
ARES,FINANCE,FINANCE-INVESTMENT MGMT,,,,159.36;157.76;146.21;146.31;146.19;128.54;119.03;134.06;134.18;130.76;130.85;120.29;114.43;115.33;110.72;113.51;107.45;106.15;94.25;98.17;104.91;104.81;104.98;106.84;106.59;104.74;101.80;103.78;99.46;111.49;115.06;117.59;119.84;114.08;111.88;116.23;118.78;122.62;124.99;122.43;127.25;122.47;120.89;123.17;125.32;127.22;127.00;129.20;125.60;127.03;133.55;134.98;129.34;120.78;112.47;107.60;113.63;121.83;118.00;121.81;120.30;125.43;121.27;119.57;,HARAM,Ares — credit-focused alt manager,
RKT,FINANCE,FINANCE-MORTGAGE & RELATED SVC,,,,22.05;21.50;21.21;20.76;17.93;20.35;19.20;19.61;18.59;18.68;18.45;17.98;17.71;17.77;16.79;16.63;14.95;15.50;14.58;14.76;14.23;13.65;14.17;13.95;13.49;14.43;15.03;15.20;14.85;15.40;15.76;17.12;15.31;15.60;15.31;14.62;14.01;14.65;15.69;14.80;14.28;13.04;13.63;13.79;14.27;14.51;14.03;13.23;12.35;12.54;13.07;13.92;14.42;13.47;14.78;15.50;15.85;15.55;14.16;14.39;14.30;14.90;13.99;13.44;,HARAM,Group classification: FINANCE-MORTGAGE & RELATED SVC,
UWMC,FINANCE,FINANCE-MORTGAGE & RELATED SVC,,,,5.37;5.40;5.38;5.48;4.57;4.73;4.79;4.31;4.34;4.55;4.47;4.30;4.24;4.23;4.03;3.89;3.59;3.76;3.48;3.38;3.43;3.40;3.45;3.38;3.32;3.48;3.59;3.74;3.53;3.56;3.59;3.81;3.52;3.61;3.49;3.38;3.38;3.34;3.23;3.11;2.90;2.79;2.88;2.95;2.96;2.93;2.84;2.51;2.45;2.32;2.28;2.32;2.22;2.03;2.12;2.10;2.22;2.20;2.03;2.08;2.02;2.05;1.89;1.84;,HARAM,Group classification: FINANCE-MORTGAGE & RELATED SVC,
PFSI,FINANCE,FINANCE-MORTGAGE & RELATED SVC,,,,149.54;150.64;150.93;145.99;99.24;92.52;96.86;94.17;89.79;91.69;95.72;91.91;90.88;92.60;90.06;90.35;85.90;89.28;84.31;86.18;86.90;84.15;84.00;86.14;84.60;87.39;90.06;91.29;91.09;92.35;91.41;93.97;90.14;91.07;90.86;89.97;89.58;86.77;90.22;88.32;87.51;86.47;87.09;85.88;87.39;83.87;84.04;81.53;79.56;80.08;81.66;83.60;82.38;80.24;84.30;86.15;84.83;83.75;80.92;82.35;82.91;86.82;83.58;84.69;,HARAM,Group classification: FINANCE-MORTGAGE & RELATED SVC,
COOP,FINANCE,FINANCE-MORTGAGE & RELATED SVC,,,,,HARAM,Group classification: FINANCE-MORTGAGE & RELATED SVC,
OCN,FINANCE,FINANCE-MORTGAGE & RELATED SVC,,,,,HARAM,Group classification: FINANCE-MORTGAGE & RELATED SVC,
RDN,FINANCE,FINANCE-MORTGAGE & RELATED SVC,,,,32.71;33.00;32.75;32.44;32.40;32.22;33.29;32.25;33.72;32.32;31.83;32.82;34.08;35.05;34.69;34.44;33.64;32.81;32.87;32.50;32.52;32.22;32.61;32.86;32.84;32.77;33.71;34.31;33.91;34.41;34.25;34.98;35.31;35.33;35.64;35.56;35.19;35.46;37.77;36.92;36.61;37.56;37.32;36.06;35.04;33.89;33.79;33.60;33.56;34.73;34.66;35.23;34.70;35.61;37.00;37.81;37.72;38.19;37.49;37.84;36.90;39.14;38.87;38.23;,HARAM,Group classification: FINANCE-MORTGAGE & RELATED SVC,
MTG,FINANCE,FINANCE-MORTGAGE & RELATED SVC,,,,26.04;26.58;26.19;26.13;26.62;25.82;26.96;26.32;27.05;26.36;26.63;26.06;25.98;26.66;26.96;26.75;26.37;26.24;25.96;25.96;25.64;25.51;25.73;25.96;25.94;26.11;26.87;27.27;27.04;27.12;27.24;27.82;28.01;28.47;28.81;26.33;26.02;26.40;26.75;26.06;25.91;26.38;26.33;26.00;25.86;25.22;24.89;25.12;25.25;25.72;25.81;26.37;26.06;26.49;27.36;28.23;28.13;28.21;28.13;28.14;28.55;29.24;29.32;29.04;,HARAM,Group classification: FINANCE-MORTGAGE & RELATED SVC,
MCO,FINANCE,FINANCE-SERVICES,,,,514.96;527.84;523.04;514.28;513.22;468.92;455.63;447.43;410.36;424.51;448.72;445.79;450.52;477.30;464.99;469.89;470.85;451.15;425.45;431.66;437.63;434.08;427.44;431.25;431.02;437.74;443.04;446.55;426.39;437.02;447.35;458.82;465.61;454.96;456.90;460.75;448.49;447.57;450.25;450.67;431.65;443.41;444.27;449.12;451.56;453.25;453.60;449.15;443.76;450.69;447.85;468.41;450.67;443.97;438.85;452.73;468.38;498.78;485.10;487.28;494.73;519.02;505.37;489.70;,HALAL,"Moody's — ratings/data, fee revenue — debt ratio not verified, cross-check Musaffa/Zoya",
MSCI,FINANCE,FINANCE-SERVICES,,,,579.83;586.81;589.70;610.25;604.64;577.11;561.65;555.19;508.00;524.17;543.29;542.15;546.74;570.81;571.81;570.31;567.19;548.13;534.42;548.02;554.74;550.64;535.72;532.76;529.97;534.97;544.74;554.93;534.55;543.73;562.87;564.91;605.85;590.56;592.64;589.28;580.17;580.05;583.31;579.00;567.64;584.13;581.97;588.55;603.47;631.38;630.27;618.87;602.94;608.52;599.12;608.16;581.19;581.51;544.56;558.00;582.03;614.04;604.23;604.71;611.43;637.24;625.11;570.95;,HALAL,"MSCI — index/data, fee revenue — debt ratio not verified, cross-check Musaffa/Zoya",
SPGI,FINANCE,FINANCE-SERVICES,,,,488.77;508.32;504.02;497.32;497.01;440.91;425.37;418.29;367.97;385.66;394.92;393.14;393.88;412.94;418.21;420.50;426.97;411.00;396.15;402.65;402.70;400.61;388.12;389.30;394.15;401.31;409.75;412.44;392.11;401.37;412.28;417.89;423.86;412.28;409.14;407.03;400.91;399.80;396.54;400.36;381.25;393.98;393.61;394.16;392.46;401.14;394.95;397.46;394.60;403.39;396.32;409.89;388.76;378.58;373.83;386.53;414.97;447.22;430.79;430.50;438.87;457.38;448.35;429.06;,HALAL,"S&P Global — data/ratings — debt ratio not verified, cross-check Musaffa/Zoya",
ICE,FINANCE,FINANCE-SERVICES,,,,169.77;173.15;173.89;171.25;172.58;161.94;167.13;168.31;150.94;151.23;154.12;152.95;154.29;161.76;163.64;165.14;165.04;159.06;157.51;160.37;156.58;157.84;155.24;155.38;156.36;157.50;165.77;167.17;160.01;161.44;163.14;160.02;158.23;157.86;155.72;157.51;155.86;152.83;155.24;155.23;155.14;155.41;151.13;152.40;149.16;147.30;141.85;141.53;138.54;139.82;140.01;141.28;133.88;133.00;124.49;122.91;126.73;134.91;137.17;135.26;137.61;141.76;141.57;142.53;,QUESTIONABLE,ICE — exchange ops with mortgage-tech (BlackKnight) exposure,
CME,FINANCE,FINANCE-SERVICES,,,,271.96;273.40;275.99;277.93;280.85;284.75;288.94;298.52;293.89;294.47;293.96;299.34;309.97;307.47;317.19;310.92;308.10;304.76;309.58;312.21;307.31;305.73;301.12;296.05;296.05;295.41;306.98;301.25;293.78;295.50;294.69;285.97;284.24;283.59;283.06;286.34;288.79;286.85;279.80;284.28;296.16;303.55;288.62;289.73;277.66;272.13;249.24;254.74;250.73;263.80;269.53;261.60;246.38;242.26;225.00;218.58;231.00;234.76;243.07;240.27;243.61;246.27;245.11;249.24;,HALAL,"CME — derivatives exchange (futures themselves debated, but core is fee-based) — debt ratio not verified, cross-check Musaffa/Zoya",
NDAQ,FINANCE,FINANCE-SERVICES,,,,96.76;98.12;98.23;98.05;96.24;87.12;84.94;85.72;79.88;78.94;81.58;81.32;80.56;87.99;87.50;88.53;87.84;87.01;83.50;85.54;85.13;86.03;83.98;83.48;83.22;84.85;87.59;87.78;82.86;86.40;88.55;87.47;86.06;89.58;90.98;91.58;90.97;88.88;88.59;89.17;90.61;92.27;89.69;90.68;90.21;92.19;87.60;88.13;86.47;86.41;88.98;89.29;82.24;82.49;77.65;76.85;82.73;84.47;84.39;88.08;88.01;94.25;91.87;90.90;,HALAL,"Nasdaq — exchange operator — debt ratio not verified, cross-check Musaffa/Zoya",
CBOE,FINANCE,FINANCE-SERVICES,,,,270.68;275.86;268.91;263.40;263.85;267.46;274.03;279.60;267.42;273.86;284.09;287.37;291.61;290.97;296.87;299.99;300.64;284.92;289.64;291.17;286.37;283.36;282.50;279.20;281.71;279.70;295.44;296.33;295.33;300.12;308.73;303.76;296.83;303.17;303.00;299.46;338.20;345.28;347.83;355.06;357.92;365.51;360.17;356.60;346.96;333.56;275.59;286.03;280.32;301.08;294.91;265.24;249.10;257.42;244.98;231.51;247.72;245.08;264.98;268.07;274.98;277.89;278.21;281.80;,QUESTIONABLE,Group classification: FINANCE-SERVICES,
MKTX,FINANCE,FINANCE-SERVICES,,,,170.78;169.97;169.95;166.90;167.56;158.70;161.22;169.54;177.01;177.59;175.15;180.23;180.83;183.85;190.99;188.42;185.09;181.18;180.49;179.34;173.67;173.05;165.63;165.80;163.86;164.71;174.19;175.88;170.99;170.09;172.55;164.05;161.72;162.29;157.62;156.33;154.04;148.02;146.72;140.59;139.74;140.33;137.78;137.13;130.94;130.04;123.18;120.62;116.17;116.11;120.89;124.81;120.33;118.17;109.09;109.93;114.49;116.44;117.14;113.86;114.87;115.50;114.92;112.95;,QUESTIONABLE,Group classification: FINANCE-SERVICES,
FDS,FINANCE,FINANCE-SERVICES,,,,274.29;285.91;283.48;267.17;251.83;220.40;207.10;201.20;191.83;203.74;195.95;193.11;199.48;212.13;218.87;224.31;224.77;210.98;202.61;206.45;206.81;208.25;196.44;195.32;203.56;223.77;229.82;221.89;210.57;222.46;230.72;234.73;241.54;223.03;228.45;226.47;223.35;210.76;222.52;214.87;198.89;223.26;222.59;230.87;234.59;245.47;255.82;255.02;246.38;249.08;241.16;237.56;221.29;218.15;208.84;233.62;245.55;252.20;247.82;247.11;252.61;262.46;255.79;245.21;,HALAL,"FactSet — financial data subscription — debt ratio not verified, cross-check Musaffa/Zoya",
TW,FINANCE,FINANCE-SERVICES,,,,103.42;103.29;106.07;103.48;102.81;99.23;109.25;115.37;114.73;113.12;116.65;119.17;120.78;121.65;122.81;124.41;124.42;124.66;123.33;123.84;123.27;124.98;123.16;117.48;116.71;118.39;123.39;126.26;121.27;121.26;121.79;114.96;113.88;113.13;112.20;113.09;112.40;109.28;108.66;109.06;109.63;112.27;106.56;106.05;100.74;100.11;97.98;100.60;98.28;100.99;101.19;102.03;99.49;99.18;91.50;92.10;101.49;102.41;99.85;97.86;98.83;101.19;100.52;98.85;,QUESTIONABLE,Group classification: FINANCE-SERVICES,
WELL,FINANCE,REIT-HEALTHCARE,,,,186.70;180.70;182.36;182.67;187.06;186.20;189.74;195.88;206.44;209.26;207.15;206.75;207.85;207.74;209.44;206.15;203.59;207.01;205.50;209.46;208.50;195.27;195.94;194.86;194.64;198.18;200.23;204.00;206.88;210.27;213.78;208.74;199.02;208.04;213.50;216.60;216.40;215.73;213.90;216.76;217.75;212.61;218.61;216.17;214.18;205.33;195.35;200.85;200.00;211.36;214.23;213.50;206.65;217.67;223.73;227.73;230.19;232.69;233.90;231.59;236.00;241.49;244.84;245.04;,QUESTIONABLE,Sector classification: FINANCE,
VTR,FINANCE,REIT-HEALTHCARE,,,,77.23;75.65;75.35;75.00;76.73;76.75;78.87;81.74;84.65;84.20;84.70;84.90;85.38;85.39;85.61;85.70;83.84;85.03;85.15;86.72;86.27;81.50;81.18;81.66;80.63;81.53;82.47;83.56;84.47;84.84;85.01;84.16;79.63;83.13;87.06;87.35;87.28;86.12;86.75;88.01;89.44;87.63;88.08;87.67;87.54;83.93;79.66;78.64;79.16;83.86;84.11;83.40;81.12;84.87;86.92;88.78;89.65;92.21;92.41;90.66;92.40;95.04;96.25;97.18;,QUESTIONABLE,Sector classification: FINANCE,
OHI,FINANCE,REIT-HEALTHCARE,,,,43.74;42.00;42.73;41.91;42.61;41.69;44.26;44.15;46.11;46.72;46.07;45.91;46.45;47.40;47.42;46.70;47.01;47.62;47.71;47.15;46.58;44.15;44.09;43.91;43.47;43.70;44.26;44.76;45.14;44.88;45.92;45.85;44.37;45.75;46.74;46.30;46.21;46.07;47.19;47.65;47.93;48.32;48.99;47.90;47.73;46.76;44.81;43.67;43.80;45.86;45.77;45.50;44.53;46.41;47.62;48.11;48.17;49.02;49.36;48.30;48.29;49.87;49.58;50.61;,QUESTIONABLE,Sector classification: FINANCE,
DOC,FINANCE,REIT-HEALTHCARE,,,,17.25;17.21;17.19;16.59;16.68;15.92;16.14;16.29;16.41;16.26;16.67;16.54;16.80;17.05;17.17;17.19;16.83;16.94;16.46;16.90;17.03;16.70;16.36;16.45;16.21;16.04;16.33;16.34;16.40;16.52;16.83;16.85;16.09;16.19;15.81;15.93;16.05;19.21;19.35;19.49;19.27;19.31;19.47;19.54;19.68;18.97;19.27;19.41;19.58;20.28;20.49;20.00;19.47;20.47;21.13;21.77;21.54;21.65;21.67;21.55;21.56;22.23;22.29;22.19;,QUESTIONABLE,Sector classification: FINANCE,
HR,FINANCE,REIT-HEALTHCARE,,,,16.86;16.54;16.44;15.94;16.37;16.11;16.31;16.71;16.96;17.52;17.58;17.70;18.25;18.34;18.21;18.58;18.17;18.24;18.01;17.93;17.72;17.01;17.19;17.00;16.61;16.96;17.08;17.40;17.40;17.63;18.09;18.32;18.09;18.49;18.37;18.48;19.35;20.00;19.91;20.13;20.36;20.40;20.47;20.36;20.20;19.92;19.61;19.57;19.55;20.46;20.70;20.50;19.79;20.30;20.31;20.64;20.29;20.40;20.63;20.69;20.89;21.29;21.25;21.28;,QUESTIONABLE,Sector classification: FINANCE,
MPW,FINANCE,REIT-HEALTHCARE,,,,,QUESTIONABLE,Sector classification: FINANCE,
CTRE,FINANCE,REIT-HEALTHCARE,,,,36.60;35.80;36.28;35.78;36.59;35.94;37.83;37.64;38.60;39.20;39.34;39.24;39.79;40.31;40.07;38.50;39.13;39.16;39.28;39.31;39.10;35.37;36.39;36.52;35.91;36.77;37.05;38.40;39.31;38.97;39.12;39.04;36.95;37.59;39.33;39.07;39.12;39.10;41.20;41.68;41.53;41.12;41.09;40.74;41.28;40.43;38.36;37.08;36.56;37.37;36.49;36.67;36.70;38.43;39.42;40.08;40.90;41.39;41.34;40.22;40.49;41.97;42.45;42.38;,QUESTIONABLE,Sector classification: FINANCE,
HST,FINANCE,REIT-HOTEL/RESORT,,,,17.38;17.92;17.85;17.57;17.66;17.98;18.11;18.62;19.02;18.95;19.31;19.44;18.95;19.34;18.77;19.17;18.32;18.34;17.82;17.83;18.17;17.72;18.08;18.51;18.07;18.39;18.52;18.98;19.40;20.14;19.81;20.50;20.08;20.13;20.17;20.35;20.09;20.88;21.45;20.96;20.74;21.06;21.48;21.55;22.61;22.13;22.78;23.55;23.54;23.07;23.97;23.98;24.09;23.90;24.06;24.00;23.35;23.25;22.76;23.18;23.38;23.67;24.06;24.50;,QUESTIONABLE,Sector classification: FINANCE,
PK,FINANCE,REIT-HOTEL/RESORT,,,,10.81;11.12;10.70;10.30;10.49;10.62;10.72;11.03;11.22;10.75;10.97;10.79;10.81;11.24;10.79;10.98;10.47;10.28;9.95;10.02;10.08;9.85;9.99;10.29;10.14;10.20;10.21;10.68;11.01;11.29;10.99;11.38;10.95;11.01;11.10;11.27;10.85;11.03;11.13;10.78;10.71;10.90;11.19;11.31;11.92;11.92;13.12;13.80;13.88;13.68;14.25;14.44;14.47;14.18;14.32;14.28;14.17;14.30;13.76;14.17;14.48;14.60;14.84;15.06;,QUESTIONABLE,Sector classification: FINANCE,
RHP,FINANCE,REIT-HOTEL/RESORT,,,,91.41;94.26;93.54;91.41;92.60;93.04;93.58;95.77;100.40;98.29;99.87;102.53;100.54;100.62;97.52;97.24;93.69;92.48;89.96;89.44;89.54;88.32;88.08;91.01;89.15;91.59;93.04;95.97;100.11;101.09;99.63;103.38;99.29;101.28;102.82;104.13;104.44;109.94;109.54;106.52;105.02;107.51;109.98;110.94;113.98;114.08;114.00;115.99;117.91;117.59;121.69;122.26;124.01;123.10;129.72;130.68;124.83;128.04;124.21;125.71;123.97;125.01;127.85;130.79;,QUESTIONABLE,Sector classification: FINANCE,
APLE,FINANCE,REIT-HOTEL/RESORT,,,,11.76;12.02;11.78;11.07;11.30;11.48;11.61;11.85;11.99;11.91;11.91;11.99;11.80;12.21;12.02;12.15;11.86;11.77;11.60;11.51;11.52;11.33;11.49;11.63;11.25;11.37;11.41;11.83;12.28;12.46;12.41;12.92;12.76;12.98;13.18;13.33;13.03;13.87;13.99;13.69;13.88;13.95;14.39;14.32;14.70;14.62;14.87;15.60;15.52;15.78;16.14;16.29;16.51;16.52;16.85;16.81;16.48;16.58;16.07;16.56;16.68;16.86;16.90;16.95;,QUESTIONABLE,Sector classification: FINANCE,
SHO,FINANCE,REIT-HOTEL/RESORT,,,,8.84;9.01;8.87;8.60;8.62;8.63;8.85;8.96;9.12;9.06;9.11;9.23;9.10;9.49;9.32;9.54;9.21;9.13;8.89;8.95;8.89;8.72;8.93;9.09;8.83;8.92;8.96;9.15;9.48;9.66;9.43;9.65;9.44;9.57;9.66;9.74;9.64;10.17;10.41;10.16;10.28;10.32;10.47;10.54;10.80;10.74;10.99;11.41;11.43;11.34;11.63;11.76;11.82;11.65;11.51;11.57;11.17;11.18;11.05;11.22;11.36;11.52;11.79;11.75;,QUESTIONABLE,Sector classification: FINANCE,
DRH,FINANCE,REIT-HOTEL/RESORT,,,,9.03;9.44;9.29;8.89;9.03;9.13;9.27;9.37;9.85;9.70;9.74;9.76;9.85;10.16;9.80;9.84;9.44;9.36;9.21;9.27;9.30;9.05;9.28;9.43;9.23;9.29;9.31;9.69;10.11;10.33;10.21;10.43;10.02;10.14;10.18;10.13;10.15;10.59;10.71;10.48;10.42;10.53;10.68;10.63;11.07;10.91;11.10;11.46;11.52;11.55;11.83;11.93;12.22;12.21;12.32;12.17;11.93;11.92;11.65;11.88;12.10;12.28;12.75;12.90;,QUESTIONABLE,Sector classification: FINANCE,
PLD,FINANCE,REIT-INDUSTRIAL/OFFICE,,,,128.83;124.75;124.52;125.21;128.58;129.88;134.08;135.20;137.76;136.87;137.52;139.37;138.18;140.50;140.56;137.31;132.50;134.10;129.90;132.04;130.25;127.09;129.41;128.81;127.85;132.37;131.40;136.42;136.20;137.36;141.15;143.99;140.40;141.08;140.51;141.00;137.76;141.87;143.05;142.72;141.63;141.28;143.64;144.85;145.46;142.44;139.40;142.75;141.75;144.72;147.67;146.12;140.54;145.25;140.53;138.89;136.80;140.20;141.00;140.87;142.49;150.06;147.48;144.70;,QUESTIONABLE,Sector classification: FINANCE,
EXR,FINANCE,REIT-INDUSTRIAL/OFFICE,,,,142.31;140.58;136.99;134.13;134.92;135.07;135.48;137.26;139.33;143.13;141.97;149.38;146.37;144.38;149.28;147.04;143.38;143.44;137.08;138.00;134.90;128.86;128.39;129.09;126.90;131.06;132.62;136.25;137.38;139.91;140.12;145.37;139.77;140.56;139.50;141.79;137.83;142.30;141.76;143.23;140.66;137.77;140.72;141.76;142.88;142.76;140.76;144.30;143.44;147.99;148.98;146.40;145.33;147.76;147.19;148.26;147.29;146.14;143.99;143.96;145.50;150.33;147.28;145.05;,QUESTIONABLE,Sector classification: FINANCE,
PSA,FINANCE,REIT-INDUSTRIAL/OFFICE,,,,,QUESTIONABLE,Sector classification: FINANCE,
DRE,FINANCE,REIT-INDUSTRIAL/OFFICE,,,,,QUESTIONABLE,Sector classification: FINANCE,
FR,FINANCE,REIT-INDUSTRIAL/OFFICE,,,,57.87;56.25;56.14;55.93;57.07;57.33;58.76;58.63;58.40;57.94;59.40;61.05;61.18;62.43;62.45;61.42;58.86;60.12;59.18;59.98;59.00;56.06;56.81;57.21;56.31;58.19;57.99;59.74;60.20;60.62;61.91;63.89;62.85;60.89;61.99;61.52;60.58;62.03;62.25;61.90;60.85;61.03;61.78;62.78;62.56;61.38;59.58;61.19;60.41;61.92;63.07;62.31;61.31;63.13;62.64;62.87;61.61;63.04;64.64;65.01;64.75;68.68;68.20;67.71;,QUESTIONABLE,Sector classification: FINANCE,
TRNO,FINANCE,REIT-INDUSTRIAL/OFFICE,,,,60.80;60.99;60.04;58.97;60.54;61.52;64.02;64.90;64.36;65.02;64.55;64.81;64.30;65.24;65.30;63.91;61.54;62.18;61.11;61.95;61.23;59.39;60.01;60.77;60.13;61.28;62.15;63.55;64.82;65.13;65.24;66.60;65.46;64.76;65.54;64.68;64.04;65.56;65.68;65.39;65.19;65.27;65.64;65.52;66.22;65.17;63.17;63.98;63.30;65.67;66.73;65.75;63.84;65.13;64.83;65.75;66.01;68.39;67.52;69.40;71.13;75.08;74.11;73.10;,QUESTIONABLE,Sector classification: FINANCE,
REXR,FINANCE,REIT-INDUSTRIAL/OFFICE,,,,38.57;38.35;38.39;37.89;39.48;39.51;37.72;37.48;36.53;36.24;36.26;36.69;36.18;36.90;36.68;36.34;35.10;34.80;33.96;33.92;33.40;33.09;33.12;32.39;31.78;32.43;32.12;33.79;33.53;34.84;35.47;36.96;35.80;35.02;35.38;35.43;34.69;35.77;35.81;35.00;34.81;34.82;35.57;35.72;35.90;35.02;33.62;33.78;33.53;34.14;34.64;34.01;32.70;33.25;33.07;33.77;33.72;34.26;33.92;34.12;35.51;37.58;36.91;36.77;,QUESTIONABLE,Sector classification: FINANCE,
STAG,FINANCE,REIT-INDUSTRIAL/OFFICE,,,,36.62;35.90;35.98;35.88;36.74;37.69;38.59;38.36;38.42;37.28;37.41;38.72;37.98;38.49;38.91;38.66;37.32;37.58;37.26;37.51;37.31;35.89;35.55;35.57;35.35;35.85;36.02;37.59;37.77;38.27;38.44;39.49;38.50;38.47;39.17;38.20;37.39;38.17;38.56;38.27;37.66;37.81;37.92;37.77;37.91;37.49;36.18;36.64;36.77;37.61;38.40;38.07;37.43;38.49;38.70;38.77;38.34;39.10;38.60;38.98;39.34;42.04;41.82;41.30;,QUESTIONABLE,Sector classification: FINANCE,
BXP,FINANCE,REIT-INDUSTRIAL/OFFICE,,,,64.07;63.84;63.23;62.62;63.13;61.27;61.67;63.46;60.31;60.03;60.08;59.43;58.08;59.71;54.90;55.02;51.68;52.17;51.47;51.05;51.67;50.84;51.64;51.89;50.59;50.49;51.36;51.99;52.45;54.46;55.58;58.30;57.68;57.13;58.54;57.85;57.97;59.22;58.81;58.39;58.34;59.29;59.27;59.66;60.09;59.38;60.57;61.40;63.86;64.80;65.59;65.04;64.02;63.67;64.98;66.37;67.76;69.97;66.78;66.82;67.72;70.65;67.90;67.41;,QUESTIONABLE,Sector classification: FINANCE,
VNO,FINANCE,REIT-INDUSTRIAL/OFFICE,,,,32.69;32.50;31.84;31.20;31.88;30.43;30.46;30.99;30.25;29.89;29.73;29.07;27.90;29.18;27.38;28.54;26.94;26.51;26.04;25.40;26.42;25.41;26.12;25.67;25.18;25.57;25.53;27.12;27.16;27.97;28.39;29.58;29.19;29.30;30.30;29.89;29.67;31.56;32.16;31.23;31.07;31.65;31.60;31.98;33.31;33.75;34.22;34.92;36.20;38.28;38.27;37.82;37.81;37.65;38.08;39.51;40.06;40.70;38.06;38.35;39.13;40.76;39.74;38.51;,QUESTIONABLE,Sector classification: FINANCE,
SLG,FINANCE,REIT-INDUSTRIAL/OFFICE,,,,45.71;45.18;43.60;42.31;43.49;40.95;41.18;41.80;39.33;39.39;38.14;36.95;35.61;38.19;36.51;39.79;37.64;37.46;36.79;35.72;37.27;36.40;36.84;35.60;34.85;36.25;36.29;38.16;37.97;40.19;40.33;43.57;42.53;41.67;43.34;41.91;41.50;44.19;45.22;43.14;42.95;42.43;40.98;42.76;44.67;44.87;44.61;46.57;48.42;50.45;50.55;50.24;49.97;49.52;49.58;52.31;52.22;51.54;48.37;48.68;49.87;51.74;50.80;50.12;,QUESTIONABLE,Sector classification: FINANCE,
ARE,FINANCE,REIT-INDUSTRIAL/OFFICE,,,,55.89;56.45;55.54;53.06;53.09;52.30;53.58;54.61;52.24;51.00;52.63;52.13;52.20;53.56;51.14;52.06;49.29;49.61;48.83;46.94;46.94;46.05;46.04;46.65;44.98;42.73;42.49;44.26;42.06;44.80;47.33;48.35;46.05;46.79;39.89;39.99;40.61;45.24;45.66;45.90;45.57;46.08;47.22;47.74;49.28;49.04;52.06;52.43;49.61;51.63;52.48;51.09;50.37;50.93;52.60;54.87;53.01;49.87;48.04;47.88;47.50;50.14;50.05;49.64;,QUESTIONABLE,Sector classification: FINANCE,
AGNC,FINANCE,REIT-MORTGAGE,,,,10.91;11.03;11.04;11.25;10.78;10.86;10.78;10.72;10.80;10.74;10.69;10.82;10.69;10.73;10.65;10.48;10.16;10.24;9.93;9.87;9.84;9.31;9.50;9.40;9.40;9.69;9.86;9.98;10.13;10.29;10.21;10.42;10.55;10.66;10.72;10.78;10.41;10.55;10.62;10.50;10.32;10.07;10.02;9.98;10.28;10.30;10.09;10.18;10.00;10.07;10.20;10.44;10.27;10.33;10.50;10.88;10.79;11.17;10.94;11.13;11.18;11.43;10.92;10.72;,HARAM,Group classification: REIT-MORTGAGE,
NLY,FINANCE,REIT-MORTGAGE,,,,22.20;22.33;22.34;22.69;21.53;21.36;21.50;21.18;21.34;21.59;21.52;21.54;21.54;21.78;21.72;21.48;20.97;21.05;20.60;20.62;20.51;19.45;19.73;19.71;19.89;20.45;20.73;21.09;21.42;21.67;21.42;21.92;21.90;22.01;22.09;22.16;21.63;21.81;21.88;21.58;21.28;20.85;20.86;20.76;20.96;21.14;20.61;20.58;20.28;20.72;21.29;21.86;21.49;21.55;21.83;22.40;22.20;22.99;22.53;22.86;23.01;23.42;22.70;22.42;,HARAM,Group classification: REIT-MORTGAGE,
STWD,FINANCE,REIT-MORTGAGE,,,,17.22;17.36;17.13;17.20;16.94;17.08;17.21;16.99;17.06;17.07;17.11;17.06;16.70;17.10;17.01;17.10;16.96;16.86;16.68;16.56;16.67;16.14;16.41;16.49;16.41;16.60;16.79;17.08;17.18;17.51;17.44;17.73;17.72;17.69;17.86;17.84;17.50;17.81;17.25;16.73;16.65;16.53;16.65;16.80;16.82;16.60;16.62;16.61;16.36;16.57;16.52;16.48;16.23;16.27;16.14;16.48;16.33;16.71;16.45;16.64;16.61;17.09;16.60;16.48;,HARAM,Group classification: REIT-MORTGAGE,
RITM,FINANCE,REIT-MORTGAGE,,,,10.97;11.30;11.37;11.28;10.37;10.38;10.18;10.10;10.14;10.02;10.07;9.91;9.62;9.86;9.57;9.25;9.15;9.41;9.10;8.90;8.59;8.31;8.66;8.83;8.71;8.98;9.38;9.53;9.67;9.85;9.69;9.83;9.91;9.86;9.59;9.52;9.38;9.58;9.58;9.40;9.05;8.89;9.02;9.01;9.06;9.07;9.00;8.93;8.80;8.92;9.06;9.08;8.94;8.96;9.07;9.17;9.11;9.23;8.99;9.18;9.22;9.43;9.20;9.13;,HARAM,Group classification: REIT-MORTGAGE,
BXMT,FINANCE,REIT-MORTGAGE,,,,18.38;18.23;18.19;18.29;18.27;18.79;18.54;18.52;19.00;18.55;18.52;18.53;18.37;18.64;18.65;18.45;18.23;18.15;17.65;17.87;17.92;17.30;17.62;18.22;18.29;18.26;18.00;18.79;19.07;19.43;19.25;19.52;19.48;19.54;19.47;18.48;18.41;18.77;18.61;17.84;17.92;17.75;17.48;17.47;18.08;17.79;17.82;17.95;17.53;17.74;17.86;17.85;17.60;17.66;16.88;16.95;16.96;17.46;17.03;17.05;17.10;17.39;16.71;16.70;,HARAM,Group classification: REIT-MORTGAGE,
ABR,FINANCE,REIT-MORTGAGE,,,,7.51;7.46;7.21;7.25;7.21;7.15;7.19;7.33;7.12;7.23;6.93;6.98;6.83;6.80;8.05;8.29;8.14;7.64;7.61;7.48;7.49;7.29;7.16;7.34;7.14;7.29;7.28;7.29;7.28;7.58;7.66;7.90;7.92;7.74;7.82;7.67;7.65;8.05;7.00;5.68;5.67;5.87;5.61;5.57;5.50;5.75;5.42;5.56;5.29;5.20;5.21;5.16;5.20;5.10;5.12;5.34;5.36;4.98;4.92;5.05;5.00;5.15;5.03;5.04;,HARAM,Group classification: REIT-MORTGAGE,
PMT,FINANCE,REIT-MORTGAGE,,,,12.40;12.31;12.51;12.53;11.00;11.25;11.39;11.28;11.49;11.75;11.57;11.43;11.28;11.44;11.33;11.16;11.05;11.05;10.91;10.83;10.80;10.43;10.51;10.51;10.55;10.95;11.11;11.16;11.43;11.61;11.42;11.52;11.42;11.66;11.74;11.71;11.65;10.61;10.58;10.06;10.06;10.02;10.10;10.10;10.08;10.06;10.03;9.80;9.50;9.48;9.73;9.80;9.86;9.67;10.11;10.54;10.80;10.48;10.05;10.28;10.12;10.09;9.74;9.85;,HARAM,Group classification: REIT-MORTGAGE,
AVB,FINANCE,REIT-RESIDENTIAL/COMMERCIAL,,,,174.67;172.22;174.19;169.48;174.09;170.78;166.28;169.96;176.21;172.64;174.47;173.82;174.00;176.05;175.40;174.51;174.30;170.93;167.59;165.73;162.76;158.12;160.26;160.12;158.30;163.38;164.93;166.94;168.21;169.42;168.06;174.73;169.73;170.79;181.80;181.31;180.75;184.72;182.38;185.29;181.84;183.54;184.96;183.93;184.51;180.82;181.69;187.44;185.88;184.87;185.30;183.02;175.68;180.56;184.41;190.86;190.43;194.35;189.12;191.84;191.75;195.50;191.84;190.27;,QUESTIONABLE,Sector classification: FINANCE,
EQR,FINANCE,REIT-RESIDENTIAL/COMMERCIAL,,,,59.67;59.61;60.75;59.42;60.94;60.42;60.40;63.24;63.22;62.45;62.18;61.22;62.15;62.70;61.73;61.39;61.33;60.12;58.94;58.73;58.53;56.70;57.37;58.19;57.98;58.94;59.44;60.17;60.51;60.73;59.87;62.78;61.07;61.62;64.48;64.71;64.57;65.48;64.87;65.21;64.35;64.76;65.60;65.52;65.94;64.78;65.53;67.20;66.65;66.91;66.65;65.72;63.43;65.02;66.48;68.34;68.63;69.93;68.31;68.69;68.72;70.00;68.80;68.29;,QUESTIONABLE,Sector classification: FINANCE,
ESS,FINANCE,REIT-RESIDENTIAL/COMMERCIAL,,,,251.30;248.06;248.04;240.73;247.00;242.80;246.63;252.82;256.36;246.30;251.23;249.60;253.40;257.66;251.08;251.12;250.20;249.37;246.52;244.28;241.93;235.55;238.79;239.00;237.92;240.95;245.54;249.70;247.88;249.22;245.83;256.28;249.98;253.13;265.54;260.91;262.35;264.92;261.24;266.29;266.18;269.86;272.62;274.28;274.41;270.25;275.14;282.12;279.53;282.15;281.27;278.10;271.31;276.86;283.07;293.34;295.18;298.00;291.58;293.55;298.13;297.42;293.83;293.07;,QUESTIONABLE,Sector classification: FINANCE,
MAA,FINANCE,REIT-RESIDENTIAL/COMMERCIAL,,,,131.27;131.51;131.80;129.36;131.16;129.10;127.66;130.45;132.84;132.38;131.96;130.34;130.95;132.69;130.97;130.65;129.68;127.08;124.76;123.41;122.85;118.94;118.96;119.29;118.87;119.68;121.90;123.14;123.43;123.38;121.69;127.99;123.16;124.22;128.89;127.70;127.58;128.81;127.83;127.74;125.77;126.78;128.77;129.64;129.09;127.59;127.48;135.30;135.58;138.18;137.34;134.88;130.98;132.36;136.50;139.04;138.34;139.16;136.28;133.70;132.15;134.86;133.71;131.57;,QUESTIONABLE,Sector classification: FINANCE,
UDR,FINANCE,REIT-RESIDENTIAL/COMMERCIAL,,,,36.57;36.95;36.41;35.85;36.56;36.05;36.54;37.15;39.14;37.48;37.64;36.58;36.94;37.48;36.85;37.15;36.66;36.19;35.47;35.06;34.78;33.57;33.57;33.53;33.12;33.70;34.23;34.46;34.55;34.56;34.13;35.66;34.39;34.65;36.08;36.21;36.23;36.91;36.78;37.24;37.21;37.33;37.69;37.87;37.89;36.77;36.71;38.76;38.47;39.18;39.26;38.47;37.43;38.14;38.96;39.99;40.47;40.81;39.69;39.59;39.83;40.42;39.74;39.54;,QUESTIONABLE,Sector classification: FINANCE,
INVH,FINANCE,REIT-RESIDENTIAL/COMMERCIAL,,,,26.69;26.42;26.31;25.63;26.14;25.60;25.83;25.86;26.60;26.39;26.25;24.74;25.10;25.72;25.57;26.24;25.63;25.18;24.56;24.56;24.41;23.85;24.46;24.58;24.52;24.60;25.21;25.55;25.76;26.20;26.00;27.18;26.41;26.86;27.86;28.48;28.26;28.45;28.44;28.17;28.19;28.46;28.87;28.99;29.11;28.95;28.58;29.18;29.08;29.41;29.38;28.71;28.12;28.76;29.91;30.59;30.35;30.02;29.63;29.60;30.23;30.42;30.08;29.50;,QUESTIONABLE,Sector classification: FINANCE,
AMH,FINANCE,REIT-RESIDENTIAL/COMMERCIAL,,,,31.14;30.86;31.19;30.13;30.65;29.89;30.31;30.41;31.06;30.95;30.69;28.89;29.22;29.70;29.13;29.39;29.26;28.89;28.01;28.18;27.99;27.11;27.29;27.61;27.65;27.89;28.81;29.11;29.46;29.82;29.66;30.79;29.88;30.25;31.17;31.52;31.66;32.12;31.71;31.26;31.05;31.57;31.88;31.95;31.76;31.76;31.76;32.59;32.45;32.89;32.96;32.43;31.71;32.46;33.29;33.99;33.72;33.76;33.29;33.27;33.86;34.34;33.70;33.18;,QUESTIONABLE,Sector classification: FINANCE,
SUI,FINANCE,REIT-RESIDENTIAL/COMMERCIAL,,,,123.72;123.31;122.64;121.73;125.13;125.27;121.45;123.36;125.51;128.43;127.65;128.49;128.95;133.33;134.71;133.41;134.24;134.19;132.57;132.52;129.86;128.09;126.44;125.53;123.92;126.20;126.66;127.43;128.11;128.85;127.05;129.05;126.67;128.63;127.11;126.66;123.62;124.76;124.78;123.76;120.74;120.39;121.85;126.57;123.63;122.52;120.14;121.56;121.06;125.47;125.78;123.03;117.37;118.40;117.48;120.11;120.78;122.18;119.16;118.88;119.78;121.97;120.20;119.66;,QUESTIONABLE,Sector classification: FINANCE,
ELS,FINANCE,REIT-RESIDENTIAL/COMMERCIAL,,,,61.75;62.31;61.79;60.85;62.08;62.97;65.30;64.51;64.82;66.65;65.96;66.39;67.14;66.64;67.19;66.73;66.17;66.57;66.74;66.29;65.22;63.12;62.26;61.72;61.98;62.71;63.02;63.23;63.51;64.04;63.72;65.44;62.28;62.74;62.06;62.74;62.09;62.77;62.69;62.89;61.43;61.58;62.47;63.00;61.82;61.24;60.92;61.29;60.96;63.77;64.27;63.76;61.65;62.06;62.39;64.69;65.01;64.98;63.81;63.47;64.08;65.95;65.26;65.48;,QUESTIONABLE,Sector classification: FINANCE,
O,FINANCE,REIT-RETAIL,,,,60.04;59.29;58.85;58.53;59.86;60.15;62.01;61.75;63.13;64.26;63.69;64.73;65.10;65.18;66.39;64.86;63.88;63.76;63.91;63.80;61.95;59.90;59.41;59.23;60.09;61.08;61.03;61.98;62.93;62.99;63.81;64.08;62.52;62.51;62.73;63.68;62.90;63.45;61.38;61.99;61.42;61.17;61.70;61.48;61.65;61.02;59.65;59.49;59.75;61.84;62.45;61.90;59.98;61.27;61.77;62.77;61.82;63.19;63.23;63.31;63.77;65.75;65.18;65.03;,QUESTIONABLE,Sector classification: FINANCE,
SPG,FINANCE,REIT-RETAIL,,,,180.24;181.00;181.23;179.69;187.07;185.23;192.89;192.22;190.46;192.47;195.21;197.23;194.97;198.12;198.66;198.60;190.52;189.99;185.53;187.28;187.84;182.52;176.34;179.83;180.37;186.05;188.17;191.93;198.39;200.76;199.17;205.31;199.49;198.98;200.55;201.50;199.32;203.28;199.93;203.43;200.60;198.25;201.89;202.19;204.53;202.69;201.32;203.98;205.09;212.82;219.04;215.23;211.33;216.74;225.49;227.56;223.00;225.00;219.09;218.77;221.28;228.49;228.19;226.22;,QUESTIONABLE,Sector classification: FINANCE,
REG,FINANCE,REIT-RETAIL,,,,69.20;69.52;69.93;69.12;71.49;71.12;74.05;74.62;75.02;74.74;74.29;75.40;75.81;76.94;78.03;78.09;77.17;76.68;75.83;76.67;75.69;74.17;73.88;73.67;74.19;75.40;75.91;77.13;77.67;78.83;78.90;80.36;78.26;79.44;79.56;77.12;78.01;78.34;76.86;76.88;76.20;76.61;77.01;78.10;78.21;76.63;75.32;75.96;76.83;79.35;80.28;78.90;76.88;78.67;80.25;81.30;79.37;79.84;79.72;79.62;80.33;82.38;82.14;82.22;,QUESTIONABLE,Sector classification: FINANCE,
FRT,FINANCE,REIT-RETAIL,,,,100.58;99.66;99.57;97.85;99.17;98.38;102.78;104.02;104.84;102.74;103.37;105.33;105.58;106.30;108.17;108.03;105.43;104.70;103.28;104.26;103.47;101.12;101.09;101.66;102.40;105.09;105.80;106.41;108.05;109.20;109.03;111.30;109.12;110.02;111.36;109.88;113.42;115.70;114.62;114.49;112.78;113.88;115.00;118.65;119.95;118.53;118.23;119.70;120.98;122.49;124.69;122.25;119.29;122.55;123.41;124.27;120.41;120.56;120.43;120.94;122.11;125.36;125.59;125.05;,QUESTIONABLE,Sector classification: FINANCE,
KIM,FINANCE,REIT-RETAIL,,,,20.51;20.31;20.40;20.03;20.62;20.45;21.22;21.29;21.51;22.22;22.17;22.67;22.79;23.13;23.05;23.05;23.03;22.91;22.70;22.94;22.60;22.10;22.32;22.02;22.08;22.21;22.22;22.42;22.92;23.34;23.49;23.80;23.31;23.43;23.54;23.38;23.15;23.54;23.23;23.29;22.93;23.22;23.55;23.85;24.16;23.82;23.45;23.75;24.24;25.38;25.91;25.10;24.38;25.19;25.52;25.83;25.08;25.05;24.97;24.88;25.25;26.03;26.03;26.14;,QUESTIONABLE,Sector classification: FINANCE,
BRX,FINANCE,REIT-RETAIL,,,,26.13;25.71;25.77;25.49;26.24;26.13;27.44;27.57;27.95;28.69;28.65;29.05;29.20;29.86;30.00;29.97;29.46;29.28;29.08;29.36;28.95;28.12;28.13;28.05;28.11;28.27;28.61;29.08;29.42;29.75;29.98;30.66;29.88;30.05;30.10;29.79;29.59;29.99;29.55;29.64;29.20;29.72;30.12;30.54;30.62;30.26;29.81;30.05;30.62;31.55;32.26;31.45;30.61;31.46;31.77;31.88;30.92;31.01;30.88;31.03;31.64;32.40;32.43;32.40;,QUESTIONABLE,Sector classification: FINANCE,
ROIC,FINANCE,REIT-RETAIL,,,,,QUESTIONABLE,Sector classification: FINANCE,
SKT,FINANCE,REIT-RETAIL,,,,32.80;32.23;32.09;31.75;32.44;31.36;32.85;33.34;33.55;33.53;34.24;35.28;35.26;37.31;36.79;37.09;35.69;35.56;35.12;35.39;34.89;33.77;33.76;33.68;33.73;33.86;34.69;35.48;36.15;36.35;36.04;36.85;36.28;36.36;36.63;37.08;36.30;36.85;36.37;36.05;35.78;35.65;35.63;35.50;35.96;36.07;35.96;36.36;37.04;39.60;40.46;40.37;39.13;40.02;41.10;40.02;39.22;39.36;39.16;39.63;39.88;41.68;41.63;41.42;,QUESTIONABLE,Sector classification: FINANCE,
ADC,FINANCE,REIT-RETAIL,,,,71.67;70.53;71.14;69.60;70.99;70.96;74.82;74.00;75.43;76.74;75.37;76.89;77.90;78.41;80.00;80.68;80.21;79.37;78.55;78.68;77.97;75.09;74.19;73.36;73.92;75.04;74.74;75.95;77.35;76.98;78.10;78.72;75.86;75.88;76.04;76.57;75.46;75.96;75.68;76.00;74.75;75.24;75.01;74.93;74.38;73.89;72.43;71.98;72.99;75.27;75.57;74.47;73.00;74.11;75.72;76.66;76.28;77.17;77.92;77.95;77.99;80.75;80.57;80.22;,QUESTIONABLE,Sector classification: FINANCE,
KO,FOOD_BEVERAGE,BEVERAGES-NON-ALCOHOLIC,,,,70.80;70.92;71.60;72.10;73.82;75.88;77.47;76.94;77.56;77.64;78.44;78.79;79.65;79.44;79.16;77.07;76.02;76.85;76.59;77.32;75.48;74.27;74.19;74.21;75.78;75.59;76.72;76.79;76.97;75.41;74.70;75.00;74.15;76.14;77.85;78.25;77.69;78.72;77.92;79.52;79.93;80.68;81.03;80.96;81.10;78.50;77.91;76.33;79.03;83.05;82.09;80.28;79.39;80.31;80.42;82.65;81.29;82.96;83.40;83.49;83.08;84.92;82.12;82.20;,HALAL,"Business activity permissible — debt ratio not verified, cross-check Musaffa/Zoya",
PEP,FOOD_BEVERAGE,BEVERAGES-NON-ALCOHOLIC,,,,144.83;141.63;143.07;145.65;150.68;159.73;164.32;163.28;165.91;162.76;161.24;161.78;166.29;164.37;164.07;160.78;157.77;159.11;157.21;156.08;151.94;148.48;149.02;149.26;155.19;153.04;155.10;153.19;155.42;154.10;156.73;155.36;152.19;153.82;154.66;156.84;152.98;154.34;153.01;150.27;147.12;147.51;147.74;149.00;146.20;142.69;140.52;140.67;140.68;144.32;144.27;146.12;142.02;142.05;139.52;138.68;141.16;143.29;142.51;137.38;135.45;139.43;135.46;135.65;,HALAL,"Business activity permissible — debt ratio not verified, cross-check Musaffa/Zoya",
KDP,FOOD_BEVERAGE,BEVERAGES-NON-ALCOHOLIC,,,,27.51;27.12;27.26;26.29;27.01;27.53;27.57;28.06;29.42;29.22;28.68;29.07;30.54;29.85;29.50;28.41;27.80;27.60;26.51;27.12;26.64;26.17;25.80;25.86;26.26;25.51;25.52;25.66;26.38;25.84;25.86;26.31;26.35;29.01;28.59;29.19;28.67;28.36;28.63;28.96;28.89;29.22;28.49;28.91;29.89;29.82;30.15;29.85;30.53;31.48;31.49;31.77;30.54;30.65;32.29;33.50;33.37;31.75;30.97;31.67;30.26;31.38;30.44;30.20;,HALAL,"Business activity permissible — debt ratio not verified, cross-check Musaffa/Zoya",
MNST,FOOD_BEVERAGE,BEVERAGES-NON-ALCOHOLIC,,,,,HALAL,"Business activity permissible — debt ratio not verified, cross-check Musaffa/Zoya",
CELH,FOOD_BEVERAGE,BEVERAGES-NON-ALCOHOLIC,,,,56.69;55.24;54.54;53.91;52.48;50.36;47.97;47.80;44.35;44.68;43.43;48.32;50.72;54.12;49.25;45.57;42.92;45.03;43.68;43.61;41.50;41.51;37.05;35.59;33.81;34.33;36.13;36.02;34.86;34.51;34.85;33.78;33.26;34.59;32.62;33.57;33.57;32.80;32.29;29.61;29.01;29.33;28.63;30.12;31.65;33.27;30.54;27.75;28.00;28.37;29.18;30.01;30.80;28.16;28.22;29.79;31.87;33.04;30.60;30.60;30.14;29.98;29.42;28.47;,HALAL,"Business activity permissible — debt ratio not verified, cross-check Musaffa/Zoya",
FIZZ,FOOD_BEVERAGE,BEVERAGES-NON-ALCOHOLIC,,,,30.28;30.38;30.29;29.97;30.81;31.35;31.84;31.76;32.00;32.86;33.33;33.45;34.10;33.56;33.35;33.67;32.26;31.84;30.96;31.42;31.05;30.81;30.47;30.10;30.55;30.59;30.85;31.30;31.37;30.95;30.53;30.62;29.97;30.91;31.19;30.93;31.39;31.60;31.76;31.26;31.65;31.86;31.88;31.89;33.25;33.44;32.15;31.39;32.32;33.54;33.39;32.59;32.80;31.23;30.02;28.68;28.02;29.23;29.46;30.57;30.92;32.25;31.15;31.12;,HALAL,"Business activity permissible — debt ratio not verified, cross-check Musaffa/Zoya",
COCO,FOOD_BEVERAGE,BEVERAGES-NON-ALCOHOLIC,,,,53.93;52.22;54.87;54.17;53.35;57.56;56.99;58.41;58.96;56.58;50.06;53.96;55.24;57.41;54.45;55.17;51.72;54.91;57.99;60.60;55.89;52.88;54.71;51.68;46.52;48.59;49.53;49.16;51.00;49.63;48.33;47.47;46.58;50.39;51.63;65.99;67.25;68.64;71.60;74.61;76.44;79.23;77.88;76.04;78.63;75.13;74.45;73.98;73.42;78.74;80.90;83.87;84.02;82.74;82.55;72.53;68.98;66.78;68.43;71.40;74.03;73.25;73.87;74.45;,HALAL,"Business activity permissible — debt ratio not verified, cross-check Musaffa/Zoya",
CAG,FOOD_BEVERAGE,FOOD-CANNED,,,,16.42;16.71;17.30;17.25;18.05;18.64;19.07;18.71;19.53;19.27;18.33;18.02;18.63;18.27;18.71;18.39;18.55;17.64;15.77;15.64;15.18;14.79;15.18;14.83;15.34;15.14;15.39;15.20;14.81;13.93;14.34;14.47;14.17;13.82;13.92;14.35;13.85;14.07;14.13;14.00;13.67;13.79;13.76;13.56;13.33;13.28;12.86;12.68;13.15;13.34;13.74;13.56;13.20;13.43;13.78;13.98;14.30;13.79;13.77;13.83;14.15;14.47;14.64;14.83;,HALAL,"Business activity permissible — debt ratio not verified, cross-check Musaffa/Zoya",
CPB,FOOD_BEVERAGE,FOOD-CANNED,,,,25.57;25.65;26.22;26.07;27.04;25.99;27.74;27.95;28.33;28.49;26.60;25.92;26.36;25.95;25.43;24.24;24.93;23.85;20.92;20.67;20.37;20.36;20.20;20.24;21.43;21.62;21.65;20.35;20.09;19.67;20.59;20.91;20.47;20.28;20.20;20.44;20.16;20.61;20.49;20.05;19.79;20.00;19.67;20.24;20.16;20.76;20.64;21.19;21.13;22.50;22.43;21.41;20.80;20.86;21.98;22.63;23.08;22.66;21.99;22.07;22.10;22.65;22.09;21.88;,HALAL,"Business activity permissible — debt ratio not verified, cross-check Musaffa/Zoya",
BGS,FOOD_BEVERAGE,FOOD-CANNED,,,,4.00;4.03;4.09;4.03;4.11;4.21;4.66;4.78;4.82;4.92;4.66;4.97;4.96;5.03;4.87;5.52;5.14;5.12;4.95;4.77;4.58;4.56;4.50;4.79;4.80;4.73;4.92;5.02;5.29;5.44;5.20;5.15;5.31;5.23;5.34;5.41;5.24;5.26;5.23;4.95;4.17;4.00;4.00;4.07;4.05;4.00;3.96;3.86;3.69;3.93;3.94;3.86;3.80;3.80;3.91;4.02;4.07;3.96;3.93;3.93;3.79;3.82;3.61;3.58;,HALAL,"Business activity permissible — debt ratio not verified, cross-check Musaffa/Zoya",
JJSF,FOOD_BEVERAGE,FOOD-CANNED,,,,96.48;91.24;91.54;91.77;93.11;78.90;82.87;79.85;80.68;84.59;83.18;82.97;85.18;83.42;85.10;84.42;84.56;82.64;79.70;80.88;74.70;73.77;75.86;78.38;79.87;78.01;79.45;79.41;81.64;80.86;78.78;80.77;80.71;83.30;86.00;87.35;83.49;77.85;75.39;69.18;69.99;72.55;72.73;73.78;76.60;75.34;75.35;73.46;74.81;78.49;78.75;76.01;74.58;72.47;73.24;73.94;75.89;75.80;75.99;76.49;75.67;78.29;77.76;77.37;,HALAL,"Business activity permissible — debt ratio not verified, cross-check Musaffa/Zoya",
HSY,FOOD_BEVERAGE,FOOD-CONFECTIONERY,,,,196.07;187.96;187.29;189.29;192.00;198.63;221.22;227.29;227.59;219.44;220.35;220.08;228.45;229.73;233.89;230.28;223.27;217.33;213.86;218.43;211.10;208.54;213.56;208.82;211.92;201.34;206.38;207.40;200.77;196.17;189.90;189.99;187.21;190.02;186.49;184.32;180.62;184.99;184.52;190.45;188.87;191.73;190.84;194.78;197.82;194.03;184.09;182.71;175.90;176.61;181.66;182.52;172.63;179.27;176.68;181.58;178.67;177.51;174.41;173.66;171.46;174.72;171.70;172.33;,HALAL,"Business activity permissible — debt ratio not verified, cross-check Musaffa/Zoya",
MDLZ,FOOD_BEVERAGE,FOOD-CONFECTIONERY,,,,57.01;56.61;57.55;56.76;57.49;58.47;59.30;59.71;60.44;61.54;59.07;57.81;60.10;58.93;59.42;57.70;57.42;55.63;53.44;56.20;55.52;55.26;56.22;56.61;57.27;56.60;57.89;58.34;58.51;57.36;56.60;56.83;55.59;57.13;58.05;60.93;60.87;61.36;61.04;61.19;60.46;61.13;61.33;61.25;61.73;60.66;60.56;60.48;61.09;63.65;62.47;61.63;59.62;60.55;60.69;59.65;59.35;59.17;59.48;58.83;58.80;61.42;60.27;60.86;,HALAL,"Business activity permissible — debt ratio not verified, cross-check Musaffa/Zoya",
TR,FOOD_BEVERAGE,FOOD-CONFECTIONERY,,,,36.54;36.46;36.13;35.93;36.61;37.20;37.84;37.56;38.67;40.59;40.18;40.12;41.21;40.57;41.53;41.75;41.86;41.43;41.22;42.30;41.72;40.42;41.51;41.52;42.73;42.94;43.75;44.11;44.12;43.02;41.97;41.63;41.75;41.74;42.93;42.12;41.71;41.74;42.40;40.48;40.26;41.51;40.29;39.96;37.70;37.62;37.33;37.98;37.89;39.39;38.79;38.12;36.24;37.12;36.86;39.46;40.04;38.40;38.27;38.16;38.15;39.45;39.02;39.42;,HALAL,"Business activity permissible — debt ratio not verified, cross-check Musaffa/Zoya",
DAR,FOOD_BEVERAGE,FOOD-DAIRY PRODUCTS,,,,40.42;42.32;42.40;44.02;45.66;47.86;47.23;48.40;49.62;50.96;51.67;51.60;52.68;52.95;54.20;53.32;52.91;52.60;56.33;55.21;56.75;55.14;58.08;58.98;60.37;62.16;63.89;63.05;61.27;59.60;60.36;59.08;60.25;60.18;61.33;64.23;64.38;63.11;63.12;63.46;62.78;62.13;58.98;58.60;58.74;59.10;60.34;60.72;58.36;58.61;56.99;55.18;53.68;52.78;53.08;53.15;56.58;57.89;61.02;60.83;61.83;61.18;63.50;64.78;,HALAL,"Business activity permissible — debt ratio not verified, cross-check Musaffa/Zoya",
LANC,FOOD_BEVERAGE,FOOD-DAIRY PRODUCTS,,,,;;;;;;;;;;;;;;;;;;;;;;;;;;;;;;;;;;;;;;;;;;;;;;;;172.77;;;;;;;;;;;;;;;;,HALAL,"Business activity permissible — debt ratio not verified, cross-check Musaffa/Zoya",
BRBR,FOOD_BEVERAGE,FOOD-DAIRY PRODUCTS,,,,26.78;27.90;25.58;24.78;24.87;20.88;19.48;18.77;17.59;17.87;18.52;19.04;18.34;18.84;18.15;17.52;17.39;17.09;16.73;18.68;17.39;17.22;15.88;15.14;16.14;15.64;15.73;15.73;15.01;15.47;16.23;16.48;16.51;16.20;16.93;17.80;17.36;11.10;10.31;9.48;9.15;9.26;8.97;8.91;8.59;8.36;9.04;8.69;7.90;8.63;8.81;8.83;9.46;11.27;11.39;12.38;13.35;13.45;13.18;12.48;12.10;11.99;12.15;12.78;,HALAL,"Business activity permissible — debt ratio not verified, cross-check Musaffa/Zoya",
TSN,FOOD_BEVERAGE,FOOD-MEAT PRODUCTS,,,,59.91;60.12;62.69;63.55;64.26;63.70;64.14;64.33;63.29;62.90;62.92;62.82;62.39;62.57;63.86;62.39;60.92;59.74;60.52;61.31;60.71;57.69;60.38;62.43;63.23;63.76;63.96;64.11;65.09;64.42;63.46;63.14;64.01;63.49;63.57;63.53;68.18;67.52;67.81;66.90;66.10;66.12;65.96;64.51;65.47;60.51;59.59;56.88;56.99;56.13;57.43;57.24;55.46;57.42;57.80;58.65;58.43;58.75;58.30;57.83;57.48;57.83;58.00;57.06;,QUESTIONABLE,Group classification: FOOD-MEAT PRODUCTS,
HRL,FOOD_BEVERAGE,FOOD-MEAT PRODUCTS,,,,23.93;23.73;24.21;23.97;23.98;23.99;24.44;23.78;23.33;23.17;23.85;24.35;25.14;24.18;24.18;23.81;23.79;22.74;22.12;22.11;22.13;21.57;22.07;22.26;22.43;21.46;21.30;21.08;20.33;20.51;20.65;21.08;21.18;21.29;21.06;21.22;20.42;20.45;20.20;19.94;19.76;20.14;20.51;20.99;20.71;22.95;23.07;23.01;23.36;24.00;24.46;24.36;23.87;24.43;25.71;26.00;24.59;23.99;24.25;24.44;24.81;25.71;25.28;25.21;,QUESTIONABLE,Group classification: FOOD-MEAT PRODUCTS,
PPC,FOOD_BEVERAGE,FOOD-MEAT PRODUCTS,,,,41.83;41.73;42.49;43.06;43.37;43.68;43.46;43.17;43.19;43.32;43.76;41.74;41.81;41.47;42.35;41.45;40.75;38.64;36.19;36.74;36.54;35.23;35.22;36.13;37.44;37.98;36.97;35.94;35.44;35.09;33.65;33.03;32.94;33.63;32.86;33.10;30.59;31.30;29.10;28.66;27.85;28.36;28.65;28.46;29.02;28.31;28.00;28.97;29.18;29.50;30.07;29.09;27.32;27.72;26.77;28.95;28.55;28.65;27.40;28.25;28.22;29.01;29.16;28.43;,QUESTIONABLE,Group classification: FOOD-MEAT PRODUCTS,
SAFM,FOOD_BEVERAGE,FOOD-MEAT PRODUCTS,,,,,QUESTIONABLE,Group classification: FOOD-MEAT PRODUCTS,
MKC,FOOD_BEVERAGE,FOOD-MISC PREPARATION,,,,66.63;60.11;59.89;60.76;60.73;62.17;65.79;66.63;69.28;70.22;68.78;67.29;68.76;68.03;68.66;64.53;63.70;62.27;56.30;56.67;54.08;52.29;51.19;50.67;52.77;47.52;49.90;49.61;52.76;52.89;52.33;52.38;51.01;51.07;50.68;50.38;47.59;48.05;47.89;46.41;46.09;46.28;46.28;47.37;47.12;46.94;45.74;46.20;47.18;49.24;48.51;46.77;46.22;46.95;47.92;51.59;52.43;51.78;51.57;52.45;52.85;52.90;52.24;52.02;,HALAL,"Business activity permissible — debt ratio not verified, cross-check Musaffa/Zoya",
SJM,FOOD_BEVERAGE,FOOD-MISC PREPARATION,,,,101.06;99.96;101.55;101.21;102.68;103.66;107.01;105.23;108.75;109.32;106.51;109.17;108.15;114.73;113.42;113.47;109.99;107.28;104.84;103.84;100.29;98.28;95.80;94.07;94.13;94.44;94.17;92.76;89.91;91.20;92.91;95.08;93.95;95.02;96.97;96.95;95.85;95.77;98.16;99.23;99.10;103.64;100.48;103.36;102.98;103.20;100.47;101.12;101.77;117.05;116.49;115.99;110.86;110.47;112.50;115.89;114.86;111.66;112.32;111.60;108.81;113.97;112.50;118.05;,HALAL,"Business activity permissible — debt ratio not verified, cross-check Musaffa/Zoya",
POST,FOOD_BEVERAGE,FOOD-MISC PREPARATION,,,,98.26;98.98;98.25;97.79;102.31;102.49;104.41;113.94;110.86;111.90;108.24;106.75;105.85;105.63;106.65;106.59;105.55;104.06;97.75;97.68;95.46;96.72;96.02;95.73;97.20;97.23;100.47;101.54;101.02;100.59;99.55;104.06;104.23;103.65;103.11;104.75;103.84;103.74;102.05;102.75;102.78;99.61;97.51;97.17;96.75;91.84;90.62;88.72;90.05;93.53;93.14;92.37;88.41;88.93;89.26;89.73;90.94;88.50;85.91;86.28;85.12;87.89;87.34;91.01;,HALAL,"Business activity permissible — debt ratio not verified, cross-check Musaffa/Zoya",
TWNK,FOOD_BEVERAGE,FOOD-MISC PREPARATION,,,,,HALAL,"Business activity permissible — debt ratio not verified, cross-check Musaffa/Zoya",
FLO,FOOD_BEVERAGE,FOOD-MISC PREPARATION,,,,10.57;10.51;10.77;10.61;10.94;10.73;11.40;11.32;11.19;9.92;9.47;9.64;9.60;9.49;9.12;8.66;8.95;8.52;8.49;8.75;8.29;8.05;8.13;8.23;8.24;8.00;8.12;7.95;7.93;8.13;8.43;8.62;8.61;8.66;8.79;8.91;8.22;8.48;8.30;7.96;7.19;7.21;7.12;7.81;7.68;7.52;7.29;7.18;7.37;7.65;7.79;7.60;7.78;7.55;7.60;8.05;8.41;8.61;8.37;8.34;8.29;8.65;8.49;8.26;,HALAL,"Business activity permissible — debt ratio not verified, cross-check Musaffa/Zoya",
INGR,FOOD_BEVERAGE,FOOD-MISC PREPARATION,,,,113.16;114.08;114.84;114.60;116.23;118.50;117.00;117.40;117.99;116.43;114.57;115.30;116.05;115.28;115.11;111.88;113.01;110.79;109.55;110.24;109.58;107.43;108.31;110.05;110.67;110.30;113.27;112.58;113.67;112.05;112.84;113.22;111.64;111.71;112.03;110.77;105.95;105.45;106.46;105.84;101.36;100.54;99.83;101.52;103.06;100.56;100.24;98.60;98.80;101.65;100.71;99.94;97.08;97.13;95.98;94.58;95.62;99.29;97.96;98.75;98.20;102.24;102.52;102.45;,HALAL,"Business activity permissible — debt ratio not verified, cross-check Musaffa/Zoya",
USFD,FOOD_BEVERAGE,FOOD-MISC PREPARATION,,,,83.44;81.89;80.26;83.79;83.62;87.89;87.89;90.12;89.93;99.93;96.59;96.71;96.55;95.36;95.41;93.14;90.21;90.85;92.61;91.74;88.96;89.40;91.13;92.10;90.96;90.83;90.91;91.68;91.42;92.47;89.80;93.27;92.26;93.20;90.38;93.49;91.06;92.05;84.40;83.97;83.96;82.05;81.12;80.47;82.39;81.85;80.72;82.20;86.79;90.18;93.32;93.22;91.91;94.01;96.22;102.44;101.90;102.86;99.88;100.98;101.00;99.13;95.03;96.06;,HALAL,"Business activity permissible — debt ratio not verified, cross-check Musaffa/Zoya",
GIS,FOOD_BEVERAGE,FOOD-PACKAGED,,,,42.97;43.01;43.14;42.87;44.72;44.95;46.76;46.50;47.38;46.73;43.85;43.13;43.91;43.43;43.62;42.11;42.81;40.87;38.09;37.68;36.34;35.78;35.57;34.82;35.87;35.97;36.41;35.38;34.98;34.11;34.72;34.68;34.59;34.37;34.16;34.71;33.84;34.47;34.09;33.55;32.57;32.88;33.05;33.12;33.08;33.23;32.51;31.65;32.58;33.24;33.92;33.81;32.85;33.84;34.80;35.76;37.13;35.51;35.71;36.22;36.46;38.70;37.58;36.91;,HALAL,"Business activity permissible — debt ratio not verified, cross-check Musaffa/Zoya",
K,FOOD_BEVERAGE,FOOD-PACKAGED,,,,,HALAL,"Business activity permissible — debt ratio not verified, cross-check Musaffa/Zoya",
KHC,FOOD_BEVERAGE,FOOD-PACKAGED,,,,22.95;21.95;22.78;22.40;22.93;23.06;23.61;23.74;24.14;23.96;23.14;23.57;23.94;23.73;23.68;23.22;24.10;23.24;21.93;22.31;21.69;21.19;20.94;21.18;21.94;21.87;23.15;22.54;22.65;21.72;22.19;21.81;21.50;21.55;22.07;22.26;22.02;22.66;23.53;22.95;22.90;22.93;23.11;23.37;23.95;23.58;22.91;22.07;23.35;24.05;24.39;23.80;22.82;22.47;23.47;24.19;25.01;24.82;24.92;24.85;25.08;26.23;25.86;25.96;,HALAL,"Business activity permissible — debt ratio not verified, cross-check Musaffa/Zoya",
MKC,FOOD_BEVERAGE,FOOD-PACKAGED,,,,66.63;60.11;59.89;60.76;60.73;62.17;65.79;66.63;69.28;70.22;68.78;67.29;68.76;68.03;68.66;64.53;63.70;62.27;56.30;56.67;54.08;52.29;51.19;50.67;52.77;47.52;49.90;49.61;52.76;52.89;52.33;52.38;51.01;51.07;50.68;50.38;47.59;48.05;47.89;46.41;46.09;46.28;46.28;47.37;47.12;46.94;45.74;46.20;47.18;49.24;48.51;46.77;46.22;46.95;47.92;51.59;52.43;51.78;51.57;52.45;52.85;52.90;52.24;52.02;,HALAL,"Business activity permissible — debt ratio not verified, cross-check Musaffa/Zoya",
POST,FOOD_BEVERAGE,FOOD-PACKAGED,,,,98.26;98.98;98.25;97.79;102.31;102.49;104.41;113.94;110.86;111.90;108.24;106.75;105.85;105.63;106.65;106.59;105.55;104.06;97.75;97.68;95.46;96.72;96.02;95.73;97.20;97.23;100.47;101.54;101.02;100.59;99.55;104.06;104.23;103.65;103.11;104.75;103.84;103.74;102.05;102.75;102.78;99.61;97.51;97.17;96.75;91.84;90.62;88.72;90.05;93.53;93.14;92.37;88.41;88.93;89.26;89.73;90.94;88.50;85.91;86.28;85.12;87.89;87.34;91.01;,HALAL,"Business activity permissible — debt ratio not verified, cross-check Musaffa/Zoya",
BRBR,FOOD_BEVERAGE,FOOD-PACKAGED,,,,26.78;27.90;25.58;24.78;24.87;20.88;19.48;18.77;17.59;17.87;18.52;19.04;18.34;18.84;18.15;17.52;17.39;17.09;16.73;18.68;17.39;17.22;15.88;15.14;16.14;15.64;15.73;15.73;15.01;15.47;16.23;16.48;16.51;16.20;16.93;17.80;17.36;11.10;10.31;9.48;9.15;9.26;8.97;8.91;8.59;8.36;9.04;8.69;7.90;8.63;8.81;8.83;9.46;11.27;11.39;12.38;13.35;13.45;13.18;12.48;12.10;11.99;12.15;12.78;,HALAL,"Business activity permissible — debt ratio not verified, cross-check Musaffa/Zoya",
SMPL,FOOD_BEVERAGE,FOOD-PACKAGED,,,,,HALAL,"Business activity permissible — debt ratio not verified, cross-check Musaffa/Zoya",
WHR,HOUSEHOLD,HOUSEHOLD-APPLIANCES & WARES,,,,85.00;88.49;83.61;79.82;78.95;84.39;83.98;86.72;91.61;87.54;85.31;83.39;70.74;68.23;64.06;59.95;58.76;57.55;57.14;56.32;54.35;52.26;53.84;53.61;50.87;54.28;56.29;56.16;56.51;55.27;55.99;57.25;55.65;53.80;55.20;56.06;53.07;54.73;44.96;41.29;42.53;39.47;41.51;42.67;44.36;43.42;41.01;40.00;39.56;40.11;42.89;40.11;38.86;36.19;37.74;38.00;40.17;38.04;37.67;40.72;38.65;39.89;36.91;37.14;,HALAL,"Business activity permissible — debt ratio not verified, cross-check Musaffa/Zoya",
NWL,HOUSEHOLD,HOUSEHOLD-APPLIANCES & WARES,,,,4.07;4.20;4.22;4.16;4.10;4.25;4.36;4.38;4.35;4.54;4.58;4.71;4.45;4.46;4.35;4.45;4.16;4.15;4.04;3.82;3.69;3.29;3.48;3.40;3.24;3.46;3.42;3.75;3.81;3.96;4.17;4.28;4.04;4.15;3.93;4.00;4.52;4.53;4.45;3.97;3.87;3.58;3.46;3.57;3.59;3.40;3.26;3.84;4.21;4.48;4.92;4.74;4.92;5.12;5.89;6.06;5.89;5.57;5.06;5.17;5.02;5.43;5.13;5.39;,HALAL,"Business activity permissible — debt ratio not verified, cross-check Musaffa/Zoya",
HELE,HOUSEHOLD,HOUSEHOLD-APPLIANCES & WARES,,,,19.11;19.02;17.78;17.31;16.56;17.34;18.16;18.90;17.72;17.64;18.65;18.52;16.99;17.74;17.15;16.84;16.47;16.15;16.76;15.78;15.09;14.85;14.86;14.85;14.01;14.49;15.60;16.43;16.73;17.34;17.79;19.78;19.77;23.62;23.45;23.15;23.42;25.59;24.71;23.97;23.43;23.95;23.95;25.65;27.25;27.14;26.73;25.03;25.26;27.53;29.86;28.60;26.47;25.98;27.83;28.68;29.34;27.53;25.18;26.34;27.22;28.67;27.99;28.19;,HALAL,"Business activity permissible — debt ratio not verified, cross-check Musaffa/Zoya",
ENR,HOUSEHOLD,HOUSEHOLD-APPLIANCES & WARES,,,,,HALAL,"Business activity permissible — debt ratio not verified, cross-check Musaffa/Zoya",
JCI,HOUSEHOLD,HOUSEHOLD-APPLIANCES & WARES,,,,113.89;113.84;114.40;116.06;118.57;123.29;131.75;138.19;140.14;138.43;138.67;142.95;143.87;142.58;144.61;139.18;131.63;133.16;130.18;131.33;133.39;129.34;136.05;131.21;126.23;134.35;133.38;138.62;142.14;141.66;137.17;140.59;139.42;141.53;141.20;145.63;144.00;142.75;139.14;140.65;144.63;136.93;137.37;137.98;137.82;133.69;141.60;146.99;143.65;138.98;144.56;145.17;144.82;141.28;145.49;140.47;144.80;142.72;140.23;142.81;145.24;141.26;139.37;142.49;,HALAL,"Business activity permissible — debt ratio not verified, cross-check Musaffa/Zoya",
SONO,HOUSEHOLD,HOUSEHOLD-AUDIO/VIDEO,,,,15.32;15.53;15.01;14.57;14.35;14.63;16.56;17.07;16.50;15.51;15.70;15.41;14.80;15.75;14.70;15.33;14.27;14.23;13.77;13.34;13.33;13.12;13.48;12.81;12.99;13.72;13.59;13.28;12.97;13.66;14.14;14.62;14.71;14.75;14.48;14.83;14.87;14.76;15.06;14.71;14.69;14.76;15.02;15.51;15.93;15.78;16.47;16.25;14.96;14.67;15.36;14.84;14.68;14.16;13.76;13.58;13.40;13.60;13.82;14.50;15.22;14.27;15.20;14.66;,HALAL,"Business activity permissible — debt ratio not verified, cross-check Musaffa/Zoya",
GPRO,HOUSEHOLD,HOUSEHOLD-AUDIO/VIDEO,,,,1.29;1.33;1.25;1.22;1.16;1.16;0.99;1.02;0.93;0.86;0.83;0.81;0.79;0.87;0.89;1.08;0.76;0.75;0.74;0.71;0.70;0.63;0.65;0.67;0.67;0.72;0.78;0.77;0.77;0.88;1.20;1.28;1.33;1.33;1.52;1.65;1.44;1.40;1.37;1.13;1.11;1.07;0.96;1.00;1.26;1.25;1.14;1.00;0.87;0.79;0.77;0.79;0.79;0.72;0.77;0.76;0.73;0.74;0.73;0.76;0.70;0.68;0.68;0.74;,HALAL,"Business activity permissible — debt ratio not verified, cross-check Musaffa/Zoya",
VZIO,HOUSEHOLD,HOUSEHOLD-AUDIO/VIDEO,,,,,HALAL,"Business activity permissible — debt ratio not verified, cross-check Musaffa/Zoya",
VOXX,HOUSEHOLD,HOUSEHOLD-AUDIO/VIDEO,,,,,HALAL,"Business activity permissible — debt ratio not verified, cross-check Musaffa/Zoya",
LZB,HOUSEHOLD,HOUSEHOLD-HOUSEWARES,,,,37.78;38.30;37.81;36.64;35.93;36.75;38.00;37.83;36.97;37.83;35.06;36.53;34.81;36.01;35.18;35.55;34.35;33.30;32.70;33.39;32.37;31.34;32.31;32.41;31.75;31.68;31.88;32.50;33.56;33.89;33.89;35.87;35.81;35.17;35.90;34.52;33.33;35.14;35.50;35.27;34.70;34.33;35.32;36.41;37.33;37.34;36.43;36.45;36.23;37.36;38.49;35.06;39.66;40.30;40.80;39.95;39.77;39.40;38.42;39.18;38.58;40.56;39.92;39.30;,HALAL,"Business activity permissible — debt ratio not verified, cross-check Musaffa/Zoya",
MHK,HOUSEHOLD,HOUSEHOLD-HOUSEWARES,,,,119.82;125.25;120.46;119.74;118.38;124.75;131.01;132.14;134.90;132.60;131.00;127.00;125.85;124.74;119.22;115.09;107.37;108.12;103.00;103.59;101.67;96.21;101.96;98.58;95.35;99.45;96.94;100.98;103.48;105.58;102.15;109.51;108.40;107.74;106.30;105.56;94.93;104.38;103.83;99.48;98.74;96.87;100.42;102.40;105.98;107.42;105.66;105.20;101.41;101.75;107.64;111.52;112.30;108.66;121.00;118.77;119.86;116.19;107.52;109.97;109.92;114.69;108.00;110.41;,HALAL,"Business activity permissible — debt ratio not verified, cross-check Musaffa/Zoya",
ETD,HOUSEHOLD,HOUSEHOLD-HOUSEWARES,,,,23.33;23.89;23.78;23.28;22.11;22.49;23.09;23.73;23.14;23.36;22.94;23.12;22.50;22.72;22.11;22.26;21.78;21.62;21.57;21.74;21.76;21.45;21.93;21.86;21.64;21.86;21.43;21.42;21.93;22.00;21.69;22.28;22.18;21.97;21.98;20.90;19.63;20.08;19.97;18.74;18.98;19.30;19.66;19.74;20.57;20.62;20.44;20.79;20.69;21.35;21.58;21.09;21.17;21.66;21.98;22.11;21.87;21.25;21.22;21.73;22.23;23.20;23.09;22.85;,HALAL,"Business activity permissible — debt ratio not verified, cross-check Musaffa/Zoya",
HVT,HOUSEHOLD,HOUSEHOLD-HOUSEWARES,,,,24.94;26.04;25.43;24.49;24.59;25.62;26.06;25.81;25.57;25.19;25.12;25.43;24.59;23.22;22.50;22.64;22.24;21.60;21.25;21.33;21.02;20.50;20.40;21.06;20.74;21.09;20.73;21.89;22.08;22.19;22.29;23.05;22.54;22.39;22.01;21.82;20.30;21.41;21.88;20.41;20.62;20.89;21.49;22.03;23.36;22.86;22.84;22.81;22.51;23.39;23.73;23.58;24.34;24.73;25.14;25.48;25.44;25.05;24.59;25.10;25.19;26.23;25.45;25.36;,HALAL,"Business activity permissible — debt ratio not verified, cross-check Musaffa/Zoya",
FLXS,HOUSEHOLD,HOUSEHOLD-HOUSEWARES,,,,39.54;42.06;39.46;38.19;39.71;42.82;45.66;56.54;55.18;57.10;54.13;52.90;52.60;53.01;49.92;52.35;46.63;46.37;45.61;45.04;44.81;43.05;45.47;44.45;44.62;46.75;46.35;47.55;48.31;46.32;44.64;46.08;49.49;48.02;55.80;55.09;54.24;54.78;55.63;55.23;55.78;52.98;55.03;56.00;56.81;57.40;58.97;58.13;56.27;57.93;62.84;62.21;64.61;66.39;68.77;73.05;76.20;72.59;69.98;71.30;71.63;73.18;73.09;74.96;,HALAL,"Business activity permissible — debt ratio not verified, cross-check Musaffa/Zoya",
UNH,INSURANCE,INSURANCE-ACC & HEALTH,,,,333.91;349.74;346.95;290.09;283.10;280.39;264.96;272.02;275.19;289.28;284.35;286.13;270.29;282.83;290.99;288.06;282.66;280.74;275.48;283.87;282.72;274.02;270.73;266.53;260.30;272.42;279.76;304.24;302.60;312.41;314.60;321.64;351.51;352.90;364.69;368.38;368.64;365.19;377.82;394.14;396.82;388.91;381.12;386.26;381.83;378.15;375.77;394.22;404.26;405.15;406.20;407.65;400.96;409.25;415.53;419.82;426.54;417.99;425.60;424.62;425.19;423.38;421.55;431.31;,HARAM,Group classification: INSURANCE-ACC & HEALTH,
ELV,INSURANCE,INSURANCE-ACC & HEALTH,,,,,HARAM,Group classification: INSURANCE-ACC & HEALTH,
CI,INSURANCE,INSURANCE-ACC & HEALTH,,,,268.20;277.25;277.27;269.33;271.04;272.30;281.34;291.10;291.43;288.17;286.87;277.17;277.85;285.58;287.59;281.55;270.06;260.93;264.35;266.80;263.09;261.33;264.34;270.51;256.59;265.78;274.10;275.96;269.69;271.03;274.78;278.31;273.12;274.05;283.28;288.91;277.74;280.36;286.40;296.77;293.23;285.04;281.47;284.59;284.10;275.80;271.15;280.68;289.61;295.81;298.00;291.88;279.27;283.08;281.87;278.74;277.07;281.98;289.73;293.46;303.35;283.82;283.94;284.85;,HARAM,Group classification: INSURANCE-ACC & HEALTH,
HUM,INSURANCE,INSURANCE-ACC & HEALTH,,,,266.02;264.32;261.68;192.58;193.76;191.59;192.12;188.09;174.10;182.74;185.74;188.43;173.35;185.45;185.90;181.76;177.83;172.34;162.46;168.73;169.16;168.64;170.96;173.84;165.61;176.53;182.22;197.92;191.70;195.75;200.29;209.84;216.89;214.72;229.18;235.88;237.40;245.75;274.31;294.65;300.64;305.28;303.38;307.23;305.55;304.70;320.12;348.98;355.14;363.60;378.33;368.62;359.80;358.28;375.11;388.90;409.42;392.86;396.29;392.22;406.77;386.48;398.20;397.60;,HARAM,Group classification: INSURANCE-ACC & HEALTH,
CNC,INSURANCE,INSURANCE-ACC & HEALTH,,,,45.76;45.42;46.28;41.90;43.32;42.51;39.92;38.04;40.43;40.58;43.07;43.24;42.37;42.93;44.60;44.99;43.65;36.40;34.57;34.76;36.16;34.40;32.98;33.56;31.80;33.95;35.40;37.28;37.30;37.26;39.00;38.31;38.93;41.82;49.57;53.69;53.56;55.33;55.96;59.31;58.70;58.23;58.28;59.14;58.82;59.60;59.99;62.70;65.03;65.34;65.19;61.39;61.02;63.14;64.77;64.54;68.35;66.05;67.09;67.35;68.72;63.89;65.84;65.89;,HARAM,Group classification: INSURANCE-ACC & HEALTH,
MOH,INSURANCE,INSURANCE-ACC & HEALTH,,,,191.27;198.75;201.05;187.00;179.59;181.40;176.84;127.53;122.65;135.35;142.61;151.00;148.31;146.36;152.42;150.04;144.47;141.32;149.19;146.49;148.63;139.41;141.74;138.80;131.47;135.82;143.36;147.55;145.88;147.51;148.87;150.12;153.00;175.94;185.46;194.62;195.53;197.44;185.94;191.58;186.80;184.88;182.24;184.14;177.87;173.60;179.86;192.81;198.41;197.89;200.28;200.21;195.37;196.56;216.04;229.54;232.55;227.70;230.94;233.31;241.56;224.82;229.71;221.74;,HARAM,Group classification: INSURANCE-ACC & HEALTH,
AET,INSURANCE,INSURANCE-ACC & HEALTH,,,,,HARAM,Group classification: INSURANCE-ACC & HEALTH,
MMC,INSURANCE,INSURANCE-BROKERS,,,,,HARAM,Group classification: INSURANCE-BROKERS,
AON,INSURANCE,INSURANCE-BROKERS,,,,338.61;335.08;337.98;332.12;348.72;345.93;342.46;309.52;309.15;320.85;322.13;324.21;318.49;329.40;336.91;340.28;339.70;320.12;315.08;325.89;317.04;324.77;326.17;322.92;323.21;320.49;325.31;328.89;311.75;322.17;334.46;331.08;326.00;320.30;320.83;310.83;314.92;308.27;312.79;316.35;315.41;326.57;321.15;324.78;318.54;316.06;317.86;322.24;325.85;336.33;335.31;331.45;317.74;320.74;315.95;327.57;343.56;356.91;357.51;356.94;358.89;368.63;362.78;352.33;,HARAM,Group classification: INSURANCE-BROKERS,
WTW,INSURANCE,INSURANCE-BROKERS,,,,319.56;320.24;319.77;312.15;315.27;332.78;325.05;288.08;278.15;285.75;299.83;299.72;289.25;306.15;302.01;302.38;300.84;287.26;284.64;289.45;285.40;289.23;291.33;284.81;287.71;286.49;289.97;289.77;279.12;287.43;294.76;295.48;290.34;286.69;289.83;255.27;259.08;251.49;255.43;250.53;246.74;255.93;253.13;256.47;253.12;248.76;255.48;257.65;257.18;262.95;261.68;258.71;254.27;256.62;256.76;263.74;275.04;287.66;292.58;289.65;288.74;294.33;293.30;286.51;,HARAM,Group classification: INSURANCE-BROKERS,
AJG,INSURANCE,INSURANCE-BROKERS,,,,253.26;248.79;253.79;240.83;247.79;246.16;241.21;216.41;204.01;207.13;213.13;215.13;214.61;223.79;227.81;224.15;227.37;211.02;203.53;211.15;208.79;214.11;215.56;209.57;215.23;215.62;218.54;220.07;212.84;219.18;223.34;222.33;220.38;214.67;212.71;205.72;206.34;196.26;198.21;196.75;197.02;206.46;202.93;204.07;202.18;200.44;205.09;210.30;212.52;220.14;218.69;215.90;214.06;215.78;217.86;227.12;239.67;249.77;256.61;253.09;253.83;255.93;253.66;242.50;,HARAM,Group classification: INSURANCE-BROKERS,
BRO,INSURANCE,INSURANCE-BROKERS,,,,78.70;78.21;79.21;71.72;71.72;71.59;72.46;68.47;66.82;68.27;69.49;69.39;69.64;71.01;72.15;71.64;73.29;68.38;67.45;68.99;66.88;66.85;66.31;64.95;65.07;64.21;66.33;67.56;64.89;66.35;68.62;67.58;67.68;65.71;62.96;59.97;57.47;56.39;56.28;55.77;55.78;58.69;57.43;57.82;56.81;56.25;56.59;57.38;58.00;60.18;59.99;59.70;59.10;60.40;60.83;63.96;67.36;68.43;68.41;67.66;68.50;69.44;68.94;65.39;,HARAM,Group classification: INSURANCE-BROKERS,
RYAN,INSURANCE,INSURANCE-BROKERS,,,,51.80;50.02;49.84;47.19;47.92;46.60;46.66;43.45;42.73;38.42;40.05;40.99;38.70;39.08;40.04;39.34;39.55;36.30;36.02;36.01;34.87;34.54;33.38;32.90;32.83;32.89;34.02;34.76;34.43;35.55;37.21;37.73;36.14;34.47;34.60;34.63;29.54;29.27;31.18;31.51;31.20;33.67;33.03;32.68;32.71;31.85;32.29;31.81;31.65;34.67;35.64;35.44;34.97;34.51;35.95;39.13;40.03;41.21;41.29;40.41;41.18;42.34;41.97;39.29;,HARAM,Group classification: INSURANCE-BROKERS,
GSHD,INSURANCE,INSURANCE-BROKERS,,,,68.84;69.13;68.28;62.61;61.84;60.37;64.01;57.45;49.51;48.69;47.38;44.45;50.06;53.96;55.33;50.74;50.14;46.19;43.96;44.93;45.00;42.42;42.00;42.08;42.30;41.80;44.49;45.63;40.49;40.50;43.25;44.65;45.58;48.26;48.94;44.79;43.59;41.07;40.86;39.65;36.85;42.14;41.37;41.68;37.68;34.39;36.10;35.82;36.51;38.62;36.82;37.45;36.88;40.06;43.97;47.98;50.61;53.00;56.90;53.54;50.30;55.17;57.23;51.40;,HARAM,Group classification: INSURANCE-BROKERS,
ERIE,INSURANCE,INSURANCE-BROKERS,,,,283.61;282.09;277.35;270.41;279.78;277.55;282.36;266.49;277.29;275.93;274.24;269.92;254.08;265.63;263.71;269.08;256.89;241.21;240.26;244.41;241.09;237.63;237.79;240.48;245.16;244.17;251.43;251.94;252.32;248.01;239.90;252.19;248.58;232.29;228.63;217.68;209.45;212.34;214.67;217.26;212.10;220.25;220.81;222.95;219.45;211.86;206.36;218.26;222.47;230.66;225.38;224.36;219.88;219.86;228.65;236.16;247.85;255.67;251.36;251.81;238.47;225.94;225.01;210.86;,HARAM,Group classification: INSURANCE-BROKERS,
BRK-B,INSURANCE,INSURANCE-DIVERSIFIED,,,,485.39;484.49;483.47;473.49;480.53;493.74;503.89;498.08;500.02;497.55;499.07;498.20;494.51;502.67;480.17;487.48;498.98;494.14;491.89;492.21;484.47;480.94;479.33;475.27;474.66;478.50;476.38;479.75;479.90;477.54;475.12;472.08;465.40;469.32;478.16;473.60;468.52;469.83;475.94;484.96;484.06;488.38;480.90;486.38;479.92;474.48;471.51;478.63;487.00;483.68;489.25;494.95;489.46;492.81;487.81;496.00;499.74;506.58;494.79;493.71;491.09;493.12;491.25;489.39;,QUESTIONABLE,Berkshire — large insurance subsidiaries; scholar-disputed,
BRK-A,INSURANCE,INSURANCE-DIVERSIFIED,,,,727500.00;726200.00;726420.00;709500.00;722500.00;740150.00;756943.00;747806.00;748456.00;751425.00;747960.00;746500.00;741200.00;753250.00;720000.00;730707.00;747800.00;740000.00;736625.00;738000.00;726540.00;720702.00;718250.00;712500.00;712700.00;716258.00;716500.00;720512.00;720003.00;716783.00;712700.00;706750.00;702980.00;704760.00;717550.00;711900.00;702790.00;705940.00;717387.00;728500.00;727180.00;730000.00;720840.00;728641.00;719000.00;710900.00;707210.00;718420.00;726685.00;727000.00;732100.00;742386.00;733610.00;737800.00;733400.00;743510.00;751000.00;757000.00;748250.00;739750.00;737000.00;738500.00;736200.00;732750.00;,QUESTIONABLE,Berkshire — large insurance subsidiaries; scholar-disputed,
AIG,INSURANCE,INSURANCE-DIVERSIFIED,,,,71.54;71.41;72.87;72.48;73.95;73.21;75.02;73.97;77.47;77.30;78.80;79.44;78.85;79.35;80.11;77.33;77.74;77.08;75.53;76.03;73.84;73.90;73.85;73.78;73.56;75.06;75.92;76.92;76.36;76.51;77.70;78.04;75.53;74.64;73.67;74.31;77.05;77.18;75.86;75.90;75.21;77.84;77.51;76.54;74.77;73.74;73.31;72.96;73.61;74.45;75.24;75.21;74.02;76.53;74.85;75.12;76.59;80.75;79.62;79.17;79.00;78.03;79.80;78.25;,HARAM,Group classification: INSURANCE-DIVERSIFIED,
HIG,INSURANCE,INSURANCE-DIVERSIFIED,,,,127.65;128.79;129.57;129.50;133.85;137.20;141.02;138.13;140.75;139.98;139.99;140.92;139.28;139.81;141.19;141.50;138.59;136.60;133.78;134.11;132.08;132.02;134.77;134.25;133.81;134.01;135.78;138.24;136.58;138.12;137.63;138.28;137.46;133.82;138.13;136.16;133.18;132.86;131.40;132.48;133.63;135.92;136.04;135.38;131.07;126.53;127.17;127.33;127.59;129.26;129.62;131.02;128.25;131.33;130.37;133.49;133.89;137.64;138.74;138.78;138.15;136.65;140.50;140.84;,HARAM,Group classification: INSURANCE-DIVERSIFIED,
CB,INSURANCE,INSURANCE-DIVERSIFIED,,,,299.24;299.10;301.66;301.81;307.69;311.49;329.28;324.20;327.08;322.99;327.30;329.62;334.81;335.88;340.69;332.12;326.02;323.27;327.57;329.09;326.96;321.58;324.60;323.30;324.34;326.14;325.88;331.61;326.89;324.73;327.40;328.96;324.42;325.11;329.31;325.98;324.11;320.90;318.65;321.04;319.09;329.30;327.36;326.87;319.63;310.76;311.30;313.52;320.88;329.55;328.14;328.89;323.40;332.11;330.82;343.29;351.73;356.53;355.09;347.83;346.22;343.70;352.53;343.23;,HARAM,Group classification: INSURANCE-DIVERSIFIED,
ACGL,INSURANCE,INSURANCE-DIVERSIFIED,,,,91.80;92.51;93.70;94.17;96.04;96.82;101.98;96.06;98.61;98.38;98.06;98.49;99.18;99.65;101.06;98.42;97.21;96.19;94.22;93.70;92.87;92.30;93.60;94.12;95.62;95.49;96.79;98.60;95.97;96.20;97.10;97.49;96.77;96.19;97.06;94.46;93.65;94.70;93.80;94.31;93.46;95.87;96.84;96.30;91.40;89.34;87.62;88.34;89.61;91.31;91.66;92.58;91.18;93.71;94.33;98.06;98.55;101.81;102.01;101.06;101.53;100.04;101.83;98.63;,HARAM,Group classification: INSURANCE-DIVERSIFIED,
EG,INSURANCE,INSURANCE-DIVERSIFIED,,,,316.12;317.80;323.14;320.97;327.27;325.83;321.94;318.22;328.39;333.93;341.32;338.33;335.53;333.73;335.52;330.06;330.06;323.53;318.43;318.61;317.96;314.14;321.84;321.96;321.41;321.94;326.47;331.28;327.91;339.21;342.36;348.55;342.95;341.34;345.01;354.64;345.45;349.81;349.43;349.58;345.92;353.70;356.29;350.61;341.29;322.10;318.88;317.60;328.96;334.55;339.40;337.74;335.63;343.56;343.02;360.79;359.93;372.93;371.29;370.58;371.85;373.22;378.99;373.07;,HARAM,Group classification: INSURANCE-DIVERSIFIED,
RE,INSURANCE,INSURANCE-DIVERSIFIED,,,,,HARAM,Group classification: INSURANCE-DIVERSIFIED,
MET,INSURANCE,INSURANCE-LIFE,,,,74.46;75.79;76.04;75.14;77.72;76.32;74.75;75.70;78.29;76.72;78.62;78.50;74.77;75.36;72.68;72.76;71.28;70.06;68.27;68.63;68.08;68.04;69.36;69.21;67.75;70.63;70.50;73.77;73.32;75.46;76.50;77.11;76.38;77.11;77.68;79.49;78.35;79.55;77.49;78.64;79.18;81.41;82.51;84.06;83.20;82.69;82.82;83.46;84.38;86.13;88.84;87.40;85.58;88.03;84.63;85.99;87.20;90.46;90.10;91.65;92.54;93.70;92.99;93.27;,HARAM,Group classification: INSURANCE-LIFE,
PRU,INSURANCE,INSURANCE-LIFE,,,,105.46;105.87;106.08;104.82;108.15;104.32;97.16;99.48;102.45;101.82;102.93;102.05;99.04;100.93;98.61;97.46;95.81;94.19;91.10;91.97;91.66;91.78;93.53;93.99;93.21;96.66;96.50;95.35;95.60;97.43;98.44;101.22;93.57;92.94;95.61;96.79;96.34;98.81;99.45;101.20;101.81;101.60;101.83;102.72;101.49;100.64;102.72;103.32;103.72;105.17;108.50;109.16;106.53;108.48;107.03;109.20;111.07;114.28;112.67;115.37;114.79;118.25;117.97;118.85;,HARAM,Group classification: INSURANCE-LIFE,
AFL,INSURANCE,INSURANCE-LIFE,,,,108.12;107.17;107.81;107.79;109.80;110.87;116.25;112.02;115.04;113.71;113.03;113.44;111.88;113.38;112.77;111.90;110.72;109.73;109.07;108.55;107.36;105.67;105.65;107.65;107.61;109.08;109.69;112.42;110.13;111.36;113.12;114.08;114.16;114.03;115.69;113.08;112.75;112.82;112.52;115.56;115.79;118.06;117.22;117.86;114.85;112.42;113.63;115.29;115.24;117.11;117.80;117.41;115.47;118.79;118.23;120.08;118.49;120.47;121.44;121.91;122.05;123.02;124.08;123.58;,HARAM,Group classification: INSURANCE-LIFE,
LNC,INSURANCE,INSURANCE-LIFE,,,,38.79;40.27;40.21;39.92;40.61;39.73;38.30;38.73;37.57;39.89;40.83;38.94;34.77;35.98;33.67;34.23;33.22;32.87;31.80;32.63;32.96;32.99;34.27;34.96;33.26;34.39;34.43;34.80;33.81;34.95;35.45;36.71;36.41;36.55;36.95;37.38;36.50;37.19;35.39;34.69;34.16;34.29;35.08;35.62;34.80;34.89;34.50;33.65;34.65;35.80;36.88;37.54;36.75;37.75;35.93;36.16;35.82;37.95;38.28;39.73;41.26;41.88;41.61;41.70;,HARAM,Group classification: INSURANCE-LIFE,
PFG,INSURANCE,INSURANCE-LIFE,,,,87.06;90.61;91.44;92.47;93.13;93.69;93.90;94.32;91.25;88.88;90.90;94.16;93.26;95.87;94.22;91.93;90.71;88.23;85.51;85.77;85.99;84.40;87.03;88.24;87.53;89.37;90.39;93.45;91.07;93.40;93.24;95.43;96.66;98.55;99.27;100.11;98.67;100.75;99.70;100.04;99.97;101.59;102.00;103.03;103.74;102.80;103.31;103.51;105.03;109.21;111.12;111.17;109.57;112.36;105.44;108.51;108.93;112.55;110.74;112.23;112.92;113.12;112.06;108.25;,HARAM,Group classification: INSURANCE-LIFE,
GL,INSURANCE,INSURANCE-LIFE,,,,136.43;137.73;137.50;137.97;139.63;143.05;146.34;140.83;143.33;143.65;143.00;143.79;141.70;145.47;145.72;144.15;141.59;142.31;138.19;139.24;137.05;136.23;138.00;138.22;135.88;139.84;143.10;147.58;145.57;147.93;149.41;150.82;150.97;152.28;152.39;154.02;152.37;154.11;150.80;154.63;154.19;157.06;154.18;155.99;154.11;152.96;150.77;154.03;156.84;162.22;166.46;168.86;170.45;175.26;176.08;178.92;179.74;176.98;177.07;179.13;178.99;184.56;184.25;184.00;,HARAM,Group classification: INSURANCE-LIFE,
AEL,INSURANCE,INSURANCE-LIFE,,,,,HARAM,Group classification: INSURANCE-LIFE,
EQH,INSURANCE,INSURANCE-LIFE,,,,45.02;45.72;45.47;45.46;45.75;44.05;42.79;45.36;43.92;43.77;44.91;43.60;40.53;41.33;39.92;39.85;38.98;38.98;36.79;37.50;37.57;37.08;37.30;38.25;35.39;37.35;38.17;38.56;37.16;38.93;41.68;41.34;41.27;40.80;41.54;41.89;41.19;43.40;42.29;40.31;42.21;42.47;42.10;42.27;41.08;41.05;41.59;40.21;41.32;41.91;44.02;45.29;45.29;44.93;43.84;44.16;44.05;47.48;45.71;47.00;47.30;49.00;48.10;48.75;,HARAM,Group classification: INSURANCE-LIFE,
TRV,INSURANCE,INSURANCE-PROP/CAS/TITLE,,,,267.51;276.31;279.52;279.85;282.30;285.99;297.97;290.54;296.70;291.92;296.14;302.56;303.05;303.86;308.25;309.60;303.93;301.18;300.75;303.37;298.00;295.37;291.79;289.92;290.61;289.32;294.32;300.33;296.02;298.34;297.60;299.53;300.42;301.47;308.73;303.87;300.27;300.33;296.80;297.02;297.05;304.72;305.68;305.18;298.69;290.67;290.64;292.21;295.49;303.36;304.46;307.51;307.81;316.96;318.29;331.88;334.62;339.17;337.94;338.92;336.83;337.82;368.50;372.08;,HARAM,Group classification: INSURANCE-PROP/CAS/TITLE,
ALL,INSURANCE,INSURANCE-PROP/CAS/TITLE,,,,191.57;193.28;194.01;195.31;196.95;199.70;212.98;197.89;202.63;205.38;207.28;204.26;207.67;210.58;211.65;213.06;211.21;206.41;203.96;206.72;203.31;204.54;206.22;206.07;206.18;203.03;207.27;210.96;209.88;213.75;212.75;214.02;213.04;211.76;215.27;216.12;218.72;216.78;212.03;214.34;215.32;220.05;220.82;215.46;207.76;205.01;210.46;210.84;215.02;223.34;221.63;223.09;221.17;231.55;231.60;241.38;243.12;248.37;251.17;251.61;250.35;241.86;253.73;251.83;,HARAM,Group classification: INSURANCE-PROP/CAS/TITLE,
PGR,INSURANCE,INSURANCE-PROP/CAS/TITLE,,,,203.72;206.72;207.80;212.54;207.80;200.84;207.36;201.34;208.17;204.33;203.08;203.88;205.88;211.53;213.20;211.20;210.40;206.76;204.98;204.51;200.98;205.80;206.01;202.71;201.20;193.17;196.29;198.00;194.04;196.50;203.38;203.69;202.62;200.80;202.94;201.19;199.15;196.71;193.91;198.33;196.79;203.91;202.51;199.42;196.82;190.32;196.73;195.29;200.17;204.11;203.02;204.57;204.78;215.59;215.44;219.76;225.20;231.67;232.90;230.72;226.58;205.80;212.23;204.54;,HARAM,Group classification: INSURANCE-PROP/CAS/TITLE,
CINF,INSURANCE,INSURANCE-PROP/CAS/TITLE,,,,159.00;156.37;156.20;156.61;159.07;161.99;169.56;166.80;161.62;160.93;161.41;161.16;158.92;163.34;168.06;166.07;163.52;162.87;162.38;164.69;158.39;156.64;157.41;156.70;155.57;156.80;159.17;162.36;160.26;162.46;162.47;165.09;165.36;163.58;164.06;162.71;158.70;159.56;160.62;162.90;164.41;166.74;167.61;167.18;162.05;156.56;157.14;159.78;161.37;165.52;168.09;170.85;169.27;175.81;177.73;186.16;187.21;189.59;181.57;179.28;180.03;176.29;180.36;179.23;,HARAM,Group classification: INSURANCE-PROP/CAS/TITLE,
WRB,INSURANCE,INSURANCE-PROP/CAS/TITLE,,,,67.04;66.83;66.20;66.98;67.88;68.48;70.56;68.54;70.81;68.99;70.08;70.36;70.99;70.94;72.59;69.76;69.30;67.25;68.09;67.92;66.66;65.15;64.45;64.68;65.66;64.70;65.57;66.62;65.11;65.40;65.68;65.61;66.90;65.94;66.52;66.23;65.73;65.53;65.09;65.97;65.44;68.15;67.63;66.94;64.71;62.97;64.60;65.72;66.15;67.54;67.66;67.76;66.58;68.96;69.29;71.01;70.66;70.92;71.28;72.19;71.98;69.90;72.73;72.36;,HARAM,Group classification: INSURANCE-PROP/CAS/TITLE,
MKL,INSURANCE,INSURANCE-PROP/CAS/TITLE,,,,2066.87;2047.08;2033.60;2010.58;2040.64;2038.65;2095.03;2076.45;2099.06;2061.88;2071.16;2082.20;2066.97;2064.65;2080.80;2040.25;1982.67;1970.64;1947.67;1955.26;1914.15;1875.35;1898.51;1899.64;1886.48;1902.58;1907.31;1952.34;1924.82;1966.19;1968.13;1964.29;1944.03;1912.45;1908.99;1772.47;1751.37;1785.58;1814.64;1833.22;1846.01;1865.59;1858.60;1857.89;1847.87;1815.59;1787.48;1778.35;1795.99;1820.94;1846.00;1879.85;1847.16;1893.97;1883.38;1956.08;1916.64;1978.05;1957.09;1949.75;1943.22;1961.25;1978.14;1944.60;,HARAM,Group classification: INSURANCE-PROP/CAS/TITLE,
RLI,INSURANCE,INSURANCE-PROP/CAS/TITLE,,,,56.94;54.69;55.86;54.43;55.81;56.98;59.18;57.60;60.20;58.86;57.72;58.14;58.37;58.73;60.12;59.60;59.09;58.16;59.37;58.88;56.51;55.51;55.53;54.87;54.90;54.53;55.57;56.16;55.54;55.38;56.49;55.40;54.69;50.57;49.93;49.58;48.58;46.94;46.97;46.48;47.77;50.75;50.41;50.34;49.85;50.04;50.96;50.35;52.11;53.94;54.35;54.05;53.09;53.84;55.13;58.40;60.66;61.78;60.70;60.65;60.14;59.58;61.71;58.99;,HARAM,Group classification: INSURANCE-PROP/CAS/TITLE,
FNF,INSURANCE,INSURANCE-PROP/CAS/TITLE,,,,51.20;53.69;53.62;53.15;53.22;53.40;55.77;55.06;55.88;55.52;54.85;51.01;50.82;51.07;50.55;49.67;49.00;47.36;45.48;46.86;47.14;42.79;43.73;45.45;45.21;45.68;46.08;47.08;46.92;47.09;47.60;49.87;50.08;51.76;52.10;51.73;50.55;50.74;50.03;47.08;47.27;48.97;48.60;48.08;47.55;46.84;45.94;45.53;46.54;47.08;47.40;47.67;46.82;47.96;46.11;47.59;47.93;48.71;48.85;49.53;49.90;51.96;50.86;50.20;,HARAM,Group classification: INSURANCE-PROP/CAS/TITLE,
FAF,INSURANCE,INSURANCE-PROP/CAS/TITLE,,,,60.30;63.97;63.79;62.77;62.15;63.64;66.00;64.58;63.29;66.13;65.08;66.26;65.99;67.18;69.15;68.44;66.50;64.98;62.87;65.61;63.45;56.38;57.63;58.95;59.09;58.80;60.00;62.87;62.79;62.90;63.30;65.81;65.93;70.29;69.93;69.55;67.75;69.39;70.46;67.27;66.46;68.05;67.60;67.64;66.98;65.69;64.66;65.36;65.17;66.13;65.74;67.82;68.63;69.44;65.41;68.78;70.46;70.09;70.02;69.31;69.76;72.01;71.73;70.52;,HARAM,Group classification: INSURANCE-PROP/CAS/TITLE,
STC,INSURANCE,INSURANCE-PROP/CAS/TITLE,,,,,HARAM,Group classification: INSURANCE-PROP/CAS/TITLE,
ORI,INSURANCE,INSURANCE-PROP/CAS/TITLE,,,,42.34;38.49;38.12;38.43;38.55;39.57;40.68;40.41;41.68;41.89;41.04;40.56;41.32;42.01;42.39;41.78;41.15;40.31;39.66;40.02;39.00;37.59;38.87;39.47;39.59;39.27;40.00;40.99;40.51;41.02;41.23;42.14;41.71;40.05;39.84;39.61;38.16;38.87;38.93;38.85;38.82;39.71;39.52;39.02;38.05;36.91;36.82;36.88;37.55;38.40;38.57;39.09;38.69;39.85;40.01;41.49;41.02;41.57;41.50;41.43;41.39;41.48;42.21;41.60;,HARAM,Group classification: INSURANCE-PROP/CAS/TITLE,
AFG,INSURANCE,INSURANCE-PROP/CAS/TITLE,,,,128.44;125.26;124.90;125.31;127.09;127.07;126.51;126.48;125.72;127.28;127.94;128.53;129.16;131.63;132.76;131.07;129.05;127.28;126.55;126.46;125.37;122.57;126.08;127.26;125.50;126.13;128.22;130.17;129.00;128.88;129.72;129.17;129.42;129.47;130.55;132.44;130.58;131.43;130.50;132.68;131.78;136.03;136.09;135.84;132.75;128.99;127.98;127.76;130.25;131.59;133.26;133.80;132.07;136.23;135.04;139.02;139.84;141.14;140.32;140.50;140.27;139.93;142.26;140.41;,HARAM,Group classification: INSURANCE-PROP/CAS/TITLE,
GOOGL,INTERNET,INTERNET-CONTENT,,,,321.58;330.11;332.83;335.57;337.56;339.27;330.82;323.90;310.56;305.32;302.94;314.57;310.50;306.98;306.12;302.74;298.13;306.86;303.37;305.38;307.51;300.82;290.27;280.75;273.34;297.21;299.81;317.13;317.05;332.71;335.82;337.22;339.12;344.19;349.57;384.57;383.02;397.80;400.56;387.12;400.83;396.70;388.68;382.74;388.60;380.11;361.63;371.97;363.31;356.38;359.68;373.25;368.03;346.13;343.71;353.65;361.21;366.46;361.92;357.18;359.51;354.46;351.99;342.09;,QUESTIONABLE,Ad-revenue exposure to non-halal advertisers,
GOOG,INTERNET,INTERNET-CONTENT,,,,321.74;330.41;333.15;335.84;338.09;340.26;330.90;323.98;310.92;305.62;303.54;314.49;310.51;306.75;305.96;303.05;297.91;306.75;303.03;304.24;306.12;298.61;289.03;280.57;272.98;294.72;297.48;314.55;315.53;330.38;332.57;335.20;337.53;342.11;347.29;381.71;379.41;394.90;396.81;383.59;396.93;392.87;384.67;379.15;384.60;376.20;358.17;369.05;361.17;353.32;358.16;371.10;367.46;346.08;342.19;351.28;357.89;364.90;358.71;355.03;357.33;353.81;351.37;341.91;,QUESTIONABLE,Same as GOOGL,
META,INTERNET,INTERNET-CONTENT,,,,603.04;646.48;671.16;667.54;715.22;690.47;669.02;676.01;667.50;638.63;642.07;654.49;638.16;655.84;652.40;666.54;643.71;652.91;637.04;626.87;615.11;593.11;592.37;547.03;535.88;578.69;572.49;611.85;629.28;661.88;676.24;670.29;674.10;674.40;670.72;611.34;609.84;612.31;609.07;602.44;617.86;610.64;604.50;609.69;634.67;631.92;597.08;626.99;584.85;570.45;566.45;600.21;577.22;562.20;542.87;562.60;612.91;600.29;603.12;669.21;661.04;664.54;645.85;627.17;,QUESTIONABLE,Ad-revenue exposure including non-halal content/ads,
PINS,INTERNET,INTERNET-CONTENT,,,,25.39;25.65;25.90;22.56;22.13;20.77;19.32;20.14;19.09;15.42;16.38;17.77;16.95;17.81;17.48;19.38;20.01;19.37;18.09;18.27;18.77;18.68;18.39;17.96;18.01;18.29;18.25;18.10;17.62;18.70;20.12;20.64;20.62;19.92;19.88;19.66;20.85;21.16;21.27;20.56;19.03;19.93;18.81;19.29;20.03;20.05;20.87;21.59;21.99;21.77;20.21;21.16;20.27;19.53;19.48;21.88;21.89;22.25;22.53;22.52;22.61;23.09;22.81;22.54;,QUESTIONABLE,Group classification: INTERNET-CONTENT,
SNAP,INTERNET,INTERNET-CONTENT,,,,7.35;7.66;7.56;7.67;6.93;6.10;5.12;5.19;4.99;4.83;4.88;5.14;4.97;5.26;5.26;5.37;5.16;4.91;4.65;4.68;4.62;4.48;4.36;4.01;4.02;4.90;4.71;4.73;4.82;5.60;6.02;6.00;5.84;5.65;5.95;6.07;6.17;6.11;6.08;5.55;5.36;5.67;5.62;5.72;5.88;5.71;5.76;6.07;5.65;5.38;5.26;5.16;4.66;4.46;4.34;4.42;4.75;4.75;4.63;4.68;4.68;4.69;4.56;4.47;,QUESTIONABLE,Group classification: INTERNET-CONTENT,
RDDT,INTERNET,INTERNET-CONTENT,,,,225.36;214.54;213.63;193.14;180.27;165.41;151.05;141.74;139.29;139.65;147.46;150.17;142.08;151.25;147.11;147.29;139.39;134.13;132.25;140.00;142.79;139.85;136.12;127.26;124.13;136.18;138.34;145.00;139.73;154.54;162.45;166.28;164.31;154.89;147.93;147.23;169.07;166.56;155.80;152.35;156.31;159.11;146.72;141.67;154.19;176.00;169.13;183.91;171.13;172.21;162.10;175.39;174.96;165.63;158.02;174.39;197.76;200.86;195.31;195.34;203.27;185.26;181.64;170.38;,QUESTIONABLE,Group classification: INTERNET-CONTENT,
BIDU,INTERNET,INTERNET-CONTENT,,,,150.02;162.52;156.08;157.67;153.18;144.86;138.96;146.97;145.12;137.01;137.87;135.86;133.63;125.15;123.56;118.98;119.05;125.50;123.16;121.80;121.87;114.26;112.53;109.91;106.60;111.90;111.28;113.51;108.41;118.23;125.03;127.75;123.29;128.71;125.76;126.53;127.48;140.59;141.05;139.94;143.29;137.71;135.22;127.79;129.91;135.31;136.72;134.80;119.10;117.48;115.77;112.72;111.76;110.14;103.99;112.18;117.94;114.39;117.62;117.53;109.73;112.82;109.81;107.52;,QUESTIONABLE,Group classification: INTERNET-CONTENT,
YELP,INTERNET,INTERNET-CONTENT,,,,28.03;29.16;28.32;27.50;27.38;25.07;24.04;24.10;23.21;20.98;21.69;21.25;19.78;22.08;22.60;23.74;24.53;24.14;24.05;23.65;24.32;24.56;24.12;24.75;24.81;25.19;25.50;25.39;25.46;26.19;27.42;28.16;29.06;28.74;27.74;27.60;28.67;28.31;27.08;23.09;21.08;21.79;22.47;22.39;23.45;22.80;23.07;23.63;22.96;24.28;23.10;23.30;22.88;22.67;22.92;24.63;26.25;26.34;25.53;25.81;25.58;27.39;26.33;24.81;,QUESTIONABLE,Group classification: INTERNET-CONTENT,
Z,INTERNET,INTERNET-CONTENT,,,,65.88;68.59;69.57;65.98;63.03;58.94;54.01;54.28;45.66;43.45;44.98;45.46;43.73;46.65;43.54;45.82;45.91;44.06;41.25;42.36;46.27;43.95;45.31;41.86;40.79;40.49;41.65;41.43;39.87;40.89;44.08;47.30;46.04;45.41;44.76;44.40;44.03;44.53;41.43;39.63;37.37;37.17;36.47;36.34;36.05;35.00;36.37;35.92;34.79;33.93;32.03;33.26;32.11;30.50;29.41;31.38;33.02;32.96;32.27;32.19;31.86;34.08;33.03;31.36;,QUESTIONABLE,Group classification: INTERNET-CONTENT,
MTCH,INTERNET,INTERNET-CONTENT,,,,30.50;31.16;31.71;31.00;30.79;28.57;30.50;32.22;31.04;30.15;29.93;31.46;30.93;31.85;30.93;30.45;30.12;30.49;29.75;29.94;30.42;30.70;30.04;30.46;29.80;30.78;31.77;32.53;31.53;33.41;34.57;35.92;36.34;36.55;36.82;37.22;37.97;37.80;36.76;35.17;35.54;35.69;35.80;35.61;35.91;35.94;35.13;34.58;34.01;34.17;34.70;36.33;35.26;35.12;34.75;38.52;38.05;37.47;38.36;38.85;38.34;40.29;39.04;38.03;,QUESTIONABLE,Group classification: INTERNET-CONTENT,
AMZN,INTERNET,INTERNET-E-COMMERCE,,,,,HALAL,"E-commerce + AWS halal core; AWS dominant — debt ratio not verified, cross-check Musaffa/Zoya",
EBAY,INTERNET,INTERNET-E-COMMERCE,,,,90.15;93.31;93.85;94.59;90.66;91.82;85.99;86.83;82.38;81.88;81.68;87.53;84.78;87.36;88.24;90.48;92.45;90.61;89.75;91.16;91.52;88.73;88.85;89.18;87.77;92.87;97.44;96.52;95.14;100.12;101.68;106.83;105.34;97.67;100.08;103.19;109.03;107.85;107.39;110.09;112.93;114.11;118.63;115.43;110.05;109.27;108.88;109.15;108.44;106.41;108.61;109.32;108.24;108.97;108.00;110.80;111.28;113.67;115.25;117.20;112.54;110.91;114.19;110.95;,HALAL,"Business activity permissible — debt ratio not verified, cross-check Musaffa/Zoya",
ETSY,INTERNET,INTERNET-E-COMMERCE,,,,58.93;62.49;60.09;57.19;52.96;53.29;54.46;55.10;47.46;45.73;44.05;52.18;54.40;55.18;53.97;55.65;56.40;53.35;51.99;53.14;54.12;52.84;49.46;48.52;47.50;49.97;54.40;53.99;52.69;55.99;59.61;64.18;66.06;62.79;63.21;64.34;64.04;64.97;64.38;57.51;58.41;58.83;60.89;62.38;63.81;67.92;69.73;67.05;68.83;68.73;69.48;73.34;73.95;74.89;77.70;79.66;72.83;75.06;77.20;81.05;83.06;83.48;84.03;80.48;,HALAL,"Business activity permissible — debt ratio not verified, cross-check Musaffa/Zoya",
MELI,INTERNET,INTERNET-E-COMMERCE,,,,2034.82;2153.75;2212.62;2268.60;2147.79;2099.90;2034.76;2035.59;2018.18;1988.26;2009.05;1996.87;1922.56;1740.88;1777.00;1769.03;1787.86;1742.09;1680.00;1732.33;1690.26;1635.76;1612.02;1630.99;1619.20;1718.97;1710.37;1775.74;1773.96;1840.66;1822.13;1870.08;1860.98;1835.22;1791.99;1792.63;1813.53;1841.14;1632.52;1578.78;1607.37;1585.91;1651.20;1664.42;1696.17;1695.65;1672.83;1634.78;1611.99;1588.29;1589.60;1674.08;1635.15;1583.66;1619.25;1683.13;1742.19;1805.68;1809.38;1852.22;1873.88;1857.42;1832.42;1799.21;,HALAL,"Business activity permissible — debt ratio not verified, cross-check Musaffa/Zoya",
JD,INTERNET,INTERNET-E-COMMERCE,,,,27.40;28.97;28.75;28.22;27.50;27.07;26.38;27.05;27.30;26.21;26.47;26.47;26.57;26.05;25.44;24.53;26.10;26.78;26.98;27.51;27.23;26.33;26.52;28.18;27.94;27.88;27.53;28.05;28.93;31.25;31.33;31.37;30.61;30.27;29.73;30.32;30.04;30.69;30.13;31.49;32.86;31.60;32.46;30.52;29.84;28.83;30.15;29.19;28.59;28.45;28.56;28.38;27.57;26.12;25.19;25.25;26.31;26.78;27.63;28.20;28.84;29.68;30.60;30.15;,HALAL,"Business activity permissible — debt ratio not verified, cross-check Musaffa/Zoya",
BABA,INTERNET,INTERNET-E-COMMERCE,,,,160.91;175.57;169.81;174.06;168.02;162.16;156.32;161.52;162.82;154.31;154.35;153.04;151.72;146.70;141.26;132.06;129.60;135.60;132.98;135.47;133.21;121.30;124.34;124.27;120.87;122.60;121.20;124.18;126.17;130.15;137.33;138.89;135.18;134.58;129.66;130.68;132.06;140.15;138.79;133.55;139.84;132.05;133.25;128.82;126.60;123.09;129.63;124.80;118.98;114.33;112.82;110.97;107.10;102.60;95.07;95.51;97.99;97.91;108.98;112.33;112.32;117.49;120.34;116.56;,HALAL,"Business activity permissible — debt ratio not verified, cross-check Musaffa/Zoya",
PDD,INTERNET,INTERNET-E-COMMERCE,,,,104.46;106.02;106.86;102.81;101.05;103.32;101.52;105.57;104.57;100.28;102.92;104.94;106.88;105.39;102.82;101.19;101.97;104.86;101.62;103.84;100.72;96.19;98.09;100.62;98.42;101.78;100.91;103.75;100.17;102.10;103.71;104.20;100.05;98.03;97.29;99.88;97.79;102.31;98.78;95.73;95.58;94.97;98.15;94.52;86.61;84.44;88.18;85.88;82.62;81.82;81.56;81.59;79.56;76.56;73.30;76.54;82.52;83.74;84.74;85.13;83.91;86.68;86.05;83.59;,HALAL,"Business activity permissible — debt ratio not verified, cross-check Musaffa/Zoya",
SHOP,INTERNET,INTERNET-E-COMMERCE,,,,144.50;137.64;136.31;138.92;131.23;119.29;111.24;118.40;118.71;112.70;121.64;126.20;116.93;125.94;119.38;129.65;130.20;129.36;126.17;126.58;123.75;116.78;116.15;115.43;111.77;118.52;118.80;120.10;110.79;117.64;126.94;135.14;131.96;125.83;122.05;121.13;127.55;105.44;110.41;99.84;97.42;102.39;105.01;103.00;106.60;118.71;117.01;116.04;110.78;108.20;108.24;113.23;108.85;107.68;111.62;114.21;121.63;120.14;119.22;122.54;125.68;125.06;124.48;118.42;,HALAL,"Business activity permissible — debt ratio not verified, cross-check Musaffa/Zoya",
W,INTERNET,INTERNET-E-COMMERCE,,,,107.89;110.15;110.13;108.69;103.49;104.39;88.39;92.79;88.07;82.39;91.48;81.43;73.91;78.97;73.77;78.71;76.20;74.83;73.74;79.11;76.76;72.35;75.40;73.70;69.55;75.25;71.95;74.18;71.68;74.72;77.31;81.09;80.62;78.78;73.59;63.93;64.85;66.00;66.26;60.49;61.91;59.26;64.72;67.07;73.16;72.26;72.32;72.49;67.15;68.67;77.59;83.16;88.52;84.85;93.52;95.63;95.14;93.18;86.74;89.23;88.74;91.48;87.76;84.30;,HALAL,"Business activity permissible — debt ratio not verified, cross-check Musaffa/Zoya",
REAL,INTERNET,INTERNET-E-COMMERCE,,,,15.99;16.24;15.88;15.29;14.67;14.49;12.57;12.90;11.83;11.45;11.42;11.11;11.61;12.39;11.87;12.13;11.31;10.65;9.97;9.79;9.44;8.64;8.85;9.00;8.12;9.28;9.40;10.16;9.69;10.57;11.33;11.83;12.24;12.28;11.78;11.89;12.85;13.00;10.26;9.35;9.35;9.46;9.44;9.20;9.62;9.64;9.79;9.08;9.20;9.12;10.28;11.31;12.45;12.21;12.43;12.21;12.20;11.46;10.47;10.60;10.88;11.40;11.51;11.37;,HALAL,"Business activity permissible — debt ratio not verified, cross-check Musaffa/Zoya",
WIX,INTERNET,INTERNET-E-COMMERCE,,,,76.24;84.56;89.73;93.04;86.84;77.45;75.45;76.24;72.10;69.23;68.77;66.90;65.49;71.31;72.56;83.78;93.89;90.09;86.91;87.96;90.43;88.43;88.10;89.51;87.78;90.50;84.25;74.38;65.13;63.84;68.70;75.55;76.88;75.67;77.54;74.69;79.74;74.80;80.12;75.88;52.71;55.75;54.79;53.19;53.46;56.06;57.07;53.70;48.21;46.21;45.91;44.54;42.49;40.43;41.72;46.12;48.88;50.21;47.76;50.14;52.71;52.79;53.36;48.66;,HALAL,"Business activity permissible — debt ratio not verified, cross-check Musaffa/Zoya",
GLBE,INTERNET,INTERNET-E-COMMERCE,,,,35.98;37.18;37.94;37.89;36.55;33.90;32.11;32.82;33.17;31.66;34.81;36.08;34.30;35.96;34.63;35.76;35.39;34.20;34.53;34.58;34.02;32.34;31.70;30.90;28.64;31.06;31.36;30.75;30.23;31.44;33.71;33.05;32.85;31.61;31.94;31.37;32.40;31.22;29.80;30.23;27.94;28.87;29.99;29.95;29.36;30.64;33.30;32.89;32.15;32.73;32.73;32.28;32.84;32.17;34.33;35.71;35.83;37.31;35.98;38.48;38.75;38.35;36.58;35.55;,HALAL,"Business activity permissible — debt ratio not verified, cross-check Musaffa/Zoya",
NET,INTERNET,INTERNET-NETWORK SOLUTIONS,,,,177.42;173.30;189.35;184.88;177.35;170.31;163.05;173.75;189.41;195.85;191.44;177.14;163.81;174.66;181.02;185.89;195.19;207.49;212.11;207.33;225.48;215.42;213.15;210.13;194.63;205.43;211.78;211.25;166.99;178.65;197.38;204.81;207.56;207.07;208.50;204.97;224.17;248.59;196.13;186.79;199.81;201.75;210.13;216.17;209.22;241.82;272.66;268.64;247.79;219.67;228.48;230.97;224.06;224.94;226.65;243.76;246.31;247.55;273.40;268.40;281.75;272.46;272.42;268.98;,HALAL,"Business activity permissible — debt ratio not verified, cross-check Musaffa/Zoya",
AKAM,INTERNET,INTERNET-NETWORK SOLUTIONS,,,,89.60;97.03;98.66;102.10;97.15;91.79;91.49;94.72;94.80;111.76;109.31;94.17;100.13;99.90;97.64;102.98;99.89;104.50;105.47;105.44;108.86;110.48;114.50;117.25;110.22;115.75;114.60;116.00;91.35;88.84;96.81;97.62;97.11;95.25;95.43;102.98;105.78;121.99;147.71;149.56;155.67;150.77;143.55;147.23;144.43;149.54;160.32;158.98;141.87;129.97;133.50;132.31;124.91;119.87;112.89;113.80;112.81;112.73;126.57;126.19;126.11;118.81;123.13;124.30;,HALAL,"Business activity permissible — debt ratio not verified, cross-check Musaffa/Zoya",
FFIV,INTERNET,INTERNET-NETWORK SOLUTIONS,,,,259.70;262.00;267.45;292.30;275.61;274.63;271.21;278.74;282.67;273.93;277.69;278.39;272.03;277.52;278.00;286.12;286.22;286.14;282.69;283.73;282.20;284.28;289.04;293.15;279.73;295.65;307.64;304.76;289.81;295.19;308.06;314.00;311.18;303.16;303.79;323.90;329.93;341.02;354.03;354.98;364.59;379.74;382.42;393.63;388.15;383.45;409.13;408.66;396.19;390.77;396.16;388.85;385.49;389.53;386.01;410.56;424.18;419.03;419.14;430.39;431.26;403.41;411.92;400.61;,HALAL,"Business activity permissible — debt ratio not verified, cross-check Musaffa/Zoya",
FSLY,INTERNET,INTERNET-NETWORK SOLUTIONS,,,,8.78;9.38;9.78;9.92;9.25;8.79;7.96;8.72;9.31;18.26;18.83;18.08;17.67;17.96;21.17;20.04;20.14;22.74;24.22;22.79;26.88;25.20;28.20;28.59;25.52;32.36;31.54;32.75;23.07;20.95;24.88;25.41;25.19;23.76;24.63;25.25;27.49;31.57;20.51;19.03;17.68;16.71;17.12;16.32;16.77;17.76;20.77;19.91;19.38;18.65;18.55;17.38;17.90;16.66;16.22;18.00;18.56;18.25;19.74;19.59;20.90;20.32;20.47;20.46;,HALAL,"Business activity permissible — debt ratio not verified, cross-check Musaffa/Zoya",
OKTA,INTERNET,INTERNET-NETWORK SOLUTIONS,,,,87.71;91.46;91.29;90.74;84.48;82.31;82.15;88.18;88.18;87.26;82.93;74.29;71.14;75.25;73.97;71.74;80.72;79.61;78.95;77.16;78.43;78.41;76.76;79.38;75.47;79.14;80.56;76.04;62.93;64.09;72.01;75.76;78.70;75.98;76.20;73.65;77.24;77.44;83.90;79.06;81.05;87.04;89.04;92.24;89.50;123.27;135.32;123.48;116.85;114.92;116.29;116.27;117.81;118.16;119.26;131.31;140.46;148.60;146.77;138.63;154.62;147.74;148.41;136.69;,HALAL,"Business activity permissible — debt ratio not verified, cross-check Musaffa/Zoya",
ZS,INTERNET,INTERNET-NETWORK SOLUTIONS,,,,206.32;208.31;214.55;213.95;200.01;188.05;169.39;170.18;171.00;177.72;172.13;159.75;149.36;167.36;148.58;156.21;164.06;156.61;151.61;153.69;155.99;151.47;139.41;141.50;137.26;136.67;139.52;137.85;118.05;122.68;134.33;134.80;142.66;135.50;136.07;130.68;142.20;138.83;152.13;146.17;153.70;174.69;174.45;182.37;126.41;139.73;144.15;135.26;129.25;124.73;129.52;127.23;124.85;126.17;123.80;137.60;146.45;150.42;143.55;139.27;152.09;146.43;149.82;142.26;,HALAL,"Business activity permissible — debt ratio not verified, cross-check Musaffa/Zoya",
DDOG,INTERNET,INTERNET-NETWORK SOLUTIONS,,,,117.00;131.25;136.64;140.56;129.32;119.66;106.73;114.01;127.33;125.20;121.78;115.66;104.43;116.46;111.11;118.33;125.75;123.08;127.16;126.57;131.26;125.08;122.57;124.30;115.81;118.67;116.50;116.50;105.37;110.57;123.47;129.74;132.14;129.48;131.55;132.19;146.69;143.71;200.16;199.94;202.84;208.82;212.24;222.32;221.81;247.35;269.13;243.60;231.68;227.63;229.90;231.11;223.00;220.57;220.94;248.57;264.48;255.37;261.09;257.54;270.73;262.32;263.20;245.77;,HALAL,"Business activity permissible — debt ratio not verified, cross-check Musaffa/Zoya",
EQIX,INTERNET,INTERNET-NETWORK SOLUTIONS,,,,776.11;784.58;798.03;807.73;812.46;793.56;799.23;848.89;858.57;946.33;914.71;918.54;942.08;943.35;961.35;964.27;932.59;951.36;966.69;979.61;968.77;954.44;959.78;958.65;959.31;991.08;1011.08;1012.65;1025.17;1052.17;1065.63;1098.54;1096.85;1103.30;1071.10;1077.50;1077.87;1082.61;1066.80;1075.31;1074.37;1057.39;1065.06;1079.79;1070.22;1068.04;1071.80;1089.15;1062.74;1038.33;1055.85;1094.68;1092.19;1115.93;1087.61;1085.17;1013.62;998.84;1015.97;1051.21;1023.54;1009.14;1017.31;1028.74;,HALAL,"Business activity permissible — debt ratio not verified, cross-check Musaffa/Zoya",
DLR,INTERNET,INTERNET-NETWORK SOLUTIONS,,,,157.49;156.59;159.41;161.03;163.74;162.26;162.45;169.83;172.24;178.56;173.67;173.34;175.86;174.02;176.31;180.18;173.84;178.45;177.99;180.05;177.75;172.15;173.55;173.59;174.02;179.25;180.78;184.40;187.62;194.49;197.73;202.56;199.53;198.68;193.29;199.61;197.20;198.36;194.02;193.98;191.56;187.25;189.39;190.76;190.44;188.74;186.02;187.45;180.94;179.58;182.98;190.45;188.15;195.00;192.44;190.58;176.32;173.70;176.30;180.41;173.11;173.60;176.25;178.41;,HALAL,"Business activity permissible — debt ratio not verified, cross-check Musaffa/Zoya",
VRSN,INTERNET,INTERNET-NETWORK SOLUTIONS,,,,246.54;249.90;249.94;251.89;242.68;242.02;241.08;218.47;214.31;217.64;217.16;215.34;212.88;224.69;227.44;238.20;243.13;237.98;234.53;240.62;238.26;240.14;240.50;250.13;249.01;250.10;273.78;270.18;259.09;267.63;273.12;275.08;269.11;268.49;269.68;267.95;273.42;275.03;287.45;285.04;292.17;304.50;303.00;310.00;295.65;285.38;297.41;293.79;283.41;288.09;279.89;273.87;264.64;247.22;250.85;252.49;255.90;259.13;267.58;270.11;268.85;275.22;277.61;262.59;,HALAL,"Business activity permissible — debt ratio not verified, cross-check Musaffa/Zoya",
UBER,INTERNET,INTERNET-SERVICES,,,,83.72;82.56;81.98;79.78;80.05;77.93;75.21;73.91;71.01;69.99;72.77;73.86;71.38;74.80;75.95;76.65;75.13;72.36;72.97;74.66;76.66;73.89;72.34;70.55;69.91;71.71;72.17;72.38;70.48;72.91;76.48;77.49;75.58;74.64;74.11;74.61;73.93;79.17;75.45;76.36;74.69;75.08;74.60;71.82;70.73;70.40;71.62;72.21;70.06;68.61;68.85;73.25;71.64;69.67;72.25;75.50;72.66;72.42;73.60;74.54;72.08;74.04;72.17;70.33;,HALAL,"Business activity permissible — debt ratio not verified, cross-check Musaffa/Zoya",
LYFT,INTERNET,INTERNET-SERVICES,,,,18.20;18.20;17.98;17.20;16.87;16.76;15.84;16.61;13.99;13.27;13.71;13.95;13.53;14.10;13.73;13.84;13.25;13.25;12.95;13.55;13.46;13.47;13.16;12.99;12.65;13.29;13.70;13.46;13.23;13.71;14.72;14.42;14.44;14.24;14.22;14.15;14.06;14.23;14.35;13.88;13.05;13.37;13.35;13.90;13.70;14.11;14.11;14.12;14.02;13.39;13.54;14.28;14.28;13.82;14.08;15.25;14.83;15.39;15.17;15.61;15.61;15.98;15.43;14.66;,HALAL,"Business activity permissible — debt ratio not verified, cross-check Musaffa/Zoya",
DASH,INTERNET,INTERNET-SERVICES,,,,205.67;207.65;209.41;206.66;204.62;202.00;183.86;186.24;175.47;160.34;173.38;176.29;164.38;180.41;176.41;177.75;179.17;169.93;161.75;167.78;164.99;156.64;154.73;151.96;148.01;150.50;155.07;160.69;152.58;163.55;179.33;189.80;182.27;176.78;171.97;168.65;172.57;167.97;163.93;155.19;153.70;162.67;160.73;160.25;157.58;159.29;156.95;160.07;152.49;151.00;150.58;170.03;173.46;171.52;176.91;184.82;188.87;188.46;189.35;191.82;187.79;186.36;189.02;177.73;,HALAL,"Business activity permissible — debt ratio not verified, cross-check Musaffa/Zoya",
ABNB,INTERNET,INTERNET-SERVICES,,,,130.73;133.80;133.39;131.55;129.37;122.07;121.27;121.31;119.55;121.35;124.27;127.89;125.66;136.97;133.26;135.54;133.23;132.44;127.70;128.32;131.13;128.52;130.00;131.06;123.10;125.19;126.81;131.40;128.96;133.85;137.81;143.59;144.18;142.82;139.04;140.36;138.86;139.88;141.49;135.48;133.67;134.30;135.55;132.35;132.10;133.31;134.35;133.72;134.43;129.10;132.28;141.20;142.41;138.85;141.88;147.17;147.31;147.65;142.95;148.62;146.54;147.80;144.94;140.05;,HALAL,"Business activity permissible — debt ratio not verified, cross-check Musaffa/Zoya",
BKNG,INTERNET,INTERNET-SERVICES,,,,200.12;205.05;203.32;202.44;199.12;184.90;176.89;168.67;171.67;164.83;169.98;162.29;161.96;169.20;166.39;169.33;181.56;174.43;168.29;171.29;174.82;172.53;171.20;168.13;164.29;166.96;175.75;180.55;173.03;180.67;184.10;191.55;178.95;179.80;172.95;167.94;165.16;167.90;165.51;160.16;154.09;154.68;156.56;160.66;167.95;167.01;166.79;167.07;162.30;160.64;164.94;175.72;171.78;168.94;177.05;182.41;182.64;181.03;174.29;178.39;174.85;184.61;179.45;177.86;,HALAL,"Business activity permissible — debt ratio not verified, cross-check Musaffa/Zoya",
EXPE,INTERNET,INTERNET-SERVICES,,,,270.99;278.46;268.34;264.62;263.71;233.46;230.31;235.44;232.60;211.76;202.92;202.61;197.27;217.00;212.33;220.78;249.09;231.17;227.17;230.97;239.53;234.68;236.49;232.35;226.03;227.19;228.55;236.40;227.61;248.04;253.89;272.66;264.04;250.91;241.66;247.84;245.98;246.14;229.49;221.01;216.71;214.53;217.13;214.20;226.08;225.79;226.37;227.18;225.90;218.94;224.89;243.56;240.90;245.07;250.95;265.28;264.54;266.76;260.31;270.83;266.28;270.95;265.08;261.08;,HALAL,"Business activity permissible — debt ratio not verified, cross-check Musaffa/Zoya",
TRIP,INTERNET,INTERNET-SERVICES,,,,13.05;13.60;13.21;13.01;13.29;12.55;12.43;12.81;12.16;9.61;10.46;10.81;10.06;10.28;9.98;10.26;10.42;10.14;9.33;9.52;9.26;9.35;9.72;9.95;10.39;10.71;10.85;10.93;10.92;11.26;11.23;11.48;11.07;11.19;10.86;11.13;11.33;11.18;10.45;9.45;9.60;9.53;9.93;10.08;10.19;11.18;11.94;11.95;11.81;11.57;12.41;12.81;12.97;12.39;12.80;14.03;13.75;13.88;13.21;13.98;14.00;14.89;14.41;13.84;,HALAL,"Business activity permissible — debt ratio not verified, cross-check Musaffa/Zoya",
TRVG,INTERNET,INTERNET-SERVICES,,,,2.81;2.80;2.84;2.82;2.86;2.91;2.80;3.03;2.85;2.90;2.99;2.90;2.88;2.94;2.91;2.96;2.99;2.90;2.81;2.80;2.80;2.72;2.66;2.93;2.66;2.88;2.93;2.71;2.69;2.67;2.77;2.78;2.80;2.79;2.86;2.83;2.80;3.19;3.47;3.00;2.96;3.07;3.25;3.29;3.50;3.67;3.88;4.15;4.44;4.71;3.86;4.42;4.65;4.82;4.96;5.23;5.42;5.27;5.34;5.32;5.40;5.50;5.41;5.38;,HALAL,"Business activity permissible — debt ratio not verified, cross-check Musaffa/Zoya",
CARG,INTERNET,INTERNET-SERVICES,,,,33.55;34.16;34.23;33.42;32.40;29.48;28.44;28.51;27.51;27.34;28.30;30.17;28.98;31.01;31.31;33.53;33.66;32.38;30.96;31.06;33.96;33.60;34.83;35.66;35.28;33.55;34.75;34.57;34.15;35.77;36.21;37.13;38.13;37.62;36.95;36.46;36.98;37.41;34.74;31.57;30.04;28.66;28.21;28.24;28.90;29.86;28.64;27.37;27.51;28.10;27.17;29.78;30.02;30.44;31.03;34.00;35.14;35.66;34.19;34.18;34.05;36.02;35.16;33.67;,HALAL,"Business activity permissible — debt ratio not verified, cross-check Musaffa/Zoya",
CARS,INTERNET,INTERNET-SERVICES,,,,11.70;12.30;12.04;11.66;11.36;10.99;11.02;11.10;10.95;11.08;11.38;11.47;10.66;9.08;8.04;8.34;8.12;7.80;7.73;7.61;7.96;7.90;8.42;8.17;8.02;8.26;8.92;9.20;9.75;10.11;10.24;11.04;11.01;11.15;11.15;10.99;10.95;11.19;11.68;10.55;10.33;10.03;9.74;9.65;10.06;10.28;9.58;9.34;9.30;9.59;9.48;10.13;9.95;9.84;10.16;11.14;11.28;11.40;10.80;11.09;11.27;12.32;11.97;11.66;,HALAL,"Business activity permissible — debt ratio not verified, cross-check Musaffa/Zoya",
LVS,LEISURE,LEISURE-GAMING/EQUIPMENT,,,,57.90;59.28;60.21;60.59;52.15;56.32;56.32;56.85;57.38;56.82;58.50;57.67;54.73;55.63;56.03;55.75;53.29;54.00;53.37;53.39;53.62;52.62;54.58;52.10;51.32;54.01;54.07;54.28;53.14;55.20;56.38;56.86;56.52;52.50;53.95;54.29;51.56;53.22;53.11;51.70;50.65;50.19;49.62;49.43;51.06;50.57;51.21;50.73;50.79;50.81;50.67;48.94;48.72;47.76;46.28;46.37;46.25;46.58;46.19;46.69;44.78;45.70;45.81;45.25;,HARAM,Group classification: LEISURE-GAMING/EQUIPMENT,
WYNN,LEISURE,LEISURE-GAMING/EQUIPMENT,,,,110.75;114.51;113.53;112.34;106.94;108.75;112.66;116.38;114.96;112.85;115.75;114.32;109.15;109.82;103.17;103.06;101.34;102.46;98.53;100.37;101.35;99.72;102.50;99.21;96.52;102.33;102.44;104.96;103.73;105.31;106.54;108.50;106.36;105.39;105.92;106.83;103.17;107.29;102.15;97.00;95.18;95.51;98.06;97.24;101.22;101.22;104.62;103.60;104.83;105.26;107.27;103.67;105.53;104.15;99.38;99.42;96.11;95.89;97.93;99.77;95.90;98.11;95.66;94.37;,HARAM,Group classification: LEISURE-GAMING/EQUIPMENT,
MGM,LEISURE,LEISURE-GAMING/EQUIPMENT,,,,33.60;34.42;34.10;32.75;33.54;34.17;36.28;38.06;36.36;34.14;37.19;36.79;35.05;37.62;35.72;36.68;35.57;35.00;36.30;35.98;36.37;35.37;37.11;37.57;35.62;36.78;37.60;37.10;37.32;36.73;38.49;39.40;39.24;39.54;39.74;38.94;38.24;38.21;38.79;36.90;36.81;37.09;36.51;38.40;41.95;43.67;48.36;47.94;47.26;46.91;48.97;47.98;46.84;46.92;47.20;49.69;47.52;46.88;46.60;46.88;46.67;46.90;46.34;45.49;,HARAM,Group classification: LEISURE-GAMING/EQUIPMENT,
PENN,LEISURE,LEISURE-GAMING/EQUIPMENT,,,,13.73;14.53;14.13;13.25;12.84;12.50;12.39;13.60;13.36;11.76;13.14;13.02;12.72;14.64;14.85;15.27;14.64;14.33;14.53;13.98;13.84;13.67;14.47;14.57;13.99;15.00;14.66;15.33;15.25;15.61;16.14;15.84;14.77;17.24;18.00;17.46;16.79;16.75;16.74;15.71;15.83;16.48;16.17;16.88;19.09;18.83;20.11;19.63;19.17;21.45;21.68;21.87;21.30;20.50;21.09;22.06;21.49;21.15;20.12;20.36;20.18;21.27;21.23;20.93;,HARAM,Group classification: LEISURE-GAMING/EQUIPMENT,
BYD,LEISURE,LEISURE-GAMING/EQUIPMENT,,,,85.28;84.69;83.09;83.10;84.14;82.61;83.24;82.42;83.02;81.60;84.35;85.79;84.80;87.30;82.10;81.81;79.75;79.85;80.92;79.86;81.54;80.87;84.28;82.75;79.99;84.12;84.10;86.01;86.30;87.55;85.06;87.92;85.95;83.69;86.66;86.75;82.70;84.96;85.44;82.02;79.21;78.91;79.09;79.13;82.03;82.49;84.77;88.18;86.38;86.62;87.26;86.47;84.68;86.40;88.81;89.57;87.98;88.84;86.84;86.20;86.09;89.77;88.17;86.66;,HARAM,Group classification: LEISURE-GAMING/EQUIPMENT,
CZR,LEISURE,LEISURE-GAMING/EQUIPMENT,,,,22.85;23.61;22.37;21.28;20.70;20.56;20.31;20.65;19.84;18.14;21.42;21.23;20.34;24.74;24.64;25.56;26.40;26.01;28.41;27.16;27.43;26.76;26.31;26.89;25.50;26.55;26.70;26.85;26.88;26.56;27.68;27.65;27.49;28.12;27.31;27.80;27.41;27.76;28.04;25.41;27.16;27.62;27.55;28.47;28.78;29.05;29.22;29.26;29.32;29.47;29.49;29.31;29.22;29.43;30.41;29.82;30.41;30.14;29.82;29.84;29.85;29.91;29.80;29.94;,HARAM,Group classification: LEISURE-GAMING/EQUIPMENT,
DKNG,LEISURE,LEISURE-GAMING/EQUIPMENT,,,,32.25;31.62;30.58;30.12;27.51;26.76;25.52;27.22;26.30;21.76;23.21;22.31;22.37;23.49;23.82;25.43;25.15;25.14;25.56;24.90;25.28;23.67;23.31;21.27;20.93;22.16;22.90;23.94;22.23;22.96;23.74;22.89;22.47;23.18;23.40;23.32;23.57;23.92;25.52;24.61;25.15;25.78;25.01;25.12;25.07;24.49;25.30;25.37;24.78;28.79;29.00;28.51;26.39;25.15;23.10;25.80;25.77;26.21;27.17;26.48;25.21;24.84;24.32;22.83;,HARAM,Group classification: LEISURE-GAMING/EQUIPMENT,
FLUT,LEISURE,LEISURE-GAMING/EQUIPMENT,,,,,HARAM,Group classification: LEISURE-GAMING/EQUIPMENT,
RSI,LEISURE,LEISURE-GAMING/EQUIPMENT,,,,18.83;17.76;17.09;16.75;17.67;17.12;16.77;17.70;17.10;16.03;18.18;18.52;18.82;19.75;19.95;20.38;20.87;20.78;20.83;20.19;20.47;20.70;22.16;21.45;20.70;21.94;22.12;22.21;21.09;22.33;22.67;22.97;23.11;23.65;24.00;28.10;27.75;27.86;27.74;27.51;27.17;27.67;27.65;27.06;27.08;25.34;25.43;26.23;26.14;28.82;29.60;29.02;29.09;29.51;30.36;31.32;31.26;32.22;32.74;33.40;33.51;32.80;34.52;31.21;,HARAM,Group classification: LEISURE-GAMING/EQUIPMENT,
INSE,LEISURE,LEISURE-GAMING/EQUIPMENT,,,,8.96;9.36;9.05;8.69;8.93;8.88;8.55;8.48;8.48;8.26;8.38;8.33;8.04;8.35;8.22;8.42;7.95;7.90;6.90;6.83;6.75;6.11;6.45;6.87;6.95;6.96;6.87;7.07;6.42;7.01;7.23;7.30;6.95;7.04;7.12;7.02;7.00;7.20;7.96;7.35;7.34;7.46;7.19;7.04;7.73;7.70;7.91;7.73;7.80;8.01;8.30;8.13;8.00;7.73;8.12;8.06;7.75;7.29;7.12;7.23;7.01;6.73;6.53;6.78;,HARAM,Group classification: LEISURE-GAMING/EQUIPMENT,
GAN,LEISURE,LEISURE-GAMING/EQUIPMENT,,,,,HARAM,Group classification: LEISURE-GAMING/EQUIPMENT,
GENI,LEISURE,LEISURE-GAMING/EQUIPMENT,,,,9.72;9.58;9.55;9.30;8.70;8.22;6.19;6.34;6.15;5.79;6.28;6.11;5.84;6.39;6.37;6.04;5.39;5.18;5.17;5.20;4.77;4.53;4.54;4.41;4.24;4.54;4.42;4.38;3.92;4.27;4.77;4.86;4.50;4.47;4.32;4.36;4.50;4.40;4.40;4.45;4.16;5.18;5.02;5.35;5.51;5.86;6.09;6.36;6.46;6.80;6.85;6.87;6.10;5.86;5.44;6.34;6.36;6.62;6.37;6.19;6.42;6.28;6.75;6.37;,HARAM,Group classification: LEISURE-GAMING/EQUIPMENT,
MAR,LEISURE,LEISURE-HOTELS & MOTELS,,,,312.62;320.42;315.47;310.85;314.07;317.18;325.18;329.92;357.35;352.51;354.61;346.57;341.81;349.88;329.82;335.28;323.16;325.36;315.69;321.21;321.88;319.13;323.65;325.10;318.68;332.80;337.33;347.89;353.40;365.98;361.71;377.97;366.41;366.43;357.62;360.98;346.56;358.35;352.48;349.54;352.77;358.47;369.02;369.15;385.86;375.60;373.76;385.30;391.42;386.23;402.54;399.10;396.20;386.83;378.91;374.88;368.32;379.75;371.16;376.11;363.19;371.14;366.93;369.80;,QUESTIONABLE,Marriott — alcohol/pork revenue at properties,
HLT,LEISURE,LEISURE-HOTELS & MOTELS,,,,289.71;295.64;296.84;296.03;298.23;304.31;308.43;313.74;324.83;314.33;315.58;315.66;312.49;317.53;304.66;304.77;298.50;298.23;294.12;295.86;294.42;292.44;299.77;301.56;295.73;308.12;306.74;317.05;323.28;331.23;330.23;342.73;333.51;335.47;323.21;323.92;311.24;321.36;316.63;313.42;316.37;317.99;323.72;321.08;336.72;327.66;332.85;338.15;340.63;338.22;345.95;350.22;348.84;343.83;340.55;332.54;332.12;339.41;333.13;335.48;325.86;323.20;323.43;324.23;,QUESTIONABLE,Hilton — alcohol/pork revenue at properties,
H,LEISURE,LEISURE-HOTELS & MOTELS,,,,160.40;165.15;161.50;157.89;156.10;155.85;159.46;159.35;168.34;165.10;167.65;171.54;163.74;170.91;159.68;161.87;149.50;151.87;143.42;141.22;145.26;142.00;145.56;145.84;139.84;143.76;145.87;151.56;155.12;162.85;163.95;172.54;165.31;164.13;162.23;167.43;158.99;169.23;167.46;166.34;169.84;169.26;173.05;174.01;183.00;181.36;185.21;189.13;193.72;190.63;199.36;197.03;202.09;198.05;197.01;196.77;190.86;193.48;187.40;191.14;189.70;188.76;189.55;187.43;,QUESTIONABLE,Hyatt — alcohol/pork revenue at properties,
IHG,LEISURE,LEISURE-HOTELS & MOTELS,,,,133.56;138.00;134.76;134.15;136.03;135.99;141.83;142.06;144.45;144.84;143.90;143.14;140.09;141.80;132.60;133.88;131.45;130.75;129.80;129.76;130.42;128.10;131.10;131.30;129.03;132.51;133.67;139.99;141.48;144.24;141.00;146.80;140.21;146.28;144.47;143.88;139.61;145.56;149.62;150.38;149.92;150.87;155.10;153.09;159.17;154.88;158.21;160.51;163.35;161.47;167.12;170.50;171.02;170.88;174.13;173.61;168.41;166.41;163.46;165.01;158.74;159.87;156.40;155.54;,QUESTIONABLE,Group classification: LEISURE-HOTELS & MOTELS,
CHH,LEISURE,LEISURE-HOTELS & MOTELS,,,,103.46;105.02;105.09;99.42;102.25;100.97;105.96;107.17;108.44;109.45;108.81;109.61;108.37;107.40;103.59;103.90;99.94;95.46;95.27;96.44;96.81;97.10;98.47;100.99;100.69;102.61;105.56;107.31;111.78;116.45;117.74;121.76;117.09;118.76;119.64;98.82;97.98;104.90;106.30;105.31;105.44;106.37;111.97;112.82;115.60;108.60;110.18;108.69;105.14;103.96;109.27;115.77;114.70;111.31;110.89;111.68;109.27;107.67;106.39;109.72;108.32;111.29;109.96;108.00;,QUESTIONABLE,Group classification: LEISURE-HOTELS & MOTELS,
WH,LEISURE,LEISURE-HOTELS & MOTELS,,,,76.68;77.37;75.67;72.01;72.00;71.42;74.44;77.23;78.64;76.92;79.37;83.36;83.46;83.13;79.63;79.57;75.94;73.13;72.79;74.91;77.65;75.78;76.97;80.15;79.72;81.03;82.87;82.64;85.21;86.91;86.84;89.42;84.78;85.41;85.00;80.94;79.81;82.86;82.22;81.38;80.21;77.72;80.46;78.71;83.25;79.83;81.04;79.26;79.16;76.29;78.96;85.36;84.20;84.65;86.12;86.71;83.60;81.74;77.16;78.54;77.63;78.97;76.57;75.68;,QUESTIONABLE,Group classification: LEISURE-HOTELS & MOTELS,
PLYA,LEISURE,LEISURE-HOTELS & MOTELS,,,,,QUESTIONABLE,Group classification: LEISURE-HOTELS & MOTELS,
DIS,LEISURE,LEISURE-MOVIES & RELATED,,,,109.50;112.35;110.46;108.73;111.94;103.43;104.17;106.32;107.30;104.65;106.29;104.78;105.24;104.75;103.54;102.26;100.77;100.55;98.67;97.91;98.66;98.75;95.66;94.03;93.60;95.83;95.55;98.43;98.42;101.81;103.11;105.49;104.02;101.82;100.70;102.96;100.54;107.24;107.20;105.35;104.62;103.12;103.29;102.22;103.39;101.06;100.64;98.58;98.12;97.86;99.28;100.51;103.10;102.74;97.30;97.88;95.71;97.41;96.70;95.62;95.87;99.71;96.41;95.87;,QUESTIONABLE,Mixed content; scholar-disputed,
NFLX,LEISURE,LEISURE-MOVIES & RELATED,,,,87.26;83.54;85.70;84.64;83.49;79.94;80.87;81.47;79.62;76.87;77.99;78.67;78.04;84.59;97.09;98.66;99.02;96.94;94.31;95.20;94.70;91.82;90.92;93.32;92.97;95.55;98.93;99.39;103.01;106.28;107.79;94.83;93.24;92.44;92.27;93.61;91.02;88.27;87.49;87.66;86.94;89.65;88.09;88.60;87.35;86.02;83.33;81.56;82.64;82.00;80.34;78.72;77.38;72.82;70.90;73.78;74.19;76.02;75.59;73.37;73.53;74.35;67.60;68.53;,HARAM,Streaming content includes substantial haram material,
WBD,LEISURE,LEISURE-MOVIES & RELATED,,,,28.24;28.36;28.24;27.98;27.54;27.19;26.76;27.21;27.99;27.99;28.79;28.75;29.15;28.80;28.50;27.95;27.95;27.76;27.43;27.51;27.35;27.42;27.28;27.07;27.09;27.49;27.41;27.55;27.44;27.37;27.39;27.42;27.33;27.07;26.95;27.05;26.96;27.20;27.11;27.20;27.12;27.10;27.42;27.03;27.14;27.01;27.18;27.00;26.47;26.23;26.98;26.60;26.20;26.88;26.98;27.13;26.81;26.12;26.15;26.59;27.48;27.29;25.86;25.85;,QUESTIONABLE,Group classification: LEISURE-MOVIES & RELATED,
PARA,LEISURE,LEISURE-MOVIES & RELATED,,,,,QUESTIONABLE,Group classification: LEISURE-MOVIES & RELATED,
AMC,LEISURE,LEISURE-MOVIES & RELATED,,,,1.57;1.65;1.49;1.43;1.39;1.38;1.40;1.34;1.27;1.23;1.24;1.20;1.17;1.14;1.14;1.18;1.17;1.11;1.09;1.06;1.02;0.98;1.00;0.97;0.98;1.03;1.26;1.34;1.35;1.54;1.61;1.83;1.71;1.64;1.64;1.52;1.45;1.64;1.50;1.34;1.34;1.36;1.52;1.51;1.58;1.73;2.07;1.96;1.80;2.08;2.34;2.49;2.83;2.08;1.89;2.03;1.93;1.74;1.91;1.89;1.96;2.07;2.46;2.25;,QUESTIONABLE,Group classification: LEISURE-MOVIES & RELATED,
CNK,LEISURE,LEISURE-MOVIES & RELATED,,,,24.39;23.96;23.51;23.37;23.53;24.52;25.21;25.65;25.87;24.72;26.24;26.32;25.49;26.55;28.37;28.52;27.56;26.57;25.45;26.30;26.54;26.34;28.06;28.02;27.71;28.45;30.03;29.62;30.27;30.36;29.90;30.16;28.44;28.39;29.15;29.42;27.17;27.64;26.97;26.19;26.27;26.74;26.32;26.34;27.09;28.00;30.60;30.81;31.45;33.05;33.80;33.02;33.76;33.81;32.37;32.70;31.70;29.95;29.75;29.04;29.37;29.85;31.94;32.25;,QUESTIONABLE,Group classification: LEISURE-MOVIES & RELATED,
IMAX,LEISURE,LEISURE-MOVIES & RELATED,,,,37.61;35.39;34.75;34.51;34.91;35.64;36.41;36.34;36.49;36.08;37.80;37.81;36.83;41.77;42.02;41.16;40.80;39.71;38.31;39.19;37.46;36.69;38.21;37.75;37.56;38.64;39.33;38.20;37.84;36.83;37.10;35.95;36.22;36.45;36.97;38.02;35.24;35.69;35.30;33.94;34.05;34.25;34.22;39.12;38.68;39.68;40.50;39.10;39.12;42.18;42.24;43.71;44.33;44.97;43.36;40.47;40.40;37.33;38.50;38.27;38.49;38.97;38.60;39.30;,QUESTIONABLE,Group classification: LEISURE-MOVIES & RELATED,
POOL,LEISURE,LEISURE-PRODUCTS,,,,257.22;263.27;262.56;255.04;250.71;249.59;254.12;259.08;267.87;262.30;251.93;218.67;214.37;220.34;219.05;217.38;210.82;206.10;202.61;207.23;204.24;198.85;201.73;199.55;199.00;198.60;203.17;207.90;213.32;216.36;223.97;230.37;232.48;230.83;214.68;211.74;201.72;186.70;186.38;180.98;175.24;181.39;181.83;184.64;184.41;181.40;179.60;183.22;180.95;189.89;195.00;198.08;198.99;194.84;207.38;211.62;215.69;215.22;204.20;210.44;210.07;207.92;201.03;196.19;,HALAL,"Business activity permissible — debt ratio not verified, cross-check Musaffa/Zoya",
BC,LEISURE,LEISURE-PRODUCTS,,,,84.12;87.03;84.76;83.28;79.37;84.89;85.77;86.20;85.80;86.12;88.28;88.18;83.29;82.05;79.09;77.79;70.22;71.67;68.60;70.86;70.19;70.07;73.38;72.73;69.17;72.66;72.98;76.58;76.62;78.33;76.89;81.96;79.99;78.92;79.46;79.00;74.04;81.00;81.25;77.06;78.87;76.47;77.86;80.96;83.56;83.76;81.76;82.44;80.67;78.68;82.56;82.20;83.57;81.24;87.96;85.71;81.58;79.27;75.29;77.90;77.50;81.97;79.13;82.08;,HALAL,"Business activity permissible — debt ratio not verified, cross-check Musaffa/Zoya",
PII,LEISURE,LEISURE-PRODUCTS,,,,66.72;69.45;67.68;63.59;62.52;65.81;65.84;67.57;65.37;64.46;64.98;64.96;62.65;62.53;58.43;55.50;53.82;52.24;50.84;51.50;51.20;51.87;56.12;56.28;52.90;54.17;53.48;54.85;54.66;56.94;52.51;60.10;57.97;59.46;65.83;65.63;62.01;66.39;67.58;64.10;65.54;63.36;62.45;67.18;68.58;69.89;68.25;68.86;67.68;66.51;70.93;69.86;71.36;68.68;72.15;71.08;64.73;64.33;65.65;67.40;67.50;73.78;72.80;74.19;,HALAL,"Business activity permissible — debt ratio not verified, cross-check Musaffa/Zoya",
LCII,LEISURE,LEISURE-PRODUCTS,,,,135.39;146.93;143.25;144.95;143.84;147.91;149.78;151.37;153.56;154.08;150.76;144.71;138.74;132.88;129.90;132.97;127.17;124.06;120.94;123.94;120.09;116.28;121.74;122.49;118.85;121.59;121.27;125.62;124.99;126.50;118.17;120.11;118.46;118.79;116.89;118.01;105.70;115.76;117.61;111.27;112.81;108.90;108.73;110.53;111.80;109.02;106.82;96.04;92.60;90.72;93.06;92.78;91.92;92.26;95.85;100.12;102.04;104.45;100.56;101.07;103.55;108.48;106.90;106.01;,HALAL,"Business activity permissible — debt ratio not verified, cross-check Musaffa/Zoya",
MBUU,LEISURE,LEISURE-PRODUCTS,,,,32.15;34.04;32.96;31.88;32.50;34.05;30.71;31.42;31.40;31.52;31.85;31.63;30.73;30.18;27.37;27.94;25.77;25.93;25.77;25.90;25.21;25.21;26.88;27.40;26.00;25.35;24.28;24.92;25.48;26.43;24.73;26.71;25.21;26.10;25.56;25.60;23.96;25.70;30.09;28.10;27.24;25.62;26.01;27.57;28.24;27.46;27.52;27.07;27.09;26.60;27.88;28.03;27.25;26.12;29.11;28.14;25.64;25.86;25.21;26.74;26.67;28.93;28.05;28.40;,HALAL,"Business activity permissible — debt ratio not verified, cross-check Musaffa/Zoya",
RGR,LEISURE,LEISURE-PRODUCTS,,,,37.43;37.27;37.70;37.34;36.51;37.61;37.84;38.24;37.75;37.30;37.42;38.24;37.02;37.26;37.76;38.13;37.83;38.33;38.51;39.09;38.58;38.87;40.63;41.77;39.91;40.78;40.53;41.20;40.85;42.17;41.86;41.96;41.96;42.35;43.00;43.26;40.88;40.40;38.93;38.04;39.87;40.16;39.33;40.04;39.61;39.09;38.84;39.39;38.46;38.89;39.47;38.12;40.19;40.96;38.43;37.89;37.62;37.85;38.45;38.69;37.87;38.82;38.19;38.37;,HALAL,"Business activity permissible — debt ratio not verified, cross-check Musaffa/Zoya",
VSTO,LEISURE,LEISURE-PRODUCTS,,,,,HALAL,"Business activity permissible — debt ratio not verified, cross-check Musaffa/Zoya",
AOUT,LEISURE,LEISURE-PRODUCTS,,,,8.64;8.77;8.60;8.58;9.06;9.41;9.01;9.28;8.63;8.68;9.05;9.39;9.08;9.25;9.00;8.96;8.85;8.81;8.56;8.20;8.12;8.08;8.86;9.04;9.10;9.14;8.90;9.40;9.57;9.50;9.34;9.62;9.27;9.52;9.61;9.41;9.36;9.55;9.37;8.93;9.18;8.96;9.11;9.60;9.90;10.14;9.88;9.94;10.00;10.24;10.31;9.89;10.13;10.17;9.91;13.48;12.29;14.28;13.93;14.34;14.09;14.14;13.59;13.56;,HALAL,"Business activity permissible — debt ratio not verified, cross-check Musaffa/Zoya",
MCD,LEISURE,LEISURE-RESTAURANTS,,,,299.13;302.28;309.12;308.97;311.14;315.57;319.52;321.61;319.25;323.57;323.87;325.20;328.97;330.43;330.72;329.51;325.85;325.73;321.73;324.45;313.60;306.77;305.77;306.85;306.45;305.22;307.67;304.94;303.62;301.18;304.89;304.87;298.05;297.34;290.42;291.61;282.19;282.19;273.89;272.99;273.12;280.57;278.38;280.37;279.03;277.32;276.36;272.72;277.78;282.52;284.81;287.93;278.61;271.66;264.54;267.18;269.43;279.50;278.25;274.60;268.94;273.46;267.64;263.57;,QUESTIONABLE,Some alcohol revenue in international markets,
SBUX,LEISURE,LEISURE-RESTAURANTS,,,,92.52;94.66;95.16;94.00;90.83;91.91;94.90;97.77;97.91;93.24;95.20;96.92;95.95;97.51;96.20;96.58;98.41;100.18;99.60;97.25;92.12;92.01;91.44;90.69;86.21;89.90;94.23;96.64;96.04;97.90;97.79;98.37;98.94;98.10;96.71;104.72;104.36;105.82;104.32;105.96;105.78;106.60;106.50;103.11;102.10;99.16;95.51;94.14;94.82;98.76;103.04;101.68;100.65;101.05;103.16;104.06;103.39;102.11;103.87;106.01;106.17;108.37;104.81;103.98;,HALAL,"No alcohol/pork in core menu — debt ratio not verified, cross-check Musaffa/Zoya",
CMG,LEISURE,LEISURE-RESTAURANTS,,,,39.00;40.54;39.72;39.16;38.87;39.17;38.45;39.59;37.22;36.30;38.72;37.54;36.49;38.05;36.69;36.71;35.37;34.72;32.56;34.08;32.64;33.37;32.76;32.17;31.16;32.63;33.50;33.79;34.09;34.92;35.08;35.83;35.11;34.21;32.87;33.99;31.98;32.74;32.49;32.67;32.09;33.75;32.96;32.89;32.69;31.86;29.26;28.18;29.27;30.42;32.23;32.61;32.49;30.95;32.28;32.97;35.00;33.98;33.43;35.25;36.43;34.20;33.13;32.20;,QUESTIONABLE,"Some alcohol revenue (margaritas, beer)",
YUM,LEISURE,LEISURE-RESTAURANTS,,,,151.75;152.08;151.38;152.43;154.03;157.24;159.57;157.40;157.56;159.05;161.37;162.53;165.14;164.90;162.13;158.22;159.22;158.42;157.69;160.99;158.33;155.65;158.65;155.38;153.84;152.95;156.59;159.65;160.97;160.78;158.74;161.03;158.29;159.50;155.70;158.87;153.65;155.26;151.21;152.12;149.90;151.57;151.97;154.39;152.02;147.95;146.58;148.08;147.37;151.08;154.31;157.67;151.99;151.60;151.14;158.24;161.59;165.99;165.25;163.54;158.18;152.10;147.37;147.57;,QUESTIONABLE,KFC/Pizza Hut/Taco Bell — pork in some menus,
QSR,LEISURE,LEISURE-RESTAURANTS,,,,67.07;67.34;65.95;66.24;65.80;65.57;69.09;69.71;69.45;64.97;67.64;67.60;67.59;68.65;70.68;70.10;72.67;70.72;70.81;73.25;72.94;73.08;73.18;72.44;73.09;74.42;76.53;76.86;75.70;77.86;76.91;78.20;78.29;80.17;77.49;79.95;79.33;76.50;78.99;77.59;75.75;75.01;75.84;74.70;74.04;74.02;70.92;71.18;70.85;72.54;74.17;75.60;72.78;71.64;73.23;73.25;71.46;73.25;74.45;75.26;74.61;77.15;73.96;73.19;,QUESTIONABLE,Restaurant Brands — pork in some menus,
DPZ,LEISURE,LEISURE-RESTAURANTS,,,,383.32;400.82;409.30;400.85;405.76;396.64;389.05;387.79;379.72;371.32;378.72;380.33;409.59;394.84;396.90;402.09;403.86;396.06;391.57;389.86;374.60;371.06;357.88;356.34;350.77;359.32;378.43;373.93;363.70;366.90;366.73;367.19;363.68;365.57;338.37;337.33;328.39;322.67;321.49;308.25;302.14;306.11;314.03;314.58;309.80;308.67;305.64;305.62;311.60;312.84;321.89;320.51;312.47;283.03;285.44;294.05;304.18;305.91;302.35;299.46;309.85;329.67;328.97;319.83;,HALAL,"Domino's — pizza, no alcohol — debt ratio not verified, cross-check Musaffa/Zoya",
WEN,LEISURE,LEISURE-RESTAURANTS,,,,7.87;8.13;7.79;7.65;7.51;7.50;7.75;7.53;7.60;7.21;7.88;7.80;7.45;7.46;7.30;7.02;7.29;6.85;7.08;6.91;6.86;6.96;6.97;6.86;6.66;6.77;6.96;6.93;6.76;6.66;6.73;7.00;6.97;7.01;6.69;6.83;6.42;6.53;7.17;7.76;7.96;7.70;7.61;7.67;7.35;7.56;7.21;6.75;6.74;6.63;6.79;6.77;6.80;6.26;7.33;8.26;8.94;7.90;7.45;7.55;7.42;7.83;7.85;7.40;,HALAL,"Wendy's — quick service, no alcohol — debt ratio not verified, cross-check Musaffa/Zoya",
TXRH,LEISURE,LEISURE-RESTAURANTS,,,,193.07;189.60;184.53;180.18;178.31;182.70;184.35;186.05;181.79;179.34;185.26;177.28;179.13;182.78;178.63;177.16;170.06;170.65;167.98;169.75;167.88;170.16;167.20;165.64;161.63;161.37;162.58;166.07;162.99;163.59;159.27;163.10;157.47;159.10;157.63;160.30;155.21;159.01;176.62;182.79;176.30;176.38;177.58;176.81;180.71;179.85;170.94;161.30;167.78;164.24;167.86;168.23;177.75;179.99;190.61;193.84;191.48;186.01;181.68;189.50;189.09;197.55;196.26;191.43;,HARAM,Texas Roadhouse — significant alcohol revenue,
DRI,LEISURE,LEISURE-RESTAURANTS,,,,205.62;201.96;193.37;193.43;196.24;202.28;210.23;214.61;209.47;208.20;213.03;213.88;210.58;211.48;206.60;200.24;200.01;200.30;195.33;203.47;197.58;199.88;197.39;195.77;192.01;190.05;193.50;192.60;190.85;196.39;195.08;200.23;198.13;199.45;194.93;198.95;190.55;194.13;194.66;197.52;193.05;192.20;195.69;201.88;204.28;202.27;196.68;191.91;194.43;202.01;209.77;207.37;211.74;208.90;211.05;204.05;200.33;201.59;199.49;204.25;195.74;201.21;194.82;193.94;,HARAM,"Darden — Olive Garden etc., heavy alcohol revenue",
BLMN,LEISURE,LEISURE-RESTAURANTS,,,,7.46;7.66;6.61;6.18;6.00;6.19;6.62;7.23;6.93;6.25;6.83;6.47;5.87;6.18;6.32;6.57;6.01;5.93;5.44;5.61;5.70;5.82;5.73;5.52;5.34;5.48;5.75;5.92;5.93;6.41;6.40;6.67;6.60;6.13;6.03;6.10;5.63;8.12;8.12;8.32;8.14;7.65;7.86;7.82;8.31;8.44;7.81;7.14;7.07;7.41;8.29;7.63;8.06;8.25;8.65;9.16;8.91;8.04;7.77;8.34;8.31;8.57;8.34;8.42;,HARAM,"Bloomin' Brands — Outback steakhouse, alcohol",
EAT,LEISURE,LEISURE-RESTAURANTS,,,,159.73;162.44;157.40;156.64;157.72;163.45;160.64;171.21;166.47;161.07;158.31;146.52;141.16;151.63;142.41;137.94;134.81;139.82;138.68;144.08;140.05;143.40;151.59;137.57;136.69;143.35;149.60;153.65;155.13;159.25;151.09;158.31;147.76;138.67;129.14;152.24;140.18;147.11;138.68;135.33;136.75;132.31;131.18;137.41;141.48;142.38;138.20;136.50;146.14;147.41;159.32;153.55;164.89;164.25;173.41;167.63;172.07;176.28;174.96;185.26;185.33;185.47;195.01;187.23;,HARAM,"Brinker — Chili's, alcohol revenue",
CAVA,LEISURE,LEISURE-RESTAURANTS,,,,69.05;66.09;62.55;62.70;60.62;60.89;64.55;72.48;67.37;63.50;67.73;70.11;67.80;84.74;78.49;79.52;78.59;80.02;80.35;87.25;88.93;84.27;84.43;78.90;76.94;80.14;82.13;86.21;84.94;88.18;91.24;97.39;96.75;95.68;91.04;93.41;89.19;89.51;79.40;77.18;76.09;79.89;80.53;80.42;82.20;77.66;72.44;71.75;73.62;81.56;90.99;87.30;89.18;77.57;83.30;81.87;79.78;71.91;67.59;72.18;69.97;68.10;63.51;62.35;,QUESTIONABLE,Group classification: LEISURE-RESTAURANTS,
WING,LEISURE,LEISURE-RESTAURANTS,,,,269.22;267.35;272.66;271.67;264.42;273.68;265.16;280.68;242.74;220.81;278.02;259.90;245.74;270.97;239.29;238.43;228.59;216.82;192.62;198.72;190.69;187.32;171.64;155.28;154.25;144.50;164.41;168.10;179.44;197.58;185.58;198.53;189.52;188.89;172.53;163.65;150.12;145.06;129.34;123.42;118.66;129.00;128.13;140.41;152.09;156.96;151.00;144.48;143.45;145.59;162.29;162.73;161.78;150.41;165.42;165.47;174.97;170.58;158.47;153.29;148.41;140.93;141.10;138.12;,QUESTIONABLE,Group classification: LEISURE-RESTAURANTS,
DNUT,LEISURE,LEISURE-RESTAURANTS,,,,,QUESTIONABLE,Group classification: LEISURE-RESTAURANTS,
SHAK,LEISURE,LEISURE-RESTAURANTS,,,,97.16;92.59;90.57;87.87;88.57;93.67;93.07;97.19;97.04;88.15;94.18;93.56;89.39;98.61;94.44;97.40;93.45;95.40;86.81;90.55;87.10;87.63;90.04;85.08;83.53;90.69;92.37;97.86;98.61;102.76;99.75;104.69;99.09;103.02;100.15;102.46;95.57;96.52;70.14;66.03;61.88;59.69;63.47;62.72;64.38;64.31;57.01;53.36;52.96;54.48;58.22;60.42;59.08;54.15;55.22;54.79;56.79;54.18;54.26;58.60;60.09;59.23;56.97;55.94;,QUESTIONABLE,Beer/wine on menu,
JACK,LEISURE,LEISURE-RESTAURANTS,,,,20.67;21.71;21.22;20.81;20.97;21.57;22.01;21.36;20.65;20.73;22.01;16.81;17.41;17.28;15.42;15.12;14.49;13.67;12.88;12.78;11.60;11.00;10.83;10.72;9.40;9.71;10.61;11.30;11.45;11.78;12.36;12.78;13.91;12.92;13.00;12.60;12.05;13.63;13.79;13.57;10.98;10.78;11.17;11.55;11.78;12.45;12.75;11.65;11.58;12.37;13.37;12.63;12.80;11.58;12.82;16.60;17.41;15.82;14.42;14.89;15.20;16.24;14.70;14.24;,QUESTIONABLE,Group classification: LEISURE-RESTAURANTS,
MAT,LEISURE,LEISURE-TOYS/GAMES/HOBBY,,,,20.63;20.88;20.61;20.35;20.89;21.19;21.11;21.54;15.80;16.47;17.28;17.41;17.50;17.08;16.40;15.84;15.90;16.04;16.22;15.76;14.91;14.83;14.95;14.62;14.16;14.56;14.51;14.45;14.64;14.55;15.00;14.91;15.15;14.54;14.79;15.08;14.85;15.08;15.39;15.18;15.11;14.94;14.89;15.09;14.90;14.94;14.37;14.20;14.21;14.69;14.65;14.13;14.04;13.77;13.81;13.69;13.74;13.05;13.17;13.33;13.67;14.65;14.14;14.40;,HALAL,"Business activity permissible — debt ratio not verified, cross-check Musaffa/Zoya",
HAS,LEISURE,LEISURE-TOYS/GAMES/HOBBY,,,,83.86;87.43;88.08;88.54;87.98;93.25;94.01;95.32;104.36;100.92;100.35;100.64;98.99;99.54;98.25;96.34;93.72;94.30;94.34;92.10;90.89;90.37;91.85;90.42;88.66;88.65;89.69;93.09;90.98;92.00;92.59;94.61;89.87;94.31;94.76;95.06;93.21;96.69;96.99;93.73;94.87;92.96;87.88;87.38;87.28;85.47;83.88;84.47;83.54;82.29;83.90;84.96;84.74;82.87;84.88;84.44;81.46;77.98;75.86;78.96;78.42;82.09;81.59;89.04;,HALAL,"Business activity permissible — debt ratio not verified, cross-check Musaffa/Zoya",
FNKO,LEISURE,LEISURE-TOYS/GAMES/HOBBY,,,,3.55;4.41;4.21;4.21;4.06;4.11;4.02;3.80;3.87;3.59;4.22;5.24;5.08;5.03;4.69;4.65;4.58;4.63;4.30;3.85;3.50;3.37;3.32;3.01;3.06;3.20;3.41;3.77;3.64;3.68;4.17;4.51;4.47;4.38;4.41;4.41;4.28;4.38;5.26;5.54;5.11;4.80;4.91;5.21;5.39;5.68;5.29;5.29;5.24;5.21;5.38;5.48;5.48;5.38;5.65;5.88;5.70;5.54;5.30;5.58;5.55;5.89;5.63;5.96;,HALAL,"Business activity permissible — debt ratio not verified, cross-check Musaffa/Zoya",
BBW,LEISURE,LEISURE-TOYS/GAMES/HOBBY,,,,64.17;62.89;60.02;60.60;58.91;59.62;53.66;53.45;49.55;49.50;52.31;51.86;49.80;49.45;46.14;45.11;41.81;45.12;41.04;38.01;38.95;40.40;40.53;38.46;36.61;36.83;37.02;37.77;37.00;37.77;37.17;39.15;39.30;38.29;37.64;36.68;36.00;36.91;38.10;35.87;35.96;34.63;36.24;36.71;37.53;36.95;35.67;35.47;32.75;33.56;31.90;32.31;32.14;30.54;32.00;30.31;30.56;31.02;30.19;34.42;32.91;34.97;34.03;33.92;,HALAL,"Business activity permissible — debt ratio not verified, cross-check Musaffa/Zoya",
JAKK,LEISURE,LEISURE-TOYS/GAMES/HOBBY,,,,18.09;18.76;18.30;18.28;17.87;17.65;17.59;17.73;17.54;17.02;17.34;21.97;22.37;21.68;20.77;20.59;20.10;20.34;19.88;19.48;19.29;19.43;20.07;19.80;19.29;19.87;20.78;21.60;21.58;21.64;21.32;22.47;22.49;21.96;21.91;21.52;22.78;22.78;22.97;21.65;21.31;21.42;21.62;21.94;22.66;22.09;21.78;21.71;21.56;22.02;22.50;21.94;22.15;22.23;23.22;23.73;23.34;22.79;21.92;22.73;22.80;24.84;24.08;24.47;,HALAL,"Business activity permissible — debt ratio not verified, cross-check Musaffa/Zoya",
BKNG,LEISURE,LEISURE-TRAVEL BOOKING,,,,200.12;205.05;203.32;202.44;199.12;184.90;176.89;168.67;171.67;164.83;169.98;162.29;161.96;169.20;166.39;169.33;181.56;174.43;168.29;171.29;174.82;172.53;171.20;168.13;164.29;166.96;175.75;180.55;173.03;180.67;184.10;191.55;178.95;179.80;172.95;167.94;165.16;167.90;165.51;160.16;154.09;154.68;156.56;160.66;167.95;167.01;166.79;167.07;162.30;160.64;164.94;175.72;171.78;168.94;177.05;182.41;182.64;181.03;174.29;178.39;174.85;184.61;179.45;177.86;,HALAL,"Business activity permissible — debt ratio not verified, cross-check Musaffa/Zoya",
EXPE,LEISURE,LEISURE-TRAVEL BOOKING,,,,270.99;278.46;268.34;264.62;263.71;233.46;230.31;235.44;232.60;211.76;202.92;202.61;197.27;217.00;212.33;220.78;249.09;231.17;227.17;230.97;239.53;234.68;236.49;232.35;226.03;227.19;228.55;236.40;227.61;248.04;253.89;272.66;264.04;250.91;241.66;247.84;245.98;246.14;229.49;221.01;216.71;214.53;217.13;214.20;226.08;225.79;226.37;227.18;225.90;218.94;224.89;243.56;240.90;245.07;250.95;265.28;264.54;266.76;260.31;270.83;266.28;270.95;265.08;261.08;,HALAL,"Business activity permissible — debt ratio not verified, cross-check Musaffa/Zoya",
TRIP,LEISURE,LEISURE-TRAVEL BOOKING,,,,13.05;13.60;13.21;13.01;13.29;12.55;12.43;12.81;12.16;9.61;10.46;10.81;10.06;10.28;9.98;10.26;10.42;10.14;9.33;9.52;9.26;9.35;9.72;9.95;10.39;10.71;10.85;10.93;10.92;11.26;11.23;11.48;11.07;11.19;10.86;11.13;11.33;11.18;10.45;9.45;9.60;9.53;9.93;10.08;10.19;11.18;11.94;11.95;11.81;11.57;12.41;12.81;12.97;12.39;12.80;14.03;13.75;13.88;13.21;13.98;14.00;14.89;14.41;13.84;,HALAL,"Business activity permissible — debt ratio not verified, cross-check Musaffa/Zoya",
TCOM,LEISURE,LEISURE-TRAVEL BOOKING,,,,60.47;62.10;63.97;62.40;61.37;60.48;57.35;58.58;57.94;54.43;56.63;54.57;53.77;52.27;51.48;50.86;54.00;53.18;51.93;52.25;51.96;51.06;51.18;50.22;49.17;49.79;50.09;51.87;51.32;52.57;54.69;55.01;53.95;53.11;52.34;54.21;52.81;54.45;52.68;52.01;50.28;49.32;48.56;46.37;47.81;47.43;48.47;48.06;47.21;47.97;46.47;46.23;45.10;45.50;40.49;39.96;41.08;40.98;41.38;42.80;42.41;43.75;44.19;42.58;,HALAL,"Business activity permissible — debt ratio not verified, cross-check Musaffa/Zoya",
DESP,LEISURE,LEISURE-TRAVEL BOOKING,,,,,HALAL,"Business activity permissible — debt ratio not verified, cross-check Musaffa/Zoya",
CAT,MACHINERY,MACHINERY-CONSTRUCTION/MINING,,,,626.64;645.98;633.54;640.87;654.90;700.26;675.77;739.34;772.10;771.30;749.15;756.89;765.35;750.11;749.50;729.23;678.35;713.99;698.06;697.16;691.02;678.33;713.94;700.55;664.93;727.58;718.54;768.69;787.70;791.27;769.76;796.92;807.37;829.25;816.36;888.46;873.16;925.21;895.79;910.45;918.52;862.35;870.94;878.26;908.25;874.25;908.13;938.74;913.94;854.57;908.88;943.71;983.99;982.42;1055.05;1031.28;989.57;968.12;946.32;950.65;931.61;875.55;864.30;889.31;,HALAL,"Business activity permissible — debt ratio not verified, cross-check Musaffa/Zoya",
DE,MACHINERY,MACHINERY-CONSTRUCTION/MINING,,,,505.89;519.51;513.70;522.13;525.10;542.01;562.62;582.45;609.32;599.61;590.01;658.85;641.00;616.06;627.41;610.67;586.53;589.46;582.61;569.33;567.88;556.65;579.82;578.00;552.45;569.22;573.60;607.74;603.44;594.50;582.68;592.98;578.49;561.19;562.40;588.35;576.89;590.11;573.35;587.67;573.15;563.03;559.01;527.78;528.02;540.78;577.75;590.22;572.18;558.60;575.99;583.78;587.72;590.41;629.13;625.01;627.63;635.24;596.74;586.86;584.40;598.97;586.00;607.33;,HALAL,"Business activity permissible — debt ratio not verified, cross-check Musaffa/Zoya",
AGCO,MACHINERY,MACHINERY-CONSTRUCTION/MINING,,,,109.46;114.07;113.30;112.23;112.88;116.00;123.76;132.94;137.83;140.13;137.51;137.40;135.59;133.38;136.69;134.08;123.56;121.76;119.56;118.23;112.26;108.98;116.07;115.64;112.36;117.44;114.14;119.60;120.92;122.27;115.00;119.96;117.94;115.83;114.97;120.71;120.97;119.92;117.04;117.73;117.04;113.17;114.77;112.84;114.28;112.28;118.40;119.87;115.64;108.71;112.49;113.21;113.66;111.22;118.86;119.28;116.54;118.32;113.73;114.32;114.14;115.35;112.33;117.28;,HALAL,"Business activity permissible — debt ratio not verified, cross-check Musaffa/Zoya",
CNHI,MACHINERY,MACHINERY-CONSTRUCTION/MINING,,,,,HALAL,"Business activity permissible — debt ratio not verified, cross-check Musaffa/Zoya",
OSK,MACHINERY,MACHINERY-CONSTRUCTION/MINING,,,,147.65;155.39;151.70;145.03;142.71;158.11;162.21;171.18;173.17;169.75;170.82;174.74;177.15;171.26;171.38;166.25;153.93;155.67;149.20;147.08;146.55;139.84;146.00;142.63;137.03;148.39;147.34;155.90;151.12;150.37;143.14;151.13;147.74;149.66;148.99;155.61;149.21;156.01;137.36;130.74;125.56;121.41;125.24;127.94;129.49;130.00;131.81;133.13;131.39;126.95;135.05;138.10;139.54;139.52;150.99;153.64;144.72;144.22;139.94;146.34;145.75;146.72;142.00;148.65;,HALAL,"Business activity permissible — debt ratio not verified, cross-check Musaffa/Zoya",
TEX,MACHINERY,MACHINERY-CONSTRUCTION/MINING,,,,58.67;61.25;59.31;58.45;56.69;62.83;60.93;61.21;68.71;68.86;68.69;67.80;68.48;67.79;69.08;66.78;61.88;63.64;59.88;59.21;58.56;57.02;60.45;58.41;54.72;60.11;59.53;62.99;63.00;63.55;57.78;61.92;60.89;62.41;61.72;62.02;58.85;64.06;63.42;63.74;63.72;57.79;57.45;57.60;58.90;58.02;61.15;62.49;62.70;59.51;63.80;64.96;66.82;67.94;74.58;73.57;68.70;69.58;64.27;67.47;65.21;65.76;62.92;67.07;,HALAL,"Business activity permissible — debt ratio not verified, cross-check Musaffa/Zoya",
MTW,MACHINERY,MACHINERY-CONSTRUCTION/MINING,,,,,HALAL,"Business activity permissible — debt ratio not verified, cross-check Musaffa/Zoya",
ETN,MACHINERY,MACHINERY-ELECTRIC UTILITY,,,,335.61;332.08;330.33;345.29;349.36;360.41;352.59;374.85;393.77;386.97;378.15;371.19;372.37;372.40;375.19;352.38;345.71;360.06;347.68;360.05;359.55;355.82;373.07;356.12;342.58;364.55;362.89;384.52;401.89;400.79;391.65;406.45;412.73;422.75;411.93;431.82;421.28;420.23;401.51;401.53;408.10;381.87;379.69;391.35;406.37;400.60;417.62;418.61;403.14;375.46;391.39;407.71;421.77;405.28;419.87;408.26;412.31;413.42;399.56;407.28;415.52;396.27;401.41;406.91;,HALAL,"Business activity permissible — debt ratio not verified, cross-check Musaffa/Zoya",
EMR,MACHINERY,MACHINERY-ELECTRIC UTILITY,,,,144.08;149.08;147.96;147.26;145.81;150.91;149.76;158.76;153.46;147.53;150.53;148.02;150.27;152.11;151.47;144.63;137.80;139.54;131.65;132.55;129.36;127.63;129.63;125.80;122.80;131.84;132.13;142.09;143.19;143.98;139.80;146.18;142.20;140.78;137.86;139.87;134.91;147.39;140.74;136.73;137.33;132.22;132.86;136.42;139.72;143.82;142.03;142.06;139.07;137.11;143.07;148.81;150.66;143.14;145.34;142.82;139.52;141.56;136.48;138.88;136.09;139.08;136.58;139.63;,HALAL,"Business activity permissible — debt ratio not verified, cross-check Musaffa/Zoya",
ROK,MACHINERY,MACHINERY-ELECTRIC UTILITY,,,,401.36;422.54;417.66;412.19;418.90;427.50;404.05;407.98;404.12;391.80;393.87;396.19;404.05;410.04;410.88;382.17;368.69;372.92;357.10;362.93;354.02;354.02;360.11;353.73;347.44;367.79;366.05;388.77;394.78;404.02;401.57;412.43;405.77;399.95;400.06;407.65;399.08;457.94;452.49;453.68;455.14;436.36;436.23;452.29;456.08;451.06;463.41;462.24;451.66;440.07;459.34;466.31;473.79;456.36;479.39;482.33;482.82;482.87;463.61;472.12;469.77;468.67;458.71;458.20;,HALAL,"Business activity permissible — debt ratio not verified, cross-check Musaffa/Zoya",
PWR,MACHINERY,MACHINERY-ELECTRIC UTILITY,,,,463.33;468.62;470.61;481.11;474.46;488.43;477.55;514.38;523.78;523.90;519.13;552.47;568.01;564.85;572.46;568.18;540.00;563.85;566.71;573.82;571.80;555.20;578.24;545.45;533.59;559.92;554.30;576.15;585.27;594.31;587.33;604.88;613.69;624.74;630.84;727.66;757.22;785.12;744.89;765.69;779.96;722.92;709.82;723.33;733.51;711.62;705.95;719.06;693.70;650.82;707.63;719.18;702.14;702.18;718.48;714.34;691.40;674.04;666.33;658.56;660.94;631.02;632.56;643.14;,HALAL,"Business activity permissible — debt ratio not verified, cross-check Musaffa/Zoya",
DE,MACHINERY,MACHINERY-FARM,,,,505.89;519.51;513.70;522.13;525.10;542.01;562.62;582.45;609.32;599.61;590.01;658.85;641.00;616.06;627.41;610.67;586.53;589.46;582.61;569.33;567.88;556.65;579.82;578.00;552.45;569.22;573.60;607.74;603.44;594.50;582.68;592.98;578.49;561.19;562.40;588.35;576.89;590.11;573.35;587.67;573.15;563.03;559.01;527.78;528.02;540.78;577.75;590.22;572.18;558.60;575.99;583.78;587.72;590.41;629.13;625.01;627.63;635.24;596.74;586.86;584.40;598.97;586.00;607.33;,HALAL,"Business activity permissible — debt ratio not verified, cross-check Musaffa/Zoya",
AGCO,MACHINERY,MACHINERY-FARM,,,,109.46;114.07;113.30;112.23;112.88;116.00;123.76;132.94;137.83;140.13;137.51;137.40;135.59;133.38;136.69;134.08;123.56;121.76;119.56;118.23;112.26;108.98;116.07;115.64;112.36;117.44;114.14;119.60;120.92;122.27;115.00;119.96;117.94;115.83;114.97;120.71;120.97;119.92;117.04;117.73;117.04;113.17;114.77;112.84;114.28;112.28;118.40;119.87;115.64;108.71;112.49;113.21;113.66;111.22;118.86;119.28;116.54;118.32;113.73;114.32;114.14;115.35;112.33;117.28;,HALAL,"Business activity permissible — debt ratio not verified, cross-check Musaffa/Zoya",
LNN,MACHINERY,MACHINERY-FARM,,,,122.23;125.56;123.51;122.82;124.49;127.86;131.96;132.38;133.81;134.49;132.65;135.71;135.27;133.60;134.65;134.45;129.15;127.38;125.45;118.06;116.22;114.57;119.29;120.09;117.22;116.74;102.56;108.04;109.79;112.07;106.04;107.80;107.76;108.51;110.50;111.58;110.25;113.34;108.99;107.69;106.10;108.12;108.48;109.19;111.12;109.29;113.51;114.08;113.09;112.75;115.35;116.09;119.10;117.42;124.87;124.23;121.07;117.61;111.15;113.82;115.46;118.26;112.87;113.79;,HALAL,"Business activity permissible — debt ratio not verified, cross-check Musaffa/Zoya",
ALG,MACHINERY,MACHINERY-FARM,,,,187.92;192.01;191.40;190.13;194.53;194.73;201.88;207.46;209.42;209.99;202.19;212.60;214.29;215.63;217.59;177.29;167.45;169.42;169.47;169.25;167.03;159.16;170.54;167.91;163.66;169.32;166.95;175.59;176.18;175.25;167.62;172.60;168.90;171.53;168.42;173.08;167.04;170.49;163.42;151.31;151.66;150.90;151.84;149.71;153.52;150.40;152.44;151.36;150.36;150.54;153.42;153.11;161.01;158.75;167.69;167.14;165.95;170.53;162.61;161.14;162.82;165.71;160.11;163.75;,HALAL,"Business activity permissible — debt ratio not verified, cross-check Musaffa/Zoya",
TWI,MACHINERY,MACHINERY-FARM,,,,8.72;9.17;8.76;8.59;9.54;10.17;10.50;11.35;11.40;11.02;10.58;10.81;10.54;9.90;9.60;9.46;8.66;8.36;7.97;7.36;7.25;6.81;7.15;6.93;6.63;7.08;7.47;8.28;8.36;8.42;7.73;8.42;7.93;8.22;8.13;7.62;7.53;8.11;7.90;7.58;7.78;7.41;7.31;7.35;7.23;7.22;7.71;7.80;7.39;7.23;7.72;7.51;7.57;7.28;7.90;7.85;7.67;7.45;7.14;7.34;7.55;7.84;7.56;7.96;,HALAL,"Business activity permissible — debt ratio not verified, cross-check Musaffa/Zoya",
GE,MACHINERY,MACHINERY-GENERAL INDUSTRIAL,,,,311.50;294.20;294.26;291.69;305.96;309.09;305.54;315.89;312.88;314.56;328.69;342.29;344.71;339.92;344.81;338.89;322.24;326.11;306.32;303.62;300.59;286.43;290.27;284.88;272.91;292.32;288.33;307.68;307.97;317.60;297.92;303.22;275.95;284.25;288.84;289.57;280.17;305.45;296.78;297.08;291.18;285.63;299.80;302.46;316.82;323.36;317.32;327.24;321.64;318.31;334.88;351.29;357.19;356.03;370.90;373.24;374.47;378.68;356.03;359.27;353.73;345.73;341.30;341.19;,HALAL,"Business activity permissible — debt ratio not verified, cross-check Musaffa/Zoya",
HON,MACHINERY,MACHINERY-GENERAL INDUSTRIAL,,,,,HALAL,"Business activity permissible — debt ratio not verified, cross-check Musaffa/Zoya",
ITW,MACHINERY,MACHINERY-GENERAL INDUSTRIAL,,,,251.33;256.50;255.97;255.08;258.06;275.49;284.75;287.02;294.41;295.93;292.53;291.36;290.95;286.72;287.60;283.65;273.76;269.94;262.36;265.34;257.54;254.52;261.79;258.16;253.05;258.97;256.92;267.89;268.89;270.61;264.01;271.04;265.48;267.67;266.85;256.46;250.14;258.95;253.23;249.90;249.26;247.96;249.26;250.68;248.78;245.79;247.08;249.61;250.87;248.66;255.88;264.18;262.50;260.07;268.97;265.86;268.97;274.27;265.10;268.81;272.28;282.97;271.69;273.93;,HALAL,"Business activity permissible — debt ratio not verified, cross-check Musaffa/Zoya",
PH,MACHINERY,MACHINERY-GENERAL INDUSTRIAL,,,,925.67;935.41;929.21;912.50;931.99;960.37;963.64;976.66;993.58;999.49;995.25;1019.92;1020.71;1012.68;1009.13;985.56;921.64;948.25;900.14;892.62;910.34;892.39;922.49;899.43;859.54;918.69;910.04;963.87;982.01;982.78;954.84;994.19;952.28;972.27;960.09;907.37;865.79;900.62;878.83;881.34;880.43;858.43;859.44;866.96;856.68;844.63;836.32;872.23;883.14;875.60;903.48;938.51;953.27;947.58;989.91;963.79;963.81;971.36;939.13;961.27;964.55;958.34;950.79;970.77;,HALAL,"Business activity permissible — debt ratio not verified, cross-check Musaffa/Zoya",
DOV,MACHINERY,MACHINERY-GENERAL INDUSTRIAL,,,,200.32;208.44;206.72;205.03;200.54;210.66;216.52;223.93;231.97;230.53;230.98;232.21;230.26;226.07;225.85;221.30;207.91;209.75;203.30;206.91;211.71;208.86;215.05;208.70;202.31;206.79;206.97;216.16;216.59;217.95;213.65;221.36;215.64;224.23;223.59;225.86;220.32;226.62;219.29;216.18;213.84;210.31;210.46;209.39;212.85;211.36;211.84;213.47;216.19;213.76;217.43;222.63;223.57;223.54;230.73;224.00;217.17;214.74;211.47;215.33;214.15;217.51;209.63;214.53;,HALAL,"Business activity permissible — debt ratio not verified, cross-check Musaffa/Zoya",
IR,MACHINERY,MACHINERY-GENERAL INDUSTRIAL,,,,85.12;87.51;86.75;85.21;86.05;93.67;95.95;98.34;96.70;98.47;97.15;95.55;94.59;94.48;93.92;91.81;86.41;86.40;81.15;83.79;82.01;81.37;83.13;81.37;76.92;79.98;78.68;84.65;85.36;88.30;83.65;85.99;83.68;83.79;81.17;79.84;75.54;78.63;75.73;73.19;71.82;69.97;70.37;70.91;70.96;71.64;71.62;72.01;72.46;70.48;74.00;78.52;77.91;76.64;81.70;80.98;80.86;80.63;76.71;78.85;79.01;84.78;80.18;83.54;,HALAL,"Business activity permissible — debt ratio not verified, cross-check Musaffa/Zoya",
FLS,MACHINERY,MACHINERY-GENERAL INDUSTRIAL,,,,75.45;78.13;77.29;76.44;77.69;79.29;78.51;85.10;86.03;89.16;88.11;88.41;89.98;88.65;86.99;82.42;75.78;78.24;75.23;73.21;73.89;70.98;74.94;72.44;68.96;75.18;75.70;82.46;84.13;81.40;77.60;83.17;82.49;82.98;84.81;73.42;70.20;73.16;70.92;69.23;67.79;65.74;68.08;69.41;72.76;75.29;76.08;75.20;74.64;72.65;77.84;80.27;81.46;79.75;74.77;73.26;72.38;74.71;69.04;70.48;69.59;69.32;66.74;68.59;,HALAL,"Business activity permissible — debt ratio not verified, cross-check Musaffa/Zoya",
WAB,MACHINERY,MACHINERY-GENERAL INDUSTRIAL,,,,227.01;233.13;231.14;228.34;229.58;235.70;239.54;244.15;253.80;255.44;259.01;264.46;264.15;263.09;263.35;260.47;244.38;246.45;240.07;238.91;237.50;235.77;245.32;245.24;237.08;255.72;253.72;269.33;266.96;267.96;255.19;263.94;261.20;266.74;262.86;269.56;261.90;270.16;265.39;268.69;269.10;259.85;258.82;256.41;260.81;261.16;264.51;262.52;259.63;256.52;265.20;272.12;273.83;270.26;282.45;268.30;264.00;261.31;259.00;261.21;262.02;263.89;257.85;290.00;,HALAL,"Business activity permissible — debt ratio not verified, cross-check Musaffa/Zoya",
SPXC,MACHINERY,MACHINERY-GENERAL INDUSTRIAL,,,,217.90;217.13;215.21;211.34;208.41;215.43;218.02;223.86;233.46;239.00;241.58;242.29;243.04;231.59;225.02;222.07;204.62;210.96;202.65;203.42;202.46;186.77;200.67;200.45;190.71;203.16;196.90;212.22;215.97;224.82;215.27;217.61;220.62;222.82;216.36;218.91;201.12;212.74;202.84;198.99;203.50;200.47;205.55;207.80;215.34;216.66;230.08;236.14;229.95;223.63;230.05;234.80;242.97;236.07;244.56;238.21;231.72;232.19;213.56;219.87;218.02;215.96;212.86;219.05;,HALAL,"Business activity permissible — debt ratio not verified, cross-check Musaffa/Zoya",
GTLS,MACHINERY,MACHINERY-GENERAL INDUSTRIAL,,,,;;;;;;;;;;;;;;;;;;;;;;;;;;;;;;;;;;;;;;;;;;;;;;;;;;;;;;;;;;;;;209.90;;;,HALAL,"Business activity permissible — debt ratio not verified, cross-check Musaffa/Zoya",
ATKR,MACHINERY,MACHINERY-GENERAL INDUSTRIAL,,,,70.52;72.82;70.49;67.72;68.80;69.24;65.18;65.91;66.67;66.04;66.10;66.88;65.87;65.04;65.12;62.80;61.14;60.91;56.50;55.91;55.06;55.87;60.06;60.25;57.89;59.97;62.49;65.62;67.53;68.58;66.69;68.74;71.00;75.09;77.57;77.80;73.34;75.89;73.96;73.72;76.05;74.18;75.38;84.75;82.24;82.81;84.16;84.93;80.09;76.12;79.27;78.86;81.17;77.82;79.96;75.13;72.43;70.45;68.92;72.24;73.58;73.12;73.40;72.96;,HALAL,"Business activity permissible — debt ratio not verified, cross-check Musaffa/Zoya",
KMT,MACHINERY,MACHINERY-MATERIAL HANDLING,,,,33.27;34.32;34.09;33.94;34.04;35.39;37.89;40.29;40.04;39.38;38.25;39.38;39.88;39.89;40.79;41.55;36.98;37.83;38.55;37.58;35.88;33.94;35.92;35.42;34.58;36.31;36.06;37.73;38.64;38.97;38.10;38.39;38.77;38.99;39.03;38.50;36.56;43.04;35.91;35.82;35.18;34.92;35.76;36.08;34.76;32.80;33.56;32.90;33.25;33.30;34.98;36.50;36.32;35.10;36.53;34.82;33.62;34.22;33.11;33.60;34.32;35.53;33.73;34.73;,HALAL,"Business activity permissible — debt ratio not verified, cross-check Musaffa/Zoya",
HOLI,MACHINERY,MACHINERY-MATERIAL HANDLING,,,,,HALAL,"Business activity permissible — debt ratio not verified, cross-check Musaffa/Zoya",
SSYS,MACHINERY,MACHINERY-MATERIAL HANDLING,,,,10.90;11.50;10.95;11.05;10.70;10.94;10.22;11.36;11.28;10.97;10.78;10.45;9.96;9.89;9.67;9.80;8.76;8.29;8.19;8.01;7.80;7.60;8.04;7.91;7.42;7.92;8.03;8.29;8.35;8.45;8.63;8.82;8.74;8.62;8.57;8.87;8.74;9.25;8.52;8.59;8.77;8.23;8.36;9.02;9.91;10.54;10.50;9.56;8.96;8.46;8.92;8.74;8.92;8.32;8.33;8.19;8.48;8.47;8.38;8.55;8.33;8.19;8.08;8.21;,HALAL,"Business activity permissible — debt ratio not verified, cross-check Musaffa/Zoya",
DDD,MACHINERY,MACHINERY-MATERIAL HANDLING,,,,2.57;2.83;2.43;2.33;2.24;2.24;1.99;2.28;2.18;2.08;2.05;2.09;2.03;2.02;2.04;2.09;1.96;2.45;2.39;2.43;2.14;1.93;2.07;2.08;1.90;1.87;1.86;1.92;1.92;1.98;2.14;2.32;2.36;2.26;2.20;2.46;2.34;2.52;2.47;3.11;3.28;2.83;2.77;3.15;3.54;3.57;3.88;3.07;3.00;2.89;3.01;3.19;3.57;3.14;2.95;2.86;2.96;2.83;2.97;3.07;2.97;2.81;2.63;2.66;,HALAL,"Business activity permissible — debt ratio not verified, cross-check Musaffa/Zoya",
MTRX,MACHINERY,MACHINERY-MATERIAL HANDLING,,,,13.56;14.30;13.95;13.87;14.32;14.32;11.25;11.17;11.63;11.46;11.08;11.09;11.05;11.24;11.12;11.30;10.96;10.83;10.32;10.35;10.21;10.12;11.54;11.35;11.10;11.76;11.66;12.09;12.21;12.15;11.98;12.24;12.02;12.74;12.94;13.52;13.41;13.80;12.18;12.17;12.25;12.22;12.64;12.73;12.88;13.13;13.70;14.26;13.67;12.89;13.71;13.67;13.98;13.77;13.82;13.71;13.35;13.00;12.57;12.49;12.46;12.29;12.11;12.53;,HALAL,"Business activity permissible — debt ratio not verified, cross-check Musaffa/Zoya",
AIMC,MACHINERY,MACHINERY-MATERIAL HANDLING,,,,,HALAL,"Business activity permissible — debt ratio not verified, cross-check Musaffa/Zoya",
RXN,MACHINERY,MACHINERY-MATERIAL HANDLING,,,,,HALAL,"Business activity permissible — debt ratio not verified, cross-check Musaffa/Zoya",
WTS,MACHINERY,MACHINERY-THERMAL PROCESSING,,,,,HALAL,"Business activity permissible — debt ratio not verified, cross-check Musaffa/Zoya",
CIR,MACHINERY,MACHINERY-THERMAL PROCESSING,,,,;;;;;;;;;;;;;;;;;;;;;;;;;;;;;;;;;;;;;;;;;;;;;;;;;;;;;;;;;;21.78;23.04;20.84;19.26;22.11;22.15;,HALAL,"Business activity permissible — debt ratio not verified, cross-check Musaffa/Zoya",
CSWI,MACHINERY,MACHINERY-THERMAL PROCESSING,,,,,HALAL,"Business activity permissible — debt ratio not verified, cross-check Musaffa/Zoya",
SXI,MACHINERY,MACHINERY-THERMAL PROCESSING,,,,242.30;247.10;246.50;241.43;239.38;247.43;239.09;258.43;261.92;259.96;253.61;257.44;242.58;258.46;263.67;264.62;250.57;260.39;257.16;255.50;253.89;251.38;259.61;255.20;249.68;259.76;253.66;272.48;267.94;269.41;270.54;278.54;276.64;272.98;268.80;272.65;251.20;268.77;261.42;255.01;259.19;251.18;253.92;255.82;275.44;277.01;288.66;297.66;293.91;290.72;303.16;308.77;315.17;316.09;338.14;355.03;348.46;319.78;301.25;315.58;311.88;304.71;300.02;309.80;,HALAL,"Business activity permissible — debt ratio not verified, cross-check Musaffa/Zoya",
EVI,MACHINERY,MACHINERY-THERMAL PROCESSING,,,,24.91;26.59;26.02;26.00;25.70;25.64;24.81;23.85;22.22;20.94;20.58;18.60;20.83;20.42;20.28;20.95;19.58;18.84;19.24;19.91;21.17;20.56;21.00;20.01;20.61;21.40;21.42;23.10;22.74;22.18;20.75;21.34;20.76;19.94;18.07;18.57;19.05;19.99;20.05;16.91;17.17;17.21;18.41;17.22;17.51;17.46;17.58;17.83;16.82;17.44;16.89;15.90;15.90;15.25;14.73;14.82;15.00;16.64;15.36;16.03;16.75;17.02;15.89;14.40;,HALAL,"Business activity permissible — debt ratio not verified, cross-check Musaffa/Zoya",
SNA,MACHINERY,MACHINERY-TOOLS & RELATED,,,,359.82;367.41;365.29;365.23;361.33;373.46;365.95;363.31;377.68;379.58;379.34;380.84;384.42;384.05;386.95;380.90;369.62;367.49;361.74;367.08;359.55;354.48;360.62;359.55;354.18;364.53;363.79;378.04;377.15;375.31;364.37;384.24;379.79;375.85;374.97;380.80;369.60;383.70;371.46;366.73;363.89;361.09;363.31;366.65;372.13;371.21;372.45;378.90;380.65;378.45;387.48;389.39;387.25;385.85;400.95;398.36;403.28;413.62;401.11;401.94;404.62;414.97;406.53;406.17;,HALAL,"Business activity permissible — debt ratio not verified, cross-check Musaffa/Zoya",
MIDD,MACHINERY,MACHINERY-TOOLS & RELATED,,,,116.88;120.45;118.59;120.03;118.40;123.63;126.08;129.56;131.85;131.88;132.25;129.35;129.53;134.35;132.74;129.18;121.30;121.05;116.65;114.18;112.05;109.26;109.49;107.71;102.33;106.85;108.61;115.52;115.07;114.97;112.19;116.51;116.39;114.18;114.13;112.92;110.38;114.64;132.48;121.48;118.29;116.18;115.37;119.14;124.25;124.71;125.40;125.29;126.74;123.69;127.51;132.76;138.58;131.75;138.19;139.20;138.17;144.17;132.22;135.67;134.59;138.31;129.56;130.99;,HALAL,"Business activity permissible — debt ratio not verified, cross-check Musaffa/Zoya",
GGG,MACHINERY,MACHINERY-TOOLS & RELATED,,,,84.24;86.90;86.13;86.20;86.69;88.14;91.74;92.07;93.79;93.98;92.74;92.41;92.80;92.32;94.13;92.25;87.90;87.32;86.27;85.71;84.10;83.28;84.89;84.04;82.33;85.02;83.91;87.26;86.97;87.13;84.58;86.85;85.21;81.26;80.04;79.95;77.58;80.04;77.28;76.76;76.22;75.87;75.00;75.33;75.72;75.15;73.76;74.02;73.87;73.18;74.30;75.97;75.73;73.87;75.64;75.47;74.52;75.37;72.94;73.71;73.52;75.87;73.63;73.88;,HALAL,"Business activity permissible — debt ratio not verified, cross-check Musaffa/Zoya",
LECO,MACHINERY,MACHINERY-TOOLS & RELATED,,,,251.44;259.54;256.04;255.27;263.70;269.53;282.89;295.75;288.69;291.85;287.24;284.35;283.21;283.39;285.31;280.86;260.49;264.02;258.88;257.66;256.63;248.17;253.12;249.90;242.75;249.01;237.34;253.64;255.49;261.51;251.72;258.69;257.86;259.22;259.23;264.21;261.28;274.07;270.30;265.33;265.57;260.12;259.73;262.64;262.05;257.72;253.52;263.05;260.18;252.46;257.48;272.72;274.41;268.31;272.90;263.36;257.97;262.92;247.69;250.97;252.58;259.31;245.44;249.17;,HALAL,"Business activity permissible — debt ratio not verified, cross-check Musaffa/Zoya",
RBC,MACHINERY,MACHINERY-TOOLS & RELATED,,,,495.29;504.99;504.50;508.95;499.67;516.10;520.16;548.20;550.53;552.44;551.65;559.18;571.57;576.50;584.89;570.08;552.91;560.28;547.31;546.91;547.81;531.11;552.23;548.95;524.38;551.99;552.40;580.55;598.30;598.23;571.61;596.86;588.74;589.51;594.39;599.09;593.12;623.19;605.99;613.10;611.93;551.12;571.05;559.95;577.42;571.96;578.34;589.76;590.97;576.74;603.64;621.08;639.18;633.44;648.89;634.78;620.47;609.60;593.89;595.49;588.18;580.27;568.90;591.50;,HALAL,"Business activity permissible — debt ratio not verified, cross-check Musaffa/Zoya",
KAI,MACHINERY,MACHINERY-TOOLS & RELATED,,,,316.95;327.88;320.32;315.54;320.31;327.09;329.50;337.16;334.08;333.24;319.74;339.14;334.93;344.75;344.60;346.52;330.11;329.54;320.52;301.34;293.65;295.72;323.08;298.82;284.24;289.95;287.88;315.75;324.29;331.39;321.83;330.60;322.92;312.39;309.18;292.78;285.99;327.13;338.41;326.47;322.01;313.83;308.80;319.04;331.78;318.80;321.13;303.53;294.34;278.30;282.11;295.09;304.13;300.32;321.68;313.39;306.59;313.28;293.22;294.28;299.71;319.03;306.39;306.89;,HALAL,"Business activity permissible — debt ratio not verified, cross-check Musaffa/Zoya",
CMCSA,MEDIA,MEDIA-CABLE/SATELLITE TV,,,,27.46;28.51;28.70;27.71;29.01;29.02;30.09;30.83;31.68;30.79;30.82;30.56;30.83;30.09;30.06;31.29;31.12;30.30;29.41;29.59;27.86;28.30;28.50;28.01;28.18;27.67;27.29;27.58;27.55;27.76;28.96;29.33;28.98;27.19;27.27;26.68;26.71;26.08;25.06;24.57;24.83;24.59;24.55;24.87;24.88;24.54;24.52;23.02;23.44;23.65;24.17;23.34;22.13;22.49;22.39;23.89;23.73;23.38;23.19;23.57;23.19;24.10;23.78;23.52;,QUESTIONABLE,Group classification: MEDIA-CABLE/SATELLITE TV,
CHTR,MEDIA,MEDIA-CABLE/SATELLITE TV,,,,184.20;192.67;193.79;182.81;206.12;212.74;223.53;238.25;241.07;239.09;239.14;230.16;231.85;228.38;232.80;232.00;232.24;219.33;215.08;217.65;209.00;213.01;217.60;218.51;220.94;216.27;219.98;221.63;218.82;215.57;235.97;244.69;242.49;180.13;173.11;165.17;165.34;156.52;154.86;147.92;148.00;141.21;144.61;145.15;147.18;144.05;140.27;129.05;132.20;137.79;145.82;141.78;126.23;131.75;129.65;146.17;139.84;135.44;133.54;130.73;127.91;133.33;129.16;129.22;,QUESTIONABLE,Group classification: MEDIA-CABLE/SATELLITE TV,
DISH,MEDIA,MEDIA-CABLE/SATELLITE TV,,,,,QUESTIONABLE,Group classification: MEDIA-CABLE/SATELLITE TV,
ATUS,MEDIA,MEDIA-CABLE/SATELLITE TV,,,,,QUESTIONABLE,Group classification: MEDIA-CABLE/SATELLITE TV,
CABO,MEDIA,MEDIA-CABLE/SATELLITE TV,,,,83.58;83.33;78.84;72.84;80.99;90.37;100.82;98.37;110.92;113.58;114.43;105.32;94.12;90.90;101.14;115.41;111.33;102.94;112.12;107.72;95.11;94.44;91.38;95.10;94.83;89.56;96.37;90.91;91.83;93.11;107.40;116.06;115.13;103.00;99.11;91.49;64.79;55.72;62.39;50.43;51.13;48.78;47.10;52.28;54.74;52.55;50.72;46.51;42.40;43.07;47.00;47.33;40.99;43.75;40.65;53.56;53.26;46.96;40.87;36.19;43.01;41.49;39.43;39.65;,QUESTIONABLE,Group classification: MEDIA-CABLE/SATELLITE TV,
WOW,MEDIA,MEDIA-CABLE/SATELLITE TV,,,,,QUESTIONABLE,Group classification: MEDIA-CABLE/SATELLITE TV,
LBRDA,MEDIA,MEDIA-CABLE/SATELLITE TV,,,,42.80;44.69;44.95;42.51;48.02;49.40;51.92;55.20;55.98;55.43;55.48;53.45;53.85;52.95;54.33;53.96;54.07;50.92;50.03;50.51;48.48;49.47;50.61;50.78;51.39;50.20;51.24;51.68;51.01;50.31;54.94;57.03;56.52;41.89;40.18;38.43;38.57;36.61;36.04;34.47;34.50;32.97;33.74;33.87;34.49;33.78;32.80;30.15;30.92;32.09;34.12;33.10;29.54;30.82;30.27;34.23;32.73;31.73;31.26;30.67;29.95;31.33;30.33;30.38;,QUESTIONABLE,Group classification: MEDIA-CABLE/SATELLITE TV,
LBRDK,MEDIA,MEDIA-CABLE/SATELLITE TV,,,,42.91;44.92;45.10;42.57;48.11;49.51;52.02;55.38;56.14;55.60;55.66;53.58;53.98;53.08;54.37;54.06;54.12;50.97;50.12;50.68;48.51;49.48;50.62;50.82;51.46;50.31;51.32;51.63;51.13;50.35;55.04;57.09;56.62;41.94;40.20;38.49;38.63;36.55;36.10;34.51;34.55;33.02;33.83;33.95;34.43;33.76;32.86;30.17;31.00;32.24;34.19;33.21;29.62;30.86;30.30;34.25;32.74;31.75;31.28;30.71;30.03;31.34;30.36;30.40;,QUESTIONABLE,Group classification: MEDIA-CABLE/SATELLITE TV,
NFLX,MEDIA,MEDIA-DIVERSIFIED,,,,87.26;83.54;85.70;84.64;83.49;79.94;80.87;81.47;79.62;76.87;77.99;78.67;78.04;84.59;97.09;98.66;99.02;96.94;94.31;95.20;94.70;91.82;90.92;93.32;92.97;95.55;98.93;99.39;103.01;106.28;107.79;94.83;93.24;92.44;92.27;93.61;91.02;88.27;87.49;87.66;86.94;89.65;88.09;88.60;87.35;86.02;83.33;81.56;82.64;82.00;80.34;78.72;77.38;72.82;70.90;73.78;74.19;76.02;75.59;73.37;73.53;74.35;67.60;68.53;,HARAM,Streaming content includes substantial haram material,
DIS,MEDIA,MEDIA-DIVERSIFIED,,,,109.50;112.35;110.46;108.73;111.94;103.43;104.17;106.32;107.30;104.65;106.29;104.78;105.24;104.75;103.54;102.26;100.77;100.55;98.67;97.91;98.66;98.75;95.66;94.03;93.60;95.83;95.55;98.43;98.42;101.81;103.11;105.49;104.02;101.82;100.70;102.96;100.54;107.24;107.20;105.35;104.62;103.12;103.29;102.22;103.39;101.06;100.64;98.58;98.12;97.86;99.28;100.51;103.10;102.74;97.30;97.88;95.71;97.41;96.70;95.62;95.87;99.71;96.41;95.87;,QUESTIONABLE,Mixed content; scholar-disputed,
WBD,MEDIA,MEDIA-DIVERSIFIED,,,,28.24;28.36;28.24;27.98;27.54;27.19;26.76;27.21;27.99;27.99;28.79;28.75;29.15;28.80;28.50;27.95;27.95;27.76;27.43;27.51;27.35;27.42;27.28;27.07;27.09;27.49;27.41;27.55;27.44;27.37;27.39;27.42;27.33;27.07;26.95;27.05;26.96;27.20;27.11;27.20;27.12;27.10;27.42;27.03;27.14;27.01;27.18;27.00;26.47;26.23;26.98;26.60;26.20;26.88;26.98;27.13;26.81;26.12;26.15;26.59;27.48;27.29;25.86;25.85;,QUESTIONABLE,Group classification: MEDIA-DIVERSIFIED,
PARA,MEDIA,MEDIA-DIVERSIFIED,,,,,QUESTIONABLE,Group classification: MEDIA-DIVERSIFIED,
FOX,MEDIA,MEDIA-DIVERSIFIED,,,,64.79;64.68;64.99;63.95;65.22;62.84;58.83;56.45;55.15;51.28;51.98;51.97;51.18;51.75;51.71;53.24;54.31;53.08;52.48;52.15;52.14;52.18;52.52;52.55;53.78;52.88;53.48;54.48;54.92;56.82;57.90;57.99;58.57;56.17;56.58;57.02;56.07;56.22;56.60;59.47;58.60;58.99;57.38;57.24;58.62;57.39;58.65;58.73;60.34;61.03;58.92;47.95;46.95;44.55;44.39;45.71;48.42;49.90;47.95;48.75;49.50;51.08;51.55;50.63;,QUESTIONABLE,Group classification: MEDIA-DIVERSIFIED,
FOXA,MEDIA,MEDIA-DIVERSIFIED,,,,71.61;71.98;72.37;70.79;72.42;69.93;65.60;62.54;60.81;56.07;56.89;56.74;55.71;56.54;56.51;58.42;59.78;58.16;57.74;57.51;57.65;57.82;58.76;58.64;59.13;58.46;59.30;60.22;61.02;63.41;64.52;64.75;65.56;62.85;63.15;63.49;62.36;62.21;62.94;66.16;65.32;65.87;64.13;63.98;65.48;63.92;65.69;65.54;67.44;68.00;65.85;52.34;52.23;48.79;48.86;50.39;54.13;55.87;53.39;54.12;54.87;56.81;57.48;56.45;,QUESTIONABLE,Group classification: MEDIA-DIVERSIFIED,
NWSA,MEDIA,MEDIA-DIVERSIFIED,,,,,QUESTIONABLE,Group classification: MEDIA-DIVERSIFIED,
NWS,MEDIA,MEDIA-DIVERSIFIED,,,,29.98;30.84;30.90;30.50;30.99;28.73;27.29;26.17;26.66;25.90;26.18;26.45;25.94;26.84;26.31;26.59;27.60;27.12;26.66;27.36;27.30;27.39;27.17;27.55;28.32;28.15;28.14;28.70;28.26;28.83;29.65;29.98;30.74;30.24;30.14;30.48;29.82;30.23;31.31;30.41;30.08;30.23;29.70;29.68;30.47;29.82;30.18;30.78;31.03;30.90;29.26;29.55;28.75;28.30;28.34;28.56;29.25;30.02;30.10;30.93;31.15;32.54;32.21;30.95;,QUESTIONABLE,Group classification: MEDIA-DIVERSIFIED,
SIRI,MEDIA,MEDIA-DIVERSIFIED,,,,19.69;20.21;20.01;19.69;19.89;19.70;22.09;20.48;21.68;21.08;20.86;20.85;20.76;21.31;21.72;22.41;22.03;21.56;22.01;22.18;22.26;21.77;22.14;22.72;22.53;23.18;23.16;23.24;23.46;23.48;24.48;26.95;27.78;26.34;26.00;26.67;26.50;26.41;26.83;26.16;26.22;26.09;27.05;28.89;29.67;29.52;28.77;27.79;27.44;27.59;27.52;27.86;28.03;28.08;27.76;29.24;29.95;30.75;30.26;30.42;30.39;31.22;30.60;29.83;,QUESTIONABLE,Group classification: MEDIA-DIVERSIFIED,
NYT,MEDIA,MEDIA-NEWSPAPERS,,,,69.88;70.84;72.42;72.14;72.88;71.79;68.71;68.26;70.96;72.51;75.06;77.53;75.40;78.38;79.95;80.64;79.97;78.37;77.60;79.28;79.93;80.50;83.67;82.47;82.76;85.12;84.87;84.45;78.76;80.47;77.66;80.09;80.20;80.64;78.23;78.78;77.99;83.42;79.16;77.74;75.26;76.44;74.10;74.73;74.57;74.98;75.01;75.02;73.79;72.77;73.15;73.60;72.83;72.60;68.36;70.43;71.57;73.04;73.16;74.96;72.98;76.71;75.29;72.99;,HALAL,"Business activity permissible — debt ratio not verified, cross-check Musaffa/Zoya",
GCI,MEDIA,MEDIA-NEWSPAPERS,,,,,HALAL,"Business activity permissible — debt ratio not verified, cross-check Musaffa/Zoya",
LEE,MEDIA,MEDIA-NEWSPAPERS,,,,5.23;5.61;5.59;5.41;5.27;5.46;5.53;5.25;6.80;6.90;7.20;8.62;8.73;8.68;9.40;9.17;9.68;8.78;8.92;9.10;8.59;7.95;8.19;8.71;8.76;8.42;8.54;8.54;8.45;8.37;8.56;8.29;8.74;8.14;8.48;8.23;8.24;8.15;7.98;8.00;7.85;8.73;9.51;9.40;9.91;10.91;10.80;11.00;10.68;10.21;9.88;9.55;9.28;9.06;8.63;9.43;8.79;9.21;8.97;8.11;7.82;7.96;7.78;8.06;,HALAL,"Business activity permissible — debt ratio not verified, cross-check Musaffa/Zoya",
TPCO,MEDIA,MEDIA-NEWSPAPERS,,,,,HALAL,"Business activity permissible — debt ratio not verified, cross-check Musaffa/Zoya",
MDP,MEDIA,MEDIA-PERIODICALS,,,,,HALAL,"Business activity permissible — debt ratio not verified, cross-check Musaffa/Zoya",
NWSA,MEDIA,MEDIA-PERIODICALS,,,,,HALAL,"Business activity permissible — debt ratio not verified, cross-check Musaffa/Zoya",
SIRI,MEDIA,MEDIA-RADIO/TV,,,,19.69;20.21;20.01;19.69;19.89;19.70;22.09;20.48;21.68;21.08;20.86;20.85;20.76;21.31;21.72;22.41;22.03;21.56;22.01;22.18;22.26;21.77;22.14;22.72;22.53;23.18;23.16;23.24;23.46;23.48;24.48;26.95;27.78;26.34;26.00;26.67;26.50;26.41;26.83;26.16;26.22;26.09;27.05;28.89;29.67;29.52;28.77;27.79;27.44;27.59;27.52;27.86;28.03;28.08;27.76;29.24;29.95;30.75;30.26;30.42;30.39;31.22;30.60;29.83;,QUESTIONABLE,Group classification: MEDIA-RADIO/TV,
IHRT,MEDIA,MEDIA-RADIO/TV,,,,3.68;3.85;3.60;3.19;3.24;3.21;3.18;3.34;3.60;3.49;3.50;3.61;3.15;3.19;3.10;3.08;3.24;3.09;2.77;2.76;2.66;2.49;2.73;2.84;2.80;2.99;3.20;3.50;3.60;3.89;3.74;4.18;4.18;5.42;5.34;5.97;6.15;5.87;5.68;4.85;4.76;5.18;4.75;4.41;5.04;4.31;4.18;4.21;3.99;3.90;3.99;3.99;3.59;3.91;4.11;4.49;4.35;4.22;4.03;4.12;3.80;3.87;3.95;3.67;,QUESTIONABLE,Group classification: MEDIA-RADIO/TV,
TGNA,MEDIA,MEDIA-RADIO/TV,,,,,QUESTIONABLE,Group classification: MEDIA-RADIO/TV,
SBGI,MEDIA,MEDIA-RADIO/TV,,,,14.68;14.91;14.71;13.73;14.01;13.22;13.23;14.11;14.56;14.44;14.52;14.10;13.57;15.73;15.27;14.78;15.06;14.04;13.60;13.81;12.97;13.00;13.02;12.92;12.94;12.82;13.04;13.44;14.11;15.28;16.14;16.58;16.29;15.46;15.43;15.27;14.48;14.56;14.02;13.69;13.88;14.01;13.25;13.61;14.13;13.83;13.99;13.87;13.92;14.20;14.05;13.76;13.67;13.97;12.94;13.97;15.09;15.14;14.34;14.24;13.81;14.34;14.10;13.84;,QUESTIONABLE,Group classification: MEDIA-RADIO/TV,
SSP,MEDIA,MEDIA-RADIO/TV,,,,3.52;3.49;3.37;3.36;3.35;3.42;3.26;3.62;3.64;3.48;3.60;3.71;3.47;3.69;3.86;4.11;4.57;4.40;4.07;3.88;3.38;3.37;3.46;3.62;3.79;3.57;3.87;3.97;4.11;4.37;4.78;5.16;5.04;4.75;4.63;4.79;4.86;4.93;4.54;3.56;3.53;3.50;3.32;3.42;3.40;3.39;3.44;3.34;3.41;3.09;2.99;2.88;2.75;2.83;2.65;2.85;3.12;3.12;3.15;3.02;2.81;3.13;3.24;3.17;,QUESTIONABLE,Group classification: MEDIA-RADIO/TV,
GTN,MEDIA,MEDIA-RADIO/TV,,,,4.22;4.35;4.18;4.06;4.34;4.29;4.16;4.53;4.62;4.52;4.86;4.69;4.52;5.66;5.08;5.45;5.19;5.06;4.66;4.53;4.34;4.44;4.71;4.55;4.34;4.31;4.64;4.81;5.16;5.40;5.62;6.05;5.98;5.49;5.64;5.52;5.43;5.42;4.24;4.19;4.08;4.12;3.89;3.99;4.05;3.93;3.94;3.95;3.91;3.96;3.84;3.90;3.79;3.93;3.58;3.93;3.99;4.01;3.77;3.78;3.81;4.04;4.09;4.00;,QUESTIONABLE,Group classification: MEDIA-RADIO/TV,
EVC,MEDIA,MEDIA-RADIO/TV,,,,3.18;3.21;3.09;3.02;2.94;2.97;2.84;2.98;2.98;2.85;2.84;2.90;2.93;3.11;3.03;3.03;3.38;2.90;2.96;2.95;3.03;2.98;3.11;3.02;2.96;2.96;3.00;3.14;3.19;3.38;3.51;3.54;3.56;3.73;3.82;3.75;3.80;7.65;7.12;8.07;8.79;7.96;8.17;9.79;9.47;9.03;8.96;9.02;9.04;8.90;9.61;9.14;9.86;10.84;11.39;13.48;13.38;12.58;11.71;11.76;11.55;10.51;11.03;10.45;,QUESTIONABLE,Group classification: MEDIA-RADIO/TV,
AMGN,MEDICAL,MEDICAL-BIOMED/BIOTECH,,,,326.26;342.10;344.68;337.32;336.98;333.74;362.53;370.44;361.33;366.42;376.88;371.94;380.00;376.49;382.81;376.43;366.76;372.62;365.03;363.51;348.85;345.19;345.82;350.51;346.38;350.63;340.00;347.19;348.39;348.32;346.77;347.54;343.33;341.97;337.02;343.65;321.42;328.63;329.21;333.77;333.71;324.39;331.57;339.30;336.06;336.79;328.26;345.60;345.73;337.73;355.20;347.84;337.60;347.01;352.82;360.55;361.33;366.44;367.99;363.39;355.25;371.58;364.17;366.05;,HALAL,"Business activity permissible — debt ratio not verified, cross-check Musaffa/Zoya",
GILD,MEDICAL,MEDICAL-BIOMED/BIOTECH,,,,122.63;129.55;136.11;138.02;140.23;141.54;147.56;149.84;153.91;153.10;150.89;149.56;145.85;142.02;148.21;146.42;142.18;146.76;143.45;144.26;140.37;136.31;137.21;135.99;135.45;139.38;139.22;140.62;138.08;139.53;137.65;134.98;132.03;129.55;128.42;129.99;131.82;135.41;130.47;134.06;131.20;128.82;129.84;133.48;132.82;133.55;126.74;128.34;127.26;120.69;124.77;127.23;123.76;125.05;123.84;126.33;125.97;129.61;135.82;129.83;130.04;136.30;133.21;130.34;,HALAL,"Business activity permissible — debt ratio not verified, cross-check Musaffa/Zoya",
REGN,MEDICAL,MEDICAL-BIOMED/BIOTECH,,,,731.81;753.48;760.60;749.11;739.45;757.14;764.57;778.18;776.87;801.01;790.03;778.51;771.04;769.64;789.63;786.33;758.73;770.88;745.50;755.78;743.01;731.78;740.58;755.60;748.17;776.09;761.90;774.37;747.75;754.38;744.89;748.29;745.47;750.45;730.68;706.01;708.15;719.97;713.82;722.33;711.81;628.74;649.76;638.88;627.74;614.78;602.92;628.73;611.34;601.65;612.14;614.73;609.94;618.03;620.14;631.81;624.72;649.81;662.88;664.52;656.12;678.94;672.15;651.18;,HALAL,"Business activity permissible — debt ratio not verified, cross-check Musaffa/Zoya",
VRTX,MEDICAL,MEDICAL-BIOMED/BIOTECH,,,,442.08;467.35;476.84;477.91;469.90;465.61;458.81;470.87;461.24;491.47;470.31;476.90;487.43;480.13;486.03;477.89;456.69;499.17;478.13;466.10;451.59;454.00;448.62;453.74;443.16;447.26;434.30;443.92;436.27;444.28;435.65;439.18;437.67;430.29;430.14;427.38;429.85;427.65;429.82;448.29;450.41;436.58;430.44;434.52;437.22;447.54;425.09;441.74;442.96;435.71;444.93;453.17;451.63;468.42;480.18;499.65;498.01;529.59;498.43;485.39;476.31;486.03;480.50;472.57;,HALAL,"Business activity permissible — debt ratio not verified, cross-check Musaffa/Zoya",
BIIB,MEDICAL,MEDICAL-BIOMED/BIOTECH,,,,165.38;173.80;173.12;174.83;179.89;176.76;185.36;193.81;191.20;196.52;194.13;192.03;195.13;188.02;188.05;189.94;184.87;188.41;184.90;183.26;182.31;181.46;183.94;191.06;187.57;183.78;172.34;179.90;172.97;178.96;176.02;183.34;190.07;184.38;183.38;189.28;187.21;190.68;193.45;199.36;191.37;191.91;187.80;193.76;196.97;196.00;188.83;196.45;192.62;194.24;200.05;195.61;196.58;197.19;201.96;216.63;209.74;208.46;200.36;199.15;191.95;208.92;199.95;197.74;,HALAL,"Business activity permissible — debt ratio not verified, cross-check Musaffa/Zoya",
MRNA,MEDICAL,MEDICAL-BIOMED/BIOTECH,,,,43.00;51.87;47.99;45.30;44.07;42.20;40.87;41.95;40.51;42.23;46.60;49.87;50.52;51.71;52.85;57.80;52.52;54.98;53.39;53.31;52.40;51.38;51.34;53.57;48.23;50.03;48.77;52.10;50.96;52.84;54.68;54.59;55.60;50.73;47.14;45.94;47.30;48.79;54.35;53.27;50.03;48.11;48.12;46.88;47.61;47.19;45.64;51.59;47.60;45.99;49.91;55.40;63.96;61.00;59.75;69.70;72.50;81.80;73.80;68.27;67.44;63.15;59.49;58.07;,HALAL,"Business activity permissible — debt ratio not verified, cross-check Musaffa/Zoya",
BNTX,MEDICAL,MEDICAL-BIOMED/BIOTECH,,,,105.56;118.47;118.00;116.16;113.75;108.25;105.54;110.34;109.38;105.87;107.95;110.14;110.89;108.80;107.48;103.80;101.50;83.89;90.10;90.54;90.00;89.27;86.81;87.46;85.25;89.42;91.28;92.08;95.50;98.41;102.12;105.19;108.60;105.46;102.06;103.45;99.35;95.26;94.12;93.66;91.99;88.85;90.36;92.14;93.00;95.95;89.14;89.59;85.50;86.15;90.54;89.50;90.89;90.62;90.00;94.26;93.92;93.93;93.53;91.49;90.40;91.56;92.16;91.83;,HALAL,"Business activity permissible — debt ratio not verified, cross-check Musaffa/Zoya",
ALNY,MEDICAL,MEDICAL-BIOMED/BIOTECH,,,,355.53;370.00;361.35;349.58;338.06;351.80;331.24;320.00;322.28;314.40;332.68;336.19;332.85;331.24;325.07;327.30;320.66;322.38;317.23;318.91;314.80;312.17;308.05;328.16;316.09;328.73;330.34;327.25;322.11;339.41;320.13;310.94;310.58;305.54;302.11;309.49;297.93;303.00;295.05;292.03;293.45;286.27;298.48;297.45;295.63;301.98;286.12;303.64;292.16;291.22;282.85;281.90;278.09;288.18;293.17;293.52;301.67;313.04;323.50;298.76;281.26;283.15;272.67;266.99;,HALAL,"Business activity permissible — debt ratio not verified, cross-check Musaffa/Zoya",
BMRN,MEDICAL,MEDICAL-BIOMED/BIOTECH,,,,56.31;57.18;56.78;56.68;56.54;57.61;57.15;57.81;60.31;59.87;61.83;64.08;62.62;61.11;59.74;60.43;61.12;60.89;59.07;57.43;55.43;54.13;54.09;55.55;54.79;57.24;56.21;57.20;54.53;55.47;54.10;54.88;54.15;53.18;53.30;53.91;55.46;54.60;54.06;52.88;53.24;49.67;50.20;54.09;52.38;57.29;53.32;56.47;56.55;56.17;55.95;55.12;54.69;56.50;57.35;57.67;57.82;58.79;59.75;59.12;58.64;60.00;59.11;58.40;,HALAL,"Business activity permissible — debt ratio not verified, cross-check Musaffa/Zoya",
INCY,MEDICAL,MEDICAL-BIOMED/BIOTECH,,,,102.62;105.06;102.58;101.18;100.07;100.92;102.76;109.03;98.84;101.10;102.99;101.32;101.05;100.09;100.04;98.86;95.94;96.02;92.03;93.00;92.24;90.78;90.62;92.26;90.33;94.30;94.86;95.89;96.07;97.69;95.32;96.92;96.74;94.65;97.74;95.27;97.14;99.85;98.56;99.13;97.63;95.19;97.08;97.16;97.34;96.74;92.24;101.24;100.64;105.39;108.53;99.75;98.22;104.40;107.53;114.66;113.81;115.62;117.26;116.71;114.88;116.65;115.65;115.79;,HALAL,"Business activity permissible — debt ratio not verified, cross-check Musaffa/Zoya",
EXAS,MEDICAL,MEDICAL-BIOMED/BIOTECH,,,,,HALAL,"Business activity permissible — debt ratio not verified, cross-check Musaffa/Zoya",
ARGX,MEDICAL,MEDICAL-BIOMED/BIOTECH,,,,809.64;827.02;833.16;846.76;840.50;851.72;820.31;828.24;834.55;821.96;845.35;844.41;840.28;771.53;756.76;749.56;717.80;742.79;708.85;703.30;684.77;663.93;677.50;692.83;704.31;743.12;748.25;785.07;799.65;828.35;828.35;834.45;793.22;780.25;775.03;781.72;811.09;807.55;782.17;812.81;822.13;776.26;804.25;806.46;820.63;835.99;802.17;842.27;882.41;862.18;893.52;878.49;877.72;853.40;888.65;912.46;909.50;916.80;915.30;877.62;859.43;857.97;846.19;851.72;,HALAL,"Business activity permissible — debt ratio not verified, cross-check Musaffa/Zoya",
TECH,MEDICAL,MEDICAL-BIOMED/BIOTECH,,,,69.35;69.43;67.41;65.35;63.89;64.42;65.65;65.27;63.25;59.82;59.22;57.41;57.49;57.81;57.71;57.74;53.79;52.72;51.37;48.72;50.72;51.38;52.33;52.60;51.94;53.38;53.70;55.11;55.44;58.55;57.25;60.47;58.47;54.09;53.41;55.22;54.64;47.32;48.27;47.33;44.66;44.43;46.70;48.21;48.09;51.68;49.77;53.18;52.65;52.50;54.00;56.03;57.94;56.26;70.70;70.90;71.00;70.92;70.96;71.30;71.23;71.77;71.64;71.78;,HALAL,"Business activity permissible — debt ratio not verified, cross-check Musaffa/Zoya",
CRSP,MEDICAL,MEDICAL-BIOMED/BIOTECH,,,,52.61;60.81;54.65;53.69;49.96;52.00;45.88;49.70;48.32;53.07;53.52;53.46;56.77;61.74;60.77;60.00;56.50;52.80;48.87;48.42;47.69;46.24;46.43;47.55;44.34;48.81;49.15;51.76;51.22;56.86;55.72;57.69;56.42;48.78;52.06;52.34;53.58;55.08;54.83;52.83;50.45;48.56;48.55;50.36;53.53;56.18;52.02;56.95;51.60;49.44;49.80;52.02;54.09;53.99;53.98;56.35;55.62;61.89;59.20;53.35;50.46;48.57;46.99;47.24;,HALAL,"Business activity permissible — debt ratio not verified, cross-check Musaffa/Zoya",
BEAM,MEDICAL,MEDICAL-BIOMED/BIOTECH,,,,30.97;34.26;30.95;29.02;27.62;27.89;24.73;27.28;25.99;27.92;27.56;27.59;32.29;28.92;28.69;27.44;26.54;26.08;25.59;25.49;25.32;24.63;23.95;23.62;21.90;24.22;24.23;25.44;27.43;30.30;30.33;31.19;31.69;27.11;30.56;30.33;30.08;32.34;32.32;31.58;29.53;26.81;27.11;28.64;31.89;32.93;28.96;32.84;29.78;29.49;29.03;30.99;34.14;33.20;33.93;34.95;33.48;35.32;36.88;32.68;30.89;28.39;26.33;26.64;,HALAL,"Business activity permissible — debt ratio not verified, cross-check Musaffa/Zoya",
NTLA,MEDICAL,MEDICAL-BIOMED/BIOTECH,,,,12.83;15.90;13.95;13.82;13.15;13.05;11.09;12.49;12.00;11.87;12.48;12.64;13.58;14.28;15.44;13.82;13.44;13.47;12.85;13.38;13.21;12.84;12.81;13.24;11.65;13.27;13.30;13.87;13.49;14.78;14.16;15.21;16.57;13.63;13.20;13.48;13.87;13.85;14.09;13.99;13.09;12.69;12.26;12.60;13.44;14.07;13.13;14.75;13.49;12.20;12.11;14.55;15.67;15.25;16.03;16.61;17.24;17.84;16.84;14.22;13.30;11.86;10.92;11.13;,HALAL,"Business activity permissible — debt ratio not verified, cross-check Musaffa/Zoya",
EDIT,MEDICAL,MEDICAL-BIOMED/BIOTECH,,,,2.02;2.38;2.06;2.06;1.99;2.06;1.66;1.81;1.77;1.76;1.72;1.79;2.11;2.18;2.15;2.19;2.00;2.64;2.54;2.54;2.35;2.34;2.25;2.32;2.23;2.61;2.72;2.76;2.94;3.39;3.35;3.57;3.33;2.91;3.06;3.00;3.00;3.17;3.11;2.93;2.85;2.53;2.60;2.76;3.57;3.46;2.82;2.99;2.64;2.48;2.50;2.36;2.69;2.76;2.74;3.20;3.28;3.65;3.67;3.26;3.16;2.88;2.88;2.78;,HALAL,"Business activity permissible — debt ratio not verified, cross-check Musaffa/Zoya",
ARWR,MEDICAL,MEDICAL-BIOMED/BIOTECH,,,,65.28;69.59;66.82;65.58;69.33;72.14;64.64;62.64;61.55;63.82;64.38;63.59;63.67;63.39;64.33;65.10;59.82;59.20;55.01;57.37;56.71;56.33;56.27;60.77;57.65;62.92;61.12;64.36;65.14;66.69;67.98;69.25;73.92;73.91;70.13;73.48;76.39;79.14;72.69;79.04;79.69;73.95;77.14;74.95;78.99;77.91;70.82;75.16;73.86;70.73;74.52;76.55;81.82;79.90;79.27;80.50;80.44;86.55;85.74;76.40;71.91;71.38;71.65;88.70;,HALAL,"Business activity permissible — debt ratio not verified, cross-check Musaffa/Zoya",
IONS,MEDICAL,MEDICAL-BIOMED/BIOTECH,,,,77.53;81.79;81.00;81.92;82.67;84.59;83.48;84.79;84.35;80.60;82.22;83.15;85.45;80.60;81.96;79.45;74.04;75.66;72.34;72.34;71.67;70.99;69.68;74.24;72.52;75.13;74.33;74.98;75.17;76.76;75.26;74.87;74.83;73.27;71.78;74.76;75.45;76.85;75.71;75.83;75.68;72.52;75.06;75.56;76.49;76.50;72.97;75.13;73.54;73.32;73.28;73.09;74.12;75.99;78.34;80.69;79.19;83.18;84.46;58.25;54.93;54.65;52.95;54.01;,HALAL,"Business activity permissible — debt ratio not verified, cross-check Musaffa/Zoya",
SRPT,MEDICAL,MEDICAL-BIOMED/BIOTECH,,,,21.04;21.79;22.80;21.31;20.34;20.28;17.03;18.31;17.96;17.79;18.38;18.88;18.84;17.45;16.32;16.09;16.71;17.66;17.04;16.66;17.16;16.69;17.61;21.68;20.48;22.13;22.80;21.90;21.18;22.15;21.17;21.42;20.64;20.30;21.07;20.88;22.04;23.03;19.96;19.13;18.68;17.01;17.12;16.80;16.68;17.87;16.25;16.66;15.55;15.11;15.31;15.78;17.53;17.26;16.02;17.02;18.20;19.18;20.21;18.95;17.96;17.23;16.83;15.82;,HALAL,"Business activity permissible — debt ratio not verified, cross-check Musaffa/Zoya",
BLUE,MEDICAL,MEDICAL-BIOMED/BIOTECH,,,,,HALAL,"Business activity permissible — debt ratio not verified, cross-check Musaffa/Zoya",
RXRX,MEDICAL,MEDICAL-BIOMED/BIOTECH,,,,4.40;4.96;4.59;4.47;4.19;4.10;3.56;3.98;3.71;3.49;3.53;3.42;3.53;3.77;3.63;3.64;3.46;3.44;3.29;3.39;3.32;3.25;3.17;3.15;2.84;3.06;3.15;3.39;3.28;3.54;3.60;3.69;3.73;3.51;3.41;3.46;3.52;3.43;3.32;3.15;3.04;2.89;2.96;3.01;3.17;3.59;3.61;3.80;3.32;3.04;3.15;3.18;3.23;3.16;3.34;3.69;3.67;3.96;3.72;3.56;3.34;3.02;2.89;2.98;,HALAL,"Business activity permissible — debt ratio not verified, cross-check Musaffa/Zoya",
MRUS,MEDICAL,MEDICAL-BIOMED/BIOTECH,,,,,HALAL,"Business activity permissible — debt ratio not verified, cross-check Musaffa/Zoya",
JNJ,MEDICAL,MEDICAL-ETHICAL DRUGS,,,,215.81;216.09;219.06;225.22;224.76;230.54;235.18;236.02;238.22;240.78;242.30;239.83;244.87;242.08;247.14;243.90;239.03;242.32;240.66;241.80;235.92;234.02;233.92;237.87;241.10;242.72;239.59;239.92;237.10;238.73;233.20;229.37;224.81;226.20;226.49;228.54;222.92;223.34;220.05;222.98;229.48;227.61;228.01;233.00;231.29;225.33;222.89;228.17;232.16;238.49;240.87;235.18;228.39;239.08;244.88;258.51;253.98;259.33;263.40;256.98;253.85;249.97;248.82;255.63;,HALAL,"Business activity permissible — debt ratio not verified, cross-check Musaffa/Zoya",
PFE,MEDICAL,MEDICAL-ETHICAL DRUGS,,,,24.27;24.82;25.02;25.00;25.56;24.92;25.61;26.15;26.81;26.67;26.46;25.77;26.24;26.20;26.36;25.74;26.15;26.26;25.97;25.73;26.41;26.08;26.07;26.66;26.85;27.60;26.91;26.56;26.03;26.21;26.32;26.61;25.91;26.10;25.60;25.81;25.43;25.65;25.24;25.43;25.31;24.89;25.35;25.45;25.76;25.73;25.11;25.25;25.18;25.16;25.76;25.59;24.78;24.29;23.26;23.95;23.47;23.31;23.64;23.75;23.83;24.71;24.32;24.39;,HALAL,"Business activity permissible — debt ratio not verified, cross-check Musaffa/Zoya",
LLY,MEDICAL,MEDICAL-ETHICAL DRUGS,,,,1037.77;1083.70;1059.16;1020.34;1033.64;1000.07;1017.39;1041.14;1011.78;1038.21;1018.81;1007.79;1040.36;1020.26;1016.22;1001.85;988.63;999.63;975.57;987.42;916.47;905.14;901.47;895.46;885.11;952.88;925.47;951.66;937.86;920.91;902.44;918.32;919.90;882.44;872.50;932.99;966.27;985.35;946.82;988.17;1004.97;988.09;1018.87;1065.00;1082.92;1105.00;1064.15;1125.27;1149.15;1136.37;1133.00;1122.50;1098.57;1107.08;1127.69;1229.93;1191.74;1200.06;1215.83;1188.58;1152.54;1169.17;1146.90;1163.01;,HALAL,"Business activity permissible — debt ratio not verified, cross-check Musaffa/Zoya",
MRK,MEDICAL,MEDICAL-ETHICAL DRUGS,,,,107.87;107.60;105.85;105.36;108.68;114.17;118.02;115.95;117.59;119.66;119.90;120.49;122.14;117.58;119.66;118.54;114.12;115.40;114.24;114.61;113.68;113.36;115.54;118.08;117.26;119.98;119.99;122.30;120.55;119.10;114.64;116.26;112.08;111.10;109.24;108.40;112.30;112.75;110.58;111.57;112.60;111.76;112.19;121.54;119.38;117.87;114.82;119.40;118.67;118.24;118.20;115.17;113.87;119.60;125.45;129.38;125.37;126.78;125.99;123.54;120.78;127.63;124.40;127.47;,HALAL,"Business activity permissible — debt ratio not verified, cross-check Musaffa/Zoya",
ABBV,MEDICAL,MEDICAL-ETHICAL DRUGS,,,,210.78;214.79;217.41;215.34;219.61;222.22;215.68;219.86;217.52;227.97;225.23;221.38;224.96;221.27;230.69;232.59;226.60;223.55;221.94;218.08;205.17;201.95;202.07;207.90;209.87;211.70;203.54;208.37;204.77;207.06;207.51;202.27;199.08;197.31;196.29;209.83;206.69;203.58;200.13;206.39;209.28;207.93;210.80;214.18;213.88;216.18;213.88;223.35;221.49;223.36;226.12;220.90;214.96;233.10;241.42;252.51;249.29;252.96;250.95;246.33;243.05;254.39;253.38;253.30;,HALAL,"Business activity permissible — debt ratio not verified, cross-check Musaffa/Zoya",
BMY,MEDICAL,MEDICAL-ETHICAL DRUGS,,,,53.07;53.77;53.44;53.46;53.88;54.80;58.25;59.48;58.66;59.45;58.46;59.37;60.29;59.80;61.02;61.01;59.01;58.85;57.70;58.44;58.11;56.26;56.17;58.17;58.46;60.42;58.67;58.54;57.97;57.43;58.30;58.47;58.14;58.05;57.61;59.91;56.74;55.96;55.53;55.82;56.14;56.67;57.89;58.80;56.88;56.54;53.85;55.97;54.95;54.98;56.49;55.30;53.40;54.91;54.77;57.91;55.81;56.70;57.54;57.58;56.95;60.51;60.16;60.76;,HALAL,"Business activity permissible — debt ratio not verified, cross-check Musaffa/Zoya",
AZN,MEDICAL,MEDICAL-ETHICAL DRUGS,,,,178.02;181.49;186.52;184.52;183.63;182.42;185.23;186.07;202.65;203.43;206.52;204.20;206.61;203.98;203.73;201.53;194.22;194.99;192.50;192.01;188.42;183.60;185.78;183.40;193.88;200.73;202.83;204.27;204.03;204.38;200.47;200.69;194.81;189.75;186.68;187.37;183.46;184.92;182.85;184.54;184.96;183.92;187.46;187.03;185.65;185.67;177.45;181.80;181.55;178.96;178.75;178.71;174.93;181.02;185.68;190.95;183.86;190.16;189.28;171.61;164.50;169.29;164.52;169.73;,HALAL,"Business activity permissible — debt ratio not verified, cross-check Musaffa/Zoya",
NVS,MEDICAL,MEDICAL-ETHICAL DRUGS,,,,139.34;140.72;144.72;143.50;144.29;145.43;149.40;152.41;155.33;158.28;160.50;157.87;162.17;160.62;161.94;160.27;155.39;156.82;154.25;154.87;149.81;146.03;148.61;149.70;150.36;155.08;152.84;154.42;154.05;153.38;149.73;150.99;147.32;145.47;145.50;147.85;144.62;148.36;146.03;148.16;149.77;149.15;150.45;152.01;151.12;150.17;143.48;148.40;146.42;148.12;153.07;150.93;147.08;153.38;155.12;157.59;154.14;155.49;155.17;154.05;150.36;152.73;149.56;153.08;,HALAL,"Business activity permissible — debt ratio not verified, cross-check Musaffa/Zoya",
SNY,MEDICAL,MEDICAL-ETHICAL DRUGS,,,,43.34;44.06;44.84;43.36;44.57;44.99;44.99;45.73;46.66;43.59;43.71;44.30;44.82;45.81;45.15;43.79;42.21;41.66;41.34;41.67;41.41;42.26;42.77;44.17;44.26;45.22;45.10;44.66;44.30;45.14;45.21;45.47;44.43;44.32;43.53;44.13;43.35;43.77;43.31;42.86;42.85;43.54;44.67;44.29;44.43;43.67;42.80;44.38;43.88;43.57;44.25;44.05;42.38;41.60;41.80;43.43;41.63;42.61;42.78;43.50;43.18;44.21;43.98;43.79;,HALAL,"Business activity permissible — debt ratio not verified, cross-check Musaffa/Zoya",
GSK,MEDICAL,MEDICAL-ETHICAL DRUGS,,,,46.84;47.82;49.47;49.25;50.72;52.44;58.17;58.01;57.50;57.93;60.14;58.98;58.59;57.54;57.76;56.32;54.02;54.82;53.79;53.28;51.59;51.37;52.47;53.45;53.74;55.48;55.86;56.85;57.68;58.64;56.61;56.83;55.20;53.95;53.98;51.84;50.44;50.07;49.95;50.44;50.50;50.26;50.78;51.38;51.58;50.54;49.00;51.27;50.64;51.17;53.04;52.22;50.67;52.07;51.89;52.81;51.30;53.09;52.52;52.78;51.25;52.77;50.04;50.76;,HALAL,"Business activity permissible — debt ratio not verified, cross-check Musaffa/Zoya",
TAK,MEDICAL,MEDICAL-ETHICAL DRUGS,,,,16.15;15.94;16.61;16.69;17.23;17.43;17.80;17.73;18.28;18.46;18.54;18.66;18.65;18.53;18.44;18.22;17.88;18.21;17.77;18.22;18.03;17.83;18.04;18.06;18.27;18.77;18.22;18.66;18.08;17.85;17.78;17.55;16.60;16.63;16.41;16.68;16.56;16.72;16.46;16.42;16.63;16.57;16.68;16.25;16.15;15.96;15.18;15.45;15.74;15.68;15.91;15.66;15.63;15.84;15.65;15.98;15.95;16.89;16.75;16.56;16.39;16.73;17.05;16.87;,HALAL,"Business activity permissible — debt ratio not verified, cross-check Musaffa/Zoya",
VTRS,MEDICAL,MEDICAL-ETHICAL DRUGS,,,,12.46;13.03;12.96;12.77;12.88;13.47;14.11;15.32;15.88;15.52;15.80;15.67;15.82;15.01;15.45;14.48;13.94;13.98;13.70;13.41;13.64;13.10;13.26;13.27;12.87;13.53;13.31;13.47;13.37;13.81;13.91;14.76;14.41;14.48;14.71;14.83;15.09;15.83;17.04;17.04;17.13;16.38;16.47;16.65;16.29;16.26;15.69;15.90;15.93;15.77;16.48;16.04;15.37;15.75;16.07;16.23;16.18;16.80;16.66;16.27;16.31;17.33;16.99;17.01;,HALAL,"Business activity permissible — debt ratio not verified, cross-check Musaffa/Zoya",
ZTS,MEDICAL,MEDICAL-ETHICAL DRUGS,,,,121.86;123.00;122.53;120.56;123.42;121.04;125.31;125.87;127.23;125.23;127.68;127.33;127.22;128.30;127.51;124.55;120.07;119.14;114.16;116.82;116.03;114.37;114.63;115.32;115.02;115.97;116.93;118.41;116.54;119.75;117.70;121.87;116.71;116.06;115.84;114.17;111.90;110.45;82.26;76.41;74.96;77.18;79.16;80.76;78.93;77.15;75.86;78.97;78.27;80.73;79.02;78.78;78.17;76.31;77.28;72.74;71.95;74.90;74.58;75.04;73.56;76.38;76.20;74.19;,HALAL,"Business activity permissible — debt ratio not verified, cross-check Musaffa/Zoya",
TEVA,MEDICAL,MEDICAL-GENERIC DRUGS,,,,31.36;31.66;32.14;33.21;34.08;36.25;34.80;34.47;34.31;33.98;34.11;34.22;33.92;33.77;33.77;32.91;31.05;31.52;29.30;29.46;29.61;28.73;29.14;29.78;28.35;30.25;29.82;30.52;30.82;31.77;31.26;32.02;31.22;30.64;31.62;35.07;35.35;36.34;35.73;35.81;35.31;34.03;34.32;34.07;34.56;35.32;33.08;34.43;33.26;33.58;34.63;32.91;31.48;33.21;33.62;33.31;33.44;35.29;33.24;32.95;31.82;32.22;31.00;30.15;,HALAL,"Business activity permissible — debt ratio not verified, cross-check Musaffa/Zoya",
VTRS,MEDICAL,MEDICAL-GENERIC DRUGS,,,,12.46;13.03;12.96;12.77;12.88;13.47;14.11;15.32;15.88;15.52;15.80;15.67;15.82;15.01;15.45;14.48;13.94;13.98;13.70;13.41;13.64;13.10;13.26;13.27;12.87;13.53;13.31;13.47;13.37;13.81;13.91;14.76;14.41;14.48;14.71;14.83;15.09;15.83;17.04;17.04;17.13;16.38;16.47;16.65;16.29;16.26;15.69;15.90;15.93;15.77;16.48;16.04;15.37;15.75;16.07;16.23;16.18;16.80;16.66;16.27;16.31;17.33;16.99;17.01;,HALAL,"Business activity permissible — debt ratio not verified, cross-check Musaffa/Zoya",
PRGO,MEDICAL,MEDICAL-GENERIC DRUGS,,,,14.38;14.38;13.73;13.30;13.55;13.48;13.60;13.65;13.92;13.86;13.90;14.27;13.93;13.53;12.03;11.39;10.45;9.84;9.18;9.47;9.69;9.02;9.40;9.14;9.47;10.72;10.32;10.56;10.58;11.18;11.13;11.73;11.52;11.52;11.22;11.54;11.10;11.95;11.41;10.84;10.57;10.41;10.88;10.94;10.88;11.05;10.46;10.67;11.61;11.17;10.99;10.67;10.25;9.49;9.68;10.05;10.31;11.09;10.52;10.22;9.90;11.16;10.59;10.47;,HALAL,"Business activity permissible — debt ratio not verified, cross-check Musaffa/Zoya",
AMRX,MEDICAL,MEDICAL-GENERIC DRUGS,,,,13.33;13.58;13.57;13.95;13.68;14.25;14.77;14.52;14.70;14.82;14.85;14.50;14.66;14.49;13.77;13.30;13.24;13.35;12.11;11.94;12.39;11.83;12.07;12.06;11.95;12.71;12.35;12.71;12.54;13.12;13.09;13.26;12.82;12.52;12.73;12.87;13.11;13.62;13.20;12.60;12.23;11.92;12.23;12.42;12.78;13.17;12.65;13.52;13.71;15.32;16.20;16.25;16.21;16.66;17.32;17.29;16.97;16.92;16.96;17.01;16.69;18.04;17.50;17.75;,HALAL,"Business activity permissible — debt ratio not verified, cross-check Musaffa/Zoya",
HCA,MEDICAL,MEDICAL-HOSPITALS,,,,462.76;464.72;470.74;489.52;486.57;497.47;511.97;495.81;529.62;538.41;533.16;530.45;524.69;524.05;531.06;542.51;530.95;535.77;530.73;523.36;501.05;492.89;484.75;479.36;466.89;473.80;482.95;504.11;494.48;497.66;482.00;477.17;470.40;431.60;431.06;433.58;426.33;428.59;434.32;428.83;431.83;421.94;395.88;393.28;391.37;377.78;366.62;361.11;360.60;372.59;386.41;396.93;375.17;386.92;386.94;392.33;393.24;417.07;410.61;406.59;363.60;385.74;370.42;371.87;,HALAL,"Business activity permissible — debt ratio not verified, cross-check Musaffa/Zoya",
UHS,MEDICAL,MEDICAL-HOSPITALS,,,,199.40;205.23;205.62;202.54;200.79;206.49;215.96;212.44;230.78;234.26;234.74;229.95;229.44;203.85;206.14;202.03;192.38;186.27;190.23;193.20;189.32;185.56;185.66;184.83;181.85;177.69;181.08;186.50;180.53;181.70;178.48;179.47;180.47;174.11;162.32;168.04;165.84;168.26;169.73;169.40;170.43;169.04;164.09;157.58;154.08;145.91;142.35;142.52;142.87;144.82;146.42;146.90;141.17;145.85;144.46;147.02;150.58;158.05;156.43;155.57;144.23;153.54;150.64;149.34;,HALAL,"Business activity permissible — debt ratio not verified, cross-check Musaffa/Zoya",
THC,MEDICAL,MEDICAL-HOSPITALS,,,,193.26;189.45;189.92;189.58;189.28;192.85;195.97;192.96;226.35;231.10;231.75;229.90;237.58;239.67;235.12;244.80;236.95;237.42;224.73;219.30;203.21;200.35;199.63;195.46;188.00;190.27;190.28;199.34;195.24;196.60;192.00;191.26;191.22;180.81;177.50;177.12;185.35;194.51;190.38;195.88;198.55;192.45;187.41;173.78;181.06;175.32;163.60;161.37;163.01;164.77;174.66;183.56;172.57;180.88;183.94;187.17;191.20;206.19;206.26;204.25;183.69;199.20;194.38;195.35;,HALAL,"Business activity permissible — debt ratio not verified, cross-check Musaffa/Zoya",
CYH,MEDICAL,MEDICAL-HOSPITALS,,,,3.13;3.35;3.20;3.09;3.21;3.13;3.04;3.13;3.37;3.42;3.34;3.56;3.49;3.66;3.39;3.43;3.35;3.38;3.24;3.09;3.04;2.89;2.92;2.93;2.87;2.97;2.97;3.10;3.15;3.07;3.13;3.15;2.71;2.72;2.88;2.84;2.85;2.87;2.79;2.87;2.90;2.80;2.81;2.80;2.76;2.72;2.78;2.79;2.76;2.97;3.12;3.14;3.02;3.08;3.20;3.39;3.54;3.68;3.57;3.57;3.19;3.38;3.12;3.22;,HALAL,"Business activity permissible — debt ratio not verified, cross-check Musaffa/Zoya",
AMED,MEDICAL,MEDICAL-HOSPITALS,,,,,HALAL,"Business activity permissible — debt ratio not verified, cross-check Musaffa/Zoya",
EHC,MEDICAL,MEDICAL-HOSPITALS,,,,98.45;98.99;96.77;95.33;94.17;94.00;99.18;105.75;112.99;109.72;108.66;106.14;104.44;106.79;107.65;108.53;106.54;106.48;99.91;101.04;99.30;95.49;97.12;97.36;97.15;97.20;104.95;106.61;107.05;106.50;105.29;106.07;101.98;101.79;101.50;99.81;106.44;104.81;105.90;107.88;107.10;105.90;105.79;104.76;104.09;105.65;101.36;99.65;100.92;103.16;101.28;99.65;97.85;99.71;99.53;100.71;101.39;106.99;110.25;110.16;108.73;112.49;112.50;111.02;,HALAL,"Business activity permissible — debt ratio not verified, cross-check Musaffa/Zoya",
ENSG,MEDICAL,MEDICAL-LONG-TERM CARE,,,,177.28;174.86;178.02;171.67;171.53;173.47;197.02;199.14;211.76;213.18;209.81;210.49;212.23;212.49;215.67;211.89;207.08;209.50;208.21;209.31;204.81;199.93;202.77;201.84;200.26;200.02;197.90;204.71;198.94;198.37;197.64;197.47;186.14;189.08;188.22;186.61;181.96;175.86;171.38;175.97;179.19;176.59;178.19;171.87;171.90;167.58;165.63;164.22;156.36;151.59;149.31;156.87;153.59;158.82;165.67;158.12;164.82;166.83;169.93;168.59;166.73;172.89;172.04;169.11;,HALAL,"Business activity permissible — debt ratio not verified, cross-check Musaffa/Zoya",
BKD,MEDICAL,MEDICAL-LONG-TERM CARE,,,,,HALAL,"Business activity permissible — debt ratio not verified, cross-check Musaffa/Zoya",
CSU,MEDICAL,MEDICAL-LONG-TERM CARE,,,,,HALAL,"Business activity permissible — debt ratio not verified, cross-check Musaffa/Zoya",
PNTG,MEDICAL,MEDICAL-LONG-TERM CARE,,,,29.30;31.16;30.54;27.49;27.62;29.22;29.98;30.80;31.61;31.97;32.65;32.32;31.98;30.49;33.82;33.54;33.66;34.05;34.09;33.49;33.26;31.05;31.02;30.56;30.14;30.35;29.92;31.01;30.68;30.65;30.42;29.64;29.37;30.01;30.79;31.32;31.10;32.53;35.90;35.42;36.90;35.34;35.32;33.92;34.00;34.25;30.86;30.12;31.38;32.30;32.85;33.88;33.44;34.23;35.85;36.34;37.36;39.91;39.20;40.50;39.76;41.71;41.15;40.45;,HALAL,"Business activity permissible — debt ratio not verified, cross-check Musaffa/Zoya",
UNH,MEDICAL,MEDICAL-MANAGED CARE,,,,333.91;349.74;346.95;290.09;283.10;280.39;264.96;272.02;275.19;289.28;284.35;286.13;270.29;282.83;290.99;288.06;282.66;280.74;275.48;283.87;282.72;274.02;270.73;266.53;260.30;272.42;279.76;304.24;302.60;312.41;314.60;321.64;351.51;352.90;364.69;368.38;368.64;365.19;377.82;394.14;396.82;388.91;381.12;386.26;381.83;378.15;375.77;394.22;404.26;405.15;406.20;407.65;400.96;409.25;415.53;419.82;426.54;417.99;425.60;424.62;425.19;423.38;421.55;431.31;,HALAL,"Business activity permissible — debt ratio not verified, cross-check Musaffa/Zoya",
ELV,MEDICAL,MEDICAL-MANAGED CARE,,,,,HALAL,"Business activity permissible — debt ratio not verified, cross-check Musaffa/Zoya",
CI,MEDICAL,MEDICAL-MANAGED CARE,,,,268.20;277.25;277.27;269.33;271.04;272.30;281.34;291.10;291.43;288.17;286.87;277.17;277.85;285.58;287.59;281.55;270.06;260.93;264.35;266.80;263.09;261.33;264.34;270.51;256.59;265.78;274.10;275.96;269.69;271.03;274.78;278.31;273.12;274.05;283.28;288.91;277.74;280.36;286.40;296.77;293.23;285.04;281.47;284.59;284.10;275.80;271.15;280.68;289.61;295.81;298.00;291.88;279.27;283.08;281.87;278.74;277.07;281.98;289.73;293.46;303.35;283.82;283.94;284.85;,HALAL,"Business activity permissible — debt ratio not verified, cross-check Musaffa/Zoya",
HUM,MEDICAL,MEDICAL-MANAGED CARE,,,,266.02;264.32;261.68;192.58;193.76;191.59;192.12;188.09;174.10;182.74;185.74;188.43;173.35;185.45;185.90;181.76;177.83;172.34;162.46;168.73;169.16;168.64;170.96;173.84;165.61;176.53;182.22;197.92;191.70;195.75;200.29;209.84;216.89;214.72;229.18;235.88;237.40;245.75;274.31;294.65;300.64;305.28;303.38;307.23;305.55;304.70;320.12;348.98;355.14;363.60;378.33;368.62;359.80;358.28;375.11;388.90;409.42;392.86;396.29;392.22;406.77;386.48;398.20;397.60;,HALAL,"Business activity permissible — debt ratio not verified, cross-check Musaffa/Zoya",
CNC,MEDICAL,MEDICAL-MANAGED CARE,,,,45.76;45.42;46.28;41.90;43.32;42.51;39.92;38.04;40.43;40.58;43.07;43.24;42.37;42.93;44.60;44.99;43.65;36.40;34.57;34.76;36.16;34.40;32.98;33.56;31.80;33.95;35.40;37.28;37.30;37.26;39.00;38.31;38.93;41.82;49.57;53.69;53.56;55.33;55.96;59.31;58.70;58.23;58.28;59.14;58.82;59.60;59.99;62.70;65.03;65.34;65.19;61.39;61.02;63.14;64.77;64.54;68.35;66.05;67.09;67.35;68.72;63.89;65.84;65.89;,HALAL,"Business activity permissible — debt ratio not verified, cross-check Musaffa/Zoya",
MOH,MEDICAL,MEDICAL-MANAGED CARE,,,,191.27;198.75;201.05;187.00;179.59;181.40;176.84;127.53;122.65;135.35;142.61;151.00;148.31;146.36;152.42;150.04;144.47;141.32;149.19;146.49;148.63;139.41;141.74;138.80;131.47;135.82;143.36;147.55;145.88;147.51;148.87;150.12;153.00;175.94;185.46;194.62;195.53;197.44;185.94;191.58;186.80;184.88;182.24;184.14;177.87;173.60;179.86;192.81;198.41;197.89;200.28;200.21;195.37;196.56;216.04;229.54;232.55;227.70;230.94;233.31;241.56;224.82;229.71;221.74;,HALAL,"Business activity permissible — debt ratio not verified, cross-check Musaffa/Zoya",
BKD,MEDICAL,MEDICAL-NURSING HOMES,,,,,HALAL,"Business activity permissible — debt ratio not verified, cross-check Musaffa/Zoya",
ENSG,MEDICAL,MEDICAL-NURSING HOMES,,,,177.28;174.86;178.02;171.67;171.53;173.47;197.02;199.14;211.76;213.18;209.81;210.49;212.23;212.49;215.67;211.89;207.08;209.50;208.21;209.31;204.81;199.93;202.77;201.84;200.26;200.02;197.90;204.71;198.94;198.37;197.64;197.47;186.14;189.08;188.22;186.61;181.96;175.86;171.38;175.97;179.19;176.59;178.19;171.87;171.90;167.58;165.63;164.22;156.36;151.59;149.31;156.87;153.59;158.82;165.67;158.12;164.82;166.83;169.93;168.59;166.73;172.89;172.04;169.11;,HALAL,"Business activity permissible — debt ratio not verified, cross-check Musaffa/Zoya",
PNTG,MEDICAL,MEDICAL-NURSING HOMES,,,,29.30;31.16;30.54;27.49;27.62;29.22;29.98;30.80;31.61;31.97;32.65;32.32;31.98;30.49;33.82;33.54;33.66;34.05;34.09;33.49;33.26;31.05;31.02;30.56;30.14;30.35;29.92;31.01;30.68;30.65;30.42;29.64;29.37;30.01;30.79;31.32;31.10;32.53;35.90;35.42;36.90;35.34;35.32;33.92;34.00;34.25;30.86;30.12;31.38;32.30;32.85;33.88;33.44;34.23;35.85;36.34;37.36;39.91;39.20;40.50;39.76;41.71;41.15;40.45;,HALAL,"Business activity permissible — debt ratio not verified, cross-check Musaffa/Zoya",
NHC,MEDICAL,MEDICAL-NURSING HOMES,,,,136.79;143.91;144.68;138.09;142.08;147.82;158.75;161.38;167.13;168.47;160.94;156.69;156.32;159.02;169.92;171.59;166.69;156.49;154.76;163.78;156.59;157.67;160.83;160.12;161.22;157.46;163.60;171.81;170.30;162.97;160.79;166.04;173.07;172.30;174.07;172.73;170.06;168.86;188.21;188.85;197.32;195.66;198.86;195.36;191.38;183.82;182.75;187.41;187.12;191.19;197.08;191.35;200.88;198.89;200.88;205.66;212.71;217.43;211.78;210.38;210.79;224.64;219.88;220.34;,HALAL,"Business activity permissible — debt ratio not verified, cross-check Musaffa/Zoya",
AMED,MEDICAL,MEDICAL-OUTPATIENT/HOME CARE,,,,,HALAL,"Business activity permissible — debt ratio not verified, cross-check Musaffa/Zoya",
EHC,MEDICAL,MEDICAL-OUTPATIENT/HOME CARE,,,,98.45;98.99;96.77;95.33;94.17;94.00;99.18;105.75;112.99;109.72;108.66;106.14;104.44;106.79;107.65;108.53;106.54;106.48;99.91;101.04;99.30;95.49;97.12;97.36;97.15;97.20;104.95;106.61;107.05;106.50;105.29;106.07;101.98;101.79;101.50;99.81;106.44;104.81;105.90;107.88;107.10;105.90;105.79;104.76;104.09;105.65;101.36;99.65;100.92;103.16;101.28;99.65;97.85;99.71;99.53;100.71;101.39;106.99;110.25;110.16;108.73;112.49;112.50;111.02;,HALAL,"Business activity permissible — debt ratio not verified, cross-check Musaffa/Zoya",
DVA,MEDICAL,MEDICAL-OUTPATIENT/HOME CARE,,,,103.93;109.17;107.51;105.88;109.34;134.73;149.22;137.64;144.27;148.95;147.75;150.73;150.91;152.54;153.98;154.79;150.76;151.55;153.06;148.22;148.83;149.31;153.28;156.76;152.37;150.34;150.12;148.44;150.05;149.45;148.13;149.33;152.42;151.85;150.07;155.14;154.08;193.88;198.65;200.54;192.58;199.52;196.87;198.52;194.92;194.36;187.89;192.17;192.08;198.54;208.66;208.98;207.91;210.93;213.36;219.70;228.03;235.71;230.72;232.80;232.41;234.01;234.10;232.08;,HALAL,"Business activity permissible — debt ratio not verified, cross-check Musaffa/Zoya",
FMS,MEDICAL,MEDICAL-OUTPATIENT/HOME CARE,,,,20.29;21.46;21.33;21.33;21.82;22.09;23.41;22.96;23.12;23.49;23.08;23.44;21.78;22.50;22.56;22.14;22.06;22.07;21.87;22.12;21.54;20.80;21.18;21.52;21.35;21.48;21.61;22.52;22.71;22.31;21.89;22.28;21.97;21.89;21.64;21.70;21.77;20.20;21.18;21.38;20.64;21.36;21.34;21.64;21.56;21.57;20.55;21.93;21.79;22.28;23.02;23.75;23.59;23.70;23.25;22.70;22.86;23.61;23.94;24.02;24.14;24.09;24.07;24.30;,HALAL,"Business activity permissible — debt ratio not verified, cross-check Musaffa/Zoya",
ADUS,MEDICAL,MEDICAL-OUTPATIENT/HOME CARE,,,,108.67;110.37;110.37;102.48;103.48;106.90;106.58;103.71;112.67;113.80;113.44;115.48;105.20;104.02;105.26;105.68;103.21;102.15;99.74;100.94;101.55;99.28;99.31;97.67;94.38;93.85;93.50;92.30;92.21;93.23;93.33;93.52;94.77;95.71;98.84;96.89;100.12;96.64;99.57;98.49;92.41;92.64;93.76;92.65;94.02;91.68;90.45;89.70;90.71;93.17;93.28;94.71;94.23;96.09;96.86;98.05;102.25;105.73;106.32;108.21;108.50;113.82;111.50;111.40;,HALAL,"Business activity permissible — debt ratio not verified, cross-check Musaffa/Zoya",
MDT,MEDICAL,MEDICAL-PRODUCTS,,,,96.93;99.62;98.96;99.08;101.21;101.43;101.20;99.93;99.36;97.80;96.82;95.22;95.11;95.38;96.44;93.98;89.36;88.36;85.90;86.74;85.73;84.70;85.11;86.18;84.97;85.29;85.51;87.86;86.43;87.33;84.88;84.24;82.48;82.57;81.17;80.25;77.60;76.91;75.47;76.13;76.28;76.63;77.45;77.90;75.30;73.15;73.09;81.20;79.97;79.53;79.48;80.59;78.63;79.91;79.80;80.93;79.20;83.06;82.01;83.87;79.30;83.56;83.29;81.89;,HALAL,"Business activity permissible — debt ratio not verified, cross-check Musaffa/Zoya",
ABT,MEDICAL,MEDICAL-PRODUCTS,,,,119.53;107.17;107.33;104.64;107.85;107.57;107.63;109.60;112.08;111.18;111.79;110.72;113.06;114.72;112.61;111.60;108.11;109.08;106.70;108.49;107.05;104.06;102.68;103.18;100.53;101.02;100.94;102.19;98.97;99.71;94.79;95.32;91.05;90.48;93.20;90.15;86.92;85.69;83.72;83.75;84.30;87.29;87.75;86.79;85.07;84.99;86.35;90.14;89.86;88.54;87.56;89.98;87.78;89.89;92.58;92.05;91.53;94.95;94.51;93.26;88.33;98.83;101.66;100.57;,HALAL,"Business activity permissible — debt ratio not verified, cross-check Musaffa/Zoya",
BSX,MEDICAL,MEDICAL-PRODUCTS,,,,91.20;91.29;93.55;93.79;93.53;91.62;77.64;74.12;73.47;74.73;76.28;74.58;75.15;75.75;76.22;72.21;71.35;69.96;68.55;69.79;71.28;69.48;68.15;70.17;62.93;62.00;62.59;62.56;61.79;63.82;63.42;60.99;64.87;62.07;58.45;57.61;56.85;56.00;53.93;54.10;53.55;55.92;56.67;57.78;50.46;48.31;47.68;48.85;48.70;48.34;46.91;46.92;45.29;45.60;44.20;43.48;43.06;44.60;44.81;44.77;42.63;44.62;43.77;42.97;,HALAL,"Business activity permissible — debt ratio not verified, cross-check Musaffa/Zoya",
EW,MEDICAL,MEDICAL-PRODUCTS,,,,83.46;84.44;84.27;81.86;81.36;82.10;78.10;76.80;79.33;75.87;78.98;79.78;82.40;85.90;87.18;85.22;81.64;85.78;84.61;83.56;82.61;82.50;81.69;82.10;79.50;81.26;81.19;81.71;77.87;78.20;79.05;81.44;81.53;84.15;82.28;83.50;83.33;83.20;79.96;79.73;81.34;82.39;82.97;85.78;86.51;86.47;87.66;87.45;85.85;85.98;85.11;88.58;87.36;86.95;89.72;91.18;91.99;95.18;93.64;92.21;90.09;87.84;85.00;84.37;,HALAL,"Business activity permissible — debt ratio not verified, cross-check Musaffa/Zoya",
BDX,MEDICAL,MEDICAL-PRODUCTS,,,,157.77;159.83;157.79;156.63;157.84;160.18;160.19;160.87;178.22;173.55;180.25;182.92;180.06;174.31;174.19;169.21;164.90;162.73;158.51;159.15;156.97;153.05;154.83;156.28;153.61;155.25;154.23;155.99;153.14;154.64;153.74;157.53;154.56;151.07;148.47;148.00;145.29;143.75;148.38;146.48;143.46;141.35;145.92;146.60;146.21;146.09;143.42;148.51;148.94;147.79;146.24;145.16;143.98;143.92;151.38;155.19;152.90;155.54;150.56;151.94;150.65;159.93;154.48;153.16;,HALAL,"Business activity permissible — debt ratio not verified, cross-check Musaffa/Zoya",
SYK,MEDICAL,MEDICAL-PRODUCTS,,,,357.68;356.75;355.07;355.91;367.58;358.89;360.48;354.17;361.75;364.09;375.30;378.19;379.29;383.99;384.95;379.85;362.61;356.73;335.40;347.69;343.96;333.87;326.75;330.90;324.35;328.52;331.42;339.10;338.25;344.96;337.48;337.44;328.47;326.64;320.57;314.29;290.11;291.55;284.71;293.67;304.70;312.39;320.63;315.64;305.13;304.28;292.52;300.41;300.73;308.02;311.37;309.75;306.98;309.17;315.27;329.64;313.39;324.73;326.85;329.78;311.07;331.20;319.14;309.24;,HALAL,"Business activity permissible — debt ratio not verified, cross-check Musaffa/Zoya",
ZBH,MEDICAL,MEDICAL-PRODUCTS,,,,86.34;87.07;86.85;85.25;86.60;85.72;88.26;89.25;95.10;95.93;97.72;98.22;99.34;100.45;98.96;95.24;93.61;91.21;92.09;92.80;88.60;87.40;85.86;88.67;88.15;90.79;90.76;92.76;92.87;96.26;94.53;95.23;92.79;91.02;82.58;82.21;82.45;82.61;82.11;83.15;82.43;84.91;85.15;85.27;82.34;82.11;83.53;86.46;87.04;87.94;88.34;89.09;87.74;87.34;90.96;91.24;84.17;89.76;87.56;91.34;91.03;93.75;89.72;88.68;,HALAL,"Business activity permissible — debt ratio not verified, cross-check Musaffa/Zoya",
BAX,MEDICAL,MEDICAL-PRODUCTS,,,,19.36;20.05;19.63;19.59;20.05;19.89;21.75;21.71;22.25;19.77;21.85;21.56;20.61;20.34;19.68;19.02;17.68;17.45;18.00;17.07;17.08;16.14;16.71;16.66;15.79;16.77;16.64;17.23;17.14;17.58;18.13;18.83;18.30;18.15;17.93;17.57;16.61;16.97;17.98;17.88;17.77;17.78;18.76;19.17;19.32;18.78;18.68;19.35;19.24;20.31;20.86;20.46;19.89;20.10;21.55;22.02;21.69;22.58;21.98;22.62;21.80;23.35;22.07;21.74;,HALAL,"Business activity permissible — debt ratio not verified, cross-check Musaffa/Zoya",
RMD,MEDICAL,MEDICAL-PRODUCTS,,,,251.86;254.00;254.12;256.36;256.95;250.09;265.64;274.51;258.25;251.80;258.14;258.35;250.88;256.30;256.63;258.28;252.12;246.38;231.72;229.93;227.20;225.32;227.51;221.84;219.38;222.19;224.26;230.02;228.19;230.01;224.05;225.47;221.38;219.20;216.50;213.18;208.81;209.02;206.15;203.19;202.46;204.15;209.86;208.05;206.10;190.57;182.82;194.32;193.14;193.57;194.78;193.94;188.63;191.26;198.60;198.43;201.10;218.40;205.84;203.87;193.01;202.76;198.61;192.91;,HALAL,"Business activity permissible — debt ratio not verified, cross-check Musaffa/Zoya",
STE,MEDICAL,MEDICAL-PRODUCTS,,,,256.57;259.47;261.68;259.43;261.16;260.23;242.47;244.05;242.13;246.99;248.61;249.91;246.01;253.94;247.03;242.35;229.83;221.42;211.72;218.40;215.58;219.38;221.07;222.77;218.73;219.29;219.32;224.36;221.92;224.16;219.32;225.74;222.89;221.14;219.10;216.24;211.62;213.82;206.83;210.22;215.34;212.24;215.33;215.93;212.24;212.10;209.14;211.61;210.03;208.10;207.56;206.51;202.61;203.21;210.60;213.24;212.30;213.28;209.49;216.00;208.73;221.13;214.47;210.57;,HALAL,"Business activity permissible — debt ratio not verified, cross-check Musaffa/Zoya",
TFX,MEDICAL,MEDICAL-PRODUCTS,,,,99.79;104.52;103.63;104.75;103.80;101.81;105.31;105.63;106.37;103.18;111.90;114.82;111.51;118.37;122.26;118.53;113.02;111.55;107.98;108.95;107.53;105.14;106.29;110.21;114.63;118.11;114.74;118.72;118.08;124.89;129.88;131.61;138.45;136.21;135.17;123.59;119.58;122.91;132.72;128.70;129.94;130.07;134.83;132.75;130.06;128.64;125.24;132.11;131.74;132.15;130.48;127.87;127.00;124.26;127.79;127.49;129.75;134.32;130.35;135.73;130.16;135.22;134.03;134.80;,HALAL,"Business activity permissible — debt ratio not verified, cross-check Musaffa/Zoya",
PEN,MEDICAL,MEDICAL-PRODUCTS,,,,355.44;358.53;359.00;359.03;358.17;356.00;342.01;339.05;338.26;339.30;341.32;339.36;339.59;341.94;342.30;339.61;338.64;336.74;334.99;336.21;338.24;335.85;334.17;336.42;328.20;328.96;329.87;331.08;329.77;332.17;331.47;329.71;332.21;329.89;325.99;326.48;324.65;324.19;322.23;322.79;322.97;326.54;327.38;328.69;320.34;318.30;318.74;320.63;320.07;319.34;318.71;318.46;317.20;317.63;317.40;315.46;316.43;318.23;317.28;318.10;316.26;319.60;318.01;316.50;,HALAL,"Business activity permissible — debt ratio not verified, cross-check Musaffa/Zoya",
ICUI,MEDICAL,MEDICAL-PRODUCTS,,,,153.23;158.54;152.86;149.28;149.90;150.69;149.64;151.86;147.73;144.90;151.63;157.03;152.47;150.82;146.99;142.46;132.00;132.41;128.78;126.96;125.29;125.36;129.40;127.65;125.38;125.22;122.99;123.92;125.68;127.85;126.04;130.58;127.36;124.82;121.01;119.20;118.67;119.59;126.43;123.23;122.99;123.08;129.31;133.31;138.34;135.39;130.48;134.93;137.48;139.83;142.20;142.41;140.37;135.52;148.83;147.93;148.46;159.43;151.89;154.42;153.49;162.17;157.34;157.44;,HALAL,"Business activity permissible — debt ratio not verified, cross-check Musaffa/Zoya",
GMED,MEDICAL,MEDICAL-PRODUCTS,,,,92.95;94.64;92.98;91.83;90.68;87.45;87.50;87.59;88.26;88.09;90.15;90.59;91.88;96.71;93.80;90.46;87.10;86.65;84.51;85.76;86.58;86.26;86.25;86.50;83.51;87.74;88.60;91.96;90.42;94.94;92.76;96.82;95.00;94.87;90.74;90.18;90.60;89.22;77.95;76.13;77.21;78.93;84.03;84.81;82.54;81.88;78.25;80.00;78.30;80.86;80.39;77.52;79.23;80.04;84.65;83.94;75.96;80.50;76.20;78.11;75.82;80.91;76.01;75.50;,HALAL,"Business activity permissible — debt ratio not verified, cross-check Musaffa/Zoya",
IQV,MEDICAL,MEDICAL-RESEARCH EQUIP/SVCS,,,,233.69;239.05;239.43;239.76;230.15;203.77;180.96;192.67;177.18;166.94;171.06;165.62;164.88;170.64;174.27;177.88;174.49;170.93;162.93;164.89;167.02;166.07;166.09;169.40;166.16;172.40;170.72;172.54;167.34;175.28;171.95;176.76;175.21;162.28;158.98;158.37;160.94;176.47;178.71;175.06;170.68;172.81;171.50;167.90;165.62;182.21;180.64;186.88;183.69;182.17;181.46;179.17;167.77;171.28;186.43;193.28;203.20;205.97;203.79;207.85;207.83;210.49;203.90;198.52;,HALAL,"Business activity permissible — debt ratio not verified, cross-check Musaffa/Zoya",
CRL,MEDICAL,MEDICAL-RESEARCH EQUIP/SVCS,,,,218.19;224.03;222.35;216.88;210.48;201.41;183.70;185.70;165.98;161.35;158.00;168.92;166.06;175.46;178.61;179.58;174.46;167.37;152.66;151.97;157.11;153.60;159.19;165.13;159.72;174.90;168.22;175.07;175.65;179.31;176.94;185.54;184.80;169.80;166.79;166.97;172.32;181.73;177.62;168.69;159.12;149.93;156.03;160.30;164.49;180.71;174.79;185.79;186.44;186.29;187.51;184.79;185.00;186.60;212.71;225.57;229.09;231.43;223.96;233.41;231.21;229.16;219.70;218.70;,HALAL,"Business activity permissible — debt ratio not verified, cross-check Musaffa/Zoya",
ICLR,MEDICAL,MEDICAL-RESEARCH EQUIP/SVCS,,,,176.57;186.74;187.42;186.32;180.25;167.91;145.39;154.57;133.14;93.00;96.50;99.70;104.09;106.13;108.27;110.20;107.20;106.62;97.45;97.61;97.14;99.70;101.28;103.08;105.10;111.42;109.62;106.54;106.81;113.06;115.58;117.12;115.43;102.17;102.49;118.33;111.97;124.13;124.49;121.94;117.09;113.78;115.09;116.78;118.45;136.07;137.54;152.80;152.24;144.59;146.18;143.54;146.00;142.67;160.96;172.99;175.05;170.94;165.47;167.72;167.97;170.00;166.18;167.28;,HALAL,"Business activity permissible — debt ratio not verified, cross-check Musaffa/Zoya",
MEDP,MEDICAL,MEDICAL-RESEARCH EQUIP/SVCS,,,,602.40;606.27;602.06;597.91;582.48;568.53;541.27;530.35;423.93;428.03;446.17;453.77;442.20;447.09;457.47;465.86;470.59;466.79;443.85;453.64;454.80;452.51;460.74;466.60;460.30;489.48;496.00;520.65;493.53;520.00;515.65;528.44;508.46;410.54;409.65;418.66;417.02;426.79;424.00;419.75;419.17;420.67;421.87;432.80;428.00;447.11;445.59;458.69;457.90;465.73;467.34;461.60;460.20;473.48;519.96;534.72;543.57;565.09;531.99;538.23;536.17;537.92;527.93;528.12;,HALAL,"Business activity permissible — debt ratio not verified, cross-check Musaffa/Zoya",
WST,MEDICAL,MEDICAL-RESEARCH EQUIP/SVCS,,,,,HALAL,"Business activity permissible — debt ratio not verified, cross-check Musaffa/Zoya",
LH,MEDICAL,MEDICAL-SERVICES,,,,269.89;268.56;265.98;266.64;270.10;270.77;276.77;272.58;288.37;281.15;277.30;281.19;285.63;286.11;285.68;280.08;268.93;267.96;262.19;266.12;265.11;262.28;265.39;267.64;262.89;271.99;273.71;273.97;260.21;268.13;265.63;268.45;271.87;263.08;258.86;256.10;252.32;256.24;253.42;256.64;253.32;254.87;256.71;259.22;257.54;260.06;257.70;260.97;262.01;268.63;266.16;264.76;255.82;258.59;266.34;279.58;283.88;284.39;277.74;276.81;275.68;281.94;281.48;281.46;,HALAL,"Business activity permissible — debt ratio not verified, cross-check Musaffa/Zoya",
DGX,MEDICAL,MEDICAL-SERVICES,,,,187.37;180.63;181.00;181.21;185.46;183.62;190.69;189.65;207.57;205.14;202.68;200.71;207.79;209.33;208.49;206.70;197.54;199.22;199.20;197.27;193.59;193.62;194.44;196.49;195.51;196.03;198.15;198.00;190.73;193.37;190.68;195.52;203.17;195.48;194.26;193.41;190.72;188.36;186.63;189.41;187.18;189.07;192.97;194.42;193.20;194.11;192.38;195.33;196.41;202.95;202.24;200.23;194.21;196.38;205.40;211.78;215.15;212.59;208.21;207.44;206.00;209.41;207.66;209.83;,HALAL,"Business activity permissible — debt ratio not verified, cross-check Musaffa/Zoya",
EXAS,MEDICAL,MEDICAL-SERVICES,,,,,HALAL,"Business activity permissible — debt ratio not verified, cross-check Musaffa/Zoya",
DVA,MEDICAL,MEDICAL-SERVICES,,,,103.93;109.17;107.51;105.88;109.34;134.73;149.22;137.64;144.27;148.95;147.75;150.73;150.91;152.54;153.98;154.79;150.76;151.55;153.06;148.22;148.83;149.31;153.28;156.76;152.37;150.34;150.12;148.44;150.05;149.45;148.13;149.33;152.42;151.85;150.07;155.14;154.08;193.88;198.65;200.54;192.58;199.52;196.87;198.52;194.92;194.36;187.89;192.17;192.08;198.54;208.66;208.98;207.91;210.93;213.36;219.70;228.03;235.71;230.72;232.80;232.41;234.01;234.10;232.08;,HALAL,"Business activity permissible — debt ratio not verified, cross-check Musaffa/Zoya",
FMS,MEDICAL,MEDICAL-SERVICES,,,,20.29;21.46;21.33;21.33;21.82;22.09;23.41;22.96;23.12;23.49;23.08;23.44;21.78;22.50;22.56;22.14;22.06;22.07;21.87;22.12;21.54;20.80;21.18;21.52;21.35;21.48;21.61;22.52;22.71;22.31;21.89;22.28;21.97;21.89;21.64;21.70;21.77;20.20;21.18;21.38;20.64;21.36;21.34;21.64;21.56;21.57;20.55;21.93;21.79;22.28;23.02;23.75;23.59;23.70;23.25;22.70;22.86;23.61;23.94;24.02;24.14;24.09;24.07;24.30;,HALAL,"Business activity permissible — debt ratio not verified, cross-check Musaffa/Zoya",
AGL,MEDICAL,MEDICAL-SERVICES,,,,24.42;25.25;23.73;20.52;20.80;19.10;15.80;15.38;9.50;9.02;9.43;10.95;9.85;14.88;15.40;17.48;14.95;14.55;15.12;14.88;14.75;10.65;10.93;9.52;8.02;9.75;13.96;18.47;19.02;22.68;30.94;28.30;28.32;26.21;27.90;27.95;26.94;27.85;54.23;69.54;78.49;86.80;80.94;86.39;90.23;92.28;86.75;95.23;95.33;101.70;112.91;113.27;113.80;111.73;107.25;115.15;111.74;107.60;111.79;114.85;122.61;121.22;122.10;119.88;,HALAL,"Business activity permissible — debt ratio not verified, cross-check Musaffa/Zoya",
OSCR,MEDICAL,MEDICAL-SERVICES,,,,,HALAL,"Business activity permissible — debt ratio not verified, cross-check Musaffa/Zoya",
BDX,MEDICAL,MEDICAL-SUPPLIES,,,,157.77;159.83;157.79;156.63;157.84;160.18;160.19;160.87;178.22;173.55;180.25;182.92;180.06;174.31;174.19;169.21;164.90;162.73;158.51;159.15;156.97;153.05;154.83;156.28;153.61;155.25;154.23;155.99;153.14;154.64;153.74;157.53;154.56;151.07;148.47;148.00;145.29;143.75;148.38;146.48;143.46;141.35;145.92;146.60;146.21;146.09;143.42;148.51;148.94;147.79;146.24;145.16;143.98;143.92;151.38;155.19;152.90;155.54;150.56;151.94;150.65;159.93;154.48;153.16;,HALAL,"Business activity permissible — debt ratio not verified, cross-check Musaffa/Zoya",
DHR,MEDICAL,MEDICAL-SUPPLIES,,,,233.35;239.07;235.72;223.60;217.97;215.69;214.85;215.75;219.06;211.69;207.69;208.62;208.31;208.48;205.14;203.87;194.68;194.40;185.48;190.59;190.70;188.56;189.30;187.26;183.51;190.40;191.72;195.78;189.22;198.20;193.38;195.10;183.66;176.88;178.61;178.58;173.68;174.56;170.81;165.92;164.20;163.52;170.77;171.64;172.77;182.29;175.75;186.25;183.15;183.25;179.73;180.97;176.80;178.60;192.81;192.78;193.72;193.62;190.77;199.05;199.05;205.01;201.11;179.14;,HALAL,"Business activity permissible — debt ratio not verified, cross-check Musaffa/Zoya",
WAT,MEDICAL,MEDICAL-SUPPLIES,,,,,HALAL,"Business activity permissible — debt ratio not verified, cross-check Musaffa/Zoya",
WST,MEDICAL,MEDICAL-SUPPLIES,,,,,HALAL,"Business activity permissible — debt ratio not verified, cross-check Musaffa/Zoya",
AVTR,MEDICAL,MEDICAL-SUPPLIES,,,,11.85;12.24;11.79;11.05;10.92;10.85;10.79;11.23;9.64;9.20;9.27;9.03;9.11;9.01;8.81;8.65;8.17;8.15;7.90;7.61;7.70;7.51;7.73;7.67;7.59;7.77;7.98;8.00;7.90;8.20;8.26;8.50;8.28;7.90;7.86;8.10;7.99;8.43;8.31;8.17;7.94;7.60;7.88;8.12;8.40;9.12;8.99;9.52;9.69;9.65;9.39;9.57;9.58;9.43;10.08;10.03;10.01;10.37;9.76;10.39;11.29;11.26;10.66;10.95;,HALAL,"Business activity permissible — debt ratio not verified, cross-check Musaffa/Zoya",
PKI,MEDICAL,MEDICAL-SUPPLIES,,,,,HALAL,"Business activity permissible — debt ratio not verified, cross-check Musaffa/Zoya",
ALC,MEDICAL,MEDICAL-SUPPLIES,,,,78.67;80.63;80.40;80.03;80.59;76.95;77.99;78.06;79.00;78.81;81.89;82.23;83.72;86.30;84.27;83.86;80.93;80.26;78.12;77.41;75.37;73.29;73.88;74.11;73.31;75.14;74.27;76.93;77.63;79.55;79.16;79.91;76.06;75.43;75.03;74.51;73.12;65.41;62.56;63.78;64.00;65.97;67.28;67.78;66.35;66.29;64.28;66.58;66.11;66.11;66.85;65.84;64.68;66.12;68.13;67.61;66.82;68.33;66.56;67.81;66.86;70.62;70.04;67.35;,HALAL,"Business activity permissible — debt ratio not verified, cross-check Musaffa/Zoya",
COO,MEDICAL,MEDICAL-SUPPLIES,,,,80.61;82.80;80.90;80.48;81.38;79.33;80.10;81.48;83.05;82.99;83.40;84.07;83.56;84.01;83.92;81.98;76.55;74.41;71.52;71.04;71.17;69.96;70.49;71.54;69.31;71.43;70.29;71.73;71.21;71.61;69.38;69.46;66.92;64.42;63.09;62.90;61.52;61.12;60.00;59.95;60.38;60.94;61.75;62.55;60.80;61.21;59.49;62.02;66.79;67.69;67.88;67.35;65.91;66.15;70.64;71.39;71.95;72.61;69.61;70.70;68.51;73.10;71.59;70.50;,HALAL,"Business activity permissible — debt ratio not verified, cross-check Musaffa/Zoya",
HOLX,MEDICAL,MEDICAL-SUPPLIES,,,,,HALAL,"Business activity permissible — debt ratio not verified, cross-check Musaffa/Zoya",
VAR,MEDICAL,MEDICAL-SUPPLIES,,,,,HALAL,"Business activity permissible — debt ratio not verified, cross-check Musaffa/Zoya",
ISRG,MEDICAL,MEDICAL-SYSTEMS/EQUIPMENT,,,,527.44;525.81;528.81;522.04;504.22;478.88;476.32;492.84;496.12;485.84;500.76;504.05;494.02;506.88;496.25;501.18;490.16;485.85;479.27;483.46;477.73;477.97;471.91;468.55;452.78;464.45;452.58;462.28;450.62;467.22;458.08;465.60;483.62;482.22;466.64;457.61;452.35;451.73;450.06;431.87;428.06;439.92;449.03;438.10;418.55;424.64;402.30;418.82;418.61;412.02;411.06;417.07;406.78;403.18;399.69;405.97;402.38;432.83;415.10;406.78;379.50;402.33;353.17;340.69;,HALAL,"Business activity permissible — debt ratio not verified, cross-check Musaffa/Zoya",
MDT,MEDICAL,MEDICAL-SYSTEMS/EQUIPMENT,,,,96.93;99.62;98.96;99.08;101.21;101.43;101.20;99.93;99.36;97.80;96.82;95.22;95.11;95.38;96.44;93.98;89.36;88.36;85.90;86.74;85.73;84.70;85.11;86.18;84.97;85.29;85.51;87.86;86.43;87.33;84.88;84.24;82.48;82.57;81.17;80.25;77.60;76.91;75.47;76.13;76.28;76.63;77.45;77.90;75.30;73.15;73.09;81.20;79.97;79.53;79.48;80.59;78.63;79.91;79.80;80.93;79.20;83.06;82.01;83.87;79.30;83.56;83.29;81.89;,HALAL,"Business activity permissible — debt ratio not verified, cross-check Musaffa/Zoya",
BSX,MEDICAL,MEDICAL-SYSTEMS/EQUIPMENT,,,,91.20;91.29;93.55;93.79;93.53;91.62;77.64;74.12;73.47;74.73;76.28;74.58;75.15;75.75;76.22;72.21;71.35;69.96;68.55;69.79;71.28;69.48;68.15;70.17;62.93;62.00;62.59;62.56;61.79;63.82;63.42;60.99;64.87;62.07;58.45;57.61;56.85;56.00;53.93;54.10;53.55;55.92;56.67;57.78;50.46;48.31;47.68;48.85;48.70;48.34;46.91;46.92;45.29;45.60;44.20;43.48;43.06;44.60;44.81;44.77;42.63;44.62;43.77;42.97;,HALAL,"Business activity permissible — debt ratio not verified, cross-check Musaffa/Zoya",
PHG,MEDICAL,MEDICAL-SYSTEMS/EQUIPMENT,,,,27.42;28.62;28.14;27.93;27.62;27.93;27.80;28.51;30.87;30.08;30.30;30.09;30.32;30.88;29.99;29.77;27.84;27.86;27.20;27.19;26.34;25.27;25.73;26.12;25.54;26.27;26.18;27.00;27.25;28.00;27.56;28.10;27.18;26.44;26.10;25.35;25.26;26.21;26.19;26.00;25.50;26.05;26.74;26.95;26.60;26.39;25.43;25.99;25.82;25.67;26.46;26.80;26.78;26.61;27.29;27.21;27.20;28.16;27.58;27.40;26.06;27.29;26.75;26.27;,HALAL,"Business activity permissible — debt ratio not verified, cross-check Musaffa/Zoya",
GEHC,MEDICAL,MEDICAL-SYSTEMS/EQUIPMENT,,,,78.75;81.80;80.19;79.18;78.89;78.70;82.22;79.00;79.12;80.26;82.86;84.14;83.96;83.83;80.08;78.94;74.19;72.65;70.26;72.09;70.18;69.58;70.89;71.46;68.70;71.90;70.36;73.71;73.14;74.63;73.16;74.11;71.34;68.79;68.46;60.81;60.97;61.70;63.43;62.25;62.63;61.48;64.22;64.19;63.84;62.30;61.96;63.77;64.63;63.72;65.14;63.19;61.56;63.68;64.90;65.01;64.82;64.80;64.64;64.66;61.63;65.66;62.79;61.38;,HALAL,"Business activity permissible — debt ratio not verified, cross-check Musaffa/Zoya",
HOLX,MEDICAL,MEDICAL-SYSTEMS/EQUIPMENT,,,,,HALAL,"Business activity permissible — debt ratio not verified, cross-check Musaffa/Zoya",
PEN,MEDICAL,MEDICAL-SYSTEMS/EQUIPMENT,,,,355.44;358.53;359.00;359.03;358.17;356.00;342.01;339.05;338.26;339.30;341.32;339.36;339.59;341.94;342.30;339.61;338.64;336.74;334.99;336.21;338.24;335.85;334.17;336.42;328.20;328.96;329.87;331.08;329.77;332.17;331.47;329.71;332.21;329.89;325.99;326.48;324.65;324.19;322.23;322.79;322.97;326.54;327.38;328.69;320.34;318.30;318.74;320.63;320.07;319.34;318.71;318.46;317.20;317.63;317.40;315.46;316.43;318.23;317.28;318.10;316.26;319.60;318.01;316.50;,HALAL,"Business activity permissible — debt ratio not verified, cross-check Musaffa/Zoya",
NVCR,MEDICAL,MEDICAL-SYSTEMS/EQUIPMENT,,,,13.02;14.19;13.26;12.58;12.40;11.84;10.09;10.03;10.50;10.99;11.40;11.36;11.74;13.75;13.52;13.42;13.04;12.75;12.01;12.38;12.06;11.81;11.36;11.76;10.36;10.84;10.55;10.79;10.58;11.30;12.62;12.67;13.02;12.47;12.12;15.21;16.93;16.50;17.89;18.31;18.05;17.46;17.75;17.96;16.99;17.04;15.82;17.99;16.85;16.65;17.78;17.49;14.28;14.13;15.05;15.48;15.78;17.32;17.37;16.30;15.55;16.42;15.94;15.57;,HALAL,"Business activity permissible — debt ratio not verified, cross-check Musaffa/Zoya",
SILK,MEDICAL,MEDICAL-SYSTEMS/EQUIPMENT,,,,,HALAL,"Business activity permissible — debt ratio not verified, cross-check Musaffa/Zoya",
SHC,MEDICAL,MEDICAL-SYSTEMS/EQUIPMENT,,,,18.69;18.90;18.59;18.27;18.12;18.06;17.40;17.41;17.37;17.12;17.45;17.49;16.72;16.47;15.91;15.76;14.66;14.06;13.32;13.57;13.75;13.50;13.84;13.54;13.25;14.87;14.87;15.24;15.36;15.93;15.83;16.28;15.63;15.58;15.54;15.56;15.39;15.80;15.78;15.63;15.49;15.35;15.55;15.66;15.54;15.64;15.02;15.57;15.86;16.27;16.19;16.04;15.82;15.84;17.10;17.52;17.75;17.86;17.47;18.42;17.77;18.27;17.42;17.29;,HALAL,"Business activity permissible — debt ratio not verified, cross-check Musaffa/Zoya",
FCX,METALS,METAL ORES-DIVERSIFIED,,,,59.79;58.58;60.89;63.34;59.95;64.37;58.95;63.32;65.16;62.55;62.26;64.04;67.57;68.06;67.97;65.63;59.09;62.11;58.94;57.66;55.19;51.85;56.22;55.57;54.40;60.92;60.77;64.80;67.49;67.96;68.11;70.01;70.19;60.90;58.07;57.64;55.44;60.74;61.50;65.87;65.98;60.35;60.72;61.84;63.48;65.55;71.55;69.52;63.76;61.93;68.24;69.98;68.51;64.24;62.65;61.47;60.38;60.85;57.36;61.37;61.80;58.56;58.79;65.00;,HALAL,"Business activity permissible — debt ratio not verified, cross-check Musaffa/Zoya",
BHP,METALS,METAL ORES-DIVERSIFIED,,,,63.15;63.72;66.46;69.59;67.40;71.34;67.77;70.29;73.68;71.96;73.09;75.34;78.11;79.50;81.41;76.62;71.85;73.89;70.77;70.31;68.30;65.29;68.77;68.50;69.02;73.56;72.79;76.96;76.81;79.17;79.47;79.59;80.56;79.82;78.12;79.30;77.87;84.33;84.72;88.32;88.93;84.02;83.55;84.60;87.83;88.91;93.15;88.78;83.70;82.95;90.82;92.51;87.87;82.25;81.16;81.74;82.22;83.64;78.30;81.68;84.35;80.71;80.49;84.54;,HALAL,"Business activity permissible — debt ratio not verified, cross-check Musaffa/Zoya",
RIO,METALS,METAL ORES-DIVERSIFIED,,,,83.35;84.93;88.01;90.83;88.55;93.75;88.64;94.22;96.81;95.40;96.24;94.45;95.44;96.39;96.90;93.63;90.21;91.68;90.70;89.86;87.72;83.15;86.77;85.79;88.82;94.81;94.01;98.45;98.26;98.87;99.71;99.83;100.28;99.61;98.49;100.48;98.63;105.51;105.38;109.50;109.59;103.33;103.31;104.23;106.61;106.39;111.67;105.40;100.93;99.06;105.35;105.74;100.08;95.58;95.11;94.29;93.35;93.58;88.80;90.54;93.29;90.67;89.07;92.28;,HALAL,"Business activity permissible — debt ratio not verified, cross-check Musaffa/Zoya",
VALE,METALS,METAL ORES-DIVERSIFIED,,,,14.93;15.74;15.70;16.76;16.07;17.00;16.28;16.79;17.38;16.65;16.00;16.71;17.03;17.31;16.99;16.06;14.97;15.63;15.07;15.05;14.69;14.05;14.87;14.95;15.10;16.05;16.14;16.74;16.96;17.68;17.43;17.82;17.51;17.17;16.91;16.36;15.84;16.49;16.63;17.03;16.58;16.31;16.35;16.48;16.51;16.25;16.82;15.77;14.99;14.93;15.71;15.98;15.42;15.31;15.12;15.03;14.90;15.09;14.05;14.46;14.59;14.22;14.10;14.85;,HALAL,"Business activity permissible — debt ratio not verified, cross-check Musaffa/Zoya",
TECK,METALS,METAL ORES-DIVERSIFIED,,,,50.05;51.08;54.58;56.67;53.59;59.05;53.31;57.67;60.19;58.72;59.17;59.21;59.62;60.80;57.01;55.33;50.38;52.31;51.71;50.03;48.82;45.30;48.49;48.50;48.25;53.11;52.79;55.61;56.43;58.81;57.78;59.05;59.18;60.09;57.73;58.35;56.69;61.92;64.78;65.88;65.31;60.16;61.14;62.57;65.15;66.07;70.46;67.19;62.00;59.83;64.75;66.99;64.36;59.62;59.00;58.19;59.35;61.45;56.13;59.82;60.09;55.79;54.50;57.21;,HALAL,"Business activity permissible — debt ratio not verified, cross-check Musaffa/Zoya",
SCCO,METALS,METAL ORES-DIVERSIFIED,,,,181.11;171.55;183.22;192.72;185.07;209.50;184.24;202.54;203.41;195.02;189.76;197.98;207.52;212.45;215.55;203.55;182.18;193.21;177.84;174.14;164.21;150.41;157.47;157.35;156.88;175.27;174.01;184.35;189.66;190.46;185.41;187.89;184.88;177.71;167.92;169.10;163.79;181.14;182.50;188.86;188.50;171.90;174.09;179.67;187.75;191.30;201.37;194.09;170.48;167.76;189.79;194.53;192.93;178.57;174.73;168.45;168.80;173.87;167.21;175.83;182.38;175.66;175.07;195.48;,HALAL,"Business activity permissible — debt ratio not verified, cross-check Musaffa/Zoya",
FNV,METALS,METAL ORES-DIVERSIFIED,,,,252.22;257.35;258.33;266.63;233.48;237.77;223.55;247.39;256.73;251.23;253.22;259.42;272.29;279.76;276.87;260.98;258.77;261.58;262.94;253.59;242.82;222.07;230.22;227.40;233.11;254.95;255.91;264.61;261.00;256.75;257.24;257.59;246.82;241.82;231.94;229.85;223.48;234.01;231.62;236.50;237.50;224.93;224.71;225.71;222.75;230.21;235.42;235.48;214.30;208.02;209.46;230.17;219.26;213.92;210.00;207.26;208.49;212.77;203.66;205.52;202.95;198.14;200.17;214.11;,HALAL,"Business activity permissible — debt ratio not verified, cross-check Musaffa/Zoya",
WPM,METALS,METAL ORES-DIVERSIFIED,,,,141.24;143.26;147.41;155.82;131.47;136.36;130.50;142.34;148.65;145.45;144.38;149.92;156.90;160.53;165.21;153.48;146.40;150.37;145.28;138.76;128.35;114.27;120.22;118.58;123.32;136.60;133.89;139.93;144.62;147.47;144.50;148.99;144.50;139.23;129.24;126.27;123.95;134.37;138.64;142.52;139.05;129.30;126.97;126.34;127.10;132.60;130.31;128.43;114.87;107.52;116.10;128.24;122.57;116.46;113.08;110.93;111.44;115.24;107.60;110.05;108.49;104.25;103.45;111.36;,HALAL,"Business activity permissible — debt ratio not verified, cross-check Musaffa/Zoya",
NEM,METALS,METAL ORES-GOLD,,,,118.42;121.16;125.37;131.38;111.86;116.63;108.06;120.21;124.06;125.25;124.15;121.60;123.55;126.92;128.17;119.09;116.02;118.62;114.21;109.93;106.29;95.58;98.79;99.13;102.88;113.52;112.57;117.87;120.62;119.02;113.15;114.57;111.59;120.42;109.64;110.83;108.08;114.83;116.24;119.41;116.06;109.59;107.14;107.39;107.23;109.81;109.50;108.33;98.99;92.77;100.23;108.44;103.79;97.84;95.35;94.51;93.30;98.20;93.20;95.29;94.75;90.83;89.20;95.75;,HALAL,"Business activity permissible — debt ratio not verified, cross-check Musaffa/Zoya",
GOLD,METALS,METAL ORES-GOLD,,,,41.78;43.48;43.73;53.53;51.41;52.26;49.93;63.60;62.34;60.40;57.28;58.52;56.67;56.10;56.57;55.73;52.16;50.39;48.69;46.48;45.78;42.05;43.28;39.36;37.79;41.60;42.37;45.53;43.76;44.29;46.40;48.38;47.03;46.77;45.49;44.96;42.43;42.88;45.16;41.95;40.36;39.46;41.01;43.40;42.31;42.31;40.02;40.98;40.46;40.76;44.23;43.73;42.25;42.38;41.45;41.11;42.53;44.05;41.28;39.45;39.07;38.68;37.57;40.21;,HALAL,"Business activity permissible — debt ratio not verified, cross-check Musaffa/Zoya",
AEM,METALS,METAL ORES-GOLD,,,,208.20;212.78;214.50;222.04;189.69;196.51;188.65;208.95;216.27;215.67;219.70;227.29;243.10;245.35;251.57;232.16;220.46;226.38;217.70;209.64;195.61;178.69;183.04;187.10;191.39;209.56;207.99;215.06;218.21;219.40;214.40;215.86;203.57;199.74;188.77;187.75;179.49;189.34;192.74;196.57;192.19;178.77;177.71;175.48;174.48;182.70;178.94;176.75;162.11;152.48;162.64;175.82;166.66;160.16;156.18;153.76;154.85;154.94;144.89;146.87;144.41;137.29;136.34;147.05;,HALAL,"Business activity permissible — debt ratio not verified, cross-check Musaffa/Zoya",
KGC,METALS,METAL ORES-GOLD,,,,36.46;36.54;37.77;37.97;31.48;33.21;31.17;33.84;34.73;34.31;34.47;33.36;35.97;36.66;36.69;33.88;32.46;32.70;32.47;31.01;28.91;26.50;27.88;27.85;28.56;31.98;31.32;33.04;33.72;33.96;33.82;34.65;32.54;32.74;30.48;30.20;28.85;30.74;31.47;31.69;30.85;28.47;28.58;28.29;28.51;30.18;28.99;28.60;25.86;23.66;25.58;27.99;26.67;25.01;24.04;23.78;23.47;24.72;23.06;24.14;23.91;22.92;22.53;24.24;,HALAL,"Business activity permissible — debt ratio not verified, cross-check Musaffa/Zoya",
AU,METALS,METAL ORES-GOLD,,,,103.81;100.13;105.02;112.44;90.24;97.88;95.79;104.15;109.09;106.70;105.28;111.01;121.16;122.49;124.62;109.93;103.52;105.19;101.73;95.56;91.28;79.03;84.78;84.70;89.47;102.27;100.27;106.13;107.93;108.48;102.97;105.21;97.68;98.10;92.82;92.60;89.60;97.41;105.74;103.07;100.84;92.34;91.68;89.55;93.38;96.84;91.85;92.17;84.47;78.47;86.30;93.93;90.87;83.79;79.34;81.79;80.89;84.05;79.83;82.10;80.34;76.35;74.88;81.17;,HALAL,"Business activity permissible — debt ratio not verified, cross-check Musaffa/Zoya",
GFI,METALS,METAL ORES-GOLD,,,,51.39;50.73;53.13;59.77;48.70;51.00;48.63;54.37;55.65;53.05;50.83;52.56;55.30;56.86;56.28;49.63;49.01;50.65;49.51;47.34;42.77;39.07;40.66;40.50;42.30;48.13;46.68;48.67;49.34;50.12;47.14;48.78;45.49;45.74;43.34;42.48;41.79;46.20;44.86;45.32;44.11;40.54;40.67;39.53;39.52;39.86;38.56;39.12;35.88;33.53;36.50;39.63;38.60;33.61;32.82;33.32;33.73;34.61;32.88;34.14;33.33;32.09;31.25;33.60;,HALAL,"Business activity permissible — debt ratio not verified, cross-check Musaffa/Zoya",
EGO,METALS,METAL ORES-GOLD,,,,42.72;44.99;47.98;49.52;42.75;39.50;36.85;41.82;46.12;47.19;46.69;42.83;43.20;45.35;46.23;41.55;40.37;42.39;38.73;37.51;34.52;31.33;33.11;32.97;32.32;36.05;35.81;35.55;36.38;36.22;34.10;33.48;31.60;32.00;30.63;31.02;28.78;31.59;34.07;35.45;34.30;31.60;31.91;31.27;31.45;33.75;33.30;31.99;29.87;27.94;30.66;34.65;33.05;31.43;30.43;31.12;31.66;33.41;29.72;30.24;29.48;28.02;27.73;32.09;,HALAL,"Business activity permissible — debt ratio not verified, cross-check Musaffa/Zoya",
HMY,METALS,METAL ORES-GOLD,,,,22.57;22.61;23.13;25.55;20.94;20.91;19.03;21.09;21.25;20.59;19.77;20.53;21.14;22.12;22.11;19.89;19.22;18.59;15.67;15.01;14.29;13.07;13.60;13.68;13.89;15.85;15.63;16.26;16.27;16.76;17.18;17.99;16.78;16.77;15.68;15.77;15.49;17.53;17.79;17.92;17.37;16.45;17.43;16.76;17.56;18.27;17.67;17.31;15.34;14.42;15.86;17.78;17.01;15.41;15.12;15.18;15.18;16.29;14.43;15.11;15.24;14.78;14.33;15.88;,HALAL,"Business activity permissible — debt ratio not verified, cross-check Musaffa/Zoya",
BTG,METALS,METAL ORES-GOLD,,,,4.87;5.15;5.29;5.72;4.86;4.98;4.68;5.39;5.58;5.35;5.33;5.34;6.04;6.16;5.96;5.42;5.29;5.34;5.07;4.82;4.58;3.90;4.10;4.07;4.20;4.82;4.62;4.87;4.91;4.92;4.92;4.92;4.84;4.95;4.37;4.48;4.26;4.46;5.27;5.35;5.17;4.68;4.65;4.56;4.50;4.74;4.70;4.56;4.12;3.88;4.21;4.57;4.30;4.01;3.96;3.79;3.82;4.05;3.78;3.85;3.79;3.66;3.65;3.95;,HALAL,"Business activity permissible — debt ratio not verified, cross-check Musaffa/Zoya",
OR,METALS,METAL ORES-GOLD,,,,43.60;45.15;45.39;46.65;39.30;40.14;38.53;41.97;43.70;42.54;43.37;43.52;45.27;46.84;47.56;43.86;42.95;43.53;41.90;40.12;36.73;32.75;34.51;34.00;35.12;40.03;39.70;40.15;39.36;40.03;40.79;42.65;40.37;40.27;37.50;36.83;36.02;38.66;38.34;39.53;38.29;36.10;35.98;35.53;35.62;36.93;36.78;36.04;33.71;31.41;33.76;36.78;34.79;32.13;31.40;31.91;31.40;30.81;29.23;29.28;28.90;28.05;28.06;29.49;,HALAL,"Business activity permissible — debt ratio not verified, cross-check Musaffa/Zoya",
FCX,METALS,METAL ORES-NON-FERROUS,,,,59.79;58.58;60.89;63.34;59.95;64.37;58.95;63.32;65.16;62.55;62.26;64.04;67.57;68.06;67.97;65.63;59.09;62.11;58.94;57.66;55.19;51.85;56.22;55.57;54.40;60.92;60.77;64.80;67.49;67.96;68.11;70.01;70.19;60.90;58.07;57.64;55.44;60.74;61.50;65.87;65.98;60.35;60.72;61.84;63.48;65.55;71.55;69.52;63.76;61.93;68.24;69.98;68.51;64.24;62.65;61.47;60.38;60.85;57.36;61.37;61.80;58.56;58.79;65.00;,HALAL,"Business activity permissible — debt ratio not verified, cross-check Musaffa/Zoya",
SCCO,METALS,METAL ORES-NON-FERROUS,,,,181.11;171.55;183.22;192.72;185.07;209.50;184.24;202.54;203.41;195.02;189.76;197.98;207.52;212.45;215.55;203.55;182.18;193.21;177.84;174.14;164.21;150.41;157.47;157.35;156.88;175.27;174.01;184.35;189.66;190.46;185.41;187.89;184.88;177.71;167.92;169.10;163.79;181.14;182.50;188.86;188.50;171.90;174.09;179.67;187.75;191.30;201.37;194.09;170.48;167.76;189.79;194.53;192.93;178.57;174.73;168.45;168.80;173.87;167.21;175.83;182.38;175.66;175.07;195.48;,HALAL,"Business activity permissible — debt ratio not verified, cross-check Musaffa/Zoya",
TECK,METALS,METAL ORES-NON-FERROUS,,,,50.05;51.08;54.58;56.67;53.59;59.05;53.31;57.67;60.19;58.72;59.17;59.21;59.62;60.80;57.01;55.33;50.38;52.31;51.71;50.03;48.82;45.30;48.49;48.50;48.25;53.11;52.79;55.61;56.43;58.81;57.78;59.05;59.18;60.09;57.73;58.35;56.69;61.92;64.78;65.88;65.31;60.16;61.14;62.57;65.15;66.07;70.46;67.19;62.00;59.83;64.75;66.99;64.36;59.62;59.00;58.19;59.35;61.45;56.13;59.82;60.09;55.79;54.50;57.21;,HALAL,"Business activity permissible — debt ratio not verified, cross-check Musaffa/Zoya",
AA,METALS,METAL ORES-NON-FERROUS,,,,,HALAL,"Business activity permissible — debt ratio not verified, cross-check Musaffa/Zoya",
CENX,METALS,METAL ORES-NON-FERROUS,,,,47.87;48.30;45.11;49.00;45.33;50.51;46.87;54.36;53.44;46.04;50.22;52.64;53.51;52.21;51.36;53.43;53.69;53.56;57.71;55.65;55.34;48.97;50.23;48.40;53.25;63.51;64.54;65.57;66.96;63.77;65.61;61.33;63.09;60.74;59.31;59.44;59.79;62.62;58.91;63.27;61.44;54.92;58.78;65.05;65.72;65.97;68.77;66.43;63.30;59.04;61.19;53.55;51.71;47.33;45.96;46.55;43.03;46.68;44.73;44.67;46.08;42.60;42.84;45.33;,HALAL,"Business activity permissible — debt ratio not verified, cross-check Musaffa/Zoya",
WPM,METALS,METAL ORES-SILVER,,,,141.24;143.26;147.41;155.82;131.47;136.36;130.50;142.34;148.65;145.45;144.38;149.92;156.90;160.53;165.21;153.48;146.40;150.37;145.28;138.76;128.35;114.27;120.22;118.58;123.32;136.60;133.89;139.93;144.62;147.47;144.50;148.99;144.50;139.23;129.24;126.27;123.95;134.37;138.64;142.52;139.05;129.30;126.97;126.34;127.10;132.60;130.31;128.43;114.87;107.52;116.10;128.24;122.57;116.46;113.08;110.93;111.44;115.24;107.60;110.05;108.49;104.25;103.45;111.36;,HALAL,"Business activity permissible — debt ratio not verified, cross-check Musaffa/Zoya",
PAAS,METALS,METAL ORES-SILVER,,,,58.28;61.36;64.44;65.53;54.28;56.34;52.10;58.62;59.53;57.59;57.67;64.32;64.98;67.11;66.80;61.65;59.37;61.31;59.87;56.23;51.62;46.51;49.71;49.49;50.99;55.40;55.78;57.18;57.45;57.93;56.33;58.51;56.28;55.81;52.22;52.12;50.94;56.41;58.95;63.57;60.89;55.01;54.83;53.94;53.32;56.99;55.20;53.05;47.28;44.17;48.14;51.92;49.00;46.22;44.99;44.67;44.33;45.02;42.60;43.67;43.51;41.98;42.19;45.29;,HALAL,"Business activity permissible — debt ratio not verified, cross-check Musaffa/Zoya",
AG,METALS,METAL ORES-SILVER,,,,22.43;24.19;25.69;26.20;20.82;22.01;20.23;23.72;23.78;22.93;22.57;27.52;29.48;31.06;31.57;28.62;25.81;26.70;24.61;22.19;20.33;18.25;20.08;19.30;19.63;22.15;21.38;20.89;20.56;21.51;21.03;21.50;20.89;20.54;19.48;19.69;19.36;21.16;21.84;24.19;22.64;19.71;19.94;19.45;19.67;21.08;20.99;19.77;17.17;15.71;17.65;19.42;18.00;16.50;16.50;16.81;17.04;17.31;15.80;16.95;16.93;15.88;15.85;17.31;,HALAL,"Business activity permissible — debt ratio not verified, cross-check Musaffa/Zoya",
HL,METALS,METAL ORES-SILVER,,,,28.23;31.28;29.96;27.18;22.51;23.43;21.30;23.93;23.68;22.59;22.01;24.01;23.63;24.53;24.62;21.75;20.38;22.00;20.53;19.88;18.50;17.24;17.93;17.19;17.22;19.18;19.12;19.54;19.46;19.69;19.11;19.33;18.96;18.80;17.84;18.02;17.58;18.15;18.61;20.57;19.45;17.26;17.18;16.98;16.94;17.77;17.80;16.83;14.89;14.05;15.29;16.72;15.96;15.07;15.15;15.40;15.59;16.46;15.09;15.82;15.50;14.52;14.29;15.69;,HALAL,"Business activity permissible — debt ratio not verified, cross-check Musaffa/Zoya",
CDE,METALS,METAL ORES-SILVER,,,,22.84;25.74;25.42;25.59;20.42;21.24;19.09;23.00;23.05;22.39;22.56;24.60;24.75;26.53;26.91;23.73;22.61;23.32;21.67;20.93;19.24;17.65;18.29;16.15;16.48;19.09;18.57;19.70;20.22;21.15;19.49;19.76;19.31;19.29;17.83;17.95;17.54;18.73;18.54;20.15;19.38;17.48;17.71;17.63;17.84;19.32;19.19;18.48;16.73;15.41;17.20;18.79;17.51;16.32;15.99;16.33;16.54;16.99;15.24;15.98;16.00;14.79;14.16;15.84;,HALAL,"Business activity permissible — debt ratio not verified, cross-check Musaffa/Zoya",
ASM,METALS,METAL ORES-SILVER,,,,7.00;7.83;9.34;11.24;8.99;10.65;8.96;10.76;10.29;9.79;9.22;9.12;8.96;9.24;9.41;8.68;7.83;8.21;7.48;7.04;6.29;5.35;5.97;5.69;5.81;6.59;6.77;7.00;7.04;7.23;7.20;7.60;7.31;6.91;6.42;6.44;6.34;6.81;6.90;7.97;7.66;6.94;6.78;6.53;6.68;7.32;7.42;6.80;5.98;5.48;6.39;6.95;6.54;5.88;5.86;6.27;6.36;6.58;5.73;6.05;5.98;5.51;5.57;6.26;,HALAL,"Business activity permissible — debt ratio not verified, cross-check Musaffa/Zoya",
MAG,METALS,METAL ORES-SILVER,,,,,HALAL,"Business activity permissible — debt ratio not verified, cross-check Musaffa/Zoya",
SVM,METALS,METAL ORES-SILVER,,,,12.23;12.27;12.76;12.75;10.06;10.73;9.57;10.77;11.46;10.97;10.85;11.67;13.14;13.76;13.55;12.68;11.82;12.30;11.53;11.09;10.05;9.12;9.78;9.68;10.02;11.09;11.09;11.22;11.49;12.39;12.64;12.43;12.51;12.50;11.78;11.98;12.16;13.00;13.49;15.17;14.93;13.15;12.55;11.82;11.94;12.66;13.20;12.34;10.66;9.57;11.30;12.64;11.32;10.58;10.61;10.92;10.06;9.96;9.11;9.52;9.38;8.82;8.91;9.94;,HALAL,"Business activity permissible — debt ratio not verified, cross-check Musaffa/Zoya",
RS,METALS,METAL PROC & FABRICATION,,,,319.84;325.77;324.04;323.44;327.05;333.59;339.73;349.64;357.69;340.88;333.94;316.64;314.75;313.75;320.45;310.79;302.22;299.28;298.25;296.78;294.93;289.56;299.19;298.57;299.46;306.14;305.05;319.23;321.10;322.19;318.24;334.21;349.67;350.47;361.18;361.26;361.59;375.19;368.02;359.06;366.58;358.77;361.02;367.00;378.39;380.77;391.59;396.46;396.26;394.29;413.43;413.34;396.34;398.63;405.78;374.43;372.40;377.56;381.91;379.22;388.38;396.02;383.17;386.21;,HALAL,"Business activity permissible — debt ratio not verified, cross-check Musaffa/Zoya",
STLD,METALS,METAL PROC & FABRICATION,,,,170.89;177.85;172.39;173.45;178.61;191.92;191.99;201.67;204.68;190.66;191.71;192.36;189.85;191.49;200.43;192.87;180.64;181.22;174.16;173.35;167.85;163.07;168.79;173.49;170.86;182.44;176.13;187.14;190.14;194.86;195.31;208.88;226.95;226.28;226.45;228.14;229.30;241.30;234.57;232.27;234.15;228.06;227.78;239.49;257.64;259.56;270.80;276.22;266.60;267.73;282.12;273.67;249.34;243.14;250.43;233.69;221.76;227.07;228.76;228.42;233.35;234.98;230.49;238.64;,HALAL,"Business activity permissible — debt ratio not verified, cross-check Musaffa/Zoya",
WOR,METALS,METAL PROC & FABRICATION,,,,52.11;53.12;52.91;53.43;55.17;56.41;57.57;58.05;58.13;58.52;56.39;56.75;55.93;56.79;55.86;53.34;50.66;49.23;46.65;48.06;47.74;47.49;51.71;50.80;50.83;52.33;51.89;54.60;55.02;55.14;52.86;54.66;53.79;55.01;55.51;54.10;53.14;55.72;54.27;53.91;55.47;54.14;54.49;54.96;55.90;56.59;57.46;57.53;57.66;57.31;59.49;59.91;60.40;61.03;55.94;53.77;54.01;54.91;52.78;54.27;54.65;56.67;53.98;54.97;,HALAL,"Business activity permissible — debt ratio not verified, cross-check Musaffa/Zoya",
HAYN,METALS,METAL PROC & FABRICATION,,,,,HALAL,"Business activity permissible — debt ratio not verified, cross-check Musaffa/Zoya",
CMC,METALS,METAL PROC & FABRICATION,,,,74.83;76.87;75.63;74.56;76.37;81.34;80.04;82.43;82.67;79.13;78.18;76.30;73.68;74.43;73.12;70.76;64.76;65.86;61.38;61.23;61.06;59.79;63.40;59.10;59.70;62.46;61.07;64.10;65.58;65.73;63.83;67.32;69.31;68.96;68.75;68.74;66.84;71.92;70.73;69.44;72.51;69.84;70.85;71.67;76.32;75.80;76.34;76.02;73.30;73.33;77.51;76.44;72.13;70.91;73.85;64.42;61.01;62.70;62.08;62.64;66.19;66.40;65.52;68.07;,HALAL,"Business activity permissible — debt ratio not verified, cross-check Musaffa/Zoya",
ROCK,METALS,METAL PROC & FABRICATION,,,,54.74;51.15;51.16;51.07;51.26;51.69;52.20;53.65;54.12;54.74;52.89;52.79;50.79;49.03;45.16;43.05;40.23;41.48;42.34;41.83;39.83;38.86;42.05;40.92;39.50;39.54;38.29;40.53;40.18;41.53;37.63;40.27;39.97;39.57;40.17;39.03;36.92;37.90;40.81;37.91;37.93;35.55;35.15;37.18;39.50;38.65;38.03;38.30;38.39;37.49;40.30;41.47;40.90;39.32;44.19;44.66;45.31;43.23;41.26;42.22;41.60;44.89;43.59;44.46;,HALAL,"Business activity permissible — debt ratio not verified, cross-check Musaffa/Zoya",
TKR,METALS,METAL PROC & FABRICATION,,,,90.07;93.99;93.42;92.80;92.59;95.52;101.49;108.23;108.12;107.15;106.54;107.46;109.17;109.53;109.64;105.25;99.36;101.85;99.38;98.42;97.92;94.95;100.71;98.74;95.63;101.73;98.62;105.54;106.41;106.47;103.59;108.10;106.45;106.86;106.54;110.54;106.78;119.32;117.59;116.75;116.37;112.37;117.20;119.95;127.16;127.98;131.90;133.66;134.67;132.39;137.06;140.28;142.36;137.64;144.01;143.50;141.75;142.36;137.23;137.31;139.60;137.69;134.38;141.64;,HALAL,"Business activity permissible — debt ratio not verified, cross-check Musaffa/Zoya",
VMI,METALS,METAL PROC & FABRICATION,,,,432.23;445.12;444.17;443.50;444.11;455.66;458.48;473.10;476.30;473.79;453.49;469.74;461.62;466.65;457.42;450.10;422.71;426.02;418.79;407.94;399.76;390.69;402.69;398.03;383.52;406.11;402.92;427.25;425.24;428.91;401.22;409.34;466.13;498.26;496.70;507.37;506.41;522.12;509.88;513.31;514.90;500.02;502.70;512.75;521.58;519.12;542.76;544.16;534.93;511.57;546.09;555.78;569.56;567.95;582.78;573.37;559.02;564.07;540.46;546.83;543.47;538.48;525.88;487.50;,HALAL,"Business activity permissible — debt ratio not verified, cross-check Musaffa/Zoya",
NWPX,METALS,STEEL-PIPE & TUBE,,,,66.98;69.73;67.04;66.15;67.45;69.46;70.83;75.32;75.23;74.67;72.69;74.76;73.15;81.66;82.07;81.87;75.33;75.76;73.25;72.42;71.91;70.74;78.68;76.78;75.74;79.99;78.43;81.99;84.28;87.61;80.00;82.14;81.47;84.78;86.86;98.34;106.64;111.20;112.52;113.97;113.53;111.13;109.53;112.26;121.79;117.96;119.72;122.61;121.16;122.31;128.85;132.26;139.19;138.62;146.63;149.37;144.30;143.18;132.22;133.89;138.21;139.12;136.18;133.98;,HALAL,"Business activity permissible — debt ratio not verified, cross-check Musaffa/Zoya",
FFG,METALS,STEEL-PIPE & TUBE,,,,,HALAL,"Business activity permissible — debt ratio not verified, cross-check Musaffa/Zoya",
NCS,METALS,STEEL-PIPE & TUBE,,,,,HALAL,"Business activity permissible — debt ratio not verified, cross-check Musaffa/Zoya",
NUE,METALS,STEEL-PRODUCERS,,,,173.47;179.22;176.62;172.17;176.68;185.41;185.41;191.95;193.28;182.16;183.46;178.96;174.13;174.58;179.52;175.04;167.76;169.43;164.70;161.79;160.22;157.65;161.79;165.04;163.79;173.29;169.17;181.71;185.66;189.57;191.38;201.76;213.74;213.76;224.56;224.74;225.26;233.65;226.94;229.27;232.28;225.93;225.12;231.43;245.87;249.39;257.83;261.64;252.78;249.88;265.70;258.45;243.23;239.04;248.28;228.02;219.02;223.92;226.68;227.37;234.16;235.67;230.74;235.90;,HALAL,"Business activity permissible — debt ratio not verified, cross-check Musaffa/Zoya",
STLD,METALS,STEEL-PRODUCERS,,,,170.89;177.85;172.39;173.45;178.61;191.92;191.99;201.67;204.68;190.66;191.71;192.36;189.85;191.49;200.43;192.87;180.64;181.22;174.16;173.35;167.85;163.07;168.79;173.49;170.86;182.44;176.13;187.14;190.14;194.86;195.31;208.88;226.95;226.28;226.45;228.14;229.30;241.30;234.57;232.27;234.15;228.06;227.78;239.49;257.64;259.56;270.80;276.22;266.60;267.73;282.12;273.67;249.34;243.14;250.43;233.69;221.76;227.07;228.76;228.42;233.35;234.98;230.49;238.64;,HALAL,"Business activity permissible — debt ratio not verified, cross-check Musaffa/Zoya",
X,METALS,STEEL-PRODUCERS,,,,,HALAL,"Business activity permissible — debt ratio not verified, cross-check Musaffa/Zoya",
CLF,METALS,STEEL-PRODUCERS,,,,14.05;14.34;14.02;14.05;13.76;14.25;13.85;12.31;12.48;10.38;10.55;10.65;10.59;11.05;11.40;10.83;9.83;9.54;8.92;8.61;8.18;7.82;8.31;8.49;8.11;8.27;8.53;9.04;9.04;9.45;9.72;9.73;9.50;9.76;10.22;10.20;10.25;11.15;11.02;10.79;10.93;10.66;10.34;11.23;12.83;13.60;14.75;14.43;12.68;12.41;13.78;13.27;12.28;11.16;10.76;9.38;9.42;9.77;9.51;9.40;9.79;9.53;8.98;9.45;,HALAL,"Business activity permissible — debt ratio not verified, cross-check Musaffa/Zoya",
TX,METALS,STEEL-PRODUCERS,,,,41.12;42.11;41.19;42.17;40.65;42.86;41.88;42.70;43.96;42.40;42.39;42.28;41.69;42.04;42.16;40.55;38.00;38.73;37.28;37.05;36.81;36.41;37.81;37.53;37.38;39.58;38.57;40.02;40.60;41.98;40.98;41.77;41.98;42.08;42.16;42.68;41.54;47.04;45.58;44.20;44.17;42.85;44.56;46.99;49.67;48.25;51.24;50.12;47.70;47.23;49.55;49.06;46.30;45.36;45.37;43.52;41.55;42.43;42.89;44.30;44.78;44.19;44.51;46.25;,HALAL,"Business activity permissible — debt ratio not verified, cross-check Musaffa/Zoya",
GGB,METALS,STEEL-PRODUCERS,,,,4.11;4.33;4.27;4.51;4.21;4.35;4.13;4.22;4.29;4.07;4.07;4.12;4.02;4.02;3.93;3.70;3.51;3.59;3.37;3.31;3.25;3.24;3.41;3.44;3.43;3.76;3.73;3.94;4.20;4.24;4.23;4.25;4.30;4.28;4.48;4.54;4.47;4.89;4.81;4.75;4.67;4.63;4.69;4.75;4.72;4.50;4.89;4.71;4.57;4.52;4.75;4.62;4.17;4.17;4.14;4.13;4.02;4.23;4.30;4.50;4.61;4.72;4.68;4.77;,HALAL,"Business activity permissible — debt ratio not verified, cross-check Musaffa/Zoya",
SID,METALS,STEEL-PRODUCERS,,,,1.70;1.82;1.90;2.12;1.91;2.01;1.89;1.90;1.88;1.69;1.66;1.70;1.67;1.70;1.64;1.55;1.39;1.41;1.20;1.17;1.17;1.14;1.24;1.23;1.18;1.27;1.26;1.33;1.29;1.35;1.34;1.38;1.34;1.29;1.30;1.29;1.26;1.40;1.38;1.37;1.35;1.25;1.25;1.35;1.32;1.35;1.42;1.30;1.15;1.18;1.22;1.21;1.03;1.04;0.96;0.91;0.90;0.96;0.92;1.01;1.03;1.00;1.01;1.09;,HALAL,"Business activity permissible — debt ratio not verified, cross-check Musaffa/Zoya",
PKX,METALS,STEEL-PRODUCERS,,,,60.07;62.02;62.33;64.71;59.32;61.76;62.10;63.56;65.32;65.62;64.88;68.83;69.12;69.60;69.04;61.04;58.98;59.76;57.88;57.83;57.36;55.68;57.71;56.50;56.36;58.62;58.50;63.11;63.14;62.51;62.99;67.04;70.69;70.15;76.02;79.40;82.12;88.23;91.72;82.79;82.65;78.63;72.50;74.52;71.39;70.90;68.94;66.67;60.82;58.73;63.32;64.46;60.69;54.08;52.17;53.31;50.01;51.96;51.30;52.28;51.61;51.20;50.63;51.81;,HALAL,"Business activity permissible — debt ratio not verified, cross-check Musaffa/Zoya",
ATI,METALS,STEEL-SPECIALTY ALLOYS,,,,123.28;123.11;123.36;121.72;120.30;128.34;128.67;135.66;138.72;143.93;148.57;158.87;161.04;163.55;166.42;161.82;150.09;158.97;146.10;147.48;149.64;141.80;149.59;143.94;135.50;151.25;147.96;156.39;162.21;163.03;155.83;164.06;153.30;154.26;151.70;155.46;153.89;165.08;158.39;161.01;162.57;149.62;153.73;162.29;169.84;175.16;178.48;181.10;180.14;183.37;198.48;196.31;201.34;199.60;199.50;197.71;192.17;192.06;185.60;187.04;189.44;185.51;186.24;195.59;,HALAL,"Business activity permissible — debt ratio not verified, cross-check Musaffa/Zoya",
CRS,METALS,STEEL-SPECIALTY ALLOYS,,,,332.00;334.41;348.07;331.46;317.68;338.76;348.49;364.83;369.53;379.62;372.08;389.55;392.29;397.34;408.31;411.94;386.93;401.86;377.03;373.90;387.29;362.23;399.28;391.44;370.54;404.13;394.64;427.64;435.10;438.60;425.96;452.00;423.71;427.28;428.14;428.20;427.63;458.16;427.85;424.66;429.58;404.26;422.01;434.12;460.91;468.98;487.25;492.62;499.09;523.05;561.49;561.59;586.47;578.12;599.24;607.03;610.16;619.25;587.63;578.61;576.87;554.40;555.13;587.66;,HALAL,"Business activity permissible — debt ratio not verified, cross-check Musaffa/Zoya",
HAYN,METALS,STEEL-SPECIALTY ALLOYS,,,,,HALAL,"Business activity permissible — debt ratio not verified, cross-check Musaffa/Zoya",
CMP,METALS,STEEL-SPECIALTY ALLOYS,,,,22.72;24.44;25.05;25.90;24.98;26.29;21.75;22.47;24.23;23.99;23.63;23.27;24.43;25.23;25.28;24.60;23.53;23.48;22.72;22.29;22.78;21.50;24.14;23.82;22.73;23.38;23.45;24.99;24.80;24.70;25.85;25.51;26.95;25.31;26.18;26.71;25.45;26.46;27.93;29.43;30.14;28.97;29.49;30.59;31.70;31.92;33.32;31.37;29.81;28.95;31.46;31.08;30.58;28.12;29.60;31.26;30.64;29.80;29.09;29.84;29.80;29.35;29.37;30.14;,HALAL,"Business activity permissible — debt ratio not verified, cross-check Musaffa/Zoya",
RYI,METALS,STEEL-SPECIALTY ALLOYS,,,,,HALAL,"Business activity permissible — debt ratio not verified, cross-check Musaffa/Zoya",
VALE,MINING,MINING-IRON/MANGANESE/MISC,,,,14.93;15.74;15.70;16.76;16.07;17.00;16.28;16.79;17.38;16.65;16.00;16.71;17.03;17.31;16.99;16.06;14.97;15.63;15.07;15.05;14.69;14.05;14.87;14.95;15.10;16.05;16.14;16.74;16.96;17.68;17.43;17.82;17.51;17.17;16.91;16.36;15.84;16.49;16.63;17.03;16.58;16.31;16.35;16.48;16.51;16.25;16.82;15.77;14.99;14.93;15.71;15.98;15.42;15.31;15.12;15.03;14.90;15.09;14.05;14.46;14.59;14.22;14.10;14.85;,HALAL,"Business activity permissible — debt ratio not verified, cross-check Musaffa/Zoya",
RIO,MINING,MINING-IRON/MANGANESE/MISC,,,,83.35;84.93;88.01;90.83;88.55;93.75;88.64;94.22;96.81;95.40;96.24;94.45;95.44;96.39;96.90;93.63;90.21;91.68;90.70;89.86;87.72;83.15;86.77;85.79;88.82;94.81;94.01;98.45;98.26;98.87;99.71;99.83;100.28;99.61;98.49;100.48;98.63;105.51;105.38;109.50;109.59;103.33;103.31;104.23;106.61;106.39;111.67;105.40;100.93;99.06;105.35;105.74;100.08;95.58;95.11;94.29;93.35;93.58;88.80;90.54;93.29;90.67;89.07;92.28;,HALAL,"Business activity permissible — debt ratio not verified, cross-check Musaffa/Zoya",
BHP,MINING,MINING-IRON/MANGANESE/MISC,,,,63.15;63.72;66.46;69.59;67.40;71.34;67.77;70.29;73.68;71.96;73.09;75.34;78.11;79.50;81.41;76.62;71.85;73.89;70.77;70.31;68.30;65.29;68.77;68.50;69.02;73.56;72.79;76.96;76.81;79.17;79.47;79.59;80.56;79.82;78.12;79.30;77.87;84.33;84.72;88.32;88.93;84.02;83.55;84.60;87.83;88.91;93.15;88.78;83.70;82.95;90.82;92.51;87.87;82.25;81.16;81.74;82.22;83.64;78.30;81.68;84.35;80.71;80.49;84.54;,HALAL,"Business activity permissible — debt ratio not verified, cross-check Musaffa/Zoya",
CLF,MINING,MINING-IRON/MANGANESE/MISC,,,,14.05;14.34;14.02;14.05;13.76;14.25;13.85;12.31;12.48;10.38;10.55;10.65;10.59;11.05;11.40;10.83;9.83;9.54;8.92;8.61;8.18;7.82;8.31;8.49;8.11;8.27;8.53;9.04;9.04;9.45;9.72;9.73;9.50;9.76;10.22;10.20;10.25;11.15;11.02;10.79;10.93;10.66;10.34;11.23;12.83;13.60;14.75;14.43;12.68;12.41;13.78;13.27;12.28;11.16;10.76;9.38;9.42;9.77;9.51;9.40;9.79;9.53;8.98;9.45;,HALAL,"Business activity permissible — debt ratio not verified, cross-check Musaffa/Zoya",
MTRN,MINING,MINING-IRON/MANGANESE/MISC,,,,145.34;148.55;135.68;135.01;138.06;144.78;145.60;150.02;156.86;159.43;152.87;148.93;154.97;161.15;166.48;160.01;144.10;147.48;138.31;143.99;141.30;131.97;141.36;140.59;137.33;147.81;148.76;161.98;163.23;165.28;166.44;180.83;179.19;185.77;177.16;183.69;189.28;196.73;199.24;203.52;210.95;202.16;205.92;214.90;221.89;220.04;230.00;227.44;225.52;224.05;247.26;256.48;274.98;265.34;281.80;289.53;283.55;261.80;248.31;257.66;253.27;242.90;242.05;250.66;,HALAL,"Business activity permissible — debt ratio not verified, cross-check Musaffa/Zoya",
XRX,OFFICE,OFFICE EQUIPMENT/SUPPLIES,,,,2.44;2.24;2.16;2.27;2.13;2.11;2.06;2.05;2.01;1.87;1.92;1.81;1.76;1.72;1.75;1.71;1.69;1.65;1.66;1.50;1.38;1.32;1.31;1.40;1.25;1.25;1.22;1.26;1.21;1.40;1.60;1.84;1.80;1.55;1.58;2.23;2.58;2.60;2.76;2.71;2.41;2.63;2.52;2.88;3.08;3.21;3.26;3.46;3.52;3.21;3.44;3.26;3.00;3.12;3.19;3.15;3.10;2.88;2.67;2.82;2.73;2.68;2.61;2.66;,HALAL,"Business activity permissible — debt ratio not verified, cross-check Musaffa/Zoya",
PBI,OFFICE,OFFICE EQUIPMENT/SUPPLIES,,,,9.84;10.20;10.14;9.98;10.28;10.28;10.43;10.49;10.20;10.10;10.96;10.36;10.47;10.69;10.70;10.77;10.51;10.52;10.08;10.26;9.74;10.13;10.59;10.88;10.79;11.05;10.98;10.96;11.31;11.67;12.09;13.11;15.12;15.48;15.72;15.36;15.16;14.93;15.60;15.21;15.72;16.46;15.30;15.25;15.61;16.10;16.72;16.74;16.94;16.91;17.32;17.52;17.50;17.05;17.50;17.92;17.56;16.80;17.31;18.33;17.77;18.51;18.51;17.99;,HALAL,"Business activity permissible — debt ratio not verified, cross-check Musaffa/Zoya",
ESND,OFFICE,OFFICE EQUIPMENT/SUPPLIES,,,,,HALAL,"Business activity permissible — debt ratio not verified, cross-check Musaffa/Zoya",
ACCO,OFFICE,OFFICE EQUIPMENT/SUPPLIES,,,,3.76;3.86;3.79;3.69;3.74;3.81;3.83;3.87;3.96;3.93;4.03;4.04;3.92;3.94;3.88;3.86;3.74;3.47;3.25;3.10;2.93;2.81;2.89;2.85;2.85;2.87;2.83;2.85;2.95;3.08;3.18;3.26;3.26;3.25;3.30;3.15;3.92;3.95;3.96;3.84;3.84;3.75;3.71;3.82;4.08;3.96;3.88;3.87;3.89;4.00;4.04;3.96;3.90;3.89;4.00;4.27;4.35;4.10;3.84;3.88;3.90;4.18;4.03;4.07;,HALAL,"Business activity permissible — debt ratio not verified, cross-check Musaffa/Zoya",
HNI,OFFICE,OFFICE EQUIPMENT/SUPPLIES,,,,45.65;46.99;46.66;46.45;46.91;47.97;50.43;50.83;50.76;49.10;49.21;48.98;47.67;44.71;44.24;42.82;40.98;39.98;40.01;39.07;34.93;33.62;36.07;34.82;32.45;33.05;31.76;34.22;34.54;35.86;35.35;37.43;36.80;37.28;37.47;36.14;35.48;32.92;33.24;31.30;31.23;29.83;30.10;30.36;31.26;31.19;30.75;30.10;31.37;31.83;33.10;32.79;34.86;34.25;39.10;39.90;40.64;41.36;38.64;39.95;39.69;42.18;41.29;41.22;,HALAL,"Business activity permissible — debt ratio not verified, cross-check Musaffa/Zoya",
MLHR,OFFICE,OFFICE EQUIPMENT/SUPPLIES,,,,,HALAL,"Business activity permissible — debt ratio not verified, cross-check Musaffa/Zoya",
SCS,OFFICE,OFFICE EQUIPMENT/SUPPLIES,,,,,HALAL,"Business activity permissible — debt ratio not verified, cross-check Musaffa/Zoya",
ZBRA,OFFICE,OFFICE-AUTOMATION,,,,238.71;246.83;243.51;236.23;234.98;233.16;241.08;257.79;252.50;264.62;252.52;255.41;235.83;235.03;223.92;231.42;219.65;212.47;204.05;203.97;207.51;203.62;207.49;204.42;199.30;207.28;211.12;221.14;222.13;226.70;233.04;237.30;231.10;227.71;219.24;226.26;223.73;229.76;226.03;241.79;258.10;260.06;243.47;255.55;252.51;243.63;254.44;245.48;233.04;216.79;228.42;237.39;235.98;237.72;243.39;255.81;267.85;270.29;264.32;272.52;260.11;265.04;264.69;262.75;,HALAL,"Business activity permissible — debt ratio not verified, cross-check Musaffa/Zoya",
ABM,OFFICE,OFFICE-AUTOMATION,,,,44.81;45.72;44.97;44.16;45.40;45.01;46.46;46.12;46.10;43.89;44.45;44.91;43.35;44.16;44.09;43.44;43.23;40.70;38.13;37.75;36.94;36.87;37.47;37.69;37.35;38.16;38.32;38.80;38.97;39.37;39.23;40.08;40.04;39.90;40.18;40.53;39.90;40.38;39.94;38.99;39.37;39.91;39.29;39.93;39.76;38.81;39.09;39.62;42.15;44.58;45.63;43.69;43.86;43.62;44.54;44.48;44.25;44.40;44.42;44.60;45.30;48.17;47.23;47.01;,HALAL,"Business activity permissible — debt ratio not verified, cross-check Musaffa/Zoya",
VRRM,OFFICE,OFFICE-AUTOMATION,,,,22.17;21.90;20.53;19.84;19.30;18.09;18.59;18.55;18.58;18.37;18.47;18.94;18.71;16.95;16.70;16.50;16.47;16.07;15.16;14.89;14.58;14.34;14.24;14.47;14.14;14.29;14.70;14.81;14.50;15.00;14.84;15.46;15.18;15.02;15.27;14.83;14.74;14.32;14.30;13.57;13.25;13.37;13.28;13.49;3.85;4.51;4.16;4.31;4.18;4.68;4.67;5.02;4.44;4.40;4.19;4.39;4.22;4.34;4.22;4.12;4.34;4.26;4.07;4.00;,HALAL,"Business activity permissible — debt ratio not verified, cross-check Musaffa/Zoya",
G,OFFICE,OFFICE-OUTSOURCING SVCS,,,,44.27;45.70;45.00;44.30;43.63;38.56;37.30;39.07;36.78;36.96;38.76;38.52;37.54;39.11;39.78;40.35;41.26;38.51;37.74;38.06;37.54;38.48;37.60;37.19;37.23;37.02;37.39;36.72;33.98;35.30;36.42;36.43;36.01;34.12;33.75;34.55;33.94;33.61;32.37;31.07;28.77;31.17;31.93;31.73;31.40;32.76;32.85;32.67;32.21;32.19;32.06;31.32;28.25;28.28;27.67;27.85;28.26;28.96;29.34;29.37;29.52;31.22;30.64;30.01;,HALAL,"Business activity permissible — debt ratio not verified, cross-check Musaffa/Zoya",
EXLS,OFFICE,OFFICE-OUTSOURCING SVCS,,,,41.64;42.73;42.67;39.78;39.15;32.34;31.20;31.10;30.25;30.04;30.90;30.07;28.75;30.99;31.21;32.23;32.51;30.73;29.71;29.88;30.59;30.92;30.30;30.37;30.56;30.46;30.87;30.55;29.27;30.72;31.48;31.80;31.60;30.40;30.64;31.88;31.72;30.97;31.08;29.73;26.95;29.00;29.43;29.51;28.74;29.03;29.68;29.38;29.47;29.02;28.84;28.79;25.93;26.16;25.22;25.57;26.79;27.13;27.38;27.30;27.32;28.69;28.19;26.83;,HALAL,"Business activity permissible — debt ratio not verified, cross-check Musaffa/Zoya",
WNS,OFFICE,OFFICE-OUTSOURCING SVCS,,,,,HALAL,"Business activity permissible — debt ratio not verified, cross-check Musaffa/Zoya",
GENI,OFFICE,OFFICE-OUTSOURCING SVCS,,,,9.72;9.58;9.55;9.30;8.70;8.22;6.19;6.34;6.15;5.79;6.28;6.11;5.84;6.39;6.37;6.04;5.39;5.18;5.17;5.20;4.77;4.53;4.54;4.41;4.24;4.54;4.42;4.38;3.92;4.27;4.77;4.86;4.50;4.47;4.32;4.36;4.50;4.40;4.40;4.45;4.16;5.18;5.02;5.35;5.51;5.86;6.09;6.36;6.46;6.80;6.85;6.87;6.10;5.86;5.44;6.34;6.36;6.62;6.37;6.19;6.42;6.28;6.75;6.37;,HALAL,"Business activity permissible — debt ratio not verified, cross-check Musaffa/Zoya",
GPS,RETAIL,RETAIL-APPAREL/SHOES/ACC,,,,,HALAL,"Business activity permissible — debt ratio not verified, cross-check Musaffa/Zoya",
URBN,RETAIL,RETAIL-APPAREL/SHOES/ACC,,,,70.29;69.55;68.95;69.61;70.85;72.57;71.16;71.18;70.52;70.18;70.13;68.35;64.89;68.76;65.69;66.90;64.06;65.83;63.75;64.56;63.75;63.39;61.69;61.99;60.93;63.72;66.53;68.22;68.60;65.85;69.48;76.13;75.18;73.64;69.79;70.34;68.16;71.62;71.50;67.01;68.79;69.61;71.67;73.01;75.15;72.65;72.26;72.91;71.88;72.69;77.00;76.10;76.42;71.00;71.37;71.46;70.57;69.37;68.02;68.83;70.19;75.42;74.83;73.71;,HALAL,"Business activity permissible — debt ratio not verified, cross-check Musaffa/Zoya",
ANF,RETAIL,RETAIL-APPAREL/SHOES/ACC,,,,100.69;97.46;97.09;96.51;97.63;100.31;99.10;92.79;91.48;93.70;95.68;96.41;94.99;98.99;97.85;95.65;85.00;86.83;84.08;85.00;85.97;87.98;88.84;89.76;87.19;94.26;97.41;101.97;98.39;91.26;92.89;97.28;92.50;87.10;85.23;85.35;78.97;79.40;77.99;73.06;72.32;71.95;74.73;77.26;81.42;77.22;76.43;77.66;79.52;85.33;90.57;89.06;87.24;84.22;89.35;89.39;92.32;89.77;86.88;93.07;92.87;97.37;94.44;96.04;,HALAL,"Business activity permissible — debt ratio not verified, cross-check Musaffa/Zoya",
AEO,RETAIL,RETAIL-APPAREL/SHOES/ACC,,,,25.15;24.78;23.63;22.80;22.98;23.68;22.76;23.23;23.50;25.12;24.71;24.90;23.42;24.56;22.18;22.13;18.20;18.49;17.31;17.16;17.01;16.98;16.09;15.84;15.86;17.07;17.23;18.05;18.18;17.64;19.03;19.73;18.57;17.78;17.24;17.29;16.28;16.78;16.56;15.54;15.41;14.75;16.28;16.41;17.43;15.68;15.92;16.54;17.16;17.40;18.65;17.41;17.68;17.60;17.91;16.94;17.16;16.38;16.20;16.81;16.15;17.49;17.54;17.82;,HALAL,"Business activity permissible — debt ratio not verified, cross-check Musaffa/Zoya",
BURL,RETAIL,RETAIL-APPAREL/SHOES/ACC,,,,303.72;299.94;293.83;288.66;295.86;300.43;302.92;318.49;305.86;302.37;311.13;315.28;308.07;308.64;304.15;300.75;305.64;305.47;293.01;302.56;300.43;310.38;325.15;320.21;312.50;330.83;337.97;334.46;333.73;335.04;337.29;347.82;337.02;331.77;321.35;320.01;309.27;316.73;304.51;288.86;292.53;290.38;310.19;324.51;326.23;323.83;321.07;321.97;314.00;327.01;338.45;333.83;336.95;332.25;324.48;314.28;314.97;312.36;317.16;327.72;334.31;356.22;352.14;353.98;,HALAL,"Business activity permissible — debt ratio not verified, cross-check Musaffa/Zoya",
ROST,RETAIL,RETAIL-APPAREL/SHOES/ACC,,,,188.92;186.25;186.81;185.28;187.88;190.34;188.46;193.71;191.76;195.74;199.56;200.63;199.73;202.67;201.48;212.65;210.89;212.06;208.99;207.55;206.81;210.78;215.38;213.88;208.38;219.52;220.78;224.03;220.73;222.85;221.54;227.80;225.90;225.93;225.08;227.34;225.58;228.46;225.37;217.24;212.85;210.67;217.36;234.35;233.01;231.28;223.38;232.60;226.97;231.92;240.13;234.49;232.80;229.05;215.13;208.83;211.90;211.36;217.72;222.88;220.93;232.72;235.78;238.21;,HALAL,"Business activity permissible — debt ratio not verified, cross-check Musaffa/Zoya",
TJX,RETAIL,RETAIL-APPAREL/SHOES/ACC,,,,,HALAL,"Business activity permissible — debt ratio not verified, cross-check Musaffa/Zoya",
DKS,RETAIL,RETAIL-APPAREL/SHOES/ACC,,,,203.77;205.17;200.75;203.20;199.57;200.57;203.05;199.49;201.95;198.83;200.37;203.75;209.93;208.99;201.58;197.91;194.87;192.25;195.22;185.52;187.92;187.72;191.44;190.02;189.56;191.06;198.55;203.61;211.27;215.03;216.64;229.33;226.94;224.65;225.08;225.65;216.06;225.24;224.55;218.20;220.22;209.28;217.91;229.95;217.99;226.30;213.54;216.39;212.19;213.77;220.99;225.89;232.96;236.75;237.29;232.34;229.76;229.02;215.21;217.98;211.37;216.88;214.32;210.13;,HALAL,"Business activity permissible — debt ratio not verified, cross-check Musaffa/Zoya",
FL,RETAIL,RETAIL-APPAREL/SHOES/ACC,,,,,HALAL,"Business activity permissible — debt ratio not verified, cross-check Musaffa/Zoya",
BOOT,RETAIL,RETAIL-APPAREL/SHOES/ACC,,,,195.26;188.48;180.21;172.29;178.48;181.82;188.48;203.61;189.64;187.99;196.74;199.76;195.56;197.22;185.38;184.29;178.14;173.15;167.35;156.66;157.88;157.89;157.05;152.83;139.94;143.51;149.03;151.91;155.15;159.19;154.94;168.06;164.69;168.69;168.95;171.45;167.66;171.90;163.30;144.80;146.36;141.09;142.27;154.65;165.35;169.87;171.89;169.15;162.20;165.19;170.61;162.52;174.22;173.56;175.15;164.55;162.17;158.77;156.44;161.23;155.70;153.80;149.92;149.38;,HALAL,"Business activity permissible — debt ratio not verified, cross-check Musaffa/Zoya",
ZUMZ,RETAIL,RETAIL-APPAREL/SHOES/ACC,,,,25.38;24.69;25.06;24.52;24.61;24.98;24.40;25.01;24.15;24.85;26.35;26.77;25.11;26.86;25.62;25.90;22.49;23.38;23.44;21.72;21.17;20.86;21.87;21.96;21.37;22.05;22.74;24.00;24.11;24.25;24.33;25.24;25.11;24.56;24.68;24.57;22.87;24.97;25.08;22.88;23.63;23.05;22.78;23.95;25.15;24.63;23.25;23.48;18.83;18.40;18.39;17.31;17.79;18.00;18.20;17.73;17.97;17.73;17.67;18.11;18.13;18.87;18.96;18.88;,HALAL,"Business activity permissible — debt ratio not verified, cross-check Musaffa/Zoya",
BKE,RETAIL,RETAIL-APPAREL/SHOES/ACC,,,,53.23;52.06;48.44;47.20;46.60;48.27;50.13;51.55;51.38;52.66;52.47;53.14;52.81;53.67;51.47;52.22;50.16;49.61;49.91;48.59;48.37;48.46;49.33;48.91;48.62;50.08;50.22;52.97;54.02;52.52;52.53;55.48;55.49;55.69;56.06;55.15;52.75;54.10;51.98;48.85;48.84;47.68;47.70;48.92;49.35;45.49;43.79;43.20;44.23;43.96;44.92;43.84;44.80;43.79;42.25;41.19;41.62;41.52;41.12;42.23;42.13;42.69;42.98;43.24;,HALAL,"Business activity permissible — debt ratio not verified, cross-check Musaffa/Zoya",
EXPR,RETAIL,RETAIL-APPAREL/SHOES/ACC,,,,,HALAL,"Business activity permissible — debt ratio not verified, cross-check Musaffa/Zoya",
CHS,RETAIL,RETAIL-APPAREL/SHOES/ACC,,,,,HALAL,"Business activity permissible — debt ratio not verified, cross-check Musaffa/Zoya",
TLYS,RETAIL,RETAIL-APPAREL/SHOES/ACC,,,,,HALAL,"Business activity permissible — debt ratio not verified, cross-check Musaffa/Zoya",
BBY,RETAIL,RETAIL-CONSUMER ELECTRONICS,,,,63.99;65.19;64.89;63.73;63.28;63.74;66.28;65.21;65.21;63.96;65.04;62.68;60.98;61.10;59.87;65.51;64.82;62.99;60.85;61.13;61.11;61.05;60.90;62.38;63.07;63.47;63.36;63.63;61.55;61.24;63.82;66.06;62.70;59.66;58.33;59.70;56.88;57.92;58.62;56.45;55.94;57.12;60.18;60.82;63.69;76.93;71.82;70.06;73.20;74.65;77.50;74.59;74.73;75.15;76.89;77.64;77.23;78.00;78.07;82.80;83.98;85.29;85.13;87.11;,HALAL,"Business activity permissible — debt ratio not verified, cross-check Musaffa/Zoya",
GME,RETAIL,RETAIL-CONSUMER ELECTRONICS,,,,21.10;23.14;24.01;23.64;23.88;24.52;24.69;24.64;24.21;23.57;23.87;23.43;23.77;24.10;24.20;23.87;24.37;24.37;24.43;23.28;23.36;22.57;22.81;22.56;22.27;22.76;23.08;22.91;23.22;24.03;25.18;24.92;25.66;24.95;25.09;24.95;23.84;25.17;24.28;22.37;21.61;21.91;22.55;21.96;21.68;21.18;20.92;22.27;22.26;22.42;21.77;21.46;21.52;21.08;21.01;22.03;22.64;22.76;21.70;21.68;22.43;21.92;21.76;21.60;,HALAL,"Business activity permissible — debt ratio not verified, cross-check Musaffa/Zoya",
HSII,RETAIL,RETAIL-CONSUMER ELECTRONICS,,,,,HALAL,"Business activity permissible — debt ratio not verified, cross-check Musaffa/Zoya",
CASY,RETAIL,RETAIL-CONVENIENCE STORES,,,,637.53;617.80;616.12;614.29;606.08;640.93;652.57;658.50;648.34;665.40;657.22;666.76;681.01;681.88;686.53;683.42;664.14;689.44;673.34;672.80;669.06;659.17;688.56;711.32;704.31;736.65;747.25;757.84;737.66;741.94;736.71;767.92;782.37;799.00;784.07;821.58;852.63;858.14;859.49;867.19;877.48;855.87;852.51;825.02;784.38;767.14;754.21;761.57;751.63;915.60;895.14;865.28;842.25;831.89;784.71;780.24;784.28;807.18;843.10;819.83;847.19;827.04;866.46;856.74;,HALAL,"Business activity permissible — debt ratio not verified, cross-check Musaffa/Zoya",
MUSA,RETAIL,RETAIL-CONVENIENCE STORES,,,,430.51;428.25;428.20;420.58;421.35;433.64;396.33;367.96;379.87;406.33;389.85;388.92;387.43;385.75;402.61;414.36;437.93;434.89;454.87;459.48;461.15;472.63;467.58;494.64;497.23;494.26;506.98;498.49;492.67;497.89;516.86;496.21;519.19;530.68;519.65;587.33;592.13;575.71;577.21;576.30;575.54;565.34;555.64;542.74;516.08;506.03;526.13;539.77;546.19;612.16;622.53;569.99;551.26;550.82;523.73;535.11;558.80;563.06;606.81;590.23;611.81;599.01;622.78;617.84;,HALAL,"Business activity permissible — debt ratio not verified, cross-check Musaffa/Zoya",
SVH,RETAIL,RETAIL-CONVENIENCE STORES,,,,,HALAL,"Business activity permissible — debt ratio not verified, cross-check Musaffa/Zoya",
M,RETAIL,RETAIL-DEPARTMENT STORES,,,,20.90;20.16;19.88;19.65;19.65;20.83;21.12;21.07;21.32;21.23;22.34;21.99;20.44;19.97;18.46;18.85;17.93;17.65;16.85;16.96;17.59;17.73;18.24;18.35;17.45;17.96;17.99;18.20;18.72;18.96;18.94;19.79;20.05;19.95;19.28;19.40;18.98;19.67;19.33;18.38;18.17;18.38;19.85;20.50;20.89;21.60;21.51;22.86;22.09;22.98;25.18;24.94;24.14;23.95;25.70;24.46;23.43;23.68;22.70;22.64;23.21;24.12;23.31;24.33;,HALAL,"Business activity permissible — debt ratio not verified, cross-check Musaffa/Zoya",
JWN,RETAIL,RETAIL-DEPARTMENT STORES,,,,,HALAL,"Business activity permissible — debt ratio not verified, cross-check Musaffa/Zoya",
KSS,RETAIL,RETAIL-DEPARTMENT STORES,,,,17.70;17.44;17.37;16.92;17.16;17.77;17.41;17.24;18.45;19.50;18.98;18.45;17.40;17.14;15.21;15.02;14.85;14.32;13.04;12.81;11.94;12.33;12.25;12.82;12.10;12.78;13.23;13.40;13.18;13.51;14.22;14.50;15.36;14.58;14.69;14.06;14.08;14.30;14.39;12.63;11.84;11.63;12.11;12.96;12.83;14.25;15.73;15.84;16.09;15.87;18.06;16.52;17.25;17.53;19.09;18.45;18.77;16.90;15.89;16.80;16.43;17.49;17.57;19.08;,HALAL,"Business activity permissible — debt ratio not verified, cross-check Musaffa/Zoya",
DDS,RETAIL,RETAIL-DEPARTMENT STORES,,,,679.27;643.18;620.88;603.07;606.89;640.80;634.81;647.41;642.92;644.00;666.94;669.26;595.23;612.06;606.77;630.25;588.85;597.51;573.14;584.63;583.32;590.35;566.70;551.70;554.76;576.52;571.30;596.41;595.38;603.75;592.40;616.81;608.66;594.87;582.42;568.90;550.48;571.15;562.94;534.79;534.56;529.77;539.18;561.49;589.50;589.88;592.31;613.16;611.74;582.22;609.67;550.75;554.55;567.53;580.90;537.08;539.21;516.58;516.42;523.78;527.39;544.92;555.99;589.33;,HALAL,"Business activity permissible — debt ratio not verified, cross-check Musaffa/Zoya",
WMT,RETAIL,RETAIL-DISCOUNT & VARIETY,,,,118.24;117.36;117.18;116.11;118.67;127.21;126.44;128.51;128.26;133.36;126.12;122.50;126.25;123.93;126.60;127.31;123.31;124.63;124.84;125.49;121.50;118.79;121.82;121.95;123.26;124.50;126.55;127.02;126.53;124.81;124.58;127.68;129.73;129.67;127.35;131.68;130.08;129.83;130.43;130.35;132.46;133.34;130.85;120.27;118.54;115.75;113.06;117.74;119.83;120.59;121.04;121.03;117.18;119.42;115.78;114.60;108.82;110.65;113.10;113.90;113.70;114.95;112.20;109.33;,HALAL,"Business activity permissible — debt ratio not verified, cross-check Musaffa/Zoya",
TGT,RETAIL,RETAIL-DISCOUNT & VARIETY,,,,,HALAL,"Business activity permissible — debt ratio not verified, cross-check Musaffa/Zoya",
DG,RETAIL,RETAIL-DISCOUNT & VARIETY,,,,145.20;143.19;148.86;143.62;142.03;146.59;143.48;145.93;145.72;152.34;150.53;149.17;152.46;152.50;151.13;150.12;144.88;144.57;134.62;133.53;125.43;123.30;116.73;118.07;116.69;116.03;123.79;122.43;115.14;118.98;122.84;125.82;122.57;120.10;115.23;115.29;113.90;115.78;112.72;102.46;104.52;105.69;104.08;105.11;103.80;110.05;105.73;102.99;106.28;109.40;114.22;113.17;112.87;114.00;116.96;116.92;114.62;115.68;114.80;118.92;120.14;127.16;124.75;120.24;,HALAL,"Business activity permissible — debt ratio not verified, cross-check Musaffa/Zoya",
DLTR,RETAIL,RETAIL-DISCOUNT & VARIETY,,,,134.06;126.79;125.40;119.10;117.59;119.69;119.60;123.17;125.00;126.06;132.54;134.51;131.71;126.95;119.88;117.85;115.79;116.82;111.70;114.36;107.49;105.92;106.53;105.99;105.74;108.70;111.09;105.62;99.55;100.67;99.93;107.25;101.97;103.75;98.22;97.11;94.05;96.51;94.24;89.05;89.97;91.23;93.48;94.98;95.87;116.44;109.39;109.27;107.69;110.32;114.00;110.74;111.65;113.41;118.21;122.62;121.15;121.46;123.61;124.91;124.56;128.45;126.38;122.15;,HALAL,"Business activity permissible — debt ratio not verified, cross-check Musaffa/Zoya",
FIVE,RETAIL,RETAIL-DISCOUNT & VARIETY,,,,191.22;191.33;188.57;185.42;191.64;196.73;194.09;209.43;206.12;205.93;214.36;220.09;221.40;225.12;223.48;220.52;215.28;221.05;217.03;211.67;212.47;227.42;231.09;226.79;219.82;234.92;233.72;228.18;217.37;219.85;225.06;247.71;240.23;234.01;232.54;235.66;231.10;234.18;223.13;208.51;214.94;218.36;219.87;219.50;215.99;227.36;220.37;192.17;186.49;195.85;198.49;189.41;194.06;185.95;186.59;178.23;182.64;176.40;180.75;189.39;193.11;197.71;204.14;204.87;,HALAL,"Business activity permissible — debt ratio not verified, cross-check Musaffa/Zoya",
OLLI,RETAIL,RETAIL-DISCOUNT & VARIETY,,,,,HALAL,"Business activity permissible — debt ratio not verified, cross-check Musaffa/Zoya",
BIG,RETAIL,RETAIL-DISCOUNT & VARIETY,,,,,HALAL,"Business activity permissible — debt ratio not verified, cross-check Musaffa/Zoya",
PSMT,RETAIL,RETAIL-DISCOUNT & VARIETY,,,,140.19;141.37;142.09;141.36;141.57;146.57;150.62;155.43;154.42;154.98;152.10;153.73;155.22;153.80;157.42;153.06;145.16;147.61;146.80;151.17;141.40;140.70;148.56;146.43;148.16;151.36;154.99;156.70;157.03;156.72;156.67;159.20;160.27;161.10;155.52;156.92;153.11;159.91;158.26;156.49;159.74;162.90;165.98;164.65;169.89;169.99;169.57;173.07;177.03;174.74;182.30;179.65;182.02;185.66;195.92;195.75;195.29;194.10;189.11;196.30;194.56;189.05;180.42;186.15;,HALAL,"Business activity permissible — debt ratio not verified, cross-check Musaffa/Zoya",
RH,RETAIL,RETAIL-HOME FURNISHINGS,,,,219.44;231.01;219.09;204.55;198.83;199.37;195.44;206.95;199.94;205.06;212.41;207.73;190.40;186.61;157.33;150.99;142.16;143.45;131.35;132.03;134.54;127.65;128.78;132.03;132.02;112.85;118.65;120.00;125.58;130.72;129.49;142.69;136.61;137.51;132.95;131.96;122.35;131.73;133.89;131.29;127.87;120.72;133.16;136.42;143.58;148.49;156.13;153.25;146.80;148.69;153.04;146.91;148.09;141.74;159.92;163.20;164.05;169.00;162.59;165.35;174.55;189.21;183.95;175.09;,HALAL,"Business activity permissible — debt ratio not verified, cross-check Musaffa/Zoya",
WSM,RETAIL,RETAIL-HOME FURNISHINGS,,,,,HALAL,"Business activity permissible — debt ratio not verified, cross-check Musaffa/Zoya",
BBY,RETAIL,RETAIL-HOME FURNISHINGS,,,,63.99;65.19;64.89;63.73;63.28;63.74;66.28;65.21;65.21;63.96;65.04;62.68;60.98;61.10;59.87;65.51;64.82;62.99;60.85;61.13;61.11;61.05;60.90;62.38;63.07;63.47;63.36;63.63;61.55;61.24;63.82;66.06;62.70;59.66;58.33;59.70;56.88;57.92;58.62;56.45;55.94;57.12;60.18;60.82;63.69;76.93;71.82;70.06;73.20;74.65;77.50;74.59;74.73;75.15;76.89;77.64;77.23;78.00;78.07;82.80;83.98;85.29;85.13;87.11;,HALAL,"Business activity permissible — debt ratio not verified, cross-check Musaffa/Zoya",
BBBY,RETAIL,RETAIL-HOME FURNISHINGS,,,,6.97;7.42;6.81;6.52;5.91;5.98;5.16;5.52;5.22;4.99;5.04;5.23;5.50;5.60;5.18;5.09;5.01;4.91;4.60;4.86;4.88;4.67;4.67;4.59;4.37;4.66;4.67;4.82;4.69;4.93;5.21;6.14;5.98;5.61;4.74;4.90;5.20;5.28;5.30;4.69;4.69;4.62;5.26;5.60;6.40;6.13;6.47;6.23;5.48;5.55;5.88;6.02;5.93;6.61;6.31;6.01;6.22;5.56;5.37;5.24;5.15;5.18;5.01;5.15;,HALAL,"Business activity permissible — debt ratio not verified, cross-check Musaffa/Zoya",
ARHS,RETAIL,RETAIL-HOME FURNISHINGS,,,,9.70;10.21;9.82;9.52;9.70;10.40;10.21;10.19;9.31;8.82;8.66;8.75;8.01;8.82;7.71;7.50;7.28;7.05;6.73;6.99;7.12;6.78;6.53;6.70;6.51;6.54;6.49;6.52;6.77;6.90;7.36;8.06;7.80;7.65;7.54;7.40;7.07;7.59;6.51;5.90;5.88;5.87;5.99;6.32;6.65;6.77;6.53;6.64;6.22;6.70;7.17;7.19;7.26;7.07;8.10;8.42;8.59;8.15;7.72;7.86;7.83;7.84;7.48;7.44;,HALAL,"Business activity permissible — debt ratio not verified, cross-check Musaffa/Zoya",
LZB,RETAIL,RETAIL-HOME FURNISHINGS,,,,37.78;38.30;37.81;36.64;35.93;36.75;38.00;37.83;36.97;37.83;35.06;36.53;34.81;36.01;35.18;35.55;34.35;33.30;32.70;33.39;32.37;31.34;32.31;32.41;31.75;31.68;31.88;32.50;33.56;33.89;33.89;35.87;35.81;35.17;35.90;34.52;33.33;35.14;35.50;35.27;34.70;34.33;35.32;36.41;37.33;37.34;36.43;36.45;36.23;37.36;38.49;35.06;39.66;40.30;40.80;39.95;39.77;39.40;38.42;39.18;38.58;40.56;39.92;39.30;,HALAL,"Business activity permissible — debt ratio not verified, cross-check Musaffa/Zoya",
FND,RETAIL,RETAIL-HOME FURNISHINGS,,,,72.41;75.89;70.99;69.32;65.96;67.02;66.65;68.10;68.95;70.20;69.95;68.99;69.61;70.14;66.74;64.13;60.11;59.73;55.72;57.69;54.18;50.10;51.42;52.61;49.35;49.22;49.38;51.13;51.68;53.26;52.68;54.59;51.69;51.08;49.41;48.40;48.22;51.02;51.73;47.65;45.77;44.98;47.04;48.21;49.69;51.40;50.56;48.90;45.93;49.34;53.34;52.47;53.03;51.46;58.32;58.54;59.06;56.84;53.96;57.13;56.17;58.46;53.86;54.20;,HALAL,"Business activity permissible — debt ratio not verified, cross-check Musaffa/Zoya",
HVT,RETAIL,RETAIL-HOME FURNISHINGS,,,,24.94;26.04;25.43;24.49;24.59;25.62;26.06;25.81;25.57;25.19;25.12;25.43;24.59;23.22;22.50;22.64;22.24;21.60;21.25;21.33;21.02;20.50;20.40;21.06;20.74;21.09;20.73;21.89;22.08;22.19;22.29;23.05;22.54;22.39;22.01;21.82;20.30;21.41;21.88;20.41;20.62;20.89;21.49;22.03;23.36;22.86;22.84;22.81;22.51;23.39;23.73;23.58;24.34;24.73;25.14;25.48;25.44;25.05;24.59;25.10;25.19;26.23;25.45;25.36;,HALAL,"Business activity permissible — debt ratio not verified, cross-check Musaffa/Zoya",
ETD,RETAIL,RETAIL-HOME FURNISHINGS,,,,23.33;23.89;23.78;23.28;22.11;22.49;23.09;23.73;23.14;23.36;22.94;23.12;22.50;22.72;22.11;22.26;21.78;21.62;21.57;21.74;21.76;21.45;21.93;21.86;21.64;21.86;21.43;21.42;21.93;22.00;21.69;22.28;22.18;21.97;21.98;20.90;19.63;20.08;19.97;18.74;18.98;19.30;19.66;19.74;20.57;20.62;20.44;20.79;20.69;21.35;21.58;21.09;21.17;21.66;21.98;22.11;21.87;21.25;21.22;21.73;22.23;23.20;23.09;22.85;,HALAL,"Business activity permissible — debt ratio not verified, cross-check Musaffa/Zoya",
AMZN,RETAIL,RETAIL-INTERNET,,,,,HALAL,"E-commerce + AWS halal core; AWS dominant — debt ratio not verified, cross-check Musaffa/Zoya",
CHWY,RETAIL,RETAIL-INTERNET,,,,,HALAL,"Business activity permissible — debt ratio not verified, cross-check Musaffa/Zoya",
ETSY,RETAIL,RETAIL-INTERNET,,,,58.93;62.49;60.09;57.19;52.96;53.29;54.46;55.10;47.46;45.73;44.05;52.18;54.40;55.18;53.97;55.65;56.40;53.35;51.99;53.14;54.12;52.84;49.46;48.52;47.50;49.97;54.40;53.99;52.69;55.99;59.61;64.18;66.06;62.79;63.21;64.34;64.04;64.97;64.38;57.51;58.41;58.83;60.89;62.38;63.81;67.92;69.73;67.05;68.83;68.73;69.48;73.34;73.95;74.89;77.70;79.66;72.83;75.06;77.20;81.05;83.06;83.48;84.03;80.48;,HALAL,"Business activity permissible — debt ratio not verified, cross-check Musaffa/Zoya",
W,RETAIL,RETAIL-INTERNET,,,,107.89;110.15;110.13;108.69;103.49;104.39;88.39;92.79;88.07;82.39;91.48;81.43;73.91;78.97;73.77;78.71;76.20;74.83;73.74;79.11;76.76;72.35;75.40;73.70;69.55;75.25;71.95;74.18;71.68;74.72;77.31;81.09;80.62;78.78;73.59;63.93;64.85;66.00;66.26;60.49;61.91;59.26;64.72;67.07;73.16;72.26;72.32;72.49;67.15;68.67;77.59;83.16;88.52;84.85;93.52;95.63;95.14;93.18;86.74;89.23;88.74;91.48;87.76;84.30;,HALAL,"Business activity permissible — debt ratio not verified, cross-check Musaffa/Zoya",
CVNA,RETAIL,RETAIL-INTERNET,,,,88.46;95.69;94.74;82.01;80.22;82.07;76.74;82.32;72.81;68.57;72.31;67.32;65.03;70.78;64.62;63.25;63.54;63.75;58.53;61.19;58.23;56.26;60.19;60.27;58.16;62.42;63.37;67.76;67.26;74.84;72.45;80.40;83.36;81.82;81.28;79.16;75.31;77.88;77.94;73.72;69.53;66.02;64.91;68.28;73.00;73.00;65.60;66.19;69.45;67.25;64.10;70.04;66.56;64.83;66.20;63.72;67.87;70.38;66.36;65.83;70.38;70.66;64.14;62.75;,HALAL,"Business activity permissible — debt ratio not verified, cross-check Musaffa/Zoya",
CARG,RETAIL,RETAIL-INTERNET,,,,33.55;34.16;34.23;33.42;32.40;29.48;28.44;28.51;27.51;27.34;28.30;30.17;28.98;31.01;31.31;33.53;33.66;32.38;30.96;31.06;33.96;33.60;34.83;35.66;35.28;33.55;34.75;34.57;34.15;35.77;36.21;37.13;38.13;37.62;36.95;36.46;36.98;37.41;34.74;31.57;30.04;28.66;28.21;28.24;28.90;29.86;28.64;27.37;27.51;28.10;27.17;29.78;30.02;30.44;31.03;34.00;35.14;35.66;34.19;34.18;34.05;36.02;35.16;33.67;,HALAL,"Business activity permissible — debt ratio not verified, cross-check Musaffa/Zoya",
CARS,RETAIL,RETAIL-INTERNET,,,,11.70;12.30;12.04;11.66;11.36;10.99;11.02;11.10;10.95;11.08;11.38;11.47;10.66;9.08;8.04;8.34;8.12;7.80;7.73;7.61;7.96;7.90;8.42;8.17;8.02;8.26;8.92;9.20;9.75;10.11;10.24;11.04;11.01;11.15;11.15;10.99;10.95;11.19;11.68;10.55;10.33;10.03;9.74;9.65;10.06;10.28;9.58;9.34;9.30;9.59;9.48;10.13;9.95;9.84;10.16;11.14;11.28;11.40;10.80;11.09;11.27;12.32;11.97;11.66;,HALAL,"Business activity permissible — debt ratio not verified, cross-check Musaffa/Zoya",
VRT,RETAIL,RETAIL-INTERNET,,,,175.10;181.04;181.15;193.67;186.10;190.07;177.67;201.91;248.40;234.43;243.10;243.64;253.04;259.11;257.64;251.17;241.67;269.94;265.26;264.62;264.65;255.83;270.83;252.35;234.17;259.32;258.68;280.97;295.05;310.45;294.07;314.34;305.08;323.39;304.97;328.42;330.90;358.85;339.90;367.05;376.15;339.66;315.60;327.39;319.71;315.64;334.42;323.85;300.51;280.92;302.81;299.60;333.05;318.32;325.57;306.97;311.42;318.47;317.81;318.86;303.58;294.11;291.67;301.16;,HALAL,"Business activity permissible — debt ratio not verified, cross-check Musaffa/Zoya",
REAL,RETAIL,RETAIL-INTERNET,,,,15.99;16.24;15.88;15.29;14.67;14.49;12.57;12.90;11.83;11.45;11.42;11.11;11.61;12.39;11.87;12.13;11.31;10.65;9.97;9.79;9.44;8.64;8.85;9.00;8.12;9.28;9.40;10.16;9.69;10.57;11.33;11.83;12.24;12.28;11.78;11.89;12.85;13.00;10.26;9.35;9.35;9.46;9.44;9.20;9.62;9.64;9.79;9.08;9.20;9.12;10.28;11.31;12.45;12.21;12.43;12.21;12.20;11.46;10.47;10.60;10.88;11.40;11.51;11.37;,HALAL,"Business activity permissible — debt ratio not verified, cross-check Musaffa/Zoya",
SIG,RETAIL,RETAIL-JEWELRY,,,,92.71;91.71;89.34;91.00;91.55;90.52;91.65;96.24;91.63;89.39;94.51;97.16;96.28;99.42;95.44;94.96;90.06;90.10;82.75;83.17;78.16;88.36;87.98;87.24;80.42;86.80;87.75;89.76;92.90;92.65;90.33;94.95;89.73;88.32;86.75;88.68;80.68;87.19;86.96;80.04;78.24;73.65;78.21;81.29;82.84;87.05;87.66;86.47;84.23;85.58;89.90;87.69;87.89;84.59;83.30;86.54;84.33;81.54;81.14;83.99;84.97;89.89;90.09;90.27;,HALAL,"Business activity permissible — debt ratio not verified, cross-check Musaffa/Zoya",
BIRD,RETAIL,RETAIL-JEWELRY,,,,4.00;4.30;4.02;3.97;3.91;3.56;3.51;3.33;3.16;3.00;3.05;3.15;2.72;2.98;2.85;2.79;2.48;3.63;3.06;3.11;3.13;3.13;3.34;3.47;2.98;2.62;2.59;2.51;2.39;2.49;10.91;11.02;8.43;7.02;6.96;6.50;5.86;6.08;5.60;5.14;4.51;4.02;3.99;3.84;3.95;4.12;4.43;4.13;4.05;3.77;3.66;3.94;5.97;5.12;4.28;4.29;4.02;3.74;3.47;3.13;2.95;2.85;2.64;2.76;,HALAL,"Business activity permissible — debt ratio not verified, cross-check Musaffa/Zoya",
PNDORA,RETAIL,RETAIL-JEWELRY,,,,,HALAL,"Business activity permissible — debt ratio not verified, cross-check Musaffa/Zoya",
DKS,RETAIL,RETAIL-LEISURE PRODUCTS,,,,203.77;205.17;200.75;203.20;199.57;200.57;203.05;199.49;201.95;198.83;200.37;203.75;209.93;208.99;201.58;197.91;194.87;192.25;195.22;185.52;187.92;187.72;191.44;190.02;189.56;191.06;198.55;203.61;211.27;215.03;216.64;229.33;226.94;224.65;225.08;225.65;216.06;225.24;224.55;218.20;220.22;209.28;217.91;229.95;217.99;226.30;213.54;216.39;212.19;213.77;220.99;225.89;232.96;236.75;237.29;232.34;229.76;229.02;215.21;217.98;211.37;216.88;214.32;210.13;,HALAL,"Business activity permissible — debt ratio not verified, cross-check Musaffa/Zoya",
BOOT,RETAIL,RETAIL-LEISURE PRODUCTS,,,,195.26;188.48;180.21;172.29;178.48;181.82;188.48;203.61;189.64;187.99;196.74;199.76;195.56;197.22;185.38;184.29;178.14;173.15;167.35;156.66;157.88;157.89;157.05;152.83;139.94;143.51;149.03;151.91;155.15;159.19;154.94;168.06;164.69;168.69;168.95;171.45;167.66;171.90;163.30;144.80;146.36;141.09;142.27;154.65;165.35;169.87;171.89;169.15;162.20;165.19;170.61;162.52;174.22;173.56;175.15;164.55;162.17;158.77;156.44;161.23;155.70;153.80;149.92;149.38;,HALAL,"Business activity permissible — debt ratio not verified, cross-check Musaffa/Zoya",
ASO,RETAIL,RETAIL-LEISURE PRODUCTS,,,,55.93;56.70;55.03;54.81;54.69;58.72;56.79;58.03;59.11;58.22;58.70;58.44;60.82;60.78;59.87;60.48;59.90;59.61;55.18;56.18;50.45;51.82;53.38;53.34;54.11;57.52;58.89;56.03;56.20;58.35;57.81;57.84;58.06;57.02;54.23;54.67;51.61;54.30;53.95;50.97;50.92;49.83;50.45;52.36;52.70;52.64;51.22;50.95;51.51;49.73;50.86;49.19;51.82;49.70;48.43;46.98;47.25;46.88;44.46;46.31;46.43;48.61;47.82;48.86;,HALAL,"Business activity permissible — debt ratio not verified, cross-check Musaffa/Zoya",
HIBB,RETAIL,RETAIL-LEISURE PRODUCTS,,,,,HALAL,"Business activity permissible — debt ratio not verified, cross-check Musaffa/Zoya",
BGFV,RETAIL,RETAIL-LEISURE PRODUCTS,,,,,HALAL,"Business activity permissible — debt ratio not verified, cross-check Musaffa/Zoya",
VSTO,RETAIL,RETAIL-LEISURE PRODUCTS,,,,,HALAL,"Business activity permissible — debt ratio not verified, cross-check Musaffa/Zoya",
MCD,RETAIL,RETAIL-RESTAURANTS,,,,299.13;302.28;309.12;308.97;311.14;315.57;319.52;321.61;319.25;323.57;323.87;325.20;328.97;330.43;330.72;329.51;325.85;325.73;321.73;324.45;313.60;306.77;305.77;306.85;306.45;305.22;307.67;304.94;303.62;301.18;304.89;304.87;298.05;297.34;290.42;291.61;282.19;282.19;273.89;272.99;273.12;280.57;278.38;280.37;279.03;277.32;276.36;272.72;277.78;282.52;284.81;287.93;278.61;271.66;264.54;267.18;269.43;279.50;278.25;274.60;268.94;273.46;267.64;263.57;,QUESTIONABLE,Some alcohol revenue in international markets,
SBUX,RETAIL,RETAIL-RESTAURANTS,,,,92.52;94.66;95.16;94.00;90.83;91.91;94.90;97.77;97.91;93.24;95.20;96.92;95.95;97.51;96.20;96.58;98.41;100.18;99.60;97.25;92.12;92.01;91.44;90.69;86.21;89.90;94.23;96.64;96.04;97.90;97.79;98.37;98.94;98.10;96.71;104.72;104.36;105.82;104.32;105.96;105.78;106.60;106.50;103.11;102.10;99.16;95.51;94.14;94.82;98.76;103.04;101.68;100.65;101.05;103.16;104.06;103.39;102.11;103.87;106.01;106.17;108.37;104.81;103.98;,HALAL,"No alcohol/pork in core menu — debt ratio not verified, cross-check Musaffa/Zoya",
CMG,RETAIL,RETAIL-RESTAURANTS,,,,39.00;40.54;39.72;39.16;38.87;39.17;38.45;39.59;37.22;36.30;38.72;37.54;36.49;38.05;36.69;36.71;35.37;34.72;32.56;34.08;32.64;33.37;32.76;32.17;31.16;32.63;33.50;33.79;34.09;34.92;35.08;35.83;35.11;34.21;32.87;33.99;31.98;32.74;32.49;32.67;32.09;33.75;32.96;32.89;32.69;31.86;29.26;28.18;29.27;30.42;32.23;32.61;32.49;30.95;32.28;32.97;35.00;33.98;33.43;35.25;36.43;34.20;33.13;32.20;,QUESTIONABLE,"Some alcohol revenue (margaritas, beer)",
YUM,RETAIL,RETAIL-RESTAURANTS,,,,151.75;152.08;151.38;152.43;154.03;157.24;159.57;157.40;157.56;159.05;161.37;162.53;165.14;164.90;162.13;158.22;159.22;158.42;157.69;160.99;158.33;155.65;158.65;155.38;153.84;152.95;156.59;159.65;160.97;160.78;158.74;161.03;158.29;159.50;155.70;158.87;153.65;155.26;151.21;152.12;149.90;151.57;151.97;154.39;152.02;147.95;146.58;148.08;147.37;151.08;154.31;157.67;151.99;151.60;151.14;158.24;161.59;165.99;165.25;163.54;158.18;152.10;147.37;147.57;,QUESTIONABLE,KFC/Pizza Hut/Taco Bell — pork in some menus,
QSR,RETAIL,RETAIL-RESTAURANTS,,,,67.07;67.34;65.95;66.24;65.80;65.57;69.09;69.71;69.45;64.97;67.64;67.60;67.59;68.65;70.68;70.10;72.67;70.72;70.81;73.25;72.94;73.08;73.18;72.44;73.09;74.42;76.53;76.86;75.70;77.86;76.91;78.20;78.29;80.17;77.49;79.95;79.33;76.50;78.99;77.59;75.75;75.01;75.84;74.70;74.04;74.02;70.92;71.18;70.85;72.54;74.17;75.60;72.78;71.64;73.23;73.25;71.46;73.25;74.45;75.26;74.61;77.15;73.96;73.19;,QUESTIONABLE,Restaurant Brands — pork in some menus,
DPZ,RETAIL,RETAIL-RESTAURANTS,,,,383.32;400.82;409.30;400.85;405.76;396.64;389.05;387.79;379.72;371.32;378.72;380.33;409.59;394.84;396.90;402.09;403.86;396.06;391.57;389.86;374.60;371.06;357.88;356.34;350.77;359.32;378.43;373.93;363.70;366.90;366.73;367.19;363.68;365.57;338.37;337.33;328.39;322.67;321.49;308.25;302.14;306.11;314.03;314.58;309.80;308.67;305.64;305.62;311.60;312.84;321.89;320.51;312.47;283.03;285.44;294.05;304.18;305.91;302.35;299.46;309.85;329.67;328.97;319.83;,HALAL,"Domino's — pizza, no alcohol — debt ratio not verified, cross-check Musaffa/Zoya",
WEN,RETAIL,RETAIL-RESTAURANTS,,,,7.87;8.13;7.79;7.65;7.51;7.50;7.75;7.53;7.60;7.21;7.88;7.80;7.45;7.46;7.30;7.02;7.29;6.85;7.08;6.91;6.86;6.96;6.97;6.86;6.66;6.77;6.96;6.93;6.76;6.66;6.73;7.00;6.97;7.01;6.69;6.83;6.42;6.53;7.17;7.76;7.96;7.70;7.61;7.67;7.35;7.56;7.21;6.75;6.74;6.63;6.79;6.77;6.80;6.26;7.33;8.26;8.94;7.90;7.45;7.55;7.42;7.83;7.85;7.40;,HALAL,"Wendy's — quick service, no alcohol — debt ratio not verified, cross-check Musaffa/Zoya",
TXRH,RETAIL,RETAIL-RESTAURANTS,,,,193.07;189.60;184.53;180.18;178.31;182.70;184.35;186.05;181.79;179.34;185.26;177.28;179.13;182.78;178.63;177.16;170.06;170.65;167.98;169.75;167.88;170.16;167.20;165.64;161.63;161.37;162.58;166.07;162.99;163.59;159.27;163.10;157.47;159.10;157.63;160.30;155.21;159.01;176.62;182.79;176.30;176.38;177.58;176.81;180.71;179.85;170.94;161.30;167.78;164.24;167.86;168.23;177.75;179.99;190.61;193.84;191.48;186.01;181.68;189.50;189.09;197.55;196.26;191.43;,HARAM,Texas Roadhouse — significant alcohol revenue,
DRI,RETAIL,RETAIL-RESTAURANTS,,,,205.62;201.96;193.37;193.43;196.24;202.28;210.23;214.61;209.47;208.20;213.03;213.88;210.58;211.48;206.60;200.24;200.01;200.30;195.33;203.47;197.58;199.88;197.39;195.77;192.01;190.05;193.50;192.60;190.85;196.39;195.08;200.23;198.13;199.45;194.93;198.95;190.55;194.13;194.66;197.52;193.05;192.20;195.69;201.88;204.28;202.27;196.68;191.91;194.43;202.01;209.77;207.37;211.74;208.90;211.05;204.05;200.33;201.59;199.49;204.25;195.74;201.21;194.82;193.94;,HARAM,"Darden — Olive Garden etc., heavy alcohol revenue",
BLMN,RETAIL,RETAIL-RESTAURANTS,,,,7.46;7.66;6.61;6.18;6.00;6.19;6.62;7.23;6.93;6.25;6.83;6.47;5.87;6.18;6.32;6.57;6.01;5.93;5.44;5.61;5.70;5.82;5.73;5.52;5.34;5.48;5.75;5.92;5.93;6.41;6.40;6.67;6.60;6.13;6.03;6.10;5.63;8.12;8.12;8.32;8.14;7.65;7.86;7.82;8.31;8.44;7.81;7.14;7.07;7.41;8.29;7.63;8.06;8.25;8.65;9.16;8.91;8.04;7.77;8.34;8.31;8.57;8.34;8.42;,HARAM,"Bloomin' Brands — Outback steakhouse, alcohol",
EAT,RETAIL,RETAIL-RESTAURANTS,,,,159.73;162.44;157.40;156.64;157.72;163.45;160.64;171.21;166.47;161.07;158.31;146.52;141.16;151.63;142.41;137.94;134.81;139.82;138.68;144.08;140.05;143.40;151.59;137.57;136.69;143.35;149.60;153.65;155.13;159.25;151.09;158.31;147.76;138.67;129.14;152.24;140.18;147.11;138.68;135.33;136.75;132.31;131.18;137.41;141.48;142.38;138.20;136.50;146.14;147.41;159.32;153.55;164.89;164.25;173.41;167.63;172.07;176.28;174.96;185.26;185.33;185.47;195.01;187.23;,HARAM,"Brinker — Chili's, alcohol revenue",
CAVA,RETAIL,RETAIL-RESTAURANTS,,,,69.05;66.09;62.55;62.70;60.62;60.89;64.55;72.48;67.37;63.50;67.73;70.11;67.80;84.74;78.49;79.52;78.59;80.02;80.35;87.25;88.93;84.27;84.43;78.90;76.94;80.14;82.13;86.21;84.94;88.18;91.24;97.39;96.75;95.68;91.04;93.41;89.19;89.51;79.40;77.18;76.09;79.89;80.53;80.42;82.20;77.66;72.44;71.75;73.62;81.56;90.99;87.30;89.18;77.57;83.30;81.87;79.78;71.91;67.59;72.18;69.97;68.10;63.51;62.35;,HALAL,"Business activity permissible — debt ratio not verified, cross-check Musaffa/Zoya",
WING,RETAIL,RETAIL-RESTAURANTS,,,,269.22;267.35;272.66;271.67;264.42;273.68;265.16;280.68;242.74;220.81;278.02;259.90;245.74;270.97;239.29;238.43;228.59;216.82;192.62;198.72;190.69;187.32;171.64;155.28;154.25;144.50;164.41;168.10;179.44;197.58;185.58;198.53;189.52;188.89;172.53;163.65;150.12;145.06;129.34;123.42;118.66;129.00;128.13;140.41;152.09;156.96;151.00;144.48;143.45;145.59;162.29;162.73;161.78;150.41;165.42;165.47;174.97;170.58;158.47;153.29;148.41;140.93;141.10;138.12;,HALAL,"Business activity permissible — debt ratio not verified, cross-check Musaffa/Zoya",
DNUT,RETAIL,RETAIL-RESTAURANTS,,,,,HALAL,"Business activity permissible — debt ratio not verified, cross-check Musaffa/Zoya",
SHAK,RETAIL,RETAIL-RESTAURANTS,,,,97.16;92.59;90.57;87.87;88.57;93.67;93.07;97.19;97.04;88.15;94.18;93.56;89.39;98.61;94.44;97.40;93.45;95.40;86.81;90.55;87.10;87.63;90.04;85.08;83.53;90.69;92.37;97.86;98.61;102.76;99.75;104.69;99.09;103.02;100.15;102.46;95.57;96.52;70.14;66.03;61.88;59.69;63.47;62.72;64.38;64.31;57.01;53.36;52.96;54.48;58.22;60.42;59.08;54.15;55.22;54.79;56.79;54.18;54.26;58.60;60.09;59.23;56.97;55.94;,QUESTIONABLE,Beer/wine on menu,
JACK,RETAIL,RETAIL-RESTAURANTS,,,,20.67;21.71;21.22;20.81;20.97;21.57;22.01;21.36;20.65;20.73;22.01;16.81;17.41;17.28;15.42;15.12;14.49;13.67;12.88;12.78;11.60;11.00;10.83;10.72;9.40;9.71;10.61;11.30;11.45;11.78;12.36;12.78;13.91;12.92;13.00;12.60;12.05;13.63;13.79;13.57;10.98;10.78;11.17;11.55;11.78;12.45;12.75;11.65;11.58;12.37;13.37;12.63;12.80;11.58;12.82;16.60;17.41;15.82;14.42;14.89;15.20;16.24;14.70;14.24;,HALAL,"Business activity permissible — debt ratio not verified, cross-check Musaffa/Zoya",
BROS,RETAIL,RETAIL-RESTAURANTS,,,,61.41;60.64;58.88;57.44;54.39;53.49;52.42;56.85;53.52;53.20;53.42;48.81;49.19;53.91;53.24;52.70;51.31;52.21;48.17;50.25;51.18;50.00;52.67;48.02;47.99;50.56;53.03;55.50;55.88;52.11;50.60;54.62;56.07;57.44;55.38;57.51;56.84;59.06;52.71;50.68;50.00;52.74;55.11;52.12;55.91;58.00;57.86;55.92;56.25;60.28;65.89;66.03;70.72;67.44;66.60;71.69;73.31;68.09;64.93;67.56;64.05;65.35;66.25;64.95;,HALAL,"Business activity permissible — debt ratio not verified, cross-check Musaffa/Zoya",
PTLO,RETAIL,RETAIL-RESTAURANTS,,,,5.74;6.02;5.81;5.63;5.65;5.61;5.75;6.06;5.81;5.40;5.70;5.66;5.33;5.48;5.23;5.17;5.08;5.04;5.16;5.65;5.55;5.50;5.32;5.38;5.25;5.40;5.64;5.70;5.78;5.56;5.59;6.32;6.50;6.42;6.08;6.25;5.72;4.49;4.30;4.05;3.99;3.93;3.90;4.03;4.13;4.29;4.02;3.81;3.91;4.19;4.44;4.33;4.26;4.06;4.40;4.75;4.99;4.72;4.58;4.59;4.52;4.71;4.56;4.47;,HALAL,"Business activity permissible — debt ratio not verified, cross-check Musaffa/Zoya",
ARKR,RETAIL,RETAIL-RESTAURANTS,,,,6.50;6.59;6.52;6.55;6.56;6.95;6.94;6.75;7.03;6.78;6.99;6.85;6.96;6.91;6.73;6.99;6.91;6.78;6.74;6.74;6.87;6.90;6.76;6.75;6.92;6.56;6.61;6.73;6.80;6.77;7.14;6.85;6.95;6.80;6.78;6.63;8.05;6.70;7.40;6.47;6.48;6.61;6.68;6.60;6.44;6.33;6.22;6.25;6.25;6.06;6.20;6.20;6.20;6.29;6.29;5.66;5.95;5.85;5.98;5.85;5.74;5.84;5.76;5.94;,HALAL,"Business activity permissible — debt ratio not verified, cross-check Musaffa/Zoya",
KR,RETAIL,RETAIL-SUPER/MINI MARKETS,,,,,HALAL,"Business activity permissible — debt ratio not verified, cross-check Musaffa/Zoya",
SFM,RETAIL,RETAIL-SUPER/MINI MARKETS,,,,72.55;70.55;72.46;70.16;70.91;68.11;66.34;65.85;65.67;68.96;67.67;67.48;73.95;75.74;73.99;76.45;80.25;76.28;78.84;81.73;84.33;81.80;75.65;77.27;77.26;75.86;77.43;75.75;77.17;75.19;73.19;74.35;74.99;72.96;70.74;81.85;80.69;78.26;82.83;86.89;86.97;88.39;88.46;86.71;88.70;82.62;78.05;80.18;86.68;86.82;86.33;83.61;80.49;84.51;82.05;81.85;86.70;86.57;80.26;80.86;75.35;73.67;74.61;73.94;,HALAL,"Business activity permissible — debt ratio not verified, cross-check Musaffa/Zoya",
ACI,RETAIL,RETAIL-SUPER/MINI MARKETS,,,,16.57;16.61;16.79;16.28;16.24;17.02;17.35;17.71;17.29;18.11;17.67;17.46;18.20;17.36;17.26;16.68;17.33;16.34;16.45;16.88;16.85;16.86;16.44;16.67;16.95;16.59;17.54;17.27;16.85;15.93;15.96;16.22;16.51;16.37;16.31;16.60;16.05;15.79;15.78;15.68;16.26;16.56;16.80;15.97;15.79;15.38;15.36;15.64;15.90;15.05;15.18;14.86;13.25;13.70;13.56;13.27;13.60;13.97;13.77;14.54;14.39;14.80;14.74;14.38;,HALAL,"Business activity permissible — debt ratio not verified, cross-check Musaffa/Zoya",
WMK,RETAIL,RETAIL-SUPER/MINI MARKETS,,,,67.26;68.17;68.55;68.16;70.49;71.89;73.29;73.19;70.16;73.78;72.35;74.06;72.41;66.07;66.27;65.34;63.99;61.30;62.64;66.39;65.67;65.89;65.66;66.98;68.41;67.85;70.81;72.23;71.64;69.09;68.58;69.66;70.98;68.39;69.18;69.84;68.60;71.30;70.52;68.85;71.17;72.02;72.05;72.30;73.22;72.97;74.23;75.68;79.68;82.06;82.63;79.28;76.74;79.00;78.01;78.81;79.81;80.27;79.31;79.77;77.94;79.31;78.10;77.94;,HALAL,"Business activity permissible — debt ratio not verified, cross-check Musaffa/Zoya",
GO,RETAIL,RETAIL-SUPER/MINI MARKETS,,,,,HALAL,"Business activity permissible — debt ratio not verified, cross-check Musaffa/Zoya",
IMKTA,RETAIL,RETAIL-SUPER/MINI MARKETS,,,,70.18;72.06;72.66;71.13;74.59;80.48;84.03;85.97;86.42;89.02;86.21;87.04;88.53;84.32;86.25;85.56;85.08;83.75;86.08;86.69;84.13;83.26;86.30;87.34;89.71;89.89;92.43;93.79;93.87;90.43;89.16;87.95;90.34;90.53;90.48;91.30;87.50;88.24;86.44;84.34;85.94;85.82;86.35;88.26;88.95;88.30;88.45;86.98;92.63;93.44;91.84;88.35;87.27;88.87;88.12;88.21;89.45;90.36;90.85;90.75;89.95;92.70;90.47;89.63;,HALAL,"Business activity permissible — debt ratio not verified, cross-check Musaffa/Zoya",
AAP,RETAIL,RETAIL/WHLSL-AUTO,,,,40.94;45.38;47.11;49.15;47.58;50.25;52.46;54.81;59.10;58.32;55.43;55.37;53.30;51.53;52.79;50.75;49.88;50.61;52.19;52.71;48.92;46.62;50.44;51.39;50.70;53.91;52.53;54.01;54.34;55.76;56.40;57.01;59.34;57.92;56.34;59.24;57.12;57.81;55.89;52.38;49.48;50.37;51.01;57.69;58.00;59.97;57.39;55.64;58.11;59.09;60.52;60.10;59.83;54.56;58.93;61.35;62.73;56.07;54.84;57.95;55.41;53.13;52.04;55.49;,HALAL,"Business activity permissible — debt ratio not verified, cross-check Musaffa/Zoya",
AZO,RETAIL,RETAIL/WHLSL-AUTO,,,,3573.98;3698.63;3786.03;3782.14;3704.29;3671.61;3605.03;3634.29;3735.85;3858.16;3744.64;3748.52;3784.42;3660.00;3882.47;3717.00;3641.29;3726.02;3614.27;3488.88;3361.98;3282.90;3345.84;3395.97;3342.51;3426.47;3438.35;3464.93;3430.45;3508.50;3489.29;3582.50;3589.99;3577.91;3563.09;3704.03;3482.24;3541.79;3496.19;3409.81;3379.52;3365.74;3419.36;3406.50;3027.48;2935.19;3029.36;3081.94;3074.04;3110.05;3116.30;3127.79;3064.48;3046.46;3059.04;3153.62;3218.15;2957.71;3070.17;3072.64;3032.07;3062.16;2994.13;2972.45;,HALAL,"Business activity permissible — debt ratio not verified, cross-check Musaffa/Zoya",
ORLY,RETAIL,RETAIL/WHLSL-AUTO,,,,95.24;98.88;100.24;101.37;98.41;97.10;92.86;92.72;94.11;96.66;92.75;93.50;94.33;91.33;95.03;94.27;94.60;94.71;92.98;90.46;87.72;87.30;87.99;92.27;92.11;92.10;92.13;93.06;93.01;93.52;92.71;92.83;93.92;93.13;91.57;99.40;93.98;94.78;92.96;91.84;89.68;91.74;92.22;91.74;89.02;86.88;86.23;88.40;89.02;90.46;91.02;90.68;86.84;87.54;86.90;90.16;92.69;84.24;84.98;86.28;85.75;86.25;84.53;86.53;,HALAL,"Business activity permissible — debt ratio not verified, cross-check Musaffa/Zoya",
MNRO,RETAIL,RETAIL/WHLSL-AUTO,,,,19.83;20.37;19.62;19.45;18.16;18.29;19.54;20.41;22.48;23.10;21.89;22.11;22.11;21.24;20.60;19.41;18.05;17.33;15.18;15.04;14.89;14.74;15.13;15.36;15.21;16.19;15.24;16.37;16.08;16.52;16.55;17.65;17.26;16.81;16.70;17.25;16.05;17.47;17.40;15.87;16.03;15.46;15.79;16.45;15.93;16.16;15.77;15.39;14.68;14.21;15.95;16.00;15.55;15.42;16.05;16.96;17.15;17.22;16.54;16.81;17.33;17.46;16.79;16.83;,HALAL,"Business activity permissible — debt ratio not verified, cross-check Musaffa/Zoya",
PAG,RETAIL,RETAIL/WHLSL-AUTO,,,,160.22;160.50;157.55;156.67;154.09;156.06;159.12;163.65;170.24;168.40;165.29;164.42;159.03;156.34;155.40;157.46;155.26;150.40;145.92;142.94;142.04;139.39;144.91;147.61;146.70;147.87;147.43;151.94;154.77;155.91;154.68;161.42;158.10;159.04;160.16;170.04;163.49;168.27;172.31;167.57;167.60;158.37;157.61;163.31;169.01;167.37;172.36;171.61;172.49;178.18;180.96;180.76;175.20;176.71;183.84;180.06;177.08;183.42;182.52;194.27;193.55;204.74;195.50;214.57;,HALAL,"Business activity permissible — debt ratio not verified, cross-check Musaffa/Zoya",
GPI,RETAIL,RETAIL/WHLSL-AUTO,,,,397.57;401.24;389.21;395.05;353.05;344.67;339.56;337.24;335.89;332.72;334.69;341.13;333.92;333.24;319.76;325.99;318.29;312.40;300.39;299.32;307.98;317.78;317.30;330.93;328.16;330.21;326.43;332.05;337.55;337.39;334.90;350.60;341.27;340.80;344.10;356.25;329.43;343.37;357.21;335.56;333.75;316.63;314.65;325.61;331.12;315.79;308.32;305.43;316.65;326.10;325.33;325.60;313.16;318.25;300.82;297.85;286.60;296.81;294.64;299.88;299.18;331.62;305.95;327.93;,HALAL,"Business activity permissible — debt ratio not verified, cross-check Musaffa/Zoya",
AN,RETAIL,RETAIL/WHLSL-AUTO,,,,215.29;219.08;211.85;215.93;204.98;208.78;204.02;210.43;207.81;201.76;205.04;201.47;198.10;196.63;193.04;195.75;192.73;191.87;184.65;182.78;186.14;181.46;189.66;195.00;192.71;197.97;196.82;196.91;200.52;200.00;198.29;209.53;203.38;203.07;200.97;212.38;202.66;204.77;205.97;195.36;192.65;181.94;184.67;189.98;194.94;187.72;191.09;188.14;185.83;193.21;191.53;195.86;188.74;192.16;192.05;188.89;184.33;190.72;187.65;195.80;196.28;209.00;197.91;205.97;,HALAL,"Business activity permissible — debt ratio not verified, cross-check Musaffa/Zoya",
LAD,RETAIL,RETAIL/WHLSL-AUTO,,,,325.16;333.60;321.31;328.05;322.14;328.10;330.85;329.72;319.12;300.11;303.92;292.47;282.36;280.33;272.25;272.21;259.14;261.31;255.35;251.96;249.40;242.52;251.46;256.34;245.41;250.33;257.07;262.76;272.57;281.23;274.33;288.19;276.04;274.38;276.70;289.55;281.47;288.89;293.99;275.30;274.76;264.89;271.11;276.58;292.63;290.89;295.50;290.60;291.95;304.83;313.38;307.50;294.85;297.08;296.73;291.36;290.30;309.02;302.91;313.74;319.25;339.16;325.18;339.95;,HALAL,"Business activity permissible — debt ratio not verified, cross-check Musaffa/Zoya",
SAH,RETAIL,RETAIL/WHLSL-AUTO,,,,61.69;62.71;60.39;61.02;59.30;59.53;59.73;60.87;60.18;59.44;62.19;65.89;62.15;62.73;60.79;63.43;60.58;59.73;60.02;60.55;60.26;59.75;63.98;66.48;66.42;64.93;63.00;65.64;67.73;67.90;67.04;71.43;70.68;71.49;72.04;78.37;75.22;78.62;80.81;78.20;77.46;73.70;73.33;77.78;83.17;82.22;84.39;83.91;82.29;83.74;84.20;83.65;80.73;81.43;82.71;84.67;83.05;85.91;88.01;94.54;92.38;102.72;96.34;100.88;,HALAL,"Business activity permissible — debt ratio not verified, cross-check Musaffa/Zoya",
ABG,RETAIL,RETAIL/WHLSL-AUTO,,,,244.81;249.82;238.54;243.89;234.51;231.89;220.55;223.51;232.29;229.44;229.78;226.18;219.51;218.33;210.76;212.48;204.78;199.40;196.69;191.00;189.45;185.08;189.89;198.55;193.45;194.03;195.40;200.68;204.00;206.57;204.09;212.71;202.45;203.06;200.56;203.69;193.35;197.70;200.39;193.68;193.09;176.28;182.83;187.72;193.96;187.71;189.96;190.15;193.46;198.13;199.53;199.82;197.05;199.45;203.05;201.46;198.02;207.97;204.75;211.97;212.79;226.66;210.12;223.36;,HALAL,"Business activity permissible — debt ratio not verified, cross-check Musaffa/Zoya",
CVNA,RETAIL,RETAIL/WHLSL-AUTO,,,,88.46;95.69;94.74;82.01;80.22;82.07;76.74;82.32;72.81;68.57;72.31;67.32;65.03;70.78;64.62;63.25;63.54;63.75;58.53;61.19;58.23;56.26;60.19;60.27;58.16;62.42;63.37;67.76;67.26;74.84;72.45;80.40;83.36;81.82;81.28;79.16;75.31;77.88;77.94;73.72;69.53;66.02;64.91;68.28;73.00;73.00;65.60;66.19;69.45;67.25;64.10;70.04;66.56;64.83;66.20;63.72;67.87;70.38;66.36;65.83;70.38;70.66;64.14;62.75;,HALAL,"Business activity permissible — debt ratio not verified, cross-check Musaffa/Zoya",
KMX,RETAIL,RETAIL/WHLSL-AUTO,,,,47.45;47.83;45.14;46.96;44.54;45.17;45.47;46.46;45.80;41.43;45.65;44.50;43.15;42.86;41.81;42.12;42.19;42.14;41.00;41.71;41.80;41.86;42.10;42.68;39.99;40.31;42.61;44.24;46.72;41.66;40.49;40.66;39.58;38.27;38.64;39.31;36.88;39.43;40.34;38.21;38.09;37.05;37.33;40.33;42.26;44.62;43.93;46.92;47.50;48.50;51.26;52.11;53.66;51.91;52.90;53.15;51.82;50.21;50.30;53.49;55.73;58.47;55.91;57.45;,HALAL,"Business activity permissible — debt ratio not verified, cross-check Musaffa/Zoya",
AAP,RETAIL,RETAIL/WHLSL-AUTOMOTIVE PARTS,,,,40.94;45.38;47.11;49.15;47.58;50.25;52.46;54.81;59.10;58.32;55.43;55.37;53.30;51.53;52.79;50.75;49.88;50.61;52.19;52.71;48.92;46.62;50.44;51.39;50.70;53.91;52.53;54.01;54.34;55.76;56.40;57.01;59.34;57.92;56.34;59.24;57.12;57.81;55.89;52.38;49.48;50.37;51.01;57.69;58.00;59.97;57.39;55.64;58.11;59.09;60.52;60.10;59.83;54.56;58.93;61.35;62.73;56.07;54.84;57.95;55.41;53.13;52.04;55.49;,HALAL,"Business activity permissible — debt ratio not verified, cross-check Musaffa/Zoya",
AZO,RETAIL,RETAIL/WHLSL-AUTOMOTIVE PARTS,,,,3573.98;3698.63;3786.03;3782.14;3704.29;3671.61;3605.03;3634.29;3735.85;3858.16;3744.64;3748.52;3784.42;3660.00;3882.47;3717.00;3641.29;3726.02;3614.27;3488.88;3361.98;3282.90;3345.84;3395.97;3342.51;3426.47;3438.35;3464.93;3430.45;3508.50;3489.29;3582.50;3589.99;3577.91;3563.09;3704.03;3482.24;3541.79;3496.19;3409.81;3379.52;3365.74;3419.36;3406.50;3027.48;2935.19;3029.36;3081.94;3074.04;3110.05;3116.30;3127.79;3064.48;3046.46;3059.04;3153.62;3218.15;2957.71;3070.17;3072.64;3032.07;3062.16;2994.13;2972.45;,HALAL,"Business activity permissible — debt ratio not verified, cross-check Musaffa/Zoya",
ORLY,RETAIL,RETAIL/WHLSL-AUTOMOTIVE PARTS,,,,95.24;98.88;100.24;101.37;98.41;97.10;92.86;92.72;94.11;96.66;92.75;93.50;94.33;91.33;95.03;94.27;94.60;94.71;92.98;90.46;87.72;87.30;87.99;92.27;92.11;92.10;92.13;93.06;93.01;93.52;92.71;92.83;93.92;93.13;91.57;99.40;93.98;94.78;92.96;91.84;89.68;91.74;92.22;91.74;89.02;86.88;86.23;88.40;89.02;90.46;91.02;90.68;86.84;87.54;86.90;90.16;92.69;84.24;84.98;86.28;85.75;86.25;84.53;86.53;,HALAL,"Business activity permissible — debt ratio not verified, cross-check Musaffa/Zoya",
GPC,RETAIL,RETAIL/WHLSL-AUTOMOTIVE PARTS,,,,129.36;134.14;136.43;137.25;136.24;140.02;143.32;143.14;146.31;144.25;118.52;115.73;116.47;114.55;116.21;113.36;114.27;107.79;105.86;102.89;99.63;95.34;101.90;104.15;103.23;104.05;104.02;106.25;106.35;108.72;109.98;111.38;110.54;107.57;104.27;106.07;102.40;104.35;103.59;99.65;96.14;92.17;93.95;96.82;97.34;97.64;98.28;97.57;97.07;98.43;103.75;107.27;108.70;106.47;112.99;117.18;117.40;128.66;124.73;125.62;122.16;125.66;122.40;120.37;,HALAL,"Business activity permissible — debt ratio not verified, cross-check Musaffa/Zoya",
DORM,RETAIL,RETAIL/WHLSL-AUTOMOTIVE PARTS,,,,124.20;125.53;125.11;122.46;124.20;124.80;128.62;130.05;133.27;131.17;128.64;129.69;126.40;116.55;115.93;116.16;109.33;106.89;102.24;103.61;100.92;101.98;105.19;106.47;102.56;105.22;100.50;106.20;109.46;110.12;106.21;111.58;109.47;111.19;110.88;112.51;110.85;122.61;124.13;119.52;120.49;115.09;117.02;118.08;123.64;123.92;125.83;128.04;128.31;126.83;127.86;125.75;125.66;128.15;134.37;132.56;135.75;140.07;135.25;138.50;138.62;144.12;137.67;134.90;,HALAL,"Business activity permissible — debt ratio not verified, cross-check Musaffa/Zoya",
HD,RETAIL,RETAIL/WHLSL-BUILDING PRODUCTS,,,,369.84;375.68;381.10;370.03;369.33;375.75;377.00;375.65;385.20;385.56;378.14;376.88;379.08;369.83;365.61;363.93;352.90;352.14;336.41;340.03;328.47;318.36;328.45;325.98;321.09;327.11;324.22;333.66;334.83;340.16;334.64;348.38;336.97;333.39;326.61;326.35;310.09;320.64;315.09;308.15;302.08;297.58;308.27;310.74;315.48;314.78;309.20;309.95;309.71;318.92;328.39;337.09;334.28;324.45;345.00;350.81;350.84;350.65;336.21;343.30;337.74;348.02;333.04;331.45;,HALAL,"Business activity permissible — debt ratio not verified, cross-check Musaffa/Zoya",
LOW,RETAIL,RETAIL/WHLSL-BUILDING PRODUCTS,,,,264.29;271.96;274.88;266.49;264.15;271.86;271.90;273.87;283.91;284.26;279.06;277.31;275.56;261.51;254.37;255.80;249.15;248.38;236.84;239.47;228.57;222.18;231.88;233.46;230.05;233.41;232.64;241.01;241.56;245.73;239.78;250.53;243.68;242.95;238.84;237.32;222.35;231.94;227.79;223.14;222.24;216.68;219.69;213.71;215.51;213.04;205.37;206.26;206.69;214.86;219.42;222.64;220.84;212.23;220.57;218.30;220.56;222.41;211.54;210.33;206.40;214.83;203.45;204.35;,HALAL,"Business activity permissible — debt ratio not verified, cross-check Musaffa/Zoya",
BLDR,RETAIL,RETAIL/WHLSL-BUILDING PRODUCTS,,,,122.52;125.25;119.19;117.09;114.40;118.56;120.06;124.30;126.94;114.73;113.90;110.55;109.68;104.56;99.41;95.99;93.12;93.68;86.60;87.02;86.62;81.22;83.94;82.17;78.85;80.97;82.06;83.09;85.30;87.77;83.90;91.32;90.63;90.04;88.12;79.09;73.75;80.03;77.40;72.78;73.58;70.18;71.23;74.15;77.47;76.26;75.37;74.98;73.12;74.62;77.77;78.74;80.59;76.73;88.72;90.51;84.77;82.33;74.20;75.69;75.16;78.20;72.70;71.03;,HALAL,"Business activity permissible — debt ratio not verified, cross-check Musaffa/Zoya",
FERG,RETAIL,RETAIL/WHLSL-BUILDING PRODUCTS,,,,240.79;249.87;252.58;249.83;250.56;255.71;252.83;259.64;265.35;259.39;258.04;253.08;259.88;262.89;255.21;245.27;229.36;227.04;218.89;222.69;221.01;216.73;225.06;220.46;222.79;238.14;238.18;248.24;255.63;257.87;256.06;262.41;261.06;262.58;257.19;266.68;259.80;251.24;240.41;237.19;231.11;219.95;225.68;223.31;229.80;225.97;227.60;230.60;224.29;224.56;230.08;234.80;238.35;234.05;240.76;238.61;229.20;228.92;221.46;227.46;234.68;234.10;229.02;229.63;,HALAL,"Business activity permissible — debt ratio not verified, cross-check Musaffa/Zoya",
POOL,RETAIL,RETAIL/WHLSL-BUILDING PRODUCTS,,,,257.22;263.27;262.56;255.04;250.71;249.59;254.12;259.08;267.87;262.30;251.93;218.67;214.37;220.34;219.05;217.38;210.82;206.10;202.61;207.23;204.24;198.85;201.73;199.55;199.00;198.60;203.17;207.90;213.32;216.36;223.97;230.37;232.48;230.83;214.68;211.74;201.72;186.70;186.38;180.98;175.24;181.39;181.83;184.64;184.41;181.40;179.60;183.22;180.95;189.89;195.00;198.08;198.99;194.84;207.38;211.62;215.69;215.22;204.20;210.44;210.07;207.92;201.03;196.19;,HALAL,"Business activity permissible — debt ratio not verified, cross-check Musaffa/Zoya",
FND,RETAIL,RETAIL/WHLSL-BUILDING PRODUCTS,,,,72.41;75.89;70.99;69.32;65.96;67.02;66.65;68.10;68.95;70.20;69.95;68.99;69.61;70.14;66.74;64.13;60.11;59.73;55.72;57.69;54.18;50.10;51.42;52.61;49.35;49.22;49.38;51.13;51.68;53.26;52.68;54.59;51.69;51.08;49.41;48.40;48.22;51.02;51.73;47.65;45.77;44.98;47.04;48.21;49.69;51.40;50.56;48.90;45.93;49.34;53.34;52.47;53.03;51.46;58.32;58.54;59.06;56.84;53.96;57.13;56.17;58.46;53.86;54.20;,HALAL,"Business activity permissible — debt ratio not verified, cross-check Musaffa/Zoya",
BBY,RETAIL,RETAIL/WHLSL-COMPUTER/CELL,,,,63.99;65.19;64.89;63.73;63.28;63.74;66.28;65.21;65.21;63.96;65.04;62.68;60.98;61.10;59.87;65.51;64.82;62.99;60.85;61.13;61.11;61.05;60.90;62.38;63.07;63.47;63.36;63.63;61.55;61.24;63.82;66.06;62.70;59.66;58.33;59.70;56.88;57.92;58.62;56.45;55.94;57.12;60.18;60.82;63.69;76.93;71.82;70.06;73.20;74.65;77.50;74.59;74.73;75.15;76.89;77.64;77.23;78.00;78.07;82.80;83.98;85.29;85.13;87.11;,HALAL,"Business activity permissible — debt ratio not verified, cross-check Musaffa/Zoya",
INSG,RETAIL,RETAIL/WHLSL-COMPUTER/CELL,,,,11.96;12.11;10.87;11.20;10.89;10.48;9.85;10.76;10.49;9.90;9.90;12.65;13.55;12.40;12.40;11.47;11.07;11.75;11.70;12.11;12.62;10.98;11.65;11.46;10.75;11.67;12.22;12.80;13.31;14.18;14.66;15.89;15.12;15.02;14.98;18.23;19.60;19.02;16.08;14.71;14.08;13.03;12.16;12.49;12.22;13.12;14.54;14.01;11.28;10.37;11.09;10.65;10.31;10.25;9.95;9.91;9.83;8.57;8.26;8.76;8.01;7.58;7.50;7.44;,HALAL,"Business activity permissible — debt ratio not verified, cross-check Musaffa/Zoya",
COST,RETAIL,RETAIL/WHLSL-FOOD,,,,960.02;971.88;973.37;956.56;937.40;974.95;986.29;994.56;975.17;1015.39;993.06;982.28;995.40;983.75;999.73;1003.69;995.07;994.33;1000.28;998.70;976.95;969.38;970.87;976.68;993.56;993.54;1015.46;1027.14;995.44;971.84;984.21;994.81;1000.65;1008.08;990.98;1011.45;1011.18;994.17;1007.19;1020.26;1039.60;1074.76;1072.31;1026.61;1002.10;954.80;952.76;970.81;973.20;981.81;980.79;985.11;949.94;956.16;940.74;945.18;923.20;948.74;951.62;914.80;920.29;944.07;934.31;925.84;,HALAL,"Business activity permissible — debt ratio not verified, cross-check Musaffa/Zoya",
BJ,RETAIL,RETAIL/WHLSL-FOOD,,,,,HALAL,"Business activity permissible — debt ratio not verified, cross-check Musaffa/Zoya",
USFD,RETAIL,RETAIL/WHLSL-FOOD,,,,83.44;81.89;80.26;83.79;83.62;87.89;87.89;90.12;89.93;99.93;96.59;96.71;96.55;95.36;95.41;93.14;90.21;90.85;92.61;91.74;88.96;89.40;91.13;92.10;90.96;90.83;90.91;91.68;91.42;92.47;89.80;93.27;92.26;93.20;90.38;93.49;91.06;92.05;84.40;83.97;83.96;82.05;81.12;80.47;82.39;81.85;80.72;82.20;86.79;90.18;93.32;93.22;91.91;94.01;96.22;102.44;101.90;102.86;99.88;100.98;101.00;99.13;95.03;96.06;,HALAL,"Business activity permissible — debt ratio not verified, cross-check Musaffa/Zoya",
SYY,RETAIL,RETAIL/WHLSL-FOOD,,,,,HALAL,"Business activity permissible — debt ratio not verified, cross-check Musaffa/Zoya",
PFGC,RETAIL,RETAIL/WHLSL-FOOD,,,,95.35;94.22;93.74;97.38;95.45;97.09;90.12;91.81;90.27;98.00;98.64;97.86;97.31;96.02;95.83;90.82;87.46;86.69;87.22;86.63;84.61;81.03;83.80;85.09;84.27;84.24;85.97;87.75;89.00;89.59;89.01;91.63;91.85;90.28;87.90;90.56;86.94;92.88;93.12;95.03;96.79;96.14;94.63;93.63;96.60;98.19;96.21;93.93;97.37;100.74;104.07;104.51;103.62;104.39;107.27;112.65;112.54;113.74;111.53;113.36;112.99;113.17;109.32;111.37;,HALAL,"Business activity permissible — debt ratio not verified, cross-check Musaffa/Zoya",
CHEF,RETAIL,RETAIL/WHLSL-FOOD,,,,63.39;64.81;63.68;63.58;62.90;64.27;64.14;66.89;64.15;68.44;69.29;70.02;72.43;72.09;65.82;62.52;62.90;64.01;63.97;64.07;60.83;58.04;59.57;60.46;58.87;58.57;59.22;63.29;64.53;66.19;62.98;65.51;65.56;65.47;64.24;77.60;77.99;80.16;81.71;80.00;81.18;79.75;77.34;76.46;76.83;76.54;77.68;77.54;80.90;85.27;90.75;93.14;95.40;94.18;94.36;95.29;95.36;94.99;96.27;95.79;98.79;102.36;95.58;93.93;,HALAL,"Business activity permissible — debt ratio not verified, cross-check Musaffa/Zoya",
HFFG,RETAIL,RETAIL/WHLSL-FOOD,,,,2.14;2.19;2.15;2.02;1.91;1.77;1.62;1.68;1.56;1.48;1.42;1.49;1.61;2.04;2.01;2.11;2.13;1.87;1.90;2.05;1.83;1.88;1.73;1.77;1.81;2.04;2.01;2.14;2.09;2.11;2.12;2.09;2.04;1.97;1.96;1.93;1.83;1.83;1.89;2.12;1.91;2.02;1.95;2.01;2.03;1.95;1.87;1.84;1.86;1.91;1.90;1.82;1.89;1.83;1.80;1.50;1.59;1.82;1.74;1.64;1.65;1.67;1.61;1.61;,HALAL,"Business activity permissible — debt ratio not verified, cross-check Musaffa/Zoya",
ODP,RETAIL,RETAIL/WHLSL-OFFICE SUPPLIES,,,,,HALAL,"Business activity permissible — debt ratio not verified, cross-check Musaffa/Zoya",
SCSC,RETAIL,RETAIL/WHLSL-OFFICE SUPPLIES,,,,39.41;41.45;41.05;41.45;42.99;43.93;36.36;37.58;34.67;35.72;37.25;37.24;36.19;37.18;36.89;38.09;36.19;36.20;35.95;35.45;34.27;34.63;36.69;36.79;35.88;36.55;36.90;38.16;38.09;38.61;38.58;39.37;40.36;40.43;40.68;41.12;41.27;40.93;45.90;43.50;42.92;42.97;43.10;44.09;45.41;46.27;48.08;47.44;48.15;48.86;50.01;49.27;49.63;49.19;50.53;51.28;52.36;51.39;51.63;53.08;53.89;54.69;54.24;54.82;,HALAL,"Business activity permissible — debt ratio not verified, cross-check Musaffa/Zoya",
ESND,RETAIL,RETAIL/WHLSL-OFFICE SUPPLIES,,,,,HALAL,"Business activity permissible — debt ratio not verified, cross-check Musaffa/Zoya",
ORCL,SOFTWARE,COMPUTER SFTWR-DATABASE,,,,178.67;176.94;181.17;171.60;163.44;153.60;135.53;155.50;156.07;159.03;155.09;147.05;145.13;149.27;148.21;151.31;151.90;148.36;158.06;154.89;151.84;148.64;146.07;141.82;137.84;144.22;144.53;142.66;137.61;162.43;177.72;176.96;186.85;172.68;165.38;160.83;179.66;193.36;195.27;186.18;194.93;185.96;187.51;191.41;190.30;225.00;243.73;235.52;211.09;200.56;183.49;187.68;183.65;164.59;151.93;147.25;142.01;143.26;140.00;140.64;127.94;124.21;121.38;125.84;,HALAL,"Business activity permissible — debt ratio not verified, cross-check Musaffa/Zoya",
MDB,SOFTWARE,COMPUTER SFTWR-DATABASE,,,,384.82;404.64;411.25;411.04;371.33;346.06;326.50;357.77;364.46;368.40;363.07;344.56;312.51;336.61;325.01;248.01;270.47;270.56;260.68;266.95;268.52;261.16;253.76;241.28;235.21;249.36;255.01;250.32;225.95;233.60;251.14;264.11;269.54;253.59;258.20;250.83;264.69;265.26;299.47;308.72;303.09;330.00;329.14;326.13;294.46;335.55;398.46;380.18;352.56;348.28;342.80;348.81;332.75;320.97;294.10;338.18;359.38;357.91;359.40;342.08;344.67;328.60;323.36;304.97;,HALAL,"Business activity permissible — debt ratio not verified, cross-check Musaffa/Zoya",
TDC,SOFTWARE,COMPUTER SFTWR-DATABASE,,,,29.44;29.91;29.70;29.69;28.52;26.03;26.75;28.29;37.88;33.56;32.81;30.91;30.03;30.97;30.41;28.72;28.02;27.89;26.76;26.67;26.69;26.83;26.11;26.23;24.75;25.24;25.93;25.70;24.56;25.72;26.77;27.08;27.48;26.43;25.78;26.35;29.32;30.28;31.59;31.74;33.46;32.77;33.10;33.44;32.22;34.05;36.51;34.88;33.70;33.07;33.00;32.87;30.88;31.16;31.17;34.32;34.46;36.44;35.17;33.74;31.42;30.93;30.60;28.09;,HALAL,"Business activity permissible — debt ratio not verified, cross-check Musaffa/Zoya",
CLDR,SOFTWARE,COMPUTER SFTWR-DATABASE,,,,,HALAL,"Business activity permissible — debt ratio not verified, cross-check Musaffa/Zoya",
SNOW,SOFTWARE,COMPUTER SFTWR-DATABASE,,,,206.21;211.13;211.27;216.00;192.70;173.24;156.71;175.95;178.83;182.29;176.08;172.50;161.06;173.06;170.33;168.26;180.48;175.32;177.25;174.40;173.25;168.02;161.34;162.33;153.67;153.12;149.38;149.99;121.11;135.47;143.55;150.44;155.57;140.32;142.56;136.47;144.21;139.74;152.45;151.98;150.76;164.24;166.97;172.20;175.26;255.55;261.14;244.18;240.45;239.90;232.78;238.32;232.29;230.41;227.06;251.65;261.19;262.09;261.31;261.45;275.94;270.02;274.34;267.80;,HALAL,"Business activity permissible — debt ratio not verified, cross-check Musaffa/Zoya",
ADBE,SOFTWARE,COMPUTER SFTWR-DESIGN,,,,290.37;299.73;304.72;299.58;293.25;271.93;269.39;266.90;257.16;263.97;263.17;258.61;255.17;259.04;260.88;273.12;283.62;275.13;269.78;251.86;246.00;248.15;238.87;240.88;241.13;241.37;244.36;239.31;225.35;235.72;248.16;248.63;255.94;245.44;243.20;246.10;253.96;250.17;253.04;240.83;237.01;255.64;253.37;244.76;238.24;259.21;262.11;258.42;244.99;233.38;204.02;207.32;195.16;197.43;193.41;206.43;210.98;218.07;220.94;223.64;220.78;235.31;234.74;218.36;,HALAL,"Business activity permissible — debt ratio not verified, cross-check Musaffa/Zoya",
ANSS,SOFTWARE,COMPUTER SFTWR-DESIGN,,,,,HALAL,"Business activity permissible — debt ratio not verified, cross-check Musaffa/Zoya",
ADSK,SOFTWARE,COMPUTER SFTWR-DESIGN,,,,253.87;269.77;272.34;268.33;252.87;240.79;238.06;242.53;232.59;231.22;229.74;226.98;220.91;233.45;246.94;257.89;260.99;253.85;249.89;249.78;248.48;247.99;239.39;239.83;235.68;237.87;237.72;240.65;218.45;228.59;243.16;245.31;247.57;237.44;234.85;237.00;247.54;243.08;244.50;234.87;233.86;243.49;243.63;240.99;237.00;231.31;236.66;233.64;225.04;221.28;198.43;201.38;193.82;188.78;189.73;195.24;199.76;207.54;206.04;208.45;205.92;217.06;217.80;203.50;,HALAL,"Business activity permissible — debt ratio not verified, cross-check Musaffa/Zoya",
PTC,SOFTWARE,COMPUTER SFTWR-DESIGN,,,,,HALAL,"Business activity permissible — debt ratio not verified, cross-check Musaffa/Zoya",
CDNS,SOFTWARE,COMPUTER SFTWR-DESIGN,,,,307.00;317.09;322.02;320.49;296.36;268.50;270.14;291.00;299.65;299.46;305.01;296.28;290.63;297.60;303.36;305.43;296.94;293.29;290.32;292.72;289.64;283.90;284.32;280.62;270.88;280.19;279.39;289.50;265.66;292.37;306.96;318.50;331.61;332.89;325.31;329.59;349.51;354.90;362.70;358.04;352.84;345.99;350.89;373.59;374.05;374.93;416.39;411.68;394.24;385.13;384.96;387.85;387.39;379.06;368.23;372.72;377.73;375.77;374.06;384.17;376.80;364.65;329.93;337.01;,HALAL,"Business activity permissible — debt ratio not verified, cross-check Musaffa/Zoya",
SNPS,SOFTWARE,COMPUTER SFTWR-DESIGN,,,,510.97;509.47;503.01;511.35;465.12;419.14;410.44;438.90;438.21;437.09;442.31;439.94;440.72;426.00;424.66;430.98;437.41;432.65;418.72;425.88;428.67;420.32;415.62;401.95;383.14;396.74;397.07;410.16;392.24;418.80;441.15;460.95;477.26;500.82;483.89;482.60;497.50;504.42;516.48;513.21;510.02;498.43;498.93;524.74;525.92;475.62;508.35;494.48;473.48;460.54;453.89;448.38;455.51;461.50;455.02;447.26;454.53;442.27;434.50;445.50;425.90;417.03;378.46;377.61;,HALAL,"Business activity permissible — debt ratio not verified, cross-check Musaffa/Zoya",
U,SOFTWARE,COMPUTER SFTWR-DESIGN,,,,41.54;42.13;43.00;40.16;29.10;25.87;23.21;27.53;21.41;18.68;18.55;18.25;18.29;19.58;18.87;20.38;19.85;20.67;19.43;19.76;19.71;18.39;18.14;17.13;20.54;21.96;21.99;22.24;21.62;23.35;25.93;26.53;25.82;26.01;26.54;26.42;27.72;27.28;28.16;26.84;27.28;26.80;26.23;25.57;27.76;30.47;30.77;30.03;28.80;26.66;27.24;28.06;27.48;27.61;26.71;28.31;30.19;29.65;29.46;30.89;31.75;30.19;29.81;29.27;,HALAL,"Business activity permissible — debt ratio not verified, cross-check Musaffa/Zoya",
PLAN,SOFTWARE,COMPUTER SFTWR-DESIGN,,,,,HALAL,"Business activity permissible — debt ratio not verified, cross-check Musaffa/Zoya",
BSY,SOFTWARE,COMPUTER SFTWR-DESIGN,,,,37.97;39.05;38.44;37.21;34.99;31.67;31.89;34.31;33.79;33.97;34.11;33.71;32.22;36.90;37.99;38.73;39.64;38.89;38.36;37.98;37.05;37.77;37.07;36.13;34.51;34.13;35.02;34.96;31.24;33.16;34.58;35.14;35.15;33.37;32.26;32.56;33.53;32.01;32.69;32.61;31.68;33.24;33.27;33.09;32.00;32.58;34.00;33.06;33.02;32.45;30.67;30.17;29.38;28.42;28.71;29.72;31.28;32.60;31.65;31.67;31.15;33.11;32.35;29.74;,HALAL,"Business activity permissible — debt ratio not verified, cross-check Musaffa/Zoya",
MSFT,SOFTWARE,COMPUTER SFTWR-ENTERPRISE,,,,452.50;449.14;468.20;479.49;428.38;409.39;391.92;411.77;402.58;399.54;397.83;396.37;388.16;400.85;397.69;404.32;408.08;404.88;400.99;399.09;390.94;381.04;371.93;365.18;358.18;368.57;372.07;373.52;370.07;392.26;419.35;417.17;431.98;423.70;428.32;406.90;412.73;413.07;414.22;406.89;408.55;422.62;420.15;418.57;412.67;450.24;441.31;428.05;411.74;397.36;390.74;393.83;379.40;373.94;352.83;368.57;384.28;386.74;383.34;385.10;384.93;401.10;402.29;390.34;,HALAL,"Software/cloud — halal core; financials typically pass — debt ratio not verified, cross-check Musaffa/Zoya",
CRM,SOFTWARE,COMPUTER SFTWR-ENTERPRISE,,,,218.96;226.94;228.24;226.81;211.22;195.39;189.01;193.05;184.06;188.76;186.84;184.22;184.48;198.46;191.97;192.10;201.09;193.92;198.27;197.34;193.36;194.39;182.09;184.70;184.09;185.30;184.09;175.48;164.54;170.87;180.75;185.79;189.31;177.70;180.85;176.08;185.00;180.72;181.35;170.87;167.15;179.02;179.64;179.61;177.05;190.61;200.32;188.26;182.08;170.48;165.89;161.71;151.78;153.42;150.19;157.93;163.23;165.65;166.58;163.32;167.56;172.68;173.79;163.00;,HALAL,"Business activity permissible — debt ratio not verified, cross-check Musaffa/Zoya",
NOW,SOFTWARE,COMPUTER SFTWR-ENTERPRISE,,,,125.40;128.56;136.34;129.62;117.01;109.77;102.63;103.87;100.58;107.08;107.81;104.27;102.49;109.30;109.42;113.86;124.34;116.61;112.97;114.88;113.71;110.38;104.65;103.64;104.97;104.04;102.42;97.47;83.00;87.79;96.44;99.72;103.07;90.17;90.49;88.31;91.97;89.05;91.18;89.00;90.50;103.42;103.30;102.13;102.12;124.37;127.65;119.36;114.19;106.06;102.15;101.33;95.04;95.94;89.52;99.97;105.80;107.93;107.78;107.71;104.85;104.01;104.70;95.46;,HALAL,"Business activity permissible — debt ratio not verified, cross-check Musaffa/Zoya",
WDAY,SOFTWARE,COMPUTER SFTWR-ENTERPRISE,,,,182.99;188.18;190.85;189.12;175.63;161.17;158.76;154.56;144.55;144.42;142.63;137.81;130.23;139.11;134.01;143.04;151.04;142.49;134.14;133.63;132.29;135.96;129.29;127.97;128.77;129.05;129.72;119.17;112.50;117.86;124.87;127.94;126.60;119.76;121.18;122.40;127.89;122.63;127.83;118.62;118.75;128.88;126.61;128.14;124.50;146.19;148.88;147.91;143.76;137.47;130.80;126.77;116.93;115.13;113.77;123.58;130.27;137.99;137.88;138.95;139.81;145.43;147.22;132.42;,HALAL,"Business activity permissible — debt ratio not verified, cross-check Musaffa/Zoya",
SAP,SOFTWARE,COMPUTER SFTWR-ENTERPRISE,,,,223.04;222.48;235.82;232.08;197.60;193.92;194.04;206.81;199.19;201.04;201.69;199.13;193.10;201.18;192.66;192.24;198.79;192.48;187.24;188.36;180.60;172.80;168.08;164.23;165.41;168.43;168.20;166.29;160.31;164.94;174.38;175.88;171.05;172.27;170.53;166.59;168.49;173.13;173.70;167.27;164.18;174.62;179.89;175.95;174.14;181.79;190.82;187.14;181.92;170.30;164.18;165.41;155.22;153.38;148.06;154.90;159.15;160.49;157.42;157.86;154.81;161.64;158.35;148.75;,HALAL,"Business activity permissible — debt ratio not verified, cross-check Musaffa/Zoya",
INTU,SOFTWARE,COMPUTER SFTWR-ENTERPRISE,,,,524.99;543.59;557.57;534.67;495.19;430.84;431.66;434.23;396.70;396.41;386.66;377.70;356.03;391.47;415.93;436.85;477.57;450.56;431.88;448.93;443.45;452.15;429.22;429.32;425.82;422.69;414.24;386.60;349.39;365.18;385.40;403.04;406.88;394.20;398.61;386.79;405.20;386.84;394.56;386.03;376.62;401.38;382.24;318.53;306.37;330.07;320.72;300.65;304.16;282.97;275.51;279.75;265.82;256.91;253.95;265.23;265.90;270.94;270.90;274.96;282.43;294.79;293.82;284.47;,HALAL,"Business activity permissible — debt ratio not verified, cross-check Musaffa/Zoya",
TEAM,SOFTWARE,COMPUTER SFTWR-ENTERPRISE,,,,118.06;128.44;138.44;134.76;118.18;105.00;98.41;91.23;86.97;84.38;83.61;75.98;71.18;79.43;73.80;76.81;83.62;78.01;73.34;76.17;73.47;73.73;68.17;68.13;66.88;69.37;68.09;63.62;57.15;59.71;68.73;71.48;74.01;71.55;69.71;68.59;93.16;88.80;91.60;85.00;80.86;89.43;86.23;85.42;89.07;107.61;109.10;101.50;97.89;91.54;88.52;87.95;82.72;81.35;74.68;79.26;83.17;85.50;85.47;88.86;89.08;92.36;96.43;85.40;,HALAL,"Business activity permissible — debt ratio not verified, cross-check Musaffa/Zoya",
PANW,SOFTWARE,COMPUTER SFTWR-ENTERPRISE,,,,184.06;182.27;184.22;183.74;176.97;166.24;154.77;166.00;165.30;166.95;152.35;148.70;141.67;149.40;150.15;158.56;165.05;165.58;168.12;167.45;168.91;162.95;157.21;156.36;154.35;160.67;161.95;173.78;155.73;161.59;166.97;169.56;181.20;178.54;180.99;179.32;184.56;183.68;207.88;215.60;238.21;247.55;246.66;260.58;248.47;281.69;297.18;279.25;266.33;263.22;279.62;279.90;287.78;290.92;293.09;332.00;352.04;357.53;320.59;325.91;352.89;353.99;348.66;335.28;,HALAL,"Business activity permissible — debt ratio not verified, cross-check Musaffa/Zoya",
PLTR,SOFTWARE,COMPUTER SFTWR-ENTERPRISE,,,,168.53;165.90;167.47;157.35;146.59;157.88;130.01;142.91;135.68;131.41;135.38;135.24;128.84;135.94;145.17;153.19;157.16;151.14;153.50;152.72;152.77;150.68;154.78;147.56;137.55;146.49;147.93;140.76;128.06;135.70;142.76;145.89;152.62;143.09;141.18;139.11;146.03;133.79;137.80;136.00;133.73;135.14;137.15;136.88;132.51;156.54;152.17;141.70;136.47;130.21;127.99;133.25;128.47;116.70;107.27;115.70;125.73;132.54;132.22;126.79;133.72;134.44;134.85;124.57;,HALAL,"Business activity permissible — debt ratio not verified, cross-check Musaffa/Zoya",
DDOG,SOFTWARE,COMPUTER SFTWR-ENTERPRISE,,,,117.00;131.25;136.64;140.56;129.32;119.66;106.73;114.01;127.33;125.20;121.78;115.66;104.43;116.46;111.11;118.33;125.75;123.08;127.16;126.57;131.26;125.08;122.57;124.30;115.81;118.67;116.50;116.50;105.37;110.57;123.47;129.74;132.14;129.48;131.55;132.19;146.69;143.71;200.16;199.94;202.84;208.82;212.24;222.32;221.81;247.35;269.13;243.60;231.68;227.63;229.90;231.11;223.00;220.57;220.94;248.57;264.48;255.37;261.09;257.54;270.73;262.32;263.20;245.77;,HALAL,"Business activity permissible — debt ratio not verified, cross-check Musaffa/Zoya",
MDB,SOFTWARE,COMPUTER SFTWR-ENTERPRISE,,,,384.82;404.64;411.25;411.04;371.33;346.06;326.50;357.77;364.46;368.40;363.07;344.56;312.51;336.61;325.01;248.01;270.47;270.56;260.68;266.95;268.52;261.16;253.76;241.28;235.21;249.36;255.01;250.32;225.95;233.60;251.14;264.11;269.54;253.59;258.20;250.83;264.69;265.26;299.47;308.72;303.09;330.00;329.14;326.13;294.46;335.55;398.46;380.18;352.56;348.28;342.80;348.81;332.75;320.97;294.10;338.18;359.38;357.91;359.40;342.08;344.67;328.60;323.36;304.97;,HALAL,"Business activity permissible — debt ratio not verified, cross-check Musaffa/Zoya",
ZS,SOFTWARE,COMPUTER SFTWR-ENTERPRISE,,,,206.32;208.31;214.55;213.95;200.01;188.05;169.39;170.18;171.00;177.72;172.13;159.75;149.36;167.36;148.58;156.21;164.06;156.61;151.61;153.69;155.99;151.47;139.41;141.50;137.26;136.67;139.52;137.85;118.05;122.68;134.33;134.80;142.66;135.50;136.07;130.68;142.20;138.83;152.13;146.17;153.70;174.69;174.45;182.37;126.41;139.73;144.15;135.26;129.25;124.73;129.52;127.23;124.85;126.17;123.80;137.60;146.45;150.42;143.55;139.27;152.09;146.43;149.82;142.26;,HALAL,"Business activity permissible — debt ratio not verified, cross-check Musaffa/Zoya",
OKTA,SOFTWARE,COMPUTER SFTWR-ENTERPRISE,,,,87.71;91.46;91.29;90.74;84.48;82.31;82.15;88.18;88.18;87.26;82.93;74.29;71.14;75.25;73.97;71.74;80.72;79.61;78.95;77.16;78.43;78.41;76.76;79.38;75.47;79.14;80.56;76.04;62.93;64.09;72.01;75.76;78.70;75.98;76.20;73.65;77.24;77.44;83.90;79.06;81.05;87.04;89.04;92.24;89.50;123.27;135.32;123.48;116.85;114.92;116.29;116.27;117.81;118.16;119.26;131.31;140.46;148.60;146.77;138.63;154.62;147.74;148.41;136.69;,HALAL,"Business activity permissible — debt ratio not verified, cross-check Musaffa/Zoya",
CRWD,SOFTWARE,COMPUTER SFTWR-ENTERPRISE,,,,,HALAL,"Business activity permissible — debt ratio not verified, cross-check Musaffa/Zoya",
GTLB,SOFTWARE,COMPUTER SFTWR-ENTERPRISE,,,,33.04;37.40;38.17;37.22;34.98;32.84;30.61;32.46;30.02;29.55;28.98;26.39;24.93;27.89;26.19;25.05;24.91;23.19;22.82;22.57;22.63;22.25;20.66;21.25;20.80;21.98;22.76;21.34;19.42;20.08;21.83;21.66;22.36;21.51;22.44;22.14;24.59;24.29;25.98;23.08;22.60;25.09;26.70;26.73;26.52;31.05;31.82;30.84;31.08;28.51;27.79;27.81;26.56;27.00;27.49;29.85;31.53;32.85;31.74;32.42;32.98;31.75;34.07;31.35;,HALAL,"Business activity permissible — debt ratio not verified, cross-check Musaffa/Zoya",
S,SOFTWARE,COMPUTER SFTWR-ENTERPRISE,,,,13.57;14.19;14.56;14.93;13.98;13.14;12.93;13.14;13.62;13.87;13.35;12.97;12.76;13.48;13.13;13.49;14.19;14.14;13.78;14.29;14.38;14.17;13.04;13.40;12.61;13.31;13.51;13.50;11.94;12.75;13.93;14.32;14.63;14.24;14.65;14.16;15.60;15.33;16.59;15.74;16.51;17.54;17.97;18.71;17.95;16.55;17.35;16.53;15.75;14.79;14.85;15.03;15.02;15.13;14.96;16.73;17.59;18.15;17.81;17.88;19.92;19.63;19.46;18.22;,HALAL,"Business activity permissible — debt ratio not verified, cross-check Musaffa/Zoya",
SPLK,SOFTWARE,COMPUTER SFTWR-ENTERPRISE,,,,,HALAL,"Business activity permissible — debt ratio not verified, cross-check Musaffa/Zoya",
VEEV,SOFTWARE,COMPUTER SFTWR-ENTERPRISE,,,,216.26;225.28;224.18;217.99;203.92;190.80;183.85;184.61;177.04;174.11;181.25;180.31;175.79;182.86;181.45;188.48;195.49;189.69;180.79;185.28;184.03;184.07;179.11;178.28;175.96;172.74;174.64;166.57;151.43;159.09;167.69;168.84;163.78;161.13;158.49;155.97;170.22;167.35;166.34;159.42;156.25;163.85;164.96;160.17;158.49;174.34;182.94;178.60;167.24;163.76;159.54;163.38;153.30;159.71;158.08;176.22;184.22;192.01;188.17;190.12;193.09;197.37;197.41;184.55;,HALAL,"Business activity permissible — debt ratio not verified, cross-check Musaffa/Zoya",
MNDY,SOFTWARE,COMPUTER SFTWR-ENTERPRISE,,,,126.89;127.68;130.06;126.15;114.75;101.71;94.59;77.63;73.09;72.38;77.00;75.58;75.34;75.60;70.98;76.03;78.70;77.60;73.58;74.40;73.97;73.85;72.37;69.38;67.88;68.10;67.70;65.64;58.81;61.69;66.37;68.41;69.74;67.79;67.25;65.87;77.32;73.97;72.07;71.99;69.73;78.04;79.15;79.06;76.42;83.62;91.51;87.31;83.76;81.70;77.57;75.56;71.53;70.01;67.09;73.60;76.26;82.50;81.02;82.47;81.84;79.03;76.75;73.91;,HALAL,"Business activity permissible — debt ratio not verified, cross-check Musaffa/Zoya",
HUBS,SOFTWARE,COMPUTER SFTWR-ENTERPRISE,,,,304.79;319.50;328.99;317.11;280.00;245.16;223.49;231.08;209.33;243.85;250.14;233.50;232.60;268.52;263.60;278.59;296.56;269.32;257.63;264.56;262.11;258.81;237.94;245.07;237.81;242.79;245.14;217.98;192.26;206.44;222.98;229.88;232.75;223.32;225.97;221.76;247.43;235.16;197.34;179.58;183.46;208.51;203.39;201.97;200.72;220.63;240.16;220.37;208.12;192.79;187.98;182.85;176.03;173.29;170.28;184.47;187.72;193.84;197.82;207.48;209.68;224.57;231.21;204.90;,HALAL,"Business activity permissible — debt ratio not verified, cross-check Musaffa/Zoya",
BILL,SOFTWARE,COMPUTER SFTWR-ENTERPRISE,,,,45.00;46.79;49.35;46.55;43.17;37.06;35.68;50.76;47.02;46.99;44.91;46.20;42.49;43.57;44.19;43.64;45.06;42.27;39.65;39.59;39.98;39.85;38.50;38.15;37.24;38.44;38.49;38.08;34.71;37.00;38.21;39.63;40.04;37.19;37.73;38.00;39.72;37.07;41.83;41.23;39.49;38.52;38.34;36.14;34.70;37.02;38.47;35.96;35.14;32.39;33.18;33.68;32.47;32.29;33.38;35.93;38.78;40.23;39.30;41.36;41.37;44.66;45.18;41.89;,HALAL,"Business activity permissible — debt ratio not verified, cross-check Musaffa/Zoya",
PCTY,SOFTWARE,COMPUTER SFTWR-ENTERPRISE,,,,137.66;147.41;145.52;140.69;134.98;127.26;127.05;112.31;107.68;107.13;109.35;105.66;103.14;112.62;107.80;114.49;120.10;114.55;110.52;110.00;109.72;112.52;108.31;111.03;108.63;105.18;106.80;102.42;95.10;97.92;100.66;103.14;104.13;102.19;102.27;105.49;109.03;102.53;110.98;107.35;103.93;112.97;112.76;113.02;108.93;114.93;117.84;112.66;112.07;111.64;108.84;104.31;101.06;100.89;100.48;105.73;111.33;113.77;115.21;118.50;123.13;126.86;127.29;120.78;,HALAL,"Business activity permissible — debt ratio not verified, cross-check Musaffa/Zoya",
PAYC,SOFTWARE,COMPUTER SFTWR-ENTERPRISE,,,,146.68;151.74;146.65;138.89;134.02;123.65;130.88;128.72;118.07;124.63;123.55;114.09;118.69;129.09;127.60;133.38;137.26;131.55;126.28;123.13;124.15;124.48;118.64;122.70;120.64;120.47;122.64;117.51;113.28;119.51;125.19;132.62;130.08;123.38;124.48;126.42;131.87;126.02;136.50;137.23;133.25;138.80;137.60;137.43;132.28;139.67;144.23;137.08;135.70;136.72;134.52;129.13;124.85;124.28;124.48;127.18;133.96;139.90;138.50;139.08;143.67;150.48;149.71;139.30;,HALAL,"Business activity permissible — debt ratio not verified, cross-check Musaffa/Zoya",
DBX,SOFTWARE,COMPUTER SFTWR-ENTERPRISE,,,,25.49;26.24;26.58;26.23;25.48;25.11;24.44;24.88;24.41;24.53;24.68;25.48;24.28;24.84;24.96;26.17;26.79;26.40;25.91;25.54;25.06;25.02;23.12;22.77;22.56;23.07;23.75;22.70;22.06;22.70;24.10;24.36;24.69;24.02;23.99;24.29;25.08;24.69;28.90;25.81;26.20;27.98;27.56;27.43;25.97;26.88;28.16;27.20;27.30;27.65;27.09;27.30;25.97;26.56;25.08;27.40;28.41;28.51;28.83;29.19;29.97;30.45;30.53;28.69;,HALAL,"Business activity permissible — debt ratio not verified, cross-check Musaffa/Zoya",
BOX,SOFTWARE,COMPUTER SFTWR-ENTERPRISE,,,,25.88;26.64;26.88;26.47;25.35;24.29;24.31;24.52;23.33;23.19;22.78;22.87;22.82;23.90;23.58;26.35;25.65;24.83;24.70;24.35;24.64;24.62;23.60;23.82;23.32;23.67;24.17;23.18;21.37;22.32;23.89;23.94;24.52;24.29;24.50;24.20;25.22;24.24;25.72;24.05;24.06;25.77;25.74;25.90;24.67;26.96;27.66;26.77;26.55;26.48;25.39;25.65;24.84;24.98;24.93;26.57;27.45;28.35;28.88;28.64;30.00;31.41;30.85;28.45;,HALAL,"Business activity permissible — debt ratio not verified, cross-check Musaffa/Zoya",
WDAY,SOFTWARE,COMPUTER SFTWR-ENTERPRISE,,,,182.99;188.18;190.85;189.12;175.63;161.17;158.76;154.56;144.55;144.42;142.63;137.81;130.23;139.11;134.01;143.04;151.04;142.49;134.14;133.63;132.29;135.96;129.29;127.97;128.77;129.05;129.72;119.17;112.50;117.86;124.87;127.94;126.60;119.76;121.18;122.40;127.89;122.63;127.83;118.62;118.75;128.88;126.61;128.14;124.50;146.19;148.88;147.91;143.76;137.47;130.80;126.77;116.93;115.13;113.77;123.58;130.27;137.99;137.88;138.95;139.81;145.43;147.22;132.42;,HALAL,"Business activity permissible — debt ratio not verified, cross-check Musaffa/Zoya",
ASAN,SOFTWARE,COMPUTER SFTWR-ENTERPRISE,,,,10.75;11.16;11.51;11.11;10.25;9.25;8.46;8.22;7.49;7.56;7.61;7.26;7.02;7.35;7.30;7.75;7.96;7.35;6.85;6.79;6.71;6.65;6.24;6.18;6.21;6.33;6.23;6.05;5.46;5.49;5.85;6.29;6.41;6.39;6.33;6.32;7.22;6.83;6.63;6.01;5.81;6.56;6.64;6.62;6.41;7.70;8.68;8.07;7.82;7.58;7.39;7.37;6.92;6.67;6.39;7.00;7.31;7.21;7.08;7.33;7.46;7.64;7.60;6.88;,HALAL,"Business activity permissible — debt ratio not verified, cross-check Musaffa/Zoya",
FROG,SOFTWARE,COMPUTER SFTWR-ENTERPRISE,,,,55.90;56.96;59.63;60.08;54.80;51.80;47.65;51.25;51.99;51.68;47.61;37.75;37.19;41.56;41.58;39.19;40.59;40.91;41.89;43.09;43.87;42.27;42.78;46.91;42.76;48.46;49.31;46.66;43.22;44.36;43.62;45.56;46.81;45.25;45.50;46.44;52.58;53.81;70.55;67.55;65.08;67.91;73.43;73.99;71.38;79.48;88.05;86.16;85.67;80.36;77.74;78.48;82.72;78.71;78.80;90.09;90.39;98.10;92.73;90.74;91.17;86.53;90.43;79.68;,HALAL,"Business activity permissible — debt ratio not verified, cross-check Musaffa/Zoya",
ESTC,SOFTWARE,COMPUTER SFTWR-ENTERPRISE,,,,69.57;71.80;75.16;73.38;65.93;60.02;57.16;61.33;61.85;61.57;61.03;58.12;56.38;61.58;52.92;51.85;53.73;51.85;51.70;53.44;55.76;53.31;49.67;51.31;49.41;49.91;50.56;48.72;43.30;45.39;47.66;48.96;49.23;46.40;47.45;46.43;50.66;49.11;52.25;50.09;49.78;53.91;55.28;54.81;53.90;64.70;67.59;65.09;62.14;60.78;60.35;60.11;58.97;58.98;53.60;56.95;58.45;58.54;60.08;60.24;62.32;62.11;62.74;58.68;,HALAL,"Business activity permissible — debt ratio not verified, cross-check Musaffa/Zoya",
NTNX,SOFTWARE,COMPUTER SFTWR-ENTERPRISE,,,,43.21;42.98;43.37;41.78;39.33;36.86;38.39;41.59;41.43;41.76;41.22;39.84;37.86;39.97;40.29;40.32;39.83;38.63;39.13;40.57;41.47;39.48;39.31;39.45;37.93;38.04;39.52;39.41;34.41;36.83;39.54;40.59;41.46;40.56;41.30;40.89;43.73;43.13;46.00;44.40;45.54;47.45;45.03;47.12;46.57;52.07;55.49;54.97;51.85;49.66;49.31;48.32;46.90;47.89;46.94;51.06;51.20;52.42;53.93;54.79;55.47;55.85;55.11;53.36;,HALAL,"Business activity permissible — debt ratio not verified, cross-check Musaffa/Zoya",
CFLT,SOFTWARE,COMPUTER SFTWR-ENTERPRISE,,,,,HALAL,"Business activity permissible — debt ratio not verified, cross-check Musaffa/Zoya",
RBLX,SOFTWARE,COMPUTER SFTWR-ENTERPRISE,,,,78.84;74.70;74.01;75.27;65.76;65.40;60.57;73.45;68.99;63.17;63.06;62.00;67.09;71.40;67.44;67.40;63.53;58.83;56.30;59.17;58.27;56.96;55.00;53.85;51.91;57.63;57.20;55.43;55.59;58.30;60.44;61.83;59.64;56.09;56.11;55.26;47.57;43.76;41.91;41.54;43.72;46.98;45.79;48.16;45.63;47.15;45.00;43.35;42.30;41.50;43.31;49.34;51.53;47.11;46.39;54.34;57.95;57.03;55.12;55.35;54.47;54.01;53.25;49.64;,QUESTIONABLE,Gaming platform — mixed content,
INTU,SOFTWARE,COMPUTER SFTWR-FINANCIAL,,,,524.99;543.59;557.57;534.67;495.19;430.84;431.66;434.23;396.70;396.41;386.66;377.70;356.03;391.47;415.93;436.85;477.57;450.56;431.88;448.93;443.45;452.15;429.22;429.32;425.82;422.69;414.24;386.60;349.39;365.18;385.40;403.04;406.88;394.20;398.61;386.79;405.20;386.84;394.56;386.03;376.62;401.38;382.24;318.53;306.37;330.07;320.72;300.65;304.16;282.97;275.51;279.75;265.82;256.91;253.95;265.23;265.90;270.94;270.90;274.96;282.43;294.79;293.82;284.47;,HALAL,"Business activity permissible — debt ratio not verified, cross-check Musaffa/Zoya",
ADP,SOFTWARE,COMPUTER SFTWR-FINANCIAL,,,,251.10;255.79;254.13;246.76;242.95;231.40;230.33;223.07;214.16;208.79;213.81;211.11;202.46;214.94;211.60;213.76;222.70;213.97;204.20;207.54;206.71;207.12;203.35;202.97;203.92;199.76;202.80;199.27;187.37;193.61;198.88;200.87;200.17;195.05;197.67;210.34;209.73;205.64;211.40;212.20;206.80;221.26;219.03;223.61;216.01;220.17;229.44;229.57;227.36;229.36;226.21;222.00;218.41;220.50;216.31;224.97;235.73;239.49;241.37;241.92;246.44;256.56;255.24;243.12;,HALAL,"Business activity permissible — debt ratio not verified, cross-check Musaffa/Zoya",
PAYX,SOFTWARE,COMPUTER SFTWR-FINANCIAL,,,,104.96;104.74;103.76;101.15;101.82;95.92;96.92;96.84;93.64;93.18;93.09;90.08;87.36;93.28;93.05;94.57;99.57;93.91;90.51;91.92;89.49;91.37;89.46;92.40;91.94;89.76;90.68;88.75;84.48;87.72;90.96;91.91;92.24;88.68;89.83;91.45;91.31;90.22;92.74;92.52;88.83;94.49;94.92;97.00;94.43;96.98;100.79;99.48;98.92;101.10;100.63;100.28;98.24;97.99;96.72;99.81;102.71;105.39;106.58;107.54;109.52;114.70;115.20;110.74;,HALAL,"Business activity permissible — debt ratio not verified, cross-check Musaffa/Zoya",
PCTY,SOFTWARE,COMPUTER SFTWR-FINANCIAL,,,,137.66;147.41;145.52;140.69;134.98;127.26;127.05;112.31;107.68;107.13;109.35;105.66;103.14;112.62;107.80;114.49;120.10;114.55;110.52;110.00;109.72;112.52;108.31;111.03;108.63;105.18;106.80;102.42;95.10;97.92;100.66;103.14;104.13;102.19;102.27;105.49;109.03;102.53;110.98;107.35;103.93;112.97;112.76;113.02;108.93;114.93;117.84;112.66;112.07;111.64;108.84;104.31;101.06;100.89;100.48;105.73;111.33;113.77;115.21;118.50;123.13;126.86;127.29;120.78;,HALAL,"Business activity permissible — debt ratio not verified, cross-check Musaffa/Zoya",
PAYC,SOFTWARE,COMPUTER SFTWR-FINANCIAL,,,,146.68;151.74;146.65;138.89;134.02;123.65;130.88;128.72;118.07;124.63;123.55;114.09;118.69;129.09;127.60;133.38;137.26;131.55;126.28;123.13;124.15;124.48;118.64;122.70;120.64;120.47;122.64;117.51;113.28;119.51;125.19;132.62;130.08;123.38;124.48;126.42;131.87;126.02;136.50;137.23;133.25;138.80;137.60;137.43;132.28;139.67;144.23;137.08;135.70;136.72;134.52;129.13;124.85;124.28;124.48;127.18;133.96;139.90;138.50;139.08;143.67;150.48;149.71;139.30;,HALAL,"Business activity permissible — debt ratio not verified, cross-check Musaffa/Zoya",
WK,SOFTWARE,COMPUTER SFTWR-FINANCIAL,,,,83.96;81.69;82.94;81.29;77.02;72.00;68.99;68.74;64.95;61.93;58.14;61.43;57.70;61.69;61.28;61.83;64.90;62.19;61.36;61.20;61.68;60.74;59.46;59.43;58.70;59.71;59.77;57.20;52.36;55.12;57.49;56.92;56.02;53.15;54.19;53.48;56.58;51.53;51.29;46.85;45.39;49.81;48.56;50.31;47.51;49.78;51.94;49.05;48.30;49.30;48.93;48.95;47.37;46.98;46.31;48.83;50.79;51.54;51.97;52.17;53.69;56.97;57.19;52.05;,HALAL,"Business activity permissible — debt ratio not verified, cross-check Musaffa/Zoya",
BILL,SOFTWARE,COMPUTER SFTWR-FINANCIAL,,,,45.00;46.79;49.35;46.55;43.17;37.06;35.68;50.76;47.02;46.99;44.91;46.20;42.49;43.57;44.19;43.64;45.06;42.27;39.65;39.59;39.98;39.85;38.50;38.15;37.24;38.44;38.49;38.08;34.71;37.00;38.21;39.63;40.04;37.19;37.73;38.00;39.72;37.07;41.83;41.23;39.49;38.52;38.34;36.14;34.70;37.02;38.47;35.96;35.14;32.39;33.18;33.68;32.47;32.29;33.38;35.93;38.78;40.23;39.30;41.36;41.37;44.66;45.18;41.89;,HALAL,"Business activity permissible — debt ratio not verified, cross-check Musaffa/Zoya",
SSNC,SOFTWARE,COMPUTER SFTWR-FINANCIAL,,,,83.60;85.18;85.07;84.08;81.27;72.93;74.41;75.85;72.36;71.54;72.19;70.84;69.84;74.97;74.89;74.90;75.49;73.38;71.23;71.30;71.23;71.09;67.43;66.89;66.38;67.38;68.39;70.07;66.99;69.72;71.01;71.01;70.40;67.02;68.82;69.02;68.95;69.24;68.49;66.44;64.61;66.95;66.93;66.77;65.48;67.25;68.22;69.40;68.20;68.25;67.68;68.18;65.42;66.18;63.02;62.94;63.91;65.32;65.42;66.62;66.79;70.57;69.51;67.02;,HALAL,"Business activity permissible — debt ratio not verified, cross-check Musaffa/Zoya",
JKHY,SOFTWARE,COMPUTER SFTWR-FINANCIAL,,,,185.34;187.18;181.46;178.36;177.76;164.82;175.53;170.17;164.31;155.42;157.48;157.90;154.92;159.78;162.87;167.07;171.06;170.25;165.60;166.60;164.41;164.64;158.16;156.50;155.73;154.93;157.39;157.27;146.54;150.74;153.46;153.18;155.18;150.47;152.12;153.06;151.84;142.24;145.19;144.08;133.43;138.49;139.19;139.56;135.65;135.71;136.03;130.73;126.37;127.59;128.23;129.29;126.23;125.25;128.71;136.73;142.42;146.38;147.37;150.32;145.37;153.84;153.16;146.16;,HALAL,"Business activity permissible — debt ratio not verified, cross-check Musaffa/Zoya",
EEFT,SOFTWARE,COMPUTER SFTWR-FINANCIAL,,,,71.97;74.42;74.03;72.32;72.46;67.72;71.84;72.79;70.19;67.96;71.16;72.50;68.87;70.93;71.68;74.33;73.33;72.01;72.46;70.79;67.68;66.53;67.70;68.53;65.98;66.01;66.28;68.16;68.53;71.15;74.24;75.22;79.38;74.23;75.72;72.38;72.48;69.67;68.83;69.98;67.63;69.01;67.78;66.20;69.27;72.48;71.66;70.86;66.09;64.01;66.66;67.55;65.84;64.41;67.06;72.35;75.22;77.96;75.96;77.29;77.22;81.56;81.35;78.12;,HALAL,"Business activity permissible — debt ratio not verified, cross-check Musaffa/Zoya",
EA,SOFTWARE,COMPUTER SFTWR-GAMING,,,,203.61;203.99;204.01;203.55;203.53;201.01;197.56;200.49;201.86;200.24;199.85;200.02;200.62;200.88;200.87;201.54;197.81;199.88;198.89;200.02;200.42;200.32;201.43;201.72;202.38;203.39;203.97;203.80;202.55;202.66;203.18;203.17;202.59;202.48;202.34;202.18;201.63;200.60;200.25;200.00;200.59;200.86;201.40;200.78;200.68;201.72;202.01;203.40;203.20;203.20;203.27;203.02;202.15;203.52;204.73;205.05;205.45;205.21;204.89;206.41;206.65;207.84;209.29;208.95;,QUESTIONABLE,Group classification: COMPUTER SFTWR-GAMING,
TTWO,SOFTWARE,COMPUTER SFTWR-GAMING,,,,240.61;241.10;245.63;243.18;220.30;212.17;193.24;205.03;203.89;193.67;199.13;199.72;204.19;213.29;213.88;215.77;211.50;209.08;209.20;207.69;204.22;200.63;191.37;194.72;193.08;198.20;196.69;202.13;197.07;205.10;213.93;216.85;218.19;210.75;213.01;213.76;225.18;222.00;220.45;225.99;242.41;242.16;236.62;227.55;218.46;224.16;222.38;216.65;212.55;210.46;211.75;229.97;239.28;242.64;238.72;247.15;250.32;258.41;251.38;243.20;237.04;239.57;238.98;233.58;,QUESTIONABLE,Group classification: COMPUTER SFTWR-GAMING,
ATVI,SOFTWARE,COMPUTER SFTWR-GAMING,,,,,QUESTIONABLE,Group classification: COMPUTER SFTWR-GAMING,
RBLX,SOFTWARE,COMPUTER SFTWR-GAMING,,,,78.84;74.70;74.01;75.27;65.76;65.40;60.57;73.45;68.99;63.17;63.06;62.00;67.09;71.40;67.44;67.40;63.53;58.83;56.30;59.17;58.27;56.96;55.00;53.85;51.91;57.63;57.20;55.43;55.59;58.30;60.44;61.83;59.64;56.09;56.11;55.26;47.57;43.76;41.91;41.54;43.72;46.98;45.79;48.16;45.63;47.15;45.00;43.35;42.30;41.50;43.31;49.34;51.53;47.11;46.39;54.34;57.95;57.03;55.12;55.35;54.47;54.01;53.25;49.64;,QUESTIONABLE,Gaming platform — mixed content,
U,SOFTWARE,COMPUTER SFTWR-GAMING,,,,41.54;42.13;43.00;40.16;29.10;25.87;23.21;27.53;21.41;18.68;18.55;18.25;18.29;19.58;18.87;20.38;19.85;20.67;19.43;19.76;19.71;18.39;18.14;17.13;20.54;21.96;21.99;22.24;21.62;23.35;25.93;26.53;25.82;26.01;26.54;26.42;27.72;27.28;28.16;26.84;27.28;26.80;26.23;25.57;27.76;30.47;30.77;30.03;28.80;26.66;27.24;28.06;27.48;27.61;26.71;28.31;30.19;29.65;29.46;30.89;31.75;30.19;29.81;29.27;,QUESTIONABLE,Group classification: COMPUTER SFTWR-GAMING,
SCPL,SOFTWARE,COMPUTER SFTWR-GAMING,,,,,QUESTIONABLE,Group classification: COMPUTER SFTWR-GAMING,
GLUU,SOFTWARE,COMPUTER SFTWR-GAMING,,,,,QUESTIONABLE,Group classification: COMPUTER SFTWR-GAMING,
ZNGA,SOFTWARE,COMPUTER SFTWR-GAMING,,,,,QUESTIONABLE,Group classification: COMPUTER SFTWR-GAMING,
VEEV,SOFTWARE,COMPUTER SFTWR-HEALTHCARE,,,,216.26;225.28;224.18;217.99;203.92;190.80;183.85;184.61;177.04;174.11;181.25;180.31;175.79;182.86;181.45;188.48;195.49;189.69;180.79;185.28;184.03;184.07;179.11;178.28;175.96;172.74;174.64;166.57;151.43;159.09;167.69;168.84;163.78;161.13;158.49;155.97;170.22;167.35;166.34;159.42;156.25;163.85;164.96;160.17;158.49;174.34;182.94;178.60;167.24;163.76;159.54;163.38;153.30;159.71;158.08;176.22;184.22;192.01;188.17;190.12;193.09;197.37;197.41;184.55;,HALAL,"Business activity permissible — debt ratio not verified, cross-check Musaffa/Zoya",
DOCS,SOFTWARE,COMPUTER SFTWR-HEALTHCARE,,,,41.10;40.80;40.40;38.73;37.47;34.85;33.32;27.50;25.96;25.02;25.45;25.55;24.07;25.10;25.70;26.44;25.34;24.78;24.28;24.59;24.79;24.41;24.34;24.31;23.73;22.93;23.06;21.86;21.05;22.25;24.25;24.39;24.26;24.01;24.57;24.44;24.89;25.69;25.98;26.45;18.01;19.58;19.86;19.94;20.26;21.40;21.51;20.70;20.30;20.24;20.04;20.89;20.46;20.48;19.85;20.59;21.59;22.86;21.69;21.77;21.80;22.21;21.73;20.49;,HALAL,"Business activity permissible — debt ratio not verified, cross-check Musaffa/Zoya",
TDOC,SOFTWARE,COMPUTER SFTWR-HEALTHCARE,,,,6.07;6.35;6.29;5.74;5.45;5.11;4.73;4.98;4.68;4.65;4.66;4.74;4.54;5.35;5.16;5.13;5.08;5.57;5.36;5.39;5.42;5.35;5.42;5.52;5.14;5.28;5.32;5.27;5.10;5.24;5.82;6.10;5.92;5.75;6.00;6.06;6.63;6.80;7.25;6.77;6.61;6.35;6.48;6.57;6.59;7.61;7.54;7.31;7.08;7.03;7.34;7.57;8.07;7.69;7.91;8.69;9.10;9.29;9.07;9.28;9.27;9.47;9.65;8.92;,HALAL,"Business activity permissible — debt ratio not verified, cross-check Musaffa/Zoya",
OMCL,SOFTWARE,COMPUTER SFTWR-HEALTHCARE,,,,49.06;51.32;50.32;49.04;48.50;46.04;39.08;36.50;37.82;36.50;38.61;40.26;40.15;41.93;41.25;41.53;41.30;38.99;35.10;34.29;34.03;33.09;34.46;35.20;32.35;33.94;34.11;35.57;34.40;36.33;37.60;37.80;36.65;37.37;45.51;41.42;43.44;43.76;43.82;43.70;43.80;43.22;44.72;44.41;43.12;44.14;41.91;43.60;41.95;38.18;37.83;39.90;39.05;38.41;39.53;40.92;41.93;45.24;45.12;44.92;45.94;47.00;45.22;40.86;,HALAL,"Business activity permissible — debt ratio not verified, cross-check Musaffa/Zoya",
HSTM,SOFTWARE,COMPUTER SFTWR-HEALTHCARE,,,,21.24;21.40;21.74;21.67;22.22;20.83;20.24;19.93;20.10;20.25;19.94;20.29;22.02;21.26;21.30;21.98;22.18;21.45;20.30;20.94;20.58;20.31;20.94;21.22;21.06;20.37;20.37;20.30;19.85;20.31;21.33;21.31;21.46;21.28;21.61;20.73;21.22;23.11;23.92;23.32;22.75;23.76;23.92;23.81;24.25;24.97;25.22;25.29;25.65;26.32;26.13;25.78;25.64;25.66;25.70;27.13;28.28;29.07;28.18;28.08;28.42;28.94;28.33;26.89;,HALAL,"Business activity permissible — debt ratio not verified, cross-check Musaffa/Zoya",
HQY,SOFTWARE,COMPUTER SFTWR-HEALTHCARE,,,,84.00;86.42;85.33;82.85;85.67;82.12;79.22;79.28;76.92;73.88;77.11;78.89;75.89;77.39;77.93;81.15;78.36;78.50;76.79;78.67;79.57;81.02;82.10;83.85;81.48;83.38;83.44;81.95;77.96;81.36;84.53;86.33;82.88;82.45;81.18;82.03;82.18;83.25;84.84;80.46;82.32;83.04;87.55;88.11;86.56;87.99;88.34;86.03;87.84;89.72;88.34;85.66;85.21;84.92;83.43;87.81;92.29;96.57;94.73;94.40;94.50;98.69;98.88;95.95;,HALAL,"Business activity permissible — debt ratio not verified, cross-check Musaffa/Zoya",
PRGS,SOFTWARE,COMPUTER SFTWR-HEALTHCARE,,,,38.60;42.75;42.89;41.41;40.92;40.05;41.41;42.89;40.95;36.53;35.81;40.33;40.97;42.09;38.56;38.70;39.49;37.45;35.69;33.61;32.06;31.29;28.76;29.17;28.27;25.09;28.40;28.75;26.65;28.18;29.82;31.32;30.37;27.23;27.77;27.85;29.33;28.18;29.87;27.17;26.80;29.19;29.21;29.78;29.74;32.83;34.05;31.55;31.16;31.82;31.47;31.38;29.68;28.84;29.81;33.84;39.16;38.74;37.76;37.86;37.48;40.35;39.50;37.91;,HALAL,"Business activity permissible — debt ratio not verified, cross-check Musaffa/Zoya",
CRWD,SOFTWARE,COMPUTER SFTWR-SECURITY,,,,,HALAL,"Business activity permissible — debt ratio not verified, cross-check Musaffa/Zoya",
PANW,SOFTWARE,COMPUTER SFTWR-SECURITY,,,,184.06;182.27;184.22;183.74;176.97;166.24;154.77;166.00;165.30;166.95;152.35;148.70;141.67;149.40;150.15;158.56;165.05;165.58;168.12;167.45;168.91;162.95;157.21;156.36;154.35;160.67;161.95;173.78;155.73;161.59;166.97;169.56;181.20;178.54;180.99;179.32;184.56;183.68;207.88;215.60;238.21;247.55;246.66;260.58;248.47;281.69;297.18;279.25;266.33;263.22;279.62;279.90;287.78;290.92;293.09;332.00;352.04;357.53;320.59;325.91;352.89;353.99;348.66;335.28;,HALAL,"Business activity permissible — debt ratio not verified, cross-check Musaffa/Zoya",
ZS,SOFTWARE,COMPUTER SFTWR-SECURITY,,,,206.32;208.31;214.55;213.95;200.01;188.05;169.39;170.18;171.00;177.72;172.13;159.75;149.36;167.36;148.58;156.21;164.06;156.61;151.61;153.69;155.99;151.47;139.41;141.50;137.26;136.67;139.52;137.85;118.05;122.68;134.33;134.80;142.66;135.50;136.07;130.68;142.20;138.83;152.13;146.17;153.70;174.69;174.45;182.37;126.41;139.73;144.15;135.26;129.25;124.73;129.52;127.23;124.85;126.17;123.80;137.60;146.45;150.42;143.55;139.27;152.09;146.43;149.82;142.26;,HALAL,"Business activity permissible — debt ratio not verified, cross-check Musaffa/Zoya",
FTNT,SOFTWARE,COMPUTER SFTWR-SECURITY,,,,75.46;77.62;83.07;82.08;81.26;79.30;78.93;85.93;87.82;85.56;80.69;80.00;75.23;79.20;79.18;82.79;83.67;84.20;84.40;84.49;83.39;81.40;79.34;81.03;79.05;81.15;82.29;83.51;76.70;78.70;82.40;82.60;87.09;84.34;85.72;84.31;89.24;89.95;114.07;113.87;121.86;126.50;130.00;133.93;127.93;137.97;148.86;149.67;143.04;138.88;146.30;147.02;144.73;148.00;149.93;155.42;158.98;162.35;156.71;157.51;166.83;160.78;160.36;155.05;,HALAL,"Business activity permissible — debt ratio not verified, cross-check Musaffa/Zoya",
S,SOFTWARE,COMPUTER SFTWR-SECURITY,,,,13.57;14.19;14.56;14.93;13.98;13.14;12.93;13.14;13.62;13.87;13.35;12.97;12.76;13.48;13.13;13.49;14.19;14.14;13.78;14.29;14.38;14.17;13.04;13.40;12.61;13.31;13.51;13.50;11.94;12.75;13.93;14.32;14.63;14.24;14.65;14.16;15.60;15.33;16.59;15.74;16.51;17.54;17.97;18.71;17.95;16.55;17.35;16.53;15.75;14.79;14.85;15.03;15.02;15.13;14.96;16.73;17.59;18.15;17.81;17.88;19.92;19.63;19.46;18.22;,HALAL,"Business activity permissible — debt ratio not verified, cross-check Musaffa/Zoya",
OKTA,SOFTWARE,COMPUTER SFTWR-SECURITY,,,,87.71;91.46;91.29;90.74;84.48;82.31;82.15;88.18;88.18;87.26;82.93;74.29;71.14;75.25;73.97;71.74;80.72;79.61;78.95;77.16;78.43;78.41;76.76;79.38;75.47;79.14;80.56;76.04;62.93;64.09;72.01;75.76;78.70;75.98;76.20;73.65;77.24;77.44;83.90;79.06;81.05;87.04;89.04;92.24;89.50;123.27;135.32;123.48;116.85;114.92;116.29;116.27;117.81;118.16;119.26;131.31;140.46;148.60;146.77;138.63;154.62;147.74;148.41;136.69;,HALAL,"Business activity permissible — debt ratio not verified, cross-check Musaffa/Zoya",
RPD,SOFTWARE,COMPUTER SFTWR-SECURITY,,,,,HALAL,"Business activity permissible — debt ratio not verified, cross-check Musaffa/Zoya",
QLYS,SOFTWARE,COMPUTER SFTWR-SECURITY,,,,132.02;130.97;132.18;132.69;131.90;127.52;127.81;109.15;110.28;104.91;104.39;92.66;86.83;93.68;94.59;98.08;98.66;95.38;96.99;94.99;96.64;96.44;92.29;91.11;87.92;86.21;90.32;87.36;76.20;83.22;84.09;82.00;88.71;84.34;85.70;86.93;92.49;90.84;94.28;90.12;86.73;97.98;100.55;102.37;98.32;109.29;113.42;111.53;110.31;110.20;111.24;113.67;111.30;112.33;116.19;128.32;143.44;158.26;153.54;152.69;164.12;157.56;156.37;140.23;,HALAL,"Business activity permissible — debt ratio not verified, cross-check Musaffa/Zoya",
TENB,SOFTWARE,COMPUTER SFTWR-SECURITY,,,,21.86;22.73;23.11;22.47;22.06;20.05;19.76;21.87;22.55;22.55;21.99;19.91;18.29;19.38;19.64;20.39;21.04;20.69;20.29;20.10;20.34;19.84;18.94;18.29;17.06;17.05;18.46;17.93;16.04;17.87;19.03;19.52;20.57;20.02;20.44;20.89;20.83;21.16;21.83;21.01;20.45;23.12;25.50;25.45;24.45;28.23;30.90;29.29;27.56;26.80;26.80;26.92;26.87;27.26;27.44;33.49;37.90;41.29;39.53;39.78;42.65;39.77;37.76;32.83;,HALAL,"Business activity permissible — debt ratio not verified, cross-check Musaffa/Zoya",
CYBR,SOFTWARE,COMPUTER SFTWR-SECURITY,,,,,HALAL,"Business activity permissible — debt ratio not verified, cross-check Musaffa/Zoya",
VRNS,SOFTWARE,COMPUTER SFTWR-SECURITY,,,,32.58;34.79;35.63;33.41;29.84;26.53;22.21;25.61;26.29;25.36;25.70;23.69;21.71;23.09;23.08;23.49;24.39;23.95;24.18;24.12;24.48;23.72;22.01;21.83;21.17;21.74;23.68;22.81;20.19;21.76;23.90;24.41;25.13;24.53;25.44;26.30;27.41;27.61;28.53;27.84;27.22;28.78;31.10;31.00;30.24;34.15;35.88;33.25;33.04;32.90;33.34;33.86;33.38;35.03;38.56;40.21;41.89;45.67;45.07;44.53;48.19;47.00;47.45;45.33;,HALAL,"Business activity permissible — debt ratio not verified, cross-check Musaffa/Zoya",
RBRK,SOFTWARE,COMPUTER SFTWR-SECURITY,,,,64.88;65.10;68.32;63.19;55.95;52.15;48.34;54.06;55.12;54.55;54.39;50.20;51.04;54.33;53.69;54.87;57.17;55.95;54.02;51.67;52.09;49.28;48.07;47.59;45.58;48.59;50.90;51.63;43.81;48.03;51.94;53.60;55.24;52.28;54.58;53.18;57.93;57.78;62.34;60.47;62.80;64.98;66.89;66.59;65.81;78.63;82.33;77.00;71.73;71.32;68.19;69.18;70.22;74.24;71.02;76.52;82.01;87.36;84.40;84.38;88.05;79.82;78.18;73.69;,HALAL,"Business activity permissible — debt ratio not verified, cross-check Musaffa/Zoya",
NET,SOFTWARE,COMPUTER SFTWR-SECURITY,,,,177.42;173.30;189.35;184.88;177.35;170.31;163.05;173.75;189.41;195.85;191.44;177.14;163.81;174.66;181.02;185.89;195.19;207.49;212.11;207.33;225.48;215.42;213.15;210.13;194.63;205.43;211.78;211.25;166.99;178.65;197.38;204.81;207.56;207.07;208.50;204.97;224.17;248.59;196.13;186.79;199.81;201.75;210.13;216.17;209.22;241.82;272.66;268.64;247.79;219.67;228.48;230.97;224.06;224.94;226.65;243.76;246.31;247.55;273.40;268.40;281.75;272.46;272.42;268.98;,HALAL,"Business activity permissible — debt ratio not verified, cross-check Musaffa/Zoya",
DDOG,SOFTWARE,COMPUTER SFTWR-SECURITY,,,,117.00;131.25;136.64;140.56;129.32;119.66;106.73;114.01;127.33;125.20;121.78;115.66;104.43;116.46;111.11;118.33;125.75;123.08;127.16;126.57;131.26;125.08;122.57;124.30;115.81;118.67;116.50;116.50;105.37;110.57;123.47;129.74;132.14;129.48;131.55;132.19;146.69;143.71;200.16;199.94;202.84;208.82;212.24;222.32;221.81;247.35;269.13;243.60;231.68;227.63;229.90;231.11;223.00;220.57;220.94;248.57;264.48;255.37;261.09;257.54;270.73;262.32;263.20;245.77;,HALAL,"Business activity permissible — debt ratio not verified, cross-check Musaffa/Zoya",
ADBE,SOFTWARE,COMPUTER SFTWR-SPECIALTY,,,,290.37;299.73;304.72;299.58;293.25;271.93;269.39;266.90;257.16;263.97;263.17;258.61;255.17;259.04;260.88;273.12;283.62;275.13;269.78;251.86;246.00;248.15;238.87;240.88;241.13;241.37;244.36;239.31;225.35;235.72;248.16;248.63;255.94;245.44;243.20;246.10;253.96;250.17;253.04;240.83;237.01;255.64;253.37;244.76;238.24;259.21;262.11;258.42;244.99;233.38;204.02;207.32;195.16;197.43;193.41;206.43;210.98;218.07;220.94;223.64;220.78;235.31;234.74;218.36;,HALAL,"Business activity permissible — debt ratio not verified, cross-check Musaffa/Zoya",
INTU,SOFTWARE,COMPUTER SFTWR-SPECIALTY,,,,524.99;543.59;557.57;534.67;495.19;430.84;431.66;434.23;396.70;396.41;386.66;377.70;356.03;391.47;415.93;436.85;477.57;450.56;431.88;448.93;443.45;452.15;429.22;429.32;425.82;422.69;414.24;386.60;349.39;365.18;385.40;403.04;406.88;394.20;398.61;386.79;405.20;386.84;394.56;386.03;376.62;401.38;382.24;318.53;306.37;330.07;320.72;300.65;304.16;282.97;275.51;279.75;265.82;256.91;253.95;265.23;265.90;270.94;270.90;274.96;282.43;294.79;293.82;284.47;,HALAL,"Business activity permissible — debt ratio not verified, cross-check Musaffa/Zoya",
VEEV,SOFTWARE,COMPUTER SFTWR-SPECIALTY,,,,216.26;225.28;224.18;217.99;203.92;190.80;183.85;184.61;177.04;174.11;181.25;180.31;175.79;182.86;181.45;188.48;195.49;189.69;180.79;185.28;184.03;184.07;179.11;178.28;175.96;172.74;174.64;166.57;151.43;159.09;167.69;168.84;163.78;161.13;158.49;155.97;170.22;167.35;166.34;159.42;156.25;163.85;164.96;160.17;158.49;174.34;182.94;178.60;167.24;163.76;159.54;163.38;153.30;159.71;158.08;176.22;184.22;192.01;188.17;190.12;193.09;197.37;197.41;184.55;,HALAL,"Business activity permissible — debt ratio not verified, cross-check Musaffa/Zoya",
TYL,SOFTWARE,COMPUTER SFTWR-SPECIALTY,,,,428.47;440.58;439.82;419.12;369.40;332.05;340.86;355.24;339.25;303.94;317.24;317.01;323.78;353.11;354.62;368.16;374.59;354.24;345.52;348.63;343.95;350.20;338.27;341.07;341.15;333.49;337.20;327.88;317.30;322.31;339.84;345.93;346.38;342.03;340.46;341.14;327.25;320.65;324.58;309.65;299.08;320.79;317.26;313.25;302.55;313.15;313.56;308.15;303.77;302.81;298.84;298.27;278.91;279.14;281.09;290.75;301.67;319.01;314.29;309.48;301.29;316.23;317.96;284.32;,HALAL,"Business activity permissible — debt ratio not verified, cross-check Musaffa/Zoya",
GWRE,SOFTWARE,COMPUTER SFTWR-SPECIALTY,,,,155.45;156.85;161.89;162.69;140.76;129.65;125.99;125.80;130.41;127.03;128.84;127.66;128.14;144.08;149.01;153.79;168.87;158.93;157.63;161.74;159.27;155.61;150.73;151.34;144.90;148.58;147.83;136.87;117.95;125.09;139.11;143.00;142.99;139.56;138.67;138.39;143.57;131.09;138.45;131.38;123.65;137.09;139.80;140.26;133.27;152.67;162.74;151.17;127.19;116.59;122.56;117.46;107.86;109.63;110.10;120.87;127.65;137.59;135.74;136.13;140.71;148.91;149.19;133.97;,HALAL,"Business activity permissible — debt ratio not verified, cross-check Musaffa/Zoya",
ALRM,SOFTWARE,COMPUTER SFTWR-SPECIALTY,,,,49.27;50.50;49.82;48.72;48.78;45.60;46.43;47.22;46.44;46.38;45.21;45.59;45.47;48.69;47.48;50.12;49.92;48.90;46.90;46.13;46.06;44.37;43.53;43.21;42.34;43.30;44.19;44.69;42.65;43.86;45.60;46.23;46.27;44.73;45.04;44.41;47.23;45.44;47.60;42.13;42.35;43.83;44.04;43.80;43.90;45.11;45.98;44.99;44.89;46.15;46.65;45.98;44.38;43.08;44.07;46.30;48.50;49.87;50.99;51.50;52.23;54.10;52.95;50.54;,HALAL,"Business activity permissible — debt ratio not verified, cross-check Musaffa/Zoya",
NICE,SOFTWARE,COMPUTER SFTWR-SPECIALTY,,,,112.08;112.21;116.10;111.14;106.41;108.98;110.48;111.37;110.97;103.55;98.50;117.69;114.23;115.90;116.38;126.86;127.52;122.59;118.36;117.84;117.46;118.36;109.98;109.41;108.77;110.11;113.37;108.86;97.00;101.19;105.04;105.53;105.60;100.35;102.05;102.02;124.19;96.85;92.73;86.70;87.94;92.41;93.77;94.46;91.15;92.66;97.05;93.61;91.35;88.36;88.71;87.23;84.68;87.07;87.60;91.80;94.83;97.17;96.80;99.74;102.28;100.93;101.34;88.52;,HALAL,"Business activity permissible — debt ratio not verified, cross-check Musaffa/Zoya",
EVBG,SOFTWARE,COMPUTER SFTWR-SPECIALTY,,,,,HALAL,"Business activity permissible — debt ratio not verified, cross-check Musaffa/Zoya",
BL,SOFTWARE,COMPUTER SFTWR-SPECIALTY,,,,51.51;53.06;54.53;51.82;46.47;44.43;41.71;43.02;41.90;38.61;37.13;36.15;32.52;35.05;36.01;37.04;37.37;36.16;35.54;35.58;38.59;39.11;37.46;37.56;36.49;36.47;36.15;33.24;30.29;31.03;32.71;31.80;31.73;30.64;31.68;31.25;33.43;29.55;30.63;26.21;26.84;29.81;30.84;28.90;26.84;29.40;30.48;28.71;28.20;27.63;28.73;28.10;26.77;26.52;26.50;28.00;29.45;29.10;28.55;29.13;29.11;30.28;30.20;27.87;,HALAL,"Business activity permissible — debt ratio not verified, cross-check Musaffa/Zoya",
MIME,SOFTWARE,COMPUTER SFTWR-SPECIALTY,,,,,HALAL,"Business activity permissible — debt ratio not verified, cross-check Musaffa/Zoya",
CSCO,TELECOM,TELECOM-CABLE/SATELLITE EQUIP,,,,72.68;73.65;76.31;78.24;77.61;82.35;81.61;85.99;84.76;76.15;77.47;78.48;77.43;77.39;78.70;80.13;77.92;76.99;77.03;78.18;76.89;76.94;80.12;81.41;76.34;77.22;80.14;83.39;81.91;82.30;84.19;87.38;89.47;88.68;86.54;91.16;92.28;91.30;96.21;98.92;115.10;118.44;113.92;119.96;119.22;119.97;127.52;129.52;123.69;118.36;120.65;119.12;119.09;120.70;118.53;117.26;116.57;113.98;113.82;121.31;117.09;109.66;110.70;112.21;,HALAL,"Business activity permissible — debt ratio not verified, cross-check Musaffa/Zoya",
ANET,TELECOM,TELECOM-CABLE/SATELLITE EQUIP,,,,127.52;138.41;143.72;150.15;141.74;139.39;128.67;141.74;140.66;141.59;139.54;132.79;128.77;130.25;129.30;134.83;132.89;139.62;134.03;135.35;136.07;131.22;130.80;122.55;116.13;124.85;126.25;145.07;147.35;154.37;161.01;166.85;177.73;176.91;165.29;172.71;172.62;147.06;141.77;142.54;147.81;141.71;140.49;154.03;154.31;159.47;175.33;166.01;156.40;151.76;163.24;168.01;169.67;162.20;165.45;164.10;166.62;173.28;181.05;186.96;182.57;168.56;169.35;174.87;,HALAL,"Business activity permissible — debt ratio not verified, cross-check Musaffa/Zoya",
JNPR,TELECOM,TELECOM-CABLE/SATELLITE EQUIP,,,,,HALAL,"Business activity permissible — debt ratio not verified, cross-check Musaffa/Zoya",
NTGR,TELECOM,TELECOM-CABLE/SATELLITE EQUIP,,,,21.52;21.62;21.60;21.42;20.91;20.95;19.87;20.72;20.53;21.94;20.70;20.87;20.31;20.49;20.75;21.67;20.27;21.14;21.18;21.84;21.58;20.84;24.46;22.13;21.49;22.95;23.55;24.51;23.31;24.10;26.03;26.82;25.95;25.63;24.89;25.27;24.71;25.56;27.47;25.67;25.82;25.05;24.48;25.79;25.80;25.99;27.25;25.74;25.20;23.92;24.50;24.34;23.05;23.23;22.78;22.96;23.20;22.09;22.00;22.98;23.00;22.43;23.25;24.62;,HALAL,"Business activity permissible — debt ratio not verified, cross-check Musaffa/Zoya",
CMTL,TELECOM,TELECOM-CABLE/SATELLITE EQUIP,,,,5.68;5.80;5.62;5.88;5.56;5.98;5.15;5.87;5.89;5.86;5.69;5.57;5.60;5.19;5.24;5.36;5.01;5.20;4.79;4.85;3.39;3.62;3.55;3.36;3.01;3.49;3.79;3.90;3.69;3.73;4.00;4.07;4.07;3.96;3.52;3.52;3.65;3.84;3.93;3.66;3.91;3.77;3.65;4.79;5.18;5.62;5.80;5.40;4.50;4.29;4.83;2.99;2.40;2.39;2.05;2.04;2.11;1.96;1.94;1.91;1.86;1.66;1.65;1.71;,HALAL,"Business activity permissible — debt ratio not verified, cross-check Musaffa/Zoya",
MSI,TELECOM,TELECOM-CONSUMER PRODUCTS,,,,388.88;395.26;398.82;402.81;400.28;407.17;414.81;420.22;418.77;459.17;449.06;460.16;468.21;469.30;483.38;475.52;458.17;461.50;460.03;468.15;464.66;451.00;453.39;448.67;425.50;432.83;440.07;446.39;432.39;438.76;443.13;445.58;440.34;436.95;433.44;437.72;436.28;432.36;382.84;390.22;398.14;409.04;394.74;402.87;407.49;402.07;414.18;409.49;405.58;410.41;411.02;403.72;395.17;389.44;397.01;412.60;418.94;422.83;420.54;422.88;413.71;414.19;410.43;404.33;,HALAL,"Business activity permissible — debt ratio not verified, cross-check Musaffa/Zoya",
VOXX,TELECOM,TELECOM-CONSUMER PRODUCTS,,,,,HALAL,"Business activity permissible — debt ratio not verified, cross-check Musaffa/Zoya",
TESS,TELECOM,TELECOM-CONSUMER PRODUCTS,,,,,HALAL,"Business activity permissible — debt ratio not verified, cross-check Musaffa/Zoya",
GPRO,TELECOM,TELECOM-CONSUMER PRODUCTS,,,,1.29;1.33;1.25;1.22;1.16;1.16;0.99;1.02;0.93;0.86;0.83;0.81;0.79;0.87;0.89;1.08;0.76;0.75;0.74;0.71;0.70;0.63;0.65;0.67;0.67;0.72;0.78;0.77;0.77;0.88;1.20;1.28;1.33;1.33;1.52;1.65;1.44;1.40;1.37;1.13;1.11;1.07;0.96;1.00;1.26;1.25;1.14;1.00;0.87;0.79;0.77;0.79;0.79;0.72;0.77;0.76;0.73;0.74;0.73;0.76;0.70;0.68;0.68;0.74;,HALAL,"Business activity permissible — debt ratio not verified, cross-check Musaffa/Zoya",
LITE,TELECOM,TELECOM-FIBER OPTICS,,,,356.83;354.49;332.45;385.00;391.84;435.10;504.42;577.15;574.11;562.74;594.26;667.77;688.27;677.00;783.25;680.80;558.44;672.00;616.09;624.84;700.81;706.35;801.99;688.80;654.79;764.65;772.28;896.02;897.30;852.79;891.22;895.11;873.60;881.64;791.37;902.32;976.18;944.28;903.80;992.37;1001.81;884.98;868.07;946.90;902.31;854.96;1029.15;945.08;895.40;853.26;921.56;875.36;850.00;827.92;861.97;851.40;801.16;731.25;707.10;802.01;814.80;706.23;765.55;829.70;,HALAL,"Business activity permissible — debt ratio not verified, cross-check Musaffa/Zoya",
VIAV,TELECOM,TELECOM-FIBER OPTICS,,,,18.64;19.40;19.92;21.03;24.46;25.88;25.32;27.62;26.90;26.29;26.33;27.53;29.13;29.90;35.35;32.59;27.88;29.72;29.76;31.60;32.44;31.44;35.94;34.44;31.81;35.30;35.87;41.41;41.79;40.78;41.16;44.62;44.31;47.75;43.17;52.40;52.49;53.00;51.21;53.40;53.11;49.75;48.10;49.51;53.06;48.56;52.88;53.21;48.75;46.82;53.46;50.10;47.17;49.97;50.44;47.41;47.07;42.42;40.70;43.08;41.85;36.93;39.43;42.25;,HALAL,"Business activity permissible — debt ratio not verified, cross-check Musaffa/Zoya",
FNSR,TELECOM,TELECOM-FIBER OPTICS,,,,,HALAL,"Business activity permissible — debt ratio not verified, cross-check Musaffa/Zoya",
ACIA,TELECOM,TELECOM-FIBER OPTICS,,,,,HALAL,"Business activity permissible — debt ratio not verified, cross-check Musaffa/Zoya",
AAOI,TELECOM,TELECOM-FIBER OPTICS,,,,39.26;38.15;34.89;45.23;43.61;46.12;38.13;47.91;48.40;44.46;43.44;51.68;56.27;53.69;102.51;99.71;95.58;120.49;106.19;94.07;92.63;87.54;113.90;97.42;85.19;86.35;107.45;132.70;150.60;146.39;157.32;163.47;149.42;162.17;137.26;164.36;172.98;178.54;148.94;188.28;203.57;173.26;165.26;181.49;179.83;158.41;202.37;202.89;196.64;175.13;169.05;170.81;161.85;147.44;138.54;150.10;139.00;123.36;114.44;119.92;125.45;100.24;103.02;110.52;,HALAL,"Business activity permissible — debt ratio not verified, cross-check Musaffa/Zoya",
OCC,TELECOM,TELECOM-FIBER OPTICS,,,,4.41;4.49;4.38;5.00;4.93;4.93;4.86;6.32;5.85;5.98;5.83;5.87;6.24;6.01;6.38;6.45;6.05;7.98;7.49;7.34;6.97;7.00;8.77;9.79;8.33;9.06;9.44;9.67;11.37;10.98;11.15;10.76;11.70;12.32;9.30;10.30;10.86;10.22;10.34;11.22;13.13;10.45;10.20;12.63;14.18;13.90;15.65;14.13;19.00;26.92;22.91;20.23;22.40;19.80;18.32;20.15;17.86;15.40;15.89;15.81;16.03;14.50;15.22;15.82;,HALAL,"Business activity permissible — debt ratio not verified, cross-check Musaffa/Zoya",
CLFD,TELECOM,TELECOM-FIBER OPTICS,,,,29.95;32.35;31.21;29.93;29.77;30.13;29.08;32.51;31.44;32.68;31.87;32.52;32.73;32.20;31.61;31.79;30.01;29.80;28.69;29.01;28.47;27.77;29.49;28.71;26.65;26.02;26.80;26.57;27.16;27.62;28.87;31.21;30.80;30.17;27.87;28.89;29.37;30.28;40.04;45.15;44.57;43.25;42.20;43.73;51.26;47.22;48.19;44.49;41.10;37.79;39.43;39.53;40.45;37.16;37.63;38.75;38.50;34.96;32.94;33.77;33.01;30.92;30.15;30.64;,HALAL,"Business activity permissible — debt ratio not verified, cross-check Musaffa/Zoya",
AMT,TELECOM,TELECOM-INFRASTRUCTURE,,,,174.33;173.54;176.00;174.09;175.83;169.80;168.19;170.37;177.00;188.40;183.03;183.70;186.53;181.45;186.54;187.13;184.96;182.54;176.40;181.15;177.21;173.39;167.08;165.67;167.08;167.73;172.75;172.79;175.84;174.74;176.91;179.94;174.64;176.52;176.71;180.98;179.17;178.46;174.86;177.13;168.89;175.60;182.28;182.11;183.23;185.19;183.78;192.08;187.31;190.68;187.18;184.47;176.05;179.38;168.72;168.67;166.08;162.11;165.04;168.59;168.83;168.92;167.06;166.06;,HALAL,"Business activity permissible — debt ratio not verified, cross-check Musaffa/Zoya",
CCI,TELECOM,TELECOM-INFRASTRUCTURE,,,,84.75;84.14;85.18;82.88;84.75;82.41;76.51;81.11;84.03;88.23;85.35;85.92;86.54;84.35;87.40;88.99;88.28;86.42;84.07;86.51;83.93;81.41;77.68;77.07;78.76;79.90;85.57;84.53;85.29;85.27;85.87;86.55;85.02;85.34;85.18;87.76;89.14;89.20;89.53;90.44;86.30;88.88;91.57;90.41;89.82;90.44;88.88;92.71;90.73;92.30;91.10;88.13;82.05;84.33;79.53;78.63;76.53;74.92;76.90;79.66;79.05;78.73;78.18;77.50;,HALAL,"Business activity permissible — debt ratio not verified, cross-check Musaffa/Zoya",
SBAC,TELECOM,TELECOM-INFRASTRUCTURE,,,,183.51;182.93;185.28;181.81;181.77;177.36;178.21;182.28;188.53;198.21;194.95;197.00;199.03;189.72;196.39;193.93;194.08;191.23;182.38;186.48;181.93;173.10;165.76;165.17;168.81;170.53;211.14;217.40;222.41;216.77;220.43;219.09;210.59;218.15;216.28;219.87;216.60;217.13;216.86;212.33;200.00;202.12;206.49;205.57;200.20;203.16;196.21;207.85;200.10;207.33;204.79;195.73;186.87;189.59;180.95;179.50;180.75;180.57;181.99;190.03;187.25;185.04;181.97;178.02;,HALAL,"Business activity permissible — debt ratio not verified, cross-check Musaffa/Zoya",
UNIT,TELECOM,TELECOM-INFRASTRUCTURE,,,,7.50;7.69;7.31;7.35;8.32;8.19;7.83;8.07;8.18;8.36;8.20;8.58;7.74;7.49;7.83;7.84;8.05;8.55;7.82;7.72;7.60;7.51;7.89;7.85;8.10;10.01;10.30;10.52;10.84;10.92;11.06;11.93;11.83;11.98;11.49;11.83;11.46;11.33;11.28;11.22;11.25;10.80;10.95;11.04;11.47;11.22;11.35;11.79;11.49;11.61;12.75;12.30;11.64;11.51;11.46;11.40;11.17;11.04;10.90;10.83;11.01;10.98;10.96;11.13;,HALAL,"Business activity permissible — debt ratio not verified, cross-check Musaffa/Zoya",
DY,TELECOM,TELECOM-INFRASTRUCTURE,,,,366.15;379.10;373.27;369.99;364.39;391.70;376.24;415.28;429.68;427.48;412.68;429.73;428.58;420.51;418.73;387.07;357.07;362.97;357.25;357.96;352.19;336.38;350.63;336.77;324.73;347.45;348.63;381.00;393.00;392.25;400.38;410.26;408.05;410.72;403.45;414.10;429.47;457.78;428.31;429.40;450.98;419.66;412.78;411.20;529.13;510.00;485.97;488.57;458.86;445.89;469.00;471.72;456.65;464.64;493.61;506.80;470.51;431.00;426.70;425.72;418.87;412.86;410.18;434.15;,HALAL,"Business activity permissible — debt ratio not verified, cross-check Musaffa/Zoya",
MTZ,TELECOM,TELECOM-INFRASTRUCTURE,,,,240.35;244.57;245.29;244.75;240.48;249.51;244.86;262.11;264.99;269.53;264.18;283.86;287.70;289.96;304.53;303.87;285.61;300.12;296.95;300.26;303.07;300.58;322.65;306.74;305.80;333.79;337.27;348.11;361.22;365.89;358.14;371.59;376.50;376.12;375.09;394.05;425.39;433.28;414.29;420.30;434.77;385.58;384.21;382.11;387.52;378.37;366.30;374.73;361.70;335.58;362.97;369.35;379.66;390.44;403.57;429.09;390.61;380.63;382.90;372.89;365.10;340.81;336.61;357.35;,HALAL,"Business activity permissible — debt ratio not verified, cross-check Musaffa/Zoya",
VIAV,TELECOM,TELECOM-INFRASTRUCTURE,,,,18.64;19.40;19.92;21.03;24.46;25.88;25.32;27.62;26.90;26.29;26.33;27.53;29.13;29.90;35.35;32.59;27.88;29.72;29.76;31.60;32.44;31.44;35.94;34.44;31.81;35.30;35.87;41.41;41.79;40.78;41.16;44.62;44.31;47.75;43.17;52.40;52.49;53.00;51.21;53.40;53.11;49.75;48.10;49.51;53.06;48.56;52.88;53.21;48.75;46.82;53.46;50.10;47.17;49.97;50.44;47.41;47.07;42.42;40.70;43.08;41.85;36.93;39.43;42.25;,HALAL,"Business activity permissible — debt ratio not verified, cross-check Musaffa/Zoya",
VSAT,TELECOM,TELECOM-INFRASTRUCTURE,,,,41.92;44.23;42.75;47.58;45.17;44.03;37.44;46.28;45.33;48.85;45.97;46.50;47.92;46.07;47.24;47.84;43.79;46.31;46.51;47.53;48.59;46.39;48.10;47.83;43.72;45.23;52.10;56.33;56.25;56.98;61.23;64.08;63.08;61.99;58.06;65.91;63.82;67.30;70.01;70.99;74.30;71.52;75.27;74.56;85.57;80.62;72.61;72.93;65.48;61.50;70.17;62.45;64.13;63.88;60.00;76.69;83.02;83.80;74.00;73.56;69.84;68.71;69.51;74.37;,HALAL,"Business activity permissible — debt ratio not verified, cross-check Musaffa/Zoya",
GLW,TELECOM,TELECOM-INFRASTRUCTURE,,,,92.26;93.96;94.63;103.93;102.90;112.41;112.41;130.94;132.45;133.01;131.56;139.04;151.08;149.79;157.62;144.62;123.10;136.01;129.57;131.85;129.66;124.39;141.79;135.11;128.35;142.16;146.28;164.85;170.98;172.56;165.83;165.13;168.50;175.62;152.82;163.99;159.72;181.29;186.65;197.94;207.96;178.28;180.41;193.75;190.60;181.16;200.40;197.70;187.54;168.17;179.20;177.42;194.92;194.07;228.01;255.69;220.63;194.80;184.03;190.89;187.64;158.39;153.10;154.06;,HALAL,"Business activity permissible — debt ratio not verified, cross-check Musaffa/Zoya",
T,TELECOM,TELECOM-SVCS-DOMESTIC,,,,22.90;23.03;22.90;23.51;25.60;26.20;26.67;26.47;27.80;28.02;27.23;27.32;27.69;26.82;27.35;28.30;27.97;27.06;26.75;27.08;26.77;27.65;28.19;28.24;28.11;27.65;27.66;26.71;26.11;25.28;26.05;25.83;25.64;25.85;25.72;25.78;25.76;25.23;24.83;24.90;24.32;24.11;24.60;24.93;24.56;24.47;24.31;22.47;22.20;22.90;23.27;22.85;21.72;22.51;22.12;21.53;20.21;20.31;20.84;21.13;21.28;21.98;21.95;23.04;,HALAL,"Business activity permissible — debt ratio not verified, cross-check Musaffa/Zoya",
VZ,TELECOM,TELECOM-SVCS-DOMESTIC,,,,37.86;38.24;38.38;38.18;43.13;44.80;45.62;45.55;47.44;47.47;46.54;47.71;48.30;47.36;48.41;49.60;49.52;49.12;49.04;49.37;48.04;48.41;49.31;49.15;48.72;47.84;47.61;46.53;45.27;44.72;46.00;45.66;45.21;45.60;46.45;47.22;46.77;46.64;46.43;47.13;46.27;45.98;47.02;47.54;47.43;47.01;47.07;44.12;44.68;46.16;47.30;45.95;44.61;45.95;45.30;43.36;41.29;41.36;41.74;42.12;42.47;43.88;43.50;44.29;,HALAL,"Business activity permissible — debt ratio not verified, cross-check Musaffa/Zoya",
TMUS,TELECOM,TELECOM-SVCS-DOMESTIC,,,,181.78;183.51;186.05;184.36;195.21;195.67;199.81;195.65;207.41;217.27;211.08;213.27;219.73;210.99;214.94;218.52;220.37;217.60;213.21;213.66;205.50;207.34;210.12;210.45;212.79;203.15;197.54;196.56;194.65;188.97;196.06;197.29;187.90;188.78;185.71;194.44;193.37;192.12;192.59;192.26;187.17;189.62;189.13;190.44;189.78;187.53;188.83;177.02;178.43;185.55;189.10;184.36;181.67;184.57;181.57;173.97;173.06;181.79;180.14;187.61;187.13;192.85;195.64;190.94;,HALAL,"Business activity permissible — debt ratio not verified, cross-check Musaffa/Zoya",
LUMN,TELECOM,TELECOM-SVCS-DOMESTIC,,,,8.01;8.92;8.63;9.16;8.82;8.46;6.23;7.77;7.85;8.39;7.99;7.83;7.45;7.04;6.80;6.96;6.62;6.70;6.44;6.69;6.56;6.49;6.79;6.76;6.39;7.07;6.63;7.09;7.44;7.80;8.51;8.67;9.26;8.84;8.72;8.84;9.33;9.81;8.48;8.67;10.34;9.67;9.31;9.41;10.87;10.99;10.56;9.90;9.01;8.26;8.49;8.43;8.20;7.84;8.32;7.96;7.15;6.48;6.62;6.73;6.37;6.31;6.38;6.70;,HALAL,"Business activity permissible — debt ratio not verified, cross-check Musaffa/Zoya",
USM,TELECOM,TELECOM-SVCS-DOMESTIC,,,,,HALAL,"Business activity permissible — debt ratio not verified, cross-check Musaffa/Zoya",
FYBR,TELECOM,TELECOM-SVCS-DOMESTIC,,,,,HALAL,"Business activity permissible — debt ratio not verified, cross-check Musaffa/Zoya",
CNSL,TELECOM,TELECOM-SVCS-DOMESTIC,,,,,HALAL,"Business activity permissible — debt ratio not verified, cross-check Musaffa/Zoya",
SHEN,TELECOM,TELECOM-SVCS-DOMESTIC,,,,11.18;11.64;11.16;11.04;11.87;11.78;12.16;12.48;12.65;12.94;13.18;13.47;13.42;13.96;13.86;15.62;15.28;14.70;14.75;14.75;14.55;13.98;14.69;14.88;15.04;15.25;14.77;14.42;15.14;15.17;15.90;16.71;16.85;16.03;16.47;15.73;15.72;16.22;16.16;15.59;16.06;16.15;16.08;15.88;16.31;15.95;16.24;15.91;16.16;16.18;16.46;15.54;14.18;14.14;15.03;15.62;14.60;13.11;12.94;12.71;12.18;12.27;11.11;11.76;,HALAL,"Business activity permissible — debt ratio not verified, cross-check Musaffa/Zoya",
QCOM,TELECOM,TELECOM-WIRELESS EQUIPMENT,,,,152.52;156.22;152.97;151.17;150.07;145.70;134.93;137.54;139.62;139.29;141.80;141.45;143.33;144.13;139.61;138.11;135.19;134.70;130.67;128.91;129.99;129.42;128.20;130.06;126.60;126.81;125.27;127.04;127.59;132.35;133.98;137.01;135.57;148.30;149.45;178.92;167.76;191.86;218.28;209.54;199.34;202.89;201.76;237.28;232.54;250.10;239.95;242.57;217.77;191.20;211.72;214.07;226.11;204.13;204.90;188.72;181.92;186.48;186.56;189.16;178.10;170.61;170.32;175.63;,HALAL,"Business activity permissible — debt ratio not verified, cross-check Musaffa/Zoya",
ERIC,TELECOM,TELECOM-WIRELESS EQUIPMENT,,,,9.27;9.44;10.53;10.72;10.64;10.95;10.78;11.15;10.98;10.91;11.01;11.17;10.87;11.13;11.31;11.24;10.97;11.14;11.25;11.80;11.30;11.02;11.29;11.27;10.87;11.28;11.54;11.85;11.88;12.01;12.16;11.77;11.47;11.27;11.30;11.81;11.63;12.02;11.88;12.33;12.67;12.84;12.99;13.50;13.04;13.06;13.74;13.35;12.52;11.60;12.28;11.75;11.38;11.38;11.06;11.15;10.87;10.89;11.04;11.35;10.14;9.89;9.59;9.49;,HALAL,"Business activity permissible — debt ratio not verified, cross-check Musaffa/Zoya",
NOK,TELECOM,TELECOM-WIRELESS EQUIPMENT,,,,6.41;6.50;6.91;6.82;6.43;6.69;6.86;7.18;7.34;7.03;7.43;7.77;7.49;7.50;8.26;8.15;7.74;7.80;8.14;8.65;8.36;7.98;8.25;8.28;7.96;8.27;8.89;9.44;9.46;10.35;10.29;10.60;9.86;10.46;11.30;12.91;13.14;13.19;12.82;13.17;14.46;13.74;13.62;15.47;15.68;14.84;16.85;16.62;14.59;13.40;14.80;13.98;13.49;13.70;13.98;13.03;12.91;12.51;11.95;12.44;11.70;10.38;10.08;10.28;,HALAL,"Business activity permissible — debt ratio not verified, cross-check Musaffa/Zoya",
UI,TELECOM,TELECOM-WIRELESS EQUIPMENT,,,,561.59;561.10;547.68;553.41;550.10;567.80;574.62;710.68;711.40;718.34;706.24;749.36;757.72;759.86;797.45;797.36;748.44;768.59;748.92;774.79;783.87;764.29;833.41;777.09;736.00;821.93;839.04;899.34;924.51;990.39;1037.80;1080.18;1003.44;1032.00;963.02;1010.71;1002.79;1026.99;841.02;702.59;659.16;604.00;599.21;610.81;609.90;583.86;588.57;581.30;572.77;557.55;588.73;558.16;589.46;563.03;541.10;545.72;536.38;537.42;527.59;550.99;549.51;543.92;532.41;537.50;,HALAL,"Business activity permissible — debt ratio not verified, cross-check Musaffa/Zoya",
CIEN,TELECOM,TELECOM-WIRELESS EQUIPMENT,,,,241.21;230.03;232.23;257.30;251.81;276.52;252.98;289.68;297.25;303.92;310.96;334.95;342.70;341.16;353.73;343.55;294.17;337.36;336.83;363.88;385.26;383.89;429.38;387.99;365.00;415.39;434.26;494.01;496.02;467.19;495.17;503.27;498.97;520.80;473.69;527.58;538.51;576.79;548.11;577.15;591.57;524.53;554.76;583.74;582.08;580.23;627.00;535.63;466.67;434.65;445.98;430.30;428.22;459.85;484.69;478.93;462.44;433.83;440.97;460.72;446.93;388.81;378.77;397.16;,HALAL,"Business activity permissible — debt ratio not verified, cross-check Musaffa/Zoya",
INFN,TELECOM,TELECOM-WIRELESS EQUIPMENT,,,,,HALAL,"Business activity permissible — debt ratio not verified, cross-check Musaffa/Zoya",
DZSI,TELECOM,TELECOM-WIRELESS EQUIPMENT,,,,,HALAL,"Business activity permissible — debt ratio not verified, cross-check Musaffa/Zoya",
TMUS,TELECOM,TELECOM-WIRELESS SVCS,,,,181.78;183.51;186.05;184.36;195.21;195.67;199.81;195.65;207.41;217.27;211.08;213.27;219.73;210.99;214.94;218.52;220.37;217.60;213.21;213.66;205.50;207.34;210.12;210.45;212.79;203.15;197.54;196.56;194.65;188.97;196.06;197.29;187.90;188.78;185.71;194.44;193.37;192.12;192.59;192.26;187.17;189.62;189.13;190.44;189.78;187.53;188.83;177.02;178.43;185.55;189.10;184.36;181.67;184.57;181.57;173.97;173.06;181.79;180.14;187.61;187.13;192.85;195.64;190.94;,HALAL,"Business activity permissible — debt ratio not verified, cross-check Musaffa/Zoya",
VZ,TELECOM,TELECOM-WIRELESS SVCS,,,,37.86;38.24;38.38;38.18;43.13;44.80;45.62;45.55;47.44;47.47;46.54;47.71;48.30;47.36;48.41;49.60;49.52;49.12;49.04;49.37;48.04;48.41;49.31;49.15;48.72;47.84;47.61;46.53;45.27;44.72;46.00;45.66;45.21;45.60;46.45;47.22;46.77;46.64;46.43;47.13;46.27;45.98;47.02;47.54;47.43;47.01;47.07;44.12;44.68;46.16;47.30;45.95;44.61;45.95;45.30;43.36;41.29;41.36;41.74;42.12;42.47;43.88;43.50;44.29;,HALAL,"Business activity permissible — debt ratio not verified, cross-check Musaffa/Zoya",
T,TELECOM,TELECOM-WIRELESS SVCS,,,,22.90;23.03;22.90;23.51;25.60;26.20;26.67;26.47;27.80;28.02;27.23;27.32;27.69;26.82;27.35;28.30;27.97;27.06;26.75;27.08;26.77;27.65;28.19;28.24;28.11;27.65;27.66;26.71;26.11;25.28;26.05;25.83;25.64;25.85;25.72;25.78;25.76;25.23;24.83;24.90;24.32;24.11;24.60;24.93;24.56;24.47;24.31;22.47;22.20;22.90;23.27;22.85;21.72;22.51;22.12;21.53;20.21;20.31;20.84;21.13;21.28;21.98;21.95;23.04;,HALAL,"Business activity permissible — debt ratio not verified, cross-check Musaffa/Zoya",
DISH,TELECOM,TELECOM-WIRELESS SVCS,,,,,HALAL,"Business activity permissible — debt ratio not verified, cross-check Musaffa/Zoya",
USM,TELECOM,TELECOM-WIRELESS SVCS,,,,,HALAL,"Business activity permissible — debt ratio not verified, cross-check Musaffa/Zoya",
ATEX,TELECOM,TELECOM-WIRELESS SVCS,,,,,HALAL,"Business activity permissible — debt ratio not verified, cross-check Musaffa/Zoya",
UPS,TRANSPORTATION,TRANSPORTATION-AIR FREIGHT,,,,,HALAL,"Business activity permissible — debt ratio not verified, cross-check Musaffa/Zoya",
FDX,TRANSPORTATION,TRANSPORTATION-AIR FREIGHT,,,,240.69;247.71;243.44;251.58;257.65;282.58;291.00;291.51;293.56;299.61;306.29;310.61;309.07;309.97;309.62;307.10;287.12;288.58;283.49;282.86;280.77;288.08;288.97;280.61;274.36;288.45;288.07;299.79;300.31;297.14;305.77;316.11;309.84;311.47;313.26;323.77;287.24;302.80;303.92;302.19;305.04;296.81;310.55;316.46;330.57;330.55;327.77;326.77;328.98;318.06;337.04;334.48;324.98;317.24;329.44;325.40;313.89;309.93;309.76;314.69;313.66;318.20;306.22;321.02;,HALAL,"Business activity permissible — debt ratio not verified, cross-check Musaffa/Zoya",
ATSG,TRANSPORTATION,TRANSPORTATION-AIR FREIGHT,,,,,HALAL,"Business activity permissible — debt ratio not verified, cross-check Musaffa/Zoya",
AAWW,TRANSPORTATION,TRANSPORTATION-AIR FREIGHT,,,,,HALAL,"Business activity permissible — debt ratio not verified, cross-check Musaffa/Zoya",
EXPD,TRANSPORTATION,TRANSPORTATION-AIR FREIGHT,,,,158.30;159.98;158.03;159.25;159.72;161.39;162.94;162.80;161.06;145.75;148.81;155.50;138.12;143.98;144.88;146.10;146.11;140.65;141.50;142.06;143.88;145.60;141.24;141.93;140.75;143.57;144.72;145.87;142.33;144.17;146.26;148.54;147.68;146.80;146.62;147.13;138.99;150.46;155.89;153.64;152.82;155.97;157.61;157.67;160.68;157.18;157.87;160.13;163.44;164.71;166.62;164.02;161.32;161.34;161.67;161.97;166.81;165.70;164.36;172.02;178.22;181.96;177.37;177.45;,HALAL,"Business activity permissible — debt ratio not verified, cross-check Musaffa/Zoya",
FWRD,TRANSPORTATION,TRANSPORTATION-AIR FREIGHT,,,,27.06;28.47;27.02;27.42;27.88;29.42;28.16;30.23;29.72;26.81;27.60;27.82;26.43;25.77;25.43;24.61;21.94;22.04;16.57;16.05;15.74;15.47;16.21;17.06;15.74;17.23;17.39;18.40;19.14;19.04;20.87;23.11;22.75;23.44;22.41;21.06;16.22;18.36;9.87;9.19;9.40;8.50;8.43;8.80;10.38;10.58;10.20;10.35;11.50;12.25;13.33;13.77;13.62;13.08;14.29;14.43;14.09;12.99;12.18;13.38;12.79;13.55;13.20;16.07;,HALAL,"Business activity permissible — debt ratio not verified, cross-check Musaffa/Zoya",
DAL,TRANSPORTATION,TRANSPORTATION-AIRLINE,,,,66.93;68.41;66.97;65.32;65.38;69.89;69.24;74.42;70.86;68.46;70.56;68.90;68.69;70.15;63.92;63.50;58.71;58.97;57.64;60.53;63.48;63.12;66.31;66.52;62.87;67.26;66.44;67.73;67.47;71.33;69.53;70.85;68.06;68.10;66.88;67.64;68.15;72.97;72.96;70.35;71.37;70.07;73.94;75.95;81.60;82.28;79.82;79.31;78.02;76.28;82.86;82.94;83.97;86.51;91.88;92.94;92.83;91.45;87.08;87.39;85.51;86.70;84.54;83.52;,HALAL,"Business activity permissible — debt ratio not verified, cross-check Musaffa/Zoya",
UAL,TRANSPORTATION,TRANSPORTATION-AIRLINE,,,,108.57;110.40;107.76;104.91;102.32;110.86;106.09;116.20;113.94;109.29;116.93;113.03;112.59;116.43;103.21;100.48;92.07;91.10;86.53;90.28;92.51;89.95;93.56;92.69;85.21;95.08;90.97;96.30;96.40;97.20;95.03;98.91;91.71;93.00;90.41;90.00;90.07;100.04;99.58;95.84;96.02;92.55;98.02;99.96;112.62;114.80;108.82;104.94;105.32;102.78;115.52;118.51;118.32;121.55;134.61;135.19;135.13;132.50;126.22;126.00;120.35;118.81;117.52;117.26;,HALAL,"Business activity permissible — debt ratio not verified, cross-check Musaffa/Zoya",
AAL,TRANSPORTATION,TRANSPORTATION-AIRLINE,,,,14.79;15.02;14.57;13.44;13.30;14.01;14.16;14.99;14.35;13.88;14.10;13.59;13.15;13.94;12.52;12.46;11.18;11.11;10.55;10.49;10.80;10.43;10.71;10.71;10.18;11.13;10.90;11.41;11.32;12.13;12.27;12.24;11.50;12.10;11.64;11.71;11.81;12.94;13.35;12.69;12.70;12.36;12.95;13.85;14.92;14.64;13.93;13.30;13.60;13.42;14.98;15.71;15.99;16.14;17.57;17.92;18.15;17.75;16.52;16.95;15.67;15.60;15.14;14.79;,HALAL,"Business activity permissible — debt ratio not verified, cross-check Musaffa/Zoya",
LUV,TRANSPORTATION,TRANSPORTATION-AIRLINE,,,,42.01;42.07;41.67;40.51;47.11;50.75;52.06;52.90;50.99;50.67;54.33;51.64;50.20;50.49;47.85;46.74;41.20;42.45;38.44;40.06;40.02;39.24;39.66;39.36;36.13;38.06;38.01;40.22;39.39;41.08;40.45;41.64;39.18;39.28;37.84;37.76;38.18;41.32;41.13;39.31;39.16;38.19;39.53;40.68;43.49;42.76;42.16;41.13;40.84;41.22;45.47;47.43;47.97;49.41;52.09;51.60;50.47;50.81;48.66;48.43;47.56;49.43;48.34;47.66;,HALAL,"Business activity permissible — debt ratio not verified, cross-check Musaffa/Zoya",
ALK,TRANSPORTATION,TRANSPORTATION-AIRLINE,,,,47.60;48.86;49.81;52.37;50.83;55.14;55.26;60.21;57.50;55.27;55.84;52.58;52.51;55.30;50.77;48.35;42.30;42.34;38.65;38.44;37.88;36.91;38.48;38.95;34.19;37.65;37.98;39.91;39.50;42.62;41.15;43.54;40.78;41.59;39.79;39.11;36.96;40.51;40.84;38.73;38.16;37.36;39.85;41.34;45.97;46.02;43.91;42.69;42.24;41.68;47.32;49.11;49.26;49.21;53.29;51.93;51.25;50.41;47.53;49.42;46.87;47.62;46.04;44.36;,HALAL,"Business activity permissible — debt ratio not verified, cross-check Musaffa/Zoya",
JBLU,TRANSPORTATION,TRANSPORTATION-AIRLINE,,,,5.16;5.39;5.08;5.04;4.87;5.57;6.04;6.16;5.81;5.91;6.46;5.98;5.73;5.80;5.22;5.05;4.49;4.41;4.16;4.26;4.06;4.03;4.19;4.51;4.12;4.55;4.57;5.04;4.74;5.60;5.51;5.75;5.08;5.27;5.00;4.66;4.79;5.04;5.11;4.73;4.88;4.58;4.73;5.05;5.40;5.47;4.93;4.84;4.76;4.61;5.01;5.22;5.68;5.53;5.92;5.63;5.92;6.06;5.58;5.76;5.33;5.64;5.45;5.16;,HALAL,"Business activity permissible — debt ratio not verified, cross-check Musaffa/Zoya",
SAVE,TRANSPORTATION,TRANSPORTATION-AIRLINE,,,,,HALAL,"Business activity permissible — debt ratio not verified, cross-check Musaffa/Zoya",
ALGT,TRANSPORTATION,TRANSPORTATION-AIRLINE,,,,88.69;90.33;86.13;86.75;88.63;92.78;99.42;113.93;109.33;111.30;109.76;107.62;103.69;106.50;97.71;92.09;79.50;83.75;77.06;74.66;77.19;77.05;83.64;83.93;76.56;83.12;80.98;86.53;85.58;89.85;84.24;90.35;80.65;79.06;77.81;75.64;71.97;80.08;83.03;77.49;80.38;74.66;77.09;80.31;91.00;91.61;87.67;84.47;82.31;80.15;91.59;95.92;100.76;103.54;110.05;114.20;119.16;115.62;108.26;111.02;104.29;105.41;102.17;98.28;,HALAL,"Business activity permissible — debt ratio not verified, cross-check Musaffa/Zoya",
HA,TRANSPORTATION,TRANSPORTATION-AIRLINE,,,,,HALAL,"Business activity permissible — debt ratio not verified, cross-check Musaffa/Zoya",
MESA,TRANSPORTATION,TRANSPORTATION-AIRLINE,,,,,HALAL,"Business activity permissible — debt ratio not verified, cross-check Musaffa/Zoya",
SKYW,TRANSPORTATION,TRANSPORTATION-AIRLINE,,,,97.74;104.02;100.67;97.48;96.52;101.47;101.77;105.57;104.54;104.17;105.31;103.23;106.76;108.71;101.71;100.36;92.03;91.97;89.51;90.92;88.96;87.89;91.75;93.98;88.37;93.70;92.77;95.15;94.31;98.10;94.78;95.89;91.63;86.09;82.86;82.12;81.37;87.82;88.23;85.11;83.70;81.79;83.29;84.82;86.64;85.65;81.82;83.35;83.55;85.20;91.75;92.02;92.63;93.86;98.29;98.71;98.35;98.75;96.92;99.72;97.19;100.32;99.34;95.70;,HALAL,"Business activity permissible — debt ratio not verified, cross-check Musaffa/Zoya",
UNP,TRANSPORTATION,TRANSPORTATION-RAIL,,,,219.40;228.98;228.50;225.36;232.67;238.99;248.85;251.71;260.09;257.98;262.26;263.35;263.90;262.71;265.59;265.32;252.80;248.92;242.84;240.96;235.35;233.71;238.43;237.95;237.99;241.86;244.27;247.82;249.22;250.74;249.77;250.88;248.11;267.31;266.36;268.09;262.05;266.84;263.28;264.23;267.95;273.71;264.43;264.51;277.95;262.64;264.68;263.90;268.67;267.03;272.70;267.45;256.88;258.61;267.73;272.70;277.73;282.59;280.94;286.96;288.30;299.42;296.25;292.56;,HALAL,"Business activity permissible — debt ratio not verified, cross-check Musaffa/Zoya",
CSX,TRANSPORTATION,TRANSPORTATION-RAIL,,,,35.29;35.55;37.23;37.14;37.52;38.90;39.62;40.46;41.08;40.61;41.10;42.04;42.20;42.38;43.04;42.65;39.83;40.78;39.10;39.66;39.52;38.05;38.75;39.43;39.65;41.31;41.35;42.01;42.11;42.38;42.59;43.58;43.05;45.27;45.09;45.29;44.58;45.46;44.69;44.39;45.78;46.06;45.80;45.38;47.00;45.26;46.14;46.23;47.11;46.41;47.57;46.90;45.63;46.16;47.44;48.01;48.33;48.81;48.69;49.41;49.92;50.89;50.11;49.93;,HALAL,"Business activity permissible — debt ratio not verified, cross-check Musaffa/Zoya",
NSC,TRANSPORTATION,TRANSPORTATION-RAIL,,,,277.95;286.57;285.76;282.00;288.71;295.73;304.24;304.40;315.92;313.58;315.40;314.87;314.73;311.66;316.10;316.46;301.54;297.20;290.01;289.45;283.14;279.88;282.42;282.06;281.11;285.76;286.81;292.83;295.01;298.41;301.33;302.82;297.04;318.33;315.35;314.47;310.32;315.88;312.01;312.35;317.64;320.08;311.84;314.53;325.68;304.96;307.55;307.19;309.93;308.93;313.91;310.81;300.08;303.39;312.06;316.65;318.99;321.90;319.22;327.47;326.83;338.06;334.97;330.94;,HALAL,"Business activity permissible — debt ratio not verified, cross-check Musaffa/Zoya",
CP,TRANSPORTATION,TRANSPORTATION-RAIL,,,,69.91;72.10;72.24;71.47;74.02;76.28;78.74;80.77;83.47;83.42;83.37;84.74;85.92;86.75;89.01;86.44;82.61;83.57;80.82;81.60;79.60;77.91;78.90;78.74;77.35;77.85;79.33;81.47;80.49;82.01;79.97;81.52;82.11;86.70;86.56;86.77;82.95;85.79;85.85;85.63;86.71;86.03;86.15;86.07;91.06;89.13;89.95;89.31;89.85;89.41;89.88;88.96;85.84;85.10;86.85;86.91;85.92;88.00;89.40;90.12;91.35;92.91;91.66;91.32;,HALAL,"Business activity permissible — debt ratio not verified, cross-check Musaffa/Zoya",
CNI,TRANSPORTATION,TRANSPORTATION-RAIL,,,,96.06;98.86;98.73;97.39;95.10;95.41;98.84;102.19;105.08;106.35;106.62;109.17;110.00;108.97;111.69;109.50;105.54;105.84;103.29;105.64;99.79;97.88;100.42;101.04;100.78;102.69;104.51;107.08;109.49;111.35;108.37;110.60;108.82;113.98;114.27;111.52;108.79;111.58;111.03;111.30;111.83;112.02;114.18;113.62;117.97;117.91;120.57;118.85;120.15;119.18;118.98;117.67;113.43;114.90;120.36;120.34;119.82;121.66;122.68;124.40;124.79;128.22;126.69;127.91;,HALAL,"Business activity permissible — debt ratio not verified, cross-check Musaffa/Zoya",
WAB,TRANSPORTATION,TRANSPORTATION-RAIL,,,,227.01;233.13;231.14;228.34;229.58;235.70;239.54;244.15;253.80;255.44;259.01;264.46;264.15;263.09;263.35;260.47;244.38;246.45;240.07;238.91;237.50;235.77;245.32;245.24;237.08;255.72;253.72;269.33;266.96;267.96;255.19;263.94;261.20;266.74;262.86;269.56;261.90;270.16;265.39;268.69;269.10;259.85;258.82;256.41;260.81;261.16;264.51;262.52;259.63;256.52;265.20;272.12;273.83;270.26;282.45;268.30;264.00;261.31;259.00;261.21;262.02;263.89;257.85;290.00;,HALAL,"Business activity permissible — debt ratio not verified, cross-check Musaffa/Zoya",
GBX,TRANSPORTATION,TRANSPORTATION-RAIL,,,,48.37;49.87;50.02;48.70;49.73;51.69;53.06;53.44;54.27;56.45;56.90;58.04;58.06;57.36;56.21;55.95;53.81;53.34;52.01;51.19;50.22;49.59;51.45;51.36;50.94;51.86;47.69;48.35;51.43;51.91;49.62;49.01;47.69;48.94;48.08;48.77;48.82;50.00;50.19;49.68;48.12;47.64;47.66;47.60;47.98;46.78;46.68;46.51;46.90;46.64;47.83;48.98;49.34;49.81;49.55;48.52;47.54;47.99;46.02;46.97;47.01;51.18;49.56;51.13;,HALAL,"Business activity permissible — debt ratio not verified, cross-check Musaffa/Zoya",
TRN,TRANSPORTATION,TRANSPORTATION-RAIL,,,,26.16;27.09;27.61;27.66;28.24;28.78;29.71;30.02;31.13;34.47;33.69;34.36;34.56;33.62;34.00;33.65;31.33;30.99;28.98;29.45;29.63;29.08;30.74;30.92;30.81;32.44;31.65;32.84;34.00;34.05;32.19;31.63;30.96;31.48;31.13;32.33;34.34;35.94;36.32;35.83;34.98;33.98;33.48;32.44;31.86;32.16;31.61;32.29;33.28;33.45;34.46;34.91;34.18;34.77;36.07;34.58;33.59;35.26;33.86;35.38;35.92;37.13;36.45;36.06;,HALAL,"Business activity permissible — debt ratio not verified, cross-check Musaffa/Zoya",
EXPD,TRANSPORTATION,TRANSPORTATION-SVCS/LOGISTICS,,,,158.30;159.98;158.03;159.25;159.72;161.39;162.94;162.80;161.06;145.75;148.81;155.50;138.12;143.98;144.88;146.10;146.11;140.65;141.50;142.06;143.88;145.60;141.24;141.93;140.75;143.57;144.72;145.87;142.33;144.17;146.26;148.54;147.68;146.80;146.62;147.13;138.99;150.46;155.89;153.64;152.82;155.97;157.61;157.67;160.68;157.18;157.87;160.13;163.44;164.71;166.62;164.02;161.32;161.34;161.67;161.97;166.81;165.70;164.36;172.02;178.22;181.96;177.37;177.45;,HALAL,"Business activity permissible — debt ratio not verified, cross-check Musaffa/Zoya",
CHRW,TRANSPORTATION,TRANSPORTATION-SVCS/LOGISTICS,,,,173.91;176.69;176.90;183.03;193.62;198.35;196.10;198.95;194.99;174.81;184.59;188.77;176.14;182.83;185.96;188.58;179.03;175.26;171.27;169.90;170.06;168.30;168.62;167.09;161.37;167.92;168.43;171.83;162.93;167.93;180.99;183.32;181.73;182.41;187.32;181.19;160.69;168.01;170.81;166.64;159.23;169.14;180.02;173.64;175.89;178.04;177.91;183.96;188.14;185.00;193.74;189.40;185.04;178.84;180.34;184.75;191.27;188.57;189.95;193.50;199.61;205.75;205.80;207.35;,HALAL,"Business activity permissible — debt ratio not verified, cross-check Musaffa/Zoya",
XPO,TRANSPORTATION,TRANSPORTATION-SVCS/LOGISTICS,,,,145.90;149.60;148.79;148.23;148.11;169.62;185.62;206.86;201.83;195.33;202.96;209.87;204.53;205.13;215.18;214.46;188.65;194.68;182.81;185.28;189.72;181.85;186.33;191.39;186.40;198.43;205.12;211.70;212.74;212.66;222.12;228.37;221.12;223.68;222.01;220.13;199.95;211.58;204.50;196.02;205.55;200.46;210.73;202.92;212.94;214.25;216.94;219.26;224.66;216.26;228.33;214.27;199.50;199.22;203.02;206.14;207.06;206.78;204.59;207.88;209.97;219.29;210.61;213.65;,HALAL,"Business activity permissible — debt ratio not verified, cross-check Musaffa/Zoya",
JBHT,TRANSPORTATION,TRANSPORTATION-SVCS/LOGISTICS,,,,202.72;209.92;204.32;204.27;201.94;219.76;224.38;225.85;229.95;221.35;223.03;229.73;222.49;227.80;231.64;234.48;212.99;215.45;200.76;202.35;197.27;199.56;204.76;205.80;204.39;213.04;216.97;224.21;226.62;229.18;237.88;251.13;246.57;248.13;250.82;251.06;237.90;245.59;245.40;236.79;254.66;261.46;262.88;258.77;270.87;276.43;275.59;283.31;288.17;280.75;289.36;279.82;271.22;269.24;274.68;287.89;290.07;277.74;276.45;279.96;280.87;298.41;290.61;292.24;,HALAL,"Business activity permissible — debt ratio not verified, cross-check Musaffa/Zoya",
LSTR,TRANSPORTATION,TRANSPORTATION-SVCS/LOGISTICS,,,,150.34;157.05;152.54;152.74;148.61;158.08;160.58;160.33;161.94;141.65;147.00;152.80;146.14;157.23;163.29;164.14;151.48;151.50;144.10;148.36;147.82;148.40;156.22;156.02;156.61;161.21;164.91;171.07;168.58;169.18;171.07;177.13;176.97;178.62;182.00;183.66;176.49;180.93;182.98;175.35;167.57;178.71;189.37;194.01;201.07;206.90;212.94;219.55;225.37;218.92;224.27;216.15;207.40;207.50;210.12;208.90;207.35;203.59;203.71;209.32;211.41;211.85;211.17;210.07;,HALAL,"Business activity permissible — debt ratio not verified, cross-check Musaffa/Zoya",
HUBG,TRANSPORTATION,TRANSPORTATION-SVCS/LOGISTICS,,,,45.68;47.96;47.25;47.22;47.27;50.22;51.00;41.90;42.26;39.40;40.80;42.99;40.82;42.74;42.72;42.77;38.79;37.95;34.68;34.05;33.60;34.73;35.97;36.01;35.19;36.51;37.00;38.50;38.86;39.74;41.20;43.36;43.73;42.78;43.85;43.70;40.92;43.11;42.76;36.52;37.18;38.06;40.63;41.34;43.08;41.42;43.72;43.47;44.61;44.44;46.38;45.19;44.35;43.19;43.90;43.98;44.78;45.86;45.76;46.20;47.28;51.41;50.32;50.83;,HALAL,"Business activity permissible — debt ratio not verified, cross-check Musaffa/Zoya",
FWRD,TRANSPORTATION,TRANSPORTATION-SVCS/LOGISTICS,,,,27.06;28.47;27.02;27.42;27.88;29.42;28.16;30.23;29.72;26.81;27.60;27.82;26.43;25.77;25.43;24.61;21.94;22.04;16.57;16.05;15.74;15.47;16.21;17.06;15.74;17.23;17.39;18.40;19.14;19.04;20.87;23.11;22.75;23.44;22.41;21.06;16.22;18.36;9.87;9.19;9.40;8.50;8.43;8.80;10.38;10.58;10.20;10.35;11.50;12.25;13.33;13.77;13.62;13.08;14.29;14.43;14.09;12.99;12.18;13.38;12.79;13.55;13.20;16.07;,HALAL,"Business activity permissible — debt ratio not verified, cross-check Musaffa/Zoya",
MATX,TRANSPORTATION,TRANSPORTATION-SVCS/LOGISTICS,,,,144.04;159.63;158.21;158.30;159.63;164.57;159.50;161.59;162.45;161.86;167.14;167.42;166.66;168.23;170.90;167.05;152.69;156.45;148.95;151.03;155.78;154.77;162.82;162.92;157.05;164.59;166.77;172.15;170.93;170.94;174.29;176.68;170.45;171.98;175.17;174.09;170.50;183.37;182.72;179.01;182.25;184.25;188.62;181.84;184.26;181.30;187.06;187.29;192.22;193.43;201.94;196.01;191.24;195.76;196.37;194.49;203.92;204.53;204.73;204.77;210.95;223.55;218.41;215.90;,HALAL,"Business activity permissible — debt ratio not verified, cross-check Musaffa/Zoya",
ARCB,TRANSPORTATION,TRANSPORTATION-SVCS/LOGISTICS,,,,86.11;91.81;87.65;85.80;90.03;103.52;109.42;108.45;105.93;104.30;102.90;104.99;99.94;101.55;106.45;104.86;93.19;93.55;85.30;84.05;86.99;87.49;94.51;95.04;93.36;99.56;103.52;108.23;108.37;110.05;114.06;119.03;118.33;122.38;127.63;127.44;115.61;121.70;120.97;112.92;118.90;122.84;125.03;124.57;133.37;136.69;141.85;146.08;166.22;165.16;173.04;159.80;144.53;143.74;150.02;145.81;139.82;142.37;145.87;147.13;151.58;157.61;158.20;159.38;,HALAL,"Business activity permissible — debt ratio not verified, cross-check Musaffa/Zoya",
RXO,TRANSPORTATION,TRANSPORTATION-SVCS/LOGISTICS,,,,14.64;15.83;15.10;14.60;14.58;15.94;16.58;16.05;16.33;13.51;15.86;15.76;14.84;15.58;16.27;16.53;13.74;13.40;12.09;11.96;13.38;13.23;13.92;14.20;13.76;15.08;15.32;16.26;16.06;16.24;17.98;19.56;19.13;19.38;19.52;19.97;17.70;19.62;21.75;20.05;17.51;19.10;23.85;24.37;25.05;25.58;26.95;27.63;28.07;28.75;28.35;27.21;25.39;25.49;26.90;27.21;27.74;26.59;26.86;26.25;28.04;28.54;28.87;28.70;,HALAL,"Business activity permissible — debt ratio not verified, cross-check Musaffa/Zoya",
GXO,TRANSPORTATION,TRANSPORTATION-SVCS/LOGISTICS,,,,55.05;57.69;57.03;57.56;56.59;57.22;56.34;58.60;63.35;65.51;65.41;65.59;63.13;63.51;63.32;59.82;55.76;54.70;52.47;52.93;53.24;49.93;51.61;51.72;48.86;53.48;53.02;56.68;56.07;56.78;57.07;59.26;57.36;56.27;56.80;57.13;46.27;49.91;51.61;50.34;49.92;47.14;47.56;47.47;50.24;50.11;49.54;49.67;49.11;47.80;49.70;49.96;48.64;48.83;50.95;50.48;51.28;51.16;49.88;50.61;49.67;54.55;52.80;54.01;,HALAL,"Business activity permissible — debt ratio not verified, cross-check Musaffa/Zoya",
KEX,TRANSPORTATION,TRANSPORTATION-SHIPPING,,,,126.90;130.71;128.57;128.13;117.66;120.68;118.75;120.46;122.28;124.93;127.80;130.94;130.30;129.66;132.97;133.52;127.60;126.56;124.21;124.31;125.89;130.52;136.35;136.15;134.18;134.82;137.29;140.69;140.38;142.63;143.48;142.86;148.28;150.60;150.94;150.54;144.48;142.55;142.24;143.07;147.37;146.65;148.69;143.34;143.33;140.59;143.38;142.73;141.63;139.56;143.42;141.55;140.64;138.23;138.55;137.43;130.97;132.97;141.51;143.75;145.04;143.36;144.53;149.21;,HALAL,"Business activity permissible — debt ratio not verified, cross-check Musaffa/Zoya",
MATX,TRANSPORTATION,TRANSPORTATION-SHIPPING,,,,144.04;159.63;158.21;158.30;159.63;164.57;159.50;161.59;162.45;161.86;167.14;167.42;166.66;168.23;170.90;167.05;152.69;156.45;148.95;151.03;155.78;154.77;162.82;162.92;157.05;164.59;166.77;172.15;170.93;170.94;174.29;176.68;170.45;171.98;175.17;174.09;170.50;183.37;182.72;179.01;182.25;184.25;188.62;181.84;184.26;181.30;187.06;187.29;192.22;193.43;201.94;196.01;191.24;195.76;196.37;194.49;203.92;204.53;204.73;204.77;210.95;223.55;218.41;215.90;,HALAL,"Business activity permissible — debt ratio not verified, cross-check Musaffa/Zoya",
ZIM,TRANSPORTATION,TRANSPORTATION-SHIPPING,,,,20.83;21.34;22.21;22.48;21.31;21.05;19.67;20.53;20.45;21.48;28.08;28.31;28.13;27.92;27.89;27.91;26.90;27.98;26.31;25.85;26.25;25.88;26.46;26.25;25.88;25.95;26.30;26.45;26.39;26.39;26.95;26.56;26.41;25.93;26.05;26.44;26.07;27.84;26.61;25.75;25.68;25.64;25.16;25.24;25.14;23.49;25.21;25.45;25.56;25.33;26.23;24.46;24.34;25.43;25.80;25.91;25.23;23.71;24.60;23.97;24.40;24.51;24.31;25.01;,HALAL,"Business activity permissible — debt ratio not verified, cross-check Musaffa/Zoya",
DAC,TRANSPORTATION,TRANSPORTATION-SHIPPING,,,,97.14;98.61;99.13;100.74;101.18;100.24;98.26;100.74;103.95;105.68;105.63;107.57;110.02;114.94;116.64;111.65;108.40;111.23;107.44;109.17;112.33;110.15;114.49;110.80;108.27;112.57;115.03;115.60;113.42;116.77;117.13;116.06;116.02;115.75;119.46;118.74;121.64;128.97;132.76;130.99;131.07;130.25;130.98;129.03;126.62;124.33;127.89;129.03;128.44;127.69;130.38;128.65;125.06;126.60;123.50;121.90;122.31;124.46;126.56;127.49;128.68;129.61;126.87;132.19;,HALAL,"Business activity permissible — debt ratio not verified, cross-check Musaffa/Zoya",
GSL,TRANSPORTATION,TRANSPORTATION-SHIPPING,,,,34.18;35.17;35.37;36.35;36.38;36.24;34.46;36.15;36.62;36.97;37.82;39.02;38.58;39.79;40.47;39.61;38.22;39.03;36.85;37.24;37.78;37.22;38.85;37.51;35.41;37.07;38.34;38.32;37.73;38.21;38.62;37.95;37.64;37.95;39.05;39.78;39.14;40.97;41.64;41.15;40.75;40.68;40.81;38.02;36.74;36.43;37.57;37.92;37.84;38.13;40.07;38.78;37.89;39.04;38.09;37.74;37.78;38.99;39.84;40.06;41.24;41.63;41.10;42.06;,HALAL,"Business activity permissible — debt ratio not verified, cross-check Musaffa/Zoya",
GLNG,TRANSPORTATION,TRANSPORTATION-SHIPPING,,,,38.45;40.06;39.30;40.47;40.17;41.10;40.08;42.73;43.74;42.99;44.03;45.32;44.41;42.78;45.66;46.17;46.59;44.82;44.56;44.63;47.74;52.41;54.24;53.79;53.81;53.38;55.47;54.59;53.01;52.72;53.02;52.28;52.40;52.37;52.57;54.71;56.12;54.39;55.42;57.07;56.94;56.49;55.18;52.10;50.03;49.50;51.49;51.41;50.75;50.83;51.17;49.59;49.60;51.21;50.05;49.65;49.70;49.56;51.47;51.24;51.92;49.76;49.65;49.73;,HALAL,"Business activity permissible — debt ratio not verified, cross-check Musaffa/Zoya",
SBLK,TRANSPORTATION,TRANSPORTATION-SHIPPING,,,,20.40;20.73;20.93;21.89;22.18;21.83;21.48;22.50;23.16;23.00;23.88;24.39;24.43;24.18;25.98;24.76;22.86;23.37;21.74;21.81;22.38;21.92;22.96;22.09;21.59;23.21;23.66;24.18;23.77;24.13;24.08;24.38;24.37;23.78;24.19;24.67;24.83;26.40;26.34;26.84;26.19;25.87;26.20;25.91;26.83;26.75;26.90;26.65;26.23;26.08;27.15;26.63;25.81;26.98;25.33;24.64;24.81;26.12;26.46;26.35;26.56;26.02;26.09;26.77;,HALAL,"Business activity permissible — debt ratio not verified, cross-check Musaffa/Zoya",
SB,TRANSPORTATION,TRANSPORTATION-SHIPPING,,,,5.07;5.25;5.22;5.36;5.61;5.68;5.37;5.68;5.96;5.89;6.04;6.05;6.24;6.43;6.60;6.46;6.04;6.18;5.89;6.01;6.20;5.99;6.26;6.15;6.04;6.38;6.51;6.51;6.37;6.42;6.47;6.64;6.54;6.46;6.62;6.68;6.65;6.85;6.96;7.26;7.22;6.94;6.83;6.51;6.47;6.19;6.40;6.34;6.42;6.52;6.83;6.52;6.64;7.09;6.54;6.30;6.31;6.68;6.80;6.90;7.13;7.01;7.16;7.36;,HALAL,"Business activity permissible — debt ratio not verified, cross-check Musaffa/Zoya",
INSW,TRANSPORTATION,TRANSPORTATION-SHIPPING,,,,51.55;51.60;52.30;54.68;54.67;55.92;53.72;55.92;57.62;58.61;59.91;61.84;63.95;66.45;70.11;69.14;66.36;67.24;61.17;62.90;63.55;64.02;69.12;66.15;67.02;68.25;71.56;72.20;69.79;68.49;71.46;73.19;72.07;75.17;77.37;78.38;80.21;81.04;86.57;83.53;80.80;80.58;81.89;78.92;75.99;72.94;74.20;74.16;76.93;78.06;82.01;81.97;84.49;89.98;81.49;77.81;77.78;85.26;88.20;88.48;88.12;88.23;88.40;88.91;,HALAL,"Business activity permissible — debt ratio not verified, cross-check Musaffa/Zoya",
DHT,TRANSPORTATION,TRANSPORTATION-SHIPPING,,,,12.54;12.61;12.85;13.01;13.49;13.47;13.40;14.02;14.57;14.98;15.70;16.84;18.05;18.50;18.96;17.97;17.44;17.98;16.25;16.88;16.89;16.67;17.87;17.20;17.30;17.48;17.86;17.71;16.85;16.58;17.10;18.01;17.12;17.43;17.65;17.83;17.94;18.28;18.34;18.07;17.23;17.28;17.68;17.38;16.91;16.32;16.46;16.24;16.44;16.60;17.57;18.41;18.89;19.96;18.08;17.08;16.53;17.15;17.72;17.76;18.18;17.84;17.89;18.13;,HALAL,"Business activity permissible — debt ratio not verified, cross-check Musaffa/Zoya",
FRO,TRANSPORTATION,TRANSPORTATION-SHIPPING,,,,,HALAL,"Business activity permissible — debt ratio not verified, cross-check Musaffa/Zoya",
ODFL,TRANSPORTATION,TRANSPORTATION-TRUCKING,,,,169.55;177.78;173.53;172.26;172.74;189.27;201.60;195.59;193.94;192.70;193.29;200.85;196.18;197.84;207.20;215.92;193.72;194.77;176.02;182.21;182.34;183.69;184.80;187.69;189.51;199.38;201.92;207.27;208.09;210.14;213.30;223.10;219.70;219.70;221.49;212.16;191.94;200.37;198.08;190.88;198.56;203.87;209.56;210.20;219.17;224.86;228.79;245.52;247.01;235.95;245.75;231.62;221.04;217.58;220.12;219.69;217.96;216.44;218.25;227.63;228.61;237.15;231.76;232.80;,HALAL,"Business activity permissible — debt ratio not verified, cross-check Musaffa/Zoya",
SAIA,TRANSPORTATION,TRANSPORTATION-TRUCKING,,,,340.80;360.34;346.48;349.87;334.87;374.28;404.75;409.60;388.68;384.91;390.35;411.63;401.56;404.16;407.79;414.43;359.78;356.03;315.75;327.71;322.63;318.63;330.26;336.78;336.01;354.88;372.05;400.31;401.85;404.47;422.56;446.33;431.46;442.44;443.32;448.82;405.09;449.40;449.80;434.98;459.29;458.31;466.47;456.23;474.00;472.37;471.15;471.43;480.68;463.70;482.87;457.02;435.12;430.87;433.69;425.71;418.15;417.89;414.65;420.82;432.73;438.29;428.02;426.29;,HALAL,"Business activity permissible — debt ratio not verified, cross-check Musaffa/Zoya",
WERN,TRANSPORTATION,TRANSPORTATION-TRUCKING,,,,31.99;34.39;33.14;34.07;33.99;36.90;37.58;35.30;34.19;32.96;33.68;35.16;32.93;34.00;34.34;34.26;30.57;30.89;27.61;27.05;26.95;26.96;28.65;28.62;28.42;29.47;30.76;31.54;32.12;31.66;32.38;33.39;33.12;33.72;34.29;36.75;34.28;36.28;36.30;34.01;37.03;37.74;39.84;39.66;40.79;41.38;42.85;43.09;44.37;42.61;43.82;41.98;40.56;40.90;42.06;43.59;43.68;42.99;43.16;43.85;44.80;45.99;46.31;45.82;,HALAL,"Business activity permissible — debt ratio not verified, cross-check Musaffa/Zoya",
KNX,TRANSPORTATION,TRANSPORTATION-TRUCKING,,,,54.75;59.09;55.94;55.25;54.78;59.40;58.82;58.88;59.91;59.20;59.00;61.34;59.88;61.34;61.89;63.13;56.73;57.17;51.88;53.01;52.77;53.14;54.87;55.37;55.32;57.43;59.60;62.31;61.64;61.83;64.17;65.38;63.82;65.03;65.36;64.73;61.98;64.11;63.89;59.75;67.86;69.09;70.82;69.94;73.99;75.44;77.42;78.37;80.71;79.25;81.54;77.34;74.15;74.00;77.07;78.18;77.37;74.81;74.98;75.19;75.22;77.32;75.65;76.04;,HALAL,"Business activity permissible — debt ratio not verified, cross-check Musaffa/Zoya",
SNDR,TRANSPORTATION,TRANSPORTATION-TRUCKING,,,,28.59;30.28;29.72;30.00;26.66;29.14;29.72;29.35;29.52;28.53;28.57;29.11;27.25;27.88;27.97;28.06;25.47;25.65;23.59;23.83;23.76;23.69;25.20;25.66;25.55;26.43;27.21;28.40;28.22;28.10;28.62;29.93;29.76;30.20;30.77;31.01;29.88;30.82;30.67;28.86;33.12;32.29;33.51;33.31;34.90;35.25;36.29;37.00;38.66;36.96;38.44;37.02;35.68;35.36;36.20;36.84;36.40;35.72;35.95;36.40;36.93;38.49;37.47;38.27;,HALAL,"Business activity permissible — debt ratio not verified, cross-check Musaffa/Zoya",
USX,TRANSPORTATION,TRANSPORTATION-TRUCKING,,,,;;;;;;;;;;;;;;;;;;;;;;;;;;;;;;;;;;;;;;;;;;;;;;;24.85;23.65;22.89;23.86;24.38;24.33;23.53;23.42;23.96;24.26;24.53;24.09;24.64;24.43;24.30;23.73;24.08;,HALAL,"Business activity permissible — debt ratio not verified, cross-check Musaffa/Zoya",
MRTN,TRANSPORTATION,TRANSPORTATION-TRUCKING,,,,12.21;12.84;12.37;12.35;12.20;13.39;13.50;13.32;13.58;13.13;13.36;13.78;13.16;13.44;13.40;13.63;12.42;12.36;11.36;11.66;11.57;12.14;12.82;12.82;12.82;13.32;13.70;14.09;13.96;14.06;14.25;14.81;14.70;14.75;14.89;15.03;14.52;15.01;15.53;14.74;15.50;15.87;16.34;16.63;17.19;17.18;17.44;17.70;18.03;17.63;18.10;17.38;16.85;17.15;17.31;17.55;17.45;17.22;17.18;17.15;17.43;17.79;17.42;17.32;,HALAL,"Business activity permissible — debt ratio not verified, cross-check Musaffa/Zoya",
HTLD,TRANSPORTATION,TRANSPORTATION-TRUCKING,,,,10.15;10.67;10.32;10.02;10.06;11.04;11.43;11.56;11.78;11.24;11.62;11.72;10.81;11.05;11.07;11.22;10.12;10.00;9.47;9.50;9.48;9.62;10.18;10.34;10.14;10.50;10.67;11.18;11.00;10.99;11.31;11.76;11.56;13.01;13.55;13.36;12.48;13.08;13.20;12.32;13.12;13.42;14.01;14.33;14.69;14.97;15.50;15.73;16.16;15.76;16.09;15.34;14.42;14.64;15.28;15.46;15.16;14.90;14.89;14.80;15.04;15.30;15.08;15.24;,HALAL,"Business activity permissible — debt ratio not verified, cross-check Musaffa/Zoya",
DUK,UTILITY,UTILITY-DIVERSIFIED,,,,117.52;115.72;116.77;118.20;119.29;119.61;121.32;119.66;123.08;127.10;124.17;125.69;127.36;128.12;130.50;130.75;131.36;128.58;130.69;132.32;129.63;125.72;126.29;128.27;130.58;129.78;130.28;130.47;130.66;128.67;127.53;126.76;124.18;126.18;126.71;128.44;126.36;124.46;123.11;124.00;123.25;122.84;123.81;125.67;125.35;122.73;121.09;121.82;122.05;125.04;124.97;126.06;123.86;125.05;127.11;128.33;125.77;125.97;126.79;125.48;126.37;126.11;125.85;127.95;,HALAL,"Business activity permissible — debt ratio not verified, cross-check Musaffa/Zoya",
SO,UTILITY,UTILITY-DIVERSIFIED,,,,87.40;86.11;86.75;86.92;87.89;88.69;89.63;87.96;89.41;93.44;90.29;93.53;95.02;95.56;96.43;96.83;96.68;95.48;97.04;98.30;95.75;92.62;93.21;94.64;96.13;96.14;96.14;96.37;96.35;95.17;94.12;92.74;91.12;92.72;93.63;95.91;95.20;92.74;91.05;92.70;92.91;93.71;93.62;94.55;93.74;92.05;90.51;91.62;91.28;94.02;94.00;94.31;93.09;94.93;95.91;96.75;95.12;95.99;96.38;95.61;95.96;96.07;94.46;95.80;,HALAL,"Business activity permissible — debt ratio not verified, cross-check Musaffa/Zoya",
D,UTILITY,UTILITY-DIVERSIFIED,,,,59.85;58.71;59.01;59.47;58.95;60.18;61.25;61.09;63.33;65.16;63.40;64.62;62.44;62.06;62.42;61.95;62.61;62.11;62.22;62.79;61.58;58.79;59.67;60.30;61.23;61.43;61.60;62.57;63.59;63.08;61.86;61.60;60.35;61.96;62.27;63.86;62.33;61.03;61.28;62.30;62.35;66.89;67.06;67.00;66.53;66.94;66.47;66.50;65.52;66.77;67.91;68.50;68.41;68.45;69.51;69.18;67.79;69.26;69.86;70.08;71.30;71.69;70.36;71.09;,HALAL,"Business activity permissible — debt ratio not verified, cross-check Musaffa/Zoya",
AEP,UTILITY,UTILITY-DIVERSIFIED,,,,117.43;115.42;116.25;117.33;117.98;118.86;118.80;119.28;121.37;129.00;126.35;128.44;131.44;131.15;132.33;132.56;130.92;131.36;131.27;133.18;130.03;124.75;127.87;127.92;130.17;130.72;131.41;133.74;135.32;134.48;133.59;132.32;130.67;133.76;134.61;136.12;133.69;131.60;130.16;131.94;128.60;127.68;128.87;131.59;129.57;126.67;127.11;127.79;126.77;128.53;129.23;129.75;127.69;133.74;137.00;137.97;135.05;135.98;135.90;135.43;134.94;133.13;131.05;133.07;,HALAL,"Business activity permissible — debt ratio not verified, cross-check Musaffa/Zoya",
EXC,UTILITY,UTILITY-DIVERSIFIED,,,,44.15;43.81;43.76;43.97;43.99;43.23;43.28;43.19;43.66;47.62;46.40;46.94;47.73;47.93;48.71;48.79;48.90;48.55;49.02;49.82;48.79;46.01;46.85;47.95;48.65;48.42;48.48;48.71;48.12;48.21;47.15;45.97;45.43;46.48;46.60;45.56;46.18;44.60;43.50;44.56;43.99;43.56;44.45;45.80;45.76;45.21;44.58;44.63;44.80;45.61;46.21;46.59;45.81;46.62;46.75;47.15;46.26;47.05;47.28;46.80;46.92;46.79;45.96;46.70;,HALAL,"Business activity permissible — debt ratio not verified, cross-check Musaffa/Zoya",
XEL,UTILITY,UTILITY-DIVERSIFIED,,,,75.08;74.74;74.61;74.89;74.94;74.83;75.00;75.30;76.77;80.39;78.50;80.35;82.67;82.24;82.56;81.81;81.30;80.67;79.63;81.02;79.42;76.20;77.38;77.35;78.58;79.11;79.79;80.85;81.76;79.23;80.44;79.72;77.53;78.56;78.89;82.33;80.56;79.95;78.80;79.30;79.43;77.52;79.26;80.47;80.39;78.90;77.29;77.19;77.04;77.52;78.63;78.98;77.41;80.33;81.75;81.98;79.70;80.37;79.62;80.06;80.17;79.98;78.67;80.19;,HALAL,"Business activity permissible — debt ratio not verified, cross-check Musaffa/Zoya",
WEC,UTILITY,UTILITY-DIVERSIFIED,,,,107.23;107.52;107.86;108.19;108.81;110.38;110.06;109.45;111.23;114.81;112.75;113.37;114.92;114.81;115.63;116.55;114.79;113.53;114.07;116.90;114.87;111.23;112.12;113.05;114.35;115.18;115.74;116.28;116.54;115.51;115.44;114.16;112.42;113.63;114.80;116.94;115.45;112.97;110.71;111.62;111.64;109.55;110.65;113.41;113.14;111.05;110.23;111.23;111.25;114.01;113.44;114.67;112.17;114.14;117.07;118.44;116.22;116.63;116.24;114.96;115.05;114.49;112.55;113.46;,HALAL,"Business activity permissible — debt ratio not verified, cross-check Musaffa/Zoya",
ED,UTILITY,UTILITY-DIVERSIFIED,,,,103.37;101.53;102.91;103.49;104.92;105.73;107.12;104.97;108.11;111.90;110.68;108.90;110.09;109.84;111.13;111.56;111.35;110.38;112.19;114.50;112.59;108.54;108.97;110.59;112.45;112.96;113.66;112.63;112.62;110.73;109.60;108.76;107.23;108.15;108.71;110.56;108.72;105.98;105.43;106.01;107.13;106.51;106.30;108.54;108.01;105.63;103.79;104.08;104.31;107.60;107.74;108.37;106.36;108.75;110.76;112.29;110.95;111.94;112.09;111.12;111.96;112.39;111.05;112.09;,HALAL,"Business activity permissible — debt ratio not verified, cross-check Musaffa/Zoya",
ETR,UTILITY,UTILITY-DIVERSIFIED,,,,93.62;92.42;93.84;95.33;94.75;96.19;95.73;97.62;99.66;104.50;101.83;103.46;104.63;105.16;106.05;105.91;104.13;104.19;103.95;105.59;103.69;99.36;101.96;102.30;110.46;112.96;113.95;113.99;115.84;114.94;114.88;113.04;109.87;113.02;112.55;117.27;116.40;112.96;111.59;112.93;112.90;109.58;111.93;112.40;111.51;109.05;107.60;109.28;108.11;110.48;111.11;112.39;111.11;113.81;115.38;116.33;112.86;113.83;114.34;115.05;115.41;114.87;111.91;114.88;,HALAL,"Business activity permissible — debt ratio not verified, cross-check Musaffa/Zoya",
ES,UTILITY,UTILITY-DIVERSIFIED,,,,69.23;68.90;68.78;68.36;67.60;67.03;66.24;66.14;68.67;71.74;70.14;71.94;73.47;73.39;72.78;73.66;73.57;72.75;72.35;72.34;71.89;65.89;66.68;67.16;67.61;68.83;68.63;69.13;69.15;68.20;68.37;67.71;66.26;67.83;67.78;69.87;68.63;67.72;65.73;67.92;68.00;68.08;69.05;70.00;69.62;68.27;68.51;69.88;68.09;69.18;68.69;69.79;69.59;71.03;72.08;73.77;72.20;73.23;73.80;74.82;74.64;75.04;74.05;74.46;,HALAL,"Business activity permissible — debt ratio not verified, cross-check Musaffa/Zoya",
PEG,UTILITY,UTILITY-DIVERSIFIED,,,,78.06;78.09;77.74;80.10;81.00;80.21;78.47;79.84;82.76;84.94;82.97;84.16;84.82;84.43;83.10;82.52;81.97;82.55;81.76;84.15;83.48;78.76;79.50;79.81;80.69;80.53;80.35;81.99;82.41;81.34;81.33;80.04;77.83;80.04;79.96;80.96;79.76;78.67;76.47;77.94;77.08;76.18;77.39;78.82;79.13;77.97;77.65;77.41;77.07;78.59;79.70;80.88;79.89;81.39;82.63;82.43;80.27;80.79;81.26;80.55;80.50;79.53;77.83;79.58;,HALAL,"Business activity permissible — debt ratio not verified, cross-check Musaffa/Zoya",
DTE,UTILITY,UTILITY-DIVERSIFIED,,,,133.49;133.08;133.41;134.43;132.28;133.55;134.01;132.93;137.53;142.68;140.39;142.73;143.81;144.30;145.34;147.76;147.78;145.45;145.33;148.08;145.85;140.45;142.19;143.25;144.91;145.96;146.50;147.61;148.50;146.57;145.81;144.72;142.44;145.72;147.41;150.49;145.57;141.32;139.49;141.45;142.66;140.23;141.64;144.15;144.12;141.74;141.52;141.60;141.98;144.92;146.26;147.67;146.39;149.19;152.81;154.02;150.57;151.36;151.39;150.27;149.07;148.91;145.95;148.55;,HALAL,"Business activity permissible — debt ratio not verified, cross-check Musaffa/Zoya",
NEE,UTILITY,UTILITY-ELECTRIC POWER,,,,82.34;83.88;84.27;86.34;86.67;87.58;87.96;88.23;90.08;92.49;89.94;90.89;94.34;90.70;92.04;91.93;90.36;90.87;91.06;92.15;90.30;88.85;90.95;90.50;91.38;92.17;92.06;93.49;93.40;90.65;91.16;91.34;89.35;94.59;95.81;97.17;94.82;94.70;92.42;93.90;94.98;88.39;87.63;87.91;87.01;86.38;85.06;85.06;84.01;85.12;85.99;86.23;86.75;86.43;87.70;88.66;86.37;87.44;87.44;87.96;89.54;89.35;88.00;89.41;,HALAL,"Business activity permissible — debt ratio not verified, cross-check Musaffa/Zoya",
SRE,UTILITY,UTILITY-ELECTRIC POWER,,,,87.19;84.55;85.49;85.57;85.79;85.78;85.45;86.26;89.91;93.46;90.45;92.24;92.66;93.87;94.33;94.06;91.34;91.67;91.89;94.60;93.71;91.07;94.33;94.86;95.89;96.72;97.31;98.18;98.12;95.48;95.11;92.72;91.72;92.54;92.24;94.45;93.71;93.01;90.88;92.75;92.20;89.59;90.81;92.14;90.61;88.50;88.91;89.70;88.37;90.38;91.64;91.12;90.05;91.64;93.43;93.91;91.37;92.95;95.33;94.20;93.36;93.15;90.69;93.05;,HALAL,"Business activity permissible — debt ratio not verified, cross-check Musaffa/Zoya",
PCG,UTILITY,UTILITY-ELECTRIC POWER,,,,15.16;15.01;15.10;14.84;15.33;15.25;16.19;16.26;17.00;18.06;17.78;18.25;18.55;18.77;19.00;18.77;18.08;18.12;17.97;18.34;18.07;17.22;17.24;17.27;17.38;17.70;17.62;18.34;18.49;17.51;17.32;17.30;16.83;16.56;16.21;16.57;16.16;16.15;16.02;16.76;16.76;15.80;16.26;16.44;16.48;16.29;16.52;16.77;16.43;16.67;16.90;16.69;16.43;16.72;17.03;17.19;16.57;16.82;17.05;17.17;17.44;17.53;17.43;18.11;,HALAL,"Business activity permissible — debt ratio not verified, cross-check Musaffa/Zoya",
AEE,UTILITY,UTILITY-ELECTRIC POWER,,,,102.31;101.49;101.84;102.16;101.87;102.59;103.37;102.83;104.57;109.45;106.83;108.54;109.75;110.50;111.35;111.78;109.99;109.62;109.23;112.07;109.97;105.32;106.94;107.81;108.91;110.01;110.66;112.07;112.66;111.08;111.49;110.49;108.48;110.34;111.41;112.85;111.60;108.82;108.31;108.72;108.83;106.63;107.93;110.51;110.34;107.21;106.03;106.24;106.40;108.77;109.00;110.48;108.67;111.70;114.53;114.59;112.19;112.99;113.19;112.94;112.95;113.10;110.42;112.01;,HALAL,"Business activity permissible — debt ratio not verified, cross-check Musaffa/Zoya",
CMS,UTILITY,UTILITY-ELECTRIC POWER,,,,70.27;69.90;70.45;70.72;70.41;70.72;71.76;71.72;73.40;75.58;74.53;75.28;76.19;76.46;77.48;77.52;76.57;75.84;76.19;77.67;76.88;73.85;74.76;75.74;76.61;77.32;77.73;78.21;78.77;78.21;77.51;76.45;74.40;75.68;75.33;76.15;75.11;73.48;72.61;73.31;73.26;72.13;72.95;74.53;74.22;72.57;71.85;70.36;70.91;73.46;73.57;74.03;73.38;75.33;77.10;77.93;75.92;76.29;76.19;75.40;75.08;74.39;72.88;73.98;,HALAL,"Business activity permissible — debt ratio not verified, cross-check Musaffa/Zoya",
PPL,UTILITY,UTILITY-ELECTRIC POWER,,,,36.34;36.07;35.94;36.14;35.69;34.96;35.12;35.13;35.45;37.24;36.24;36.87;37.53;38.01;38.14;38.00;37.96;37.54;37.77;38.43;37.75;36.26;36.76;37.24;37.72;38.06;38.41;38.84;39.33;39.29;39.03;38.42;37.48;38.44;38.68;37.14;37.50;36.59;35.62;36.06;35.49;34.65;35.16;36.03;35.55;35.11;34.55;34.88;35.07;35.58;35.85;36.38;35.38;36.29;37.00;36.74;35.62;36.11;35.99;35.78;36.10;36.38;35.43;36.10;,HALAL,"Business activity permissible — debt ratio not verified, cross-check Musaffa/Zoya",
EIX,UTILITY,UTILITY-ELECTRIC POWER,,,,58.50;59.31;60.19;60.79;60.82;60.03;62.21;62.29;65.48;69.78;68.06;72.01;73.47;72.62;72.67;72.15;70.07;69.41;69.29;71.25;70.95;68.11;69.60;69.11;70.15;71.85;71.86;73.48;74.83;71.52;70.76;69.75;68.57;68.05;67.14;68.67;68.19;67.99;68.14;70.43;69.90;67.64;68.92;70.34;70.82;69.12;70.09;70.97;70.01;70.66;72.09;71.21;71.05;72.08;73.87;74.57;72.64;73.96;74.78;75.20;76.58;78.05;77.25;80.38;,HALAL,"Business activity permissible — debt ratio not verified, cross-check Musaffa/Zoya",
FE,UTILITY,UTILITY-ELECTRIC POWER,,,,46.33;46.13;45.85;46.48;46.41;45.97;46.07;46.34;47.44;49.59;48.44;49.69;50.12;50.12;50.46;50.28;50.32;50.14;50.30;51.23;50.14;48.04;48.66;49.52;49.91;50.44;50.50;50.88;50.90;50.52;50.06;48.95;47.94;48.91;49.07;47.03;46.30;45.08;44.33;44.71;44.50;44.32;45.44;46.31;46.78;46.39;45.32;45.64;45.71;46.43;47.03;47.70;46.45;47.45;48.01;48.06;47.07;47.71;48.10;47.92;49.23;49.11;48.54;49.33;,HALAL,"Business activity permissible — debt ratio not verified, cross-check Musaffa/Zoya",
CNP,UTILITY,UTILITY-ELECTRIC POWER,,,,38.87;38.45;38.99;39.36;39.26;39.75;39.78;39.81;40.60;42.06;41.47;42.77;42.57;42.78;43.10;43.78;43.37;42.92;43.16;43.90;42.99;41.79;41.65;42.10;42.76;43.01;43.35;43.44;43.15;42.67;42.97;42.47;41.89;42.24;42.90;43.41;43.08;42.10;41.49;41.90;42.31;41.49;42.01;42.83;43.07;42.26;41.73;41.85;41.85;42.74;42.90;43.35;42.82;43.50;44.22;44.79;43.73;44.00;44.05;43.54;43.76;43.34;42.99;43.68;,HALAL,"Business activity permissible — debt ratio not verified, cross-check Musaffa/Zoya",
EVRG,UTILITY,UTILITY-ELECTRIC POWER,,,,74.87;74.96;75.32;75.38;75.46;76.51;76.28;75.87;77.99;81.32;79.07;78.93;81.13;81.61;82.62;82.92;81.98;81.25;81.06;82.55;80.86;78.05;79.27;79.73;80.91;81.60;81.96;82.75;82.89;81.24;81.32;80.99;78.98;80.56;81.24;82.15;81.40;80.32;81.10;82.61;82.04;81.28;82.47;83.94;84.17;82.04;81.35;81.89;81.69;82.83;83.85;83.97;82.50;84.84;86.66;87.01;86.19;86.27;85.91;85.71;86.45;86.56;85.16;86.56;,HALAL,"Business activity permissible — debt ratio not verified, cross-check Musaffa/Zoya",
LNT,UTILITY,UTILITY-ELECTRIC POWER,,,,66.24;65.84;65.98;65.24;65.42;66.04;66.33;66.40;67.72;70.66;69.01;70.48;71.10;70.92;71.79;71.76;71.02;70.51;71.04;72.49;71.23;68.20;69.14;69.74;70.96;71.41;71.91;72.45;72.56;71.76;72.23;71.86;70.43;71.77;71.92;73.43;73.68;72.31;71.76;72.59;72.45;72.09;72.50;73.95;73.75;71.61;70.96;71.39;71.71;73.00;73.11;73.84;73.00;74.57;76.19;77.18;75.79;76.58;76.37;76.40;76.31;75.75;73.96;74.02;,HALAL,"Business activity permissible — debt ratio not verified, cross-check Musaffa/Zoya",
PNW,UTILITY,UTILITY-ELECTRIC POWER,,,,91.24;90.72;91.23;91.95;91.84;92.81;93.76;92.29;95.18;98.52;96.69;97.48;99.17;98.67;99.65;102.08;101.54;100.07;100.59;102.17;100.03;96.42;97.06;97.69;99.67;100.64;101.57;102.21;102.68;101.79;103.25;102.05;99.91;101.40;102.21;102.81;101.82;100.17;99.25;99.83;99.77;99.76;101.93;102.94;102.80;99.74;98.82;100.48;101.29;103.10;103.44;103.85;102.32;104.05;107.28;107.86;106.30;106.91;107.82;108.12;109.00;109.29;106.30;106.30;,HALAL,"Business activity permissible — debt ratio not verified, cross-check Musaffa/Zoya",
OGE,UTILITY,UTILITY-ELECTRIC POWER,,,,42.95;42.44;42.52;42.76;42.93;42.56;43.22;43.54;44.46;46.17;45.69;46.53;47.56;47.74;48.40;48.05;47.37;46.77;47.04;47.56;46.96;45.34;46.21;46.85;47.06;47.43;48.19;48.90;49.02;48.42;48.20;46.89;45.64;46.70;47.18;48.38;47.43;47.32;46.94;47.23;47.10;46.90;47.49;48.12;47.77;46.82;46.21;46.57;46.22;47.23;47.39;47.46;46.89;47.95;48.53;48.80;47.86;48.26;48.51;48.65;49.50;49.32;48.56;49.30;,HALAL,"Business activity permissible — debt ratio not verified, cross-check Musaffa/Zoya",
IDA,UTILITY,UTILITY-ELECTRIC POWER,,,,131.40;132.02;130.80;130.69;131.13;132.31;134.59;134.40;136.87;143.39;140.89;139.05;142.40;142.99;142.38;143.56;141.78;139.74;140.15;141.82;138.99;134.67;137.04;138.74;141.27;142.95;143.80;145.43;146.64;144.37;147.19;144.83;142.65;145.18;144.75;146.85;145.73;144.08;144.00;143.72;142.49;140.71;141.55;142.00;143.74;140.27;136.44;138.61;138.07;141.65;142.98;143.13;142.37;145.21;149.61;152.18;150.12;151.09;149.19;150.65;151.59;151.11;147.03;148.74;,HALAL,"Business activity permissible — debt ratio not verified, cross-check Musaffa/Zoya",
POR,UTILITY,UTILITY-ELECTRIC POWER,,,,48.71;48.90;48.65;48.89;49.21;49.85;49.86;49.54;50.63;52.88;49.92;51.35;52.35;52.35;52.86;53.04;52.26;50.92;51.65;52.52;51.33;49.91;50.95;51.15;52.06;52.54;52.59;53.16;53.13;52.14;52.07;50.66;49.81;50.44;51.03;51.38;48.49;48.30;48.00;47.89;47.73;47.78;49.18;49.29;50.61;49.59;48.97;49.14;49.45;50.18;50.18;50.25;49.65;50.47;51.60;52.20;51.46;52.00;52.24;52.78;53.08;52.82;52.51;52.92;,HALAL,"Business activity permissible — debt ratio not verified, cross-check Musaffa/Zoya",
AVA,UTILITY,UTILITY-ELECTRIC POWER,,,,,HALAL,"Business activity permissible — debt ratio not verified, cross-check Musaffa/Zoya",
PNM,UTILITY,UTILITY-ELECTRIC POWER,,,,,HALAL,"Business activity permissible — debt ratio not verified, cross-check Musaffa/Zoya",
ALE,UTILITY,UTILITY-ELECTRIC POWER,,,,,HALAL,"Business activity permissible — debt ratio not verified, cross-check Musaffa/Zoya",
BKH,UTILITY,UTILITY-ELECTRIC POWER,,,,71.15;71.02;71.31;70.80;71.60;72.64;73.04;70.13;71.24;72.65;72.38;72.66;73.02;73.13;72.80;75.04;72.82;70.55;69.98;71.03;70.66;67.20;67.90;67.82;68.47;69.23;70.59;73.12;73.10;75.88;76.10;74.89;71.85;73.47;74.53;74.58;74.21;73.22;74.52;73.60;73.75;73.98;73.84;74.29;74.50;72.82;72.05;71.90;72.19;71.94;73.50;73.51;72.75;73.84;74.31;75.25;73.64;72.16;72.90;75.21;75.54;75.81;74.48;74.98;,HALAL,"Business activity permissible — debt ratio not verified, cross-check Musaffa/Zoya",
ATO,UTILITY,UTILITY-GAS DISTRIBUTION,,,,166.13;163.56;166.63;164.15;164.49;166.93;169.59;169.55;174.01;177.26;176.14;178.96;181.00;182.60;186.02;185.72;184.00;182.41;185.74;186.76;184.21;179.47;180.55;182.15;183.98;184.45;186.75;188.59;189.29;187.10;186.92;185.18;181.46;184.41;186.08;188.91;186.71;183.72;179.85;180.92;179.85;177.52;175.01;176.81;176.24;169.13;168.75;167.96;167.89;169.27;169.96;169.63;170.11;171.09;173.67;174.84;173.03;173.83;177.09;176.20;178.45;178.04;177.33;178.47;,HALAL,"Business activity permissible — debt ratio not verified, cross-check Musaffa/Zoya",
NJR,UTILITY,UTILITY-GAS DISTRIBUTION,,,,47.20;47.49;47.74;47.86;48.62;50.91;51.86;50.86;51.93;53.29;51.80;52.33;52.72;52.63;53.55;54.27;53.59;53.37;53.85;54.43;52.82;52.40;53.74;54.20;54.96;54.51;55.36;56.59;56.47;55.61;55.50;55.11;54.69;55.34;55.72;55.82;55.61;54.39;55.07;56.47;57.30;57.12;56.90;56.77;56.27;54.77;53.59;54.14;53.97;55.33;55.09;54.75;55.11;56.21;56.70;56.93;56.20;56.26;57.60;58.37;58.76;59.29;58.56;58.88;,HALAL,"Business activity permissible — debt ratio not verified, cross-check Musaffa/Zoya",
OGS,UTILITY,UTILITY-GAS DISTRIBUTION,,,,77.31;76.24;77.72;76.75;78.28;79.21;81.41;80.45;82.02;84.65;82.63;84.81;84.69;85.83;86.65;86.98;86.33;85.52;86.17;86.27;85.14;83.18;84.86;85.08;85.46;85.85;87.82;89.09;89.26;88.20;88.94;87.95;85.72;87.36;87.35;88.48;88.09;85.29;84.21;84.08;83.59;83.24;82.80;82.50;81.35;77.74;77.47;77.30;76.18;76.94;77.78;76.97;76.76;77.99;78.63;78.68;76.30;75.65;78.23;79.17;79.15;79.79;79.45;80.27;,HALAL,"Business activity permissible — debt ratio not verified, cross-check Musaffa/Zoya",
SR,UTILITY,UTILITY-GAS DISTRIBUTION,,,,81.98;82.43;82.44;82.36;82.86;83.27;83.63;83.93;86.35;90.07;87.38;88.80;88.79;89.05;89.90;90.21;89.94;89.25;90.28;91.16;90.45;87.53;89.45;90.15;90.46;90.02;91.33;92.93;93.41;91.66;92.58;90.60;88.00;89.94;89.94;90.24;89.43;85.32;84.82;85.69;85.23;85.33;85.82;86.10;84.77;81.41;81.24;80.27;79.55;79.43;79.10;78.38;77.05;78.39;79.29;79.28;78.00;78.46;79.85;80.73;81.39;81.95;81.19;82.08;,HALAL,"Business activity permissible — debt ratio not verified, cross-check Musaffa/Zoya",
SWX,UTILITY,UTILITY-GAS DISTRIBUTION,,,,83.62;82.71;82.27;80.78;81.64;81.76;81.81;81.69;84.75;86.73;86.02;86.97;87.37;87.77;87.86;88.95;86.99;86.38;86.69;87.64;85.66;82.98;85.73;85.95;86.68;86.88;88.42;90.27;92.51;90.72;90.70;89.24;87.76;89.81;91.05;93.37;92.40;90.17;89.30;89.22;88.90;88.94;89.66;89.91;88.64;86.21;86.04;87.17;88.40;88.78;89.01;88.07;88.48;89.05;89.05;89.63;88.51;88.66;91.09;91.18;92.38;92.95;91.73;92.86;,HALAL,"Business activity permissible — debt ratio not verified, cross-check Musaffa/Zoya",
CPK,UTILITY,UTILITY-GAS DISTRIBUTION,,,,122.39;124.90;125.23;124.45;127.24;127.21;130.52;127.55;128.91;134.09;129.31;132.89;133.54;133.12;135.68;136.12;130.77;127.60;127.78;129.65;126.62;122.82;123.76;123.64;125.41;126.95;127.36;130.42;130.82;128.56;126.68;125.85;123.90;126.88;126.71;125.37;125.73;125.08;125.67;125.40;126.81;126.08;126.19;125.77;125.10;122.59;121.56;120.57;121.49;123.78;122.82;122.15;120.60;121.54;122.75;123.97;122.76;122.02;125.26;128.87;131.13;133.81;133.00;135.23;,HALAL,"Business activity permissible — debt ratio not verified, cross-check Musaffa/Zoya",
NWN,UTILITY,UTILITY-GAS DISTRIBUTION,,,,45.81;45.87;45.62;45.31;46.13;47.26;48.13;47.22;48.40;49.88;48.64;49.64;49.65;49.80;52.10;52.04;51.62;51.14;51.46;52.18;52.13;50.94;51.77;52.37;53.12;53.20;54.04;54.55;55.08;54.07;54.02;52.85;51.70;52.86;52.87;53.00;52.85;48.66;50.44;50.16;49.91;49.55;49.92;49.93;50.28;48.49;48.61;48.89;48.93;50.00;49.86;49.38;49.02;49.91;50.50;49.98;48.73;48.65;49.66;50.40;50.56;51.51;50.96;51.56;,HALAL,"Business activity permissible — debt ratio not verified, cross-check Musaffa/Zoya",
SJI,UTILITY,UTILITY-GAS DISTRIBUTION,,,,,HALAL,"Business activity permissible — debt ratio not verified, cross-check Musaffa/Zoya",
NFG,UTILITY,UTILITY-GAS DISTRIBUTION,,,,79.85;80.54;81.87;82.04;82.69;82.37;83.59;83.91;83.98;86.23;85.17;87.90;86.46;87.90;91.49;92.35;91.75;90.02;92.55;93.41;91.23;90.54;93.58;93.48;93.79;92.21;93.73;94.90;93.29;89.37;88.52;86.06;86.34;87.56;88.59;83.78;82.43;80.93;78.96;79.83;80.93;82.35;81.65;80.35;77.75;76.70;75.90;76.76;75.81;76.59;77.00;76.24;75.35;76.53;75.97;78.03;77.50;78.23;79.01;79.10;79.86;81.64;81.16;82.86;,HALAL,"Business activity permissible — debt ratio not verified, cross-check Musaffa/Zoya",
UGI,UTILITY,UTILITY-GAS DISTRIBUTION,,,,36.39;37.71;38.97;39.79;39.28;39.18;37.05;36.57;37.33;37.96;37.30;37.50;36.67;36.65;36.78;35.91;35.99;35.51;36.07;35.93;35.94;34.97;36.15;36.24;36.30;35.68;35.91;37.39;37.53;36.83;36.75;36.43;35.76;36.52;37.37;35.70;34.53;34.69;31.97;32.65;33.66;34.17;34.73;35.27;34.80;34.55;33.84;33.99;34.33;34.42;34.65;34.26;33.81;34.72;35.16;34.89;34.36;34.92;35.59;35.84;36.30;36.85;36.73;36.83;,HALAL,"Business activity permissible — debt ratio not verified, cross-check Musaffa/Zoya",
AWK,UTILITY,UTILITY-WATER SUPPLY,,,,129.61;129.75;128.94;125.30;127.35;124.15;123.95;121.25;122.81;132.55;130.23;128.45;133.13;133.37;134.48;135.44;136.51;131.90;137.27;138.13;135.78;134.83;132.63;136.53;137.83;135.82;136.93;135.39;136.25;132.44;129.77;132.30;130.20;131.48;131.73;127.51;125.95;124.79;124.16;127.65;125.98;124.83;122.36;125.20;123.78;123.27;123.68;122.25;122.49;126.46;126.31;128.47;125.07;126.60;130.00;132.50;131.79;133.09;131.88;130.69;131.57;134.33;133.65;133.83;,HALAL,"Business activity permissible — debt ratio not verified, cross-check Musaffa/Zoya",
AWR,UTILITY,UTILITY-WATER SUPPLY,,,,73.86;73.62;72.48;71.25;71.97;70.64;70.86;69.15;70.00;73.88;72.41;71.95;73.44;73.27;74.29;76.64;74.79;73.01;73.94;74.80;72.30;71.92;72.77;74.46;76.21;75.67;76.28;76.58;78.94;75.36;75.01;78.20;77.87;78.88;78.93;74.79;75.56;75.34;76.69;77.17;76.89;75.92;75.96;76.64;76.82;77.27;77.28;77.02;76.89;78.52;77.77;77.85;77.11;79.03;80.68;82.79;83.34;83.14;83.58;84.51;85.01;87.93;88.40;87.03;,HALAL,"Business activity permissible — debt ratio not verified, cross-check Musaffa/Zoya",
WTRG,UTILITY,UTILITY-WATER SUPPLY,,,,38.60;38.88;38.60;37.41;38.08;37.20;37.00;36.53;37.10;39.37;38.60;38.33;39.40;39.42;39.78;39.87;39.98;39.15;40.69;40.67;40.30;39.57;39.34;40.42;40.68;40.27;40.52;39.95;40.29;39.11;38.37;39.43;38.60;39.16;39.27;37.85;37.60;37.20;37.13;37.98;37.51;37.24;36.54;37.44;37.08;36.89;37.04;36.75;36.65;37.57;37.51;37.91;36.70;37.29;37.93;38.43;38.03;38.66;38.76;38.58;38.59;39.47;39.39;39.40;,HALAL,"Business activity permissible — debt ratio not verified, cross-check Musaffa/Zoya",
CWT,UTILITY,UTILITY-WATER SUPPLY,,,,44.01;44.33;43.83;42.96;44.02;43.78;44.44;43.65;43.81;46.20;45.41;45.40;46.01;44.25;45.04;46.63;45.24;43.61;44.03;44.68;42.94;43.57;43.93;44.73;45.70;45.16;45.32;45.42;46.58;44.78;44.46;46.49;46.15;46.02;46.17;41.91;42.72;42.70;43.14;43.44;43.45;42.82;43.34;43.95;44.06;45.10;45.34;45.24;45.13;46.07;45.57;45.45;45.20;46.28;47.55;48.91;49.04;49.47;49.35;49.71;50.01;51.34;51.38;51.03;,HALAL,"Business activity permissible — debt ratio not verified, cross-check Musaffa/Zoya",
SJW,UTILITY,UTILITY-WATER SUPPLY,,,,,HALAL,"Business activity permissible — debt ratio not verified, cross-check Musaffa/Zoya",
MSEX,UTILITY,UTILITY-WATER SUPPLY,,,,52.48;52.76;51.63;50.93;51.68;50.65;51.72;50.31;51.02;54.65;53.70;53.75;54.10;53.32;54.17;55.07;53.73;51.73;51.58;51.65;49.95;49.82;50.82;51.67;52.37;52.32;52.43;53.28;55.46;51.50;50.28;53.35;53.11;53.13;53.07;50.53;50.91;50.80;51.20;51.57;51.56;51.07;51.26;52.11;52.66;52.53;52.71;52.38;52.62;53.72;52.95;52.48;52.06;52.86;54.58;56.03;56.57;56.63;54.84;55.01;55.37;56.98;56.79;56.58;,HALAL,"Business activity permissible — debt ratio not verified, cross-check Musaffa/Zoya",
YORW,UTILITY,UTILITY-WATER SUPPLY,,,,32.96;33.45;32.77;32.19;33.10;32.73;32.07;31.62;31.75;33.00;32.32;32.26;32.47;32.52;32.85;33.06;32.46;31.50;31.07;31.32;29.93;29.65;29.98;30.24;30.63;30.74;30.92;31.37;32.04;31.22;29.94;30.03;29.36;29.33;29.52;28.81;28.92;28.80;29.40;29.36;29.09;29.07;29.26;29.65;29.71;29.68;29.71;29.38;29.47;30.05;29.74;29.62;29.31;29.99;30.12;30.60;30.92;30.79;30.00;30.60;31.00;31.31;31.26;31.06;,HALAL,"Business activity permissible — debt ratio not verified, cross-check Musaffa/Zoya",
ARTNA,UTILITY,UTILITY-WATER SUPPLY,,,,32.18;33.13;32.36;32.31;32.72;32.65;32.70;32.41;32.46;33.40;32.88;33.01;33.43;33.71;33.44;33.96;33.39;32.22;32.07;31.61;30.56;30.20;31.13;31.85;32.17;31.99;31.73;32.03;32.93;32.32;32.07;32.26;31.53;31.75;31.29;31.00;30.98;31.58;31.72;32.51;31.79;31.78;31.97;32.44;32.38;32.52;32.59;32.43;32.52;33.06;32.77;32.74;32.28;32.68;33.19;34.02;33.94;34.17;34.05;33.98;34.42;33.94;34.03;33.91;,HALAL,"Business activity permissible — debt ratio not verified, cross-check Musaffa/Zoya",
GWRS,UTILITY,UTILITY-WATER SUPPLY,,,,8.51;8.61;8.53;8.40;8.50;8.51;8.61;8.77;8.93;9.03;8.67;8.77;8.83;8.94;8.96;8.94;8.01;7.52;7.04;7.41;7.41;7.38;7.28;7.29;7.45;7.55;7.56;7.45;7.71;7.59;7.56;7.54;7.25;7.37;7.33;7.04;6.99;6.94;7.00;6.90;6.89;6.79;6.92;7.17;7.44;7.24;7.05;7.26;7.00;7.01;6.98;6.86;7.07;7.03;7.01;7.23;7.24;7.01;6.93;6.99;7.05;7.34;7.03;7.16;,HALAL,"Business activity permissible — debt ratio not verified, cross-check Musaffa/Zoya",
